"COUNTRY.UN_CODE","SPECIES.ALPHA_3_CODE","DIVISION.CODE","PERIOD","VALUE","STATUS","MEASURE"
"048","CNS","51.2.0",2004,93,"A","Q_tlw"
"048","CNS","51.2.0",2005,15,"A","Q_tlw"
"048","CNS","51.2.0",2006,71,"A","Q_tlw"
"048","CNS","51.2.0",2007,196,"A","Q_tlw"
"048","CNS","51.2.0",2008,263,"A","Q_tlw"
"048","CNS","51.2.0",2009,216,"A","Q_tlw"
"048","CNS","51.2.0",2010,205,"A","Q_tlw"
"048","CNS","51.2.0",2011,221,"A","Q_tlw"
"048","CNS","51.2.0",2012,289,"A","Q_tlw"
"048","CNS","51.2.0",2013,364,"A","Q_tlw"
"048","CNS","51.2.0",2014,300,"A","Q_tlw"
"048","CNS","51.2.0",2015,304.655,"I","Q_tlw"
"048","CNS","51.2.0",2016,246.752,"I","Q_tlw"
"048","CNS","51.2.0",2017,342.5,"I","Q_tlw"
"048","CNS","51.2.0",2018,323.976,"I","Q_tlw"
"048","CNS","51.2.0",2019,340.23,"I","Q_tlw"
"048","CNS","51.2.0",2020,280.094,"I","Q_tlw"
"048","CNS","51.2.0",2021,161.978,"I","Q_tlw"
"048","CNS","51.2.0",2022,235.144,"I","Q_tlw"
"048","CNS","51.2.0",2023,230,"I","Q_tlw"
"048","MIL","51.2.0",2004,0,"N","Q_tlw"
"048","MIL","51.2.0",2005,0,"N","Q_tlw"
"048","MIL","51.2.0",2006,5,"A","Q_tlw"
"048","MIL","51.2.0",2007,3,"A","Q_tlw"
"048","MIL","51.2.0",2008,35,"A","Q_tlw"
"048","MIL","51.2.0",2009,9,"A","Q_tlw"
"048","MIL","51.2.0",2010,7,"A","Q_tlw"
"048","MIL","51.2.0",2011,3,"A","Q_tlw"
"048","MIL","51.2.0",2012,9,"A","Q_tlw"
"048","MIL","51.2.0",2013,46,"A","Q_tlw"
"048","MIL","51.2.0",2014,17,"A","Q_tlw"
"048","MIL","51.2.0",2015,17.264,"I","Q_tlw"
"048","MIL","51.2.0",2016,13.983,"I","Q_tlw"
"048","MIL","51.2.0",2017,19.408,"I","Q_tlw"
"048","MIL","51.2.0",2018,18.359,"I","Q_tlw"
"048","MIL","51.2.0",2019,19.28,"I","Q_tlw"
"048","MIL","51.2.0",2020,15.872,"I","Q_tlw"
"048","MIL","51.2.0",2021,9.179,"I","Q_tlw"
"048","MIL","51.2.0",2022,13.325,"I","Q_tlw"
"048","MIL","51.2.0",2023,10,"I","Q_tlw"
"048","OUN","51.2.0",2004,3,"A","Q_tlw"
"048","OUN","51.2.0",2005,5,"A","Q_tlw"
"048","OUN","51.2.0",2006,0,"N","Q_tlw"
"048","OUN","51.2.0",2007,0,"N","Q_tlw"
"048","OUN","51.2.0",2008,2,"A","Q_tlw"
"048","OUN","51.2.0",2009,2,"A","Q_tlw"
"048","OUN","51.2.0",2010,0,"A","Q_tlw"
"048","OUN","51.2.0",2011,0,"A","Q_tlw"
"048","OUN","51.2.0",2012,1,"A","Q_tlw"
"048","OUN","51.2.0",2013,1,"A","Q_tlw"
"048","OUN","51.2.0",2014,4,"A","Q_tlw"
"048","OUN","51.2.0",2015,4.062,"I","Q_tlw"
"048","OUN","51.2.0",2016,3.29,"I","Q_tlw"
"048","OUN","51.2.0",2017,4.567,"I","Q_tlw"
"048","OUN","51.2.0",2018,4.32,"I","Q_tlw"
"048","OUN","51.2.0",2019,4.536,"I","Q_tlw"
"048","OUN","51.2.0",2020,3.735,"I","Q_tlw"
"048","OUN","51.2.0",2021,2.16,"I","Q_tlw"
"048","OUN","51.2.0",2022,3.135,"I","Q_tlw"
"048","OUN","51.2.0",2023,3,"I","Q_tlw"
"048","AUX","51.2.0",2004,299,"A","Q_tlw"
"048","AUX","51.2.0",2005,202,"A","Q_tlw"
"048","AUX","51.2.0",2006,59,"A","Q_tlw"
"048","AUX","51.2.0",2007,83,"A","Q_tlw"
"048","AUX","51.2.0",2008,80,"A","Q_tlw"
"048","AUX","51.2.0",2009,70,"A","Q_tlw"
"048","AUX","51.2.0",2010,32,"A","Q_tlw"
"048","AUX","51.2.0",2011,41,"A","Q_tlw"
"048","AUX","51.2.0",2012,31,"A","Q_tlw"
"048","AUX","51.2.0",2013,37,"A","Q_tlw"
"048","AUX","51.2.0",2014,101,"A","Q_tlw"
"048","AUX","51.2.0",2015,102.567,"I","Q_tlw"
"048","AUX","51.2.0",2016,83.073,"I","Q_tlw"
"048","AUX","51.2.0",2017,115.308,"I","Q_tlw"
"048","AUX","51.2.0",2018,109.072,"I","Q_tlw"
"048","AUX","51.2.0",2019,114.544,"I","Q_tlw"
"048","AUX","51.2.0",2020,94.298,"I","Q_tlw"
"048","AUX","51.2.0",2021,54.533,"I","Q_tlw"
"048","AUX","51.2.0",2022,79.165,"I","Q_tlw"
"048","AUX","51.2.0",2023,80,"I","Q_tlw"
"048","LIX","51.2.0",1986,0,"A","Q_tlw"
"048","LIX","51.2.0",1987,0,"A","Q_tlw"
"048","LIX","51.2.0",1988,0,"A","Q_tlw"
"048","LIX","51.2.0",1989,0,"A","Q_tlw"
"048","LIX","51.2.0",1990,0,"A","Q_tlw"
"048","LIX","51.2.0",1991,0,"A","Q_tlw"
"048","LIX","51.2.0",1992,0,"A","Q_tlw"
"048","LIX","51.2.0",1993,0,"A","Q_tlw"
"048","LIX","51.2.0",1994,0,"A","Q_tlw"
"048","LIX","51.2.0",1995,0,"A","Q_tlw"
"048","LIX","51.2.0",1996,0,"A","Q_tlw"
"048","LIX","51.2.0",1997,0,"A","Q_tlw"
"048","LIX","51.2.0",1998,0,"A","Q_tlw"
"048","LIX","51.2.0",1999,0,"A","Q_tlw"
"048","LIX","51.2.0",2000,0,"A","Q_tlw"
"048","LIX","51.2.0",2001,0,"A","Q_tlw"
"048","LIX","51.2.0",2002,0,"A","Q_tlw"
"048","LIX","51.2.0",2003,0,"A","Q_tlw"
"048","LIX","51.2.0",2004,0,"A","Q_tlw"
"048","LIX","51.2.0",2005,0,"A","Q_tlw"
"048","LIX","51.2.0",2006,1,"A","Q_tlw"
"048","LIX","51.2.0",2007,1,"A","Q_tlw"
"048","LIX","51.2.0",2008,4,"A","Q_tlw"
"048","LIX","51.2.0",2009,21,"A","Q_tlw"
"048","LIX","51.2.0",2010,6,"A","Q_tlw"
"048","LIX","51.2.0",2011,1,"A","Q_tlw"
"048","LIX","51.2.0",2012,2,"A","Q_tlw"
"048","LIX","51.2.0",2013,4,"A","Q_tlw"
"048","LIX","51.2.0",2014,3,"A","Q_tlw"
"048","LIX","51.2.0",2015,3.047,"I","Q_tlw"
"048","LIX","51.2.0",2016,2.468,"I","Q_tlw"
"048","LIX","51.2.0",2017,3.425,"I","Q_tlw"
"048","LIX","51.2.0",2018,3.24,"I","Q_tlw"
"048","LIX","51.2.0",2019,3.402,"I","Q_tlw"
"048","LIX","51.2.0",2020,2.801,"I","Q_tlw"
"048","LIX","51.2.0",2021,1.62,"I","Q_tlw"
"048","LIX","51.2.0",2022,2.351,"I","Q_tlw"
"048","LIX","51.2.0",2023,2,"I","Q_tlw"
"048","MUM","51.2.0",1986,33,"A","Q_tlw"
"048","MUM","51.2.0",1987,28,"A","Q_tlw"
"048","MUM","51.2.0",1988,22,"A","Q_tlw"
"048","MUM","51.2.0",1989,27,"A","Q_tlw"
"048","MUM","51.2.0",1990,43,"A","Q_tlw"
"048","MUM","51.2.0",1991,94,"A","Q_tlw"
"048","MUM","51.2.0",1992,43,"A","Q_tlw"
"048","MUM","51.2.0",1993,29,"A","Q_tlw"
"048","MUM","51.2.0",1994,85,"A","Q_tlw"
"048","MUM","51.2.0",1995,36,"A","Q_tlw"
"048","MUM","51.2.0",1996,139,"A","Q_tlw"
"048","MUM","51.2.0",1997,65,"A","Q_tlw"
"048","MUM","51.2.0",1998,16,"A","Q_tlw"
"048","MUM","51.2.0",1999,414,"A","Q_tlw"
"048","MUM","51.2.0",2000,82,"A","Q_tlw"
"048","MUM","51.2.0",2001,192,"A","Q_tlw"
"048","MUM","51.2.0",2002,17,"A","Q_tlw"
"048","MUM","51.2.0",2003,75,"A","Q_tlw"
"048","MUM","51.2.0",2004,5,"A","Q_tlw"
"048","MUM","51.2.0",2005,7,"A","Q_tlw"
"048","MUM","51.2.0",2006,2,"A","Q_tlw"
"048","MUM","51.2.0",2007,1,"A","Q_tlw"
"048","MUM","51.2.0",2008,5,"A","Q_tlw"
"048","MUM","51.2.0",2009,171,"A","Q_tlw"
"048","MUM","51.2.0",2010,6,"A","Q_tlw"
"048","MUM","51.2.0",2011,11,"A","Q_tlw"
"048","MUM","51.2.0",2012,5,"A","Q_tlw"
"048","MUM","51.2.0",2013,2,"A","Q_tlw"
"048","MUM","51.2.0",2014,14,"A","Q_tlw"
"048","MUM","51.2.0",2015,14.217,"I","Q_tlw"
"048","MUM","51.2.0",2016,11.515,"I","Q_tlw"
"048","MUM","51.2.0",2017,15.983,"I","Q_tlw"
"048","MUM","51.2.0",2018,15.119,"I","Q_tlw"
"048","MUM","51.2.0",2019,15.877,"I","Q_tlw"
"048","MUM","51.2.0",2020,13.071,"I","Q_tlw"
"048","MUM","51.2.0",2021,7.559,"I","Q_tlw"
"048","MUM","51.2.0",2022,10.973,"I","Q_tlw"
"048","MUM","51.2.0",2023,10,"I","Q_tlw"
"048","MUL","51.2.0",1986,126,"A","Q_tlw"
"048","MUL","51.2.0",1987,11,"A","Q_tlw"
"048","MUL","51.2.0",1988,178,"A","Q_tlw"
"048","MUL","51.2.0",1989,228,"A","Q_tlw"
"048","MUL","51.2.0",1990,144,"A","Q_tlw"
"048","MUL","51.2.0",1991,136,"A","Q_tlw"
"048","MUL","51.2.0",1992,92,"A","Q_tlw"
"048","MUL","51.2.0",1993,270,"A","Q_tlw"
"048","MUL","51.2.0",1994,86,"A","Q_tlw"
"048","MUL","51.2.0",1995,201,"A","Q_tlw"
"048","MUL","51.2.0",1996,99,"A","Q_tlw"
"048","MUL","51.2.0",1997,60,"A","Q_tlw"
"048","MUL","51.2.0",1998,73,"A","Q_tlw"
"048","MUL","51.2.0",1999,10,"A","Q_tlw"
"048","MUL","51.2.0",2000,59,"A","Q_tlw"
"048","MUL","51.2.0",2001,39,"A","Q_tlw"
"048","MUL","51.2.0",2002,29,"A","Q_tlw"
"048","MUL","51.2.0",2003,26,"A","Q_tlw"
"048","MUL","51.2.0",2004,33,"A","Q_tlw"
"048","MUL","51.2.0",2005,15,"A","Q_tlw"
"048","MUL","51.2.0",2006,19,"A","Q_tlw"
"048","MUL","51.2.0",2007,28,"A","Q_tlw"
"048","MUL","51.2.0",2008,103,"A","Q_tlw"
"048","MUL","51.2.0",2009,46,"A","Q_tlw"
"048","MUL","51.2.0",2010,1,"A","Q_tlw"
"048","MUL","51.2.0",2011,1,"A","Q_tlw"
"048","MUL","51.2.0",2012,22,"A","Q_tlw"
"048","MUL","51.2.0",2013,8,"A","Q_tlw"
"048","MUL","51.2.0",2014,11,"A","Q_tlw"
"048","MUL","51.2.0",2015,11.171,"I","Q_tlw"
"048","MUL","51.2.0",2016,9.048,"I","Q_tlw"
"048","MUL","51.2.0",2017,12.558,"I","Q_tlw"
"048","MUL","51.2.0",2018,11.879,"I","Q_tlw"
"048","MUL","51.2.0",2019,12.475,"I","Q_tlw"
"048","MUL","51.2.0",2020,10.27,"I","Q_tlw"
"048","MUL","51.2.0",2021,5.939,"I","Q_tlw"
"048","MUL","51.2.0",2022,8.622,"I","Q_tlw"
"048","MUL","51.2.0",2023,10,"I","Q_tlw"
"048","GPX","51.2.0",1986,1166,"A","Q_tlw"
"048","GPX","51.2.0",1987,994,"A","Q_tlw"
"048","GPX","51.2.0",1988,863,"A","Q_tlw"
"048","GPX","51.2.0",1989,1076,"A","Q_tlw"
"048","GPX","51.2.0",1990,898,"A","Q_tlw"
"048","GPX","51.2.0",1991,626,"A","Q_tlw"
"048","GPX","51.2.0",1992,530,"A","Q_tlw"
"048","GPX","51.2.0",1993,469,"A","Q_tlw"
"048","GPX","51.2.0",1994,498,"A","Q_tlw"
"048","GPX","51.2.0",1995,459,"A","Q_tlw"
"048","GPX","51.2.0",1996,532,"A","Q_tlw"
"048","GPX","51.2.0",1997,300,"A","Q_tlw"
"048","GPX","51.2.0",1998,331,"A","Q_tlw"
"048","GPX","51.2.0",1999,525,"A","Q_tlw"
"048","GPX","51.2.0",2000,670,"A","Q_tlw"
"048","GPX","51.2.0",2001,794,"A","Q_tlw"
"048","GPX","51.2.0",2002,725,"A","Q_tlw"
"048","GPX","51.2.0",2003,811,"A","Q_tlw"
"048","GPX","51.2.0",2004,649,"A","Q_tlw"
"048","GPX","51.2.0",2005,358,"A","Q_tlw"
"048","GPX","51.2.0",2006,462,"A","Q_tlw"
"048","GPX","51.2.0",2007,440,"A","Q_tlw"
"048","GPX","51.2.0",2008,307,"A","Q_tlw"
"048","GPX","51.2.0",2009,176,"A","Q_tlw"
"048","GPX","51.2.0",2010,134,"A","Q_tlw"
"048","GPX","51.2.0",2011,88,"A","Q_tlw"
"048","GPX","51.2.0",2012,162,"A","Q_tlw"
"048","GPX","51.2.0",2013,199,"A","Q_tlw"
"048","GPX","51.2.0",2014,214,"A","Q_tlw"
"048","GPX","51.2.0",2015,217.321,"I","Q_tlw"
"048","GPX","51.2.0",2016,176.016,"I","Q_tlw"
"048","GPX","51.2.0",2017,244.317,"I","Q_tlw"
"048","GPX","51.2.0",2018,231.103,"I","Q_tlw"
"048","GPX","51.2.0",2019,242.697,"I","Q_tlw"
"048","GPX","51.2.0",2020,199.8,"I","Q_tlw"
"048","GPX","51.2.0",2021,115.544,"I","Q_tlw"
"048","GPX","51.2.0",2022,167.736,"I","Q_tlw"
"048","GPX","51.2.0",2023,160,"I","Q_tlw"
"048","EWY","51.2.0",2012,70,"A","Q_tlw"
"048","EWY","51.2.0",2013,45,"A","Q_tlw"
"048","EWY","51.2.0",2014,25,"A","Q_tlw"
"048","EWY","51.2.0",2015,25.388,"I","Q_tlw"
"048","EWY","51.2.0",2016,20.563,"I","Q_tlw"
"048","EWY","51.2.0",2017,28.542,"I","Q_tlw"
"048","EWY","51.2.0",2018,26.998,"I","Q_tlw"
"048","EWY","51.2.0",2019,28.352,"I","Q_tlw"
"048","EWY","51.2.0",2020,23.341,"I","Q_tlw"
"048","EWY","51.2.0",2021,13.498,"I","Q_tlw"
"048","EWY","51.2.0",2022,19.595,"I","Q_tlw"
"048","EWY","51.2.0",2023,20,"I","Q_tlw"
"048","FLH","51.2.0",2004,11,"A","Q_tlw"
"048","FLH","51.2.0",2005,5,"A","Q_tlw"
"048","FLH","51.2.0",2006,29,"A","Q_tlw"
"048","FLH","51.2.0",2007,1,"A","Q_tlw"
"048","FLH","51.2.0",2008,1,"A","Q_tlw"
"048","FLH","51.2.0",2009,5,"A","Q_tlw"
"048","FLH","51.2.0",2010,4,"A","Q_tlw"
"048","FLH","51.2.0",2011,0,"A","Q_tlw"
"048","FLH","51.2.0",2012,4,"A","Q_tlw"
"048","FLH","51.2.0",2013,3,"A","Q_tlw"
"048","FLH","51.2.0",2014,2,"A","Q_tlw"
"048","FLH","51.2.0",2015,2.031,"I","Q_tlw"
"048","FLH","51.2.0",2016,1.645,"I","Q_tlw"
"048","FLH","51.2.0",2017,2.283,"I","Q_tlw"
"048","FLH","51.2.0",2018,2.16,"I","Q_tlw"
"048","FLH","51.2.0",2019,2.268,"I","Q_tlw"
"048","FLH","51.2.0",2020,1.867,"I","Q_tlw"
"048","FLH","51.2.0",2021,1.08,"I","Q_tlw"
"048","FLH","51.2.0",2022,1.568,"I","Q_tlw"
"048","FLH","51.2.0",2023,1,"I","Q_tlw"
"048","PQD","51.2.0",2004,31,"A","Q_tlw"
"048","PQD","51.2.0",2005,57,"A","Q_tlw"
"048","PQD","51.2.0",2006,5,"A","Q_tlw"
"048","PQD","51.2.0",2007,6,"A","Q_tlw"
"048","PQD","51.2.0",2008,82,"A","Q_tlw"
"048","PQD","51.2.0",2009,42,"A","Q_tlw"
"048","PQD","51.2.0",2010,14,"A","Q_tlw"
"048","PQD","51.2.0",2011,4,"A","Q_tlw"
"048","PQD","51.2.0",2012,6,"A","Q_tlw"
"048","PQD","51.2.0",2013,25,"A","Q_tlw"
"048","PQD","51.2.0",2014,3,"A","Q_tlw"
"048","PQD","51.2.0",2015,3.047,"I","Q_tlw"
"048","PQD","51.2.0",2016,2.468,"I","Q_tlw"
"048","PQD","51.2.0",2017,3.425,"I","Q_tlw"
"048","PQD","51.2.0",2018,3.24,"I","Q_tlw"
"048","PQD","51.2.0",2019,3.402,"I","Q_tlw"
"048","PQD","51.2.0",2020,2.801,"I","Q_tlw"
"048","PQD","51.2.0",2021,1.62,"I","Q_tlw"
"048","PQD","51.2.0",2022,2.351,"I","Q_tlw"
"048","PQD","51.2.0",2023,2,"I","Q_tlw"
"048","PWT","51.2.0",1986,147,"A","Q_tlw"
"048","PWT","51.2.0",1987,163,"A","Q_tlw"
"048","PWT","51.2.0",1988,163,"A","Q_tlw"
"048","PWT","51.2.0",1989,113,"A","Q_tlw"
"048","PWT","51.2.0",1990,130,"A","Q_tlw"
"048","PWT","51.2.0",1991,69,"A","Q_tlw"
"048","PWT","51.2.0",1992,34,"A","Q_tlw"
"048","PWT","51.2.0",1993,34,"A","Q_tlw"
"048","PWT","51.2.0",1994,26,"A","Q_tlw"
"048","PWT","51.2.0",1995,63,"A","Q_tlw"
"048","PWT","51.2.0",1996,56,"A","Q_tlw"
"048","PWT","51.2.0",1997,46,"A","Q_tlw"
"048","PWT","51.2.0",1998,63,"A","Q_tlw"
"048","PWT","51.2.0",1999,66,"A","Q_tlw"
"048","PWT","51.2.0",2000,32,"A","Q_tlw"
"048","PWT","51.2.0",2001,21,"A","Q_tlw"
"048","PWT","51.2.0",2002,27,"A","Q_tlw"
"048","PWT","51.2.0",2003,20,"A","Q_tlw"
"048","PWT","51.2.0",2004,15,"A","Q_tlw"
"048","PWT","51.2.0",2005,5,"A","Q_tlw"
"048","PWT","51.2.0",2006,6,"A","Q_tlw"
"048","PWT","51.2.0",2007,4,"A","Q_tlw"
"048","PWT","51.2.0",2008,8,"A","Q_tlw"
"048","PWT","51.2.0",2009,8,"A","Q_tlw"
"048","PWT","51.2.0",2010,6,"A","Q_tlw"
"048","PWT","51.2.0",2011,7,"A","Q_tlw"
"048","PWT","51.2.0",2012,15,"A","Q_tlw"
"048","PWT","51.2.0",2013,4,"A","Q_tlw"
"048","PWT","51.2.0",2014,12,"A","Q_tlw"
"048","PWT","51.2.0",2015,12.186,"I","Q_tlw"
"048","PWT","51.2.0",2016,9.87,"I","Q_tlw"
"048","PWT","51.2.0",2017,13.7,"I","Q_tlw"
"048","PWT","51.2.0",2018,12.959,"I","Q_tlw"
"048","PWT","51.2.0",2019,13.609,"I","Q_tlw"
"048","PWT","51.2.0",2020,11.204,"I","Q_tlw"
"048","PWT","51.2.0",2021,6.479,"I","Q_tlw"
"048","PWT","51.2.0",2022,9.406,"I","Q_tlw"
"048","PWT","51.2.0",2023,10,"I","Q_tlw"
"048","MOJ","51.2.0",1986,101,"A","Q_tlw"
"048","MOJ","51.2.0",1987,85,"A","Q_tlw"
"048","MOJ","51.2.0",1988,23,"A","Q_tlw"
"048","MOJ","51.2.0",1989,149,"A","Q_tlw"
"048","MOJ","51.2.0",1990,248,"A","Q_tlw"
"048","MOJ","51.2.0",1991,201,"A","Q_tlw"
"048","MOJ","51.2.0",1992,210,"A","Q_tlw"
"048","MOJ","51.2.0",1993,64,"A","Q_tlw"
"048","MOJ","51.2.0",1994,233,"A","Q_tlw"
"048","MOJ","51.2.0",1995,160,"A","Q_tlw"
"048","MOJ","51.2.0",1996,219,"A","Q_tlw"
"048","MOJ","51.2.0",1997,350,"A","Q_tlw"
"048","MOJ","51.2.0",1998,347,"A","Q_tlw"
"048","MOJ","51.2.0",1999,261,"A","Q_tlw"
"048","MOJ","51.2.0",2000,334,"A","Q_tlw"
"048","MOJ","51.2.0",2001,372,"A","Q_tlw"
"048","MOJ","51.2.0",2002,172,"A","Q_tlw"
"048","MOJ","51.2.0",2003,151,"A","Q_tlw"
"048","MOJ","51.2.0",2004,175,"A","Q_tlw"
"048","MOJ","51.2.0",2005,63,"A","Q_tlw"
"048","MOJ","51.2.0",2006,133,"A","Q_tlw"
"048","MOJ","51.2.0",2007,145,"A","Q_tlw"
"048","MOJ","51.2.0",2008,128,"A","Q_tlw"
"048","MOJ","51.2.0",2009,119,"A","Q_tlw"
"048","MOJ","51.2.0",2010,35,"A","Q_tlw"
"048","MOJ","51.2.0",2011,19,"A","Q_tlw"
"048","MOJ","51.2.0",2012,62,"A","Q_tlw"
"048","MOJ","51.2.0",2013,64,"A","Q_tlw"
"048","MOJ","51.2.0",2014,71,"A","Q_tlw"
"048","MOJ","51.2.0",2015,72.102,"I","Q_tlw"
"048","MOJ","51.2.0",2016,58.398,"I","Q_tlw"
"048","MOJ","51.2.0",2017,81.058,"I","Q_tlw"
"048","MOJ","51.2.0",2018,76.674,"I","Q_tlw"
"048","MOJ","51.2.0",2019,80.521,"I","Q_tlw"
"048","MOJ","51.2.0",2020,66.289,"I","Q_tlw"
"048","MOJ","51.2.0",2021,38.335,"I","Q_tlw"
"048","MOJ","51.2.0",2022,55.651,"I","Q_tlw"
"048","MOJ","51.2.0",2023,50,"I","Q_tlw"
"048","WHS","51.2.0",2004,4,"A","Q_tlw"
"048","WHS","51.2.0",2005,5,"A","Q_tlw"
"048","WHS","51.2.0",2006,10,"A","Q_tlw"
"048","WHS","51.2.0",2007,28,"A","Q_tlw"
"048","WHS","51.2.0",2008,16,"A","Q_tlw"
"048","WHS","51.2.0",2009,9,"A","Q_tlw"
"048","WHS","51.2.0",2010,12,"A","Q_tlw"
"048","WHS","51.2.0",2011,46,"A","Q_tlw"
"048","WHS","51.2.0",2012,5,"A","Q_tlw"
"048","WHS","51.2.0",2013,7,"A","Q_tlw"
"048","WHS","51.2.0",2014,14,"A","Q_tlw"
"048","WHS","51.2.0",2015,14.217,"I","Q_tlw"
"048","WHS","51.2.0",2016,11.515,"I","Q_tlw"
"048","WHS","51.2.0",2017,15.983,"I","Q_tlw"
"048","WHS","51.2.0",2018,15.119,"I","Q_tlw"
"048","WHS","51.2.0",2019,15.877,"I","Q_tlw"
"048","WHS","51.2.0",2020,13.071,"I","Q_tlw"
"048","WHS","51.2.0",2021,7.559,"I","Q_tlw"
"048","WHS","51.2.0",2022,10.973,"I","Q_tlw"
"048","WHS","51.2.0",2023,10,"I","Q_tlw"
"048","BAT","51.2.0",2004,5,"A","Q_tlw"
"048","BAT","51.2.0",2005,5,"A","Q_tlw"
"048","BAT","51.2.0",2006,18,"A","Q_tlw"
"048","BAT","51.2.0",2007,29,"A","Q_tlw"
"048","BAT","51.2.0",2008,16,"A","Q_tlw"
"048","BAT","51.2.0",2009,9,"A","Q_tlw"
"048","BAT","51.2.0",2010,5,"A","Q_tlw"
"048","BAT","51.2.0",2011,16,"A","Q_tlw"
"048","BAT","51.2.0",2012,15,"A","Q_tlw"
"048","BAT","51.2.0",2013,4,"A","Q_tlw"
"048","BAT","51.2.0",2014,32,"A","Q_tlw"
"048","BAT","51.2.0",2015,32.497,"I","Q_tlw"
"048","BAT","51.2.0",2016,26.32,"I","Q_tlw"
"048","BAT","51.2.0",2017,36.533,"I","Q_tlw"
"048","BAT","51.2.0",2018,34.557,"I","Q_tlw"
"048","BAT","51.2.0",2019,36.291,"I","Q_tlw"
"048","BAT","51.2.0",2020,29.877,"I","Q_tlw"
"048","BAT","51.2.0",2021,17.278,"I","Q_tlw"
"048","BAT","51.2.0",2022,25.082,"I","Q_tlw"
"048","BAT","51.2.0",2023,20,"I","Q_tlw"
"048","GRX","51.2.0",1986,181,"A","Q_tlw"
"048","GRX","51.2.0",1987,217,"A","Q_tlw"
"048","GRX","51.2.0",1988,265,"A","Q_tlw"
"048","GRX","51.2.0",1989,395,"A","Q_tlw"
"048","GRX","51.2.0",1990,157,"A","Q_tlw"
"048","GRX","51.2.0",1991,186,"A","Q_tlw"
"048","GRX","51.2.0",1992,174,"A","Q_tlw"
"048","GRX","51.2.0",1993,177,"A","Q_tlw"
"048","GRX","51.2.0",1994,231,"A","Q_tlw"
"048","GRX","51.2.0",1995,282,"A","Q_tlw"
"048","GRX","51.2.0",1996,253,"A","Q_tlw"
"048","GRX","51.2.0",1997,223,"A","Q_tlw"
"048","GRX","51.2.0",1998,355,"A","Q_tlw"
"048","GRX","51.2.0",1999,325,"A","Q_tlw"
"048","GRX","51.2.0",2000,297,"A","Q_tlw"
"048","GRX","51.2.0",2001,236,"A","Q_tlw"
"048","GRX","51.2.0",2002,121,"A","Q_tlw"
"048","GRX","51.2.0",2003,354,"A","Q_tlw"
"048","GRX","51.2.0",2004,0,"A","Q_tlw"
"048","GRX","51.2.0",2005,0,"A","Q_tlw"
"048","GRX","51.2.0",2006,0,"A","Q_tlw"
"048","GRX","51.2.0",2007,0,"A","Q_tlw"
"048","GRX","51.2.0",2008,0,"A","Q_tlw"
"048","GRX","51.2.0",2009,0,"A","Q_tlw"
"048","GRX","51.2.0",2010,0,"A","Q_tlw"
"048","GRX","51.2.0",2011,0,"A","Q_tlw"
"048","GRX","51.2.0",2012,0,"A","Q_tlw"
"048","GRX","51.2.0",2013,0,"A","Q_tlw"
"048","GRX","51.2.0",2014,0,"A","Q_tlw"
"048","GRX","51.2.0",2015,0,"A","Q_tlw"
"048","GRX","51.2.0",2016,0,"A","Q_tlw"
"048","GRX","51.2.0",2017,0,"A","Q_tlw"
"048","GRX","51.2.0",2018,0,"A","Q_tlw"
"048","GRX","51.2.0",2019,0,"A","Q_tlw"
"048","GRX","51.2.0",2020,0,"A","Q_tlw"
"048","GRX","51.2.0",2021,0,"A","Q_tlw"
"048","GRX","51.2.0",2022,0,"A","Q_tlw"
"048","DGP","51.2.0",2004,2,"A","Q_tlw"
"048","DGP","51.2.0",2005,5,"A","Q_tlw"
"048","DGP","51.2.0",2006,0,"N","Q_tlw"
"048","DGP","51.2.0",2007,4,"A","Q_tlw"
"048","DGP","51.2.0",2008,2,"A","Q_tlw"
"048","DGP","51.2.0",2009,0,"N","Q_tlw"
"048","DGP","51.2.0",2010,0,"A","Q_tlw"
"048","DGP","51.2.0",2011,0,"A","Q_tlw"
"048","DGP","51.2.0",2012,0,"N","Q_tlw"
"048","DGP","51.2.0",2013,0,"A","Q_tlw"
"048","DGP","51.2.0",2014,0,"N","Q_tlw"
"048","DGP","51.2.0",2015,0,"N","Q_tlw"
"048","DGP","51.2.0",2016,0,"N","Q_tlw"
"048","DGP","51.2.0",2017,0,"N","Q_tlw"
"048","DGP","51.2.0",2018,0,"N","Q_tlw"
"048","DGP","51.2.0",2019,0,"N","Q_tlw"
"048","DGP","51.2.0",2020,0,"N","Q_tlw"
"048","DGP","51.2.0",2021,0,"N","Q_tlw"
"048","DGP","51.2.0",2022,0,"N","Q_tlw"
"048","DGP","51.2.0",2023,0,"N","Q_tlw"
"048","PKP","51.2.0",2004,85,"A","Q_tlw"
"048","PKP","51.2.0",2005,17,"A","Q_tlw"
"048","PKP","51.2.0",2006,17,"A","Q_tlw"
"048","PKP","51.2.0",2007,18,"A","Q_tlw"
"048","PKP","51.2.0",2008,19,"A","Q_tlw"
"048","PKP","51.2.0",2009,6,"A","Q_tlw"
"048","PKP","51.2.0",2010,1,"A","Q_tlw"
"048","PKP","51.2.0",2011,0,"A","Q_tlw"
"048","PKP","51.2.0",2012,1,"A","Q_tlw"
"048","PKP","51.2.0",2013,1,"A","Q_tlw"
"048","PKP","51.2.0",2014,1,"A","Q_tlw"
"048","PKP","51.2.0",2015,1.016,"I","Q_tlw"
"048","PKP","51.2.0",2016,0.823,"I","Q_tlw"
"048","PKP","51.2.0",2017,1.142,"I","Q_tlw"
"048","PKP","51.2.0",2018,1.08,"I","Q_tlw"
"048","PKP","51.2.0",2019,1.134,"I","Q_tlw"
"048","PKP","51.2.0",2020,0.934,"I","Q_tlw"
"048","PKP","51.2.0",2021,0.54,"I","Q_tlw"
"048","PKP","51.2.0",2022,0.784,"I","Q_tlw"
"048","PKP","51.2.0",2023,1,"I","Q_tlw"
"048","GQD","51.2.0",2004,132,"A","Q_tlw"
"048","GQD","51.2.0",2005,102,"A","Q_tlw"
"048","GQD","51.2.0",2006,220,"A","Q_tlw"
"048","GQD","51.2.0",2007,90,"A","Q_tlw"
"048","GQD","51.2.0",2008,74,"A","Q_tlw"
"048","GQD","51.2.0",2009,77,"A","Q_tlw"
"048","GQD","51.2.0",2010,60,"A","Q_tlw"
"048","GQD","51.2.0",2011,57,"A","Q_tlw"
"048","GQD","51.2.0",2012,70,"A","Q_tlw"
"048","GQD","51.2.0",2013,124,"A","Q_tlw"
"048","GQD","51.2.0",2014,80,"A","Q_tlw"
"048","GQD","51.2.0",2015,81.241,"I","Q_tlw"
"048","GQD","51.2.0",2016,65.8,"I","Q_tlw"
"048","GQD","51.2.0",2017,91.333,"I","Q_tlw"
"048","GQD","51.2.0",2018,86.394,"I","Q_tlw"
"048","GQD","51.2.0",2019,90.728,"I","Q_tlw"
"048","GQD","51.2.0",2020,74.692,"I","Q_tlw"
"048","GQD","51.2.0",2021,43.194,"I","Q_tlw"
"048","GQD","51.2.0",2022,62.705,"I","Q_tlw"
"048","GQD","51.2.0",2023,60,"I","Q_tlw"
"048","PKS","51.2.0",2004,21,"A","Q_tlw"
"048","PKS","51.2.0",2005,0,"A","Q_tlw"
"048","PKS","51.2.0",2006,0,"N","Q_tlw"
"048","PKS","51.2.0",2007,5,"A","Q_tlw"
"048","PKS","51.2.0",2008,3,"A","Q_tlw"
"048","PKS","51.2.0",2009,8,"A","Q_tlw"
"048","PKS","51.2.0",2010,1,"A","Q_tlw"
"048","PKS","51.2.0",2011,2,"A","Q_tlw"
"048","PKS","51.2.0",2012,9,"A","Q_tlw"
"048","PKS","51.2.0",2013,8,"A","Q_tlw"
"048","PKS","51.2.0",2014,11,"A","Q_tlw"
"048","PKS","51.2.0",2015,11.171,"I","Q_tlw"
"048","PKS","51.2.0",2016,9.048,"I","Q_tlw"
"048","PKS","51.2.0",2017,12.558,"I","Q_tlw"
"048","PKS","51.2.0",2018,11.879,"I","Q_tlw"
"048","PKS","51.2.0",2019,12.475,"I","Q_tlw"
"048","PKS","51.2.0",2020,10.27,"I","Q_tlw"
"048","PKS","51.2.0",2021,5.939,"I","Q_tlw"
"048","PKS","51.2.0",2022,8.622,"I","Q_tlw"
"048","PKS","51.2.0",2023,10,"I","Q_tlw"
"048","SNX","51.2.0",1986,62,"A","Q_tlw"
"048","SNX","51.2.0",1987,85,"A","Q_tlw"
"048","SNX","51.2.0",1988,37,"A","Q_tlw"
"048","SNX","51.2.0",1989,95,"A","Q_tlw"
"048","SNX","51.2.0",1990,76,"A","Q_tlw"
"048","SNX","51.2.0",1991,131,"A","Q_tlw"
"048","SNX","51.2.0",1992,183,"A","Q_tlw"
"048","SNX","51.2.0",1993,97,"A","Q_tlw"
"048","SNX","51.2.0",1994,75,"A","Q_tlw"
"048","SNX","51.2.0",1995,117,"A","Q_tlw"
"048","SNX","51.2.0",1996,133,"A","Q_tlw"
"048","SNX","51.2.0",1997,207,"A","Q_tlw"
"048","SNX","51.2.0",1998,100,"A","Q_tlw"
"048","SNX","51.2.0",1999,294,"A","Q_tlw"
"048","SNX","51.2.0",2000,157,"A","Q_tlw"
"048","SNX","51.2.0",2001,103,"A","Q_tlw"
"048","SNX","51.2.0",2002,142,"A","Q_tlw"
"048","SNX","51.2.0",2003,44,"A","Q_tlw"
"048","SNX","51.2.0",2004,62,"A","Q_tlw"
"048","SNX","51.2.0",2005,45,"A","Q_tlw"
"048","SNX","51.2.0",2006,122,"A","Q_tlw"
"048","SNX","51.2.0",2007,76,"A","Q_tlw"
"048","SNX","51.2.0",2008,66,"A","Q_tlw"
"048","SNX","51.2.0",2009,44,"A","Q_tlw"
"048","SNX","51.2.0",2010,27,"A","Q_tlw"
"048","SNX","51.2.0",2011,48,"A","Q_tlw"
"048","SNX","51.2.0",2012,50,"A","Q_tlw"
"048","SNX","51.2.0",2013,31,"A","Q_tlw"
"048","SNX","51.2.0",2014,33,"A","Q_tlw"
"048","SNX","51.2.0",2015,33.512,"I","Q_tlw"
"048","SNX","51.2.0",2016,27.143,"I","Q_tlw"
"048","SNX","51.2.0",2017,37.675,"I","Q_tlw"
"048","SNX","51.2.0",2018,35.637,"I","Q_tlw"
"048","SNX","51.2.0",2019,37.425,"I","Q_tlw"
"048","SNX","51.2.0",2020,30.81,"I","Q_tlw"
"048","SNX","51.2.0",2021,17.818,"I","Q_tlw"
"048","SNX","51.2.0",2022,25.866,"I","Q_tlw"
"048","SNX","51.2.0",2023,20,"I","Q_tlw"
"048","RES","51.2.0",2012,6,"A","Q_tlw"
"048","RES","51.2.0",2013,0,"N","Q_tlw"
"048","RES","51.2.0",2014,0,"N","Q_tlw"
"048","RES","51.2.0",2015,0,"N","Q_tlw"
"048","RES","51.2.0",2016,0,"N","Q_tlw"
"048","RES","51.2.0",2017,0,"N","Q_tlw"
"048","RES","51.2.0",2018,0,"N","Q_tlw"
"048","RES","51.2.0",2019,0,"N","Q_tlw"
"048","RES","51.2.0",2020,0,"N","Q_tlw"
"048","RES","51.2.0",2021,0,"N","Q_tlw"
"048","RES","51.2.0",2022,0,"N","Q_tlw"
"048","RES","51.2.0",2023,0,"N","Q_tlw"
"048","OAZ","51.2.0",2004,299,"A","Q_tlw"
"048","OAZ","51.2.0",2005,168,"A","Q_tlw"
"048","OAZ","51.2.0",2006,1411,"A","Q_tlw"
"048","OAZ","51.2.0",2007,763,"A","Q_tlw"
"048","OAZ","51.2.0",2008,283,"A","Q_tlw"
"048","OAZ","51.2.0",2009,283,"A","Q_tlw"
"048","OAZ","51.2.0",2010,230,"A","Q_tlw"
"048","OAZ","51.2.0",2011,158,"A","Q_tlw"
"048","OAZ","51.2.0",2012,279,"A","Q_tlw"
"048","OAZ","51.2.0",2013,213,"A","Q_tlw"
"048","OAZ","51.2.0",2014,386,"A","Q_tlw"
"048","OAZ","51.2.0",2015,391.989,"I","Q_tlw"
"048","OAZ","51.2.0",2016,317.487,"I","Q_tlw"
"048","OAZ","51.2.0",2017,440.684,"I","Q_tlw"
"048","OAZ","51.2.0",2018,416.849,"I","Q_tlw"
"048","OAZ","51.2.0",2019,437.762,"I","Q_tlw"
"048","OAZ","51.2.0",2020,360.387,"I","Q_tlw"
"048","OAZ","51.2.0",2021,208.412,"I","Q_tlw"
"048","OAZ","51.2.0",2022,302.552,"I","Q_tlw"
"048","OAZ","51.2.0",2023,290,"I","Q_tlw"
"048","THD","51.2.0",2004,317,"A","Q_tlw"
"048","THD","51.2.0",2005,132,"A","Q_tlw"
"048","THD","51.2.0",2006,174,"A","Q_tlw"
"048","THD","51.2.0",2007,154,"A","Q_tlw"
"048","THD","51.2.0",2008,136,"A","Q_tlw"
"048","THD","51.2.0",2009,86,"A","Q_tlw"
"048","THD","51.2.0",2010,56,"A","Q_tlw"
"048","THD","51.2.0",2011,48,"A","Q_tlw"
"048","THD","51.2.0",2012,75,"A","Q_tlw"
"048","THD","51.2.0",2013,69,"A","Q_tlw"
"048","THD","51.2.0",2014,145,"A","Q_tlw"
"048","THD","51.2.0",2015,147.25,"I","Q_tlw"
"048","THD","51.2.0",2016,119.263,"I","Q_tlw"
"048","THD","51.2.0",2017,165.542,"I","Q_tlw"
"048","THD","51.2.0",2018,156.588,"I","Q_tlw"
"048","THD","51.2.0",2019,164.444,"I","Q_tlw"
"048","THD","51.2.0",2020,135.379,"I","Q_tlw"
"048","THD","51.2.0",2021,78.289,"I","Q_tlw"
"048","THD","51.2.0",2022,113.653,"I","Q_tlw"
"048","THD","51.2.0",2023,110,"I","Q_tlw"
"048","EMP","51.2.0",1986,874,"A","Q_tlw"
"048","EMP","51.2.0",1987,930,"A","Q_tlw"
"048","EMP","51.2.0",1988,953,"A","Q_tlw"
"048","EMP","51.2.0",1989,1501,"A","Q_tlw"
"048","EMP","51.2.0",1990,1408,"A","Q_tlw"
"048","EMP","51.2.0",1991,1384,"A","Q_tlw"
"048","EMP","51.2.0",1992,1736,"A","Q_tlw"
"048","EMP","51.2.0",1993,1603,"A","Q_tlw"
"048","EMP","51.2.0",1994,1194,"A","Q_tlw"
"048","EMP","51.2.0",1995,1486,"A","Q_tlw"
"048","EMP","51.2.0",1996,1506,"A","Q_tlw"
"048","EMP","51.2.0",1997,892,"A","Q_tlw"
"048","EMP","51.2.0",1998,944,"A","Q_tlw"
"048","EMP","51.2.0",1999,1227,"A","Q_tlw"
"048","EMP","51.2.0",2000,1403,"A","Q_tlw"
"048","EMP","51.2.0",2001,1377,"A","Q_tlw"
"048","EMP","51.2.0",2002,1675,"A","Q_tlw"
"048","EMP","51.2.0",2003,2169,"A","Q_tlw"
"048","EMP","51.2.0",2004,1821,"A","Q_tlw"
"048","EMP","51.2.0",2005,146,"A","Q_tlw"
"048","EMP","51.2.0",2006,502,"A","Q_tlw"
"048","EMP","51.2.0",2007,291,"A","Q_tlw"
"048","EMP","51.2.0",2008,251,"A","Q_tlw"
"048","EMP","51.2.0",2009,159,"A","Q_tlw"
"048","EMP","51.2.0",2010,212,"A","Q_tlw"
"048","EMP","51.2.0",2011,143,"A","Q_tlw"
"048","EMP","51.2.0",2012,348,"A","Q_tlw"
"048","EMP","51.2.0",2013,256,"A","Q_tlw"
"048","EMP","51.2.0",2014,255,"A","Q_tlw"
"048","EMP","51.2.0",2015,258.957,"I","Q_tlw"
"048","EMP","51.2.0",2016,209.739,"I","Q_tlw"
"048","EMP","51.2.0",2017,291.125,"I","Q_tlw"
"048","EMP","51.2.0",2018,275.379,"I","Q_tlw"
"048","EMP","51.2.0",2019,289.195,"I","Q_tlw"
"048","EMP","51.2.0",2020,238.08,"I","Q_tlw"
"048","EMP","51.2.0",2021,137.681,"I","Q_tlw"
"048","EMP","51.2.0",2022,199.873,"I","Q_tlw"
"048","EMP","51.2.0",2023,190,"I","Q_tlw"
"048","LTS","51.2.0",2005,73,"A","Q_tlw"
"048","LTS","51.2.0",2006,247,"A","Q_tlw"
"048","LTS","51.2.0",2007,227,"A","Q_tlw"
"048","LTS","51.2.0",2008,298,"A","Q_tlw"
"048","LTS","51.2.0",2009,107,"A","Q_tlw"
"048","LTS","51.2.0",2010,149,"A","Q_tlw"
"048","LTS","51.2.0",2011,63,"A","Q_tlw"
"048","LTS","51.2.0",2012,158,"A","Q_tlw"
"048","LTS","51.2.0",2013,126,"A","Q_tlw"
"048","LTS","51.2.0",2014,68,"A","Q_tlw"
"048","LTS","51.2.0",2015,69.055,"I","Q_tlw"
"048","LTS","51.2.0",2016,55.93,"I","Q_tlw"
"048","LTS","51.2.0",2017,77.633,"I","Q_tlw"
"048","LTS","51.2.0",2018,73.435,"I","Q_tlw"
"048","LTS","51.2.0",2019,77.119,"I","Q_tlw"
"048","LTS","51.2.0",2020,63.488,"I","Q_tlw"
"048","LTS","51.2.0",2021,36.715,"I","Q_tlw"
"048","LTS","51.2.0",2022,53.299,"I","Q_tlw"
"048","LTS","51.2.0",2023,50,"I","Q_tlw"
"048","LEN","51.2.0",2005,39,"A","Q_tlw"
"048","LEN","51.2.0",2006,66,"A","Q_tlw"
"048","LEN","51.2.0",2007,80,"A","Q_tlw"
"048","LEN","51.2.0",2008,70,"A","Q_tlw"
"048","LEN","51.2.0",2009,38,"A","Q_tlw"
"048","LEN","51.2.0",2010,34,"A","Q_tlw"
"048","LEN","51.2.0",2011,22,"A","Q_tlw"
"048","LEN","51.2.0",2012,87,"A","Q_tlw"
"048","LEN","51.2.0",2013,67,"A","Q_tlw"
"048","LEN","51.2.0",2014,40,"A","Q_tlw"
"048","LEN","51.2.0",2015,40.621,"I","Q_tlw"
"048","LEN","51.2.0",2016,32.9,"I","Q_tlw"
"048","LEN","51.2.0",2017,45.667,"I","Q_tlw"
"048","LEN","51.2.0",2018,43.197,"I","Q_tlw"
"048","LEN","51.2.0",2019,45.364,"I","Q_tlw"
"048","LEN","51.2.0",2020,37.346,"I","Q_tlw"
"048","LEN","51.2.0",2021,21.597,"I","Q_tlw"
"048","LEN","51.2.0",2022,31.353,"I","Q_tlw"
"048","LEN","51.2.0",2023,30,"I","Q_tlw"
"048","LHN","51.2.0",2005,1426,"A","Q_tlw"
"048","LHN","51.2.0",2006,1012,"A","Q_tlw"
"048","LHN","51.2.0",2007,805,"A","Q_tlw"
"048","LHN","51.2.0",2008,639,"A","Q_tlw"
"048","LHN","51.2.0",2009,469,"A","Q_tlw"
"048","LHN","51.2.0",2010,277,"A","Q_tlw"
"048","LHN","51.2.0",2011,192,"A","Q_tlw"
"048","LHN","51.2.0",2012,810,"A","Q_tlw"
"048","LHN","51.2.0",2013,843,"A","Q_tlw"
"048","LHN","51.2.0",2014,1088,"A","Q_tlw"
"048","LHN","51.2.0",2015,1104.882,"I","Q_tlw"
"048","LHN","51.2.0",2016,894.886,"I","Q_tlw"
"048","LHN","51.2.0",2017,1242.134,"I","Q_tlw"
"048","LHN","51.2.0",2018,1174.952,"I","Q_tlw"
"048","LHN","51.2.0",2019,1233.899,"I","Q_tlw"
"048","LHN","51.2.0",2020,1015.806,"I","Q_tlw"
"048","LHN","51.2.0",2021,587.44,"I","Q_tlw"
"048","LHN","51.2.0",2022,852.79,"I","Q_tlw"
"048","LHN","51.2.0",2023,820,"I","Q_tlw"
"048","SBX","51.2.0",1986,355,"A","Q_tlw"
"048","SBX","51.2.0",1987,145,"A","Q_tlw"
"048","SBX","51.2.0",1988,133,"A","Q_tlw"
"048","SBX","51.2.0",1989,318,"A","Q_tlw"
"048","SBX","51.2.0",1990,284,"A","Q_tlw"
"048","SBX","51.2.0",1991,362,"A","Q_tlw"
"048","SBX","51.2.0",1992,487,"A","Q_tlw"
"048","SBX","51.2.0",1993,294,"A","Q_tlw"
"048","SBX","51.2.0",1994,283,"A","Q_tlw"
"048","SBX","51.2.0",1995,439,"A","Q_tlw"
"048","SBX","51.2.0",1996,496,"A","Q_tlw"
"048","SBX","51.2.0",1997,493,"A","Q_tlw"
"048","SBX","51.2.0",1998,757,"A","Q_tlw"
"048","SBX","51.2.0",1999,582,"A","Q_tlw"
"048","SBX","51.2.0",2000,591,"A","Q_tlw"
"048","SBX","51.2.0",2001,401,"A","Q_tlw"
"048","SBX","51.2.0",2002,488,"A","Q_tlw"
"048","SBX","51.2.0",2003,573,"A","Q_tlw"
"048","SBX","51.2.0",2004,4,"A","Q_tlw"
"048","SBX","51.2.0",2005,7,"A","Q_tlw"
"048","SBX","51.2.0",2006,13,"A","Q_tlw"
"048","SBX","51.2.0",2007,8,"A","Q_tlw"
"048","SBX","51.2.0",2008,18,"A","Q_tlw"
"048","SBX","51.2.0",2009,17,"A","Q_tlw"
"048","SBX","51.2.0",2010,23,"A","Q_tlw"
"048","SBX","51.2.0",2011,11,"A","Q_tlw"
"048","SBX","51.2.0",2012,42,"A","Q_tlw"
"048","SBX","51.2.0",2013,13,"A","Q_tlw"
"048","SBX","51.2.0",2014,17,"A","Q_tlw"
"048","SBX","51.2.0",2015,17.264,"I","Q_tlw"
"048","SBX","51.2.0",2016,13.983,"I","Q_tlw"
"048","SBX","51.2.0",2017,19.408,"I","Q_tlw"
"048","SBX","51.2.0",2018,18.359,"I","Q_tlw"
"048","SBX","51.2.0",2019,19.28,"I","Q_tlw"
"048","SBX","51.2.0",2020,15.872,"I","Q_tlw"
"048","SBX","51.2.0",2021,9.179,"I","Q_tlw"
"048","SBX","51.2.0",2022,13.325,"I","Q_tlw"
"048","SBX","51.2.0",2023,10,"I","Q_tlw"
"048","MLB","51.2.0",2004,18,"A","Q_tlw"
"048","MLB","51.2.0",2005,13,"A","Q_tlw"
"048","MLB","51.2.0",2006,9,"A","Q_tlw"
"048","MLB","51.2.0",2007,5,"A","Q_tlw"
"048","MLB","51.2.0",2008,24,"A","Q_tlw"
"048","MLB","51.2.0",2009,35,"A","Q_tlw"
"048","MLB","51.2.0",2010,20,"A","Q_tlw"
"048","MLB","51.2.0",2011,14,"A","Q_tlw"
"048","MLB","51.2.0",2012,24,"A","Q_tlw"
"048","MLB","51.2.0",2013,27,"A","Q_tlw"
"048","MLB","51.2.0",2014,56,"A","Q_tlw"
"048","MLB","51.2.0",2015,56.869,"I","Q_tlw"
"048","MLB","51.2.0",2016,46.06,"I","Q_tlw"
"048","MLB","51.2.0",2017,63.933,"I","Q_tlw"
"048","MLB","51.2.0",2018,60.475,"I","Q_tlw"
"048","MLB","51.2.0",2019,63.51,"I","Q_tlw"
"048","MLB","51.2.0",2020,52.284,"I","Q_tlw"
"048","MLB","51.2.0",2021,30.236,"I","Q_tlw"
"048","MLB","51.2.0",2022,43.894,"I","Q_tlw"
"048","MLB","51.2.0",2023,40,"I","Q_tlw"
"048","AAB","51.2.0",2004,80,"A","Q_tlw"
"048","AAB","51.2.0",2005,92,"A","Q_tlw"
"048","AAB","51.2.0",2006,134,"A","Q_tlw"
"048","AAB","51.2.0",2007,155,"A","Q_tlw"
"048","AAB","51.2.0",2008,214,"A","Q_tlw"
"048","AAB","51.2.0",2009,76,"A","Q_tlw"
"048","AAB","51.2.0",2010,90,"A","Q_tlw"
"048","AAB","51.2.0",2011,60,"A","Q_tlw"
"048","AAB","51.2.0",2012,95,"A","Q_tlw"
"048","AAB","51.2.0",2013,250,"A","Q_tlw"
"048","AAB","51.2.0",2014,205,"A","Q_tlw"
"048","AAB","51.2.0",2015,208.181,"I","Q_tlw"
"048","AAB","51.2.0",2016,168.614,"I","Q_tlw"
"048","AAB","51.2.0",2017,234.042,"I","Q_tlw"
"048","AAB","51.2.0",2018,221.383,"I","Q_tlw"
"048","AAB","51.2.0",2019,232.49,"I","Q_tlw"
"048","AAB","51.2.0",2020,191.397,"I","Q_tlw"
"048","AAB","51.2.0",2021,110.685,"I","Q_tlw"
"048","AAB","51.2.0",2022,160.682,"I","Q_tlw"
"048","AAB","51.2.0",2023,150,"I","Q_tlw"
"048","SLD","51.2.0",2004,55,"A","Q_tlw"
"048","SLD","51.2.0",2005,37,"A","Q_tlw"
"048","SLD","51.2.0",2006,54,"A","Q_tlw"
"048","SLD","51.2.0",2007,87,"A","Q_tlw"
"048","SLD","51.2.0",2008,76,"A","Q_tlw"
"048","SLD","51.2.0",2009,16,"A","Q_tlw"
"048","SLD","51.2.0",2010,8,"A","Q_tlw"
"048","SLD","51.2.0",2011,10,"A","Q_tlw"
"048","SLD","51.2.0",2012,54,"A","Q_tlw"
"048","SLD","51.2.0",2013,67,"A","Q_tlw"
"048","SLD","51.2.0",2014,101,"A","Q_tlw"
"048","SLD","51.2.0",2015,102.567,"I","Q_tlw"
"048","SLD","51.2.0",2016,83.073,"I","Q_tlw"
"048","SLD","51.2.0",2017,115.308,"I","Q_tlw"
"048","SLD","51.2.0",2018,109.072,"I","Q_tlw"
"048","SLD","51.2.0",2019,114.544,"I","Q_tlw"
"048","SLD","51.2.0",2020,94.298,"I","Q_tlw"
"048","SLD","51.2.0",2021,54.533,"I","Q_tlw"
"048","SLD","51.2.0",2022,79.165,"I","Q_tlw"
"048","SLD","51.2.0",2023,80,"I","Q_tlw"
"048","RXS","51.2.0",2004,181,"A","Q_tlw"
"048","RXS","51.2.0",2005,96,"A","Q_tlw"
"048","RXS","51.2.0",2006,188,"A","Q_tlw"
"048","RXS","51.2.0",2007,233,"A","Q_tlw"
"048","RXS","51.2.0",2008,266,"A","Q_tlw"
"048","RXS","51.2.0",2009,243,"A","Q_tlw"
"048","RXS","51.2.0",2010,172,"A","Q_tlw"
"048","RXS","51.2.0",2011,119,"A","Q_tlw"
"048","RXS","51.2.0",2012,277,"A","Q_tlw"
"048","RXS","51.2.0",2013,154,"A","Q_tlw"
"048","RXS","51.2.0",2014,251,"A","Q_tlw"
"048","RXS","51.2.0",2015,254.895,"I","Q_tlw"
"048","RXS","51.2.0",2016,206.449,"I","Q_tlw"
"048","RXS","51.2.0",2017,286.559,"I","Q_tlw"
"048","RXS","51.2.0",2018,271.06,"I","Q_tlw"
"048","RXS","51.2.0",2019,284.659,"I","Q_tlw"
"048","RXS","51.2.0",2020,234.345,"I","Q_tlw"
"048","RXS","51.2.0",2021,135.522,"I","Q_tlw"
"048","RXS","51.2.0",2022,196.737,"I","Q_tlw"
"048","RXS","51.2.0",2023,190,"I","Q_tlw"
"048","SZH","51.2.0",2004,21,"A","Q_tlw"
"048","SZH","51.2.0",2005,6,"A","Q_tlw"
"048","SZH","51.2.0",2006,18,"A","Q_tlw"
"048","SZH","51.2.0",2007,48,"A","Q_tlw"
"048","SZH","51.2.0",2008,4,"A","Q_tlw"
"048","SZH","51.2.0",2009,74,"A","Q_tlw"
"048","SZH","51.2.0",2010,9,"A","Q_tlw"
"048","SZH","51.2.0",2011,1,"A","Q_tlw"
"048","SZH","51.2.0",2012,5,"A","Q_tlw"
"048","SZH","51.2.0",2013,4,"A","Q_tlw"
"048","SZH","51.2.0",2014,2,"A","Q_tlw"
"048","SZH","51.2.0",2015,2.031,"I","Q_tlw"
"048","SZH","51.2.0",2016,1.645,"I","Q_tlw"
"048","SZH","51.2.0",2017,2.283,"I","Q_tlw"
"048","SZH","51.2.0",2018,2.16,"I","Q_tlw"
"048","SZH","51.2.0",2019,2.268,"I","Q_tlw"
"048","SZH","51.2.0",2020,1.867,"I","Q_tlw"
"048","SZH","51.2.0",2021,1.08,"I","Q_tlw"
"048","SZH","51.2.0",2022,1.568,"I","Q_tlw"
"048","SZH","51.2.0",2023,1,"I","Q_tlw"
"048","SPI","51.2.0",1986,1323,"A","Q_tlw"
"048","SPI","51.2.0",1987,1566,"A","Q_tlw"
"048","SPI","51.2.0",1988,1269,"A","Q_tlw"
"048","SPI","51.2.0",1989,1476,"A","Q_tlw"
"048","SPI","51.2.0",1990,1166,"A","Q_tlw"
"048","SPI","51.2.0",1991,1478,"A","Q_tlw"
"048","SPI","51.2.0",1992,1146,"A","Q_tlw"
"048","SPI","51.2.0",1993,1242,"A","Q_tlw"
"048","SPI","51.2.0",1994,1251,"A","Q_tlw"
"048","SPI","51.2.0",1995,1543,"A","Q_tlw"
"048","SPI","51.2.0",1996,2185,"A","Q_tlw"
"048","SPI","51.2.0",1997,1612,"A","Q_tlw"
"048","SPI","51.2.0",1998,1523,"A","Q_tlw"
"048","SPI","51.2.0",1999,1241,"A","Q_tlw"
"048","SPI","51.2.0",2000,2114,"A","Q_tlw"
"048","SPI","51.2.0",2001,1899,"A","Q_tlw"
"048","SPI","51.2.0",2002,2009,"A","Q_tlw"
"048","SPI","51.2.0",2003,2273,"A","Q_tlw"
"048","SPI","51.2.0",2004,1836,"A","Q_tlw"
"048","SPI","51.2.0",2005,1802,"A","Q_tlw"
"048","SPI","51.2.0",2006,2602,"A","Q_tlw"
"048","SPI","51.2.0",2007,1695,"A","Q_tlw"
"048","SPI","51.2.0",2008,1607,"A","Q_tlw"
"048","SPI","51.2.0",2009,1366,"A","Q_tlw"
"048","SPI","51.2.0",2010,1700,"A","Q_tlw"
"048","SPI","51.2.0",2011,1100,"A","Q_tlw"
"048","SPI","51.2.0",2012,1687,"A","Q_tlw"
"048","SPI","51.2.0",2013,1876,"A","Q_tlw"
"048","SPI","51.2.0",2014,2432,"A","Q_tlw"
"048","SPI","51.2.0",2015,2469.736,"I","Q_tlw"
"048","SPI","51.2.0",2016,2000.333,"I","Q_tlw"
"048","SPI","51.2.0",2017,2776.536,"I","Q_tlw"
"048","SPI","51.2.0",2018,2626.364,"I","Q_tlw"
"048","SPI","51.2.0",2019,2758.128,"I","Q_tlw"
"048","SPI","51.2.0",2020,2270.625,"I","Q_tlw"
"048","SPI","51.2.0",2021,1313.102,"I","Q_tlw"
"048","SPI","51.2.0",2022,1906.236,"I","Q_tlw"
"048","SPI","51.2.0",2023,1830,"I","Q_tlw"
"048","DRI","51.2.0",2004,29,"A","Q_tlw"
"048","DRI","51.2.0",2005,11,"A","Q_tlw"
"048","DRI","51.2.0",2006,24,"A","Q_tlw"
"048","DRI","51.2.0",2007,128,"A","Q_tlw"
"048","DRI","51.2.0",2008,39,"A","Q_tlw"
"048","DRI","51.2.0",2009,26,"A","Q_tlw"
"048","DRI","51.2.0",2010,62,"A","Q_tlw"
"048","DRI","51.2.0",2011,26,"A","Q_tlw"
"048","DRI","51.2.0",2012,25,"A","Q_tlw"
"048","DRI","51.2.0",2013,219,"A","Q_tlw"
"048","DRI","51.2.0",2014,369,"A","Q_tlw"
"048","DRI","51.2.0",2015,374.726,"I","Q_tlw"
"048","DRI","51.2.0",2016,303.504,"I","Q_tlw"
"048","DRI","51.2.0",2017,421.275,"I","Q_tlw"
"048","DRI","51.2.0",2018,398.49,"I","Q_tlw"
"048","DRI","51.2.0",2019,418.482,"I","Q_tlw"
"048","DRI","51.2.0",2020,344.515,"I","Q_tlw"
"048","DRI","51.2.0",2021,199.233,"I","Q_tlw"
"048","DRI","51.2.0",2022,289.227,"I","Q_tlw"
"048","DRI","51.2.0",2023,280,"I","Q_tlw"
"048","SIX","51.2.0",2004,64,"A","Q_tlw"
"048","SIX","51.2.0",2005,0,"A","Q_tlw"
"048","SIX","51.2.0",2006,35,"A","Q_tlw"
"048","SIX","51.2.0",2007,0,"N","Q_tlw"
"048","SIX","51.2.0",2008,5,"A","Q_tlw"
"048","SIX","51.2.0",2009,6,"A","Q_tlw"
"048","SIX","51.2.0",2010,44,"A","Q_tlw"
"048","SIX","51.2.0",2011,20,"A","Q_tlw"
"048","SIX","51.2.0",2012,68,"A","Q_tlw"
"048","SIX","51.2.0",2013,1,"A","Q_tlw"
"048","SIX","51.2.0",2014,101,"A","Q_tlw"
"048","SIX","51.2.0",2015,102.567,"I","Q_tlw"
"048","SIX","51.2.0",2016,83.073,"I","Q_tlw"
"048","SIX","51.2.0",2017,115.308,"I","Q_tlw"
"048","SIX","51.2.0",2018,109.072,"I","Q_tlw"
"048","SIX","51.2.0",2019,114.544,"I","Q_tlw"
"048","SIX","51.2.0",2020,94.298,"I","Q_tlw"
"048","SIX","51.2.0",2021,54.533,"I","Q_tlw"
"048","SIX","51.2.0",2022,79.165,"I","Q_tlw"
"048","SIX","51.2.0",2023,80,"I","Q_tlw"
"048","TUX","51.2.0",2011,0,"A","Q_tlw"
"048","TUX","51.2.0",2012,6,"I","Q_tlw"
"048","TUX","51.2.0",2013,2,"I","Q_tlw"
"048","TUX","51.2.0",2014,5,"I","Q_tlw"
"048","TUX","51.2.0",2015,5.078,"I","Q_tlw"
"048","TUX","51.2.0",2016,4.113,"I","Q_tlw"
"048","TUX","51.2.0",2017,5.708,"I","Q_tlw"
"048","TUX","51.2.0",2018,5.4,"I","Q_tlw"
"048","TUX","51.2.0",2019,5.67,"I","Q_tlw"
"048","TUX","51.2.0",2020,4.668,"I","Q_tlw"
"048","TUX","51.2.0",2021,2.7,"I","Q_tlw"
"048","TUX","51.2.0",2022,3.919,"I","Q_tlw"
"048","TUX","51.2.0",2023,4,"I","Q_tlw"
"048","KAW","51.2.0",2004,1,"A","Q_tlw"
"048","KAW","51.2.0",2005,28,"A","Q_tlw"
"048","KAW","51.2.0",2006,3,"A","Q_tlw"
"048","KAW","51.2.0",2007,10,"A","Q_tlw"
"048","KAW","51.2.0",2008,3,"A","Q_tlw"
"048","KAW","51.2.0",2009,4,"A","Q_tlw"
"048","KAW","51.2.0",2010,0,"A","Q_tlw"
"048","KAW","51.2.0",2011,0,"A","Q_tlw"
"048","KAW","51.2.0",2012,0,"A","Q_tlw"
"048","KAW","51.2.0",2013,0,"A","Q_tlw"
"048","KAW","51.2.0",2014,0,"A","Q_tlw"
"048","KAW","51.2.0",2015,0,"A","Q_tlw"
"048","KAW","51.2.0",2016,0,"A","Q_tlw"
"048","KAW","51.2.0",2017,0,"A","Q_tlw"
"048","KAW","51.2.0",2018,0,"A","Q_tlw"
"048","KAW","51.2.0",2019,0,"A","Q_tlw"
"048","KAW","51.2.0",2020,0,"A","Q_tlw"
"048","KAW","51.2.0",2021,0,"A","Q_tlw"
"048","KAW","51.2.0",2022,0,"A","Q_tlw"
"048","COM","51.2.0",1986,290,"A","Q_tlw"
"048","COM","51.2.0",1987,294,"A","Q_tlw"
"048","COM","51.2.0",1988,189,"A","Q_tlw"
"048","COM","51.2.0",1989,241,"A","Q_tlw"
"048","COM","51.2.0",1990,92,"A","Q_tlw"
"048","COM","51.2.0",1991,131,"A","Q_tlw"
"048","COM","51.2.0",1992,114,"A","Q_tlw"
"048","COM","51.2.0",1993,77,"A","Q_tlw"
"048","COM","51.2.0",1994,69,"A","Q_tlw"
"048","COM","51.2.0",1995,109,"A","Q_tlw"
"048","COM","51.2.0",1996,158,"A","Q_tlw"
"048","COM","51.2.0",1997,47,"A","Q_tlw"
"048","COM","51.2.0",1998,85,"A","Q_tlw"
"048","COM","51.2.0",1999,44,"A","Q_tlw"
"048","COM","51.2.0",2000,66,"A","Q_tlw"
"048","COM","51.2.0",2001,109,"A","Q_tlw"
"048","COM","51.2.0",2002,121,"A","Q_tlw"
"048","COM","51.2.0",2003,130,"A","Q_tlw"
"048","COM","51.2.0",2004,170,"A","Q_tlw"
"048","COM","51.2.0",2005,80,"A","Q_tlw"
"048","COM","51.2.0",2006,77,"A","Q_tlw"
"048","COM","51.2.0",2007,54,"A","Q_tlw"
"048","COM","51.2.0",2008,169,"A","Q_tlw"
"048","COM","51.2.0",2009,84,"A","Q_tlw"
"048","COM","51.2.0",2010,45,"A","Q_tlw"
"048","COM","51.2.0",2011,25,"A","Q_tlw"
"048","COM","51.2.0",2012,161,"I","Q_tlw"
"048","COM","51.2.0",2013,110,"I","Q_tlw"
"048","COM","51.2.0",2014,77,"I","Q_tlw"
"048","COM","51.2.0",2015,78.195,"I","Q_tlw"
"048","COM","51.2.0",2016,63.333,"I","Q_tlw"
"048","COM","51.2.0",2017,87.908,"I","Q_tlw"
"048","COM","51.2.0",2018,83.154,"I","Q_tlw"
"048","COM","51.2.0",2019,87.326,"I","Q_tlw"
"048","COM","51.2.0",2020,71.891,"I","Q_tlw"
"048","COM","51.2.0",2021,41.574,"I","Q_tlw"
"048","COM","51.2.0",2022,60.354,"I","Q_tlw"
"048","COM","51.2.0",2023,60,"I","Q_tlw"
"048","BAR","51.2.0",1986,62,"A","Q_tlw"
"048","BAR","51.2.0",1987,111,"A","Q_tlw"
"048","BAR","51.2.0",1988,124,"A","Q_tlw"
"048","BAR","51.2.0",1989,120,"A","Q_tlw"
"048","BAR","51.2.0",1990,122,"A","Q_tlw"
"048","BAR","51.2.0",1991,67,"A","Q_tlw"
"048","BAR","51.2.0",1992,73,"A","Q_tlw"
"048","BAR","51.2.0",1993,89,"A","Q_tlw"
"048","BAR","51.2.0",1994,66,"A","Q_tlw"
"048","BAR","51.2.0",1995,107,"A","Q_tlw"
"048","BAR","51.2.0",1996,159,"A","Q_tlw"
"048","BAR","51.2.0",1997,82,"A","Q_tlw"
"048","BAR","51.2.0",1998,156,"A","Q_tlw"
"048","BAR","51.2.0",1999,6,"A","Q_tlw"
"048","BAR","51.2.0",2000,8,"A","Q_tlw"
"048","BAR","51.2.0",2001,7,"A","Q_tlw"
"048","BAR","51.2.0",2002,6,"A","Q_tlw"
"048","BAR","51.2.0",2003,11,"A","Q_tlw"
"048","BAR","51.2.0",2004,0,"A","Q_tlw"
"048","BAR","51.2.0",2005,0,"A","Q_tlw"
"048","BAR","51.2.0",2006,0,"A","Q_tlw"
"048","BAR","51.2.0",2007,0,"A","Q_tlw"
"048","BAR","51.2.0",2008,0,"A","Q_tlw"
"048","BAR","51.2.0",2009,0,"A","Q_tlw"
"048","BAR","51.2.0",2010,0,"A","Q_tlw"
"048","BAR","51.2.0",2011,0,"A","Q_tlw"
"048","BAR","51.2.0",2012,0,"A","Q_tlw"
"048","BAR","51.2.0",2013,0,"A","Q_tlw"
"048","BAR","51.2.0",2014,0,"A","Q_tlw"
"048","BAR","51.2.0",2015,0,"A","Q_tlw"
"048","BAR","51.2.0",2016,0,"A","Q_tlw"
"048","BAR","51.2.0",2017,0,"A","Q_tlw"
"048","BAR","51.2.0",2018,0,"A","Q_tlw"
"048","BAR","51.2.0",2019,0,"A","Q_tlw"
"048","BAR","51.2.0",2020,0,"A","Q_tlw"
"048","BAR","51.2.0",2021,0,"A","Q_tlw"
"048","BAR","51.2.0",2022,0,"A","Q_tlw"
"048","BAC","51.2.0",2004,32,"A","Q_tlw"
"048","BAC","51.2.0",2005,96,"A","Q_tlw"
"048","BAC","51.2.0",2006,21,"A","Q_tlw"
"048","BAC","51.2.0",2007,15,"A","Q_tlw"
"048","BAC","51.2.0",2008,14,"A","Q_tlw"
"048","BAC","51.2.0",2009,26,"A","Q_tlw"
"048","BAC","51.2.0",2010,9,"A","Q_tlw"
"048","BAC","51.2.0",2011,5,"A","Q_tlw"
"048","BAC","51.2.0",2012,16,"A","Q_tlw"
"048","BAC","51.2.0",2013,10,"A","Q_tlw"
"048","BAC","51.2.0",2014,19,"A","Q_tlw"
"048","BAC","51.2.0",2015,19.295,"I","Q_tlw"
"048","BAC","51.2.0",2016,15.628,"I","Q_tlw"
"048","BAC","51.2.0",2017,21.692,"I","Q_tlw"
"048","BAC","51.2.0",2018,20.518,"I","Q_tlw"
"048","BAC","51.2.0",2019,21.548,"I","Q_tlw"
"048","BAC","51.2.0",2020,17.739,"I","Q_tlw"
"048","BAC","51.2.0",2021,10.259,"I","Q_tlw"
"048","BAC","51.2.0",2022,14.892,"I","Q_tlw"
"048","BAC","51.2.0",2023,10,"I","Q_tlw"
"048","YRB","51.2.0",2006,3,"A","Q_tlw"
"048","YRB","51.2.0",2007,7,"A","Q_tlw"
"048","YRB","51.2.0",2008,32,"A","Q_tlw"
"048","YRB","51.2.0",2009,26,"A","Q_tlw"
"048","YRB","51.2.0",2010,17,"A","Q_tlw"
"048","YRB","51.2.0",2011,18,"A","Q_tlw"
"048","YRB","51.2.0",2012,10,"A","Q_tlw"
"048","YRB","51.2.0",2013,8,"A","Q_tlw"
"048","YRB","51.2.0",2014,16,"A","Q_tlw"
"048","YRB","51.2.0",2015,16.248,"I","Q_tlw"
"048","YRB","51.2.0",2016,13.16,"I","Q_tlw"
"048","YRB","51.2.0",2017,18.267,"I","Q_tlw"
"048","YRB","51.2.0",2018,17.279,"I","Q_tlw"
"048","YRB","51.2.0",2019,18.146,"I","Q_tlw"
"048","YRB","51.2.0",2020,14.938,"I","Q_tlw"
"048","YRB","51.2.0",2021,8.639,"I","Q_tlw"
"048","YRB","51.2.0",2022,12.541,"I","Q_tlw"
"048","YRB","51.2.0",2023,10,"I","Q_tlw"
"048","BAN","51.2.0",2004,20,"A","Q_tlw"
"048","BAN","51.2.0",2005,21,"A","Q_tlw"
"048","BAN","51.2.0",2006,45,"A","Q_tlw"
"048","BAN","51.2.0",2007,34,"A","Q_tlw"
"048","BAN","51.2.0",2008,134,"A","Q_tlw"
"048","BAN","51.2.0",2009,10,"A","Q_tlw"
"048","BAN","51.2.0",2010,23,"A","Q_tlw"
"048","BAN","51.2.0",2011,3,"A","Q_tlw"
"048","BAN","51.2.0",2012,27,"A","Q_tlw"
"048","BAN","51.2.0",2013,39,"A","Q_tlw"
"048","BAN","51.2.0",2014,6,"A","Q_tlw"
"048","BAN","51.2.0",2015,6.093,"I","Q_tlw"
"048","BAN","51.2.0",2016,4.935,"I","Q_tlw"
"048","BAN","51.2.0",2017,6.85,"I","Q_tlw"
"048","BAN","51.2.0",2018,6.48,"I","Q_tlw"
"048","BAN","51.2.0",2019,6.805,"I","Q_tlw"
"048","BAN","51.2.0",2020,5.602,"I","Q_tlw"
"048","BAN","51.2.0",2021,3.24,"I","Q_tlw"
"048","BAN","51.2.0",2022,4.703,"I","Q_tlw"
"048","BAN","51.2.0",2023,5,"I","Q_tlw"
"048","CGX","51.2.0",1986,433,"A","Q_tlw"
"048","CGX","51.2.0",1987,320,"A","Q_tlw"
"048","CGX","51.2.0",1988,394,"A","Q_tlw"
"048","CGX","51.2.0",1989,536,"A","Q_tlw"
"048","CGX","51.2.0",1990,492,"A","Q_tlw"
"048","CGX","51.2.0",1991,508,"A","Q_tlw"
"048","CGX","51.2.0",1992,361,"A","Q_tlw"
"048","CGX","51.2.0",1993,515,"A","Q_tlw"
"048","CGX","51.2.0",1994,382,"A","Q_tlw"
"048","CGX","51.2.0",1995,495,"A","Q_tlw"
"048","CGX","51.2.0",1996,668,"A","Q_tlw"
"048","CGX","51.2.0",1997,498,"A","Q_tlw"
"048","CGX","51.2.0",1998,359,"A","Q_tlw"
"048","CGX","51.2.0",1999,524,"A","Q_tlw"
"048","CGX","51.2.0",2000,414,"A","Q_tlw"
"048","CGX","51.2.0",2001,450,"A","Q_tlw"
"048","CGX","51.2.0",2002,470,"A","Q_tlw"
"048","CGX","51.2.0",2003,570,"A","Q_tlw"
"048","CGX","51.2.0",2004,320,"A","Q_tlw"
"048","CGX","51.2.0",2005,63,"A","Q_tlw"
"048","CGX","51.2.0",2006,167,"A","Q_tlw"
"048","CGX","51.2.0",2007,106,"A","Q_tlw"
"048","CGX","51.2.0",2008,78,"A","Q_tlw"
"048","CGX","51.2.0",2009,35,"A","Q_tlw"
"048","CGX","51.2.0",2010,45,"A","Q_tlw"
"048","CGX","51.2.0",2011,43,"A","Q_tlw"
"048","CGX","51.2.0",2012,75,"A","Q_tlw"
"048","CGX","51.2.0",2013,19,"A","Q_tlw"
"048","CGX","51.2.0",2014,32,"A","Q_tlw"
"048","CGX","51.2.0",2015,32.497,"I","Q_tlw"
"048","CGX","51.2.0",2016,26.32,"I","Q_tlw"
"048","CGX","51.2.0",2017,36.533,"I","Q_tlw"
"048","CGX","51.2.0",2018,34.557,"I","Q_tlw"
"048","CGX","51.2.0",2019,36.291,"I","Q_tlw"
"048","CGX","51.2.0",2020,29.877,"I","Q_tlw"
"048","CGX","51.2.0",2021,17.278,"I","Q_tlw"
"048","CGX","51.2.0",2022,25.082,"I","Q_tlw"
"048","CGX","51.2.0",2023,20,"I","Q_tlw"
"048","LSJ","51.2.0",2012,43,"A","Q_tlw"
"048","LSJ","51.2.0",2013,30,"A","Q_tlw"
"048","LSJ","51.2.0",2014,25,"A","Q_tlw"
"048","LSJ","51.2.0",2015,25.388,"I","Q_tlw"
"048","LSJ","51.2.0",2016,20.563,"I","Q_tlw"
"048","LSJ","51.2.0",2017,28.542,"I","Q_tlw"
"048","LSJ","51.2.0",2018,26.998,"I","Q_tlw"
"048","LSJ","51.2.0",2019,28.352,"I","Q_tlw"
"048","LSJ","51.2.0",2020,23.341,"I","Q_tlw"
"048","LSJ","51.2.0",2021,13.498,"I","Q_tlw"
"048","LSJ","51.2.0",2022,19.595,"I","Q_tlw"
"048","LSJ","51.2.0",2023,20,"I","Q_tlw"
"048","GLT","51.2.0",2004,35,"A","Q_tlw"
"048","GLT","51.2.0",2005,36,"A","Q_tlw"
"048","GLT","51.2.0",2006,59,"A","Q_tlw"
"048","GLT","51.2.0",2007,44,"A","Q_tlw"
"048","GLT","51.2.0",2008,34,"A","Q_tlw"
"048","GLT","51.2.0",2009,26,"A","Q_tlw"
"048","GLT","51.2.0",2010,23,"A","Q_tlw"
"048","GLT","51.2.0",2011,11,"A","Q_tlw"
"048","GLT","51.2.0",2012,57,"A","Q_tlw"
"048","GLT","51.2.0",2013,79,"A","Q_tlw"
"048","GLT","51.2.0",2014,92,"A","Q_tlw"
"048","GLT","51.2.0",2015,93.428,"I","Q_tlw"
"048","GLT","51.2.0",2016,75.67,"I","Q_tlw"
"048","GLT","51.2.0",2017,105.033,"I","Q_tlw"
"048","GLT","51.2.0",2018,99.353,"I","Q_tlw"
"048","GLT","51.2.0",2019,104.337,"I","Q_tlw"
"048","GLT","51.2.0",2020,85.895,"I","Q_tlw"
"048","GLT","51.2.0",2021,49.673,"I","Q_tlw"
"048","GLT","51.2.0",2022,72.111,"I","Q_tlw"
"048","GLT","51.2.0",2023,70,"I","Q_tlw"
"048","HAS","51.2.0",1986,0,"A","Q_tlw"
"048","HAS","51.2.0",1987,0,"A","Q_tlw"
"048","HAS","51.2.0",1988,0,"A","Q_tlw"
"048","HAS","51.2.0",1989,0,"A","Q_tlw"
"048","HAS","51.2.0",1990,0,"A","Q_tlw"
"048","HAS","51.2.0",1991,0,"A","Q_tlw"
"048","HAS","51.2.0",1992,0,"A","Q_tlw"
"048","HAS","51.2.0",1993,0,"A","Q_tlw"
"048","HAS","51.2.0",1994,0,"A","Q_tlw"
"048","HAS","51.2.0",1995,0,"A","Q_tlw"
"048","HAS","51.2.0",1996,0,"A","Q_tlw"
"048","HAS","51.2.0",1997,0,"A","Q_tlw"
"048","HAS","51.2.0",1998,0,"A","Q_tlw"
"048","HAS","51.2.0",1999,0,"A","Q_tlw"
"048","HAS","51.2.0",2000,0,"A","Q_tlw"
"048","HAS","51.2.0",2001,0,"A","Q_tlw"
"048","HAS","51.2.0",2002,0,"A","Q_tlw"
"048","HAS","51.2.0",2003,0,"A","Q_tlw"
"048","HAS","51.2.0",2004,0,"A","Q_tlw"
"048","HAS","51.2.0",2005,0,"A","Q_tlw"
"048","HAS","51.2.0",2006,12,"A","Q_tlw"
"048","HAS","51.2.0",2007,0,"N","Q_tlw"
"048","HAS","51.2.0",2008,5,"A","Q_tlw"
"048","HAS","51.2.0",2009,4,"A","Q_tlw"
"048","HAS","51.2.0",2010,2,"A","Q_tlw"
"048","HAS","51.2.0",2011,0,"A","Q_tlw"
"048","HAS","51.2.0",2012,0,"N","Q_tlw"
"048","HAS","51.2.0",2013,0,"N","Q_tlw"
"048","HAS","51.2.0",2014,0,"A","Q_tlw"
"048","HAS","51.2.0",2015,0,"A","Q_tlw"
"048","HAS","51.2.0",2016,0,"A","Q_tlw"
"048","HAS","51.2.0",2017,0,"A","Q_tlw"
"048","HAS","51.2.0",2018,0,"A","Q_tlw"
"048","HAS","51.2.0",2019,0,"A","Q_tlw"
"048","HAS","51.2.0",2020,0,"A","Q_tlw"
"048","HAS","51.2.0",2021,0,"A","Q_tlw"
"048","HAS","51.2.0",2022,0,"A","Q_tlw"
"048","QUE","51.2.0",1986,9,"A","Q_tlw"
"048","QUE","51.2.0",1987,7,"A","Q_tlw"
"048","QUE","51.2.0",1988,6,"A","Q_tlw"
"048","QUE","51.2.0",1989,0,"A","Q_tlw"
"048","QUE","51.2.0",1990,0,"A","Q_tlw"
"048","QUE","51.2.0",2000,0,"A","Q_tlw"
"048","QUE","51.2.0",2001,0,"A","Q_tlw"
"048","QUE","51.2.0",2002,0,"A","Q_tlw"
"048","QUE","51.2.0",2003,0,"A","Q_tlw"
"048","QUE","51.2.0",2005,0,"A","Q_tlw"
"048","QUE","51.2.0",2006,0,"A","Q_tlw"
"048","QUE","51.2.0",2007,0,"A","Q_tlw"
"048","QUE","51.2.0",2008,0,"A","Q_tlw"
"048","QUE","51.2.0",2009,0,"A","Q_tlw"
"048","QUE","51.2.0",2010,0,"A","Q_tlw"
"048","QUE","51.2.0",2011,0,"A","Q_tlw"
"048","QUE","51.2.0",2012,0,"A","Q_tlw"
"048","QUE","51.2.0",2013,0,"A","Q_tlw"
"048","QUE","51.2.0",2014,0,"A","Q_tlw"
"048","QUE","51.2.0",2015,0,"A","Q_tlw"
"048","QUE","51.2.0",2016,0,"A","Q_tlw"
"048","QUE","51.2.0",2017,0,"A","Q_tlw"
"048","QUE","51.2.0",2018,0,"A","Q_tlw"
"048","QUE","51.2.0",2019,0,"A","Q_tlw"
"048","QUE","51.2.0",2020,0,"A","Q_tlw"
"048","QUE","51.2.0",2021,0,"A","Q_tlw"
"048","QUE","51.2.0",2022,0,"A","Q_tlw"
"048","OBM","51.2.0",2004,46,"A","Q_tlw"
"048","OBM","51.2.0",2005,57,"A","Q_tlw"
"048","OBM","51.2.0",2006,25,"A","Q_tlw"
"048","OBM","51.2.0",2007,66,"A","Q_tlw"
"048","OBM","51.2.0",2008,54,"A","Q_tlw"
"048","OBM","51.2.0",2009,82,"A","Q_tlw"
"048","OBM","51.2.0",2010,38,"A","Q_tlw"
"048","OBM","51.2.0",2011,9,"A","Q_tlw"
"048","OBM","51.2.0",2012,35,"A","Q_tlw"
"048","OBM","51.2.0",2013,108,"A","Q_tlw"
"048","OBM","51.2.0",2014,126,"A","Q_tlw"
"048","OBM","51.2.0",2015,127.955,"I","Q_tlw"
"048","OBM","51.2.0",2016,103.636,"I","Q_tlw"
"048","OBM","51.2.0",2017,143.85,"I","Q_tlw"
"048","OBM","51.2.0",2018,136.07,"I","Q_tlw"
"048","OBM","51.2.0",2019,142.896,"I","Q_tlw"
"048","OBM","51.2.0",2020,117.639,"I","Q_tlw"
"048","OBM","51.2.0",2021,68.031,"I","Q_tlw"
"048","OBM","51.2.0",2022,98.761,"I","Q_tlw"
"048","OBM","51.2.0",2023,90,"I","Q_tlw"
"048","AMB","51.2.0",2004,28,"A","Q_tlw"
"048","AMB","51.2.0",2005,12,"A","Q_tlw"
"048","AMB","51.2.0",2006,38,"A","Q_tlw"
"048","AMB","51.2.0",2007,18,"A","Q_tlw"
"048","AMB","51.2.0",2008,15,"A","Q_tlw"
"048","AMB","51.2.0",2009,2,"A","Q_tlw"
"048","AMB","51.2.0",2010,4,"A","Q_tlw"
"048","AMB","51.2.0",2012,7,"A","Q_tlw"
"048","AMB","51.2.0",2013,65,"A","Q_tlw"
"048","AMB","51.2.0",2014,86,"A","Q_tlw"
"048","AMB","51.2.0",2015,87.334,"I","Q_tlw"
"048","AMB","51.2.0",2016,70.735,"I","Q_tlw"
"048","AMB","51.2.0",2017,98.183,"I","Q_tlw"
"048","AMB","51.2.0",2018,92.873,"I","Q_tlw"
"048","AMB","51.2.0",2019,97.532,"I","Q_tlw"
"048","AMB","51.2.0",2020,80.293,"I","Q_tlw"
"048","AMB","51.2.0",2021,46.434,"I","Q_tlw"
"048","AMB","51.2.0",2022,67.408,"I","Q_tlw"
"048","AMB","51.2.0",2023,60,"I","Q_tlw"
"048","RNJ","51.2.0",2004,10,"A","Q_tlw"
"048","RNJ","51.2.0",2005,6,"A","Q_tlw"
"048","RNJ","51.2.0",2006,2,"A","Q_tlw"
"048","RNJ","51.2.0",2007,3,"A","Q_tlw"
"048","RNJ","51.2.0",2008,11,"A","Q_tlw"
"048","RNJ","51.2.0",2009,3,"A","Q_tlw"
"048","RNJ","51.2.0",2010,5,"A","Q_tlw"
"048","RNJ","51.2.0",2011,2,"A","Q_tlw"
"048","RNJ","51.2.0",2012,2,"A","Q_tlw"
"048","RNJ","51.2.0",2013,3,"A","Q_tlw"
"048","RNJ","51.2.0",2014,44,"A","Q_tlw"
"048","RNJ","51.2.0",2015,44.683,"I","Q_tlw"
"048","RNJ","51.2.0",2016,36.19,"I","Q_tlw"
"048","RNJ","51.2.0",2017,50.233,"I","Q_tlw"
"048","RNJ","51.2.0",2018,47.516,"I","Q_tlw"
"048","RNJ","51.2.0",2019,49.9,"I","Q_tlw"
"048","RNJ","51.2.0",2020,41.08,"I","Q_tlw"
"048","RNJ","51.2.0",2021,23.757,"I","Q_tlw"
"048","RNJ","51.2.0",2022,34.488,"I","Q_tlw"
"048","RNJ","51.2.0",2023,30,"I","Q_tlw"
"048","POO","51.2.0",1986,0,"A","Q_tlw"
"048","POO","51.2.0",1987,0,"A","Q_tlw"
"048","POO","51.2.0",1988,0,"A","Q_tlw"
"048","POO","51.2.0",1989,0,"A","Q_tlw"
"048","POO","51.2.0",1990,0,"A","Q_tlw"
"048","POO","51.2.0",1991,0,"A","Q_tlw"
"048","POO","51.2.0",1992,0,"A","Q_tlw"
"048","POO","51.2.0",1993,0,"A","Q_tlw"
"048","POO","51.2.0",1994,0,"A","Q_tlw"
"048","POO","51.2.0",1995,0,"A","Q_tlw"
"048","POO","51.2.0",1996,0,"A","Q_tlw"
"048","POO","51.2.0",1997,0,"A","Q_tlw"
"048","POO","51.2.0",1998,0,"A","Q_tlw"
"048","POO","51.2.0",1999,0,"A","Q_tlw"
"048","POO","51.2.0",2000,0,"A","Q_tlw"
"048","POO","51.2.0",2001,0,"A","Q_tlw"
"048","POO","51.2.0",2002,0,"A","Q_tlw"
"048","POO","51.2.0",2003,0,"A","Q_tlw"
"048","POO","51.2.0",2004,0,"A","Q_tlw"
"048","POO","51.2.0",2005,0,"A","Q_tlw"
"048","POO","51.2.0",2006,0,"A","Q_tlw"
"048","POO","51.2.0",2007,0,"A","Q_tlw"
"048","POO","51.2.0",2008,0,"A","Q_tlw"
"048","POO","51.2.0",2009,0,"A","Q_tlw"
"048","POO","51.2.0",2010,0,"A","Q_tlw"
"048","POO","51.2.0",2011,0,"A","Q_tlw"
"048","POO","51.2.0",2012,0,"A","Q_tlw"
"048","POO","51.2.0",2013,0,"A","Q_tlw"
"048","POO","51.2.0",2014,5,"A","Q_tlw"
"048","POO","51.2.0",2015,5.078,"I","Q_tlw"
"048","POO","51.2.0",2016,4.113,"I","Q_tlw"
"048","POO","51.2.0",2017,5.708,"I","Q_tlw"
"048","POO","51.2.0",2018,5.4,"I","Q_tlw"
"048","POO","51.2.0",2019,5.67,"I","Q_tlw"
"048","POO","51.2.0",2020,4.668,"I","Q_tlw"
"048","POO","51.2.0",2021,2.7,"I","Q_tlw"
"048","POO","51.2.0",2022,3.919,"I","Q_tlw"
"048","POO","51.2.0",2023,4,"I","Q_tlw"
"048","JAX","51.2.0",2004,152,"A","Q_tlw"
"048","JAX","51.2.0",2005,541,"A","Q_tlw"
"048","JAX","51.2.0",2006,204,"A","Q_tlw"
"048","JAX","51.2.0",2007,61,"A","Q_tlw"
"048","JAX","51.2.0",2008,73,"A","Q_tlw"
"048","JAX","51.2.0",2009,34,"A","Q_tlw"
"048","JAX","51.2.0",2010,3,"A","Q_tlw"
"048","JAX","51.2.0",2011,10,"A","Q_tlw"
"048","JAX","51.2.0",2012,11,"A","Q_tlw"
"048","JAX","51.2.0",2013,129,"A","Q_tlw"
"048","JAX","51.2.0",2014,21,"A","Q_tlw"
"048","JAX","51.2.0",2015,21.326,"I","Q_tlw"
"048","JAX","51.2.0",2016,17.273,"I","Q_tlw"
"048","JAX","51.2.0",2017,23.975,"I","Q_tlw"
"048","JAX","51.2.0",2018,22.678,"I","Q_tlw"
"048","JAX","51.2.0",2019,23.816,"I","Q_tlw"
"048","JAX","51.2.0",2020,19.607,"I","Q_tlw"
"048","JAX","51.2.0",2021,11.338,"I","Q_tlw"
"048","JAX","51.2.0",2022,16.46,"I","Q_tlw"
"048","JAX","51.2.0",2023,20,"I","Q_tlw"
"048","EHN","51.2.0",2004,3,"A","Q_tlw"
"048","EHN","51.2.0",2005,3,"A","Q_tlw"
"048","EHN","51.2.0",2006,2,"A","Q_tlw"
"048","EHN","51.2.0",2007,2,"A","Q_tlw"
"048","EHN","51.2.0",2008,1,"A","Q_tlw"
"048","EHN","51.2.0",2009,0,"N","Q_tlw"
"048","EHN","51.2.0",2010,0,"N","Q_tlw"
"048","EHN","51.2.0",2011,0,"A","Q_tlw"
"048","EHN","51.2.0",2012,0,"N","Q_tlw"
"048","EHN","51.2.0",2013,0,"N","Q_tlw"
"048","EHN","51.2.0",2014,3,"A","Q_tlw"
"048","EHN","51.2.0",2015,3.047,"I","Q_tlw"
"048","EHN","51.2.0",2016,2.468,"I","Q_tlw"
"048","EHN","51.2.0",2017,3.425,"I","Q_tlw"
"048","EHN","51.2.0",2018,3.24,"I","Q_tlw"
"048","EHN","51.2.0",2019,3.402,"I","Q_tlw"
"048","EHN","51.2.0",2020,2.801,"I","Q_tlw"
"048","EHN","51.2.0",2021,1.62,"I","Q_tlw"
"048","EHN","51.2.0",2022,2.351,"I","Q_tlw"
"048","EHN","51.2.0",2023,2,"I","Q_tlw"
"048","CBA","51.2.0",1986,17,"A","Q_tlw"
"048","CBA","51.2.0",1987,15,"A","Q_tlw"
"048","CBA","51.2.0",1988,13,"A","Q_tlw"
"048","CBA","51.2.0",1989,26,"A","Q_tlw"
"048","CBA","51.2.0",1990,16,"A","Q_tlw"
"048","CBA","51.2.0",1991,12,"A","Q_tlw"
"048","CBA","51.2.0",1992,22,"A","Q_tlw"
"048","CBA","51.2.0",1993,30,"A","Q_tlw"
"048","CBA","51.2.0",1994,17,"A","Q_tlw"
"048","CBA","51.2.0",1995,32,"A","Q_tlw"
"048","CBA","51.2.0",1996,38,"A","Q_tlw"
"048","CBA","51.2.0",1997,19,"A","Q_tlw"
"048","CBA","51.2.0",1998,6,"A","Q_tlw"
"048","CBA","51.2.0",1999,9,"A","Q_tlw"
"048","CBA","51.2.0",2000,9,"A","Q_tlw"
"048","CBA","51.2.0",2001,20,"A","Q_tlw"
"048","CBA","51.2.0",2002,11,"A","Q_tlw"
"048","CBA","51.2.0",2003,5,"A","Q_tlw"
"048","CBA","51.2.0",2004,22,"A","Q_tlw"
"048","CBA","51.2.0",2005,7,"A","Q_tlw"
"048","CBA","51.2.0",2006,5,"A","Q_tlw"
"048","CBA","51.2.0",2007,4,"A","Q_tlw"
"048","CBA","51.2.0",2008,11,"A","Q_tlw"
"048","CBA","51.2.0",2009,3,"A","Q_tlw"
"048","CBA","51.2.0",2010,3,"A","Q_tlw"
"048","CBA","51.2.0",2011,2,"A","Q_tlw"
"048","CBA","51.2.0",2012,6,"A","Q_tlw"
"048","CBA","51.2.0",2013,5,"A","Q_tlw"
"048","CBA","51.2.0",2014,8,"A","Q_tlw"
"048","CBA","51.2.0",2015,8.124,"I","Q_tlw"
"048","CBA","51.2.0",2016,6.58,"I","Q_tlw"
"048","CBA","51.2.0",2017,9.133,"I","Q_tlw"
"048","CBA","51.2.0",2018,8.639,"I","Q_tlw"
"048","CBA","51.2.0",2019,9.073,"I","Q_tlw"
"048","CBA","51.2.0",2020,7.469,"I","Q_tlw"
"048","CBA","51.2.0",2021,4.319,"I","Q_tlw"
"048","CBA","51.2.0",2022,6.271,"I","Q_tlw"
"048","CBA","51.2.0",2023,10,"I","Q_tlw"
"048","SIL","51.2.0",1986,0,"A","Q_tlw"
"048","SIL","51.2.0",1987,0,"A","Q_tlw"
"048","SIL","51.2.0",1988,0,"A","Q_tlw"
"048","SIL","51.2.0",1989,0,"A","Q_tlw"
"048","SIL","51.2.0",1990,0,"A","Q_tlw"
"048","SIL","51.2.0",1991,0,"A","Q_tlw"
"048","SIL","51.2.0",1992,0,"A","Q_tlw"
"048","SIL","51.2.0",1993,0,"A","Q_tlw"
"048","SIL","51.2.0",1994,0,"A","Q_tlw"
"048","SIL","51.2.0",1995,0,"A","Q_tlw"
"048","SIL","51.2.0",1996,0,"A","Q_tlw"
"048","SIL","51.2.0",1997,0,"A","Q_tlw"
"048","SIL","51.2.0",1998,0,"A","Q_tlw"
"048","SIL","51.2.0",1999,0,"A","Q_tlw"
"048","SIL","51.2.0",2000,0,"A","Q_tlw"
"048","SIL","51.2.0",2001,0,"A","Q_tlw"
"048","SIL","51.2.0",2002,0,"A","Q_tlw"
"048","SIL","51.2.0",2003,0,"A","Q_tlw"
"048","SIL","51.2.0",2004,0,"A","Q_tlw"
"048","SIL","51.2.0",2005,0,"A","Q_tlw"
"048","SIL","51.2.0",2006,0,"A","Q_tlw"
"048","SIL","51.2.0",2007,0,"A","Q_tlw"
"048","SIL","51.2.0",2008,0,"A","Q_tlw"
"048","SIL","51.2.0",2009,0,"A","Q_tlw"
"048","SIL","51.2.0",2010,4,"A","Q_tlw"
"048","SIL","51.2.0",2011,0,"A","Q_tlw"
"048","SIL","51.2.0",2012,0,"N","Q_tlw"
"048","SIL","51.2.0",2013,0,"A","Q_tlw"
"048","SIL","51.2.0",2014,0,"A","Q_tlw"
"048","SIL","51.2.0",2015,0,"A","Q_tlw"
"048","SIL","51.2.0",2016,0,"A","Q_tlw"
"048","SIL","51.2.0",2017,0,"A","Q_tlw"
"048","SIL","51.2.0",2018,0,"A","Q_tlw"
"048","SIL","51.2.0",2019,0,"A","Q_tlw"
"048","SIL","51.2.0",2020,0,"A","Q_tlw"
"048","SIL","51.2.0",2021,0,"A","Q_tlw"
"048","SIL","51.2.0",2022,0,"A","Q_tlw"
"048","BAF","51.2.0",2007,6,"A","Q_tlw"
"048","BAF","51.2.0",2008,14,"A","Q_tlw"
"048","BAF","51.2.0",2009,27,"A","Q_tlw"
"048","BAF","51.2.0",2010,15,"A","Q_tlw"
"048","BAF","51.2.0",2012,7,"A","Q_tlw"
"048","BAF","51.2.0",2013,8,"A","Q_tlw"
"048","BAF","51.2.0",2014,12,"A","Q_tlw"
"048","BAF","51.2.0",2015,12.186,"I","Q_tlw"
"048","BAF","51.2.0",2016,9.87,"I","Q_tlw"
"048","BAF","51.2.0",2017,13.7,"I","Q_tlw"
"048","BAF","51.2.0",2018,12.959,"I","Q_tlw"
"048","BAF","51.2.0",2019,13.609,"I","Q_tlw"
"048","BAF","51.2.0",2020,11.204,"I","Q_tlw"
"048","BAF","51.2.0",2021,6.479,"I","Q_tlw"
"048","BAF","51.2.0",2022,9.406,"I","Q_tlw"
"048","BAF","51.2.0",2023,10,"I","Q_tlw"
"048","BTS","51.2.0",1986,177,"A","Q_tlw"
"048","BTS","51.2.0",1987,33,"A","Q_tlw"
"048","BTS","51.2.0",1988,38,"A","Q_tlw"
"048","BTS","51.2.0",1989,62,"A","Q_tlw"
"048","BTS","51.2.0",1990,37,"A","Q_tlw"
"048","BTS","51.2.0",1991,18,"A","Q_tlw"
"048","BTS","51.2.0",1992,11,"A","Q_tlw"
"048","BTS","51.2.0",1993,14,"A","Q_tlw"
"048","BTS","51.2.0",1994,30,"A","Q_tlw"
"048","BTS","51.2.0",1995,29,"A","Q_tlw"
"048","BTS","51.2.0",1996,19,"A","Q_tlw"
"048","BTS","51.2.0",1997,46,"A","Q_tlw"
"048","BTS","51.2.0",1998,29,"A","Q_tlw"
"048","BTS","51.2.0",1999,26,"A","Q_tlw"
"048","BTS","51.2.0",2000,13,"A","Q_tlw"
"048","BTS","51.2.0",2001,53,"A","Q_tlw"
"048","BTS","51.2.0",2003,27,"A","Q_tlw"
"048","BTS","51.2.0",2004,132,"A","Q_tlw"
"048","BTS","51.2.0",2005,41,"A","Q_tlw"
"048","BTS","51.2.0",2006,78,"A","Q_tlw"
"048","BTS","51.2.0",2007,38,"A","Q_tlw"
"048","BTS","51.2.0",2008,63,"A","Q_tlw"
"048","BTS","51.2.0",2009,133,"A","Q_tlw"
"048","BTS","51.2.0",2010,81,"A","Q_tlw"
"048","BTS","51.2.0",2011,64,"A","Q_tlw"
"048","BTS","51.2.0",2012,70,"A","Q_tlw"
"048","BTS","51.2.0",2013,75,"A","Q_tlw"
"048","BTS","51.2.0",2014,114,"A","Q_tlw"
"048","BTS","51.2.0",2015,115.769,"I","Q_tlw"
"048","BTS","51.2.0",2016,93.766,"I","Q_tlw"
"048","BTS","51.2.0",2017,130.15,"I","Q_tlw"
"048","BTS","51.2.0",2018,123.111,"I","Q_tlw"
"048","BTS","51.2.0",2019,129.287,"I","Q_tlw"
"048","BTS","51.2.0",2020,106.436,"I","Q_tlw"
"048","BTS","51.2.0",2021,61.552,"I","Q_tlw"
"048","BTS","51.2.0",2022,89.355,"I","Q_tlw"
"048","BTS","51.2.0",2023,90,"I","Q_tlw"
"048","JKX","51.2.0",1986,9,"A","Q_tlw"
"048","JKX","51.2.0",1987,7,"A","Q_tlw"
"048","JKX","51.2.0",1988,6,"A","Q_tlw"
"048","JKX","51.2.0",1989,7,"A","Q_tlw"
"048","JKX","51.2.0",1990,0,"N","Q_tlw"
"048","JKX","51.2.0",1991,31,"A","Q_tlw"
"048","JKX","51.2.0",1992,10,"A","Q_tlw"
"048","JKX","51.2.0",1993,30,"A","Q_tlw"
"048","JKX","51.2.0",1994,61,"A","Q_tlw"
"048","JKX","51.2.0",1995,56,"A","Q_tlw"
"048","JKX","51.2.0",1996,73,"A","Q_tlw"
"048","JKX","51.2.0",1997,39,"A","Q_tlw"
"048","JKX","51.2.0",1998,116,"A","Q_tlw"
"048","JKX","51.2.0",1999,273,"A","Q_tlw"
"048","JKX","51.2.0",2000,39,"A","Q_tlw"
"048","JKX","51.2.0",2001,59,"A","Q_tlw"
"048","JKX","51.2.0",2002,28,"A","Q_tlw"
"048","JKX","51.2.0",2003,175,"A","Q_tlw"
"048","JKX","51.2.0",2004,52,"A","Q_tlw"
"048","JKX","51.2.0",2005,60,"A","Q_tlw"
"048","JKX","51.2.0",2006,134,"A","Q_tlw"
"048","JKX","51.2.0",2007,101,"A","Q_tlw"
"048","JKX","51.2.0",2008,84,"A","Q_tlw"
"048","JKX","51.2.0",2009,126,"A","Q_tlw"
"048","JKX","51.2.0",2010,103,"A","Q_tlw"
"048","JKX","51.2.0",2011,30,"A","Q_tlw"
"048","JKX","51.2.0",2012,86,"A","Q_tlw"
"048","JKX","51.2.0",2013,128,"A","Q_tlw"
"048","JKX","51.2.0",2014,134,"A","Q_tlw"
"048","JKX","51.2.0",2015,136.079,"I","Q_tlw"
"048","JKX","51.2.0",2016,110.216,"I","Q_tlw"
"048","JKX","51.2.0",2017,152.983,"I","Q_tlw"
"048","JKX","51.2.0",2018,144.709,"I","Q_tlw"
"048","JKX","51.2.0",2019,151.969,"I","Q_tlw"
"048","JKX","51.2.0",2020,125.108,"I","Q_tlw"
"048","JKX","51.2.0",2021,72.35,"I","Q_tlw"
"048","JKX","51.2.0",2022,105.031,"I","Q_tlw"
"048","JKX","51.2.0",2023,100,"I","Q_tlw"
"048","RSK","51.2.0",2004,97,"A","Q_tlw"
"048","RSK","51.2.0",2005,19,"A","Q_tlw"
"048","RSK","51.2.0",2006,42,"A","Q_tlw"
"048","RSK","51.2.0",2007,21,"A","Q_tlw"
"048","RSK","51.2.0",2008,43,"A","Q_tlw"
"048","RSK","51.2.0",2009,36,"A","Q_tlw"
"048","RSK","51.2.0",2010,14,"A","Q_tlw"
"048","RSK","51.2.0",2011,11,"A","Q_tlw"
"048","RSK","51.2.0",2012,5,"A","Q_tlw"
"048","RSK","51.2.0",2013,10,"A","Q_tlw"
"048","RSK","51.2.0",2014,19,"A","Q_tlw"
"048","RSK","51.2.0",2015,19.295,"I","Q_tlw"
"048","RSK","51.2.0",2016,15.628,"I","Q_tlw"
"048","RSK","51.2.0",2017,21.692,"I","Q_tlw"
"048","RSK","51.2.0",2018,20.518,"I","Q_tlw"
"048","RSK","51.2.0",2019,21.548,"I","Q_tlw"
"048","RSK","51.2.0",2020,17.739,"I","Q_tlw"
"048","RSK","51.2.0",2021,10.259,"I","Q_tlw"
"048","RSK","51.2.0",2022,14.892,"I","Q_tlw"
"048","RSK","51.2.0",2023,10,"I","Q_tlw"
"048","STT","51.2.0",2004,51,"A","Q_tlw"
"048","STT","51.2.0",2005,1,"A","Q_tlw"
"048","STT","51.2.0",2006,1,"A","Q_tlw"
"048","STT","51.2.0",2007,5,"A","Q_tlw"
"048","STT","51.2.0",2008,5,"A","Q_tlw"
"048","STT","51.2.0",2009,12,"A","Q_tlw"
"048","STT","51.2.0",2010,3,"A","Q_tlw"
"048","STT","51.2.0",2011,9,"A","Q_tlw"
"048","STT","51.2.0",2012,5,"A","Q_tlw"
"048","STT","51.2.0",2013,6,"A","Q_tlw"
"048","STT","51.2.0",2014,15,"A","Q_tlw"
"048","STT","51.2.0",2015,15.233,"I","Q_tlw"
"048","STT","51.2.0",2016,12.338,"I","Q_tlw"
"048","STT","51.2.0",2017,17.125,"I","Q_tlw"
"048","STT","51.2.0",2018,16.199,"I","Q_tlw"
"048","STT","51.2.0",2019,17.011,"I","Q_tlw"
"048","STT","51.2.0",2020,14.005,"I","Q_tlw"
"048","STT","51.2.0",2021,8.099,"I","Q_tlw"
"048","STT","51.2.0",2022,11.757,"I","Q_tlw"
"048","STT","51.2.0",2023,10,"I","Q_tlw"
"048","MZZ","51.2.0",1986,729,"A","Q_tlw"
"048","MZZ","51.2.0",1987,743,"A","Q_tlw"
"048","MZZ","51.2.0",1988,663,"A","Q_tlw"
"048","MZZ","51.2.0",1989,762,"A","Q_tlw"
"048","MZZ","51.2.0",1990,772,"A","Q_tlw"
"048","MZZ","51.2.0",1991,502,"A","Q_tlw"
"048","MZZ","51.2.0",1992,850,"A","Q_tlw"
"048","MZZ","51.2.0",1993,759,"A","Q_tlw"
"048","MZZ","51.2.0",1994,785,"A","Q_tlw"
"048","MZZ","51.2.0",1995,1043,"A","Q_tlw"
"048","MZZ","51.2.0",1996,1185,"A","Q_tlw"
"048","MZZ","51.2.0",1997,1029,"A","Q_tlw"
"048","MZZ","51.2.0",1998,852,"A","Q_tlw"
"048","MZZ","51.2.0",1999,938,"A","Q_tlw"
"048","MZZ","51.2.0",2000,859,"A","Q_tlw"
"048","MZZ","51.2.0",2001,1077,"A","Q_tlw"
"048","MZZ","51.2.0",2002,803,"A","Q_tlw"
"048","MZZ","51.2.0",2003,948,"A","Q_tlw"
"048","MZZ","51.2.0",2004,770,"A","Q_tlw"
"048","MZZ","51.2.0",2005,928,"A","Q_tlw"
"048","MZZ","51.2.0",2006,1087,"A","Q_tlw"
"048","MZZ","51.2.0",2007,557,"A","Q_tlw"
"048","MZZ","51.2.0",2008,582,"A","Q_tlw"
"048","MZZ","51.2.0",2009,518,"A","Q_tlw"
"048","MZZ","51.2.0",2010,456,"A","Q_tlw"
"048","MZZ","51.2.0",2011,336,"A","Q_tlw"
"048","MZZ","51.2.0",2012,417,"A","Q_tlw"
"048","MZZ","51.2.0",2013,541,"A","Q_tlw"
"048","MZZ","51.2.0",2014,467,"A","Q_tlw"
"048","MZZ","51.2.0",2015,474.246,"I","Q_tlw"
"048","MZZ","51.2.0",2016,384.11,"I","Q_tlw"
"048","MZZ","51.2.0",2017,533.159,"I","Q_tlw"
"048","MZZ","51.2.0",2018,504.322,"I","Q_tlw"
"048","MZZ","51.2.0",2019,529.624,"I","Q_tlw"
"048","MZZ","51.2.0",2020,436.012,"I","Q_tlw"
"048","MZZ","51.2.0",2021,252.146,"I","Q_tlw"
"048","MZZ","51.2.0",2022,366.041,"I","Q_tlw"
"048","MZZ","51.2.0",2023,350,"I","Q_tlw"
"048","SCD","51.2.0",1986,154,"A","Q_tlw"
"048","SCD","51.2.0",1987,185,"A","Q_tlw"
"048","SCD","51.2.0",1988,191,"A","Q_tlw"
"048","SCD","51.2.0",1989,367,"A","Q_tlw"
"048","SCD","51.2.0",1990,589,"A","Q_tlw"
"048","SCD","51.2.0",1991,600,"A","Q_tlw"
"048","SCD","51.2.0",1992,914,"A","Q_tlw"
"048","SCD","51.2.0",1993,690,"A","Q_tlw"
"048","SCD","51.2.0",1994,821,"A","Q_tlw"
"048","SCD","51.2.0",1995,807,"A","Q_tlw"
"048","SCD","51.2.0",1996,1047,"A","Q_tlw"
"048","SCD","51.2.0",1997,1289,"A","Q_tlw"
"048","SCD","51.2.0",1998,1017,"A","Q_tlw"
"048","SCD","51.2.0",1999,2179,"A","Q_tlw"
"048","SCD","51.2.0",2000,2380,"A","Q_tlw"
"048","SCD","51.2.0",2001,2556,"A","Q_tlw"
"048","SCD","51.2.0",2002,2828,"A","Q_tlw"
"048","SCD","51.2.0",2003,3522,"A","Q_tlw"
"048","SCD","51.2.0",2004,4169,"A","Q_tlw"
"048","SCD","51.2.0",2005,3246,"A","Q_tlw"
"048","SCD","51.2.0",2006,3695,"A","Q_tlw"
"048","SCD","51.2.0",2007,3248,"A","Q_tlw"
"048","SCD","51.2.0",2008,4656,"A","Q_tlw"
"048","SCD","51.2.0",2009,4142,"A","Q_tlw"
"048","SCD","51.2.0",2010,3912,"A","Q_tlw"
"048","SCD","51.2.0",2011,3042,"A","Q_tlw"
"048","SCD","51.2.0",2012,4319,"A","Q_tlw"
"048","SCD","51.2.0",2013,3663,"A","Q_tlw"
"048","SCD","51.2.0",2014,4898,"A","Q_tlw"
"048","SCD","51.2.0",2015,4974,"I","Q_tlw"
"048","SCD","51.2.0",2016,4028.631,"I","Q_tlw"
"048","SCD","51.2.0",2017,5591.888,"I","Q_tlw"
"048","SCD","51.2.0",2018,5289.445,"I","Q_tlw"
"048","SCD","51.2.0",2019,5554.815,"I","Q_tlw"
"048","SCD","51.2.0",2020,4572.994,"I","Q_tlw"
"048","SCD","51.2.0",2021,2644.562,"I","Q_tlw"
"048","SCD","51.2.0",2022,3839.122,"I","Q_tlw"
"048","SCD","51.2.0",2023,3690,"I","Q_tlw"
"048","THQ","51.2.0",1986,40,"A","Q_tlw"
"048","THQ","51.2.0",1987,32,"A","Q_tlw"
"048","THQ","51.2.0",1988,21,"A","Q_tlw"
"048","THQ","51.2.0",1989,53,"A","Q_tlw"
"048","THQ","51.2.0",1990,64,"A","Q_tlw"
"048","THQ","51.2.0",1991,66,"A","Q_tlw"
"048","THQ","51.2.0",1992,107,"A","Q_tlw"
"048","THQ","51.2.0",1993,209,"A","Q_tlw"
"048","THQ","51.2.0",1994,149,"A","Q_tlw"
"048","THQ","51.2.0",1995,150,"A","Q_tlw"
"048","THQ","51.2.0",1996,125,"A","Q_tlw"
"048","THQ","51.2.0",1997,56,"A","Q_tlw"
"048","THQ","51.2.0",1998,51,"A","Q_tlw"
"048","THQ","51.2.0",1999,6,"A","Q_tlw"
"048","THQ","51.2.0",2000,2,"A","Q_tlw"
"048","THQ","51.2.0",2001,2,"A","Q_tlw"
"048","THQ","51.2.0",2002,3,"A","Q_tlw"
"048","THQ","51.2.0",2003,1,"A","Q_tlw"
"048","THQ","51.2.0",2004,2,"A","Q_tlw"
"048","THQ","51.2.0",2005,10,"A","Q_tlw"
"048","THQ","51.2.0",2006,2,"A","Q_tlw"
"048","THQ","51.2.0",2007,3,"A","Q_tlw"
"048","THQ","51.2.0",2008,6,"A","Q_tlw"
"048","THQ","51.2.0",2009,3,"A","Q_tlw"
"048","THQ","51.2.0",2010,3,"A","Q_tlw"
"048","THQ","51.2.0",2011,2,"A","Q_tlw"
"048","THQ","51.2.0",2012,0,"N","Q_tlw"
"048","THQ","51.2.0",2013,1,"A","Q_tlw"
"048","THQ","51.2.0",2014,4,"A","Q_tlw"
"048","THQ","51.2.0",2015,4.062,"I","Q_tlw"
"048","THQ","51.2.0",2016,3.29,"I","Q_tlw"
"048","THQ","51.2.0",2017,4.567,"I","Q_tlw"
"048","THQ","51.2.0",2018,4.32,"I","Q_tlw"
"048","THQ","51.2.0",2019,4.536,"I","Q_tlw"
"048","THQ","51.2.0",2020,3.735,"I","Q_tlw"
"048","THQ","51.2.0",2021,2.16,"I","Q_tlw"
"048","THQ","51.2.0",2022,3.135,"I","Q_tlw"
"048","THQ","51.2.0",2023,3,"I","Q_tlw"
"048","TIP","51.2.0",1986,1733,"A","Q_tlw"
"048","TIP","51.2.0",1987,1843,"A","Q_tlw"
"048","TIP","51.2.0",1988,1118,"A","Q_tlw"
"048","TIP","51.2.0",1989,1515,"A","Q_tlw"
"048","TIP","51.2.0",1990,1248,"A","Q_tlw"
"048","TIP","51.2.0",1991,812,"A","Q_tlw"
"048","TIP","51.2.0",1992,755,"A","Q_tlw"
"048","TIP","51.2.0",1993,2128,"A","Q_tlw"
"048","TIP","51.2.0",1994,1185,"A","Q_tlw"
"048","TIP","51.2.0",1995,1662,"A","Q_tlw"
"048","TIP","51.2.0",1996,3565,"A","Q_tlw"
"048","TIP","51.2.0",1997,2571,"A","Q_tlw"
"048","TIP","51.2.0",1998,2530,"A","Q_tlw"
"048","TIP","51.2.0",1999,1622,"A","Q_tlw"
"048","TIP","51.2.0",2000,2104,"A","Q_tlw"
"048","TIP","51.2.0",2001,1359,"A","Q_tlw"
"048","TIP","51.2.0",2002,1401,"A","Q_tlw"
"048","TIP","51.2.0",2003,1602,"A","Q_tlw"
"048","TIP","51.2.0",2004,1585,"A","Q_tlw"
"048","TIP","51.2.0",2005,1107,"A","Q_tlw"
"048","TIP","51.2.0",2006,1951,"A","Q_tlw"
"048","TIP","51.2.0",2007,2790,"A","Q_tlw"
"048","TIP","51.2.0",2008,2403,"A","Q_tlw"
"048","TIP","51.2.0",2009,3432,"A","Q_tlw"
"048","TIP","51.2.0",2010,4599,"A","Q_tlw"
"048","TIP","51.2.0",2011,2537,"A","Q_tlw"
"048","TIP","51.2.0",2012,2490,"A","Q_tlw"
"048","TIP","51.2.0",2013,3083,"A","Q_tlw"
"048","TIP","51.2.0",2014,2965,"A","Q_tlw"
"048","TIP","51.2.0",2015,3011.007,"I","Q_tlw"
"048","TIP","51.2.0",2016,2438.728,"I","Q_tlw"
"048","TIP","51.2.0",2017,3385.045,"I","Q_tlw"
"048","TIP","51.2.0",2018,3201.961,"I","Q_tlw"
"048","TIP","51.2.0",2019,3362.602,"I","Q_tlw"
"048","TIP","51.2.0",2020,2768.258,"I","Q_tlw"
"048","TIP","51.2.0",2021,1600.883,"I","Q_tlw"
"048","TIP","51.2.0",2022,2324.009,"I","Q_tlw"
"048","TIP","51.2.0",2023,2230,"I","Q_tlw"
"048","IAH","51.2.0",1986,36,"A","Q_tlw"
"048","IAH","51.2.0",1987,28,"A","Q_tlw"
"048","IAH","51.2.0",1988,67,"A","Q_tlw"
"048","IAH","51.2.0",1989,140,"A","Q_tlw"
"048","IAH","51.2.0",1990,119,"A","Q_tlw"
"048","IAH","51.2.0",1991,139,"A","Q_tlw"
"048","IAH","51.2.0",1992,131,"A","Q_tlw"
"048","IAH","51.2.0",1993,138,"A","Q_tlw"
"048","IAH","51.2.0",1994,101,"A","Q_tlw"
"048","IAH","51.2.0",1995,113,"A","Q_tlw"
"048","IAH","51.2.0",1996,285,"A","Q_tlw"
"048","IAH","51.2.0",1997,126,"A","Q_tlw"
"048","IAH","51.2.0",1998,139,"A","Q_tlw"
"048","IAH","51.2.0",1999,48,"A","Q_tlw"
"048","IAH","51.2.0",2000,85,"A","Q_tlw"
"048","IAH","51.2.0",2001,104,"A","Q_tlw"
"048","IAH","51.2.0",2002,128,"A","Q_tlw"
"048","IAH","51.2.0",2003,151,"A","Q_tlw"
"048","IAH","51.2.0",2004,130,"A","Q_tlw"
"048","IAH","51.2.0",2005,176,"A","Q_tlw"
"048","IAH","51.2.0",2006,229,"A","Q_tlw"
"048","IAH","51.2.0",2007,224,"A","Q_tlw"
"048","IAH","51.2.0",2008,217,"A","Q_tlw"
"048","IAH","51.2.0",2009,208,"A","Q_tlw"
"048","IAH","51.2.0",2010,362,"A","Q_tlw"
"048","IAH","51.2.0",2011,126,"A","Q_tlw"
"048","IAH","51.2.0",2012,264,"A","Q_tlw"
"048","IAH","51.2.0",2013,310,"A","Q_tlw"
"048","IAH","51.2.0",2014,197,"A","Q_tlw"
"048","IAH","51.2.0",2015,200.057,"I","Q_tlw"
"048","IAH","51.2.0",2016,162.034,"I","Q_tlw"
"048","IAH","51.2.0",2017,224.909,"I","Q_tlw"
"048","IAH","51.2.0",2018,212.744,"I","Q_tlw"
"048","IAH","51.2.0",2019,223.417,"I","Q_tlw"
"048","IAH","51.2.0",2020,183.928,"I","Q_tlw"
"048","IAH","51.2.0",2021,106.366,"I","Q_tlw"
"048","IAH","51.2.0",2022,154.411,"I","Q_tlw"
"048","IAH","51.2.0",2023,150,"I","Q_tlw"
"048","JEL","51.2.0",2004,312,"A","Q_tlw"
"048","JEL","51.2.0",2005,358,"A","Q_tlw"
"048","JEL","51.2.0",2006,43,"A","Q_tlw"
"048","JEL","51.2.0",2007,1759,"A","Q_tlw"
"048","JEL","51.2.0",2008,325,"A","Q_tlw"
"048","JEL","51.2.0",2009,3341,"A","Q_tlw"
"048","JEL","51.2.0",2010,79,"A","Q_tlw"
"048","JEL","51.2.0",2011,1078,"A","Q_tlw"
"048","JEL","51.2.0",2012,14104,"A","Q_tlw"
"048","JEL","51.2.0",2013,5680,"I","Q_tlw"
"048","JEL","51.2.0",2014,2530,"I","Q_tlw"
"048","JEL","51.2.0",2015,400,"I","Q_tlw"
"048","JEL","51.2.0",2016,4260,"I","Q_tlw"
"048","JEL","51.2.0",2017,400,"I","Q_tlw"
"048","JEL","51.2.0",2018,3950,"I","Q_tlw"
"048","JEL","51.2.0",2019,300,"I","Q_tlw"
"048","JEL","51.2.0",2020,2400,"I","Q_tlw"
"048","JEL","51.2.0",2021,8440,"I","Q_tlw"
"048","JEL","51.2.0",2022,7410,"I","Q_tlw"
"048","JEL","51.2.0",2023,6080,"I","Q_tlw"
"364","HIL","51.2.0",1997,3940,"A","Q_tlw"
"364","HIL","51.2.0",1998,6190,"A","Q_tlw"
"364","HIL","51.2.0",1999,4973,"A","Q_tlw"
"364","HIL","51.2.0",2000,3692,"A","Q_tlw"
"364","HIL","51.2.0",2001,3327,"A","Q_tlw"
"364","HIL","51.2.0",2002,5683,"A","Q_tlw"
"364","HIL","51.2.0",2003,7870,"A","Q_tlw"
"364","HIL","51.2.0",2004,2781,"A","Q_tlw"
"364","HIL","51.2.0",2005,5309,"A","Q_tlw"
"364","HIL","51.2.0",2006,2752,"A","Q_tlw"
"364","HIL","51.2.0",2007,5439,"A","Q_tlw"
"364","HIL","51.2.0",2008,4179,"A","Q_tlw"
"364","HIL","51.2.0",2009,4666,"A","Q_tlw"
"364","HIL","51.2.0",2010,6414,"A","Q_tlw"
"364","HIL","51.2.0",2011,5716,"A","Q_tlw"
"364","HIL","51.2.0",2012,4405,"A","Q_tlw"
"364","HIL","51.2.0",2013,3117,"A","Q_tlw"
"364","HIL","51.2.0",2014,4138,"A","Q_tlw"
"364","HIL","51.2.0",2015,2364,"A","Q_tlw"
"364","HIL","51.2.0",2016,1877,"A","Q_tlw"
"364","HIL","51.2.0",2017,1688,"A","Q_tlw"
"364","HIL","51.2.0",2018,1327,"A","Q_tlw"
"364","HIL","51.2.0",2019,1124,"A","Q_tlw"
"364","HIL","51.2.0",2020,859,"A","Q_tlw"
"364","HIL","51.2.0",2021,1446,"A","Q_tlw"
"364","HIL","51.2.0",2022,1490,"I","Q_tlw"
"364","HIL","51.2.0",2023,1390,"I","Q_tlw"
"364","HIL","51.3.1",1997,101,"A","Q_tlw"
"364","HIL","51.3.1",1998,27,"A","Q_tlw"
"364","HIL","51.3.1",1999,37,"A","Q_tlw"
"364","HIL","51.3.1",2000,13,"A","Q_tlw"
"364","HIL","51.3.1",2001,12,"A","Q_tlw"
"364","HIL","51.3.1",2002,19,"A","Q_tlw"
"364","HIL","51.3.1",2003,26,"A","Q_tlw"
"364","HIL","51.3.1",2004,9,"A","Q_tlw"
"364","HIL","51.3.1",2005,12,"A","Q_tlw"
"364","HIL","51.3.1",2006,24,"A","Q_tlw"
"364","HIL","51.3.1",2007,2,"A","Q_tlw"
"364","HIL","51.3.1",2008,0,"A","Q_tlw"
"364","HIL","51.3.1",2009,6,"A","Q_tlw"
"364","HIL","51.3.1",2010,17,"A","Q_tlw"
"364","HIL","51.3.1",2011,3,"A","Q_tlw"
"364","HIL","51.3.1",2012,1,"A","Q_tlw"
"364","HIL","51.3.1",2013,1,"A","Q_tlw"
"364","HIL","51.3.1",2014,10,"A","Q_tlw"
"364","HIL","51.3.1",2015,2,"A","Q_tlw"
"364","HIL","51.3.1",2016,1,"A","Q_tlw"
"364","HIL","51.3.1",2017,1,"A","Q_tlw"
"364","HIL","51.3.1",2018,0,"A","Q_tlw"
"364","HIL","51.3.1",2019,0,"N","Q_tlw"
"364","HIL","51.3.1",2020,0,"I","Q_tlw"
"364","HIL","51.3.1",2021,0,"I","Q_tlw"
"364","HIL","51.3.1",2022,0,"I","Q_tlw"
"364","HIL","51.3.1",2023,0,"I","Q_tlw"
"364","HAI","51.2.0",1997,1475,"A","Q_tlw"
"364","HAI","51.2.0",1998,1557,"A","Q_tlw"
"364","HAI","51.2.0",1999,1028,"A","Q_tlw"
"364","HAI","51.2.0",2000,1785,"A","Q_tlw"
"364","HAI","51.2.0",2001,1602,"A","Q_tlw"
"364","HAI","51.2.0",2002,1354,"A","Q_tlw"
"364","HAI","51.2.0",2003,1400,"A","Q_tlw"
"364","HAI","51.2.0",2004,1782,"A","Q_tlw"
"364","HAI","51.2.0",2005,2777,"A","Q_tlw"
"364","HAI","51.2.0",2006,2002,"A","Q_tlw"
"364","HAI","51.2.0",2007,2762,"A","Q_tlw"
"364","HAI","51.2.0",2008,2892,"A","Q_tlw"
"364","HAI","51.2.0",2009,2103,"A","Q_tlw"
"364","HAI","51.2.0",2010,2129,"A","Q_tlw"
"364","HAI","51.2.0",2011,2699,"A","Q_tlw"
"364","HAI","51.2.0",2012,2697,"A","Q_tlw"
"364","HAI","51.2.0",2013,2570,"A","Q_tlw"
"364","HAI","51.2.0",2014,2330,"A","Q_tlw"
"364","HAI","51.2.0",2015,2859,"A","Q_tlw"
"364","HAI","51.2.0",2016,1966,"A","Q_tlw"
"364","HAI","51.2.0",2017,2269,"A","Q_tlw"
"364","HAI","51.2.0",2018,2144,"A","Q_tlw"
"364","HAI","51.2.0",2019,2890,"I","Q_tlw"
"364","HAI","51.2.0",2020,2550,"I","Q_tlw"
"364","HAI","51.2.0",2021,2700,"I","Q_tlw"
"364","HAI","51.2.0",2022,2781.898,"I","Q_tlw"
"364","HAI","51.2.0",2023,2595.939,"I","Q_tlw"
"364","HAI","51.3.1",1997,674,"A","Q_tlw"
"364","HAI","51.3.1",1998,690,"A","Q_tlw"
"364","HAI","51.3.1",1999,542,"A","Q_tlw"
"364","HAI","51.3.1",2000,435,"A","Q_tlw"
"364","HAI","51.3.1",2001,330,"A","Q_tlw"
"364","HAI","51.3.1",2002,504,"A","Q_tlw"
"364","HAI","51.3.1",2003,315,"A","Q_tlw"
"364","HAI","51.3.1",2004,461,"A","Q_tlw"
"364","HAI","51.3.1",2005,403,"A","Q_tlw"
"364","HAI","51.3.1",2006,534,"A","Q_tlw"
"364","HAI","51.3.1",2007,909,"A","Q_tlw"
"364","HAI","51.3.1",2008,1050,"A","Q_tlw"
"364","HAI","51.3.1",2009,768,"A","Q_tlw"
"364","HAI","51.3.1",2010,814,"A","Q_tlw"
"364","HAI","51.3.1",2011,730,"A","Q_tlw"
"364","HAI","51.3.1",2012,1287,"A","Q_tlw"
"364","HAI","51.3.1",2013,1621,"A","Q_tlw"
"364","HAI","51.3.1",2014,1225,"A","Q_tlw"
"364","HAI","51.3.1",2015,1706,"A","Q_tlw"
"364","HAI","51.3.1",2016,2291,"A","Q_tlw"
"364","HAI","51.3.1",2017,2242,"A","Q_tlw"
"364","HAI","51.3.1",2018,3644,"A","Q_tlw"
"364","HAI","51.3.1",2019,4462,"I","Q_tlw"
"364","HAI","51.3.1",2020,4289,"I","Q_tlw"
"364","HAI","51.3.1",2021,4487,"I","Q_tlw"
"364","HAI","51.3.1",2022,4623.102,"I","Q_tlw"
"364","HAI","51.3.1",2023,4314.061,"I","Q_tlw"
"364","CAX","51.2.0",1997,2538,"A","Q_tlw"
"364","CAX","51.2.0",1998,1773,"A","Q_tlw"
"364","CAX","51.2.0",1999,2099,"A","Q_tlw"
"364","CAX","51.2.0",2000,1267,"A","Q_tlw"
"364","CAX","51.2.0",2001,1851,"A","Q_tlw"
"364","CAX","51.2.0",2002,1749,"A","Q_tlw"
"364","CAX","51.2.0",2003,3524,"A","Q_tlw"
"364","CAX","51.2.0",2004,2502,"A","Q_tlw"
"364","CAX","51.2.0",2005,3867,"A","Q_tlw"
"364","CAX","51.2.0",2006,2308,"A","Q_tlw"
"364","CAX","51.2.0",2007,1378,"A","Q_tlw"
"364","CAX","51.2.0",2008,2158,"A","Q_tlw"
"364","CAX","51.2.0",2009,1161,"A","Q_tlw"
"364","CAX","51.2.0",2010,1810,"A","Q_tlw"
"364","CAX","51.2.0",2011,1830,"A","Q_tlw"
"364","CAX","51.2.0",2012,2133,"A","Q_tlw"
"364","CAX","51.2.0",2013,3012,"A","Q_tlw"
"364","CAX","51.2.0",2014,1996,"A","Q_tlw"
"364","CAX","51.2.0",2015,1955,"A","Q_tlw"
"364","CAX","51.2.0",2016,2151,"A","Q_tlw"
"364","CAX","51.2.0",2017,2158,"A","Q_tlw"
"364","CAX","51.2.0",2018,2046,"A","Q_tlw"
"364","CAX","51.2.0",2019,2458.28,"I","Q_tlw"
"364","CAX","51.2.0",2020,1938.198,"I","Q_tlw"
"364","CAX","51.2.0",2021,1713.448,"I","Q_tlw"
"364","CAX","51.2.0",2022,1765.063,"I","Q_tlw"
"364","CAX","51.2.0",2023,1647.004,"I","Q_tlw"
"364","CAX","51.3.1",1997,2539,"A","Q_tlw"
"364","CAX","51.3.1",1998,2010,"A","Q_tlw"
"364","CAX","51.3.1",1999,1801,"A","Q_tlw"
"364","CAX","51.3.1",2000,923,"A","Q_tlw"
"364","CAX","51.3.1",2001,1708,"A","Q_tlw"
"364","CAX","51.3.1",2002,1214,"A","Q_tlw"
"364","CAX","51.3.1",2003,1413,"A","Q_tlw"
"364","CAX","51.3.1",2004,1692,"A","Q_tlw"
"364","CAX","51.3.1",2005,943,"A","Q_tlw"
"364","CAX","51.3.1",2006,940,"A","Q_tlw"
"364","CAX","51.3.1",2007,1115,"A","Q_tlw"
"364","CAX","51.3.1",2008,1042,"A","Q_tlw"
"364","CAX","51.3.1",2009,1506,"A","Q_tlw"
"364","CAX","51.3.1",2010,1658,"A","Q_tlw"
"364","CAX","51.3.1",2011,2189,"A","Q_tlw"
"364","CAX","51.3.1",2012,2109,"A","Q_tlw"
"364","CAX","51.3.1",2013,1421,"A","Q_tlw"
"364","CAX","51.3.1",2014,1481,"A","Q_tlw"
"364","CAX","51.3.1",2015,1407,"A","Q_tlw"
"364","CAX","51.3.1",2016,3198,"A","Q_tlw"
"364","CAX","51.3.1",2017,9934,"A","Q_tlw"
"364","CAX","51.3.1",2018,14125,"A","Q_tlw"
"364","CAX","51.3.1",2019,10543.72,"I","Q_tlw"
"364","CAX","51.3.1",2020,8125.802,"I","Q_tlw"
"364","CAX","51.3.1",2021,7183.552,"I","Q_tlw"
"364","CAX","51.3.1",2022,7399.937,"I","Q_tlw"
"364","CAX","51.3.1",2023,6904.996,"I","Q_tlw"
"364","LIG","51.2.0",1997,2323,"A","Q_tlw"
"364","LIG","51.2.0",1998,2186,"A","Q_tlw"
"364","LIG","51.2.0",1999,1899,"A","Q_tlw"
"364","LIG","51.2.0",2000,1397,"A","Q_tlw"
"364","LIG","51.2.0",2001,1371,"A","Q_tlw"
"364","LIG","51.2.0",2002,1121,"A","Q_tlw"
"364","LIG","51.2.0",2003,2428,"A","Q_tlw"
"364","LIG","51.2.0",2004,1471,"A","Q_tlw"
"364","LIG","51.2.0",2005,3032,"A","Q_tlw"
"364","LIG","51.2.0",2006,2170,"A","Q_tlw"
"364","LIG","51.2.0",2007,1436,"A","Q_tlw"
"364","LIG","51.2.0",2008,1936,"A","Q_tlw"
"364","LIG","51.2.0",2009,1957,"A","Q_tlw"
"364","LIG","51.2.0",2010,1853,"A","Q_tlw"
"364","LIG","51.2.0",2011,2212,"A","Q_tlw"
"364","LIG","51.2.0",2012,2915,"A","Q_tlw"
"364","LIG","51.2.0",2013,3654,"A","Q_tlw"
"364","LIG","51.2.0",2014,2721,"A","Q_tlw"
"364","LIG","51.2.0",2015,3641,"A","Q_tlw"
"364","LIG","51.2.0",2016,3704,"A","Q_tlw"
"364","LIG","51.2.0",2017,4435,"A","Q_tlw"
"364","LIG","51.2.0",2018,4202,"A","Q_tlw"
"364","LIG","51.2.0",2019,4522.47,"I","Q_tlw"
"364","LIG","51.2.0",2020,4528.211,"I","Q_tlw"
"364","LIG","51.2.0",2021,3204.715,"I","Q_tlw"
"364","LIG","51.2.0",2022,3300.265,"I","Q_tlw"
"364","LIG","51.2.0",2023,3079.345,"I","Q_tlw"
"364","LIG","51.3.1",1997,2692,"A","Q_tlw"
"364","LIG","51.3.1",1998,3856,"A","Q_tlw"
"364","LIG","51.3.1",1999,1811,"A","Q_tlw"
"364","LIG","51.3.1",2000,2088,"A","Q_tlw"
"364","LIG","51.3.1",2001,2523,"A","Q_tlw"
"364","LIG","51.3.1",2002,3126,"A","Q_tlw"
"364","LIG","51.3.1",2003,1206,"A","Q_tlw"
"364","LIG","51.3.1",2004,1184,"A","Q_tlw"
"364","LIG","51.3.1",2005,1135,"A","Q_tlw"
"364","LIG","51.3.1",2006,1486,"A","Q_tlw"
"364","LIG","51.3.1",2007,1139,"A","Q_tlw"
"364","LIG","51.3.1",2008,628,"A","Q_tlw"
"364","LIG","51.3.1",2009,1073,"A","Q_tlw"
"364","LIG","51.3.1",2010,1540,"A","Q_tlw"
"364","LIG","51.3.1",2011,764,"A","Q_tlw"
"364","LIG","51.3.1",2012,1438,"A","Q_tlw"
"364","LIG","51.3.1",2013,2744,"A","Q_tlw"
"364","LIG","51.3.1",2014,1775,"A","Q_tlw"
"364","LIG","51.3.1",2015,1834,"A","Q_tlw"
"364","LIG","51.3.1",2016,1610,"A","Q_tlw"
"364","LIG","51.3.1",2017,1720,"A","Q_tlw"
"364","LIG","51.3.1",2018,2170,"A","Q_tlw"
"364","LIG","51.3.1",2019,2015.53,"I","Q_tlw"
"364","LIG","51.3.1",2020,2153.789,"I","Q_tlw"
"364","LIG","51.3.1",2021,1524.285,"I","Q_tlw"
"364","LIG","51.3.1",2022,1569.735,"I","Q_tlw"
"364","LIG","51.3.1",2023,1464.655,"I","Q_tlw"
"364","FOT","51.2.0",1997,277,"A","Q_tlw"
"364","FOT","51.2.0",1998,267,"A","Q_tlw"
"364","FOT","51.2.0",1999,293,"A","Q_tlw"
"364","FOT","51.2.0",2000,234,"A","Q_tlw"
"364","FOT","51.2.0",2001,119,"A","Q_tlw"
"364","FOT","51.2.0",2002,140,"A","Q_tlw"
"364","FOT","51.2.0",2003,453,"A","Q_tlw"
"364","FOT","51.2.0",2004,385,"A","Q_tlw"
"364","FOT","51.2.0",2005,680,"A","Q_tlw"
"364","FOT","51.2.0",2006,999,"A","Q_tlw"
"364","FOT","51.2.0",2007,888,"A","Q_tlw"
"364","FOT","51.2.0",2008,527,"A","Q_tlw"
"364","FOT","51.2.0",2009,418,"A","Q_tlw"
"364","FOT","51.2.0",2010,635,"A","Q_tlw"
"364","FOT","51.2.0",2011,458,"A","Q_tlw"
"364","FOT","51.2.0",2012,606,"A","Q_tlw"
"364","FOT","51.2.0",2013,522,"A","Q_tlw"
"364","FOT","51.2.0",2014,1111,"A","Q_tlw"
"364","FOT","51.2.0",2015,854,"A","Q_tlw"
"364","FOT","51.2.0",2016,1037,"A","Q_tlw"
"364","FOT","51.2.0",2017,1693,"A","Q_tlw"
"364","FOT","51.2.0",2018,1554,"A","Q_tlw"
"364","FOT","51.2.0",2019,2079.03,"I","Q_tlw"
"364","FOT","51.2.0",2020,1920.436,"I","Q_tlw"
"364","FOT","51.2.0",2021,1937.408,"I","Q_tlw"
"364","FOT","51.2.0",2022,1994.268,"I","Q_tlw"
"364","FOT","51.2.0",2023,1861.036,"I","Q_tlw"
"364","FOT","51.3.1",1997,271,"A","Q_tlw"
"364","FOT","51.3.1",1998,259,"A","Q_tlw"
"364","FOT","51.3.1",1999,167,"A","Q_tlw"
"364","FOT","51.3.1",2000,386,"A","Q_tlw"
"364","FOT","51.3.1",2001,101,"A","Q_tlw"
"364","FOT","51.3.1",2002,97,"A","Q_tlw"
"364","FOT","51.3.1",2003,158,"A","Q_tlw"
"364","FOT","51.3.1",2004,195,"A","Q_tlw"
"364","FOT","51.3.1",2005,73,"A","Q_tlw"
"364","FOT","51.3.1",2006,61,"A","Q_tlw"
"364","FOT","51.3.1",2007,74,"A","Q_tlw"
"364","FOT","51.3.1",2008,63,"A","Q_tlw"
"364","FOT","51.3.1",2009,47,"A","Q_tlw"
"364","FOT","51.3.1",2010,82,"A","Q_tlw"
"364","FOT","51.3.1",2011,164,"A","Q_tlw"
"364","FOT","51.3.1",2012,209,"A","Q_tlw"
"364","FOT","51.3.1",2013,265,"A","Q_tlw"
"364","FOT","51.3.1",2014,173,"A","Q_tlw"
"364","FOT","51.3.1",2015,609,"A","Q_tlw"
"364","FOT","51.3.1",2016,559,"A","Q_tlw"
"364","FOT","51.3.1",2017,329,"A","Q_tlw"
"364","FOT","51.3.1",2018,305,"A","Q_tlw"
"364","FOT","51.3.1",2019,578.97,"I","Q_tlw"
"364","FOT","51.3.1",2020,342.564,"I","Q_tlw"
"364","FOT","51.3.1",2021,345.592,"I","Q_tlw"
"364","FOT","51.3.1",2022,355.732,"I","Q_tlw"
"364","FOT","51.3.1",2023,331.964,"I","Q_tlw"
"364","VMH","51.2.0",1997,3842,"A","Q_tlw"
"364","VMH","51.2.0",1998,5185,"A","Q_tlw"
"364","VMH","51.2.0",1999,5714,"A","Q_tlw"
"364","VMH","51.2.0",2000,1231,"A","Q_tlw"
"364","VMH","51.2.0",2001,537,"A","Q_tlw"
"364","VMH","51.2.0",2002,1156,"A","Q_tlw"
"364","VMH","51.2.0",2003,390,"A","Q_tlw"
"364","VMH","51.2.0",2004,806,"A","Q_tlw"
"364","VMH","51.2.0",2005,1039,"A","Q_tlw"
"364","VMH","51.2.0",2006,1727,"A","Q_tlw"
"364","VMH","51.2.0",2007,3746,"A","Q_tlw"
"364","VMH","51.2.0",2008,966,"A","Q_tlw"
"364","VMH","51.2.0",2009,2082,"A","Q_tlw"
"364","VMH","51.2.0",2010,3358,"A","Q_tlw"
"364","VMH","51.2.0",2011,3310,"A","Q_tlw"
"364","VMH","51.2.0",2012,4292,"A","Q_tlw"
"364","VMH","51.2.0",2013,4110,"A","Q_tlw"
"364","VMH","51.2.0",2014,3572,"A","Q_tlw"
"364","VMH","51.2.0",2015,2810,"A","Q_tlw"
"364","VMH","51.2.0",2016,2605,"A","Q_tlw"
"364","VMH","51.2.0",2017,1819,"A","Q_tlw"
"364","VMH","51.2.0",2018,1428,"A","Q_tlw"
"364","VMH","51.2.0",2019,2092.55,"I","Q_tlw"
"364","VMH","51.2.0",2020,2388.42,"I","Q_tlw"
"364","VMH","51.2.0",2021,2680.755,"I","Q_tlw"
"364","VMH","51.2.0",2022,2761.907,"I","Q_tlw"
"364","VMH","51.2.0",2023,2576.91,"I","Q_tlw"
"364","VMH","51.3.1",1997,46,"A","Q_tlw"
"364","VMH","51.3.1",1998,56,"A","Q_tlw"
"364","VMH","51.3.1",1999,6,"A","Q_tlw"
"364","VMH","51.3.1",2000,19,"A","Q_tlw"
"364","VMH","51.3.1",2001,4,"A","Q_tlw"
"364","VMH","51.3.1",2002,9,"A","Q_tlw"
"364","VMH","51.3.1",2003,2,"A","Q_tlw"
"364","VMH","51.3.1",2004,21,"A","Q_tlw"
"364","VMH","51.3.1",2005,119,"A","Q_tlw"
"364","VMH","51.3.1",2006,14,"A","Q_tlw"
"364","VMH","51.3.1",2007,32,"A","Q_tlw"
"364","VMH","51.3.1",2008,72,"A","Q_tlw"
"364","VMH","51.3.1",2009,23,"A","Q_tlw"
"364","VMH","51.3.1",2010,0,"A","Q_tlw"
"364","VMH","51.3.1",2011,23,"A","Q_tlw"
"364","VMH","51.3.1",2012,18,"A","Q_tlw"
"364","VMH","51.3.1",2013,54,"A","Q_tlw"
"364","VMH","51.3.1",2014,15,"A","Q_tlw"
"364","VMH","51.3.1",2015,302,"A","Q_tlw"
"364","VMH","51.3.1",2016,358,"A","Q_tlw"
"364","VMH","51.3.1",2017,319,"A","Q_tlw"
"364","VMH","51.3.1",2018,345,"A","Q_tlw"
"364","VMH","51.3.1",2019,365.45,"I","Q_tlw"
"364","VMH","51.3.1",2020,348.58,"I","Q_tlw"
"364","VMH","51.3.1",2021,391.245,"I","Q_tlw"
"364","VMH","51.3.1",2022,403.093,"I","Q_tlw"
"364","VMH","51.3.1",2023,376.09,"I","Q_tlw"
"364","LZK","51.2.0",2000,6190,"A","Q_tlw"
"364","LZK","51.2.0",2001,11252,"A","Q_tlw"
"364","LZK","51.2.0",2002,9000,"A","Q_tlw"
"364","LZK","51.2.0",2003,7743,"A","Q_tlw"
"364","LZK","51.2.0",2004,2900,"A","Q_tlw"
"364","LZK","51.2.0",2005,710,"A","Q_tlw"
"364","LZK","51.2.0",2006,6127,"A","Q_tlw"
"364","LZK","51.2.0",2007,4936,"A","Q_tlw"
"364","LZK","51.2.0",2008,7284,"A","Q_tlw"
"364","LZK","51.2.0",2009,4943,"A","Q_tlw"
"364","LZK","51.2.0",2010,1199,"A","Q_tlw"
"364","LZK","51.2.0",2011,103,"A","Q_tlw"
"364","LZK","51.2.0",2012,1356,"A","Q_tlw"
"364","LZK","51.2.0",2013,1973,"A","Q_tlw"
"364","LZK","51.2.0",2014,2915,"A","Q_tlw"
"364","LZK","51.2.0",2015,2911,"A","Q_tlw"
"364","LZK","51.2.0",2016,3720,"A","Q_tlw"
"364","LZK","51.2.0",2017,743,"A","Q_tlw"
"364","LZK","51.2.0",2018,1227,"A","Q_tlw"
"364","LZK","51.2.0",2019,756,"A","Q_tlw"
"364","LZK","51.2.0",2020,450,"A","Q_tlw"
"364","LZK","51.2.0",2021,453,"A","Q_tlw"
"364","LZK","51.2.0",2022,465,"I","Q_tlw"
"364","LZK","51.2.0",2023,434,"I","Q_tlw"
"364","ENI","51.2.0",1997,1924,"A","Q_tlw"
"364","ENI","51.2.0",1998,1802,"A","Q_tlw"
"364","ENI","51.2.0",1999,2682,"A","Q_tlw"
"364","ENI","51.2.0",2000,2311,"A","Q_tlw"
"364","ENI","51.2.0",2001,1839,"A","Q_tlw"
"364","ENI","51.2.0",2002,1444,"A","Q_tlw"
"364","ENI","51.2.0",2003,1551,"A","Q_tlw"
"364","ENI","51.2.0",2004,1940,"A","Q_tlw"
"364","ENI","51.2.0",2005,1400,"A","Q_tlw"
"364","ENI","51.2.0",2006,1725,"A","Q_tlw"
"364","ENI","51.2.0",2007,2671,"A","Q_tlw"
"364","ENI","51.2.0",2008,2338,"A","Q_tlw"
"364","ENI","51.2.0",2009,1640,"A","Q_tlw"
"364","ENI","51.2.0",2010,2643,"A","Q_tlw"
"364","ENI","51.2.0",2011,2705,"A","Q_tlw"
"364","ENI","51.2.0",2012,3399,"A","Q_tlw"
"364","ENI","51.2.0",2013,2653,"A","Q_tlw"
"364","ENI","51.2.0",2014,2844,"A","Q_tlw"
"364","ENI","51.2.0",2015,3482,"A","Q_tlw"
"364","ENI","51.2.0",2016,3155,"A","Q_tlw"
"364","ENI","51.2.0",2017,3454,"A","Q_tlw"
"364","ENI","51.2.0",2018,3482,"A","Q_tlw"
"364","ENI","51.2.0",2019,4398.34,"I","Q_tlw"
"364","ENI","51.2.0",2020,3947.115,"I","Q_tlw"
"364","ENI","51.2.0",2021,4024.724,"I","Q_tlw"
"364","ENI","51.2.0",2022,4146.584,"I","Q_tlw"
"364","ENI","51.2.0",2023,3869.5,"I","Q_tlw"
"364","ENI","51.3.1",1997,1578,"A","Q_tlw"
"364","ENI","51.3.1",1998,1350,"A","Q_tlw"
"364","ENI","51.3.1",1999,1778,"A","Q_tlw"
"364","ENI","51.3.1",2000,899,"A","Q_tlw"
"364","ENI","51.3.1",2001,703,"A","Q_tlw"
"364","ENI","51.3.1",2002,743,"A","Q_tlw"
"364","ENI","51.3.1",2003,792,"A","Q_tlw"
"364","ENI","51.3.1",2004,686,"A","Q_tlw"
"364","ENI","51.3.1",2005,807,"A","Q_tlw"
"364","ENI","51.3.1",2006,795,"A","Q_tlw"
"364","ENI","51.3.1",2007,597,"A","Q_tlw"
"364","ENI","51.3.1",2008,1161,"A","Q_tlw"
"364","ENI","51.3.1",2009,452,"A","Q_tlw"
"364","ENI","51.3.1",2010,617,"A","Q_tlw"
"364","ENI","51.3.1",2011,1498,"A","Q_tlw"
"364","ENI","51.3.1",2012,1003,"A","Q_tlw"
"364","ENI","51.3.1",2013,1264,"A","Q_tlw"
"364","ENI","51.3.1",2014,1375,"A","Q_tlw"
"364","ENI","51.3.1",2015,1281,"A","Q_tlw"
"364","ENI","51.3.1",2016,1511,"A","Q_tlw"
"364","ENI","51.3.1",2017,2325,"A","Q_tlw"
"364","ENI","51.3.1",2018,2539,"A","Q_tlw"
"364","ENI","51.3.1",2019,2778.66,"I","Q_tlw"
"364","ENI","51.3.1",2020,2206.885,"I","Q_tlw"
"364","ENI","51.3.1",2021,2250.276,"I","Q_tlw"
"364","ENI","51.3.1",2022,2318.416,"I","Q_tlw"
"364","ENI","51.3.1",2023,2163.5,"I","Q_tlw"
"364","FLI","51.2.0",1997,576,"A","Q_tlw"
"364","FLI","51.2.0",1998,600,"A","Q_tlw"
"364","FLI","51.2.0",1999,497,"A","Q_tlw"
"364","FLI","51.2.0",2000,1179,"A","Q_tlw"
"364","FLI","51.2.0",2001,893,"A","Q_tlw"
"364","FLI","51.2.0",2002,997,"A","Q_tlw"
"364","FLI","51.2.0",2003,1215,"A","Q_tlw"
"364","FLI","51.2.0",2004,1076,"A","Q_tlw"
"364","FLI","51.2.0",2005,1281,"A","Q_tlw"
"364","FLI","51.2.0",2006,900,"A","Q_tlw"
"364","FLI","51.2.0",2007,1023,"A","Q_tlw"
"364","FLI","51.2.0",2008,1125,"A","Q_tlw"
"364","FLI","51.2.0",2009,1138,"A","Q_tlw"
"364","FLI","51.2.0",2010,1073,"A","Q_tlw"
"364","FLI","51.2.0",2011,1301,"A","Q_tlw"
"364","FLI","51.2.0",2012,1221,"A","Q_tlw"
"364","FLI","51.2.0",2013,1020,"A","Q_tlw"
"364","FLI","51.2.0",2014,1080,"A","Q_tlw"
"364","FLI","51.2.0",2015,1505,"A","Q_tlw"
"364","FLI","51.2.0",2016,1450,"A","Q_tlw"
"364","FLI","51.2.0",2017,2014,"A","Q_tlw"
"364","FLI","51.2.0",2018,1847,"A","Q_tlw"
"364","FLI","51.2.0",2019,1971.91,"I","Q_tlw"
"364","FLI","51.2.0",2020,2640.593,"I","Q_tlw"
"364","FLI","51.2.0",2021,2733.083,"I","Q_tlw"
"364","FLI","51.2.0",2022,2813.238,"I","Q_tlw"
"364","FLI","51.2.0",2023,2625.177,"I","Q_tlw"
"364","FLI","51.3.1",1997,253,"A","Q_tlw"
"364","FLI","51.3.1",1998,124,"A","Q_tlw"
"364","FLI","51.3.1",1999,213,"A","Q_tlw"
"364","FLI","51.3.1",2000,141,"A","Q_tlw"
"364","FLI","51.3.1",2001,68,"A","Q_tlw"
"364","FLI","51.3.1",2002,86,"A","Q_tlw"
"364","FLI","51.3.1",2003,37,"A","Q_tlw"
"364","FLI","51.3.1",2004,84,"A","Q_tlw"
"364","FLI","51.3.1",2005,78,"A","Q_tlw"
"364","FLI","51.3.1",2006,283,"A","Q_tlw"
"364","FLI","51.3.1",2007,91,"A","Q_tlw"
"364","FLI","51.3.1",2008,166,"A","Q_tlw"
"364","FLI","51.3.1",2009,232,"A","Q_tlw"
"364","FLI","51.3.1",2010,266,"A","Q_tlw"
"364","FLI","51.3.1",2011,271,"A","Q_tlw"
"364","FLI","51.3.1",2012,413,"A","Q_tlw"
"364","FLI","51.3.1",2013,718,"A","Q_tlw"
"364","FLI","51.3.1",2014,1120,"A","Q_tlw"
"364","FLI","51.3.1",2015,622,"A","Q_tlw"
"364","FLI","51.3.1",2016,747,"A","Q_tlw"
"364","FLI","51.3.1",2017,662,"A","Q_tlw"
"364","FLI","51.3.1",2018,420,"A","Q_tlw"
"364","FLI","51.3.1",2019,679.09,"I","Q_tlw"
"364","FLI","51.3.1",2020,785.407,"I","Q_tlw"
"364","FLI","51.3.1",2021,812.917,"I","Q_tlw"
"364","FLI","51.3.1",2022,836.762,"I","Q_tlw"
"364","FLI","51.3.1",2023,780.823,"I","Q_tlw"
"364","USW","51.2.0",1997,65,"A","Q_tlw"
"364","USW","51.2.0",1998,44,"A","Q_tlw"
"364","USW","51.2.0",1999,39,"A","Q_tlw"
"364","USW","51.2.0",2000,20,"A","Q_tlw"
"364","USW","51.2.0",2001,33,"A","Q_tlw"
"364","USW","51.2.0",2002,39,"A","Q_tlw"
"364","USW","51.2.0",2003,74,"A","Q_tlw"
"364","USW","51.2.0",2004,50,"A","Q_tlw"
"364","USW","51.2.0",2005,40,"A","Q_tlw"
"364","USW","51.2.0",2006,160,"A","Q_tlw"
"364","USW","51.2.0",2007,45,"A","Q_tlw"
"364","USW","51.2.0",2008,57,"A","Q_tlw"
"364","USW","51.2.0",2009,97,"A","Q_tlw"
"364","USW","51.2.0",2010,299,"A","Q_tlw"
"364","USW","51.2.0",2011,146,"A","Q_tlw"
"364","USW","51.2.0",2012,428,"A","Q_tlw"
"364","USW","51.2.0",2013,167,"A","Q_tlw"
"364","USW","51.2.0",2014,231,"A","Q_tlw"
"364","USW","51.2.0",2015,253,"A","Q_tlw"
"364","USW","51.2.0",2016,304,"A","Q_tlw"
"364","USW","51.2.0",2017,304,"A","Q_tlw"
"364","USW","51.2.0",2018,260,"A","Q_tlw"
"364","USW","51.2.0",2019,656.18,"I","Q_tlw"
"364","USW","51.2.0",2020,427.556,"I","Q_tlw"
"364","USW","51.2.0",2021,370.667,"I","Q_tlw"
"364","USW","51.2.0",2022,382.226,"I","Q_tlw"
"364","USW","51.2.0",2023,356.452,"I","Q_tlw"
"364","USW","51.3.1",1997,4,"A","Q_tlw"
"364","USW","51.3.1",1998,4,"A","Q_tlw"
"364","USW","51.3.1",1999,1,"A","Q_tlw"
"364","USW","51.3.1",2000,10,"A","Q_tlw"
"364","USW","51.3.1",2001,5,"A","Q_tlw"
"364","USW","51.3.1",2002,9,"A","Q_tlw"
"364","USW","51.3.1",2003,4,"A","Q_tlw"
"364","USW","51.3.1",2004,7,"A","Q_tlw"
"364","USW","51.3.1",2005,3,"A","Q_tlw"
"364","USW","51.3.1",2006,3,"A","Q_tlw"
"364","USW","51.3.1",2007,4,"A","Q_tlw"
"364","USW","51.3.1",2008,17,"A","Q_tlw"
"364","USW","51.3.1",2009,17,"A","Q_tlw"
"364","USW","51.3.1",2010,18,"A","Q_tlw"
"364","USW","51.3.1",2011,7,"A","Q_tlw"
"364","USW","51.3.1",2012,14,"A","Q_tlw"
"364","USW","51.3.1",2013,12,"A","Q_tlw"
"364","USW","51.3.1",2014,35,"A","Q_tlw"
"364","USW","51.3.1",2015,105,"A","Q_tlw"
"364","USW","51.3.1",2016,137,"A","Q_tlw"
"364","USW","51.3.1",2017,88,"A","Q_tlw"
"364","USW","51.3.1",2018,79,"A","Q_tlw"
"364","USW","51.3.1",2019,229.82,"I","Q_tlw"
"364","USW","51.3.1",2020,53.444,"I","Q_tlw"
"364","USW","51.3.1",2021,46.333,"I","Q_tlw"
"364","USW","51.3.1",2022,47.774,"I","Q_tlw"
"364","USW","51.3.1",2023,44.548,"I","Q_tlw"
"364","SPS","51.2.0",1997,2148,"A","Q_tlw"
"364","SPS","51.2.0",1998,953,"A","Q_tlw"
"364","SPS","51.2.0",1999,786,"A","Q_tlw"
"364","SPS","51.2.0",2000,1426,"A","Q_tlw"
"364","SPS","51.2.0",2001,456,"A","Q_tlw"
"364","SPS","51.2.0",2002,434,"A","Q_tlw"
"364","SPS","51.2.0",2003,694,"A","Q_tlw"
"364","SPS","51.2.0",2004,667,"A","Q_tlw"
"364","SPS","51.2.0",2005,1040,"A","Q_tlw"
"364","SPS","51.2.0",2006,723,"A","Q_tlw"
"364","SPS","51.2.0",2007,715,"A","Q_tlw"
"364","SPS","51.2.0",2008,657,"A","Q_tlw"
"364","SPS","51.2.0",2009,373,"A","Q_tlw"
"364","SPS","51.2.0",2010,662,"A","Q_tlw"
"364","SPS","51.2.0",2011,398,"A","Q_tlw"
"364","SPS","51.2.0",2012,562,"A","Q_tlw"
"364","SPS","51.2.0",2013,813,"A","Q_tlw"
"364","SPS","51.2.0",2014,1011,"A","Q_tlw"
"364","SPS","51.2.0",2015,980,"A","Q_tlw"
"364","SPS","51.2.0",2016,1165,"A","Q_tlw"
"364","SPS","51.2.0",2017,1090,"A","Q_tlw"
"364","SPS","51.2.0",2018,1060,"A","Q_tlw"
"364","SPS","51.2.0",2019,1149.34,"I","Q_tlw"
"364","SPS","51.2.0",2020,1124.534,"I","Q_tlw"
"364","SPS","51.2.0",2021,1413.42,"I","Q_tlw"
"364","SPS","51.2.0",2022,1455.311,"I","Q_tlw"
"364","SPS","51.2.0",2023,1357.927,"I","Q_tlw"
"364","SPS","51.3.1",1997,525,"A","Q_tlw"
"364","SPS","51.3.1",1998,345,"A","Q_tlw"
"364","SPS","51.3.1",1999,414,"A","Q_tlw"
"364","SPS","51.3.1",2000,299,"A","Q_tlw"
"364","SPS","51.3.1",2001,170,"A","Q_tlw"
"364","SPS","51.3.1",2002,316,"A","Q_tlw"
"364","SPS","51.3.1",2003,381,"A","Q_tlw"
"364","SPS","51.3.1",2004,749,"A","Q_tlw"
"364","SPS","51.3.1",2005,156,"A","Q_tlw"
"364","SPS","51.3.1",2006,170,"A","Q_tlw"
"364","SPS","51.3.1",2007,171,"A","Q_tlw"
"364","SPS","51.3.1",2008,136,"A","Q_tlw"
"364","SPS","51.3.1",2009,363,"A","Q_tlw"
"364","SPS","51.3.1",2010,200,"A","Q_tlw"
"364","SPS","51.3.1",2011,249,"A","Q_tlw"
"364","SPS","51.3.1",2012,831,"A","Q_tlw"
"364","SPS","51.3.1",2013,719,"A","Q_tlw"
"364","SPS","51.3.1",2014,913,"A","Q_tlw"
"364","SPS","51.3.1",2015,1509,"A","Q_tlw"
"364","SPS","51.3.1",2016,1078,"A","Q_tlw"
"364","SPS","51.3.1",2017,940,"A","Q_tlw"
"364","SPS","51.3.1",2018,623,"A","Q_tlw"
"364","SPS","51.3.1",2019,915.66,"I","Q_tlw"
"364","SPS","51.3.1",2020,942.466,"I","Q_tlw"
"364","SPS","51.3.1",2021,1184.58,"I","Q_tlw"
"364","SPS","51.3.1",2022,1219.689,"I","Q_tlw"
"364","SPS","51.3.1",2023,1138.073,"I","Q_tlw"
"364","CDX","51.2.0",1997,2213,"A","Q_tlw"
"364","CDX","51.2.0",1998,1797,"A","Q_tlw"
"364","CDX","51.2.0",1999,2946,"A","Q_tlw"
"364","CDX","51.2.0",2000,2579,"A","Q_tlw"
"364","CDX","51.2.0",2001,2310,"A","Q_tlw"
"364","CDX","51.2.0",2002,2037,"A","Q_tlw"
"364","CDX","51.2.0",2003,2142,"A","Q_tlw"
"364","CDX","51.2.0",2004,1596,"A","Q_tlw"
"364","CDX","51.2.0",2005,1380,"A","Q_tlw"
"364","CDX","51.2.0",2006,997,"A","Q_tlw"
"364","CDX","51.2.0",2007,1206,"A","Q_tlw"
"364","CDX","51.2.0",2008,1038,"A","Q_tlw"
"364","CDX","51.2.0",2009,1290,"A","Q_tlw"
"364","CDX","51.2.0",2010,2194,"A","Q_tlw"
"364","CDX","51.2.0",2011,755,"A","Q_tlw"
"364","CDX","51.2.0",2012,932,"A","Q_tlw"
"364","CDX","51.2.0",2013,1103,"A","Q_tlw"
"364","CDX","51.2.0",2014,1260,"A","Q_tlw"
"364","CDX","51.2.0",2015,1273,"A","Q_tlw"
"364","CDX","51.2.0",2016,1107,"A","Q_tlw"
"364","CDX","51.2.0",2017,571,"A","Q_tlw"
"364","CDX","51.2.0",2018,427,"A","Q_tlw"
"364","CDX","51.2.0",2019,542.83,"I","Q_tlw"
"364","CDX","51.2.0",2020,449.553,"I","Q_tlw"
"364","CDX","51.2.0",2021,676.5,"I","Q_tlw"
"364","CDX","51.2.0",2022,696.184,"I","Q_tlw"
"364","CDX","51.2.0",2023,649.575,"I","Q_tlw"
"364","CDX","51.3.1",1997,2730,"A","Q_tlw"
"364","CDX","51.3.1",1998,2113,"A","Q_tlw"
"364","CDX","51.3.1",1999,2154,"A","Q_tlw"
"364","CDX","51.3.1",2000,2216,"A","Q_tlw"
"364","CDX","51.3.1",2001,1886,"A","Q_tlw"
"364","CDX","51.3.1",2002,2386,"A","Q_tlw"
"364","CDX","51.3.1",2003,2286,"A","Q_tlw"
"364","CDX","51.3.1",2004,2254,"A","Q_tlw"
"364","CDX","51.3.1",2005,2991,"A","Q_tlw"
"364","CDX","51.3.1",2006,4263,"A","Q_tlw"
"364","CDX","51.3.1",2007,1542,"A","Q_tlw"
"364","CDX","51.3.1",2008,1658,"A","Q_tlw"
"364","CDX","51.3.1",2009,1370,"A","Q_tlw"
"364","CDX","51.3.1",2010,1321,"A","Q_tlw"
"364","CDX","51.3.1",2011,3160,"A","Q_tlw"
"364","CDX","51.3.1",2012,4955,"A","Q_tlw"
"364","CDX","51.3.1",2013,3898,"A","Q_tlw"
"364","CDX","51.3.1",2014,3531,"A","Q_tlw"
"364","CDX","51.3.1",2015,3755,"A","Q_tlw"
"364","CDX","51.3.1",2016,2463,"A","Q_tlw"
"364","CDX","51.3.1",2017,1278,"A","Q_tlw"
"364","CDX","51.3.1",2018,1518,"A","Q_tlw"
"364","CDX","51.3.1",2019,1356.17,"I","Q_tlw"
"364","CDX","51.3.1",2020,1103.447,"I","Q_tlw"
"364","CDX","51.3.1",2021,1660.5,"I","Q_tlw"
"364","CDX","51.3.1",2022,1708.816,"I","Q_tlw"
"364","CDX","51.3.1",2023,1594.425,"I","Q_tlw"
"364","LKR","51.2.0",1997,7234,"A","Q_tlw"
"364","LKR","51.2.0",1998,5837,"A","Q_tlw"
"364","LKR","51.2.0",1999,4769,"A","Q_tlw"
"364","LKR","51.2.0",2000,7012,"A","Q_tlw"
"364","LKR","51.2.0",2001,3027,"A","Q_tlw"
"364","LKR","51.2.0",2002,2499,"A","Q_tlw"
"364","LKR","51.2.0",2003,4089,"A","Q_tlw"
"364","LKR","51.2.0",2004,4749,"A","Q_tlw"
"364","LKR","51.2.0",2005,4380,"A","Q_tlw"
"364","LKR","51.2.0",2006,4753,"A","Q_tlw"
"364","LKR","51.2.0",2007,6451,"A","Q_tlw"
"364","LKR","51.2.0",2008,6871,"A","Q_tlw"
"364","LKR","51.2.0",2009,3772,"A","Q_tlw"
"364","LKR","51.2.0",2010,3958,"A","Q_tlw"
"364","LKR","51.2.0",2011,3455,"A","Q_tlw"
"364","LKR","51.2.0",2012,4542,"A","Q_tlw"
"364","LKR","51.2.0",2013,4258,"A","Q_tlw"
"364","LKR","51.2.0",2014,4586,"A","Q_tlw"
"364","LKR","51.2.0",2015,2967,"A","Q_tlw"
"364","LKR","51.2.0",2016,2259,"A","Q_tlw"
"364","LKR","51.2.0",2017,2408,"A","Q_tlw"
"364","LKR","51.2.0",2018,2480,"A","Q_tlw"
"364","LKR","51.2.0",2019,2785.27,"I","Q_tlw"
"364","LKR","51.2.0",2020,2153.435,"I","Q_tlw"
"364","LKR","51.2.0",2021,2331.07,"I","Q_tlw"
"364","LKR","51.2.0",2022,2401.273,"I","Q_tlw"
"364","LKR","51.2.0",2023,2240.653,"I","Q_tlw"
"364","LKR","51.3.1",1997,3409,"A","Q_tlw"
"364","LKR","51.3.1",1998,3796,"A","Q_tlw"
"364","LKR","51.3.1",1999,2401,"A","Q_tlw"
"364","LKR","51.3.1",2000,1883,"A","Q_tlw"
"364","LKR","51.3.1",2001,2030,"A","Q_tlw"
"364","LKR","51.3.1",2002,1554,"A","Q_tlw"
"364","LKR","51.3.1",2003,1844,"A","Q_tlw"
"364","LKR","51.3.1",2004,1712,"A","Q_tlw"
"364","LKR","51.3.1",2005,1760,"A","Q_tlw"
"364","LKR","51.3.1",2006,3845,"A","Q_tlw"
"364","LKR","51.3.1",2007,2327,"A","Q_tlw"
"364","LKR","51.3.1",2008,2382,"A","Q_tlw"
"364","LKR","51.3.1",2009,1741,"A","Q_tlw"
"364","LKR","51.3.1",2010,1644,"A","Q_tlw"
"364","LKR","51.3.1",2011,1936,"A","Q_tlw"
"364","LKR","51.3.1",2012,2162,"A","Q_tlw"
"364","LKR","51.3.1",2013,2788,"A","Q_tlw"
"364","LKR","51.3.1",2014,3278,"A","Q_tlw"
"364","LKR","51.3.1",2015,4461,"A","Q_tlw"
"364","LKR","51.3.1",2016,5790,"A","Q_tlw"
"364","LKR","51.3.1",2017,6119,"A","Q_tlw"
"364","LKR","51.3.1",2018,6060,"A","Q_tlw"
"364","LKR","51.3.1",2019,7002.73,"I","Q_tlw"
"364","LKR","51.3.1",2020,5944.565,"I","Q_tlw"
"364","LKR","51.3.1",2021,6434.93,"I","Q_tlw"
"364","LKR","51.3.1",2022,6628.727,"I","Q_tlw"
"364","LKR","51.3.1",2023,6185.347,"I","Q_tlw"
"364","NHK","51.2.0",1997,1504,"A","Q_tlw"
"364","NHK","51.2.0",1998,1435,"A","Q_tlw"
"364","NHK","51.2.0",1999,1247,"A","Q_tlw"
"364","NHK","51.2.0",2000,1014,"A","Q_tlw"
"364","NHK","51.2.0",2001,763,"A","Q_tlw"
"364","NHK","51.2.0",2002,746,"A","Q_tlw"
"364","NHK","51.2.0",2003,926,"A","Q_tlw"
"364","NHK","51.2.0",2004,850,"A","Q_tlw"
"364","NHK","51.2.0",2005,1573,"A","Q_tlw"
"364","NHK","51.2.0",2006,1256,"A","Q_tlw"
"364","NHK","51.2.0",2007,1516,"A","Q_tlw"
"364","NHK","51.2.0",2008,955,"A","Q_tlw"
"364","NHK","51.2.0",2009,1564,"A","Q_tlw"
"364","NHK","51.2.0",2010,2357,"A","Q_tlw"
"364","NHK","51.2.0",2011,2762,"A","Q_tlw"
"364","NHK","51.2.0",2012,3332,"A","Q_tlw"
"364","NHK","51.2.0",2013,3390,"A","Q_tlw"
"364","NHK","51.2.0",2014,3327,"A","Q_tlw"
"364","NHK","51.2.0",2015,3655,"A","Q_tlw"
"364","NHK","51.2.0",2016,2294,"A","Q_tlw"
"364","NHK","51.2.0",2017,2084,"A","Q_tlw"
"364","NHK","51.2.0",2018,857,"A","Q_tlw"
"364","NHK","51.2.0",2019,1416.8,"I","Q_tlw"
"364","NHK","51.2.0",2020,1306.529,"I","Q_tlw"
"364","NHK","51.2.0",2021,1362.313,"I","Q_tlw"
"364","NHK","51.2.0",2022,1403.358,"I","Q_tlw"
"364","NHK","51.2.0",2023,1309.686,"I","Q_tlw"
"364","NHK","51.3.1",1997,456,"A","Q_tlw"
"364","NHK","51.3.1",1998,727,"A","Q_tlw"
"364","NHK","51.3.1",1999,463,"A","Q_tlw"
"364","NHK","51.3.1",2000,296,"A","Q_tlw"
"364","NHK","51.3.1",2001,219,"A","Q_tlw"
"364","NHK","51.3.1",2002,445,"A","Q_tlw"
"364","NHK","51.3.1",2003,165,"A","Q_tlw"
"364","NHK","51.3.1",2004,238,"A","Q_tlw"
"364","NHK","51.3.1",2005,144,"A","Q_tlw"
"364","NHK","51.3.1",2006,625,"A","Q_tlw"
"364","NHK","51.3.1",2007,832,"A","Q_tlw"
"364","NHK","51.3.1",2008,2539,"A","Q_tlw"
"364","NHK","51.3.1",2009,3930,"A","Q_tlw"
"364","NHK","51.3.1",2010,2829,"A","Q_tlw"
"364","NHK","51.3.1",2011,1293,"A","Q_tlw"
"364","NHK","51.3.1",2012,1134,"A","Q_tlw"
"364","NHK","51.3.1",2013,1329,"A","Q_tlw"
"364","NHK","51.3.1",2014,1443,"A","Q_tlw"
"364","NHK","51.3.1",2015,2426,"A","Q_tlw"
"364","NHK","51.3.1",2016,2535,"A","Q_tlw"
"364","NHK","51.3.1",2017,3546,"A","Q_tlw"
"364","NHK","51.3.1",2018,3715,"A","Q_tlw"
"364","NHK","51.3.1",2019,2651.2,"I","Q_tlw"
"364","NHK","51.3.1",2020,2417.471,"I","Q_tlw"
"364","NHK","51.3.1",2021,2520.687,"I","Q_tlw"
"364","NHK","51.3.1",2022,2596.642,"I","Q_tlw"
"364","NHK","51.3.1",2023,2423.314,"I","Q_tlw"
"364","KAH","51.2.0",1997,2372,"A","Q_tlw"
"364","KAH","51.2.0",1998,2724,"A","Q_tlw"
"364","KAH","51.2.0",1999,2317,"A","Q_tlw"
"364","KAH","51.2.0",2000,2276,"A","Q_tlw"
"364","KAH","51.2.0",2001,1890,"A","Q_tlw"
"364","KAH","51.2.0",2002,1950,"A","Q_tlw"
"364","KAH","51.2.0",2003,2574,"A","Q_tlw"
"364","KAH","51.2.0",2004,2100,"A","Q_tlw"
"364","KAH","51.2.0",2005,2759,"A","Q_tlw"
"364","KAH","51.2.0",2006,2793,"A","Q_tlw"
"364","KAH","51.2.0",2007,2558,"A","Q_tlw"
"364","KAH","51.2.0",2008,3071,"A","Q_tlw"
"364","KAH","51.2.0",2009,2401,"A","Q_tlw"
"364","KAH","51.2.0",2010,3746,"A","Q_tlw"
"364","KAH","51.2.0",2011,2997,"A","Q_tlw"
"364","KAH","51.2.0",2012,3801,"A","Q_tlw"
"364","KAH","51.2.0",2013,3217,"A","Q_tlw"
"364","KAH","51.2.0",2014,3341,"A","Q_tlw"
"364","KAH","51.2.0",2015,3221,"A","Q_tlw"
"364","KAH","51.2.0",2016,3077,"A","Q_tlw"
"364","KAH","51.2.0",2017,4498,"A","Q_tlw"
"364","KAH","51.2.0",2018,6263,"A","Q_tlw"
"364","KAH","51.2.0",2019,5707.42,"I","Q_tlw"
"364","KAH","51.2.0",2020,5004.815,"I","Q_tlw"
"364","KAH","51.2.0",2021,4838.049,"I","Q_tlw"
"364","KAH","51.2.0",2022,4984.658,"I","Q_tlw"
"364","KAH","51.2.0",2023,4651.128,"I","Q_tlw"
"364","KAH","51.3.1",1997,1471,"A","Q_tlw"
"364","KAH","51.3.1",1998,1462,"A","Q_tlw"
"364","KAH","51.3.1",1999,1263,"A","Q_tlw"
"364","KAH","51.3.1",2000,1084,"A","Q_tlw"
"364","KAH","51.3.1",2001,736,"A","Q_tlw"
"364","KAH","51.3.1",2002,1003,"A","Q_tlw"
"364","KAH","51.3.1",2003,1686,"A","Q_tlw"
"364","KAH","51.3.1",2004,2064,"A","Q_tlw"
"364","KAH","51.3.1",2005,1244,"A","Q_tlw"
"364","KAH","51.3.1",2006,1784,"A","Q_tlw"
"364","KAH","51.3.1",2007,1452,"A","Q_tlw"
"364","KAH","51.3.1",2008,1572,"A","Q_tlw"
"364","KAH","51.3.1",2009,2001,"A","Q_tlw"
"364","KAH","51.3.1",2010,1958,"A","Q_tlw"
"364","KAH","51.3.1",2011,2775,"A","Q_tlw"
"364","KAH","51.3.1",2012,2750,"A","Q_tlw"
"364","KAH","51.3.1",2013,2378,"A","Q_tlw"
"364","KAH","51.3.1",2014,3212,"A","Q_tlw"
"364","KAH","51.3.1",2015,3444,"A","Q_tlw"
"364","KAH","51.3.1",2016,3665,"A","Q_tlw"
"364","KAH","51.3.1",2017,2977,"A","Q_tlw"
"364","KAH","51.3.1",2018,3448,"A","Q_tlw"
"364","KAH","51.3.1",2019,4161.58,"I","Q_tlw"
"364","KAH","51.3.1",2020,3188.185,"I","Q_tlw"
"364","KAH","51.3.1",2021,3081.951,"I","Q_tlw"
"364","KAH","51.3.1",2022,3175.342,"I","Q_tlw"
"364","KAH","51.3.1",2023,2962.872,"I","Q_tlw"
"364","LJH","51.2.0",1997,1166,"A","Q_tlw"
"364","LJH","51.2.0",1998,1231,"A","Q_tlw"
"364","LJH","51.2.0",1999,943,"A","Q_tlw"
"364","LJH","51.2.0",2000,1193,"A","Q_tlw"
"364","LJH","51.2.0",2001,1168,"A","Q_tlw"
"364","LJH","51.2.0",2002,839,"A","Q_tlw"
"364","LJH","51.2.0",2003,1375,"A","Q_tlw"
"364","LJH","51.2.0",2004,1557,"A","Q_tlw"
"364","LJH","51.2.0",2005,1510,"A","Q_tlw"
"364","LJH","51.2.0",2006,1747,"A","Q_tlw"
"364","LJH","51.2.0",2007,1306,"A","Q_tlw"
"364","LJH","51.2.0",2008,1250,"A","Q_tlw"
"364","LJH","51.2.0",2009,1112,"A","Q_tlw"
"364","LJH","51.2.0",2010,1788,"A","Q_tlw"
"364","LJH","51.2.0",2011,1432,"A","Q_tlw"
"364","LJH","51.2.0",2012,1816,"A","Q_tlw"
"364","LJH","51.2.0",2013,1682,"A","Q_tlw"
"364","LJH","51.2.0",2014,1826,"A","Q_tlw"
"364","LJH","51.2.0",2015,2261,"A","Q_tlw"
"364","LJH","51.2.0",2016,3871,"A","Q_tlw"
"364","LJH","51.2.0",2017,3082,"A","Q_tlw"
"364","LJH","51.2.0",2018,4233,"A","Q_tlw"
"364","LJH","51.2.0",2019,5069.48,"I","Q_tlw"
"364","LJH","51.2.0",2020,5276.048,"I","Q_tlw"
"364","LJH","51.2.0",2021,4981.602,"I","Q_tlw"
"364","LJH","51.2.0",2022,5129.489,"I","Q_tlw"
"364","LJH","51.2.0",2023,4786.414,"I","Q_tlw"
"364","LJH","51.3.1",1997,733,"A","Q_tlw"
"364","LJH","51.3.1",1998,393,"A","Q_tlw"
"364","LJH","51.3.1",1999,477,"A","Q_tlw"
"364","LJH","51.3.1",2000,627,"A","Q_tlw"
"364","LJH","51.3.1",2001,397,"A","Q_tlw"
"364","LJH","51.3.1",2002,296,"A","Q_tlw"
"364","LJH","51.3.1",2003,496,"A","Q_tlw"
"364","LJH","51.3.1",2004,558,"A","Q_tlw"
"364","LJH","51.3.1",2005,542,"A","Q_tlw"
"364","LJH","51.3.1",2006,842,"A","Q_tlw"
"364","LJH","51.3.1",2007,270,"A","Q_tlw"
"364","LJH","51.3.1",2008,365,"A","Q_tlw"
"364","LJH","51.3.1",2009,479,"A","Q_tlw"
"364","LJH","51.3.1",2010,687,"A","Q_tlw"
"364","LJH","51.3.1",2011,606,"A","Q_tlw"
"364","LJH","51.3.1",2012,749,"A","Q_tlw"
"364","LJH","51.3.1",2013,912,"A","Q_tlw"
"364","LJH","51.3.1",2014,1182,"A","Q_tlw"
"364","LJH","51.3.1",2015,1811,"A","Q_tlw"
"364","LJH","51.3.1",2016,2190,"A","Q_tlw"
"364","LJH","51.3.1",2017,2254,"A","Q_tlw"
"364","LJH","51.3.1",2018,2329,"A","Q_tlw"
"364","LJH","51.3.1",2019,3069.52,"I","Q_tlw"
"364","LJH","51.3.1",2020,2643.952,"I","Q_tlw"
"364","LJH","51.3.1",2021,2496.398,"I","Q_tlw"
"364","LJH","51.3.1",2022,2570.511,"I","Q_tlw"
"364","LJH","51.3.1",2023,2398.586,"I","Q_tlw"
"364","MAL","51.2.0",1997,341,"A","Q_tlw"
"364","MAL","51.2.0",1998,803,"A","Q_tlw"
"364","MAL","51.2.0",1999,143,"A","Q_tlw"
"364","MAL","51.2.0",2000,173,"A","Q_tlw"
"364","MAL","51.2.0",2001,200,"A","Q_tlw"
"364","MAL","51.2.0",2002,230,"A","Q_tlw"
"364","MAL","51.2.0",2003,311,"A","Q_tlw"
"364","MAL","51.2.0",2004,191,"A","Q_tlw"
"364","MAL","51.2.0",2005,242,"A","Q_tlw"
"364","MAL","51.2.0",2006,125,"A","Q_tlw"
"364","MAL","51.2.0",2007,259,"A","Q_tlw"
"364","MAL","51.2.0",2008,199,"A","Q_tlw"
"364","MAL","51.2.0",2009,179,"A","Q_tlw"
"364","MAL","51.2.0",2010,253,"A","Q_tlw"
"364","MAL","51.2.0",2011,466,"A","Q_tlw"
"364","MAL","51.2.0",2012,404,"A","Q_tlw"
"364","MAL","51.2.0",2013,491,"A","Q_tlw"
"364","MAL","51.2.0",2014,1270,"A","Q_tlw"
"364","MAL","51.2.0",2015,691,"A","Q_tlw"
"364","MAL","51.2.0",2016,494,"A","Q_tlw"
"364","MAL","51.2.0",2017,560,"A","Q_tlw"
"364","MAL","51.2.0",2018,940,"A","Q_tlw"
"364","MAL","51.2.0",2019,1161.52,"I","Q_tlw"
"364","MAL","51.2.0",2020,1295.742,"I","Q_tlw"
"364","MAL","51.2.0",2021,1191.627,"I","Q_tlw"
"364","MAL","51.2.0",2022,1228.233,"I","Q_tlw"
"364","MAL","51.2.0",2023,1146.077,"I","Q_tlw"
"364","MAL","51.3.1",1997,163,"A","Q_tlw"
"364","MAL","51.3.1",1998,197,"A","Q_tlw"
"364","MAL","51.3.1",1999,37,"A","Q_tlw"
"364","MAL","51.3.1",2000,107,"A","Q_tlw"
"364","MAL","51.3.1",2001,47,"A","Q_tlw"
"364","MAL","51.3.1",2002,30,"A","Q_tlw"
"364","MAL","51.3.1",2003,31,"A","Q_tlw"
"364","MAL","51.3.1",2004,34,"A","Q_tlw"
"364","MAL","51.3.1",2005,30,"A","Q_tlw"
"364","MAL","51.3.1",2006,21,"A","Q_tlw"
"364","MAL","51.3.1",2007,356,"A","Q_tlw"
"364","MAL","51.3.1",2008,34,"A","Q_tlw"
"364","MAL","51.3.1",2009,109,"A","Q_tlw"
"364","MAL","51.3.1",2010,41,"A","Q_tlw"
"364","MAL","51.3.1",2011,206,"A","Q_tlw"
"364","MAL","51.3.1",2012,178,"A","Q_tlw"
"364","MAL","51.3.1",2013,226,"A","Q_tlw"
"364","MAL","51.3.1",2014,354,"A","Q_tlw"
"364","MAL","51.3.1",2015,708,"A","Q_tlw"
"364","MAL","51.3.1",2016,1065,"A","Q_tlw"
"364","MAL","51.3.1",2017,894,"A","Q_tlw"
"364","MAL","51.3.1",2018,998,"A","Q_tlw"
"364","MAL","51.3.1",2019,1722.48,"I","Q_tlw"
"364","MAL","51.3.1",2020,1890.258,"I","Q_tlw"
"364","MAL","51.3.1",2021,1738.373,"I","Q_tlw"
"364","MAL","51.3.1",2022,1791.767,"I","Q_tlw"
"364","MAL","51.3.1",2023,1671.923,"I","Q_tlw"
"364","NNJ","51.2.0",1997,1854,"A","Q_tlw"
"364","NNJ","51.2.0",1998,1998,"A","Q_tlw"
"364","NNJ","51.2.0",1999,1713,"A","Q_tlw"
"364","NNJ","51.2.0",2000,1936,"A","Q_tlw"
"364","NNJ","51.2.0",2001,2348,"A","Q_tlw"
"364","NNJ","51.2.0",2002,2389,"A","Q_tlw"
"364","NNJ","51.2.0",2003,3337,"A","Q_tlw"
"364","NNJ","51.2.0",2004,3916,"A","Q_tlw"
"364","NNJ","51.2.0",2005,5483,"A","Q_tlw"
"364","NNJ","51.2.0",2006,6363,"A","Q_tlw"
"364","NNJ","51.2.0",2007,4425,"A","Q_tlw"
"364","NNJ","51.2.0",2008,3486,"A","Q_tlw"
"364","NNJ","51.2.0",2009,3929,"A","Q_tlw"
"364","NNJ","51.2.0",2010,4092,"A","Q_tlw"
"364","NNJ","51.2.0",2011,4306,"A","Q_tlw"
"364","NNJ","51.2.0",2012,3712,"A","Q_tlw"
"364","NNJ","51.2.0",2013,3064,"A","Q_tlw"
"364","NNJ","51.2.0",2014,2947,"A","Q_tlw"
"364","NNJ","51.2.0",2015,3901,"A","Q_tlw"
"364","NNJ","51.2.0",2016,4460,"A","Q_tlw"
"364","NNJ","51.2.0",2017,6190,"A","Q_tlw"
"364","NNJ","51.2.0",2018,4795,"A","Q_tlw"
"364","NNJ","51.2.0",2019,4290.87,"I","Q_tlw"
"364","NNJ","51.2.0",2020,4399.206,"I","Q_tlw"
"364","NNJ","51.2.0",2021,4818.087,"I","Q_tlw"
"364","NNJ","51.2.0",2022,4963.455,"I","Q_tlw"
"364","NNJ","51.2.0",2023,4631.278,"I","Q_tlw"
"364","NNJ","51.3.1",1997,2723,"A","Q_tlw"
"364","NNJ","51.3.1",1998,3269,"A","Q_tlw"
"364","NNJ","51.3.1",1999,1797,"A","Q_tlw"
"364","NNJ","51.3.1",2000,2364,"A","Q_tlw"
"364","NNJ","51.3.1",2001,2509,"A","Q_tlw"
"364","NNJ","51.3.1",2002,3658,"A","Q_tlw"
"364","NNJ","51.3.1",2003,1791,"A","Q_tlw"
"364","NNJ","51.3.1",2004,1543,"A","Q_tlw"
"364","NNJ","51.3.1",2005,1265,"A","Q_tlw"
"364","NNJ","51.3.1",2006,1549,"A","Q_tlw"
"364","NNJ","51.3.1",2007,1110,"A","Q_tlw"
"364","NNJ","51.3.1",2008,827,"A","Q_tlw"
"364","NNJ","51.3.1",2009,1515,"A","Q_tlw"
"364","NNJ","51.3.1",2010,2035,"A","Q_tlw"
"364","NNJ","51.3.1",2011,1733,"A","Q_tlw"
"364","NNJ","51.3.1",2012,1655,"A","Q_tlw"
"364","NNJ","51.3.1",2013,2613,"A","Q_tlw"
"364","NNJ","51.3.1",2014,1675,"A","Q_tlw"
"364","NNJ","51.3.1",2015,1946,"A","Q_tlw"
"364","NNJ","51.3.1",2016,2548,"A","Q_tlw"
"364","NNJ","51.3.1",2017,2474,"A","Q_tlw"
"364","NNJ","51.3.1",2018,2757,"A","Q_tlw"
"364","NNJ","51.3.1",2019,2161.13,"I","Q_tlw"
"364","NNJ","51.3.1",2020,2500.794,"I","Q_tlw"
"364","NNJ","51.3.1",2021,2738.913,"I","Q_tlw"
"364","NNJ","51.3.1",2022,2821.545,"I","Q_tlw"
"364","NNJ","51.3.1",2023,2632.722,"I","Q_tlw"
"364","LHN","51.2.0",1997,512,"A","Q_tlw"
"364","LHN","51.2.0",1998,664,"A","Q_tlw"
"364","LHN","51.2.0",1999,529,"A","Q_tlw"
"364","LHN","51.2.0",2000,513,"A","Q_tlw"
"364","LHN","51.2.0",2001,556,"A","Q_tlw"
"364","LHN","51.2.0",2002,875,"A","Q_tlw"
"364","LHN","51.2.0",2003,1128,"A","Q_tlw"
"364","LHN","51.2.0",2004,1714,"A","Q_tlw"
"364","LHN","51.2.0",2005,1520,"A","Q_tlw"
"364","LHN","51.2.0",2006,1301,"A","Q_tlw"
"364","LHN","51.2.0",2007,1139,"A","Q_tlw"
"364","LHN","51.2.0",2008,1730,"A","Q_tlw"
"364","LHN","51.2.0",2009,1444,"A","Q_tlw"
"364","LHN","51.2.0",2010,1555,"A","Q_tlw"
"364","LHN","51.2.0",2011,1740,"A","Q_tlw"
"364","LHN","51.2.0",2012,3012,"A","Q_tlw"
"364","LHN","51.2.0",2013,2305,"A","Q_tlw"
"364","LHN","51.2.0",2014,2650,"A","Q_tlw"
"364","LHN","51.2.0",2015,3783,"A","Q_tlw"
"364","LHN","51.2.0",2016,4601,"A","Q_tlw"
"364","LHN","51.2.0",2017,6188,"A","Q_tlw"
"364","LHN","51.2.0",2018,5272,"A","Q_tlw"
"364","LHN","51.2.0",2019,6824.64,"I","Q_tlw"
"364","LHN","51.2.0",2020,7110.587,"I","Q_tlw"
"364","LHN","51.2.0",2021,9010.338,"I","Q_tlw"
"364","LHN","51.2.0",2022,9280.714,"I","Q_tlw"
"364","LHN","51.2.0",2023,8659.882,"I","Q_tlw"
"364","LHN","51.3.1",1997,257,"A","Q_tlw"
"364","LHN","51.3.1",1998,322,"A","Q_tlw"
"364","LHN","51.3.1",1999,241,"A","Q_tlw"
"364","LHN","51.3.1",2000,212,"A","Q_tlw"
"364","LHN","51.3.1",2001,316,"A","Q_tlw"
"364","LHN","51.3.1",2002,394,"A","Q_tlw"
"364","LHN","51.3.1",2003,219,"A","Q_tlw"
"364","LHN","51.3.1",2004,598,"A","Q_tlw"
"364","LHN","51.3.1",2005,278,"A","Q_tlw"
"364","LHN","51.3.1",2006,778,"A","Q_tlw"
"364","LHN","51.3.1",2007,341,"A","Q_tlw"
"364","LHN","51.3.1",2008,344,"A","Q_tlw"
"364","LHN","51.3.1",2009,362,"A","Q_tlw"
"364","LHN","51.3.1",2010,255,"A","Q_tlw"
"364","LHN","51.3.1",2011,559,"A","Q_tlw"
"364","LHN","51.3.1",2012,625,"A","Q_tlw"
"364","LHN","51.3.1",2013,575,"A","Q_tlw"
"364","LHN","51.3.1",2014,912,"A","Q_tlw"
"364","LHN","51.3.1",2015,1277,"A","Q_tlw"
"364","LHN","51.3.1",2016,1740,"A","Q_tlw"
"364","LHN","51.3.1",2017,1548,"A","Q_tlw"
"364","LHN","51.3.1",2018,1662,"A","Q_tlw"
"364","LHN","51.3.1",2019,2103.36,"I","Q_tlw"
"364","LHN","51.3.1",2020,1857.413,"I","Q_tlw"
"364","LHN","51.3.1",2021,2353.662,"I","Q_tlw"
"364","LHN","51.3.1",2022,2424.286,"I","Q_tlw"
"364","LHN","51.3.1",2023,2262.118,"I","Q_tlw"
"364","AAB","51.2.0",1997,1066,"A","Q_tlw"
"364","AAB","51.2.0",1998,1048,"A","Q_tlw"
"364","AAB","51.2.0",1999,1049,"A","Q_tlw"
"364","AAB","51.2.0",2000,1841,"A","Q_tlw"
"364","AAB","51.2.0",2001,1017,"A","Q_tlw"
"364","AAB","51.2.0",2002,1197,"A","Q_tlw"
"364","AAB","51.2.0",2003,1512,"A","Q_tlw"
"364","AAB","51.2.0",2004,1530,"A","Q_tlw"
"364","AAB","51.2.0",2005,1598,"A","Q_tlw"
"364","AAB","51.2.0",2006,1788,"A","Q_tlw"
"364","AAB","51.2.0",2007,2146,"A","Q_tlw"
"364","AAB","51.2.0",2008,2498,"A","Q_tlw"
"364","AAB","51.2.0",2009,2122,"A","Q_tlw"
"364","AAB","51.2.0",2010,2488,"A","Q_tlw"
"364","AAB","51.2.0",2011,2972,"A","Q_tlw"
"364","AAB","51.2.0",2012,3234,"A","Q_tlw"
"364","AAB","51.2.0",2013,3207,"A","Q_tlw"
"364","AAB","51.2.0",2014,3367,"A","Q_tlw"
"364","AAB","51.2.0",2015,3548,"A","Q_tlw"
"364","AAB","51.2.0",2016,4086,"A","Q_tlw"
"364","AAB","51.2.0",2017,4572,"A","Q_tlw"
"364","AAB","51.2.0",2018,4477,"A","Q_tlw"
"364","AAB","51.2.0",2019,4974.37,"I","Q_tlw"
"364","AAB","51.2.0",2020,5025.885,"I","Q_tlw"
"364","AAB","51.2.0",2021,6162.344,"I","Q_tlw"
"364","AAB","51.2.0",2022,6348.213,"I","Q_tlw"
"364","AAB","51.2.0",2023,5923.776,"I","Q_tlw"
"364","AAB","51.3.1",1997,576,"A","Q_tlw"
"364","AAB","51.3.1",1998,430,"A","Q_tlw"
"364","AAB","51.3.1",1999,411,"A","Q_tlw"
"364","AAB","51.3.1",2000,484,"A","Q_tlw"
"364","AAB","51.3.1",2001,586,"A","Q_tlw"
"364","AAB","51.3.1",2002,938,"A","Q_tlw"
"364","AAB","51.3.1",2003,619,"A","Q_tlw"
"364","AAB","51.3.1",2004,584,"A","Q_tlw"
"364","AAB","51.3.1",2005,336,"A","Q_tlw"
"364","AAB","51.3.1",2006,460,"A","Q_tlw"
"364","AAB","51.3.1",2007,399,"A","Q_tlw"
"364","AAB","51.3.1",2008,218,"A","Q_tlw"
"364","AAB","51.3.1",2009,315,"A","Q_tlw"
"364","AAB","51.3.1",2010,245,"A","Q_tlw"
"364","AAB","51.3.1",2011,469,"A","Q_tlw"
"364","AAB","51.3.1",2012,544,"A","Q_tlw"
"364","AAB","51.3.1",2013,996,"A","Q_tlw"
"364","AAB","51.3.1",2014,1153,"A","Q_tlw"
"364","AAB","51.3.1",2015,1840,"A","Q_tlw"
"364","AAB","51.3.1",2016,1778,"A","Q_tlw"
"364","AAB","51.3.1",2017,1692,"A","Q_tlw"
"364","AAB","51.3.1",2018,1686,"A","Q_tlw"
"364","AAB","51.3.1",2019,1952.63,"I","Q_tlw"
"364","AAB","51.3.1",2020,1842.115,"I","Q_tlw"
"364","AAB","51.3.1",2021,2258.656,"I","Q_tlw"
"364","AAB","51.3.1",2022,2326.787,"I","Q_tlw"
"364","AAB","51.3.1",2023,2171.224,"I","Q_tlw"
"364","SPI","51.2.0",1997,567,"A","Q_tlw"
"364","SPI","51.2.0",1998,180,"A","Q_tlw"
"364","SPI","51.2.0",1999,208,"A","Q_tlw"
"364","SPI","51.2.0",2000,462,"A","Q_tlw"
"364","SPI","51.2.0",2001,308,"A","Q_tlw"
"364","SPI","51.2.0",2002,404,"A","Q_tlw"
"364","SPI","51.2.0",2003,479,"A","Q_tlw"
"364","SPI","51.2.0",2004,376,"A","Q_tlw"
"364","SPI","51.2.0",2005,748,"A","Q_tlw"
"364","SPI","51.2.0",2006,889,"A","Q_tlw"
"364","SPI","51.2.0",2007,523,"A","Q_tlw"
"364","SPI","51.2.0",2008,493,"A","Q_tlw"
"364","SPI","51.2.0",2009,663,"A","Q_tlw"
"364","SPI","51.2.0",2010,1075,"A","Q_tlw"
"364","SPI","51.2.0",2011,730,"A","Q_tlw"
"364","SPI","51.2.0",2012,1782,"A","Q_tlw"
"364","SPI","51.2.0",2013,1217,"A","Q_tlw"
"364","SPI","51.2.0",2014,1273,"A","Q_tlw"
"364","SPI","51.2.0",2015,993,"A","Q_tlw"
"364","SPI","51.2.0",2016,1039,"A","Q_tlw"
"364","SPI","51.2.0",2017,1979,"A","Q_tlw"
"364","SPI","51.2.0",2018,1990,"A","Q_tlw"
"364","SPI","51.2.0",2019,2050.81,"I","Q_tlw"
"364","SPI","51.2.0",2020,2685.714,"I","Q_tlw"
"364","SPI","51.2.0",2021,2764.286,"I","Q_tlw"
"364","SPI","51.2.0",2022,2848.219,"I","Q_tlw"
"364","SPI","51.2.0",2023,2658.041,"I","Q_tlw"
"364","SPI","51.3.1",1997,689,"A","Q_tlw"
"364","SPI","51.3.1",1998,213,"A","Q_tlw"
"364","SPI","51.3.1",1999,242,"A","Q_tlw"
"364","SPI","51.3.1",2000,248,"A","Q_tlw"
"364","SPI","51.3.1",2001,374,"A","Q_tlw"
"364","SPI","51.3.1",2002,579,"A","Q_tlw"
"364","SPI","51.3.1",2003,155,"A","Q_tlw"
"364","SPI","51.3.1",2004,180,"A","Q_tlw"
"364","SPI","51.3.1",2005,209,"A","Q_tlw"
"364","SPI","51.3.1",2006,97,"A","Q_tlw"
"364","SPI","51.3.1",2007,97,"A","Q_tlw"
"364","SPI","51.3.1",2008,129,"A","Q_tlw"
"364","SPI","51.3.1",2009,130,"A","Q_tlw"
"364","SPI","51.3.1",2010,127,"A","Q_tlw"
"364","SPI","51.3.1",2011,85,"A","Q_tlw"
"364","SPI","51.3.1",2012,252,"A","Q_tlw"
"364","SPI","51.3.1",2013,226,"A","Q_tlw"
"364","SPI","51.3.1",2014,158,"A","Q_tlw"
"364","SPI","51.3.1",2015,191,"A","Q_tlw"
"364","SPI","51.3.1",2016,256,"A","Q_tlw"
"364","SPI","51.3.1",2017,190,"A","Q_tlw"
"364","SPI","51.3.1",2018,226,"A","Q_tlw"
"364","SPI","51.3.1",2019,275.19,"I","Q_tlw"
"364","SPI","51.3.1",2020,322.286,"I","Q_tlw"
"364","SPI","51.3.1",2021,331.714,"I","Q_tlw"
"364","SPI","51.3.1",2022,341.781,"I","Q_tlw"
"364","SPI","51.3.1",2023,318.959,"I","Q_tlw"
"364","BHQ","51.3.1",1986,0,"A","Q_tlw"
"364","BHQ","51.3.1",1987,0,"A","Q_tlw"
"364","BHQ","51.3.1",1988,0,"A","Q_tlw"
"364","BHQ","51.3.1",1989,0,"A","Q_tlw"
"364","BHQ","51.3.1",1990,2210,"A","Q_tlw"
"364","BHQ","51.3.1",1991,2210,"A","Q_tlw"
"364","BHQ","51.3.1",1992,2000,"A","Q_tlw"
"364","BHQ","51.3.1",1993,2000,"A","Q_tlw"
"364","BHQ","51.3.1",1994,2000,"A","Q_tlw"
"364","BHQ","51.3.1",1995,2000,"A","Q_tlw"
"364","BHQ","51.3.1",1996,0,"A","Q_tlw"
"364","BHQ","51.3.1",1997,0,"A","Q_tlw"
"364","BHQ","51.3.1",1998,0,"A","Q_tlw"
"364","BHQ","51.3.1",1999,0,"A","Q_tlw"
"364","BHQ","51.3.1",2000,0,"A","Q_tlw"
"364","BHQ","51.3.1",2001,335,"A","Q_tlw"
"364","BHQ","51.3.1",2002,37,"A","Q_tlw"
"364","BHQ","51.3.1",2003,10,"A","Q_tlw"
"364","BHQ","51.3.1",2004,0,"A","Q_tlw"
"364","BHQ","51.3.1",2005,0,"A","Q_tlw"
"364","BHQ","51.3.1",2006,0,"A","Q_tlw"
"364","BHQ","51.3.1",2007,0,"A","Q_tlw"
"364","BHQ","51.3.1",2008,5137,"A","Q_tlw"
"364","BHQ","51.3.1",2009,7753,"A","Q_tlw"
"364","BHQ","51.3.1",2010,9897,"A","Q_tlw"
"364","BHQ","51.3.1",2011,13841,"A","Q_tlw"
"364","BHQ","51.3.1",2012,6660,"A","Q_tlw"
"364","BHQ","51.3.1",2013,4125,"A","Q_tlw"
"364","BHQ","51.3.1",2014,5578,"A","Q_tlw"
"364","BHQ","51.3.1",2015,10253,"A","Q_tlw"
"364","BHQ","51.3.1",2016,14809,"A","Q_tlw"
"364","BHQ","51.3.1",2017,17181,"A","Q_tlw"
"364","BHQ","51.3.1",2018,21374,"A","Q_tlw"
"364","BHQ","51.3.1",2019,31112,"A","Q_tlw"
"364","BHQ","51.3.1",2020,17588,"A","Q_tlw"
"364","BHQ","51.3.1",2021,18000,"I","Q_tlw"
"364","BHQ","51.3.1",2022,18540,"I","Q_tlw"
"364","BHQ","51.3.1",2023,17300,"I","Q_tlw"
"364","LHT","51.2.0",1997,4318,"A","Q_tlw"
"364","LHT","51.2.0",1998,3103,"A","Q_tlw"
"364","LHT","51.2.0",1999,2789,"A","Q_tlw"
"364","LHT","51.2.0",2000,1221,"A","Q_tlw"
"364","LHT","51.2.0",2001,818,"A","Q_tlw"
"364","LHT","51.2.0",2002,935,"A","Q_tlw"
"364","LHT","51.2.0",2003,841,"A","Q_tlw"
"364","LHT","51.2.0",2004,677,"A","Q_tlw"
"364","LHT","51.2.0",2005,2030,"A","Q_tlw"
"364","LHT","51.2.0",2006,1906,"A","Q_tlw"
"364","LHT","51.2.0",2007,1012,"A","Q_tlw"
"364","LHT","51.2.0",2008,1926,"A","Q_tlw"
"364","LHT","51.2.0",2009,2905,"A","Q_tlw"
"364","LHT","51.2.0",2010,3982,"A","Q_tlw"
"364","LHT","51.2.0",2011,5759,"A","Q_tlw"
"364","LHT","51.2.0",2012,5924,"A","Q_tlw"
"364","LHT","51.2.0",2013,4985,"A","Q_tlw"
"364","LHT","51.2.0",2014,6429,"A","Q_tlw"
"364","LHT","51.2.0",2015,6723,"A","Q_tlw"
"364","LHT","51.2.0",2016,14163,"A","Q_tlw"
"364","LHT","51.2.0",2017,18873,"A","Q_tlw"
"364","LHT","51.2.0",2018,27714,"A","Q_tlw"
"364","LHT","51.2.0",2019,23082.035,"I","Q_tlw"
"364","LHT","51.2.0",2020,14606.232,"I","Q_tlw"
"364","LHT","51.2.0",2021,9511.583,"I","Q_tlw"
"364","LHT","51.2.0",2022,9796.13,"I","Q_tlw"
"364","LHT","51.2.0",2023,9141.127,"I","Q_tlw"
"364","LHT","51.3.1",1997,5917,"A","Q_tlw"
"364","LHT","51.3.1",1998,4297,"A","Q_tlw"
"364","LHT","51.3.1",1999,5311,"A","Q_tlw"
"364","LHT","51.3.1",2000,2484,"A","Q_tlw"
"364","LHT","51.3.1",2001,1948,"A","Q_tlw"
"364","LHT","51.3.1",2002,2595,"A","Q_tlw"
"364","LHT","51.3.1",2003,1868,"A","Q_tlw"
"364","LHT","51.3.1",2004,1138,"A","Q_tlw"
"364","LHT","51.3.1",2005,1387,"A","Q_tlw"
"364","LHT","51.3.1",2006,1432,"A","Q_tlw"
"364","LHT","51.3.1",2007,1269,"A","Q_tlw"
"364","LHT","51.3.1",2008,3236,"A","Q_tlw"
"364","LHT","51.3.1",2009,4151,"A","Q_tlw"
"364","LHT","51.3.1",2010,4668,"A","Q_tlw"
"364","LHT","51.3.1",2011,8286,"A","Q_tlw"
"364","LHT","51.3.1",2012,5697,"A","Q_tlw"
"364","LHT","51.3.1",2013,7917,"A","Q_tlw"
"364","LHT","51.3.1",2014,9809,"A","Q_tlw"
"364","LHT","51.3.1",2015,15288,"A","Q_tlw"
"364","LHT","51.3.1",2016,33412,"A","Q_tlw"
"364","LHT","51.3.1",2017,29120,"A","Q_tlw"
"364","LHT","51.3.1",2018,28223,"A","Q_tlw"
"364","LHT","51.3.1",2019,32807.965,"I","Q_tlw"
"364","LHT","51.3.1",2020,20760.768,"I","Q_tlw"
"364","LHT","51.3.1",2021,13519.417,"I","Q_tlw"
"364","LHT","51.3.1",2022,13923.87,"I","Q_tlw"
"364","LHT","51.3.1",2023,12992.873,"I","Q_tlw"
"364","CLU","51.2.0",1989,2250,"A","Q_tlw"
"364","CLU","51.2.0",1990,2000,"A","Q_tlw"
"364","CLU","51.2.0",1991,7500,"A","Q_tlw"
"364","CLU","51.2.0",1992,12500,"A","Q_tlw"
"364","CLU","51.2.0",1993,10091,"A","Q_tlw"
"364","CLU","51.2.0",1994,3186,"A","Q_tlw"
"364","CLU","51.2.0",1995,5098,"A","Q_tlw"
"364","CLU","51.2.0",1996,6400,"A","Q_tlw"
"364","CLU","51.2.0",1997,931,"A","Q_tlw"
"364","CLU","51.2.0",1998,770,"A","Q_tlw"
"364","CLU","51.2.0",1999,2530,"A","Q_tlw"
"364","CLU","51.2.0",2000,977,"A","Q_tlw"
"364","CLU","51.2.0",2001,1083,"A","Q_tlw"
"364","CLU","51.2.0",2002,653,"A","Q_tlw"
"364","CLU","51.2.0",2003,633,"A","Q_tlw"
"364","CLU","51.2.0",2004,458,"A","Q_tlw"
"364","CLU","51.2.0",2005,388,"A","Q_tlw"
"364","CLU","51.2.0",2006,393,"A","Q_tlw"
"364","CLU","51.2.0",2007,612,"A","Q_tlw"
"364","CLU","51.2.0",2008,259,"A","Q_tlw"
"364","CLU","51.2.0",2009,795,"A","Q_tlw"
"364","CLU","51.2.0",2010,551,"A","Q_tlw"
"364","CLU","51.2.0",2011,1073,"A","Q_tlw"
"364","CLU","51.2.0",2012,1342,"A","Q_tlw"
"364","CLU","51.2.0",2013,1129,"A","Q_tlw"
"364","CLU","51.2.0",2014,1465,"A","Q_tlw"
"364","CLU","51.2.0",2015,1916,"A","Q_tlw"
"364","CLU","51.2.0",2016,2511,"A","Q_tlw"
"364","CLU","51.2.0",2017,2819,"A","Q_tlw"
"364","CLU","51.2.0",2018,1389,"A","Q_tlw"
"364","CLU","51.2.0",2019,1740,"I","Q_tlw"
"364","CLU","51.2.0",2020,1894.545,"I","Q_tlw"
"364","CLU","51.2.0",2021,2288.182,"I","Q_tlw"
"364","CLU","51.2.0",2022,2359.089,"I","Q_tlw"
"364","CLU","51.2.0",2023,2200.908,"I","Q_tlw"
"364","CLU","51.3.1",1989,5750,"A","Q_tlw"
"364","CLU","51.3.1",1990,5000,"A","Q_tlw"
"364","CLU","51.3.1",1991,7500,"A","Q_tlw"
"364","CLU","51.3.1",1992,12500,"A","Q_tlw"
"364","CLU","51.3.1",1993,9909,"A","Q_tlw"
"364","CLU","51.3.1",1994,1814,"A","Q_tlw"
"364","CLU","51.3.1",1995,2902,"A","Q_tlw"
"364","CLU","51.3.1",1996,3600,"A","Q_tlw"
"364","CLU","51.3.1",1997,201,"A","Q_tlw"
"364","CLU","51.3.1",1998,213,"A","Q_tlw"
"364","CLU","51.3.1",1999,530,"A","Q_tlw"
"364","CLU","51.3.1",2000,58,"A","Q_tlw"
"364","CLU","51.3.1",2001,124,"A","Q_tlw"
"364","CLU","51.3.1",2002,148,"A","Q_tlw"
"364","CLU","51.3.1",2003,76,"A","Q_tlw"
"364","CLU","51.3.1",2004,109,"A","Q_tlw"
"364","CLU","51.3.1",2005,52,"A","Q_tlw"
"364","CLU","51.3.1",2006,76,"A","Q_tlw"
"364","CLU","51.3.1",2007,62,"A","Q_tlw"
"364","CLU","51.3.1",2008,51,"A","Q_tlw"
"364","CLU","51.3.1",2009,108,"A","Q_tlw"
"364","CLU","51.3.1",2010,35,"A","Q_tlw"
"364","CLU","51.3.1",2011,71,"A","Q_tlw"
"364","CLU","51.3.1",2012,23,"A","Q_tlw"
"364","CLU","51.3.1",2013,34,"A","Q_tlw"
"364","CLU","51.3.1",2014,138,"A","Q_tlw"
"364","CLU","51.3.1",2015,34,"A","Q_tlw"
"364","CLU","51.3.1",2016,313,"A","Q_tlw"
"364","CLU","51.3.1",2017,352,"A","Q_tlw"
"364","CLU","51.3.1",2018,141,"A","Q_tlw"
"364","CLU","51.3.1",2019,170,"I","Q_tlw"
"364","CLU","51.3.1",2020,189.455,"I","Q_tlw"
"364","CLU","51.3.1",2021,228.818,"I","Q_tlw"
"364","CLU","51.3.1",2022,235.911,"I","Q_tlw"
"364","CLU","51.3.1",2023,220.092,"I","Q_tlw"
"364","CNU","51.2.0",1997,5051,"A","Q_tlw"
"364","CNU","51.2.0",1998,4472,"A","Q_tlw"
"364","CNU","51.2.0",1999,5616,"A","Q_tlw"
"364","CNU","51.2.0",2000,5789,"A","Q_tlw"
"364","CNU","51.2.0",2001,4040,"A","Q_tlw"
"364","CNU","51.2.0",2002,4095,"A","Q_tlw"
"364","CNU","51.2.0",2003,4890,"A","Q_tlw"
"364","CNU","51.2.0",2004,4589,"A","Q_tlw"
"364","CNU","51.2.0",2005,6009,"A","Q_tlw"
"364","CNU","51.2.0",2006,3335,"A","Q_tlw"
"364","CNU","51.2.0",2007,4368,"A","Q_tlw"
"364","CNU","51.2.0",2008,4443,"A","Q_tlw"
"364","CNU","51.2.0",2009,5669,"A","Q_tlw"
"364","CNU","51.2.0",2010,7825,"A","Q_tlw"
"364","CNU","51.2.0",2011,5595,"A","Q_tlw"
"364","CNU","51.2.0",2012,6279,"A","Q_tlw"
"364","CNU","51.2.0",2013,6162,"A","Q_tlw"
"364","CNU","51.2.0",2014,7963,"A","Q_tlw"
"364","CNU","51.2.0",2015,8613,"A","Q_tlw"
"364","CNU","51.2.0",2016,5334,"A","Q_tlw"
"364","CNU","51.2.0",2017,6661,"A","Q_tlw"
"364","CNU","51.2.0",2018,5878,"A","Q_tlw"
"364","CNU","51.2.0",2019,6020,"I","Q_tlw"
"364","CNU","51.2.0",2020,6155.455,"I","Q_tlw"
"364","CNU","51.2.0",2021,6370.117,"I","Q_tlw"
"364","CNU","51.2.0",2022,6560.633,"I","Q_tlw"
"364","CNU","51.2.0",2023,6122.36,"I","Q_tlw"
"364","CNU","51.3.1",1997,657,"A","Q_tlw"
"364","CNU","51.3.1",1998,637,"A","Q_tlw"
"364","CNU","51.3.1",1999,554,"A","Q_tlw"
"364","CNU","51.3.1",2000,366,"A","Q_tlw"
"364","CNU","51.3.1",2001,160,"A","Q_tlw"
"364","CNU","51.3.1",2002,218,"A","Q_tlw"
"364","CNU","51.3.1",2003,247,"A","Q_tlw"
"364","CNU","51.3.1",2004,469,"A","Q_tlw"
"364","CNU","51.3.1",2005,293,"A","Q_tlw"
"364","CNU","51.3.1",2006,489,"A","Q_tlw"
"364","CNU","51.3.1",2007,369,"A","Q_tlw"
"364","CNU","51.3.1",2008,725,"A","Q_tlw"
"364","CNU","51.3.1",2009,251,"A","Q_tlw"
"364","CNU","51.3.1",2010,189,"A","Q_tlw"
"364","CNU","51.3.1",2011,229,"A","Q_tlw"
"364","CNU","51.3.1",2012,261,"A","Q_tlw"
"364","CNU","51.3.1",2013,461,"A","Q_tlw"
"364","CNU","51.3.1",2014,279,"A","Q_tlw"
"364","CNU","51.3.1",2015,419,"A","Q_tlw"
"364","CNU","51.3.1",2016,656,"A","Q_tlw"
"364","CNU","51.3.1",2017,688,"A","Q_tlw"
"364","CNU","51.3.1",2018,570,"A","Q_tlw"
"364","CNU","51.3.1",2019,629,"I","Q_tlw"
"364","CNU","51.3.1",2020,726.545,"I","Q_tlw"
"364","CNU","51.3.1",2021,751.883,"I","Q_tlw"
"364","CNU","51.3.1",2022,774.367,"I","Q_tlw"
"364","CNU","51.3.1",2023,722.64,"I","Q_tlw"
"364","IOS","51.2.0",1997,6560,"A","Q_tlw"
"364","IOS","51.2.0",1998,7595,"A","Q_tlw"
"364","IOS","51.2.0",1999,4683,"A","Q_tlw"
"364","IOS","51.2.0",2000,11139,"A","Q_tlw"
"364","IOS","51.2.0",2001,9688,"A","Q_tlw"
"364","IOS","51.2.0",2002,7191,"A","Q_tlw"
"364","IOS","51.2.0",2003,8698,"A","Q_tlw"
"364","IOS","51.2.0",2004,12192,"A","Q_tlw"
"364","IOS","51.2.0",2005,11118,"A","Q_tlw"
"364","IOS","51.2.0",2006,13473,"A","Q_tlw"
"364","IOS","51.2.0",2007,22116,"A","Q_tlw"
"364","IOS","51.2.0",2008,26905,"A","Q_tlw"
"364","IOS","51.2.0",2009,21020,"A","Q_tlw"
"364","IOS","51.2.0",2010,16274,"A","Q_tlw"
"364","IOS","51.2.0",2011,28617,"A","Q_tlw"
"364","IOS","51.2.0",2012,30117,"A","Q_tlw"
"364","IOS","51.2.0",2013,41371,"A","Q_tlw"
"364","IOS","51.2.0",2014,52112,"A","Q_tlw"
"364","IOS","51.2.0",2015,53073,"A","Q_tlw"
"364","IOS","51.2.0",2016,62292,"A","Q_tlw"
"364","IOS","51.2.0",2017,79852,"A","Q_tlw"
"364","IOS","51.2.0",2018,80332,"A","Q_tlw"
"364","IOS","51.2.0",2019,84110,"I","Q_tlw"
"364","IOS","51.2.0",2020,72843.54,"I","Q_tlw"
"364","IOS","51.2.0",2021,85276.12,"I","Q_tlw"
"364","IOS","51.2.0",2022,87833.15,"I","Q_tlw"
"364","IOS","51.2.0",2023,81960.342,"I","Q_tlw"
"364","IOS","51.3.1",1997,3237,"A","Q_tlw"
"364","IOS","51.3.1",1998,2113,"A","Q_tlw"
"364","IOS","51.3.1",1999,8347,"A","Q_tlw"
"364","IOS","51.3.1",2000,3816,"A","Q_tlw"
"364","IOS","51.3.1",2001,7765,"A","Q_tlw"
"364","IOS","51.3.1",2002,5674,"A","Q_tlw"
"364","IOS","51.3.1",2003,5539,"A","Q_tlw"
"364","IOS","51.3.1",2004,6211,"A","Q_tlw"
"364","IOS","51.3.1",2005,4586,"A","Q_tlw"
"364","IOS","51.3.1",2006,4165,"A","Q_tlw"
"364","IOS","51.3.1",2007,179,"A","Q_tlw"
"364","IOS","51.3.1",2008,339,"A","Q_tlw"
"364","IOS","51.3.1",2009,167,"A","Q_tlw"
"364","IOS","51.3.1",2010,4564,"A","Q_tlw"
"364","IOS","51.3.1",2011,3742,"A","Q_tlw"
"364","IOS","51.3.1",2012,3146,"A","Q_tlw"
"364","IOS","51.3.1",2013,3847,"A","Q_tlw"
"364","IOS","51.3.1",2014,6727,"A","Q_tlw"
"364","IOS","51.3.1",2015,5982,"A","Q_tlw"
"364","IOS","51.3.1",2016,6852,"A","Q_tlw"
"364","IOS","51.3.1",2017,7854,"A","Q_tlw"
"364","IOS","51.3.1",2018,8188,"A","Q_tlw"
"364","IOS","51.3.1",2019,6108,"I","Q_tlw"
"364","IOS","51.3.1",2020,7320.46,"I","Q_tlw"
"364","IOS","51.3.1",2021,8569.88,"I","Q_tlw"
"364","IOS","51.3.1",2022,8826.85,"I","Q_tlw"
"364","IOS","51.3.1",2023,8236.658,"I","Q_tlw"
"364","TUX","51.3.1",1986,0,"A","Q_tlw"
"364","TUX","51.3.1",1987,0,"A","Q_tlw"
"364","TUX","51.3.1",1988,0,"A","Q_tlw"
"364","TUX","51.3.1",1989,0,"A","Q_tlw"
"364","TUX","51.3.1",1990,0,"A","Q_tlw"
"364","TUX","51.3.1",1991,0,"A","Q_tlw"
"364","TUX","51.3.1",1992,0,"A","Q_tlw"
"364","TUX","51.3.1",1993,0,"A","Q_tlw"
"364","TUX","51.3.1",1994,0,"A","Q_tlw"
"364","TUX","51.3.1",1995,0,"A","Q_tlw"
"364","TUX","51.3.1",1996,4,"A","Q_tlw"
"364","TUX","51.3.1",1997,0,"A","Q_tlw"
"364","TUX","51.3.1",1998,0,"A","Q_tlw"
"364","TUX","51.3.1",1999,0,"A","Q_tlw"
"364","TUX","51.3.1",2000,0,"A","Q_tlw"
"364","TUX","51.3.1",2001,0,"A","Q_tlw"
"364","TUX","51.3.1",2002,0,"A","Q_tlw"
"364","TUX","51.3.1",2003,0,"A","Q_tlw"
"364","TUX","51.3.1",2004,0,"A","Q_tlw"
"364","TUX","51.3.1",2005,0,"A","Q_tlw"
"364","TUX","51.3.1",2006,0,"A","Q_tlw"
"364","TUX","51.3.1",2007,0,"A","Q_tlw"
"364","TUX","51.3.1",2008,0,"A","Q_tlw"
"364","TUX","51.3.1",2009,0,"A","Q_tlw"
"364","TUX","51.3.1",2010,0,"A","Q_tlw"
"364","TUX","51.3.1",2011,0,"A","Q_tlw"
"364","TUX","51.3.1",2012,0,"A","Q_tlw"
"364","TUX","51.3.1",2013,0,"A","Q_tlw"
"364","TUX","51.3.1",2014,0,"A","Q_tlw"
"364","TUX","51.3.1",2015,0,"A","Q_tlw"
"364","TUX","51.3.1",2016,0,"A","Q_tlw"
"364","TUX","51.3.1",2017,0,"A","Q_tlw"
"364","TUX","51.3.1",2018,0,"A","Q_tlw"
"364","TUX","51.3.1",2019,0,"A","Q_tlw"
"364","TUX","51.3.1",2020,0,"A","Q_tlw"
"364","TUX","51.3.1",2021,0,"A","Q_tlw"
"364","TUX","51.3.1",2022,0,"I","Q_tlw"
"364","TUX","51.3.1",2023,0,"I","Q_tlw"
"364","FRZ","51.2.0",1986,58,"A","Q_tlw"
"364","FRZ","51.2.0",1987,75,"A","Q_tlw"
"364","FRZ","51.2.0",1988,66,"A","Q_tlw"
"364","FRZ","51.2.0",1989,80,"A","Q_tlw"
"364","FRZ","51.2.0",1990,0,"N","Q_tlw"
"364","FRZ","51.2.0",1991,144,"A","Q_tlw"
"364","FRZ","51.2.0",1992,144,"A","Q_tlw"
"364","FRZ","51.2.0",1993,84,"A","Q_tlw"
"364","FRZ","51.2.0",1994,57,"A","Q_tlw"
"364","FRZ","51.2.0",1995,591,"A","Q_tlw"
"364","FRZ","51.2.0",1996,140,"A","Q_tlw"
"364","FRZ","51.2.0",1997,291,"A","Q_tlw"
"364","FRZ","51.2.0",1998,271,"A","Q_tlw"
"364","FRZ","51.2.0",1999,281,"A","Q_tlw"
"364","FRZ","51.2.0",2000,398,"A","Q_tlw"
"364","FRZ","51.2.0",2001,234,"A","Q_tlw"
"364","FRZ","51.2.0",2002,460,"A","Q_tlw"
"364","FRZ","51.2.0",2003,960,"A","Q_tlw"
"364","FRZ","51.2.0",2004,1244,"A","Q_tlw"
"364","FRZ","51.2.0",2005,1379,"A","Q_tlw"
"364","FRZ","51.2.0",2006,2103,"A","Q_tlw"
"364","FRZ","51.2.0",2007,5104,"A","Q_tlw"
"364","FRZ","51.2.0",2008,6750,"A","Q_tlw"
"364","FRZ","51.2.0",2009,4839,"A","Q_tlw"
"364","FRZ","51.2.0",2010,5307,"A","Q_tlw"
"364","FRZ","51.2.0",2019,0,"A","Q_tlw"
"364","FRZ","51.2.0",2020,0,"A","Q_tlw"
"364","FRZ","51.2.0",2021,0,"A","Q_tlw"
"364","FRZ","51.3.1",1986,268,"A","Q_tlw"
"364","FRZ","51.3.1",1987,319,"A","Q_tlw"
"364","FRZ","51.3.1",1988,282,"A","Q_tlw"
"364","FRZ","51.3.1",1989,80,"A","Q_tlw"
"364","FRZ","51.3.1",1990,70,"A","Q_tlw"
"364","FRZ","51.3.1",1991,336,"A","Q_tlw"
"364","FRZ","51.3.1",1992,156,"A","Q_tlw"
"364","FRZ","51.3.1",1993,352,"A","Q_tlw"
"364","FRZ","51.3.1",1994,143,"A","Q_tlw"
"364","FRZ","51.3.1",1995,2509,"A","Q_tlw"
"364","FRZ","51.3.1",1996,615,"A","Q_tlw"
"364","FRZ","51.3.1",1997,273,"A","Q_tlw"
"364","FRZ","51.3.1",1998,270,"A","Q_tlw"
"364","FRZ","51.3.1",1999,309,"A","Q_tlw"
"364","FRZ","51.3.1",2000,387,"A","Q_tlw"
"364","FRZ","51.3.1",2001,328,"A","Q_tlw"
"364","FRZ","51.3.1",2002,151,"A","Q_tlw"
"364","FRZ","51.3.1",2003,184,"A","Q_tlw"
"364","FRZ","51.3.1",2004,215,"A","Q_tlw"
"364","FRZ","51.3.1",2005,237,"A","Q_tlw"
"364","FRZ","51.3.1",2006,341,"A","Q_tlw"
"364","FRZ","51.3.1",2007,204,"A","Q_tlw"
"364","FRZ","51.3.1",2008,413,"A","Q_tlw"
"364","FRZ","51.3.1",2009,340,"A","Q_tlw"
"364","FRZ","51.3.1",2010,865,"A","Q_tlw"
"364","FRZ","51.3.1",2019,0,"A","Q_tlw"
"364","FRZ","51.3.1",2020,0,"A","Q_tlw"
"364","FRZ","51.3.1",2021,0,"A","Q_tlw"
"364","FRI","51.2.0",2011,4125,"I","Q_tlw"
"364","FRI","51.2.0",2012,5912.157,"I","Q_tlw"
"364","FRI","51.2.0",2013,4781.979,"I","Q_tlw"
"364","FRI","51.2.0",2014,8411.855,"I","Q_tlw"
"364","FRI","51.2.0",2015,5087.882,"I","Q_tlw"
"364","FRI","51.2.0",2016,4309.832,"I","Q_tlw"
"364","FRI","51.2.0",2017,1850.915,"I","Q_tlw"
"364","FRI","51.2.0",2018,624,"I","Q_tlw"
"364","FRI","51.2.0",2019,2038.029,"I","Q_tlw"
"364","FRI","51.2.0",2020,2200.657,"I","Q_tlw"
"364","FRI","51.2.0",2021,1264.83,"I","Q_tlw"
"364","FRI","51.2.0",2022,1724.278,"I","Q_tlw"
"364","FRI","51.2.0",2023,2149.676,"I","Q_tlw"
"364","FRI","51.3.1",2011,1870,"I","Q_tlw"
"364","FRI","51.3.1",2012,2298.061,"I","Q_tlw"
"364","FRI","51.3.1",2013,2089.991,"I","Q_tlw"
"364","FRI","51.3.1",2014,5079.309,"I","Q_tlw"
"364","FRI","51.3.1",2015,5566.871,"I","Q_tlw"
"364","FRI","51.3.1",2016,5933.768,"I","Q_tlw"
"364","FRI","51.3.1",2017,8413.612,"I","Q_tlw"
"364","FRI","51.3.1",2018,8555.935,"I","Q_tlw"
"364","FRI","51.3.1",2019,6919.877,"I","Q_tlw"
"364","FRI","51.3.1",2020,10025.031,"I","Q_tlw"
"364","FRI","51.3.1",2021,5761.895,"I","Q_tlw"
"364","FRI","51.3.1",2022,7854.872,"I","Q_tlw"
"364","FRI","51.3.1",2023,9792.777,"I","Q_tlw"
"364","KAW","51.2.0",1986,598,"A","Q_tlw"
"364","KAW","51.2.0",1987,207,"A","Q_tlw"
"364","KAW","51.2.0",1988,693,"A","Q_tlw"
"364","KAW","51.2.0",1989,360,"A","Q_tlw"
"364","KAW","51.2.0",1990,0,"N","Q_tlw"
"364","KAW","51.2.0",1991,198,"A","Q_tlw"
"364","KAW","51.2.0",1992,198,"A","Q_tlw"
"364","KAW","51.2.0",1993,370,"A","Q_tlw"
"364","KAW","51.2.0",1994,681,"A","Q_tlw"
"364","KAW","51.2.0",1995,775,"A","Q_tlw"
"364","KAW","51.2.0",1996,1815,"A","Q_tlw"
"364","KAW","51.2.0",1997,7360,"A","Q_tlw"
"364","KAW","51.2.0",1998,8035,"A","Q_tlw"
"364","KAW","51.2.0",1999,10412,"A","Q_tlw"
"364","KAW","51.2.0",2000,13005,"A","Q_tlw"
"364","KAW","51.2.0",2001,11796,"A","Q_tlw"
"364","KAW","51.2.0",2002,15058,"A","Q_tlw"
"364","KAW","51.2.0",2003,12473,"A","Q_tlw"
"364","KAW","51.2.0",2004,10422,"A","Q_tlw"
"364","KAW","51.2.0",2005,11202,"A","Q_tlw"
"364","KAW","51.2.0",2006,11706,"A","Q_tlw"
"364","KAW","51.2.0",2007,14988,"A","Q_tlw"
"364","KAW","51.2.0",2008,19620,"A","Q_tlw"
"364","KAW","51.2.0",2009,16052,"A","Q_tlw"
"364","KAW","51.2.0",2010,13055,"A","Q_tlw"
"364","KAW","51.2.0",2011,17771,"A","Q_tlw"
"364","KAW","51.2.0",2012,20537.625,"A","Q_tlw"
"364","KAW","51.2.0",2013,24052.767,"A","Q_tlw"
"364","KAW","51.2.0",2014,21759.541,"A","Q_tlw"
"364","KAW","51.2.0",2015,19258.249,"A","Q_tlw"
"364","KAW","51.2.0",2016,24360.736,"A","Q_tlw"
"364","KAW","51.2.0",2017,25493.534,"A","Q_tlw"
"364","KAW","51.2.0",2018,23507.737,"A","Q_tlw"
"364","KAW","51.2.0",2019,21095.723,"I","Q_tlw"
"364","KAW","51.2.0",2020,23186.53,"I","Q_tlw"
"364","KAW","51.2.0",2021,25111.124,"I","Q_tlw"
"364","KAW","51.2.0",2022,22824.098,"I","Q_tlw"
"364","KAW","51.2.0",2023,17919.115,"I","Q_tlw"
"364","KAW","51.3.1",1986,1272,"A","Q_tlw"
"364","KAW","51.3.1",1987,440,"A","Q_tlw"
"364","KAW","51.3.1",1988,1472,"A","Q_tlw"
"364","KAW","51.3.1",1989,406,"A","Q_tlw"
"364","KAW","51.3.1",1990,696,"A","Q_tlw"
"364","KAW","51.3.1",1991,462,"A","Q_tlw"
"364","KAW","51.3.1",1992,524,"A","Q_tlw"
"364","KAW","51.3.1",1993,148,"A","Q_tlw"
"364","KAW","51.3.1",1994,1419,"A","Q_tlw"
"364","KAW","51.3.1",1995,1615,"A","Q_tlw"
"364","KAW","51.3.1",1996,3850,"A","Q_tlw"
"364","KAW","51.3.1",1997,462,"A","Q_tlw"
"364","KAW","51.3.1",1998,416,"A","Q_tlw"
"364","KAW","51.3.1",1999,446,"A","Q_tlw"
"364","KAW","51.3.1",2000,495,"A","Q_tlw"
"364","KAW","51.3.1",2001,678,"A","Q_tlw"
"364","KAW","51.3.1",2002,1303,"A","Q_tlw"
"364","KAW","51.3.1",2003,1593,"A","Q_tlw"
"364","KAW","51.3.1",2004,1223,"A","Q_tlw"
"364","KAW","51.3.1",2005,601,"A","Q_tlw"
"364","KAW","51.3.1",2006,889,"A","Q_tlw"
"364","KAW","51.3.1",2007,732,"A","Q_tlw"
"364","KAW","51.3.1",2008,819,"A","Q_tlw"
"364","KAW","51.3.1",2009,1775,"A","Q_tlw"
"364","KAW","51.3.1",2010,3281,"A","Q_tlw"
"364","KAW","51.3.1",2011,4453,"A","Q_tlw"
"364","KAW","51.3.1",2012,5683.896,"A","Q_tlw"
"364","KAW","51.3.1",2013,4465.526,"A","Q_tlw"
"364","KAW","51.3.1",2014,7588.936,"A","Q_tlw"
"364","KAW","51.3.1",2015,9062.06,"A","Q_tlw"
"364","KAW","51.3.1",2016,9509.747,"A","Q_tlw"
"364","KAW","51.3.1",2017,13222.05,"A","Q_tlw"
"364","KAW","51.3.1",2018,13147.541,"A","Q_tlw"
"364","KAW","51.3.1",2019,12164.287,"I","Q_tlw"
"364","KAW","51.3.1",2020,13369.895,"I","Q_tlw"
"364","KAW","51.3.1",2021,14479.661,"I","Q_tlw"
"364","KAW","51.3.1",2022,13160.912,"I","Q_tlw"
"364","KAW","51.3.1",2023,10332.589,"I","Q_tlw"
"364","SKJ","51.2.0",1986,0,"A","Q_tlw"
"364","SKJ","51.2.0",1987,0,"A","Q_tlw"
"364","SKJ","51.2.0",1988,0,"A","Q_tlw"
"364","SKJ","51.2.0",1989,0,"A","Q_tlw"
"364","SKJ","51.2.0",1990,0,"A","Q_tlw"
"364","SKJ","51.2.0",1991,0,"A","Q_tlw"
"364","SKJ","51.2.0",1992,0,"A","Q_tlw"
"364","SKJ","51.2.0",1993,0,"A","Q_tlw"
"364","SKJ","51.2.0",1994,0,"A","Q_tlw"
"364","SKJ","51.2.0",1995,0,"A","Q_tlw"
"364","SKJ","51.2.0",1996,0,"A","Q_tlw"
"364","SKJ","51.2.0",1997,2,"A","Q_tlw"
"364","SKJ","51.2.0",1998,0,"A","Q_tlw"
"364","SKJ","51.2.0",1999,0,"A","Q_tlw"
"364","SKJ","51.2.0",2000,5,"A","Q_tlw"
"364","SKJ","51.2.0",2001,10,"A","Q_tlw"
"364","SKJ","51.2.0",2002,1,"A","Q_tlw"
"364","SKJ","51.2.0",2003,12,"A","Q_tlw"
"364","SKJ","51.2.0",2004,0,"A","Q_tlw"
"364","SKJ","51.2.0",2005,2,"A","Q_tlw"
"364","SKJ","51.2.0",2006,225,"A","Q_tlw"
"364","SKJ","51.2.0",2007,594,"A","Q_tlw"
"364","SKJ","51.2.0",2008,27,"A","Q_tlw"
"364","SKJ","51.2.0",2009,24,"A","Q_tlw"
"364","SKJ","51.2.0",2010,1371,"A","Q_tlw"
"364","SKJ","51.2.0",2011,4,"A","Q_tlw"
"364","SKJ","51.2.0",2012,1623.997,"A","Q_tlw"
"364","SKJ","51.2.0",2013,1861.019,"A","Q_tlw"
"364","SKJ","51.2.0",2014,781.583,"A","Q_tlw"
"364","SKJ","51.2.0",2015,0,"A","Q_tlw"
"364","SKJ","51.2.0",2016,0,"A","Q_tlw"
"364","SKJ","51.2.0",2017,0,"A","Q_tlw"
"364","SKJ","51.2.0",2018,355.998,"A","Q_tlw"
"364","SKJ","51.2.0",2019,269.935,"I","Q_tlw"
"364","SKJ","51.2.0",2020,300.623,"I","Q_tlw"
"364","SKJ","51.2.0",2021,459.942,"I","Q_tlw"
"364","SKJ","51.2.0",2022,530.785,"I","Q_tlw"
"364","SKJ","51.2.0",2023,490.823,"I","Q_tlw"
"364","SKJ","51.3.1",1986,0,"A","Q_tlw"
"364","SKJ","51.3.1",1987,0,"A","Q_tlw"
"364","SKJ","51.3.1",1988,0,"A","Q_tlw"
"364","SKJ","51.3.1",1989,347,"A","Q_tlw"
"364","SKJ","51.3.1",1990,808,"A","Q_tlw"
"364","SKJ","51.3.1",1991,1148,"A","Q_tlw"
"364","SKJ","51.3.1",1992,4291,"A","Q_tlw"
"364","SKJ","51.3.1",1993,4353,"A","Q_tlw"
"364","SKJ","51.3.1",1994,7400,"A","Q_tlw"
"364","SKJ","51.3.1",1995,2450,"A","Q_tlw"
"364","SKJ","51.3.1",1996,3239,"A","Q_tlw"
"364","SKJ","51.3.1",1997,8238,"A","Q_tlw"
"364","SKJ","51.3.1",1998,8185,"A","Q_tlw"
"364","SKJ","51.3.1",1999,11460,"A","Q_tlw"
"364","SKJ","51.3.1",2000,18485,"A","Q_tlw"
"364","SKJ","51.3.1",2001,26048,"A","Q_tlw"
"364","SKJ","51.3.1",2002,29858,"A","Q_tlw"
"364","SKJ","51.3.1",2003,36020,"A","Q_tlw"
"364","SKJ","51.3.1",2004,53646,"A","Q_tlw"
"364","SKJ","51.3.1",2005,80649,"A","Q_tlw"
"364","SKJ","51.3.1",2006,102444,"A","Q_tlw"
"364","SKJ","51.3.1",2007,67474,"A","Q_tlw"
"364","SKJ","51.3.1",2008,43873,"A","Q_tlw"
"364","SKJ","51.3.1",2009,47070,"A","Q_tlw"
"364","SKJ","51.3.1",2010,20914,"A","Q_tlw"
"364","SKJ","51.3.1",2011,17360,"A","Q_tlw"
"364","SKJ","51.3.1",2012,25426.96,"A","Q_tlw"
"364","SKJ","51.3.1",2013,31465.703,"A","Q_tlw"
"364","SKJ","51.3.1",2014,38947.063,"A","Q_tlw"
"364","SKJ","51.3.1",2015,38720.45,"A","Q_tlw"
"364","SKJ","51.3.1",2016,39158.039,"A","Q_tlw"
"364","SKJ","51.3.1",2017,53299.642,"A","Q_tlw"
"364","SKJ","51.3.1",2018,49607.763,"A","Q_tlw"
"364","SKJ","51.3.1",2019,39701.665,"I","Q_tlw"
"364","SKJ","51.3.1",2020,44215.219,"I","Q_tlw"
"364","SKJ","51.3.1",2021,67647.71,"I","Q_tlw"
"364","SKJ","51.3.1",2022,78067.215,"I","Q_tlw"
"364","SKJ","51.3.1",2023,72190.177,"I","Q_tlw"
"364","COM","51.2.0",1986,425,"A","Q_tlw"
"364","COM","51.2.0",1987,648,"A","Q_tlw"
"364","COM","51.2.0",1988,610,"A","Q_tlw"
"364","COM","51.2.0",1989,1500,"A","Q_tlw"
"364","COM","51.2.0",1990,2000,"A","Q_tlw"
"364","COM","51.2.0",1991,1301,"A","Q_tlw"
"364","COM","51.2.0",1992,1225,"A","Q_tlw"
"364","COM","51.2.0",1993,1980,"A","Q_tlw"
"364","COM","51.2.0",1994,2025,"A","Q_tlw"
"364","COM","51.2.0",1995,2362,"A","Q_tlw"
"364","COM","51.2.0",1996,2170,"A","Q_tlw"
"364","COM","51.2.0",1997,2698,"A","Q_tlw"
"364","COM","51.2.0",1998,3069,"A","Q_tlw"
"364","COM","51.2.0",1999,2682,"A","Q_tlw"
"364","COM","51.2.0",2000,5914,"A","Q_tlw"
"364","COM","51.2.0",2001,4674,"A","Q_tlw"
"364","COM","51.2.0",2002,6749,"A","Q_tlw"
"364","COM","51.2.0",2003,6308,"A","Q_tlw"
"364","COM","51.2.0",2004,4917,"A","Q_tlw"
"364","COM","51.2.0",2005,4533,"A","Q_tlw"
"364","COM","51.2.0",2006,5896,"A","Q_tlw"
"364","COM","51.2.0",2007,6590,"A","Q_tlw"
"364","COM","51.2.0",2008,7164,"A","Q_tlw"
"364","COM","51.2.0",2009,4399,"A","Q_tlw"
"364","COM","51.2.0",2010,5566,"A","Q_tlw"
"364","COM","51.2.0",2011,10110,"A","Q_tlw"
"364","COM","51.2.0",2012,10390.725,"A","Q_tlw"
"364","COM","51.2.0",2013,13083.001,"A","Q_tlw"
"364","COM","51.2.0",2014,16209.694,"A","Q_tlw"
"364","COM","51.2.0",2015,15825.843,"A","Q_tlw"
"364","COM","51.2.0",2016,15067.237,"A","Q_tlw"
"364","COM","51.2.0",2017,13879.433,"A","Q_tlw"
"364","COM","51.2.0",2018,13947.747,"A","Q_tlw"
"364","COM","51.2.0",2019,13563.537,"I","Q_tlw"
"364","COM","51.2.0",2020,14999.349,"I","Q_tlw"
"364","COM","51.2.0",2021,15298.636,"I","Q_tlw"
"364","COM","51.2.0",2022,14426.651,"I","Q_tlw"
"364","COM","51.2.0",2023,16221.021,"I","Q_tlw"
"364","COM","51.3.1",1986,272,"A","Q_tlw"
"364","COM","51.3.1",1987,415,"A","Q_tlw"
"364","COM","51.3.1",1988,390,"A","Q_tlw"
"364","COM","51.3.1",1989,1010,"A","Q_tlw"
"364","COM","51.3.1",1990,1380,"A","Q_tlw"
"364","COM","51.3.1",1991,2419,"A","Q_tlw"
"364","COM","51.3.1",1992,2103,"A","Q_tlw"
"364","COM","51.3.1",1993,889,"A","Q_tlw"
"364","COM","51.3.1",1994,1275,"A","Q_tlw"
"364","COM","51.3.1",1995,1488,"A","Q_tlw"
"364","COM","51.3.1",1996,1390,"A","Q_tlw"
"364","COM","51.3.1",1997,1241,"A","Q_tlw"
"364","COM","51.3.1",1998,1421,"A","Q_tlw"
"364","COM","51.3.1",1999,1927,"A","Q_tlw"
"364","COM","51.3.1",2000,1161,"A","Q_tlw"
"364","COM","51.3.1",2001,1397,"A","Q_tlw"
"364","COM","51.3.1",2002,1808,"A","Q_tlw"
"364","COM","51.3.1",2003,1837,"A","Q_tlw"
"364","COM","51.3.1",2004,2162,"A","Q_tlw"
"364","COM","51.3.1",2005,1631,"A","Q_tlw"
"364","COM","51.3.1",2006,2882,"A","Q_tlw"
"364","COM","51.3.1",2007,3068,"A","Q_tlw"
"364","COM","51.3.1",2008,3128,"A","Q_tlw"
"364","COM","51.3.1",2009,3292,"A","Q_tlw"
"364","COM","51.3.1",2010,5318,"A","Q_tlw"
"364","COM","51.3.1",2011,4633,"A","Q_tlw"
"364","COM","51.3.1",2012,6050.84,"A","Q_tlw"
"364","COM","51.3.1",2013,6930.352,"A","Q_tlw"
"364","COM","51.3.1",2014,7427.86,"A","Q_tlw"
"364","COM","51.3.1",2015,6971.931,"A","Q_tlw"
"364","COM","51.3.1",2016,8614.136,"A","Q_tlw"
"364","COM","51.3.1",2017,10181.383,"A","Q_tlw"
"364","COM","51.3.1",2018,11246.796,"A","Q_tlw"
"364","COM","51.3.1",2019,10208.177,"I","Q_tlw"
"364","COM","51.3.1",2020,11288.796,"I","Q_tlw"
"364","COM","51.3.1",2021,11514.045,"I","Q_tlw"
"364","COM","51.3.1",2022,10857.779,"I","Q_tlw"
"364","COM","51.3.1",2023,12208.251,"I","Q_tlw"
"364","GUT","51.2.0",1986,330,"A","Q_tlw"
"364","GUT","51.2.0",1987,509,"A","Q_tlw"
"364","GUT","51.2.0",1988,480,"A","Q_tlw"
"364","GUT","51.2.0",1989,1000,"A","Q_tlw"
"364","GUT","51.2.0",1990,1254,"A","Q_tlw"
"364","GUT","51.2.0",1991,1735,"A","Q_tlw"
"364","GUT","51.2.0",1992,1750,"A","Q_tlw"
"364","GUT","51.2.0",1993,1180,"A","Q_tlw"
"364","GUT","51.2.0",1994,1193,"A","Q_tlw"
"364","GUT","51.2.0",1995,1670,"A","Q_tlw"
"364","GUT","51.2.0",1996,3125,"A","Q_tlw"
"364","GUT","51.2.0",1997,1789,"A","Q_tlw"
"364","GUT","51.2.0",1998,3234,"A","Q_tlw"
"364","GUT","51.2.0",1999,2430,"A","Q_tlw"
"364","GUT","51.2.0",2000,3735,"A","Q_tlw"
"364","GUT","51.2.0",2001,1934,"A","Q_tlw"
"364","GUT","51.2.0",2002,2826,"A","Q_tlw"
"364","GUT","51.2.0",2003,2889,"A","Q_tlw"
"364","GUT","51.2.0",2004,3668,"A","Q_tlw"
"364","GUT","51.2.0",2005,2424,"A","Q_tlw"
"364","GUT","51.2.0",2006,2769,"A","Q_tlw"
"364","GUT","51.2.0",2007,3140,"A","Q_tlw"
"364","GUT","51.2.0",2008,2322,"A","Q_tlw"
"364","GUT","51.2.0",2009,1937,"A","Q_tlw"
"364","GUT","51.2.0",2010,2506,"A","Q_tlw"
"364","GUT","51.2.0",2011,2670,"A","Q_tlw"
"364","GUT","51.2.0",2012,3320.23,"A","Q_tlw"
"364","GUT","51.2.0",2013,3360.488,"A","Q_tlw"
"364","GUT","51.2.0",2014,4717.969,"A","Q_tlw"
"364","GUT","51.2.0",2015,4902.84,"A","Q_tlw"
"364","GUT","51.2.0",2016,4355.939,"A","Q_tlw"
"364","GUT","51.2.0",2017,4642.61,"A","Q_tlw"
"364","GUT","51.2.0",2018,5531.187,"A","Q_tlw"
"364","GUT","51.2.0",2019,5505.377,"I","Q_tlw"
"364","GUT","51.2.0",2020,5670.025,"I","Q_tlw"
"364","GUT","51.2.0",2021,5404.131,"I","Q_tlw"
"364","GUT","51.2.0",2022,5265.64,"I","Q_tlw"
"364","GUT","51.2.0",2023,5355.383,"I","Q_tlw"
"364","GUT","51.3.1",1986,135,"A","Q_tlw"
"364","GUT","51.3.1",1987,197,"A","Q_tlw"
"364","GUT","51.3.1",1988,187,"A","Q_tlw"
"364","GUT","51.3.1",1989,673,"A","Q_tlw"
"364","GUT","51.3.1",1990,999,"A","Q_tlw"
"364","GUT","51.3.1",1991,745,"A","Q_tlw"
"364","GUT","51.3.1",1992,468,"A","Q_tlw"
"364","GUT","51.3.1",1993,456,"A","Q_tlw"
"364","GUT","51.3.1",1994,457,"A","Q_tlw"
"364","GUT","51.3.1",1995,640,"A","Q_tlw"
"364","GUT","51.3.1",1996,1215,"A","Q_tlw"
"364","GUT","51.3.1",1997,553,"A","Q_tlw"
"364","GUT","51.3.1",1998,895,"A","Q_tlw"
"364","GUT","51.3.1",1999,1046,"A","Q_tlw"
"364","GUT","51.3.1",2000,365,"A","Q_tlw"
"364","GUT","51.3.1",2001,540,"A","Q_tlw"
"364","GUT","51.3.1",2002,1205,"A","Q_tlw"
"364","GUT","51.3.1",2003,806,"A","Q_tlw"
"364","GUT","51.3.1",2004,611,"A","Q_tlw"
"364","GUT","51.3.1",2005,663,"A","Q_tlw"
"364","GUT","51.3.1",2006,1281,"A","Q_tlw"
"364","GUT","51.3.1",2007,657,"A","Q_tlw"
"364","GUT","51.3.1",2008,1756,"A","Q_tlw"
"364","GUT","51.3.1",2009,732,"A","Q_tlw"
"364","GUT","51.3.1",2010,664,"A","Q_tlw"
"364","GUT","51.3.1",2011,1197,"A","Q_tlw"
"364","GUT","51.3.1",2012,2177.151,"A","Q_tlw"
"364","GUT","51.3.1",2013,2394.06,"A","Q_tlw"
"364","GUT","51.3.1",2014,2148.986,"A","Q_tlw"
"364","GUT","51.3.1",2015,2338.923,"A","Q_tlw"
"364","GUT","51.3.1",2016,3302.954,"A","Q_tlw"
"364","GUT","51.3.1",2017,4799.529,"A","Q_tlw"
"364","GUT","51.3.1",2018,4498.152,"A","Q_tlw"
"364","GUT","51.3.1",2019,4841.208,"I","Q_tlw"
"364","GUT","51.3.1",2020,4985.993,"I","Q_tlw"
"364","GUT","51.3.1",2021,4752.176,"I","Q_tlw"
"364","GUT","51.3.1",2022,4630.39,"I","Q_tlw"
"364","GUT","51.3.1",2023,4709.31,"I","Q_tlw"
"364","ALB","51.3.1",1986,0,"A","Q_tlw"
"364","ALB","51.3.1",1987,0,"A","Q_tlw"
"364","ALB","51.3.1",1988,0,"A","Q_tlw"
"364","ALB","51.3.1",1989,0,"A","Q_tlw"
"364","ALB","51.3.1",1990,0,"A","Q_tlw"
"364","ALB","51.3.1",1991,0,"A","Q_tlw"
"364","ALB","51.3.1",1992,0,"A","Q_tlw"
"364","ALB","51.3.1",1993,0,"A","Q_tlw"
"364","ALB","51.3.1",1994,0,"A","Q_tlw"
"364","ALB","51.3.1",1995,0,"A","Q_tlw"
"364","ALB","51.3.1",1996,10,"A","Q_tlw"
"364","ALB","51.3.1",1997,16,"A","Q_tlw"
"364","ALB","51.3.1",1998,9,"A","Q_tlw"
"364","ALB","51.3.1",1999,0,"A","Q_tlw"
"364","ALB","51.3.1",2000,0,"A","Q_tlw"
"364","ALB","51.3.1",2001,0,"A","Q_tlw"
"364","ALB","51.3.1",2002,0,"A","Q_tlw"
"364","ALB","51.3.1",2003,0,"A","Q_tlw"
"364","ALB","51.3.1",2004,0,"A","Q_tlw"
"364","ALB","51.3.1",2005,0,"A","Q_tlw"
"364","ALB","51.3.1",2006,0,"A","Q_tlw"
"364","ALB","51.3.1",2007,0,"A","Q_tlw"
"364","ALB","51.3.1",2008,0,"A","Q_tlw"
"364","ALB","51.3.1",2009,0,"A","Q_tlw"
"364","ALB","51.3.1",2010,0,"A","Q_tlw"
"364","ALB","51.3.1",2011,0,"A","Q_tlw"
"364","ALB","51.3.1",2012,0,"A","Q_tlw"
"364","ALB","51.3.1",2013,0,"A","Q_tlw"
"364","ALB","51.3.1",2014,0,"A","Q_tlw"
"364","ALB","51.3.1",2015,0,"A","Q_tlw"
"364","ALB","51.3.1",2016,0,"A","Q_tlw"
"364","ALB","51.3.1",2017,0,"A","Q_tlw"
"364","ALB","51.3.1",2018,0,"A","Q_tlw"
"364","ALB","51.3.1",2019,0,"I","Q_tlw"
"364","ALB","51.3.1",2020,0,"I","Q_tlw"
"364","YFT","51.2.0",1997,4,"A","Q_tlw"
"364","YFT","51.2.0",1998,0,"A","Q_tlw"
"364","YFT","51.2.0",1999,0,"A","Q_tlw"
"364","YFT","51.2.0",2000,20,"A","Q_tlw"
"364","YFT","51.2.0",2001,9,"A","Q_tlw"
"364","YFT","51.2.0",2002,1,"A","Q_tlw"
"364","YFT","51.2.0",2003,0,"A","Q_tlw"
"364","YFT","51.2.0",2004,179,"A","Q_tlw"
"364","YFT","51.2.0",2005,168,"A","Q_tlw"
"364","YFT","51.2.0",2006,80,"A","Q_tlw"
"364","YFT","51.2.0",2007,668,"A","Q_tlw"
"364","YFT","51.2.0",2008,58,"A","Q_tlw"
"364","YFT","51.2.0",2009,1915,"A","Q_tlw"
"364","YFT","51.2.0",2010,2483,"A","Q_tlw"
"364","YFT","51.2.0",2011,14,"A","Q_tlw"
"364","YFT","51.2.0",2012,1093.009,"A","Q_tlw"
"364","YFT","51.2.0",2013,2121.992,"A","Q_tlw"
"364","YFT","51.2.0",2014,4899.948,"A","Q_tlw"
"364","YFT","51.2.0",2015,0,"I","Q_tlw"
"364","YFT","51.2.0",2016,0,"I","Q_tlw"
"364","YFT","51.2.0",2017,0,"A","Q_tlw"
"364","YFT","51.2.0",2018,0,"I","Q_tlw"
"364","YFT","51.2.0",2019,0,"I","Q_tlw"
"364","YFT","51.2.0",2020,0,"I","Q_tlw"
"364","YFT","51.2.0",2021,0,"I","Q_tlw"
"364","YFT","51.2.0",2022,0,"I","Q_tlw"
"364","YFT","51.2.0",2023,0,"I","Q_tlw"
"364","YFT","51.3.1",1986,0,"A","Q_tlw"
"364","YFT","51.3.1",1987,0,"A","Q_tlw"
"364","YFT","51.3.1",1988,0,"A","Q_tlw"
"364","YFT","51.3.1",1989,980,"A","Q_tlw"
"364","YFT","51.3.1",1990,2280,"A","Q_tlw"
"364","YFT","51.3.1",1991,3238,"A","Q_tlw"
"364","YFT","51.3.1",1992,13952,"A","Q_tlw"
"364","YFT","51.3.1",1993,20645,"A","Q_tlw"
"364","YFT","51.3.1",1994,26356,"A","Q_tlw"
"364","YFT","51.3.1",1995,35960,"A","Q_tlw"
"364","YFT","51.3.1",1996,30233,"A","Q_tlw"
"364","YFT","51.3.1",1997,19913,"A","Q_tlw"
"364","YFT","51.3.1",1998,19957,"A","Q_tlw"
"364","YFT","51.3.1",1999,23590,"A","Q_tlw"
"364","YFT","51.3.1",2000,17115,"A","Q_tlw"
"364","YFT","51.3.1",2001,20144,"A","Q_tlw"
"364","YFT","51.3.1",2002,24044,"A","Q_tlw"
"364","YFT","51.3.1",2003,37722,"A","Q_tlw"
"364","YFT","51.3.1",2004,51422,"A","Q_tlw"
"364","YFT","51.3.1",2005,43018,"A","Q_tlw"
"364","YFT","51.3.1",2006,39441,"A","Q_tlw"
"364","YFT","51.3.1",2007,15178,"A","Q_tlw"
"364","YFT","51.3.1",2008,18672,"A","Q_tlw"
"364","YFT","51.3.1",2009,18842,"A","Q_tlw"
"364","YFT","51.3.1",2010,28393,"A","Q_tlw"
"364","YFT","51.3.1",2011,26726,"A","Q_tlw"
"364","YFT","51.3.1",2012,33872.281,"A","Q_tlw"
"364","YFT","51.3.1",2013,30280.883,"A","Q_tlw"
"364","YFT","51.3.1",2014,41315.561,"A","Q_tlw"
"364","YFT","51.3.1",2015,42598.555,"A","Q_tlw"
"364","YFT","51.3.1",2016,45110.486,"A","Q_tlw"
"364","YFT","51.3.1",2017,56101.987,"A","Q_tlw"
"364","YFT","51.3.1",2018,58650.181,"A","Q_tlw"
"364","YFT","51.3.1",2019,58047.207,"I","Q_tlw"
"364","YFT","51.3.1",2020,48314.868,"A","Q_tlw"
"364","YFT","51.3.1",2021,44280.902,"A","Q_tlw"
"364","YFT","51.3.1",2022,38821.28,"I","Q_tlw"
"364","YFT","51.3.1",2023,37350.856,"I","Q_tlw"
"364","BET","51.2.0",1986,0,"A","Q_tlw"
"364","BET","51.2.0",1987,0,"A","Q_tlw"
"364","BET","51.2.0",1988,0,"A","Q_tlw"
"364","BET","51.2.0",1989,0,"A","Q_tlw"
"364","BET","51.2.0",1990,0,"A","Q_tlw"
"364","BET","51.2.0",1991,0,"A","Q_tlw"
"364","BET","51.2.0",1992,0,"A","Q_tlw"
"364","BET","51.2.0",1993,0,"A","Q_tlw"
"364","BET","51.2.0",1994,0,"A","Q_tlw"
"364","BET","51.2.0",1995,0,"A","Q_tlw"
"364","BET","51.2.0",1996,0,"A","Q_tlw"
"364","BET","51.2.0",1997,0,"A","Q_tlw"
"364","BET","51.2.0",1998,0,"A","Q_tlw"
"364","BET","51.2.0",1999,0,"A","Q_tlw"
"364","BET","51.2.0",2000,0,"A","Q_tlw"
"364","BET","51.2.0",2001,0,"A","Q_tlw"
"364","BET","51.2.0",2002,0,"A","Q_tlw"
"364","BET","51.2.0",2005,0,"A","Q_tlw"
"364","BET","51.2.0",2006,0,"A","Q_tlw"
"364","BET","51.2.0",2007,0,"A","Q_tlw"
"364","BET","51.2.0",2008,0,"A","Q_tlw"
"364","BET","51.2.0",2011,0,"A","Q_tlw"
"364","BET","51.2.0",2012,175.981,"A","Q_tlw"
"364","BET","51.2.0",2013,103.981,"A","Q_tlw"
"364","BET","51.2.0",2014,10,"A","Q_tlw"
"364","BET","51.2.0",2015,0,"A","Q_tlw"
"364","BET","51.2.0",2016,0,"A","Q_tlw"
"364","BET","51.2.0",2017,0,"A","Q_tlw"
"364","BET","51.2.0",2018,0,"A","Q_tlw"
"364","BET","51.2.0",2019,0,"I","Q_tlw"
"364","BET","51.2.0",2020,0,"I","Q_tlw"
"364","BET","51.2.0",2021,0,"I","Q_tlw"
"364","BET","51.2.0",2022,0,"I","Q_tlw"
"364","BET","51.2.0",2023,0,"I","Q_tlw"
"364","BET","51.3.1",1986,0,"A","Q_tlw"
"364","BET","51.3.1",1987,0,"A","Q_tlw"
"364","BET","51.3.1",1988,0,"A","Q_tlw"
"364","BET","51.3.1",1989,0,"A","Q_tlw"
"364","BET","51.3.1",1990,0,"A","Q_tlw"
"364","BET","51.3.1",1991,0,"A","Q_tlw"
"364","BET","51.3.1",1992,0,"A","Q_tlw"
"364","BET","51.3.1",1993,0,"A","Q_tlw"
"364","BET","51.3.1",1994,0,"A","Q_tlw"
"364","BET","51.3.1",1995,0,"A","Q_tlw"
"364","BET","51.3.1",1996,153,"A","Q_tlw"
"364","BET","51.3.1",1997,261,"A","Q_tlw"
"364","BET","51.3.1",1998,310,"A","Q_tlw"
"364","BET","51.3.1",1999,617,"A","Q_tlw"
"364","BET","51.3.1",2000,347,"A","Q_tlw"
"364","BET","51.3.1",2001,430,"A","Q_tlw"
"364","BET","51.3.1",2002,127,"A","Q_tlw"
"364","BET","51.3.1",2005,387,"A","Q_tlw"
"364","BET","51.3.1",2006,1202,"A","Q_tlw"
"364","BET","51.3.1",2007,492,"A","Q_tlw"
"364","BET","51.3.1",2008,776,"A","Q_tlw"
"364","BET","51.3.1",2009,1003,"A","Q_tlw"
"364","BET","51.3.1",2010,609,"A","Q_tlw"
"364","BET","51.3.1",2011,2165,"A","Q_tlw"
"364","BET","51.3.1",2012,1467.844,"A","Q_tlw"
"364","BET","51.3.1",2013,1544.72,"A","Q_tlw"
"364","BET","51.3.1",2014,2258.955,"A","Q_tlw"
"364","BET","51.3.1",2015,2443.565,"A","Q_tlw"
"364","BET","51.3.1",2016,3068.524,"A","Q_tlw"
"364","BET","51.3.1",2017,3606.418,"A","Q_tlw"
"364","BET","51.3.1",2018,3700.281,"A","Q_tlw"
"364","BET","51.3.1",2019,1948.904,"I","Q_tlw"
"364","BET","51.3.1",2020,1526.209,"A","Q_tlw"
"364","BET","51.3.1",2021,620.271,"A","Q_tlw"
"364","BET","51.3.1",2022,1016,"I","Q_tlw"
"364","BET","51.3.1",2023,1376,"I","Q_tlw"
"364","LOT","51.2.0",1986,7377,"A","Q_tlw"
"364","LOT","51.2.0",1987,7603,"A","Q_tlw"
"364","LOT","51.2.0",1988,10651,"A","Q_tlw"
"364","LOT","51.2.0",1989,5746,"A","Q_tlw"
"364","LOT","51.2.0",1990,2732,"A","Q_tlw"
"364","LOT","51.2.0",1991,9420,"A","Q_tlw"
"364","LOT","51.2.0",1992,8503,"A","Q_tlw"
"364","LOT","51.2.0",1993,7850,"A","Q_tlw"
"364","LOT","51.2.0",1994,8133,"A","Q_tlw"
"364","LOT","51.2.0",1995,11894,"A","Q_tlw"
"364","LOT","51.2.0",1996,10380,"A","Q_tlw"
"364","LOT","51.2.0",1997,9347,"A","Q_tlw"
"364","LOT","51.2.0",1998,9680,"A","Q_tlw"
"364","LOT","51.2.0",1999,12671,"A","Q_tlw"
"364","LOT","51.2.0",2000,26386,"A","Q_tlw"
"364","LOT","51.2.0",2001,16031,"A","Q_tlw"
"364","LOT","51.2.0",2002,11566,"A","Q_tlw"
"364","LOT","51.2.0",2003,10959,"A","Q_tlw"
"364","LOT","51.2.0",2004,8858,"A","Q_tlw"
"364","LOT","51.2.0",2005,8886,"A","Q_tlw"
"364","LOT","51.2.0",2006,11989,"A","Q_tlw"
"364","LOT","51.2.0",2007,15240,"A","Q_tlw"
"364","LOT","51.2.0",2008,16410,"A","Q_tlw"
"364","LOT","51.2.0",2009,24116,"A","Q_tlw"
"364","LOT","51.2.0",2010,37335,"A","Q_tlw"
"364","LOT","51.2.0",2011,39467,"A","Q_tlw"
"364","LOT","51.2.0",2012,36659.861,"A","Q_tlw"
"364","LOT","51.2.0",2013,21520.55,"A","Q_tlw"
"364","LOT","51.2.0",2014,22881.549,"A","Q_tlw"
"364","LOT","51.2.0",2015,22318.836,"A","Q_tlw"
"364","LOT","51.2.0",2016,16450.211,"A","Q_tlw"
"364","LOT","51.2.0",2017,13197.805,"A","Q_tlw"
"364","LOT","51.2.0",2018,12114.684,"A","Q_tlw"
"364","LOT","51.2.0",2019,11442.085,"I","Q_tlw"
"364","LOT","51.2.0",2020,13200.011,"I","Q_tlw"
"364","LOT","51.2.0",2021,12059.661,"I","Q_tlw"
"364","LOT","51.2.0",2022,11294.211,"I","Q_tlw"
"364","LOT","51.2.0",2023,12420.679,"I","Q_tlw"
"364","LOT","51.3.1",1986,4333,"A","Q_tlw"
"364","LOT","51.3.1",1987,4466,"A","Q_tlw"
"364","LOT","51.3.1",1988,6256,"A","Q_tlw"
"364","LOT","51.3.1",1989,13653,"A","Q_tlw"
"364","LOT","51.3.1",1990,12192,"A","Q_tlw"
"364","LOT","51.3.1",1991,5132,"A","Q_tlw"
"364","LOT","51.3.1",1992,1869,"A","Q_tlw"
"364","LOT","51.3.1",1993,1290,"A","Q_tlw"
"364","LOT","51.3.1",1994,4773,"A","Q_tlw"
"364","LOT","51.3.1",1995,6986,"A","Q_tlw"
"364","LOT","51.3.1",1996,6767,"A","Q_tlw"
"364","LOT","51.3.1",1997,8525,"A","Q_tlw"
"364","LOT","51.3.1",1998,9753,"A","Q_tlw"
"364","LOT","51.3.1",1999,8039,"A","Q_tlw"
"364","LOT","51.3.1",2000,12334,"A","Q_tlw"
"364","LOT","51.3.1",2001,18865,"A","Q_tlw"
"364","LOT","51.3.1",2002,18287,"A","Q_tlw"
"364","LOT","51.3.1",2003,19325,"A","Q_tlw"
"364","LOT","51.3.1",2004,10670,"A","Q_tlw"
"364","LOT","51.3.1",2005,9642,"A","Q_tlw"
"364","LOT","51.3.1",2006,13153,"A","Q_tlw"
"364","LOT","51.3.1",2007,13356,"A","Q_tlw"
"364","LOT","51.3.1",2008,16210,"A","Q_tlw"
"364","LOT","51.3.1",2009,24377,"A","Q_tlw"
"364","LOT","51.3.1",2010,27115,"A","Q_tlw"
"364","LOT","51.3.1",2011,41410,"A","Q_tlw"
"364","LOT","51.3.1",2012,39540.85,"A","Q_tlw"
"364","LOT","51.3.1",2013,45025.32,"A","Q_tlw"
"364","LOT","51.3.1",2014,42684.311,"A","Q_tlw"
"364","LOT","51.3.1",2015,37327.726,"A","Q_tlw"
"364","LOT","51.3.1",2016,38660.644,"A","Q_tlw"
"364","LOT","51.3.1",2017,46951.5,"A","Q_tlw"
"364","LOT","51.3.1",2018,48986.155,"A","Q_tlw"
"364","LOT","51.3.1",2019,37579.287,"I","Q_tlw"
"364","LOT","51.3.1",2020,43352.85,"I","Q_tlw"
"364","LOT","51.3.1",2021,39607.595,"I","Q_tlw"
"364","LOT","51.3.1",2022,37093.629,"I","Q_tlw"
"364","LOT","51.3.1",2023,40793.284,"I","Q_tlw"
"364","SWO","51.2.0",2012,0,"A","Q_tlw"
"364","SWO","51.2.0",2013,0,"A","Q_tlw"
"364","SWO","51.2.0",2014,4.998,"A","Q_tlw"
"364","SWO","51.2.0",2015,5,"A","Q_tlw"
"364","SWO","51.2.0",2016,5.001,"A","Q_tlw"
"364","SWO","51.2.0",2017,5.999,"A","Q_tlw"
"364","SWO","51.2.0",2018,6.998,"A","Q_tlw"
"364","SWO","51.2.0",2019,0,"I","Q_tlw"
"364","SWO","51.2.0",2020,0,"I","Q_tlw"
"364","SWO","51.2.0",2021,0,"I","Q_tlw"
"364","SWO","51.2.0",2022,0,"I","Q_tlw"
"364","SWO","51.2.0",2023,0,"I","Q_tlw"
"364","SWO","51.3.1",1986,0,"A","Q_tlw"
"364","SWO","51.3.1",1987,0,"A","Q_tlw"
"364","SWO","51.3.1",1988,0,"A","Q_tlw"
"364","SWO","51.3.1",1989,0,"N","Q_tlw"
"364","SWO","51.3.1",1990,1,"A","Q_tlw"
"364","SWO","51.3.1",1991,1,"A","Q_tlw"
"364","SWO","51.3.1",1992,5,"A","Q_tlw"
"364","SWO","51.3.1",1993,23,"A","Q_tlw"
"364","SWO","51.3.1",1994,37,"A","Q_tlw"
"364","SWO","51.3.1",1995,13,"A","Q_tlw"
"364","SWO","51.3.1",1996,35,"A","Q_tlw"
"364","SWO","51.3.1",1997,73,"A","Q_tlw"
"364","SWO","51.3.1",1998,46,"A","Q_tlw"
"364","SWO","51.3.1",1999,124,"A","Q_tlw"
"364","SWO","51.3.1",2000,89,"A","Q_tlw"
"364","SWO","51.3.1",2001,118,"A","Q_tlw"
"364","SWO","51.3.1",2002,191,"A","Q_tlw"
"364","SWO","51.3.1",2003,370,"A","Q_tlw"
"364","SWO","51.3.1",2004,796,"A","Q_tlw"
"364","SWO","51.3.1",2005,913,"A","Q_tlw"
"364","SWO","51.3.1",2006,759,"A","Q_tlw"
"364","SWO","51.3.1",2007,399,"A","Q_tlw"
"364","SWO","51.3.1",2008,287,"A","Q_tlw"
"364","SWO","51.3.1",2009,344,"A","Q_tlw"
"364","SWO","51.3.1",2010,206,"A","Q_tlw"
"364","SWO","51.3.1",2011,635,"A","Q_tlw"
"364","SWO","51.3.1",2012,585.894,"A","Q_tlw"
"364","SWO","51.3.1",2013,803.566,"A","Q_tlw"
"364","SWO","51.3.1",2014,1128.523,"A","Q_tlw"
"364","SWO","51.3.1",2015,1168.985,"A","Q_tlw"
"364","SWO","51.3.1",2016,882.259,"A","Q_tlw"
"364","SWO","51.3.1",2017,1047.809,"A","Q_tlw"
"364","SWO","51.3.1",2018,1250.711,"A","Q_tlw"
"364","SWO","51.3.1",2019,1111.334,"I","Q_tlw"
"364","SWO","51.3.1",2020,899.973,"A","Q_tlw"
"364","SWO","51.3.1",2021,1151.923,"I","Q_tlw"
"364","SWO","51.3.1",2022,2410.82,"I","Q_tlw"
"364","SWO","51.3.1",2023,1541.214,"I","Q_tlw"
"364","BLM","51.2.0",2014,49.668,"I","Q_tlw"
"364","BLM","51.2.0",2015,49.579,"I","Q_tlw"
"364","BLM","51.2.0",2016,49.81,"I","Q_tlw"
"364","BLM","51.2.0",2017,50.67,"I","Q_tlw"
"364","BLM","51.2.0",2018,49.45,"I","Q_tlw"
"364","BLM","51.2.0",2019,0,"I","Q_tlw"
"364","BLM","51.2.0",2020,0,"I","Q_tlw"
"364","BLM","51.2.0",2021,0,"I","Q_tlw"
"364","BLM","51.2.0",2022,0,"I","Q_tlw"
"364","BLM","51.2.0",2023,0,"I","Q_tlw"
"364","BLM","51.3.1",1986,0,"A","Q_tlw"
"364","BLM","51.3.1",1987,0,"A","Q_tlw"
"364","BLM","51.3.1",1988,0,"A","Q_tlw"
"364","BLM","51.3.1",1989,2,"A","Q_tlw"
"364","BLM","51.3.1",1990,4,"A","Q_tlw"
"364","BLM","51.3.1",1991,6,"A","Q_tlw"
"364","BLM","51.3.1",1992,23,"A","Q_tlw"
"364","BLM","51.3.1",1993,116,"A","Q_tlw"
"364","BLM","51.3.1",1994,190,"A","Q_tlw"
"364","BLM","51.3.1",1995,65,"A","Q_tlw"
"364","BLM","51.3.1",1996,137,"A","Q_tlw"
"364","BLM","51.3.1",1997,330,"A","Q_tlw"
"364","BLM","51.3.1",1998,172,"A","Q_tlw"
"364","BLM","51.3.1",1999,570,"A","Q_tlw"
"364","BLM","51.3.1",2000,448,"A","Q_tlw"
"364","BLM","51.3.1",2001,598,"A","Q_tlw"
"364","BLM","51.3.1",2002,940,"A","Q_tlw"
"364","BLM","51.3.1",2003,1883,"A","Q_tlw"
"364","BLM","51.3.1",2004,4049,"A","Q_tlw"
"364","BLM","51.3.1",2005,4643,"A","Q_tlw"
"364","BLM","51.3.1",2006,3859,"A","Q_tlw"
"364","BLM","51.3.1",2007,2028,"A","Q_tlw"
"364","BLM","51.3.1",2008,1458,"A","Q_tlw"
"364","BLM","51.3.1",2009,1748,"A","Q_tlw"
"364","BLM","51.3.1",2010,1049,"A","Q_tlw"
"364","BLM","51.3.1",2011,2524,"A","Q_tlw"
"364","BLM","51.3.1",2012,3321.715,"A","Q_tlw"
"364","BLM","51.3.1",2013,4422.158,"A","Q_tlw"
"364","BLM","51.3.1",2014,6661.895,"I","Q_tlw"
"364","BLM","51.3.1",2015,6508.507,"I","Q_tlw"
"364","BLM","51.3.1",2016,4538.944,"I","Q_tlw"
"364","BLM","51.3.1",2017,5390.712,"I","Q_tlw"
"364","BLM","51.3.1",2018,6452.816,"I","Q_tlw"
"364","BLM","51.3.1",2019,6846.817,"I","Q_tlw"
"364","BLM","51.3.1",2020,4856.536,"I","Q_tlw"
"364","BLM","51.3.1",2021,5014.977,"I","Q_tlw"
"364","BLM","51.3.1",2022,15745.24,"I","Q_tlw"
"364","BLM","51.3.1",2023,13531.118,"I","Q_tlw"
"364","SFA","51.2.0",1986,35,"A","Q_tlw"
"364","SFA","51.2.0",1987,51,"A","Q_tlw"
"364","SFA","51.2.0",1988,55,"A","Q_tlw"
"364","SFA","51.2.0",1989,58,"A","Q_tlw"
"364","SFA","51.2.0",1990,53,"A","Q_tlw"
"364","SFA","51.2.0",1991,48,"A","Q_tlw"
"364","SFA","51.2.0",1992,37,"A","Q_tlw"
"364","SFA","51.2.0",1993,37,"A","Q_tlw"
"364","SFA","51.2.0",1994,4,"A","Q_tlw"
"364","SFA","51.2.0",1995,21,"A","Q_tlw"
"364","SFA","51.2.0",1996,21,"A","Q_tlw"
"364","SFA","51.2.0",1997,293,"A","Q_tlw"
"364","SFA","51.2.0",1998,741,"A","Q_tlw"
"364","SFA","51.2.0",1999,750,"A","Q_tlw"
"364","SFA","51.2.0",2000,330,"A","Q_tlw"
"364","SFA","51.2.0",2001,167,"A","Q_tlw"
"364","SFA","51.2.0",2002,174,"A","Q_tlw"
"364","SFA","51.2.0",2003,119,"A","Q_tlw"
"364","SFA","51.2.0",2004,71,"A","Q_tlw"
"364","SFA","51.2.0",2005,44,"A","Q_tlw"
"364","SFA","51.2.0",2006,38,"A","Q_tlw"
"364","SFA","51.2.0",2007,31,"A","Q_tlw"
"364","SFA","51.2.0",2008,27,"A","Q_tlw"
"364","SFA","51.2.0",2009,47,"A","Q_tlw"
"364","SFA","51.2.0",2010,14,"A","Q_tlw"
"364","SFA","51.2.0",2011,31,"A","Q_tlw"
"364","SFA","51.2.0",2012,100.01,"I","Q_tlw"
"364","SFA","51.2.0",2013,148.008,"I","Q_tlw"
"364","SFA","51.2.0",2014,150.468,"I","Q_tlw"
"364","SFA","51.2.0",2015,112.344,"I","Q_tlw"
"364","SFA","51.2.0",2016,87.406,"I","Q_tlw"
"364","SFA","51.2.0",2017,134.243,"I","Q_tlw"
"364","SFA","51.2.0",2018,50.463,"I","Q_tlw"
"364","SFA","51.2.0",2019,6.712,"I","Q_tlw"
"364","SFA","51.2.0",2020,10.709,"I","Q_tlw"
"364","SFA","51.2.0",2021,13.604,"I","Q_tlw"
"364","SFA","51.2.0",2022,11.369,"I","Q_tlw"
"364","SFA","51.2.0",2023,11.261,"I","Q_tlw"
"364","SFA","51.3.1",1986,84,"A","Q_tlw"
"364","SFA","51.3.1",1987,122,"A","Q_tlw"
"364","SFA","51.3.1",1988,132,"A","Q_tlw"
"364","SFA","51.3.1",1989,136,"A","Q_tlw"
"364","SFA","51.3.1",1990,123,"A","Q_tlw"
"364","SFA","51.3.1",1991,113,"A","Q_tlw"
"364","SFA","51.3.1",1992,95,"A","Q_tlw"
"364","SFA","51.3.1",1993,513,"A","Q_tlw"
"364","SFA","51.3.1",1994,768,"A","Q_tlw"
"364","SFA","51.3.1",1995,1769,"A","Q_tlw"
"364","SFA","51.3.1",1996,2065,"A","Q_tlw"
"364","SFA","51.3.1",1997,1476,"A","Q_tlw"
"364","SFA","51.3.1",1998,797,"A","Q_tlw"
"364","SFA","51.3.1",1999,1516,"A","Q_tlw"
"364","SFA","51.3.1",2000,2016,"A","Q_tlw"
"364","SFA","51.3.1",2001,2012,"A","Q_tlw"
"364","SFA","51.3.1",2002,2545,"A","Q_tlw"
"364","SFA","51.3.1",2003,4088,"A","Q_tlw"
"364","SFA","51.3.1",2004,5328,"A","Q_tlw"
"364","SFA","51.3.1",2005,4916,"A","Q_tlw"
"364","SFA","51.3.1",2006,4201,"A","Q_tlw"
"364","SFA","51.3.1",2007,2881,"A","Q_tlw"
"364","SFA","51.3.1",2008,3211,"A","Q_tlw"
"364","SFA","51.3.1",2009,5058,"A","Q_tlw"
"364","SFA","51.3.1",2010,7472,"A","Q_tlw"
"364","SFA","51.3.1",2011,4242,"A","Q_tlw"
"364","SFA","51.3.1",2012,6850.709,"I","Q_tlw"
"364","SFA","51.3.1",2013,8046.066,"I","Q_tlw"
"364","SFA","51.3.1",2014,12571.136,"I","Q_tlw"
"364","SFA","51.3.1",2015,10732.857,"I","Q_tlw"
"364","SFA","51.3.1",2016,8308.437,"I","Q_tlw"
"364","SFA","51.3.1",2017,11336.063,"I","Q_tlw"
"364","SFA","51.3.1",2018,11662.999,"I","Q_tlw"
"364","SFA","51.3.1",2019,8806.884,"I","Q_tlw"
"364","SFA","51.3.1",2020,14049.831,"I","Q_tlw"
"364","SFA","51.3.1",2021,17847.532,"I","Q_tlw"
"364","SFA","51.3.1",2022,14920.581,"I","Q_tlw"
"364","SFA","51.3.1",2023,14777.526,"I","Q_tlw"
"364","MLS","51.2.0",2012,0,"A","Q_tlw"
"364","MLS","51.2.0",2013,0,"A","Q_tlw"
"364","MLS","51.2.0",2014,5.025,"I","Q_tlw"
"364","MLS","51.2.0",2015,5.125,"I","Q_tlw"
"364","MLS","51.2.0",2016,5.063,"I","Q_tlw"
"364","MLS","51.2.0",2017,5.94,"I","Q_tlw"
"364","MLS","51.2.0",2018,6.768,"I","Q_tlw"
"364","MLS","51.2.0",2019,0,"I","Q_tlw"
"364","MLS","51.2.0",2020,0,"I","Q_tlw"
"364","MLS","51.2.0",2021,0,"I","Q_tlw"
"364","MLS","51.2.0",2022,0,"I","Q_tlw"
"364","MLS","51.2.0",2023,0,"I","Q_tlw"
"364","MLS","51.3.1",1986,0,"A","Q_tlw"
"364","MLS","51.3.1",1987,0,"A","Q_tlw"
"364","MLS","51.3.1",1988,0,"A","Q_tlw"
"364","MLS","51.3.1",1989,0,"N","Q_tlw"
"364","MLS","51.3.1",1990,1,"A","Q_tlw"
"364","MLS","51.3.1",1991,1,"A","Q_tlw"
"364","MLS","51.3.1",1992,3,"A","Q_tlw"
"364","MLS","51.3.1",1993,16,"A","Q_tlw"
"364","MLS","51.3.1",1994,27,"A","Q_tlw"
"364","MLS","51.3.1",1995,9,"A","Q_tlw"
"364","MLS","51.3.1",1996,19,"A","Q_tlw"
"364","MLS","51.3.1",1997,46,"A","Q_tlw"
"364","MLS","51.3.1",1998,23,"A","Q_tlw"
"364","MLS","51.3.1",1999,79,"A","Q_tlw"
"364","MLS","51.3.1",2000,63,"A","Q_tlw"
"364","MLS","51.3.1",2001,84,"A","Q_tlw"
"364","MLS","51.3.1",2002,132,"A","Q_tlw"
"364","MLS","51.3.1",2003,265,"A","Q_tlw"
"364","MLS","51.3.1",2004,569,"A","Q_tlw"
"364","MLS","51.3.1",2005,652,"A","Q_tlw"
"364","MLS","51.3.1",2006,542,"A","Q_tlw"
"364","MLS","51.3.1",2007,285,"A","Q_tlw"
"364","MLS","51.3.1",2008,205,"A","Q_tlw"
"364","MLS","51.3.1",2009,246,"A","Q_tlw"
"364","MLS","51.3.1",2010,147,"A","Q_tlw"
"364","MLS","51.3.1",2011,454,"A","Q_tlw"
"364","MLS","51.3.1",2012,457.083,"A","Q_tlw"
"364","MLS","51.3.1",2013,638.055,"A","Q_tlw"
"364","MLS","51.3.1",2014,884.71,"I","Q_tlw"
"364","MLS","51.3.1",2015,949.136,"I","Q_tlw"
"364","MLS","51.3.1",2016,707.597,"I","Q_tlw"
"364","MLS","51.3.1",2017,822.646,"I","Q_tlw"
"364","MLS","51.3.1",2018,995.64,"I","Q_tlw"
"364","MLS","51.3.1",2019,906.899,"I","Q_tlw"
"364","MLS","51.3.1",2020,694.655,"A","Q_tlw"
"364","MLS","51.3.1",2021,890.625,"I","Q_tlw"
"364","MLS","51.3.1",2022,1721.28,"I","Q_tlw"
"364","MLS","51.3.1",2023,1101.299,"I","Q_tlw"
"364","BUM","51.2.0",1986,0,"A","Q_tlw"
"364","BUM","51.2.0",1987,0,"A","Q_tlw"
"364","BUM","51.2.0",1988,0,"A","Q_tlw"
"364","BUM","51.2.0",1989,0,"N","Q_tlw"
"364","BUM","51.2.0",1990,0,"A","Q_tlw"
"364","BUM","51.2.0",1991,0,"A","Q_tlw"
"364","BUM","51.2.0",1992,2,"A","Q_tlw"
"364","BUM","51.2.0",1993,3,"A","Q_tlw"
"364","BUM","51.2.0",1994,1,"A","Q_tlw"
"364","BUM","51.2.0",1995,1,"A","Q_tlw"
"364","BUM","51.2.0",1996,1,"A","Q_tlw"
"364","BUM","51.2.0",1997,17,"A","Q_tlw"
"364","BUM","51.2.0",1998,25,"A","Q_tlw"
"364","BUM","51.2.0",1999,57,"A","Q_tlw"
"364","BUM","51.2.0",2000,19,"A","Q_tlw"
"364","BUM","51.2.0",2001,14,"A","Q_tlw"
"364","BUM","51.2.0",2002,18,"A","Q_tlw"
"364","BUM","51.2.0",2003,16,"A","Q_tlw"
"364","BUM","51.2.0",2004,16,"A","Q_tlw"
"364","BUM","51.2.0",2005,13,"A","Q_tlw"
"364","BUM","51.2.0",2006,10,"A","Q_tlw"
"364","BUM","51.2.0",2007,7,"A","Q_tlw"
"364","BUM","51.2.0",2008,4,"A","Q_tlw"
"364","BUM","51.2.0",2009,5,"A","Q_tlw"
"364","BUM","51.2.0",2010,1,"A","Q_tlw"
"364","BUM","51.2.0",2011,9,"A","Q_tlw"
"364","BUM","51.2.0",2012,0,"A","Q_tlw"
"364","BUM","51.2.0",2013,0,"A","Q_tlw"
"364","BUM","51.2.0",2014,0,"A","Q_tlw"
"364","BUM","51.2.0",2015,0,"A","Q_tlw"
"364","BUM","51.2.0",2016,0,"A","Q_tlw"
"364","BUM","51.2.0",2017,0,"A","Q_tlw"
"364","BUM","51.2.0",2018,0,"A","Q_tlw"
"364","BUM","51.2.0",2019,0,"A","Q_tlw"
"364","BUM","51.2.0",2020,0,"A","Q_tlw"
"364","BUM","51.2.0",2021,0,"A","Q_tlw"
"364","BUM","51.3.1",1987,0,"A","Q_tlw"
"364","BUM","51.3.1",1988,0,"A","Q_tlw"
"364","BUM","51.3.1",1989,0,"N","Q_tlw"
"364","BUM","51.3.1",1990,1,"A","Q_tlw"
"364","BUM","51.3.1",1991,2,"A","Q_tlw"
"364","BUM","51.3.1",1992,5,"A","Q_tlw"
"364","BUM","51.3.1",1993,32,"A","Q_tlw"
"364","BUM","51.3.1",1994,57,"A","Q_tlw"
"364","BUM","51.3.1",1995,19,"A","Q_tlw"
"364","BUM","51.3.1",1996,40,"A","Q_tlw"
"364","BUM","51.3.1",1997,83,"A","Q_tlw"
"364","BUM","51.3.1",1998,26,"A","Q_tlw"
"364","BUM","51.3.1",1999,116,"A","Q_tlw"
"364","BUM","51.3.1",2000,118,"A","Q_tlw"
"364","BUM","51.3.1",2001,169,"A","Q_tlw"
"364","BUM","51.3.1",2002,268,"A","Q_tlw"
"364","BUM","51.3.1",2003,559,"A","Q_tlw"
"364","BUM","51.3.1",2004,1221,"A","Q_tlw"
"364","BUM","51.3.1",2005,1405,"A","Q_tlw"
"364","BUM","51.3.1",2006,1169,"A","Q_tlw"
"364","BUM","51.3.1",2007,612,"A","Q_tlw"
"364","BUM","51.3.1",2008,442,"A","Q_tlw"
"364","BUM","51.3.1",2009,529,"A","Q_tlw"
"364","BUM","51.3.1",2010,319,"A","Q_tlw"
"364","BUM","51.3.1",2011,971,"A","Q_tlw"
"364","BUM","51.3.1",2012,0,"A","Q_tlw"
"364","BUM","51.3.1",2013,0,"A","Q_tlw"
"364","BUM","51.3.1",2014,0,"A","Q_tlw"
"364","BUM","51.3.1",2015,0,"A","Q_tlw"
"364","BUM","51.3.1",2016,0,"A","Q_tlw"
"364","BUM","51.3.1",2017,0,"A","Q_tlw"
"364","BUM","51.3.1",2018,0,"A","Q_tlw"
"364","BUM","51.3.1",2019,0,"A","Q_tlw"
"364","BUM","51.3.1",2020,0,"A","Q_tlw"
"364","BUM","51.3.1",2021,0,"A","Q_tlw"
"364","SIP","51.2.0",1997,3829,"A","Q_tlw"
"364","SIP","51.2.0",1998,4379,"A","Q_tlw"
"364","SIP","51.2.0",1999,4399,"A","Q_tlw"
"364","SIP","51.2.0",2000,4621,"A","Q_tlw"
"364","SIP","51.2.0",2001,2294,"A","Q_tlw"
"364","SIP","51.2.0",2002,1761,"A","Q_tlw"
"364","SIP","51.2.0",2003,1813,"A","Q_tlw"
"364","SIP","51.2.0",2004,1738,"A","Q_tlw"
"364","SIP","51.2.0",2005,1956,"A","Q_tlw"
"364","SIP","51.2.0",2006,1938,"A","Q_tlw"
"364","SIP","51.2.0",2007,1624,"A","Q_tlw"
"364","SIP","51.2.0",2008,1165,"A","Q_tlw"
"364","SIP","51.2.0",2009,1293,"A","Q_tlw"
"364","SIP","51.2.0",2010,1384,"A","Q_tlw"
"364","SIP","51.2.0",2011,1226,"A","Q_tlw"
"364","SIP","51.2.0",2012,1548,"A","Q_tlw"
"364","SIP","51.2.0",2013,1334,"A","Q_tlw"
"364","SIP","51.2.0",2014,2678,"A","Q_tlw"
"364","SIP","51.2.0",2015,1576,"A","Q_tlw"
"364","SIP","51.2.0",2016,1353,"A","Q_tlw"
"364","SIP","51.2.0",2017,1363,"A","Q_tlw"
"364","SIP","51.2.0",2018,1837,"A","Q_tlw"
"364","SIP","51.2.0",2019,1492.097,"I","Q_tlw"
"364","SIP","51.2.0",2020,920.812,"I","Q_tlw"
"364","SIP","51.2.0",2021,1096.309,"I","Q_tlw"
"364","SIP","51.2.0",2022,1130.822,"I","Q_tlw"
"364","SIP","51.2.0",2023,1055.187,"I","Q_tlw"
"364","SIP","51.3.1",1997,452,"A","Q_tlw"
"364","SIP","51.3.1",1998,241,"A","Q_tlw"
"364","SIP","51.3.1",1999,341,"A","Q_tlw"
"364","SIP","51.3.1",2000,174,"A","Q_tlw"
"364","SIP","51.3.1",2001,153,"A","Q_tlw"
"364","SIP","51.3.1",2002,143,"A","Q_tlw"
"364","SIP","51.3.1",2003,150,"A","Q_tlw"
"364","SIP","51.3.1",2004,431,"A","Q_tlw"
"364","SIP","51.3.1",2005,595,"A","Q_tlw"
"364","SIP","51.3.1",2006,682,"A","Q_tlw"
"364","SIP","51.3.1",2007,282,"A","Q_tlw"
"364","SIP","51.3.1",2008,383,"A","Q_tlw"
"364","SIP","51.3.1",2009,533,"A","Q_tlw"
"364","SIP","51.3.1",2010,473,"A","Q_tlw"
"364","SIP","51.3.1",2011,653,"A","Q_tlw"
"364","SIP","51.3.1",2012,611,"A","Q_tlw"
"364","SIP","51.3.1",2013,531,"A","Q_tlw"
"364","SIP","51.3.1",2014,345,"A","Q_tlw"
"364","SIP","51.3.1",2015,600,"A","Q_tlw"
"364","SIP","51.3.1",2016,777,"A","Q_tlw"
"364","SIP","51.3.1",2017,447,"A","Q_tlw"
"364","SIP","51.3.1",2018,537,"A","Q_tlw"
"364","SIP","51.3.1",2019,539.903,"I","Q_tlw"
"364","SIP","51.3.1",2020,333.188,"I","Q_tlw"
"364","SIP","51.3.1",2021,396.691,"I","Q_tlw"
"364","SIP","51.3.1",2022,409.178,"I","Q_tlw"
"364","SIP","51.3.1",2023,381.813,"I","Q_tlw"
"364","RAG","51.2.0",1997,31,"A","Q_tlw"
"364","RAG","51.2.0",1998,532,"A","Q_tlw"
"364","RAG","51.2.0",1999,428,"A","Q_tlw"
"364","RAG","51.2.0",2000,582,"A","Q_tlw"
"364","RAG","51.2.0",2001,729,"A","Q_tlw"
"364","RAG","51.2.0",2002,1140,"A","Q_tlw"
"364","RAG","51.2.0",2003,2049,"A","Q_tlw"
"364","RAG","51.2.0",2004,2019,"A","Q_tlw"
"364","RAG","51.2.0",2005,1871,"A","Q_tlw"
"364","RAG","51.2.0",2006,1700,"A","Q_tlw"
"364","RAG","51.2.0",2007,2047,"A","Q_tlw"
"364","RAG","51.2.0",2008,770,"A","Q_tlw"
"364","RAG","51.2.0",2009,1166,"A","Q_tlw"
"364","RAG","51.2.0",2010,953,"A","Q_tlw"
"364","RAG","51.2.0",2011,2138,"A","Q_tlw"
"364","RAG","51.2.0",2012,2193,"A","Q_tlw"
"364","RAG","51.2.0",2013,1780,"A","Q_tlw"
"364","RAG","51.2.0",2014,1786,"A","Q_tlw"
"364","RAG","51.2.0",2015,1335,"A","Q_tlw"
"364","RAG","51.2.0",2016,1277,"A","Q_tlw"
"364","RAG","51.2.0",2017,1097,"A","Q_tlw"
"364","RAG","51.2.0",2018,969,"A","Q_tlw"
"364","RAG","51.2.0",2019,1691.809,"I","Q_tlw"
"364","RAG","51.2.0",2020,1279.01,"I","Q_tlw"
"364","RAG","51.2.0",2021,1321.025,"I","Q_tlw"
"364","RAG","51.2.0",2022,1360.244,"I","Q_tlw"
"364","RAG","51.2.0",2023,1269.207,"I","Q_tlw"
"364","RAG","51.3.1",1997,172,"A","Q_tlw"
"364","RAG","51.3.1",1998,777,"A","Q_tlw"
"364","RAG","51.3.1",1999,682,"A","Q_tlw"
"364","RAG","51.3.1",2000,238,"A","Q_tlw"
"364","RAG","51.3.1",2001,164,"A","Q_tlw"
"364","RAG","51.3.1",2002,344,"A","Q_tlw"
"364","RAG","51.3.1",2003,262,"A","Q_tlw"
"364","RAG","51.3.1",2004,911,"A","Q_tlw"
"364","RAG","51.3.1",2005,369,"A","Q_tlw"
"364","RAG","51.3.1",2006,377,"A","Q_tlw"
"364","RAG","51.3.1",2007,203,"A","Q_tlw"
"364","RAG","51.3.1",2008,238,"A","Q_tlw"
"364","RAG","51.3.1",2009,373,"A","Q_tlw"
"364","RAG","51.3.1",2010,163,"A","Q_tlw"
"364","RAG","51.3.1",2011,329,"A","Q_tlw"
"364","RAG","51.3.1",2012,79,"A","Q_tlw"
"364","RAG","51.3.1",2013,132,"A","Q_tlw"
"364","RAG","51.3.1",2014,488,"A","Q_tlw"
"364","RAG","51.3.1",2015,709,"A","Q_tlw"
"364","RAG","51.3.1",2016,1542,"A","Q_tlw"
"364","RAG","51.3.1",2017,1933,"A","Q_tlw"
"364","RAG","51.3.1",2018,3079,"A","Q_tlw"
"364","RAG","51.3.1",2019,3140.191,"I","Q_tlw"
"364","RAG","51.3.1",2020,2373.99,"I","Q_tlw"
"364","RAG","51.3.1",2021,2451.975,"I","Q_tlw"
"364","RAG","51.3.1",2022,2524.756,"I","Q_tlw"
"364","RAG","51.3.1",2023,2355.793,"I","Q_tlw"
"364","BAR","51.2.0",1997,695,"A","Q_tlw"
"364","BAR","51.2.0",1998,826,"A","Q_tlw"
"364","BAR","51.2.0",1999,759,"A","Q_tlw"
"364","BAR","51.2.0",2000,2031,"A","Q_tlw"
"364","BAR","51.2.0",2001,1283,"A","Q_tlw"
"364","BAR","51.2.0",2002,1810,"A","Q_tlw"
"364","BAR","51.2.0",2003,2167,"A","Q_tlw"
"364","BAR","51.2.0",2004,2893,"A","Q_tlw"
"364","BAR","51.2.0",2005,2707,"A","Q_tlw"
"364","BAR","51.2.0",2006,2498,"A","Q_tlw"
"364","BAR","51.2.0",2007,2323,"A","Q_tlw"
"364","BAR","51.2.0",2008,3364,"A","Q_tlw"
"364","BAR","51.2.0",2009,2469,"A","Q_tlw"
"364","BAR","51.2.0",2010,2248,"A","Q_tlw"
"364","BAR","51.2.0",2011,3049,"A","Q_tlw"
"364","BAR","51.2.0",2012,6755,"A","Q_tlw"
"364","BAR","51.2.0",2013,6813,"A","Q_tlw"
"364","BAR","51.2.0",2014,6017,"A","Q_tlw"
"364","BAR","51.2.0",2015,6833,"A","Q_tlw"
"364","BAR","51.2.0",2016,6129,"A","Q_tlw"
"364","BAR","51.2.0",2017,6998,"A","Q_tlw"
"364","BAR","51.2.0",2018,7276,"A","Q_tlw"
"364","BAR","51.2.0",2019,9306.05,"I","Q_tlw"
"364","BAR","51.2.0",2020,8971.879,"I","Q_tlw"
"364","BAR","51.2.0",2021,7840.334,"I","Q_tlw"
"364","BAR","51.2.0",2022,8076.524,"I","Q_tlw"
"364","BAR","51.2.0",2023,7536.336,"I","Q_tlw"
"364","BAR","51.3.1",1997,741,"A","Q_tlw"
"364","BAR","51.3.1",1998,711,"A","Q_tlw"
"364","BAR","51.3.1",1999,721,"A","Q_tlw"
"364","BAR","51.3.1",2000,759,"A","Q_tlw"
"364","BAR","51.3.1",2001,970,"A","Q_tlw"
"364","BAR","51.3.1",2002,1109,"A","Q_tlw"
"364","BAR","51.3.1",2003,1738,"A","Q_tlw"
"364","BAR","51.3.1",2004,2130,"A","Q_tlw"
"364","BAR","51.3.1",2005,2947,"A","Q_tlw"
"364","BAR","51.3.1",2006,2810,"A","Q_tlw"
"364","BAR","51.3.1",2007,2863,"A","Q_tlw"
"364","BAR","51.3.1",2008,4465,"A","Q_tlw"
"364","BAR","51.3.1",2009,3281,"A","Q_tlw"
"364","BAR","51.3.1",2010,4339,"A","Q_tlw"
"364","BAR","51.3.1",2011,6947,"A","Q_tlw"
"364","BAR","51.3.1",2012,6396,"A","Q_tlw"
"364","BAR","51.3.1",2013,7004,"A","Q_tlw"
"364","BAR","51.3.1",2014,5328,"A","Q_tlw"
"364","BAR","51.3.1",2015,5509,"A","Q_tlw"
"364","BAR","51.3.1",2016,6897,"A","Q_tlw"
"364","BAR","51.3.1",2017,8524,"A","Q_tlw"
"364","BAR","51.3.1",2018,10328,"A","Q_tlw"
"364","BAR","51.3.1",2019,11969.95,"I","Q_tlw"
"364","BAR","51.3.1",2020,11540.121,"I","Q_tlw"
"364","BAR","51.3.1",2021,10084.666,"I","Q_tlw"
"364","BAR","51.3.1",2022,10388.476,"I","Q_tlw"
"364","BAR","51.3.1",2023,9693.664,"I","Q_tlw"
"364","NXI","51.2.0",1997,2534,"A","Q_tlw"
"364","NXI","51.2.0",1998,2959,"A","Q_tlw"
"364","NXI","51.2.0",1999,2369,"A","Q_tlw"
"364","NXI","51.2.0",2000,3612,"A","Q_tlw"
"364","NXI","51.2.0",2001,3000,"A","Q_tlw"
"364","NXI","51.2.0",2002,3580,"A","Q_tlw"
"364","NXI","51.2.0",2003,4360,"A","Q_tlw"
"364","NXI","51.2.0",2004,4469,"A","Q_tlw"
"364","NXI","51.2.0",2005,6833,"A","Q_tlw"
"364","NXI","51.2.0",2006,6658,"A","Q_tlw"
"364","NXI","51.2.0",2007,6416,"A","Q_tlw"
"364","NXI","51.2.0",2008,6450,"A","Q_tlw"
"364","NXI","51.2.0",2009,4060,"A","Q_tlw"
"364","NXI","51.2.0",2010,4924,"A","Q_tlw"
"364","NXI","51.2.0",2011,4756,"A","Q_tlw"
"364","NXI","51.2.0",2012,7364,"A","Q_tlw"
"364","NXI","51.2.0",2013,7678,"A","Q_tlw"
"364","NXI","51.2.0",2014,6982,"A","Q_tlw"
"364","NXI","51.2.0",2015,7263,"A","Q_tlw"
"364","NXI","51.2.0",2016,10147,"A","Q_tlw"
"364","NXI","51.2.0",2017,9478,"A","Q_tlw"
"364","NXI","51.2.0",2018,7427,"A","Q_tlw"
"364","NXI","51.2.0",2019,9000.847,"I","Q_tlw"
"364","NXI","51.2.0",2020,10807.186,"I","Q_tlw"
"364","NXI","51.2.0",2021,9587.831,"I","Q_tlw"
"364","NXI","51.2.0",2022,9875.593,"I","Q_tlw"
"364","NXI","51.2.0",2023,9215.455,"I","Q_tlw"
"364","NXI","51.3.1",1997,1923,"A","Q_tlw"
"364","NXI","51.3.1",1998,2297,"A","Q_tlw"
"364","NXI","51.3.1",1999,1761,"A","Q_tlw"
"364","NXI","51.3.1",2000,2168,"A","Q_tlw"
"364","NXI","51.3.1",2001,1815,"A","Q_tlw"
"364","NXI","51.3.1",2002,1947,"A","Q_tlw"
"364","NXI","51.3.1",2003,1783,"A","Q_tlw"
"364","NXI","51.3.1",2004,2152,"A","Q_tlw"
"364","NXI","51.3.1",2005,2391,"A","Q_tlw"
"364","NXI","51.3.1",2006,2627,"A","Q_tlw"
"364","NXI","51.3.1",2007,2778,"A","Q_tlw"
"364","NXI","51.3.1",2008,3530,"A","Q_tlw"
"364","NXI","51.3.1",2009,4039,"A","Q_tlw"
"364","NXI","51.3.1",2010,5220,"A","Q_tlw"
"364","NXI","51.3.1",2011,6167,"A","Q_tlw"
"364","NXI","51.3.1",2012,6374,"A","Q_tlw"
"364","NXI","51.3.1",2013,6619,"A","Q_tlw"
"364","NXI","51.3.1",2014,7172,"A","Q_tlw"
"364","NXI","51.3.1",2015,9054,"A","Q_tlw"
"364","NXI","51.3.1",2016,9995,"A","Q_tlw"
"364","NXI","51.3.1",2017,9121,"A","Q_tlw"
"364","NXI","51.3.1",2018,11947,"A","Q_tlw"
"364","NXI","51.3.1",2019,11424.153,"I","Q_tlw"
"364","NXI","51.3.1",2020,13716.814,"I","Q_tlw"
"364","NXI","51.3.1",2021,12169.169,"I","Q_tlw"
"364","NXI","51.3.1",2022,12534.407,"I","Q_tlw"
"364","NXI","51.3.1",2023,11696.545,"I","Q_tlw"
"364","POB","51.2.0",1997,1006,"A","Q_tlw"
"364","POB","51.2.0",1998,957,"A","Q_tlw"
"364","POB","51.2.0",1999,1201,"A","Q_tlw"
"364","POB","51.2.0",2000,1536,"A","Q_tlw"
"364","POB","51.2.0",2001,1211,"A","Q_tlw"
"364","POB","51.2.0",2002,1194,"A","Q_tlw"
"364","POB","51.2.0",2003,1562,"A","Q_tlw"
"364","POB","51.2.0",2004,1783,"A","Q_tlw"
"364","POB","51.2.0",2005,1546,"A","Q_tlw"
"364","POB","51.2.0",2006,1253,"A","Q_tlw"
"364","POB","51.2.0",2007,1097,"A","Q_tlw"
"364","POB","51.2.0",2008,1794,"A","Q_tlw"
"364","POB","51.2.0",2009,1193,"A","Q_tlw"
"364","POB","51.2.0",2010,785,"A","Q_tlw"
"364","POB","51.2.0",2011,868,"A","Q_tlw"
"364","POB","51.2.0",2012,1347,"A","Q_tlw"
"364","POB","51.2.0",2013,1619,"A","Q_tlw"
"364","POB","51.2.0",2014,2297,"A","Q_tlw"
"364","POB","51.2.0",2015,2769,"A","Q_tlw"
"364","POB","51.2.0",2016,1455,"A","Q_tlw"
"364","POB","51.2.0",2017,4999,"A","Q_tlw"
"364","POB","51.2.0",2018,3594,"A","Q_tlw"
"364","POB","51.2.0",2019,3511.682,"I","Q_tlw"
"364","POB","51.2.0",2020,3189.558,"I","Q_tlw"
"364","POB","51.2.0",2021,2923.224,"I","Q_tlw"
"364","POB","51.2.0",2022,3010.97,"I","Q_tlw"
"364","POB","51.2.0",2023,2809.678,"I","Q_tlw"
"364","POB","51.3.1",1997,1518,"A","Q_tlw"
"364","POB","51.3.1",1998,1801,"A","Q_tlw"
"364","POB","51.3.1",1999,2569,"A","Q_tlw"
"364","POB","51.3.1",2000,1724,"A","Q_tlw"
"364","POB","51.3.1",2001,1561,"A","Q_tlw"
"364","POB","51.3.1",2002,1289,"A","Q_tlw"
"364","POB","51.3.1",2003,2213,"A","Q_tlw"
"364","POB","51.3.1",2004,1782,"A","Q_tlw"
"364","POB","51.3.1",2005,1592,"A","Q_tlw"
"364","POB","51.3.1",2006,2124,"A","Q_tlw"
"364","POB","51.3.1",2007,1807,"A","Q_tlw"
"364","POB","51.3.1",2008,2765,"A","Q_tlw"
"364","POB","51.3.1",2009,3682,"A","Q_tlw"
"364","POB","51.3.1",2010,5372,"A","Q_tlw"
"364","POB","51.3.1",2011,4601,"A","Q_tlw"
"364","POB","51.3.1",2012,4565,"A","Q_tlw"
"364","POB","51.3.1",2013,6006,"A","Q_tlw"
"364","POB","51.3.1",2014,3247,"A","Q_tlw"
"364","POB","51.3.1",2015,7624,"A","Q_tlw"
"364","POB","51.3.1",2016,9200,"A","Q_tlw"
"364","POB","51.3.1",2017,7542,"A","Q_tlw"
"364","POB","51.3.1",2018,8901,"A","Q_tlw"
"364","POB","51.3.1",2019,9014.318,"I","Q_tlw"
"364","POB","51.3.1",2020,8187.442,"I","Q_tlw"
"364","POB","51.3.1",2021,7503.776,"I","Q_tlw"
"364","POB","51.3.1",2022,7729.03,"I","Q_tlw"
"364","POB","51.3.1",2023,7212.322,"I","Q_tlw"
"364","OBM","51.2.0",1997,1953,"A","Q_tlw"
"364","OBM","51.2.0",1998,944,"A","Q_tlw"
"364","OBM","51.2.0",1999,1715,"A","Q_tlw"
"364","OBM","51.2.0",2000,2262,"A","Q_tlw"
"364","OBM","51.2.0",2001,2714,"A","Q_tlw"
"364","OBM","51.2.0",2002,3673,"A","Q_tlw"
"364","OBM","51.2.0",2003,4188,"A","Q_tlw"
"364","OBM","51.2.0",2004,4127,"A","Q_tlw"
"364","OBM","51.2.0",2005,4908,"A","Q_tlw"
"364","OBM","51.2.0",2006,6145,"A","Q_tlw"
"364","OBM","51.2.0",2007,5970,"A","Q_tlw"
"364","OBM","51.2.0",2008,7895,"A","Q_tlw"
"364","OBM","51.2.0",2009,5363,"A","Q_tlw"
"364","OBM","51.2.0",2010,5487,"A","Q_tlw"
"364","OBM","51.2.0",2011,7419,"A","Q_tlw"
"364","OBM","51.2.0",2012,8058,"A","Q_tlw"
"364","OBM","51.2.0",2013,10600,"A","Q_tlw"
"364","OBM","51.2.0",2014,8961,"A","Q_tlw"
"364","OBM","51.2.0",2015,8696,"A","Q_tlw"
"364","OBM","51.2.0",2016,11331,"A","Q_tlw"
"364","OBM","51.2.0",2017,9524,"A","Q_tlw"
"364","OBM","51.2.0",2018,7713,"A","Q_tlw"
"364","OBM","51.2.0",2019,8800.987,"I","Q_tlw"
"364","OBM","51.2.0",2020,9827.791,"I","Q_tlw"
"364","OBM","51.2.0",2021,9737.729,"I","Q_tlw"
"364","OBM","51.2.0",2022,10029.333,"I","Q_tlw"
"364","OBM","51.2.0",2023,9358.644,"I","Q_tlw"
"364","OBM","51.3.1",1997,3665,"A","Q_tlw"
"364","OBM","51.3.1",1998,389,"A","Q_tlw"
"364","OBM","51.3.1",1999,1467,"A","Q_tlw"
"364","OBM","51.3.1",2000,1725,"A","Q_tlw"
"364","OBM","51.3.1",2001,1829,"A","Q_tlw"
"364","OBM","51.3.1",2002,2014,"A","Q_tlw"
"364","OBM","51.3.1",2003,3352,"A","Q_tlw"
"364","OBM","51.3.1",2004,3262,"A","Q_tlw"
"364","OBM","51.3.1",2005,2169,"A","Q_tlw"
"364","OBM","51.3.1",2006,3897,"A","Q_tlw"
"364","OBM","51.3.1",2007,3991,"A","Q_tlw"
"364","OBM","51.3.1",2008,4476,"A","Q_tlw"
"364","OBM","51.3.1",2009,3410,"A","Q_tlw"
"364","OBM","51.3.1",2010,5525,"A","Q_tlw"
"364","OBM","51.3.1",2011,5849,"A","Q_tlw"
"364","OBM","51.3.1",2012,6874,"A","Q_tlw"
"364","OBM","51.3.1",2013,7812,"A","Q_tlw"
"364","OBM","51.3.1",2014,9029,"A","Q_tlw"
"364","OBM","51.3.1",2015,16890,"A","Q_tlw"
"364","OBM","51.3.1",2016,15859,"A","Q_tlw"
"364","OBM","51.3.1",2017,23154,"A","Q_tlw"
"364","OBM","51.3.1",2018,34433,"A","Q_tlw"
"364","OBM","51.3.1",2019,25304.013,"I","Q_tlw"
"364","OBM","51.3.1",2020,28256.209,"I","Q_tlw"
"364","OBM","51.3.1",2021,27997.271,"I","Q_tlw"
"364","OBM","51.3.1",2022,28835.667,"I","Q_tlw"
"364","OBM","51.3.1",2023,26907.356,"I","Q_tlw"
"364","TUK","51.2.0",1997,32,"A","Q_tlw"
"364","TUK","51.2.0",1998,25,"A","Q_tlw"
"364","TUK","51.2.0",1999,30,"A","Q_tlw"
"364","TUK","51.2.0",2000,14,"A","Q_tlw"
"364","TUK","51.2.0",2001,16,"A","Q_tlw"
"364","TUK","51.2.0",2002,30,"A","Q_tlw"
"364","TUK","51.2.0",2003,19,"A","Q_tlw"
"364","TUK","51.2.0",2004,12,"A","Q_tlw"
"364","TUK","51.2.0",2005,267,"A","Q_tlw"
"364","TUK","51.2.0",2006,22,"A","Q_tlw"
"364","TUK","51.2.0",2007,24,"A","Q_tlw"
"364","TUK","51.2.0",2008,9,"A","Q_tlw"
"364","TUK","51.2.0",2009,17,"A","Q_tlw"
"364","TUK","51.2.0",2010,45,"A","Q_tlw"
"364","TUK","51.2.0",2011,23,"A","Q_tlw"
"364","TUK","51.2.0",2012,87,"A","Q_tlw"
"364","TUK","51.2.0",2013,123,"A","Q_tlw"
"364","TUK","51.2.0",2014,162,"A","Q_tlw"
"364","TUK","51.2.0",2015,10,"A","Q_tlw"
"364","TUK","51.2.0",2016,178,"A","Q_tlw"
"364","TUK","51.2.0",2017,279,"A","Q_tlw"
"364","TUK","51.2.0",2018,161,"A","Q_tlw"
"364","TUK","51.2.0",2019,387.62,"I","Q_tlw"
"364","TUK","51.2.0",2020,406.817,"I","Q_tlw"
"364","TUK","51.2.0",2021,428.873,"I","Q_tlw"
"364","TUK","51.2.0",2022,0,"I","Q_tlw"
"364","TUK","51.2.0",2023,0,"I","Q_tlw"
"364","TUK","51.3.1",1997,30,"A","Q_tlw"
"364","TUK","51.3.1",1998,44,"A","Q_tlw"
"364","TUK","51.3.1",1999,30,"A","Q_tlw"
"364","TUK","51.3.1",2000,21,"A","Q_tlw"
"364","TUK","51.3.1",2001,47,"A","Q_tlw"
"364","TUK","51.3.1",2002,61,"A","Q_tlw"
"364","TUK","51.3.1",2003,103,"A","Q_tlw"
"364","TUK","51.3.1",2004,113,"A","Q_tlw"
"364","TUK","51.3.1",2005,17,"A","Q_tlw"
"364","TUK","51.3.1",2006,32,"A","Q_tlw"
"364","TUK","51.3.1",2007,21,"A","Q_tlw"
"364","TUK","51.3.1",2008,49,"A","Q_tlw"
"364","TUK","51.3.1",2009,49,"A","Q_tlw"
"364","TUK","51.3.1",2010,259,"A","Q_tlw"
"364","TUK","51.3.1",2011,499,"A","Q_tlw"
"364","TUK","51.3.1",2012,712,"A","Q_tlw"
"364","TUK","51.3.1",2013,585,"A","Q_tlw"
"364","TUK","51.3.1",2014,365,"A","Q_tlw"
"364","TUK","51.3.1",2015,352,"A","Q_tlw"
"364","TUK","51.3.1",2016,366,"A","Q_tlw"
"364","TUK","51.3.1",2017,333,"A","Q_tlw"
"364","TUK","51.3.1",2018,404,"A","Q_tlw"
"364","TUK","51.3.1",2019,561.38,"I","Q_tlw"
"364","TUK","51.3.1",2020,589.183,"I","Q_tlw"
"364","TUK","51.3.1",2021,621.127,"I","Q_tlw"
"364","TUK","51.3.1",2022,1080,"I","Q_tlw"
"364","TUK","51.3.1",2023,1008,"I","Q_tlw"
"364","CBA","51.2.0",1997,733,"A","Q_tlw"
"364","CBA","51.2.0",1998,256,"A","Q_tlw"
"364","CBA","51.2.0",1999,527,"A","Q_tlw"
"364","CBA","51.2.0",2000,603,"A","Q_tlw"
"364","CBA","51.2.0",2001,596,"A","Q_tlw"
"364","CBA","51.2.0",2002,833,"A","Q_tlw"
"364","CBA","51.2.0",2003,1035,"A","Q_tlw"
"364","CBA","51.2.0",2004,1210,"A","Q_tlw"
"364","CBA","51.2.0",2005,1115,"A","Q_tlw"
"364","CBA","51.2.0",2006,1366,"A","Q_tlw"
"364","CBA","51.2.0",2007,1107,"A","Q_tlw"
"364","CBA","51.2.0",2008,1104,"A","Q_tlw"
"364","CBA","51.2.0",2009,785,"A","Q_tlw"
"364","CBA","51.2.0",2010,772,"A","Q_tlw"
"364","CBA","51.2.0",2011,703,"A","Q_tlw"
"364","CBA","51.2.0",2012,1083,"A","Q_tlw"
"364","CBA","51.2.0",2013,1343,"A","Q_tlw"
"364","CBA","51.2.0",2014,1070,"A","Q_tlw"
"364","CBA","51.2.0",2015,1611,"A","Q_tlw"
"364","CBA","51.2.0",2016,2058,"A","Q_tlw"
"364","CBA","51.2.0",2017,1965,"A","Q_tlw"
"364","CBA","51.2.0",2018,1826,"A","Q_tlw"
"364","CBA","51.2.0",2019,2407.294,"I","Q_tlw"
"364","CBA","51.2.0",2020,2560.046,"I","Q_tlw"
"364","CBA","51.2.0",2021,2425.459,"I","Q_tlw"
"364","CBA","51.2.0",2022,2497.708,"I","Q_tlw"
"364","CBA","51.2.0",2023,2330.508,"I","Q_tlw"
"364","CBA","51.3.1",1997,205,"A","Q_tlw"
"364","CBA","51.3.1",1998,40,"A","Q_tlw"
"364","CBA","51.3.1",1999,71,"A","Q_tlw"
"364","CBA","51.3.1",2000,70,"A","Q_tlw"
"364","CBA","51.3.1",2001,133,"A","Q_tlw"
"364","CBA","51.3.1",2002,195,"A","Q_tlw"
"364","CBA","51.3.1",2003,330,"A","Q_tlw"
"364","CBA","51.3.1",2004,268,"A","Q_tlw"
"364","CBA","51.3.1",2005,275,"A","Q_tlw"
"364","CBA","51.3.1",2006,208,"A","Q_tlw"
"364","CBA","51.3.1",2007,421,"A","Q_tlw"
"364","CBA","51.3.1",2008,281,"A","Q_tlw"
"364","CBA","51.3.1",2009,411,"A","Q_tlw"
"364","CBA","51.3.1",2010,889,"A","Q_tlw"
"364","CBA","51.3.1",2011,1006,"A","Q_tlw"
"364","CBA","51.3.1",2012,1398,"A","Q_tlw"
"364","CBA","51.3.1",2013,1214,"A","Q_tlw"
"364","CBA","51.3.1",2014,1576,"A","Q_tlw"
"364","CBA","51.3.1",2015,2036,"A","Q_tlw"
"364","CBA","51.3.1",2016,1854,"A","Q_tlw"
"364","CBA","51.3.1",2017,3287,"A","Q_tlw"
"364","CBA","51.3.1",2018,3441,"A","Q_tlw"
"364","CBA","51.3.1",2019,3423.706,"I","Q_tlw"
"364","CBA","51.3.1",2020,3640.954,"I","Q_tlw"
"364","CBA","51.3.1",2021,3449.541,"I","Q_tlw"
"364","CBA","51.3.1",2022,3552.292,"I","Q_tlw"
"364","CBA","51.3.1",2023,3314.492,"I","Q_tlw"
"364","DOL","51.2.0",1986,0,"A","Q_tlw"
"364","DOL","51.2.0",1987,0,"A","Q_tlw"
"364","DOL","51.2.0",1988,0,"A","Q_tlw"
"364","DOL","51.2.0",1989,0,"A","Q_tlw"
"364","DOL","51.2.0",1990,0,"A","Q_tlw"
"364","DOL","51.2.0",1991,0,"A","Q_tlw"
"364","DOL","51.2.0",1992,0,"A","Q_tlw"
"364","DOL","51.2.0",1993,0,"A","Q_tlw"
"364","DOL","51.2.0",1994,0,"A","Q_tlw"
"364","DOL","51.2.0",1995,0,"A","Q_tlw"
"364","DOL","51.2.0",1996,0,"A","Q_tlw"
"364","DOL","51.2.0",1997,0,"A","Q_tlw"
"364","DOL","51.2.0",1998,0,"A","Q_tlw"
"364","DOL","51.2.0",1999,0,"A","Q_tlw"
"364","DOL","51.2.0",2000,0,"A","Q_tlw"
"364","DOL","51.2.0",2006,0,"A","Q_tlw"
"364","DOL","51.2.0",2007,0,"A","Q_tlw"
"364","DOL","51.2.0",2008,0,"A","Q_tlw"
"364","DOL","51.2.0",2009,0,"A","Q_tlw"
"364","DOL","51.2.0",2012,0,"A","Q_tlw"
"364","DOL","51.2.0",2013,0,"A","Q_tlw"
"364","DOL","51.2.0",2014,0,"A","Q_tlw"
"364","DOL","51.2.0",2015,0,"A","Q_tlw"
"364","DOL","51.2.0",2016,15,"A","Q_tlw"
"364","DOL","51.2.0",2017,117.999,"A","Q_tlw"
"364","DOL","51.2.0",2018,1358.05,"A","Q_tlw"
"364","DOL","51.2.0",2019,662.722,"I","Q_tlw"
"364","DOL","51.2.0",2020,618.218,"I","Q_tlw"
"364","DOL","51.2.0",2021,702.084,"I","Q_tlw"
"364","DOL","51.2.0",2022,810.426,"I","Q_tlw"
"364","DOL","51.2.0",2023,579.653,"I","Q_tlw"
"364","DOL","51.3.1",2002,2113,"A","Q_tlw"
"364","DOL","51.3.1",2003,4852,"A","Q_tlw"
"364","DOL","51.3.1",2004,3424,"A","Q_tlw"
"364","DOL","51.3.1",2005,2600,"A","Q_tlw"
"364","DOL","51.3.1",2006,2262,"A","Q_tlw"
"364","DOL","51.3.1",2007,1568,"A","Q_tlw"
"364","DOL","51.3.1",2008,1185,"A","Q_tlw"
"364","DOL","51.3.1",2009,1577,"A","Q_tlw"
"364","DOL","51.3.1",2010,1158,"A","Q_tlw"
"364","DOL","51.3.1",2011,378,"A","Q_tlw"
"364","DOL","51.3.1",2012,1803.763,"A","Q_tlw"
"364","DOL","51.3.1",2013,1052.103,"A","Q_tlw"
"364","DOL","51.3.1",2014,1841.295,"A","Q_tlw"
"364","DOL","51.3.1",2015,3244.972,"A","Q_tlw"
"364","DOL","51.3.1",2016,3924.092,"A","Q_tlw"
"364","DOL","51.3.1",2017,7742.947,"A","Q_tlw"
"364","DOL","51.3.1",2018,8432.313,"A","Q_tlw"
"364","DOL","51.3.1",2019,8467.021,"I","Q_tlw"
"364","DOL","51.3.1",2020,7898.419,"I","Q_tlw"
"364","DOL","51.3.1",2021,8969.912,"I","Q_tlw"
"364","DOL","51.3.1",2022,10354.074,"I","Q_tlw"
"364","DOL","51.3.1",2023,7405.667,"I","Q_tlw"
"364","MAK","51.2.0",2012,0,"A","Q_tlw"
"364","MAK","51.2.0",2013,37.611,"A","Q_tlw"
"364","MAK","51.2.0",2014,26.651,"A","Q_tlw"
"364","MAK","51.2.0",2015,31.17,"A","Q_tlw"
"364","MAK","51.2.0",2016,10.884,"A","Q_tlw"
"364","MAK","51.2.0",2017,12.169,"A","Q_tlw"
"364","MAK","51.2.0",2018,6.47,"A","Q_tlw"
"364","MAK","51.2.0",2019,8.863,"A","Q_tlw"
"364","MAK","51.2.0",2020,3.214,"A","Q_tlw"
"364","MAK","51.2.0",2021,4.973,"A","Q_tlw"
"364","MAK","51.2.0",2022,7.989,"I","Q_tlw"
"364","MAK","51.2.0",2023,0.999,"I","Q_tlw"
"364","MAK","51.3.1",2012,0,"A","Q_tlw"
"364","MAK","51.3.1",2013,75.335,"A","Q_tlw"
"364","MAK","51.3.1",2014,53.382,"A","Q_tlw"
"364","MAK","51.3.1",2015,62.433,"A","Q_tlw"
"364","MAK","51.3.1",2016,21.8,"A","Q_tlw"
"364","MAK","51.3.1",2017,24.374,"A","Q_tlw"
"364","MAK","51.3.1",2018,12.96,"A","Q_tlw"
"364","MAK","51.3.1",2019,17.752,"A","Q_tlw"
"364","MAK","51.3.1",2020,6.437,"A","Q_tlw"
"364","MAK","51.3.1",2021,9.961,"A","Q_tlw"
"364","MAK","51.3.1",2022,16.011,"I","Q_tlw"
"364","MAK","51.3.1",2023,2.001,"I","Q_tlw"
"364","SMA","51.2.0",2012,67.998,"A","Q_tlw"
"364","SMA","51.2.0",2013,48.976,"A","Q_tlw"
"364","SMA","51.2.0",2014,25.01,"A","Q_tlw"
"364","SMA","51.2.0",2015,31.865,"A","Q_tlw"
"364","SMA","51.2.0",2016,11.885,"A","Q_tlw"
"364","SMA","51.2.0",2017,0,"A","Q_tlw"
"364","SMA","51.2.0",2018,10.141,"A","Q_tlw"
"364","SMA","51.2.0",2019,9.308,"I","Q_tlw"
"364","SMA","51.2.0",2020,0,"A","Q_tlw"
"364","SMA","51.2.0",2021,0,"A","Q_tlw"
"364","SMA","51.3.1",2012,59.998,"A","Q_tlw"
"364","SMA","51.3.1",2013,63.969,"A","Q_tlw"
"364","SMA","51.3.1",2014,55.023,"A","Q_tlw"
"364","SMA","51.3.1",2015,61.738,"A","Q_tlw"
"364","SMA","51.3.1",2016,20.799,"A","Q_tlw"
"364","SMA","51.3.1",2017,0,"A","Q_tlw"
"364","SMA","51.3.1",2018,9.127,"A","Q_tlw"
"364","SMA","51.3.1",2019,12.692,"I","Q_tlw"
"364","SMA","51.3.1",2020,0,"A","Q_tlw"
"364","SMA","51.3.1",2021,0,"A","Q_tlw"
"364","CCD","51.2.0",2011,200.693,"A","Q_tlw"
"364","CCD","51.2.0",2012,183.477,"A","Q_tlw"
"364","CCD","51.2.0",2013,227.357,"A","Q_tlw"
"364","CCD","51.2.0",2014,287.206,"A","Q_tlw"
"364","CCD","51.2.0",2015,258.755,"A","Q_tlw"
"364","CCD","51.2.0",2016,212.319,"A","Q_tlw"
"364","CCD","51.2.0",2017,141.082,"A","Q_tlw"
"364","CCD","51.2.0",2018,123.92,"A","Q_tlw"
"364","CCD","51.2.0",2019,104.672,"I","Q_tlw"
"364","CCD","51.2.0",2020,112.98,"I","Q_tlw"
"364","CCD","51.2.0",2021,130.38,"I","Q_tlw"
"364","CCD","51.2.0",2022,70.877,"I","Q_tlw"
"364","CCD","51.2.0",2023,37.869,"I","Q_tlw"
"364","CCD","51.3.1",2011,186.127,"A","Q_tlw"
"364","CCD","51.3.1",2012,170.16,"A","Q_tlw"
"364","CCD","51.3.1",2013,210.855,"A","Q_tlw"
"364","CCD","51.3.1",2014,266.361,"A","Q_tlw"
"364","CCD","51.3.1",2015,239.974,"A","Q_tlw"
"364","CCD","51.3.1",2016,196.909,"A","Q_tlw"
"364","CCD","51.3.1",2017,130.842,"A","Q_tlw"
"364","CCD","51.3.1",2018,114.926,"A","Q_tlw"
"364","CCD","51.3.1",2019,163.027,"I","Q_tlw"
"364","CCD","51.3.1",2020,212.207,"I","Q_tlw"
"364","CCD","51.3.1",2021,244.887,"I","Q_tlw"
"364","CCD","51.3.1",2022,133.123,"I","Q_tlw"
"364","CCD","51.3.1",2023,71.131,"I","Q_tlw"
"364","FAL","51.2.0",2012,1349.963,"A","Q_tlw"
"364","FAL","51.2.0",2013,920.971,"A","Q_tlw"
"364","FAL","51.2.0",2014,405.876,"A","Q_tlw"
"364","FAL","51.2.0",2015,603.919,"A","Q_tlw"
"364","FAL","51.2.0",2016,211.561,"A","Q_tlw"
"364","FAL","51.2.0",2017,331.613,"A","Q_tlw"
"364","FAL","51.2.0",2018,262.643,"A","Q_tlw"
"364","FAL","51.2.0",2019,253.34,"I","Q_tlw"
"364","FAL","51.2.0",2020,111.971,"I","Q_tlw"
"364","FAL","51.2.0",2021,113.768,"I","Q_tlw"
"364","FAL","51.2.0",2022,138.817,"I","Q_tlw"
"364","FAL","51.2.0",2023,19.506,"I","Q_tlw"
"364","FAL","51.3.1",2012,1209.967,"A","Q_tlw"
"364","FAL","51.3.1",2013,1207.419,"A","Q_tlw"
"364","FAL","51.3.1",2014,886.729,"A","Q_tlw"
"364","FAL","51.3.1",2015,1168.256,"A","Q_tlw"
"364","FAL","51.3.1",2016,370.789,"A","Q_tlw"
"364","FAL","51.3.1",2017,580.712,"A","Q_tlw"
"364","FAL","51.3.1",2018,242.945,"A","Q_tlw"
"364","FAL","51.3.1",2019,384.284,"I","Q_tlw"
"364","FAL","51.3.1",2020,232.445,"I","Q_tlw"
"364","FAL","51.3.1",2021,236.175,"I","Q_tlw"
"364","FAL","51.3.1",2022,288.183,"I","Q_tlw"
"364","FAL","51.3.1",2023,40.494,"I","Q_tlw"
"364","OCS","51.2.0",2012,100.997,"A","Q_tlw"
"364","OCS","51.2.0",2013,58.952,"A","Q_tlw"
"364","OCS","51.2.0",2014,29.983,"A","Q_tlw"
"364","OCS","51.2.0",2015,39.833,"A","Q_tlw"
"364","OCS","51.2.0",2016,14.082,"A","Q_tlw"
"364","OCS","51.2.0",2017,15.972,"A","Q_tlw"
"364","OCS","51.2.0",2018,12.165,"A","Q_tlw"
"364","OCS","51.2.0",2019,14.464,"I","Q_tlw"
"364","OCS","51.2.0",2020,5.124,"I","Q_tlw"
"364","OCS","51.2.0",2021,7.929,"I","Q_tlw"
"364","OCS","51.2.0",2022,14.161,"I","Q_tlw"
"364","OCS","51.2.0",2023,1.77,"I","Q_tlw"
"364","OCS","51.3.1",2012,90.997,"A","Q_tlw"
"364","OCS","51.3.1",2013,76.938,"A","Q_tlw"
"364","OCS","51.3.1",2014,66.962,"A","Q_tlw"
"364","OCS","51.3.1",2015,77.674,"A","Q_tlw"
"364","OCS","51.3.1",2016,25.146,"A","Q_tlw"
"364","OCS","51.3.1",2017,27.951,"A","Q_tlw"
"364","OCS","51.3.1",2018,11.151,"A","Q_tlw"
"364","OCS","51.3.1",2019,22.041,"I","Q_tlw"
"364","OCS","51.3.1",2020,6.457,"I","Q_tlw"
"364","OCS","51.3.1",2021,9.991,"I","Q_tlw"
"364","OCS","51.3.1",2022,17.839,"I","Q_tlw"
"364","OCS","51.3.1",2023,2.23,"I","Q_tlw"
"364","BLR","51.2.0",2012,235.522,"A","Q_tlw"
"364","BLR","51.2.0",2013,291.899,"A","Q_tlw"
"364","BLR","51.2.0",2014,184.338,"A","Q_tlw"
"364","BLR","51.2.0",2015,332.153,"A","Q_tlw"
"364","BLR","51.2.0",2016,136.273,"A","Q_tlw"
"364","BLR","51.2.0",2017,90.551,"A","Q_tlw"
"364","BLR","51.2.0",2018,0,"A","Q_tlw"
"364","BLR","51.2.0",2019,0,"A","Q_tlw"
"364","BLR","51.2.0",2020,0,"A","Q_tlw"
"364","BLR","51.2.0",2021,0,"A","Q_tlw"
"364","BLR","51.3.1",2012,471.751,"A","Q_tlw"
"364","BLR","51.3.1",2013,584.674,"A","Q_tlw"
"364","BLR","51.3.1",2014,369.229,"A","Q_tlw"
"364","BLR","51.3.1",2015,665.304,"A","Q_tlw"
"364","BLR","51.3.1",2016,272.955,"A","Q_tlw"
"364","BLR","51.3.1",2017,181.374,"A","Q_tlw"
"364","BLR","51.3.1",2018,0,"A","Q_tlw"
"364","BLR","51.3.1",2019,0,"A","Q_tlw"
"364","BLR","51.3.1",2020,0,"A","Q_tlw"
"364","BLR","51.3.1",2021,0,"A","Q_tlw"
"364","CCQ","51.2.0",2011,401.387,"A","Q_tlw"
"364","CCQ","51.2.0",2012,366.953,"A","Q_tlw"
"364","CCQ","51.2.0",2013,454.713,"A","Q_tlw"
"364","CCQ","51.2.0",2014,574.412,"A","Q_tlw"
"364","CCQ","51.2.0",2015,517.509,"A","Q_tlw"
"364","CCQ","51.2.0",2016,424.639,"A","Q_tlw"
"364","CCQ","51.2.0",2017,282.165,"A","Q_tlw"
"364","CCQ","51.2.0",2018,248.84,"A","Q_tlw"
"364","CCQ","51.2.0",2019,278.407,"I","Q_tlw"
"364","CCQ","51.2.0",2020,338.195,"I","Q_tlw"
"364","CCQ","51.2.0",2021,390.277,"I","Q_tlw"
"364","CCQ","51.2.0",2022,211.64,"I","Q_tlw"
"364","CCQ","51.2.0",2023,113.881,"I","Q_tlw"
"364","CCQ","51.3.1",2011,372.254,"A","Q_tlw"
"364","CCQ","51.3.1",2012,340.32,"A","Q_tlw"
"364","CCQ","51.3.1",2013,421.71,"A","Q_tlw"
"364","CCQ","51.3.1",2014,532.721,"A","Q_tlw"
"364","CCQ","51.3.1",2015,479.948,"A","Q_tlw"
"364","CCQ","51.3.1",2016,393.818,"A","Q_tlw"
"364","CCQ","51.3.1",2017,261.685,"A","Q_tlw"
"364","CCQ","51.3.1",2018,228.853,"A","Q_tlw"
"364","CCQ","51.3.1",2019,256.991,"I","Q_tlw"
"364","CCQ","51.3.1",2020,312.179,"I","Q_tlw"
"364","CCQ","51.3.1",2021,360.256,"I","Q_tlw"
"364","CCQ","51.3.1",2022,195.36,"I","Q_tlw"
"364","CCQ","51.3.1",2023,105.119,"I","Q_tlw"
"364","RHA","51.2.0",2012,1118.905,"A","Q_tlw"
"364","RHA","51.2.0",2013,1127.76,"A","Q_tlw"
"364","RHA","51.2.0",2014,1037.007,"A","Q_tlw"
"364","RHA","51.2.0",2015,1014.118,"A","Q_tlw"
"364","RHA","51.2.0",2016,888.869,"A","Q_tlw"
"364","RHA","51.2.0",2017,590.067,"A","Q_tlw"
"364","RHA","51.2.0",2018,743.092,"A","Q_tlw"
"364","RHA","51.2.0",2019,647.475,"I","Q_tlw"
"364","RHA","51.2.0",2020,776.323,"I","Q_tlw"
"364","RHA","51.2.0",2021,897.044,"I","Q_tlw"
"364","RHA","51.2.0",2022,569.81,"I","Q_tlw"
"364","RHA","51.2.0",2023,260.997,"I","Q_tlw"
"364","RHA","51.3.1",2012,1002.915,"A","Q_tlw"
"364","RHA","51.3.1",2013,1477.686,"A","Q_tlw"
"364","RHA","51.3.1",2014,2265.015,"A","Q_tlw"
"364","RHA","51.3.1",2015,1962.229,"A","Q_tlw"
"364","RHA","51.3.1",2016,1557.77,"A","Q_tlw"
"364","RHA","51.3.1",2017,1033.118,"A","Q_tlw"
"364","RHA","51.3.1",2018,685.162,"A","Q_tlw"
"364","RHA","51.3.1",2019,954.464,"I","Q_tlw"
"364","RHA","51.3.1",2020,1171.938,"I","Q_tlw"
"364","RHA","51.3.1",2021,1354.178,"I","Q_tlw"
"364","RHA","51.3.1",2022,860.19,"I","Q_tlw"
"364","RHA","51.3.1",2023,394.003,"I","Q_tlw"
"364","SPZ","51.2.0",2012,67.998,"A","Q_tlw"
"364","SPZ","51.2.0",2013,29.188,"A","Q_tlw"
"364","SPZ","51.2.0",2014,15.07,"A","Q_tlw"
"364","SPZ","51.2.0",2015,21.025,"A","Q_tlw"
"364","SPZ","51.2.0",2016,6.867,"A","Q_tlw"
"364","SPZ","51.2.0",2017,11.011,"A","Q_tlw"
"364","SPZ","51.2.0",2018,5.829,"A","Q_tlw"
"364","SPZ","51.2.0",2019,9.803,"I","Q_tlw"
"364","SPZ","51.2.0",2020,0,"I","Q_tlw"
"364","SPZ","51.2.0",2021,0,"I","Q_tlw"
"364","SPZ","51.2.0",2022,0,"I","Q_tlw"
"364","SPZ","51.2.0",2023,0,"I","Q_tlw"
"364","SPZ","51.3.1",2012,59.998,"A","Q_tlw"
"364","SPZ","51.3.1",2013,39.253,"A","Q_tlw"
"364","SPZ","51.3.1",2014,34.158,"A","Q_tlw"
"364","SPZ","51.3.1",2015,42.049,"A","Q_tlw"
"364","SPZ","51.3.1",2016,12.753,"A","Q_tlw"
"364","SPZ","51.3.1",2017,11.011,"A","Q_tlw"
"364","SPZ","51.3.1",2018,5.829,"A","Q_tlw"
"364","SPZ","51.3.1",2019,12.255,"I","Q_tlw"
"364","SPZ","51.3.1",2020,5.791,"A","Q_tlw"
"364","SPZ","51.3.1",2021,8.96,"I","Q_tlw"
"364","SPZ","51.3.1",2022,19,"I","Q_tlw"
"364","SPZ","51.3.1",2023,2,"I","Q_tlw"
"364","RCD","51.2.0",1997,856,"A","Q_tlw"
"364","RCD","51.2.0",1998,558,"A","Q_tlw"
"364","RCD","51.2.0",1999,91,"A","Q_tlw"
"364","RCD","51.2.0",2000,34,"A","Q_tlw"
"364","RCD","51.2.0",2001,12,"A","Q_tlw"
"364","RCD","51.2.0",2002,26,"A","Q_tlw"
"364","RCD","51.2.0",2003,82,"A","Q_tlw"
"364","RCD","51.2.0",2004,84,"A","Q_tlw"
"364","RCD","51.2.0",2005,103,"A","Q_tlw"
"364","RCD","51.2.0",2006,62,"A","Q_tlw"
"364","RCD","51.2.0",2007,18,"A","Q_tlw"
"364","RCD","51.2.0",2008,17,"A","Q_tlw"
"364","RCD","51.2.0",2009,9,"A","Q_tlw"
"364","RCD","51.2.0",2010,6,"A","Q_tlw"
"364","RCD","51.2.0",2011,32,"A","Q_tlw"
"364","RCD","51.2.0",2012,24,"A","Q_tlw"
"364","RCD","51.2.0",2013,46,"A","Q_tlw"
"364","RCD","51.2.0",2014,24,"A","Q_tlw"
"364","RCD","51.2.0",2015,34,"A","Q_tlw"
"364","RCD","51.2.0",2016,17,"A","Q_tlw"
"364","RCD","51.2.0",2017,49,"A","Q_tlw"
"364","RCD","51.2.0",2018,62,"A","Q_tlw"
"364","RCD","51.2.0",2019,39.828,"I","Q_tlw"
"364","RCD","51.2.0",2020,2.241,"I","Q_tlw"
"364","RCD","51.2.0",2021,2.931,"I","Q_tlw"
"364","RCD","51.2.0",2022,3.447,"I","Q_tlw"
"364","RCD","51.2.0",2023,3.277,"I","Q_tlw"
"364","RCD","51.3.1",1997,24,"A","Q_tlw"
"364","RCD","51.3.1",1998,35,"A","Q_tlw"
"364","RCD","51.3.1",1999,19,"A","Q_tlw"
"364","RCD","51.3.1",2000,6,"A","Q_tlw"
"364","RCD","51.3.1",2001,44,"A","Q_tlw"
"364","RCD","51.3.1",2002,18,"A","Q_tlw"
"364","RCD","51.3.1",2003,52,"A","Q_tlw"
"364","RCD","51.3.1",2004,73,"A","Q_tlw"
"364","RCD","51.3.1",2005,22,"A","Q_tlw"
"364","RCD","51.3.1",2006,10,"A","Q_tlw"
"364","RCD","51.3.1",2007,11,"A","Q_tlw"
"364","RCD","51.3.1",2008,43,"A","Q_tlw"
"364","RCD","51.3.1",2009,95,"A","Q_tlw"
"364","RCD","51.3.1",2010,92,"A","Q_tlw"
"364","RCD","51.3.1",2011,103,"A","Q_tlw"
"364","RCD","51.3.1",2012,163,"A","Q_tlw"
"364","RCD","51.3.1",2013,169,"A","Q_tlw"
"364","RCD","51.3.1",2014,150,"A","Q_tlw"
"364","RCD","51.3.1",2015,207,"A","Q_tlw"
"364","RCD","51.3.1",2016,278,"A","Q_tlw"
"364","RCD","51.3.1",2017,283,"A","Q_tlw"
"364","RCD","51.3.1",2018,241,"A","Q_tlw"
"364","RCD","51.3.1",2019,191.172,"I","Q_tlw"
"364","RCD","51.3.1",2020,10.759,"I","Q_tlw"
"364","RCD","51.3.1",2021,14.069,"I","Q_tlw"
"364","RCD","51.3.1",2022,16.553,"I","Q_tlw"
"364","RCD","51.3.1",2023,15.722,"I","Q_tlw"
"364","SAW","51.2.0",1997,73,"A","Q_tlw"
"364","SAW","51.2.0",1998,29,"A","Q_tlw"
"364","SAW","51.2.0",1999,29,"A","Q_tlw"
"364","SAW","51.2.0",2000,10,"A","Q_tlw"
"364","SAW","51.2.0",2001,28,"A","Q_tlw"
"364","SAW","51.2.0",2002,24,"A","Q_tlw"
"364","SAW","51.2.0",2003,8,"A","Q_tlw"
"364","SAW","51.2.0",2004,5,"A","Q_tlw"
"364","SAW","51.2.0",2005,10,"A","Q_tlw"
"364","SAW","51.2.0",2006,7,"A","Q_tlw"
"364","SAW","51.2.0",2007,5,"A","Q_tlw"
"364","SAW","51.2.0",2008,35,"A","Q_tlw"
"364","SAW","51.2.0",2009,9,"A","Q_tlw"
"364","SAW","51.2.0",2010,84,"A","Q_tlw"
"364","SAW","51.2.0",2011,10,"A","Q_tlw"
"364","SAW","51.2.0",2012,39,"A","Q_tlw"
"364","SAW","51.2.0",2013,40,"A","Q_tlw"
"364","SAW","51.2.0",2014,10,"A","Q_tlw"
"364","SAW","51.2.0",2015,10,"A","Q_tlw"
"364","SAW","51.2.0",2016,3,"A","Q_tlw"
"364","SAW","51.2.0",2017,0,"A","Q_tlw"
"364","SAW","51.2.0",2018,0,"A","Q_tlw"
"364","SAW","51.2.0",2019,0,"I","Q_tlw"
"364","SAW","51.3.1",1997,19,"A","Q_tlw"
"364","SAW","51.3.1",1998,9,"A","Q_tlw"
"364","SAW","51.3.1",1999,1,"A","Q_tlw"
"364","SAW","51.3.1",2000,30,"A","Q_tlw"
"364","SAW","51.3.1",2001,17,"A","Q_tlw"
"364","SAW","51.3.1",2002,3,"A","Q_tlw"
"364","SAW","51.3.1",2003,65,"A","Q_tlw"
"364","SAW","51.3.1",2004,16,"A","Q_tlw"
"364","SAW","51.3.1",2005,1,"A","Q_tlw"
"364","SAW","51.3.1",2006,19,"A","Q_tlw"
"364","SAW","51.3.1",2007,6,"A","Q_tlw"
"364","SAW","51.3.1",2008,2,"A","Q_tlw"
"364","SAW","51.3.1",2009,29,"A","Q_tlw"
"364","SAW","51.3.1",2010,58,"A","Q_tlw"
"364","SAW","51.3.1",2011,17,"A","Q_tlw"
"364","SAW","51.3.1",2012,2,"A","Q_tlw"
"364","SAW","51.3.1",2013,6,"A","Q_tlw"
"364","SAW","51.3.1",2014,0,"A","Q_tlw"
"364","SAW","51.3.1",2015,0,"A","Q_tlw"
"364","SAW","51.3.1",2016,0,"A","Q_tlw"
"364","SAW","51.3.1",2017,0,"A","Q_tlw"
"364","SAW","51.3.1",2018,0,"A","Q_tlw"
"364","SAW","51.3.1",2019,0,"I","Q_tlw"
"364","SRX","51.2.0",1997,2548,"A","Q_tlw"
"364","SRX","51.2.0",1998,1965,"A","Q_tlw"
"364","SRX","51.2.0",1999,6618,"A","Q_tlw"
"364","SRX","51.2.0",2000,1762,"A","Q_tlw"
"364","SRX","51.2.0",2001,1892,"A","Q_tlw"
"364","SRX","51.2.0",2002,1762,"A","Q_tlw"
"364","SRX","51.2.0",2003,2438,"A","Q_tlw"
"364","SRX","51.2.0",2004,2138,"A","Q_tlw"
"364","SRX","51.2.0",2005,3017,"A","Q_tlw"
"364","SRX","51.2.0",2006,1216,"A","Q_tlw"
"364","SRX","51.2.0",2007,1032,"A","Q_tlw"
"364","SRX","51.2.0",2008,709,"A","Q_tlw"
"364","SRX","51.2.0",2009,660,"A","Q_tlw"
"364","SRX","51.2.0",2010,683,"A","Q_tlw"
"364","SRX","51.2.0",2011,1417,"A","Q_tlw"
"364","SRX","51.2.0",2012,1680,"A","Q_tlw"
"364","SRX","51.2.0",2013,2766,"A","Q_tlw"
"364","SRX","51.2.0",2014,1704,"A","Q_tlw"
"364","SRX","51.2.0",2015,1623,"A","Q_tlw"
"364","SRX","51.2.0",2016,2162,"A","Q_tlw"
"364","SRX","51.2.0",2017,1736,"A","Q_tlw"
"364","SRX","51.2.0",2018,2531,"A","Q_tlw"
"364","SRX","51.2.0",2019,1801.496,"I","Q_tlw"
"364","SRX","51.2.0",2020,1232.376,"I","Q_tlw"
"364","SRX","51.2.0",2021,1007.698,"I","Q_tlw"
"364","SRX","51.2.0",2022,1038.36,"I","Q_tlw"
"364","SRX","51.2.0",2023,968.896,"I","Q_tlw"
"364","SRX","51.3.1",1997,1943,"A","Q_tlw"
"364","SRX","51.3.1",1998,844,"A","Q_tlw"
"364","SRX","51.3.1",1999,4507,"A","Q_tlw"
"364","SRX","51.3.1",2000,1308,"A","Q_tlw"
"364","SRX","51.3.1",2001,666,"A","Q_tlw"
"364","SRX","51.3.1",2002,715,"A","Q_tlw"
"364","SRX","51.3.1",2003,1629,"A","Q_tlw"
"364","SRX","51.3.1",2004,2704,"A","Q_tlw"
"364","SRX","51.3.1",2005,204,"A","Q_tlw"
"364","SRX","51.3.1",2006,185,"A","Q_tlw"
"364","SRX","51.3.1",2007,294,"A","Q_tlw"
"364","SRX","51.3.1",2008,421,"A","Q_tlw"
"364","SRX","51.3.1",2009,2418,"A","Q_tlw"
"364","SRX","51.3.1",2010,2994,"A","Q_tlw"
"364","SRX","51.3.1",2011,325,"A","Q_tlw"
"364","SRX","51.3.1",2012,8220,"A","Q_tlw"
"364","SRX","51.3.1",2013,2417,"A","Q_tlw"
"364","SRX","51.3.1",2014,4223,"A","Q_tlw"
"364","SRX","51.3.1",2015,3267,"A","Q_tlw"
"364","SRX","51.3.1",2016,3163,"A","Q_tlw"
"364","SRX","51.3.1",2017,4028,"A","Q_tlw"
"364","SRX","51.3.1",2018,7105,"A","Q_tlw"
"364","SRX","51.3.1",2019,5719.504,"I","Q_tlw"
"364","SRX","51.3.1",2020,3912.624,"I","Q_tlw"
"364","SRX","51.3.1",2021,3199.302,"I","Q_tlw"
"364","SRX","51.3.1",2022,3296.64,"I","Q_tlw"
"364","SRX","51.3.1",2023,3076.104,"I","Q_tlw"
"364","SKH","51.2.0",1997,6263,"A","Q_tlw"
"364","SKH","51.2.0",1998,5408,"A","Q_tlw"
"364","SKH","51.2.0",1999,4878,"A","Q_tlw"
"364","SKH","51.2.0",2000,6303,"A","Q_tlw"
"364","SKH","51.2.0",2001,4574,"A","Q_tlw"
"364","SKH","51.2.0",2002,5061,"A","Q_tlw"
"364","SKH","51.2.0",2003,6900,"A","Q_tlw"
"364","SKH","51.2.0",2004,5876,"A","Q_tlw"
"364","SKH","51.2.0",2005,6865,"A","Q_tlw"
"364","SKH","51.2.0",2006,6758,"A","Q_tlw"
"364","SKH","51.2.0",2007,7118,"A","Q_tlw"
"364","SKH","51.2.0",2008,6121,"A","Q_tlw"
"364","SKH","51.2.0",2009,5308,"A","Q_tlw"
"364","SKH","51.2.0",2010,5135,"A","Q_tlw"
"364","SKH","51.2.0",2011,5273,"A","Q_tlw"
"364","SKH","51.2.0",2012,443.023,"A","Q_tlw"
"364","SKH","51.2.0",2013,248.713,"A","Q_tlw"
"364","SKH","51.2.0",2014,204.846,"A","Q_tlw"
"364","SKH","51.2.0",2015,209.91,"A","Q_tlw"
"364","SKH","51.2.0",2016,162.433,"A","Q_tlw"
"364","SKH","51.2.0",2017,123.619,"I","Q_tlw"
"364","SKH","51.2.0",2018,136.531,"A","Q_tlw"
"364","SKH","51.2.0",2019,125.259,"I","Q_tlw"
"364","SKH","51.2.0",2020,144.144,"I","Q_tlw"
"364","SKH","51.2.0",2021,168.293,"I","Q_tlw"
"364","SKH","51.2.0",2022,208.782,"I","Q_tlw"
"364","SKH","51.2.0",2023,203.195,"I","Q_tlw"
"364","SKH","51.3.1",1997,3840,"A","Q_tlw"
"364","SKH","51.3.1",1998,2813,"A","Q_tlw"
"364","SKH","51.3.1",1999,3042,"A","Q_tlw"
"364","SKH","51.3.1",2000,2702,"A","Q_tlw"
"364","SKH","51.3.1",2001,4402,"A","Q_tlw"
"364","SKH","51.3.1",2002,3010,"A","Q_tlw"
"364","SKH","51.3.1",2003,4789,"A","Q_tlw"
"364","SKH","51.3.1",2004,7422,"A","Q_tlw"
"364","SKH","51.3.1",2005,7221,"A","Q_tlw"
"364","SKH","51.3.1",2006,6758,"A","Q_tlw"
"364","SKH","51.3.1",2007,4703,"A","Q_tlw"
"364","SKH","51.3.1",2008,4330,"A","Q_tlw"
"364","SKH","51.3.1",2009,4814,"A","Q_tlw"
"364","SKH","51.3.1",2010,4563,"A","Q_tlw"
"364","SKH","51.3.1",2011,4855,"A","Q_tlw"
"364","SKH","51.3.1",2012,398.021,"A","Q_tlw"
"364","SKH","51.3.1",2013,325.388,"A","Q_tlw"
"364","SKH","51.3.1",2014,445.666,"A","Q_tlw"
"364","SKH","51.3.1",2015,406.326,"A","Q_tlw"
"364","SKH","51.3.1",2016,286.023,"A","Q_tlw"
"364","SKH","51.3.1",2017,192.228,"I","Q_tlw"
"364","SKH","51.3.1",2018,125.632,"A","Q_tlw"
"364","SKH","51.3.1",2019,178.944,"I","Q_tlw"
"364","SKH","51.3.1",2020,192.624,"I","Q_tlw"
"364","SKH","51.3.1",2021,224.894,"I","Q_tlw"
"364","SKH","51.3.1",2022,279.008,"I","Q_tlw"
"364","SKH","51.3.1",2023,271.54,"I","Q_tlw"
"364","MZZ","51.2.0",1986,46000,"A","Q_tlw"
"364","MZZ","51.2.0",1987,66942,"A","Q_tlw"
"364","MZZ","51.2.0",1988,72370,"A","Q_tlw"
"364","MZZ","51.2.0",1989,105000,"A","Q_tlw"
"364","MZZ","51.2.0",1990,119872,"A","Q_tlw"
"364","MZZ","51.2.0",1991,107204,"A","Q_tlw"
"364","MZZ","51.2.0",1992,135473,"A","Q_tlw"
"364","MZZ","51.2.0",1993,79645,"A","Q_tlw"
"364","MZZ","51.2.0",1994,68155,"A","Q_tlw"
"364","MZZ","51.2.0",1995,73628,"A","Q_tlw"
"364","MZZ","51.2.0",1996,73978,"A","Q_tlw"
"364","MZZ","51.2.0",1997,30600,"A","Q_tlw"
"364","MZZ","51.2.0",1998,23128,"A","Q_tlw"
"364","MZZ","51.2.0",1999,15512,"A","Q_tlw"
"364","MZZ","51.2.0",2000,19481,"A","Q_tlw"
"364","MZZ","51.2.0",2001,23653,"A","Q_tlw"
"364","MZZ","51.2.0",2002,25204,"A","Q_tlw"
"364","MZZ","51.2.0",2003,16702,"A","Q_tlw"
"364","MZZ","51.2.0",2004,10031,"A","Q_tlw"
"364","MZZ","51.2.0",2005,12260,"A","Q_tlw"
"364","MZZ","51.2.0",2006,11048,"A","Q_tlw"
"364","MZZ","51.2.0",2007,17344,"A","Q_tlw"
"364","MZZ","51.2.0",2008,18618,"A","Q_tlw"
"364","MZZ","51.2.0",2009,25717,"A","Q_tlw"
"364","MZZ","51.2.0",2010,8108,"A","Q_tlw"
"364","MZZ","51.2.0",2011,2649,"A","Q_tlw"
"364","MZZ","51.2.0",2012,18379.743,"A","Q_tlw"
"364","MZZ","51.2.0",2013,18997.979,"I","Q_tlw"
"364","MZZ","51.2.0",2014,14670.428,"A","Q_tlw"
"364","MZZ","51.2.0",2015,13538.875,"A","Q_tlw"
"364","MZZ","51.2.0",2016,11726.359,"A","Q_tlw"
"364","MZZ","51.2.0",2017,11798.248,"I","Q_tlw"
"364","MZZ","51.2.0",2018,15405.634,"I","Q_tlw"
"364","MZZ","51.2.0",2019,21862.413,"I","Q_tlw"
"364","MZZ","51.2.0",2020,21515.894,"I","Q_tlw"
"364","MZZ","51.2.0",2021,7874.166,"I","Q_tlw"
"364","MZZ","51.2.0",2022,8110.819,"I","Q_tlw"
"364","MZZ","51.2.0",2023,7570.232,"I","Q_tlw"
"364","MZZ","51.3.1",1986,54000,"A","Q_tlw"
"364","MZZ","51.3.1",1987,78585,"A","Q_tlw"
"364","MZZ","51.3.1",1988,84958,"A","Q_tlw"
"364","MZZ","51.3.1",1989,60515,"A","Q_tlw"
"364","MZZ","51.3.1",1990,34227,"A","Q_tlw"
"364","MZZ","51.3.1",1991,35734,"A","Q_tlw"
"364","MZZ","51.3.1",1992,38105,"A","Q_tlw"
"364","MZZ","51.3.1",1993,95564,"A","Q_tlw"
"364","MZZ","51.3.1",1994,80398,"A","Q_tlw"
"364","MZZ","51.3.1",1995,86852,"A","Q_tlw"
"364","MZZ","51.3.1",1996,83419,"A","Q_tlw"
"364","MZZ","51.3.1",1997,25019,"A","Q_tlw"
"364","MZZ","51.3.1",1998,12555,"A","Q_tlw"
"364","MZZ","51.3.1",1999,8663,"A","Q_tlw"
"364","MZZ","51.3.1",2000,6380,"A","Q_tlw"
"364","MZZ","51.3.1",2001,10551,"A","Q_tlw"
"364","MZZ","51.3.1",2002,7418,"A","Q_tlw"
"364","MZZ","51.3.1",2003,3599,"A","Q_tlw"
"364","MZZ","51.3.1",2004,7305,"A","Q_tlw"
"364","MZZ","51.3.1",2005,7410,"A","Q_tlw"
"364","MZZ","51.3.1",2006,8436,"A","Q_tlw"
"364","MZZ","51.3.1",2007,9529,"A","Q_tlw"
"364","MZZ","51.3.1",2008,12239,"A","Q_tlw"
"364","MZZ","51.3.1",2009,5746,"A","Q_tlw"
"364","MZZ","51.3.1",2010,14863,"A","Q_tlw"
"364","MZZ","51.3.1",2011,28384,"A","Q_tlw"
"364","MZZ","51.3.1",2012,5547.922,"A","Q_tlw"
"364","MZZ","51.3.1",2013,6277.081,"I","Q_tlw"
"364","MZZ","51.3.1",2014,9572.957,"I","Q_tlw"
"364","MZZ","51.3.1",2015,8892.972,"I","Q_tlw"
"364","MZZ","51.3.1",2016,10077.745,"A","Q_tlw"
"364","MZZ","51.3.1",2017,11377.917,"I","Q_tlw"
"364","MZZ","51.3.1",2018,13828.439,"I","Q_tlw"
"364","MZZ","51.3.1",2019,19566.86,"I","Q_tlw"
"364","MZZ","51.3.1",2020,19256.725,"I","Q_tlw"
"364","MZZ","51.3.1",2021,7047.378,"I","Q_tlw"
"364","MZZ","51.3.1",2022,7259.181,"I","Q_tlw"
"364","MZZ","51.3.1",2023,6775.354,"I","Q_tlw"
"364","SCD","51.2.0",1997,1876,"A","Q_tlw"
"364","SCD","51.2.0",1998,1576,"A","Q_tlw"
"364","SCD","51.2.0",1999,1470,"A","Q_tlw"
"364","SCD","51.2.0",2000,1223,"A","Q_tlw"
"364","SCD","51.2.0",2001,1107,"A","Q_tlw"
"364","SCD","51.2.0",2002,895,"A","Q_tlw"
"364","SCD","51.2.0",2003,694,"A","Q_tlw"
"364","SCD","51.2.0",2004,603,"A","Q_tlw"
"364","SCD","51.2.0",2005,1338,"A","Q_tlw"
"364","SCD","51.2.0",2006,838,"A","Q_tlw"
"364","SCD","51.2.0",2007,1746,"A","Q_tlw"
"364","SCD","51.2.0",2008,920,"A","Q_tlw"
"364","SCD","51.2.0",2009,2513,"A","Q_tlw"
"364","SCD","51.2.0",2010,1300,"A","Q_tlw"
"364","SCD","51.2.0",2011,707,"A","Q_tlw"
"364","SCD","51.2.0",2012,1655,"A","Q_tlw"
"364","SCD","51.2.0",2013,1057,"A","Q_tlw"
"364","SCD","51.2.0",2014,1838,"A","Q_tlw"
"364","SCD","51.2.0",2015,2959,"A","Q_tlw"
"364","SCD","51.2.0",2016,3385,"A","Q_tlw"
"364","SCD","51.2.0",2017,2264,"A","Q_tlw"
"364","SCD","51.2.0",2018,2518,"A","Q_tlw"
"364","SCD","51.2.0",2019,2279,"I","Q_tlw"
"364","SCD","51.2.0",2020,2942.834,"I","Q_tlw"
"364","SCD","51.2.0",2021,3692.874,"I","Q_tlw"
"364","SCD","51.2.0",2022,3802.748,"I","Q_tlw"
"364","SCD","51.2.0",2023,3548.596,"I","Q_tlw"
"364","SCD","51.3.1",1997,116,"A","Q_tlw"
"364","SCD","51.3.1",1998,7,"A","Q_tlw"
"364","SCD","51.3.1",1999,20,"A","Q_tlw"
"364","SCD","51.3.1",2000,12,"A","Q_tlw"
"364","SCD","51.3.1",2001,37,"A","Q_tlw"
"364","SCD","51.3.1",2002,43,"A","Q_tlw"
"364","SCD","51.3.1",2003,28,"A","Q_tlw"
"364","SCD","51.3.1",2004,76,"A","Q_tlw"
"364","SCD","51.3.1",2005,166,"A","Q_tlw"
"364","SCD","51.3.1",2006,62,"A","Q_tlw"
"364","SCD","51.3.1",2007,45,"A","Q_tlw"
"364","SCD","51.3.1",2008,35,"A","Q_tlw"
"364","SCD","51.3.1",2009,294,"A","Q_tlw"
"364","SCD","51.3.1",2010,99,"A","Q_tlw"
"364","SCD","51.3.1",2011,24,"A","Q_tlw"
"364","SCD","51.3.1",2012,24,"A","Q_tlw"
"364","SCD","51.3.1",2013,23,"A","Q_tlw"
"364","SCD","51.3.1",2014,22,"A","Q_tlw"
"364","SCD","51.3.1",2015,40,"A","Q_tlw"
"364","SCD","51.3.1",2016,78,"A","Q_tlw"
"364","SCD","51.3.1",2017,98,"A","Q_tlw"
"364","SCD","51.3.1",2018,152,"A","Q_tlw"
"364","SCD","51.3.1",2019,110,"I","Q_tlw"
"364","SCD","51.3.1",2020,137.166,"I","Q_tlw"
"364","SCD","51.3.1",2021,172.126,"I","Q_tlw"
"364","SCD","51.3.1",2022,177.252,"I","Q_tlw"
"364","SCD","51.3.1",2023,165.404,"I","Q_tlw"
"364","SLV","51.2.0",1997,6,"A","Q_tlw"
"364","SLV","51.2.0",1998,2,"A","Q_tlw"
"364","SLV","51.2.0",1999,0,"A","Q_tlw"
"364","SLV","51.2.0",2000,0,"A","Q_tlw"
"364","SLV","51.2.0",2001,0,"A","Q_tlw"
"364","SLV","51.2.0",2002,0,"A","Q_tlw"
"364","SLV","51.2.0",2003,0,"A","Q_tlw"
"364","SLV","51.2.0",2004,1,"A","Q_tlw"
"364","SLV","51.2.0",2005,1,"A","Q_tlw"
"364","SLV","51.2.0",2006,1,"A","Q_tlw"
"364","SLV","51.2.0",2007,2,"A","Q_tlw"
"364","SLV","51.2.0",2008,3,"A","Q_tlw"
"364","SLV","51.2.0",2009,3,"A","Q_tlw"
"364","SLV","51.2.0",2010,4,"A","Q_tlw"
"364","SLV","51.2.0",2011,2,"A","Q_tlw"
"364","SLV","51.2.0",2012,7,"A","Q_tlw"
"364","SLV","51.2.0",2013,22,"A","Q_tlw"
"364","SLV","51.2.0",2014,19,"A","Q_tlw"
"364","SLV","51.2.0",2015,10,"A","Q_tlw"
"364","SLV","51.2.0",2016,8,"A","Q_tlw"
"364","SLV","51.2.0",2017,4,"A","Q_tlw"
"364","SLV","51.2.0",2018,3,"A","Q_tlw"
"364","SLV","51.2.0",2019,2,"I","Q_tlw"
"364","SLV","51.2.0",2020,2.244,"I","Q_tlw"
"364","SLV","51.2.0",2021,2.689,"I","Q_tlw"
"364","SLV","51.2.0",2022,2.779,"I","Q_tlw"
"364","SLV","51.2.0",2023,2.602,"I","Q_tlw"
"364","SLV","51.3.1",1986,0,"A","Q_tlw"
"364","SLV","51.3.1",1987,0,"A","Q_tlw"
"364","SLV","51.3.1",1988,0,"A","Q_tlw"
"364","SLV","51.3.1",1989,0,"A","Q_tlw"
"364","SLV","51.3.1",1990,47,"A","Q_tlw"
"364","SLV","51.3.1",1991,110,"A","Q_tlw"
"364","SLV","51.3.1",1992,120,"A","Q_tlw"
"364","SLV","51.3.1",1993,45,"A","Q_tlw"
"364","SLV","51.3.1",1994,35,"A","Q_tlw"
"364","SLV","51.3.1",1995,30,"A","Q_tlw"
"364","SLV","51.3.1",1996,49,"A","Q_tlw"
"364","SLV","51.3.1",1997,70,"A","Q_tlw"
"364","SLV","51.3.1",1998,63,"A","Q_tlw"
"364","SLV","51.3.1",1999,35,"A","Q_tlw"
"364","SLV","51.3.1",2000,25,"A","Q_tlw"
"364","SLV","51.3.1",2001,20,"A","Q_tlw"
"364","SLV","51.3.1",2002,20,"A","Q_tlw"
"364","SLV","51.3.1",2003,33,"A","Q_tlw"
"364","SLV","51.3.1",2004,16,"A","Q_tlw"
"364","SLV","51.3.1",2005,10,"A","Q_tlw"
"364","SLV","51.3.1",2006,10,"A","Q_tlw"
"364","SLV","51.3.1",2007,11,"A","Q_tlw"
"364","SLV","51.3.1",2008,7,"A","Q_tlw"
"364","SLV","51.3.1",2009,4,"A","Q_tlw"
"364","SLV","51.3.1",2010,9,"A","Q_tlw"
"364","SLV","51.3.1",2011,6,"A","Q_tlw"
"364","SLV","51.3.1",2012,6,"A","Q_tlw"
"364","SLV","51.3.1",2013,2,"A","Q_tlw"
"364","SLV","51.3.1",2014,23,"A","Q_tlw"
"364","SLV","51.3.1",2015,62,"A","Q_tlw"
"364","SLV","51.3.1",2016,52,"A","Q_tlw"
"364","SLV","51.3.1",2017,85,"A","Q_tlw"
"364","SLV","51.3.1",2018,88,"A","Q_tlw"
"364","SLV","51.3.1",2019,88,"I","Q_tlw"
"364","SLV","51.3.1",2020,98.756,"I","Q_tlw"
"364","SLV","51.3.1",2021,118.311,"I","Q_tlw"
"364","SLV","51.3.1",2022,122.221,"I","Q_tlw"
"364","SLV","51.3.1",2023,114.398,"I","Q_tlw"
"364","DCP","51.2.0",1986,4131,"A","Q_tlw"
"364","DCP","51.2.0",1987,7938,"A","Q_tlw"
"364","DCP","51.2.0",1988,7209,"A","Q_tlw"
"364","DCP","51.2.0",1989,9200,"A","Q_tlw"
"364","DCP","51.2.0",1990,9600,"A","Q_tlw"
"364","DCP","51.2.0",1991,5950,"A","Q_tlw"
"364","DCP","51.2.0",1992,5525,"A","Q_tlw"
"364","DCP","51.2.0",1993,5292,"A","Q_tlw"
"364","DCP","51.2.0",1994,5483,"A","Q_tlw"
"364","DCP","51.2.0",1995,5686,"A","Q_tlw"
"364","DCP","51.2.0",1996,4860,"A","Q_tlw"
"364","DCP","51.2.0",1997,6700,"A","Q_tlw"
"364","DCP","51.2.0",1998,5364,"A","Q_tlw"
"364","DCP","51.2.0",1999,4044,"A","Q_tlw"
"364","DCP","51.2.0",2000,9202,"A","Q_tlw"
"364","DCP","51.2.0",2001,6607,"A","Q_tlw"
"364","DCP","51.2.0",2002,5477,"A","Q_tlw"
"364","DCP","51.2.0",2003,6858,"A","Q_tlw"
"364","DCP","51.2.0",2004,5498,"A","Q_tlw"
"364","DCP","51.2.0",2005,8492,"A","Q_tlw"
"364","DCP","51.2.0",2006,5754,"A","Q_tlw"
"364","DCP","51.2.0",2007,6200,"A","Q_tlw"
"364","DCP","51.2.0",2008,6958,"A","Q_tlw"
"364","DCP","51.2.0",2009,7561,"A","Q_tlw"
"364","DCP","51.2.0",2010,5321,"A","Q_tlw"
"364","DCP","51.2.0",2011,5495,"A","Q_tlw"
"364","DCP","51.2.0",2012,8026,"A","Q_tlw"
"364","DCP","51.2.0",2013,8050,"A","Q_tlw"
"364","DCP","51.2.0",2014,6968,"A","Q_tlw"
"364","DCP","51.2.0",2015,6766,"A","Q_tlw"
"364","DCP","51.2.0",2016,7086,"A","Q_tlw"
"364","DCP","51.2.0",2017,8975,"A","Q_tlw"
"364","DCP","51.2.0",2018,6783,"A","Q_tlw"
"364","DCP","51.2.0",2019,7693,"I","Q_tlw"
"364","DCP","51.2.0",2020,9408.448,"I","Q_tlw"
"364","DCP","51.2.0",2021,6676.613,"I","Q_tlw"
"364","DCP","51.2.0",2022,6877.993,"I","Q_tlw"
"364","DCP","51.2.0",2023,6417.908,"I","Q_tlw"
"364","DCP","51.3.1",1986,969,"A","Q_tlw"
"364","DCP","51.3.1",1987,1862,"A","Q_tlw"
"364","DCP","51.3.1",1988,1691,"A","Q_tlw"
"364","DCP","51.3.1",1989,800,"A","Q_tlw"
"364","DCP","51.3.1",1990,1000,"A","Q_tlw"
"364","DCP","51.3.1",1991,1050,"A","Q_tlw"
"364","DCP","51.3.1",1992,944,"A","Q_tlw"
"364","DCP","51.3.1",1993,1693,"A","Q_tlw"
"364","DCP","51.3.1",1994,1211,"A","Q_tlw"
"364","DCP","51.3.1",1995,1178,"A","Q_tlw"
"364","DCP","51.3.1",1996,977,"A","Q_tlw"
"364","DCP","51.3.1",1997,920,"A","Q_tlw"
"364","DCP","51.3.1",1998,410,"A","Q_tlw"
"364","DCP","51.3.1",1999,526,"A","Q_tlw"
"364","DCP","51.3.1",2000,648,"A","Q_tlw"
"364","DCP","51.3.1",2001,333,"A","Q_tlw"
"364","DCP","51.3.1",2002,249,"A","Q_tlw"
"364","DCP","51.3.1",2003,242,"A","Q_tlw"
"364","DCP","51.3.1",2004,441,"A","Q_tlw"
"364","DCP","51.3.1",2005,636,"A","Q_tlw"
"364","DCP","51.3.1",2006,197,"A","Q_tlw"
"364","DCP","51.3.1",2007,1250,"A","Q_tlw"
"364","DCP","51.3.1",2008,1728,"A","Q_tlw"
"364","DCP","51.3.1",2009,1208,"A","Q_tlw"
"364","DCP","51.3.1",2010,883,"A","Q_tlw"
"364","DCP","51.3.1",2011,1366,"A","Q_tlw"
"364","DCP","51.3.1",2012,922,"A","Q_tlw"
"364","DCP","51.3.1",2013,738,"A","Q_tlw"
"364","DCP","51.3.1",2014,1599,"A","Q_tlw"
"364","DCP","51.3.1",2015,1576,"A","Q_tlw"
"364","DCP","51.3.1",2016,2334,"A","Q_tlw"
"364","DCP","51.3.1",2017,2219,"A","Q_tlw"
"364","DCP","51.3.1",2018,2022,"A","Q_tlw"
"364","DCP","51.3.1",2019,2244,"I","Q_tlw"
"364","DCP","51.3.1",2020,2738.552,"I","Q_tlw"
"364","DCP","51.3.1",2021,1943.387,"I","Q_tlw"
"364","DCP","51.3.1",2022,2002.007,"I","Q_tlw"
"364","DCP","51.3.1",2023,1868.092,"I","Q_tlw"
"364","IAH","51.2.0",1990,140,"A","Q_tlw"
"364","IAH","51.2.0",1991,600,"A","Q_tlw"
"364","IAH","51.2.0",1992,720,"A","Q_tlw"
"364","IAH","51.2.0",1993,1950,"A","Q_tlw"
"364","IAH","51.2.0",1994,638,"A","Q_tlw"
"364","IAH","51.2.0",1995,1029,"A","Q_tlw"
"364","IAH","51.2.0",1996,648,"A","Q_tlw"
"364","IAH","51.2.0",1997,4951,"A","Q_tlw"
"364","IAH","51.2.0",1998,2620,"A","Q_tlw"
"364","IAH","51.2.0",1999,2077,"A","Q_tlw"
"364","IAH","51.2.0",2000,2157,"A","Q_tlw"
"364","IAH","51.2.0",2001,1900,"A","Q_tlw"
"364","IAH","51.2.0",2002,875,"A","Q_tlw"
"364","IAH","51.2.0",2003,1434,"A","Q_tlw"
"364","IAH","51.2.0",2004,1057,"A","Q_tlw"
"364","IAH","51.2.0",2005,1963,"A","Q_tlw"
"364","IAH","51.2.0",2006,1012,"A","Q_tlw"
"364","IAH","51.2.0",2007,889,"A","Q_tlw"
"364","IAH","51.2.0",2008,1776,"A","Q_tlw"
"364","IAH","51.2.0",2009,755,"A","Q_tlw"
"364","IAH","51.2.0",2010,1097,"A","Q_tlw"
"364","IAH","51.2.0",2011,1377,"A","Q_tlw"
"364","IAH","51.2.0",2012,2535,"A","Q_tlw"
"364","IAH","51.2.0",2013,1133,"A","Q_tlw"
"364","IAH","51.2.0",2014,2319,"A","Q_tlw"
"364","IAH","51.2.0",2015,1073,"A","Q_tlw"
"364","IAH","51.2.0",2016,1488,"A","Q_tlw"
"364","IAH","51.2.0",2017,1400,"A","Q_tlw"
"364","IAH","51.2.0",2018,1461,"A","Q_tlw"
"364","IAH","51.2.0",2019,2262,"I","Q_tlw"
"364","IAH","51.2.0",2020,1438.295,"I","Q_tlw"
"364","IAH","51.2.0",2021,1414.866,"I","Q_tlw"
"364","IAH","51.2.0",2022,1456.968,"I","Q_tlw"
"364","IAH","51.2.0",2023,1359.595,"I","Q_tlw"
"364","IAH","51.3.1",1986,0,"A","Q_tlw"
"364","IAH","51.3.1",1987,0,"A","Q_tlw"
"364","IAH","51.3.1",1988,0,"A","Q_tlw"
"364","IAH","51.3.1",1989,0,"A","Q_tlw"
"364","IAH","51.3.1",1990,0,"A","Q_tlw"
"364","IAH","51.3.1",1991,150,"A","Q_tlw"
"364","IAH","51.3.1",1992,180,"A","Q_tlw"
"364","IAH","51.3.1",1993,188,"A","Q_tlw"
"364","IAH","51.3.1",1994,912,"A","Q_tlw"
"364","IAH","51.3.1",1995,1471,"A","Q_tlw"
"364","IAH","51.3.1",1996,932,"A","Q_tlw"
"364","IAH","51.3.1",1997,3669,"A","Q_tlw"
"364","IAH","51.3.1",1998,1569,"A","Q_tlw"
"364","IAH","51.3.1",1999,1983,"A","Q_tlw"
"364","IAH","51.3.1",2000,3528,"A","Q_tlw"
"364","IAH","51.3.1",2001,4617,"A","Q_tlw"
"364","IAH","51.3.1",2002,2002,"A","Q_tlw"
"364","IAH","51.3.1",2003,1569,"A","Q_tlw"
"364","IAH","51.3.1",2004,1173,"A","Q_tlw"
"364","IAH","51.3.1",2005,857,"A","Q_tlw"
"364","IAH","51.3.1",2006,1075,"A","Q_tlw"
"364","IAH","51.3.1",2007,815,"A","Q_tlw"
"364","IAH","51.3.1",2008,1329,"A","Q_tlw"
"364","IAH","51.3.1",2009,745,"A","Q_tlw"
"364","IAH","51.3.1",2010,1382,"A","Q_tlw"
"364","IAH","51.3.1",2011,983,"A","Q_tlw"
"364","IAH","51.3.1",2012,1555,"A","Q_tlw"
"364","IAH","51.3.1",2013,3969,"A","Q_tlw"
"364","IAH","51.3.1",2014,3858,"A","Q_tlw"
"364","IAH","51.3.1",2015,2270,"A","Q_tlw"
"364","IAH","51.3.1",2016,2368,"A","Q_tlw"
"364","IAH","51.3.1",2017,2683,"A","Q_tlw"
"364","IAH","51.3.1",2018,2394,"A","Q_tlw"
"364","IAH","51.3.1",2019,3250,"I","Q_tlw"
"364","IAH","51.3.1",2020,2490.705,"I","Q_tlw"
"364","IAH","51.3.1",2021,2450.134,"I","Q_tlw"
"364","IAH","51.3.1",2022,2523.032,"I","Q_tlw"
"364","IAH","51.3.1",2023,2354.405,"I","Q_tlw"
"364","MOL","51.2.0",1986,1600,"A","Q_tlw"
"364","MOL","51.2.0",1987,1450,"A","Q_tlw"
"364","MOL","51.2.0",1988,1200,"A","Q_tlw"
"364","MOL","51.2.0",1989,830,"A","Q_tlw"
"364","MOL","51.2.0",1990,500,"A","Q_tlw"
"364","MOL","51.2.0",1991,550,"A","Q_tlw"
"364","MOL","51.2.0",1992,550,"A","Q_tlw"
"364","MOL","51.2.0",1993,270,"A","Q_tlw"
"364","MOL","51.2.0",1994,115,"A","Q_tlw"
"364","MOL","51.2.0",1995,150,"A","Q_tlw"
"364","MOL","51.2.0",1996,150,"A","Q_tlw"
"364","MOL","51.2.0",2023,0,"I","Q_tlw"
"364","JEL","51.2.0",1986,0,"A","Q_tlw"
"364","JEL","51.2.0",1987,0,"A","Q_tlw"
"364","JEL","51.2.0",1988,0,"A","Q_tlw"
"364","JEL","51.2.0",1989,0,"A","Q_tlw"
"364","JEL","51.2.0",1990,0,"A","Q_tlw"
"364","JEL","51.2.0",1991,0,"A","Q_tlw"
"364","JEL","51.2.0",1992,0,"A","Q_tlw"
"364","JEL","51.2.0",1993,0,"A","Q_tlw"
"364","JEL","51.2.0",1994,0,"A","Q_tlw"
"364","JEL","51.2.0",1995,0,"A","Q_tlw"
"364","JEL","51.2.0",1996,0,"A","Q_tlw"
"364","JEL","51.2.0",1997,0,"A","Q_tlw"
"364","JEL","51.2.0",1998,0,"A","Q_tlw"
"364","JEL","51.2.0",1999,0,"A","Q_tlw"
"364","JEL","51.2.0",2000,0,"A","Q_tlw"
"364","JEL","51.2.0",2001,0,"A","Q_tlw"
"364","JEL","51.2.0",2002,0,"A","Q_tlw"
"364","JEL","51.2.0",2003,0,"A","Q_tlw"
"364","JEL","51.2.0",2004,0,"A","Q_tlw"
"364","JEL","51.2.0",2005,0,"A","Q_tlw"
"364","JEL","51.2.0",2006,0,"A","Q_tlw"
"364","JEL","51.2.0",2007,0,"A","Q_tlw"
"364","JEL","51.2.0",2008,0,"A","Q_tlw"
"364","JEL","51.2.0",2009,0,"A","Q_tlw"
"364","JEL","51.2.0",2010,7918,"A","Q_tlw"
"364","JEL","51.2.0",2011,810,"A","Q_tlw"
"364","JEL","51.2.0",2012,1625,"A","Q_tlw"
"364","JEL","51.2.0",2013,0,"A","Q_tlw"
"364","JEL","51.2.0",2014,0,"A","Q_tlw"
"364","JEL","51.2.0",2015,510,"A","Q_tlw"
"364","JEL","51.2.0",2016,1523,"A","Q_tlw"
"364","JEL","51.2.0",2017,2405,"A","Q_tlw"
"364","JEL","51.2.0",2018,1807,"A","Q_tlw"
"364","JEL","51.2.0",2019,1238,"A","Q_tlw"
"364","JEL","51.2.0",2023,0,"I","Q_tlw"
"368","HIL","51.2.0",2004,950,"A","Q_tlw"
"368","HIL","51.2.0",2005,409,"A","Q_tlw"
"368","HIL","51.2.0",2006,1535,"A","Q_tlw"
"368","HIL","51.2.0",2007,1611,"A","Q_tlw"
"368","HIL","51.2.0",2008,793,"A","Q_tlw"
"368","HIL","51.2.0",2009,679,"A","Q_tlw"
"368","HIL","51.2.0",2010,1126,"A","Q_tlw"
"368","HIL","51.2.0",2011,156,"A","Q_tlw"
"368","HIL","51.2.0",2012,1918,"A","Q_tlw"
"368","HIL","51.2.0",2013,390,"A","Q_tlw"
"368","HIL","51.2.0",2014,1086,"A","Q_tlw"
"368","HIL","51.2.0",2015,153,"A","Q_tlw"
"368","HIL","51.2.0",2016,900,"A","Q_tlw"
"368","HIL","51.2.0",2017,1718,"A","Q_tlw"
"368","HIL","51.2.0",2018,1790,"A","Q_tlw"
"368","HIL","51.2.0",2019,1720,"A","Q_tlw"
"368","HIL","51.2.0",2020,701.3,"A","Q_tlw"
"368","HIL","51.2.0",2021,274.17,"A","Q_tlw"
"368","HIL","51.2.0",2022,280,"I","Q_tlw"
"368","HIL","51.2.0",2023,598,"A","Q_tlw"
"368","FLX","51.2.0",2005,16,"A","Q_tlw"
"368","FLX","51.2.0",2006,41,"A","Q_tlw"
"368","FLX","51.2.0",2007,61,"A","Q_tlw"
"368","FLX","51.2.0",2008,17,"A","Q_tlw"
"368","FLX","51.2.0",2009,31,"A","Q_tlw"
"368","FLX","51.2.0",2010,40,"A","Q_tlw"
"368","FLX","51.2.0",2011,18,"A","Q_tlw"
"368","FLX","51.2.0",2012,25,"A","Q_tlw"
"368","FLX","51.2.0",2013,139,"A","Q_tlw"
"368","FLX","51.2.0",2014,195,"A","Q_tlw"
"368","FLX","51.2.0",2015,70,"A","Q_tlw"
"368","FLX","51.2.0",2016,100,"A","Q_tlw"
"368","FLX","51.2.0",2017,143,"A","Q_tlw"
"368","FLX","51.2.0",2018,114,"A","Q_tlw"
"368","FLX","51.2.0",2019,205,"A","Q_tlw"
"368","FLX","51.2.0",2020,302.5,"A","Q_tlw"
"368","FLX","51.2.0",2021,204.21,"A","Q_tlw"
"368","FLX","51.2.0",2022,210,"I","Q_tlw"
"368","FLX","51.2.0",2023,616.65,"A","Q_tlw"
"368","MUL","51.2.0",2004,725,"A","Q_tlw"
"368","MUL","51.2.0",2005,267,"A","Q_tlw"
"368","MUL","51.2.0",2006,3301,"A","Q_tlw"
"368","MUL","51.2.0",2007,2371,"A","Q_tlw"
"368","MUL","51.2.0",2008,1397,"A","Q_tlw"
"368","MUL","51.2.0",2009,3483,"A","Q_tlw"
"368","MUL","51.2.0",2010,2689,"A","Q_tlw"
"368","MUL","51.2.0",2011,935,"A","Q_tlw"
"368","MUL","51.2.0",2012,634,"A","Q_tlw"
"368","MUL","51.2.0",2014,828,"A","Q_tlw"
"368","MUL","51.2.0",2015,1208,"A","Q_tlw"
"368","MUL","51.2.0",2016,1000,"A","Q_tlw"
"368","MUL","51.2.0",2017,921,"A","Q_tlw"
"368","MUL","51.2.0",2018,1398,"A","Q_tlw"
"368","MUL","51.2.0",2019,1939,"A","Q_tlw"
"368","MUL","51.2.0",2020,1682,"A","Q_tlw"
"368","MUL","51.2.0",2021,966.7,"A","Q_tlw"
"368","MUL","51.2.0",2022,985,"I","Q_tlw"
"368","MUL","51.2.0",2023,1371,"A","Q_tlw"
"368","BSX","51.2.0",2005,8,"A","Q_tlw"
"368","BSX","51.2.0",2006,93,"A","Q_tlw"
"368","BSX","51.2.0",2007,311,"A","Q_tlw"
"368","BSX","51.2.0",2008,8,"A","Q_tlw"
"368","BSX","51.2.0",2009,22,"A","Q_tlw"
"368","BSX","51.2.0",2010,17,"A","Q_tlw"
"368","BSX","51.2.0",2011,23,"A","Q_tlw"
"368","BSX","51.2.0",2012,422,"A","Q_tlw"
"368","BSX","51.2.0",2013,161,"A","Q_tlw"
"368","BSX","51.2.0",2014,72,"A","Q_tlw"
"368","BSX","51.2.0",2015,75,"A","Q_tlw"
"368","BSX","51.2.0",2016,130,"A","Q_tlw"
"368","BSX","51.2.0",2017,192,"A","Q_tlw"
"368","BSX","51.2.0",2018,395,"A","Q_tlw"
"368","BSX","51.2.0",2019,525,"A","Q_tlw"
"368","BSX","51.2.0",2020,690,"A","Q_tlw"
"368","BSX","51.2.0",2021,220.9,"A","Q_tlw"
"368","BSX","51.2.0",2022,225,"I","Q_tlw"
"368","BSX","51.2.0",2023,918.265,"A","Q_tlw"
"368","LKR","51.2.0",2005,55,"A","Q_tlw"
"368","LKR","51.2.0",2006,217,"A","Q_tlw"
"368","LKR","51.2.0",2007,239,"A","Q_tlw"
"368","LKR","51.2.0",2008,124,"A","Q_tlw"
"368","LKR","51.2.0",2009,111,"A","Q_tlw"
"368","LKR","51.2.0",2010,66,"A","Q_tlw"
"368","LKR","51.2.0",2011,33,"A","Q_tlw"
"368","LKR","51.2.0",2012,98,"A","Q_tlw"
"368","LKR","51.2.0",2013,188,"A","Q_tlw"
"368","LKR","51.2.0",2014,203,"A","Q_tlw"
"368","LKR","51.2.0",2015,107,"A","Q_tlw"
"368","LKR","51.2.0",2016,140,"A","Q_tlw"
"368","LKR","51.2.0",2017,182,"A","Q_tlw"
"368","LKR","51.2.0",2018,259,"A","Q_tlw"
"368","LKR","51.2.0",2019,533,"A","Q_tlw"
"368","LKR","51.2.0",2020,770,"A","Q_tlw"
"368","LKR","51.2.0",2021,1007.48,"A","Q_tlw"
"368","LKR","51.2.0",2022,1030,"I","Q_tlw"
"368","LKR","51.2.0",2023,351.93,"A","Q_tlw"
"368","SBX","51.2.0",2005,10,"A","Q_tlw"
"368","SBX","51.2.0",2006,267,"A","Q_tlw"
"368","SBX","51.2.0",2007,435,"A","Q_tlw"
"368","SBX","51.2.0",2008,473,"A","Q_tlw"
"368","SBX","51.2.0",2009,153,"A","Q_tlw"
"368","SBX","51.2.0",2010,1378,"A","Q_tlw"
"368","SBX","51.2.0",2011,146,"A","Q_tlw"
"368","SBX","51.2.0",2012,465,"A","Q_tlw"
"368","SBX","51.2.0",2013,314,"A","Q_tlw"
"368","SBX","51.2.0",2014,350,"A","Q_tlw"
"368","SBX","51.2.0",2015,1070,"A","Q_tlw"
"368","SBX","51.2.0",2016,800,"A","Q_tlw"
"368","SBX","51.2.0",2017,551,"A","Q_tlw"
"368","SBX","51.2.0",2018,651,"A","Q_tlw"
"368","SBX","51.2.0",2019,908,"A","Q_tlw"
"368","SBX","51.2.0",2020,747,"A","Q_tlw"
"368","SBX","51.2.0",2021,1541.35,"A","Q_tlw"
"368","SBX","51.2.0",2022,1570,"I","Q_tlw"
"368","SBX","51.2.0",2023,1118.67,"A","Q_tlw"
"368","DOS","51.2.0",2005,140,"A","Q_tlw"
"368","DOS","51.2.0",2006,545,"A","Q_tlw"
"368","DOS","51.2.0",2007,1082,"A","Q_tlw"
"368","DOS","51.2.0",2008,270,"A","Q_tlw"
"368","DOS","51.2.0",2009,318,"A","Q_tlw"
"368","DOS","51.2.0",2010,30,"A","Q_tlw"
"368","DOS","51.2.0",2011,5,"A","Q_tlw"
"368","DOS","51.2.0",2012,530,"A","Q_tlw"
"368","DOS","51.2.0",2013,180,"A","Q_tlw"
"368","DOS","51.2.0",2014,405,"A","Q_tlw"
"368","DOS","51.2.0",2015,215,"A","Q_tlw"
"368","DOS","51.2.0",2016,190,"A","Q_tlw"
"368","DOS","51.2.0",2017,171,"A","Q_tlw"
"368","DOS","51.2.0",2018,520,"A","Q_tlw"
"368","DOS","51.2.0",2019,345,"A","Q_tlw"
"368","DOS","51.2.0",2020,137,"A","Q_tlw"
"368","DOS","51.2.0",2021,193.175,"A","Q_tlw"
"368","DOS","51.2.0",2022,195,"I","Q_tlw"
"368","DOS","51.2.0",2023,541,"A","Q_tlw"
"368","SIP","51.2.0",2005,11,"A","Q_tlw"
"368","SIP","51.2.0",2006,40,"A","Q_tlw"
"368","SIP","51.2.0",2007,56,"A","Q_tlw"
"368","SIP","51.2.0",2008,14,"A","Q_tlw"
"368","SIP","51.2.0",2009,153,"A","Q_tlw"
"368","SIP","51.2.0",2010,25,"A","Q_tlw"
"368","SIP","51.2.0",2011,23,"A","Q_tlw"
"368","SIP","51.2.0",2012,339,"A","Q_tlw"
"368","SIP","51.2.0",2013,56,"A","Q_tlw"
"368","SIP","51.2.0",2014,95,"A","Q_tlw"
"368","SIP","51.2.0",2015,28,"A","Q_tlw"
"368","SIP","51.2.0",2016,45,"A","Q_tlw"
"368","SIP","51.2.0",2017,63,"A","Q_tlw"
"368","SIP","51.2.0",2018,146,"A","Q_tlw"
"368","SIP","51.2.0",2019,257,"A","Q_tlw"
"368","SIP","51.2.0",2020,417,"A","Q_tlw"
"368","SIP","51.2.0",2021,126.55,"A","Q_tlw"
"368","SIP","51.2.0",2022,130,"I","Q_tlw"
"368","SIP","51.2.0",2023,528,"A","Q_tlw"
"368","OBY","51.2.0",2012,1076,"A","Q_tlw"
"368","OBY","51.2.0",2014,95,"A","Q_tlw"
"368","OBY","51.2.0",2015,105,"A","Q_tlw"
"368","OBY","51.2.0",2016,95,"A","Q_tlw"
"368","OBY","51.2.0",2017,90,"A","Q_tlw"
"368","OBY","51.2.0",2018,94,"A","Q_tlw"
"368","OBY","51.2.0",2019,1078,"A","Q_tlw"
"368","OBY","51.2.0",2020,1360,"A","Q_tlw"
"368","OBY","51.2.0",2021,1200,"A","Q_tlw"
"368","OBY","51.2.0",2022,1225,"I","Q_tlw"
"368","OBY","51.2.0",2023,1651.41,"A","Q_tlw"
"368","MZZ","51.2.0",1986,5000,"I","Q_tlw"
"368","MZZ","51.2.0",1987,5000,"I","Q_tlw"
"368","MZZ","51.2.0",1988,5000,"I","Q_tlw"
"368","MZZ","51.2.0",1989,3617,"A","Q_tlw"
"368","MZZ","51.2.0",1990,3754,"A","Q_tlw"
"368","MZZ","51.2.0",1991,125,"A","Q_tlw"
"368","MZZ","51.2.0",1992,543,"A","Q_tlw"
"368","MZZ","51.2.0",1993,2133,"A","Q_tlw"
"368","MZZ","51.2.0",1994,4221,"A","Q_tlw"
"368","MZZ","51.2.0",1995,5253,"A","Q_tlw"
"368","MZZ","51.2.0",1996,11688,"A","Q_tlw"
"368","MZZ","51.2.0",1997,10783,"A","Q_tlw"
"368","MZZ","51.2.0",1998,13463,"A","Q_tlw"
"368","MZZ","51.2.0",1999,13093,"A","Q_tlw"
"368","MZZ","51.2.0",2000,12389,"A","Q_tlw"
"368","MZZ","51.2.0",2001,19200,"A","Q_tlw"
"368","MZZ","51.2.0",2002,14100,"A","Q_tlw"
"368","MZZ","51.2.0",2003,4000,"A","Q_tlw"
"368","MZZ","51.2.0",2004,650,"A","Q_tlw"
"368","MZZ","51.2.0",2005,1497,"A","Q_tlw"
"368","MZZ","51.2.0",2006,6677,"A","Q_tlw"
"368","MZZ","51.2.0",2007,1018,"A","Q_tlw"
"368","MZZ","51.2.0",2008,1433,"A","Q_tlw"
"368","MZZ","51.2.0",2009,984,"A","Q_tlw"
"368","MZZ","51.2.0",2010,1742,"A","Q_tlw"
"368","MZZ","51.2.0",2011,273,"A","Q_tlw"
"368","MZZ","51.2.0",2012,3205,"A","Q_tlw"
"368","MZZ","51.2.0",2013,1646,"A","Q_tlw"
"368","MZZ","51.2.0",2014,1670,"A","Q_tlw"
"368","MZZ","51.2.0",2015,987,"A","Q_tlw"
"368","MZZ","51.2.0",2016,1000,"A","Q_tlw"
"368","MZZ","51.2.0",2017,993,"A","Q_tlw"
"368","MZZ","51.2.0",2018,970,"A","Q_tlw"
"368","MZZ","51.2.0",2019,1060,"A","Q_tlw"
"368","MZZ","51.2.0",2020,1060,"A","Q_tlw"
"368","MZZ","51.2.0",2021,315,"A","Q_tlw"
"368","MZZ","51.2.0",2022,320,"I","Q_tlw"
"368","MZZ","51.2.0",2023,910,"A","Q_tlw"
"368","TIP","51.2.0",2004,30,"A","Q_tlw"
"368","TIP","51.2.0",2005,25,"A","Q_tlw"
"368","TIP","51.2.0",2006,59,"A","Q_tlw"
"368","TIP","51.2.0",2007,388,"A","Q_tlw"
"368","TIP","51.2.0",2008,65,"A","Q_tlw"
"368","TIP","51.2.0",2009,52,"A","Q_tlw"
"368","TIP","51.2.0",2010,5,"A","Q_tlw"
"368","TIP","51.2.0",2011,35,"A","Q_tlw"
"368","TIP","51.2.0",2012,984,"A","Q_tlw"
"368","TIP","51.2.0",2013,319,"A","Q_tlw"
"368","TIP","51.2.0",2014,470,"A","Q_tlw"
"368","TIP","51.2.0",2015,430,"A","Q_tlw"
"368","TIP","51.2.0",2016,900,"A","Q_tlw"
"368","TIP","51.2.0",2017,1319,"A","Q_tlw"
"368","TIP","51.2.0",2018,1279,"A","Q_tlw"
"368","TIP","51.2.0",2019,1625,"A","Q_tlw"
"368","TIP","51.2.0",2020,2253,"A","Q_tlw"
"368","TIP","51.2.0",2021,1271.69,"A","Q_tlw"
"368","TIP","51.2.0",2022,1295,"I","Q_tlw"
"368","TIP","51.2.0",2023,1655,"A","Q_tlw"
"414","HIL","51.2.0",1986,252,"A","Q_tlw"
"414","HIL","51.2.0",1987,382,"A","Q_tlw"
"414","HIL","51.2.0",1988,185,"A","Q_tlw"
"414","HIL","51.2.0",1989,665,"A","Q_tlw"
"414","HIL","51.2.0",1990,412,"A","Q_tlw"
"414","HIL","51.2.0",1991,236,"A","Q_tlw"
"414","HIL","51.2.0",1992,519,"A","Q_tlw"
"414","HIL","51.2.0",1993,500,"A","Q_tlw"
"414","HIL","51.2.0",1994,928,"A","Q_tlw"
"414","HIL","51.2.0",1995,1198,"A","Q_tlw"
"414","HIL","51.2.0",1996,1148,"A","Q_tlw"
"414","HIL","51.2.0",1997,1034,"A","Q_tlw"
"414","HIL","51.2.0",1998,919,"A","Q_tlw"
"414","HIL","51.2.0",1999,970,"A","Q_tlw"
"414","HIL","51.2.0",2000,643,"A","Q_tlw"
"414","HIL","51.2.0",2001,337,"A","Q_tlw"
"414","HIL","51.2.0",2002,531,"A","Q_tlw"
"414","HIL","51.2.0",2003,205,"A","Q_tlw"
"414","HIL","51.2.0",2004,135,"A","Q_tlw"
"414","HIL","51.2.0",2005,154,"A","Q_tlw"
"414","HIL","51.2.0",2006,136,"A","Q_tlw"
"414","HIL","51.2.0",2007,78,"A","Q_tlw"
"414","HIL","51.2.0",2008,84,"A","Q_tlw"
"414","HIL","51.2.0",2009,110,"A","Q_tlw"
"414","HIL","51.2.0",2010,164,"A","Q_tlw"
"414","HIL","51.2.0",2011,75,"A","Q_tlw"
"414","HIL","51.2.0",2012,73,"A","Q_tlw"
"414","HIL","51.2.0",2013,137,"A","Q_tlw"
"414","HIL","51.2.0",2014,122,"A","Q_tlw"
"414","HIL","51.2.0",2015,112,"A","Q_tlw"
"414","HIL","51.2.0",2016,129,"A","Q_tlw"
"414","HIL","51.2.0",2017,117,"A","Q_tlw"
"414","HIL","51.2.0",2018,76,"A","Q_tlw"
"414","HIL","51.2.0",2019,99,"A","Q_tlw"
"414","HIL","51.2.0",2020,100,"I","Q_tlw"
"414","HIL","51.2.0",2021,115,"I","Q_tlw"
"414","HIL","51.2.0",2022,31,"A","Q_tlw"
"414","HIL","51.2.0",2023,40,"A","Q_tlw"
"414","LIB","51.2.0",1986,74,"A","Q_tlw"
"414","LIB","51.2.0",1987,26,"A","Q_tlw"
"414","LIB","51.2.0",1988,47,"A","Q_tlw"
"414","LIB","51.2.0",1989,24,"A","Q_tlw"
"414","LIB","51.2.0",1990,5,"A","Q_tlw"
"414","LIB","51.2.0",1991,1,"A","Q_tlw"
"414","LIB","51.2.0",1992,18,"A","Q_tlw"
"414","LIB","51.2.0",1993,23,"A","Q_tlw"
"414","LIB","51.2.0",1994,22,"A","Q_tlw"
"414","LIB","51.2.0",1995,31,"A","Q_tlw"
"414","LIB","51.2.0",1996,47,"A","Q_tlw"
"414","LIB","51.2.0",1997,53,"A","Q_tlw"
"414","LIB","51.2.0",1998,34,"A","Q_tlw"
"414","LIB","51.2.0",1999,20,"A","Q_tlw"
"414","LIB","51.2.0",2000,35,"A","Q_tlw"
"414","LIB","51.2.0",2001,32,"A","Q_tlw"
"414","LIB","51.2.0",2002,55,"A","Q_tlw"
"414","LIB","51.2.0",2003,19,"A","Q_tlw"
"414","LIB","51.2.0",2004,18,"A","Q_tlw"
"414","LIB","51.2.0",2005,15,"A","Q_tlw"
"414","LIB","51.2.0",2006,17,"A","Q_tlw"
"414","LIB","51.2.0",2007,23,"A","Q_tlw"
"414","LIB","51.2.0",2008,17,"A","Q_tlw"
"414","LIB","51.2.0",2009,28,"A","Q_tlw"
"414","LIB","51.2.0",2010,33,"A","Q_tlw"
"414","LIB","51.2.0",2011,15,"A","Q_tlw"
"414","LIB","51.2.0",2012,7,"A","Q_tlw"
"414","LIB","51.2.0",2013,5,"A","Q_tlw"
"414","LIB","51.2.0",2014,3,"A","Q_tlw"
"414","LIB","51.2.0",2015,3,"A","Q_tlw"
"414","LIB","51.2.0",2016,7,"A","Q_tlw"
"414","LIB","51.2.0",2017,9,"A","Q_tlw"
"414","LIB","51.2.0",2018,14,"A","Q_tlw"
"414","LIB","51.2.0",2019,7,"A","Q_tlw"
"414","LIB","51.2.0",2020,5,"I","Q_tlw"
"414","LIB","51.2.0",2021,5,"I","Q_tlw"
"414","LIB","51.2.0",2022,2,"A","Q_tlw"
"414","LIB","51.2.0",2023,6,"A","Q_tlw"
"414","FOT","51.2.0",2000,68,"A","Q_tlw"
"414","FOT","51.2.0",2001,28,"A","Q_tlw"
"414","FOT","51.2.0",2002,36,"A","Q_tlw"
"414","FOT","51.2.0",2003,24,"A","Q_tlw"
"414","FOT","51.2.0",2004,43,"A","Q_tlw"
"414","FOT","51.2.0",2005,31,"A","Q_tlw"
"414","FOT","51.2.0",2006,34,"A","Q_tlw"
"414","FOT","51.2.0",2007,33,"A","Q_tlw"
"414","FOT","51.2.0",2008,22,"A","Q_tlw"
"414","FOT","51.2.0",2009,55,"A","Q_tlw"
"414","FOT","51.2.0",2010,87,"A","Q_tlw"
"414","FOT","51.2.0",2011,31,"A","Q_tlw"
"414","FOT","51.2.0",2012,22,"A","Q_tlw"
"414","FOT","51.2.0",2013,35,"A","Q_tlw"
"414","FOT","51.2.0",2014,32,"A","Q_tlw"
"414","FOT","51.2.0",2015,29,"A","Q_tlw"
"414","FOT","51.2.0",2016,37,"A","Q_tlw"
"414","FOT","51.2.0",2017,33,"A","Q_tlw"
"414","FOT","51.2.0",2018,14,"A","Q_tlw"
"414","FOT","51.2.0",2019,13,"A","Q_tlw"
"414","FOT","51.2.0",2020,20,"I","Q_tlw"
"414","FOT","51.2.0",2021,20,"I","Q_tlw"
"414","FOT","51.2.0",2022,18,"A","Q_tlw"
"414","FOT","51.2.0",2023,14,"A","Q_tlw"
"414","MUL","51.2.0",1986,553,"A","Q_tlw"
"414","MUL","51.2.0",1987,612,"A","Q_tlw"
"414","MUL","51.2.0",1988,733,"A","Q_tlw"
"414","MUL","51.2.0",1989,654,"A","Q_tlw"
"414","MUL","51.2.0",1990,274,"A","Q_tlw"
"414","MUL","51.2.0",1991,58,"A","Q_tlw"
"414","MUL","51.2.0",1992,398,"A","Q_tlw"
"414","MUL","51.2.0",1993,416,"A","Q_tlw"
"414","MUL","51.2.0",1994,409,"A","Q_tlw"
"414","MUL","51.2.0",1995,675,"A","Q_tlw"
"414","MUL","51.2.0",1996,579,"A","Q_tlw"
"414","MUL","51.2.0",1997,693,"A","Q_tlw"
"414","MUL","51.2.0",1998,1137,"A","Q_tlw"
"414","MUL","51.2.0",1999,1054,"A","Q_tlw"
"414","MUL","51.2.0",2000,54,"A","Q_tlw"
"414","MUL","51.2.0",2001,34,"A","Q_tlw"
"414","MUL","51.2.0",2002,58,"A","Q_tlw"
"414","MUL","51.2.0",2003,40,"A","Q_tlw"
"414","MUL","51.2.0",2004,46,"A","Q_tlw"
"414","MUL","51.2.0",2005,30,"A","Q_tlw"
"414","MUL","51.2.0",2006,52,"A","Q_tlw"
"414","MUL","51.2.0",2007,47,"A","Q_tlw"
"414","MUL","51.2.0",2008,22,"A","Q_tlw"
"414","MUL","51.2.0",2009,53,"A","Q_tlw"
"414","MUL","51.2.0",2010,83,"A","Q_tlw"
"414","MUL","51.2.0",2011,52,"A","Q_tlw"
"414","MUL","51.2.0",2012,42,"A","Q_tlw"
"414","MUL","51.2.0",2013,57,"A","Q_tlw"
"414","MUL","51.2.0",2014,64,"A","Q_tlw"
"414","MUL","51.2.0",2015,51,"A","Q_tlw"
"414","MUL","51.2.0",2016,66,"A","Q_tlw"
"414","MUL","51.2.0",2017,54,"A","Q_tlw"
"414","MUL","51.2.0",2018,27,"A","Q_tlw"
"414","MUL","51.2.0",2019,30,"A","Q_tlw"
"414","MUL","51.2.0",2020,40,"I","Q_tlw"
"414","MUL","51.2.0",2021,45,"I","Q_tlw"
"414","MUL","51.2.0",2022,34,"A","Q_tlw"
"414","MUL","51.2.0",2023,42,"A","Q_tlw"
"414","LZK","51.2.0",2000,746,"A","Q_tlw"
"414","LZK","51.2.0",2001,422,"A","Q_tlw"
"414","LZK","51.2.0",2002,0,"N","Q_tlw"
"414","LZK","51.2.0",2003,105,"A","Q_tlw"
"414","LZK","51.2.0",2004,295,"A","Q_tlw"
"414","LZK","51.2.0",2005,220,"A","Q_tlw"
"414","LZK","51.2.0",2006,301,"A","Q_tlw"
"414","LZK","51.2.0",2007,259,"A","Q_tlw"
"414","LZK","51.2.0",2008,62,"A","Q_tlw"
"414","LZK","51.2.0",2009,161,"A","Q_tlw"
"414","LZK","51.2.0",2010,383,"A","Q_tlw"
"414","LZK","51.2.0",2011,155,"A","Q_tlw"
"414","LZK","51.2.0",2012,76,"A","Q_tlw"
"414","LZK","51.2.0",2013,570,"A","Q_tlw"
"414","LZK","51.2.0",2014,429,"A","Q_tlw"
"414","LZK","51.2.0",2015,374,"A","Q_tlw"
"414","LZK","51.2.0",2016,849,"A","Q_tlw"
"414","LZK","51.2.0",2017,527,"A","Q_tlw"
"414","LZK","51.2.0",2018,623,"A","Q_tlw"
"414","LZK","51.2.0",2019,346,"A","Q_tlw"
"414","LZK","51.2.0",2020,340,"I","Q_tlw"
"414","LZK","51.2.0",2021,390,"I","Q_tlw"
"414","LZK","51.2.0",2022,19,"A","Q_tlw"
"414","LZK","51.2.0",2023,1,"A","Q_tlw"
"414","GPX","51.2.0",1986,1539,"A","Q_tlw"
"414","GPX","51.2.0",1987,1058,"A","Q_tlw"
"414","GPX","51.2.0",1988,1925,"A","Q_tlw"
"414","GPX","51.2.0",1989,502,"A","Q_tlw"
"414","GPX","51.2.0",1990,201,"A","Q_tlw"
"414","GPX","51.2.0",1991,135,"A","Q_tlw"
"414","GPX","51.2.0",1992,532,"A","Q_tlw"
"414","GPX","51.2.0",1993,431,"A","Q_tlw"
"414","GPX","51.2.0",1994,413,"A","Q_tlw"
"414","GPX","51.2.0",1995,341,"A","Q_tlw"
"414","GPX","51.2.0",1996,287,"A","Q_tlw"
"414","GPX","51.2.0",1997,241,"A","Q_tlw"
"414","GPX","51.2.0",1998,264,"A","Q_tlw"
"414","GPX","51.2.0",1999,237,"A","Q_tlw"
"414","GPX","51.2.0",2000,289,"A","Q_tlw"
"414","GPX","51.2.0",2001,268,"A","Q_tlw"
"414","GPX","51.2.0",2002,225,"A","Q_tlw"
"414","GPX","51.2.0",2003,231,"A","Q_tlw"
"414","GPX","51.2.0",2004,213,"A","Q_tlw"
"414","GPX","51.2.0",2005,180,"A","Q_tlw"
"414","GPX","51.2.0",2006,174,"A","Q_tlw"
"414","GPX","51.2.0",2007,197,"A","Q_tlw"
"414","GPX","51.2.0",2008,140,"A","Q_tlw"
"414","GPX","51.2.0",2009,148,"A","Q_tlw"
"414","GPX","51.2.0",2010,296,"A","Q_tlw"
"414","GPX","51.2.0",2011,198,"A","Q_tlw"
"414","GPX","51.2.0",2012,140,"A","Q_tlw"
"414","GPX","51.2.0",2013,235,"A","Q_tlw"
"414","GPX","51.2.0",2014,173,"A","Q_tlw"
"414","GPX","51.2.0",2015,211,"A","Q_tlw"
"414","GPX","51.2.0",2016,225,"A","Q_tlw"
"414","GPX","51.2.0",2017,205,"A","Q_tlw"
"414","GPX","51.2.0",2018,166,"A","Q_tlw"
"414","GPX","51.2.0",2019,122,"A","Q_tlw"
"414","GPX","51.2.0",2020,120,"I","Q_tlw"
"414","GPX","51.2.0",2021,135,"I","Q_tlw"
"414","GPX","51.2.0",2022,88,"A","Q_tlw"
"414","GPX","51.2.0",2023,163,"A","Q_tlw"
"414","CDX","51.2.0",1986,251,"A","Q_tlw"
"414","CDX","51.2.0",1987,266,"A","Q_tlw"
"414","CDX","51.2.0",1988,359,"A","Q_tlw"
"414","CDX","51.2.0",1989,495,"A","Q_tlw"
"414","CDX","51.2.0",1990,302,"A","Q_tlw"
"414","CDX","51.2.0",1991,134,"A","Q_tlw"
"414","CDX","51.2.0",1992,436,"A","Q_tlw"
"414","CDX","51.2.0",1993,798,"A","Q_tlw"
"414","CDX","51.2.0",1994,1089,"A","Q_tlw"
"414","CDX","51.2.0",1995,1572,"A","Q_tlw"
"414","CDX","51.2.0",1996,974,"A","Q_tlw"
"414","CDX","51.2.0",1997,1127,"A","Q_tlw"
"414","CDX","51.2.0",1998,1211,"A","Q_tlw"
"414","CDX","51.2.0",1999,1385,"A","Q_tlw"
"414","CDX","51.2.0",2000,30,"A","Q_tlw"
"414","CDX","51.2.0",2001,27,"A","Q_tlw"
"414","CDX","51.2.0",2002,28,"A","Q_tlw"
"414","CDX","51.2.0",2003,28,"A","Q_tlw"
"414","CDX","51.2.0",2004,42,"A","Q_tlw"
"414","CDX","51.2.0",2005,32,"A","Q_tlw"
"414","CDX","51.2.0",2006,35,"A","Q_tlw"
"414","CDX","51.2.0",2007,45,"A","Q_tlw"
"414","CDX","51.2.0",2008,54,"A","Q_tlw"
"414","CDX","51.2.0",2009,57,"A","Q_tlw"
"414","CDX","51.2.0",2010,55,"A","Q_tlw"
"414","CDX","51.2.0",2011,79,"A","Q_tlw"
"414","CDX","51.2.0",2012,65,"A","Q_tlw"
"414","CDX","51.2.0",2013,73,"A","Q_tlw"
"414","CDX","51.2.0",2014,52,"A","Q_tlw"
"414","CDX","51.2.0",2015,54,"A","Q_tlw"
"414","CDX","51.2.0",2016,60,"A","Q_tlw"
"414","CDX","51.2.0",2017,47,"A","Q_tlw"
"414","CDX","51.2.0",2018,44,"A","Q_tlw"
"414","CDX","51.2.0",2019,39,"A","Q_tlw"
"414","CDX","51.2.0",2020,40,"I","Q_tlw"
"414","CDX","51.2.0",2021,45,"I","Q_tlw"
"414","CDX","51.2.0",2022,31,"A","Q_tlw"
"414","CDX","51.2.0",2023,27,"A","Q_tlw"
"414","LKR","51.2.0",2000,1068,"A","Q_tlw"
"414","LKR","51.2.0",2001,826,"A","Q_tlw"
"414","LKR","51.2.0",2002,889,"A","Q_tlw"
"414","LKR","51.2.0",2003,728,"A","Q_tlw"
"414","LKR","51.2.0",2004,865,"A","Q_tlw"
"414","LKR","51.2.0",2005,674,"A","Q_tlw"
"414","LKR","51.2.0",2006,812,"A","Q_tlw"
"414","LKR","51.2.0",2007,581,"A","Q_tlw"
"414","LKR","51.2.0",2008,595,"A","Q_tlw"
"414","LKR","51.2.0",2009,637,"A","Q_tlw"
"414","LKR","51.2.0",2010,819,"A","Q_tlw"
"414","LKR","51.2.0",2011,450,"A","Q_tlw"
"414","LKR","51.2.0",2012,514,"A","Q_tlw"
"414","LKR","51.2.0",2013,430,"A","Q_tlw"
"414","LKR","51.2.0",2014,441,"A","Q_tlw"
"414","LKR","51.2.0",2015,413,"A","Q_tlw"
"414","LKR","51.2.0",2016,519,"A","Q_tlw"
"414","LKR","51.2.0",2017,447,"A","Q_tlw"
"414","LKR","51.2.0",2018,175,"A","Q_tlw"
"414","LKR","51.2.0",2019,265,"A","Q_tlw"
"414","LKR","51.2.0",2020,240,"I","Q_tlw"
"414","LKR","51.2.0",2021,275,"I","Q_tlw"
"414","LKR","51.2.0",2022,228,"A","Q_tlw"
"414","LKR","51.2.0",2023,236,"A","Q_tlw"
"414","GRX","51.2.0",1986,422,"A","Q_tlw"
"414","GRX","51.2.0",1987,434,"A","Q_tlw"
"414","GRX","51.2.0",1988,599,"A","Q_tlw"
"414","GRX","51.2.0",1989,248,"A","Q_tlw"
"414","GRX","51.2.0",1990,125,"A","Q_tlw"
"414","GRX","51.2.0",1991,17,"A","Q_tlw"
"414","GRX","51.2.0",1992,124,"A","Q_tlw"
"414","GRX","51.2.0",1993,104,"A","Q_tlw"
"414","GRX","51.2.0",1994,145,"A","Q_tlw"
"414","GRX","51.2.0",1995,195,"A","Q_tlw"
"414","GRX","51.2.0",1996,180,"A","Q_tlw"
"414","GRX","51.2.0",1997,163,"A","Q_tlw"
"414","GRX","51.2.0",1998,174,"A","Q_tlw"
"414","GRX","51.2.0",1999,245,"A","Q_tlw"
"414","GRX","51.2.0",2000,174,"A","Q_tlw"
"414","GRX","51.2.0",2001,191,"A","Q_tlw"
"414","GRX","51.2.0",2002,131,"A","Q_tlw"
"414","GRX","51.2.0",2003,76,"A","Q_tlw"
"414","GRX","51.2.0",2004,154,"A","Q_tlw"
"414","GRX","51.2.0",2005,88,"A","Q_tlw"
"414","GRX","51.2.0",2006,127,"A","Q_tlw"
"414","GRX","51.2.0",2007,161,"A","Q_tlw"
"414","GRX","51.2.0",2008,120,"A","Q_tlw"
"414","GRX","51.2.0",2009,121,"A","Q_tlw"
"414","GRX","51.2.0",2010,233,"A","Q_tlw"
"414","GRX","51.2.0",2011,142,"A","Q_tlw"
"414","GRX","51.2.0",2012,41,"A","Q_tlw"
"414","GRX","51.2.0",2013,49,"A","Q_tlw"
"414","GRX","51.2.0",2014,49,"A","Q_tlw"
"414","GRX","51.2.0",2015,50,"A","Q_tlw"
"414","GRX","51.2.0",2016,54,"A","Q_tlw"
"414","GRX","51.2.0",2017,54,"A","Q_tlw"
"414","GRX","51.2.0",2018,42,"A","Q_tlw"
"414","GRX","51.2.0",2019,31,"A","Q_tlw"
"414","GRX","51.2.0",2020,40,"I","Q_tlw"
"414","GRX","51.2.0",2021,45,"I","Q_tlw"
"414","GRX","51.2.0",2022,21,"A","Q_tlw"
"414","GRX","51.2.0",2023,18,"A","Q_tlw"
"414","SNA","51.2.0",1986,739,"A","Q_tlw"
"414","SNA","51.2.0",1987,321,"A","Q_tlw"
"414","SNA","51.2.0",1988,282,"A","Q_tlw"
"414","SNA","51.2.0",1989,152,"A","Q_tlw"
"414","SNA","51.2.0",1990,67,"A","Q_tlw"
"414","SNA","51.2.0",1991,19,"A","Q_tlw"
"414","SNA","51.2.0",1992,93,"A","Q_tlw"
"414","SNA","51.2.0",1993,95,"A","Q_tlw"
"414","SNA","51.2.0",1994,134,"A","Q_tlw"
"414","SNA","51.2.0",1995,117,"A","Q_tlw"
"414","SNA","51.2.0",1996,84,"A","Q_tlw"
"414","SNA","51.2.0",1997,78,"A","Q_tlw"
"414","SNA","51.2.0",1998,64,"A","Q_tlw"
"414","SNA","51.2.0",1999,51,"A","Q_tlw"
"414","SNA","51.2.0",2000,47,"A","Q_tlw"
"414","SNA","51.2.0",2001,27,"A","Q_tlw"
"414","SNA","51.2.0",2002,26,"A","Q_tlw"
"414","SNA","51.2.0",2003,24,"A","Q_tlw"
"414","SNA","51.2.0",2004,19,"A","Q_tlw"
"414","SNA","51.2.0",2005,15,"A","Q_tlw"
"414","SNA","51.2.0",2006,10,"A","Q_tlw"
"414","SNA","51.2.0",2007,11,"A","Q_tlw"
"414","SNA","51.2.0",2008,6,"A","Q_tlw"
"414","SNA","51.2.0",2009,6,"A","Q_tlw"
"414","SNA","51.2.0",2010,27,"A","Q_tlw"
"414","SNA","51.2.0",2011,21,"A","Q_tlw"
"414","SNA","51.2.0",2012,20,"A","Q_tlw"
"414","SNA","51.2.0",2013,29,"A","Q_tlw"
"414","SNA","51.2.0",2014,28,"A","Q_tlw"
"414","SNA","51.2.0",2015,21,"A","Q_tlw"
"414","SNA","51.2.0",2016,23,"A","Q_tlw"
"414","SNA","51.2.0",2017,24,"A","Q_tlw"
"414","SNA","51.2.0",2018,18,"A","Q_tlw"
"414","SNA","51.2.0",2019,13,"A","Q_tlw"
"414","SNA","51.2.0",2020,15,"I","Q_tlw"
"414","SNA","51.2.0",2021,15,"I","Q_tlw"
"414","SNA","51.2.0",2022,7,"A","Q_tlw"
"414","SNA","51.2.0",2023,13,"A","Q_tlw"
"414","THB","51.2.0",1986,85,"A","Q_tlw"
"414","THB","51.2.0",1987,85,"A","Q_tlw"
"414","THB","51.2.0",1988,85,"A","Q_tlw"
"414","THB","51.2.0",1989,29,"A","Q_tlw"
"414","THB","51.2.0",1990,16,"A","Q_tlw"
"414","THB","51.2.0",1991,5,"A","Q_tlw"
"414","THB","51.2.0",1992,8,"A","Q_tlw"
"414","THB","51.2.0",1993,6,"A","Q_tlw"
"414","THB","51.2.0",1994,4,"A","Q_tlw"
"414","THB","51.2.0",1995,6,"A","Q_tlw"
"414","THB","51.2.0",1996,10,"A","Q_tlw"
"414","THB","51.2.0",1997,17,"A","Q_tlw"
"414","THB","51.2.0",1998,49,"A","Q_tlw"
"414","THB","51.2.0",1999,19,"A","Q_tlw"
"414","THB","51.2.0",2000,30,"A","Q_tlw"
"414","THB","51.2.0",2001,24,"A","Q_tlw"
"414","THB","51.2.0",2002,43,"A","Q_tlw"
"414","THB","51.2.0",2003,34,"A","Q_tlw"
"414","THB","51.2.0",2004,47,"A","Q_tlw"
"414","THB","51.2.0",2005,40,"A","Q_tlw"
"414","THB","51.2.0",2006,54,"A","Q_tlw"
"414","THB","51.2.0",2007,39,"A","Q_tlw"
"414","THB","51.2.0",2008,23,"A","Q_tlw"
"414","THB","51.2.0",2009,40,"A","Q_tlw"
"414","THB","51.2.0",2010,53,"A","Q_tlw"
"414","THB","51.2.0",2011,24,"A","Q_tlw"
"414","THB","51.2.0",2012,14,"A","Q_tlw"
"414","THB","51.2.0",2013,13,"A","Q_tlw"
"414","THB","51.2.0",2014,19,"A","Q_tlw"
"414","THB","51.2.0",2015,34,"A","Q_tlw"
"414","THB","51.2.0",2016,42,"A","Q_tlw"
"414","THB","51.2.0",2017,38,"A","Q_tlw"
"414","THB","51.2.0",2018,38,"A","Q_tlw"
"414","THB","51.2.0",2019,40,"A","Q_tlw"
"414","THB","51.2.0",2020,35,"I","Q_tlw"
"414","THB","51.2.0",2021,40,"I","Q_tlw"
"414","THB","51.2.0",2022,9,"A","Q_tlw"
"414","THB","51.2.0",2023,20,"A","Q_tlw"
"414","EMP","51.2.0",1986,92,"A","Q_tlw"
"414","EMP","51.2.0",1987,93,"A","Q_tlw"
"414","EMP","51.2.0",1988,104,"A","Q_tlw"
"414","EMP","51.2.0",1989,25,"A","Q_tlw"
"414","EMP","51.2.0",1990,8,"A","Q_tlw"
"414","EMP","51.2.0",1991,8,"A","Q_tlw"
"414","EMP","51.2.0",1992,21,"A","Q_tlw"
"414","EMP","51.2.0",1993,36,"A","Q_tlw"
"414","EMP","51.2.0",1994,17,"A","Q_tlw"
"414","EMP","51.2.0",1995,15,"A","Q_tlw"
"414","EMP","51.2.0",1996,15,"A","Q_tlw"
"414","EMP","51.2.0",1997,20,"A","Q_tlw"
"414","EMP","51.2.0",1998,38,"A","Q_tlw"
"414","EMP","51.2.0",1999,35,"A","Q_tlw"
"414","EMP","51.2.0",2000,69,"A","Q_tlw"
"414","EMP","51.2.0",2001,78,"A","Q_tlw"
"414","EMP","51.2.0",2002,68,"A","Q_tlw"
"414","EMP","51.2.0",2003,82,"A","Q_tlw"
"414","EMP","51.2.0",2004,94,"A","Q_tlw"
"414","EMP","51.2.0",2005,107,"A","Q_tlw"
"414","EMP","51.2.0",2006,95,"A","Q_tlw"
"414","EMP","51.2.0",2007,92,"A","Q_tlw"
"414","EMP","51.2.0",2008,57,"A","Q_tlw"
"414","EMP","51.2.0",2009,64,"A","Q_tlw"
"414","EMP","51.2.0",2010,91,"A","Q_tlw"
"414","EMP","51.2.0",2011,60,"A","Q_tlw"
"414","EMP","51.2.0",2012,120,"A","Q_tlw"
"414","EMP","51.2.0",2013,125,"A","Q_tlw"
"414","EMP","51.2.0",2014,95,"A","Q_tlw"
"414","EMP","51.2.0",2015,140,"A","Q_tlw"
"414","EMP","51.2.0",2016,163,"A","Q_tlw"
"414","EMP","51.2.0",2017,119,"A","Q_tlw"
"414","EMP","51.2.0",2018,98,"A","Q_tlw"
"414","EMP","51.2.0",2019,89,"A","Q_tlw"
"414","EMP","51.2.0",2020,100,"I","Q_tlw"
"414","EMP","51.2.0",2021,115,"I","Q_tlw"
"414","EMP","51.2.0",2022,63,"A","Q_tlw"
"414","EMP","51.2.0",2023,139,"A","Q_tlw"
"414","YWF","51.2.0",1986,82,"A","Q_tlw"
"414","YWF","51.2.0",1987,159,"A","Q_tlw"
"414","YWF","51.2.0",1988,107,"A","Q_tlw"
"414","YWF","51.2.0",1989,122,"A","Q_tlw"
"414","YWF","51.2.0",1990,74,"A","Q_tlw"
"414","YWF","51.2.0",1991,84,"A","Q_tlw"
"414","YWF","51.2.0",1992,158,"A","Q_tlw"
"414","YWF","51.2.0",1993,167,"A","Q_tlw"
"414","YWF","51.2.0",1994,210,"A","Q_tlw"
"414","YWF","51.2.0",1995,273,"A","Q_tlw"
"414","YWF","51.2.0",1996,234,"A","Q_tlw"
"414","YWF","51.2.0",1997,249,"A","Q_tlw"
"414","YWF","51.2.0",1998,280,"A","Q_tlw"
"414","YWF","51.2.0",1999,464,"A","Q_tlw"
"414","YWF","51.2.0",2000,267,"A","Q_tlw"
"414","YWF","51.2.0",2001,271,"A","Q_tlw"
"414","YWF","51.2.0",2002,297,"A","Q_tlw"
"414","YWF","51.2.0",2003,204,"A","Q_tlw"
"414","YWF","51.2.0",2004,269,"A","Q_tlw"
"414","YWF","51.2.0",2005,280,"A","Q_tlw"
"414","YWF","51.2.0",2006,320,"A","Q_tlw"
"414","YWF","51.2.0",2007,305,"A","Q_tlw"
"414","YWF","51.2.0",2008,299,"A","Q_tlw"
"414","YWF","51.2.0",2009,382,"A","Q_tlw"
"414","YWF","51.2.0",2010,475,"A","Q_tlw"
"414","YWF","51.2.0",2011,467,"A","Q_tlw"
"414","YWF","51.2.0",2012,468,"A","Q_tlw"
"414","YWF","51.2.0",2013,349,"A","Q_tlw"
"414","YWF","51.2.0",2014,231,"A","Q_tlw"
"414","YWF","51.2.0",2015,212,"A","Q_tlw"
"414","YWF","51.2.0",2016,305,"A","Q_tlw"
"414","YWF","51.2.0",2017,338,"A","Q_tlw"
"414","YWF","51.2.0",2018,185,"A","Q_tlw"
"414","YWF","51.2.0",2019,194,"A","Q_tlw"
"414","YWF","51.2.0",2020,180,"I","Q_tlw"
"414","YWF","51.2.0",2021,205,"I","Q_tlw"
"414","YWF","51.2.0",2022,137,"A","Q_tlw"
"414","YWF","51.2.0",2023,231,"A","Q_tlw"
"414","KBR","51.2.0",2000,45,"A","Q_tlw"
"414","KBR","51.2.0",2001,39,"A","Q_tlw"
"414","KBR","51.2.0",2002,44,"A","Q_tlw"
"414","KBR","51.2.0",2003,35,"A","Q_tlw"
"414","KBR","51.2.0",2004,65,"A","Q_tlw"
"414","KBR","51.2.0",2005,49,"A","Q_tlw"
"414","KBR","51.2.0",2006,47,"A","Q_tlw"
"414","KBR","51.2.0",2007,36,"A","Q_tlw"
"414","KBR","51.2.0",2008,16,"A","Q_tlw"
"414","KBR","51.2.0",2009,13,"A","Q_tlw"
"414","KBR","51.2.0",2010,40,"A","Q_tlw"
"414","KBR","51.2.0",2011,23,"A","Q_tlw"
"414","KBR","51.2.0",2012,25,"A","Q_tlw"
"414","KBR","51.2.0",2013,26,"A","Q_tlw"
"414","KBR","51.2.0",2014,46,"A","Q_tlw"
"414","KBR","51.2.0",2015,68,"A","Q_tlw"
"414","KBR","51.2.0",2016,77,"A","Q_tlw"
"414","KBR","51.2.0",2017,51,"A","Q_tlw"
"414","KBR","51.2.0",2018,39,"A","Q_tlw"
"414","KBR","51.2.0",2019,31,"A","Q_tlw"
"414","KBR","51.2.0",2020,40,"I","Q_tlw"
"414","KBR","51.2.0",2021,45,"I","Q_tlw"
"414","KBR","51.2.0",2022,20,"A","Q_tlw"
"414","KBR","51.2.0",2023,63,"A","Q_tlw"
"414","COM","51.2.0",1986,70,"A","Q_tlw"
"414","COM","51.2.0",1987,11,"A","Q_tlw"
"414","COM","51.2.0",1988,23,"A","Q_tlw"
"414","COM","51.2.0",1989,13,"A","Q_tlw"
"414","COM","51.2.0",1990,7,"A","Q_tlw"
"414","COM","51.2.0",1991,2,"A","Q_tlw"
"414","COM","51.2.0",1992,33,"A","Q_tlw"
"414","COM","51.2.0",1993,36,"A","Q_tlw"
"414","COM","51.2.0",1994,59,"A","Q_tlw"
"414","COM","51.2.0",1995,68,"A","Q_tlw"
"414","COM","51.2.0",1996,85,"A","Q_tlw"
"414","COM","51.2.0",1997,73,"A","Q_tlw"
"414","COM","51.2.0",1998,124,"A","Q_tlw"
"414","COM","51.2.0",1999,127,"A","Q_tlw"
"414","COM","51.2.0",2000,218,"A","Q_tlw"
"414","COM","51.2.0",2001,135,"A","Q_tlw"
"414","COM","51.2.0",2002,175,"A","Q_tlw"
"414","COM","51.2.0",2003,101,"A","Q_tlw"
"414","COM","51.2.0",2004,136,"A","Q_tlw"
"414","COM","51.2.0",2005,90,"A","Q_tlw"
"414","COM","51.2.0",2006,88,"A","Q_tlw"
"414","COM","51.2.0",2007,73,"A","Q_tlw"
"414","COM","51.2.0",2008,48,"A","Q_tlw"
"414","COM","51.2.0",2009,103,"A","Q_tlw"
"414","COM","51.2.0",2010,180,"A","Q_tlw"
"414","COM","51.2.0",2011,92,"A","Q_tlw"
"414","COM","51.2.0",2012,65,"A","Q_tlw"
"414","COM","51.2.0",2013,86,"A","Q_tlw"
"414","COM","51.2.0",2014,81,"A","Q_tlw"
"414","COM","51.2.0",2015,140,"A","Q_tlw"
"414","COM","51.2.0",2016,199,"A","Q_tlw"
"414","COM","51.2.0",2017,116,"A","Q_tlw"
"414","COM","51.2.0",2018,92,"A","Q_tlw"
"414","COM","51.2.0",2019,116,"A","Q_tlw"
"414","COM","51.2.0",2020,100,"I","Q_tlw"
"414","COM","51.2.0",2021,115,"I","Q_tlw"
"414","COM","51.2.0",2022,98,"A","Q_tlw"
"414","COM","51.2.0",2023,192,"A","Q_tlw"
"414","GUT","51.2.0",1986,6,"A","Q_tlw"
"414","GUT","51.2.0",1987,105,"A","Q_tlw"
"414","GUT","51.2.0",1988,30,"A","Q_tlw"
"414","GUT","51.2.0",1989,89,"A","Q_tlw"
"414","GUT","51.2.0",1990,124,"A","Q_tlw"
"414","GUT","51.2.0",1991,2,"A","Q_tlw"
"414","GUT","51.2.0",1992,92,"A","Q_tlw"
"414","GUT","51.2.0",1993,126,"A","Q_tlw"
"414","GUT","51.2.0",1994,60,"A","Q_tlw"
"414","GUT","51.2.0",1995,156,"A","Q_tlw"
"414","GUT","51.2.0",1996,172,"A","Q_tlw"
"414","GUT","51.2.0",1997,206,"A","Q_tlw"
"414","GUT","51.2.0",1998,166,"A","Q_tlw"
"414","GUT","51.2.0",1999,211,"A","Q_tlw"
"414","GUT","51.2.0",2000,231,"A","Q_tlw"
"414","GUT","51.2.0",2001,204,"A","Q_tlw"
"414","GUT","51.2.0",2002,136,"A","Q_tlw"
"414","GUT","51.2.0",2003,66,"A","Q_tlw"
"414","GUT","51.2.0",2004,125,"A","Q_tlw"
"414","GUT","51.2.0",2005,97,"A","Q_tlw"
"414","GUT","51.2.0",2006,73,"A","Q_tlw"
"414","GUT","51.2.0",2007,58,"A","Q_tlw"
"414","GUT","51.2.0",2008,57,"A","Q_tlw"
"414","GUT","51.2.0",2009,120,"A","Q_tlw"
"414","GUT","51.2.0",2010,93,"A","Q_tlw"
"414","GUT","51.2.0",2011,33,"A","Q_tlw"
"414","GUT","51.2.0",2012,39,"A","Q_tlw"
"414","GUT","51.2.0",2013,56,"A","Q_tlw"
"414","GUT","51.2.0",2014,59,"A","Q_tlw"
"414","GUT","51.2.0",2015,71,"A","Q_tlw"
"414","GUT","51.2.0",2016,54,"A","Q_tlw"
"414","GUT","51.2.0",2017,44,"A","Q_tlw"
"414","GUT","51.2.0",2018,57,"A","Q_tlw"
"414","GUT","51.2.0",2019,49,"A","Q_tlw"
"414","GUT","51.2.0",2020,45,"I","Q_tlw"
"414","GUT","51.2.0",2021,50,"I","Q_tlw"
"414","GUT","51.2.0",2022,69,"A","Q_tlw"
"414","GUT","51.2.0",2023,180,"A","Q_tlw"
"414","SIP","51.2.0",1986,272,"A","Q_tlw"
"414","SIP","51.2.0",1987,340,"A","Q_tlw"
"414","SIP","51.2.0",1988,352,"A","Q_tlw"
"414","SIP","51.2.0",1989,382,"A","Q_tlw"
"414","SIP","51.2.0",1990,305,"A","Q_tlw"
"414","SIP","51.2.0",1991,487,"A","Q_tlw"
"414","SIP","51.2.0",1992,1103,"A","Q_tlw"
"414","SIP","51.2.0",1993,1094,"A","Q_tlw"
"414","SIP","51.2.0",1994,1112,"A","Q_tlw"
"414","SIP","51.2.0",1995,1101,"A","Q_tlw"
"414","SIP","51.2.0",1996,862,"A","Q_tlw"
"414","SIP","51.2.0",1997,560,"A","Q_tlw"
"414","SIP","51.2.0",1998,501,"A","Q_tlw"
"414","SIP","51.2.0",1999,259,"A","Q_tlw"
"414","SIP","51.2.0",2000,121,"A","Q_tlw"
"414","SIP","51.2.0",2001,133,"A","Q_tlw"
"414","SIP","51.2.0",2002,102,"A","Q_tlw"
"414","SIP","51.2.0",2003,98,"A","Q_tlw"
"414","SIP","51.2.0",2004,117,"A","Q_tlw"
"414","SIP","51.2.0",2005,168,"A","Q_tlw"
"414","SIP","51.2.0",2006,175,"A","Q_tlw"
"414","SIP","51.2.0",2007,101,"A","Q_tlw"
"414","SIP","51.2.0",2008,115,"A","Q_tlw"
"414","SIP","51.2.0",2009,268,"A","Q_tlw"
"414","SIP","51.2.0",2010,193,"A","Q_tlw"
"414","SIP","51.2.0",2011,234,"A","Q_tlw"
"414","SIP","51.2.0",2012,188,"A","Q_tlw"
"414","SIP","51.2.0",2013,247,"A","Q_tlw"
"414","SIP","51.2.0",2014,241,"A","Q_tlw"
"414","SIP","51.2.0",2015,150,"A","Q_tlw"
"414","SIP","51.2.0",2016,210,"A","Q_tlw"
"414","SIP","51.2.0",2017,140,"A","Q_tlw"
"414","SIP","51.2.0",2018,91,"A","Q_tlw"
"414","SIP","51.2.0",2019,92,"A","Q_tlw"
"414","SIP","51.2.0",2020,115,"I","Q_tlw"
"414","SIP","51.2.0",2021,130,"I","Q_tlw"
"414","SIP","51.2.0",2022,69,"A","Q_tlw"
"414","SIP","51.2.0",2023,81,"A","Q_tlw"
"414","CGX","51.2.0",1986,130,"A","Q_tlw"
"414","CGX","51.2.0",1987,130,"A","Q_tlw"
"414","CGX","51.2.0",1988,130,"A","Q_tlw"
"414","CGX","51.2.0",1989,88,"A","Q_tlw"
"414","CGX","51.2.0",1990,75,"A","Q_tlw"
"414","CGX","51.2.0",1991,8,"A","Q_tlw"
"414","CGX","51.2.0",1992,66,"A","Q_tlw"
"414","CGX","51.2.0",1993,92,"A","Q_tlw"
"414","CGX","51.2.0",1994,113,"A","Q_tlw"
"414","CGX","51.2.0",1995,111,"A","Q_tlw"
"414","CGX","51.2.0",1996,97,"A","Q_tlw"
"414","CGX","51.2.0",1997,138,"A","Q_tlw"
"414","CGX","51.2.0",1998,74,"A","Q_tlw"
"414","CGX","51.2.0",1999,73,"A","Q_tlw"
"414","CGX","51.2.0",2000,113,"A","Q_tlw"
"414","CGX","51.2.0",2001,142,"A","Q_tlw"
"414","CGX","51.2.0",2002,133,"A","Q_tlw"
"414","CGX","51.2.0",2003,117,"A","Q_tlw"
"414","CGX","51.2.0",2004,121,"A","Q_tlw"
"414","CGX","51.2.0",2005,100,"A","Q_tlw"
"414","CGX","51.2.0",2006,124,"A","Q_tlw"
"414","CGX","51.2.0",2007,92,"A","Q_tlw"
"414","CGX","51.2.0",2008,40,"A","Q_tlw"
"414","CGX","51.2.0",2009,54,"A","Q_tlw"
"414","CGX","51.2.0",2010,66,"A","Q_tlw"
"414","CGX","51.2.0",2011,36,"A","Q_tlw"
"414","CGX","51.2.0",2012,72,"A","Q_tlw"
"414","CGX","51.2.0",2013,81,"A","Q_tlw"
"414","CGX","51.2.0",2014,50,"A","Q_tlw"
"414","CGX","51.2.0",2015,117,"A","Q_tlw"
"414","CGX","51.2.0",2016,138,"A","Q_tlw"
"414","CGX","51.2.0",2017,90,"A","Q_tlw"
"414","CGX","51.2.0",2018,139,"A","Q_tlw"
"414","CGX","51.2.0",2019,111,"A","Q_tlw"
"414","CGX","51.2.0",2020,100,"I","Q_tlw"
"414","CGX","51.2.0",2021,115,"I","Q_tlw"
"414","CGX","51.2.0",2022,28,"A","Q_tlw"
"414","CGX","51.2.0",2023,82,"A","Q_tlw"
"414","POB","51.2.0",1986,53,"A","Q_tlw"
"414","POB","51.2.0",1987,53,"A","Q_tlw"
"414","POB","51.2.0",1988,53,"A","Q_tlw"
"414","POB","51.2.0",1989,137,"A","Q_tlw"
"414","POB","51.2.0",1990,118,"A","Q_tlw"
"414","POB","51.2.0",1991,50,"A","Q_tlw"
"414","POB","51.2.0",1992,156,"A","Q_tlw"
"414","POB","51.2.0",1993,153,"A","Q_tlw"
"414","POB","51.2.0",1994,191,"A","Q_tlw"
"414","POB","51.2.0",1995,289,"A","Q_tlw"
"414","POB","51.2.0",1996,230,"A","Q_tlw"
"414","POB","51.2.0",1997,186,"A","Q_tlw"
"414","POB","51.2.0",1998,111,"A","Q_tlw"
"414","POB","51.2.0",1999,170,"A","Q_tlw"
"414","POB","51.2.0",2000,152,"A","Q_tlw"
"414","POB","51.2.0",2001,100,"A","Q_tlw"
"414","POB","51.2.0",2002,114,"A","Q_tlw"
"414","POB","51.2.0",2003,50,"A","Q_tlw"
"414","POB","51.2.0",2004,122,"A","Q_tlw"
"414","POB","51.2.0",2005,86,"A","Q_tlw"
"414","POB","51.2.0",2006,114,"A","Q_tlw"
"414","POB","51.2.0",2007,41,"A","Q_tlw"
"414","POB","51.2.0",2008,27,"A","Q_tlw"
"414","POB","51.2.0",2009,50,"A","Q_tlw"
"414","POB","51.2.0",2010,93,"A","Q_tlw"
"414","POB","51.2.0",2011,18,"A","Q_tlw"
"414","POB","51.2.0",2012,41,"A","Q_tlw"
"414","POB","51.2.0",2013,38,"A","Q_tlw"
"414","POB","51.2.0",2014,42,"A","Q_tlw"
"414","POB","51.2.0",2015,61,"A","Q_tlw"
"414","POB","51.2.0",2016,65,"A","Q_tlw"
"414","POB","51.2.0",2017,41,"A","Q_tlw"
"414","POB","51.2.0",2018,13,"A","Q_tlw"
"414","POB","51.2.0",2019,12,"A","Q_tlw"
"414","POB","51.2.0",2020,25,"I","Q_tlw"
"414","POB","51.2.0",2021,25,"I","Q_tlw"
"414","POB","51.2.0",2022,3,"A","Q_tlw"
"414","POB","51.2.0",2023,2,"A","Q_tlw"
"414","CBA","51.2.0",2000,69,"A","Q_tlw"
"414","CBA","51.2.0",2001,39,"A","Q_tlw"
"414","CBA","51.2.0",2002,39,"A","Q_tlw"
"414","CBA","51.2.0",2003,28,"A","Q_tlw"
"414","CBA","51.2.0",2004,36,"A","Q_tlw"
"414","CBA","51.2.0",2005,28,"A","Q_tlw"
"414","CBA","51.2.0",2006,35,"A","Q_tlw"
"414","CBA","51.2.0",2007,38,"A","Q_tlw"
"414","CBA","51.2.0",2008,22,"A","Q_tlw"
"414","CBA","51.2.0",2009,25,"A","Q_tlw"
"414","CBA","51.2.0",2010,52,"A","Q_tlw"
"414","CBA","51.2.0",2011,26,"A","Q_tlw"
"414","CBA","51.2.0",2012,100,"A","Q_tlw"
"414","CBA","51.2.0",2013,92,"A","Q_tlw"
"414","CBA","51.2.0",2014,40,"A","Q_tlw"
"414","CBA","51.2.0",2015,42,"A","Q_tlw"
"414","CBA","51.2.0",2016,37,"A","Q_tlw"
"414","CBA","51.2.0",2017,35,"A","Q_tlw"
"414","CBA","51.2.0",2018,20,"A","Q_tlw"
"414","CBA","51.2.0",2019,16,"A","Q_tlw"
"414","CBA","51.2.0",2020,25,"I","Q_tlw"
"414","CBA","51.2.0",2021,25,"I","Q_tlw"
"414","CBA","51.2.0",2022,8,"A","Q_tlw"
"414","CBA","51.2.0",2023,12,"A","Q_tlw"
"414","MZZ","51.2.0",1986,1346,"A","Q_tlw"
"414","MZZ","51.2.0",1987,1181,"A","Q_tlw"
"414","MZZ","51.2.0",1988,775,"A","Q_tlw"
"414","MZZ","51.2.0",1989,1033,"A","Q_tlw"
"414","MZZ","51.2.0",1990,450,"A","Q_tlw"
"414","MZZ","51.2.0",1991,111,"A","Q_tlw"
"414","MZZ","51.2.0",1992,495,"A","Q_tlw"
"414","MZZ","51.2.0",1993,1579,"A","Q_tlw"
"414","MZZ","51.2.0",1994,753,"A","Q_tlw"
"414","MZZ","51.2.0",1995,729,"A","Q_tlw"
"414","MZZ","51.2.0",1996,893,"A","Q_tlw"
"414","MZZ","51.2.0",1997,923,"A","Q_tlw"
"414","MZZ","51.2.0",1998,1054,"A","Q_tlw"
"414","MZZ","51.2.0",1999,916,"A","Q_tlw"
"414","MZZ","51.2.0",2000,715,"A","Q_tlw"
"414","MZZ","51.2.0",2001,512,"A","Q_tlw"
"414","MZZ","51.2.0",2002,538,"A","Q_tlw"
"414","MZZ","51.2.0",2003,389,"A","Q_tlw"
"414","MZZ","51.2.0",2004,433,"A","Q_tlw"
"414","MZZ","51.2.0",2005,521,"A","Q_tlw"
"414","MZZ","51.2.0",2006,567,"A","Q_tlw"
"414","MZZ","51.2.0",2007,523,"A","Q_tlw"
"414","MZZ","51.2.0",2008,344,"A","Q_tlw"
"414","MZZ","51.2.0",2009,437,"A","Q_tlw"
"414","MZZ","51.2.0",2010,754,"A","Q_tlw"
"414","MZZ","51.2.0",2011,368,"A","Q_tlw"
"414","MZZ","51.2.0",2012,298,"A","Q_tlw"
"414","MZZ","51.2.0",2013,312,"A","Q_tlw"
"414","MZZ","51.2.0",2014,280,"A","Q_tlw"
"414","MZZ","51.2.0",2015,305,"A","Q_tlw"
"414","MZZ","51.2.0",2016,450,"A","Q_tlw"
"414","MZZ","51.2.0",2017,348,"A","Q_tlw"
"414","MZZ","51.2.0",2018,283,"A","Q_tlw"
"414","MZZ","51.2.0",2019,383,"A","Q_tlw"
"414","MZZ","51.2.0",2020,365,"I","Q_tlw"
"414","MZZ","51.2.0",2021,415,"I","Q_tlw"
"414","MZZ","51.2.0",2022,98,"A","Q_tlw"
"414","MZZ","51.2.0",2023,235,"A","Q_tlw"
"414","SCD","51.2.0",1986,0,"A","Q_tlw"
"414","SCD","51.2.0",1987,0,"A","Q_tlw"
"414","SCD","51.2.0",1988,0,"A","Q_tlw"
"414","SCD","51.2.0",1989,0,"A","Q_tlw"
"414","SCD","51.2.0",1990,0,"A","Q_tlw"
"414","SCD","51.2.0",1991,0,"A","Q_tlw"
"414","SCD","51.2.0",1992,0,"A","Q_tlw"
"414","SCD","51.2.0",1993,0,"A","Q_tlw"
"414","SCD","51.2.0",1994,0,"A","Q_tlw"
"414","SCD","51.2.0",1995,0,"A","Q_tlw"
"414","SCD","51.2.0",1996,0,"A","Q_tlw"
"414","SCD","51.2.0",1997,0,"A","Q_tlw"
"414","SCD","51.2.0",1998,0,"A","Q_tlw"
"414","SCD","51.2.0",1999,0,"A","Q_tlw"
"414","SCD","51.2.0",2000,0,"A","Q_tlw"
"414","SCD","51.2.0",2001,0,"A","Q_tlw"
"414","SCD","51.2.0",2002,0,"A","Q_tlw"
"414","SCD","51.2.0",2003,0,"A","Q_tlw"
"414","SCD","51.2.0",2004,0,"A","Q_tlw"
"414","SCD","51.2.0",2005,0,"A","Q_tlw"
"414","SCD","51.2.0",2006,0,"A","Q_tlw"
"414","SCD","51.2.0",2007,0,"A","Q_tlw"
"414","SCD","51.2.0",2008,0,"A","Q_tlw"
"414","SCD","51.2.0",2009,22,"A","Q_tlw"
"414","SCD","51.2.0",2023,0,"A","Q_tlw"
"414","DCP","51.2.0",1986,1664,"A","Q_tlw"
"414","DCP","51.2.0",1987,2443,"A","Q_tlw"
"414","DCP","51.2.0",1988,4999,"A","Q_tlw"
"414","DCP","51.2.0",1989,2985,"A","Q_tlw"
"414","DCP","51.2.0",1990,1891,"A","Q_tlw"
"414","DCP","51.2.0",1991,677,"A","Q_tlw"
"414","DCP","51.2.0",1992,3619,"A","Q_tlw"
"414","DCP","51.2.0",1993,2810,"A","Q_tlw"
"414","DCP","51.2.0",1994,2093,"A","Q_tlw"
"414","DCP","51.2.0",1995,1739,"A","Q_tlw"
"414","DCP","51.2.0",1996,2358,"A","Q_tlw"
"414","DCP","51.2.0",1997,2066,"A","Q_tlw"
"414","DCP","51.2.0",1998,1598,"A","Q_tlw"
"414","DCP","51.2.0",1999,1162,"A","Q_tlw"
"414","DCP","51.2.0",2000,1794,"A","Q_tlw"
"414","DCP","51.2.0",2001,1977,"A","Q_tlw"
"414","DCP","51.2.0",2002,1692,"A","Q_tlw"
"414","DCP","51.2.0",2003,1376,"A","Q_tlw"
"414","DCP","51.2.0",2004,1666,"A","Q_tlw"
"414","DCP","51.2.0",2005,1890,"A","Q_tlw"
"414","DCP","51.2.0",2006,2245,"A","Q_tlw"
"414","DCP","51.2.0",2007,1540,"A","Q_tlw"
"414","DCP","51.2.0",2008,1809,"A","Q_tlw"
"414","DCP","51.2.0",2009,1754,"A","Q_tlw"
"414","DCP","51.2.0",2010,2103,"A","Q_tlw"
"414","DCP","51.2.0",2011,1439,"A","Q_tlw"
"414","DCP","51.2.0",2012,1256,"A","Q_tlw"
"414","DCP","51.2.0",2013,1262,"A","Q_tlw"
"414","DCP","51.2.0",2014,1263,"A","Q_tlw"
"414","DCP","51.2.0",2015,1201,"A","Q_tlw"
"414","DCP","51.2.0",2016,1478,"A","Q_tlw"
"414","DCP","51.2.0",2017,1101,"A","Q_tlw"
"414","DCP","51.2.0",2018,617,"A","Q_tlw"
"414","DCP","51.2.0",2019,918,"A","Q_tlw"
"414","DCP","51.2.0",2020,1005,"I","Q_tlw"
"414","DCP","51.2.0",2021,1155,"I","Q_tlw"
"414","DCP","51.2.0",2022,805,"A","Q_tlw"
"414","DCP","51.2.0",2023,1011,"A","Q_tlw"
"512","TRS","51.2.0",2023,0,"A","Q_tlw"
"512","TRS","51.3.1",2023,68.773,"A","Q_tlw"
"512","TRS","51.3.2",2023,0,"A","Q_tlw"
"512","CNS","51.2.0",2023,8.89,"A","Q_tlw"
"512","CNS","51.3.1",2023,639.314,"A","Q_tlw"
"512","CNS","51.3.2",2023,6207.84,"A","Q_tlw"
"512","MIL","51.2.0",2023,391.18,"A","Q_tlw"
"512","MIL","51.3.1",2023,301.227,"A","Q_tlw"
"512","MIL","51.3.2",2023,27.182,"A","Q_tlw"
"512","FLX","51.3.1",1987,66,"A","Q_tlw"
"512","FLX","51.3.1",1990,24,"A","Q_tlw"
"512","HAI","51.2.0",2023,4.318,"A","Q_tlw"
"512","HAI","51.3.1",2023,235.953,"A","Q_tlw"
"512","HAI","51.3.2",2023,8.395,"A","Q_tlw"
"512","LEF","51.2.0",2023,0.118,"A","Q_tlw"
"512","LEF","51.3.1",2023,4.966,"A","Q_tlw"
"512","LEF","51.3.2",2023,3.019,"A","Q_tlw"
"512","YOB","51.2.0",2023,0,"A","Q_tlw"
"512","YOB","51.3.1",2023,119.366,"A","Q_tlw"
"512","YOB","51.3.2",2023,597.843,"A","Q_tlw"
"512","CAE","51.2.0",2023,0,"A","Q_tlw"
"512","CAE","51.3.1",2023,23.147,"A","Q_tlw"
"512","CAE","51.3.2",2023,59.956,"A","Q_tlw"
"512","CAX","51.2.0",2001,16,"A","Q_tlw"
"512","CAX","51.2.0",2002,2,"A","Q_tlw"
"512","CAX","51.2.0",2003,7,"A","Q_tlw"
"512","CAX","51.2.0",2004,2,"A","Q_tlw"
"512","CAX","51.2.0",2005,8,"A","Q_tlw"
"512","CAX","51.2.0",2006,8,"A","Q_tlw"
"512","CAX","51.2.0",2007,4,"A","Q_tlw"
"512","CAX","51.2.0",2008,6,"A","Q_tlw"
"512","CAX","51.2.0",2009,16,"A","Q_tlw"
"512","CAX","51.2.0",2010,58,"A","Q_tlw"
"512","CAX","51.2.0",2011,51,"A","Q_tlw"
"512","CAX","51.2.0",2012,71,"A","Q_tlw"
"512","CAX","51.2.0",2013,146,"A","Q_tlw"
"512","CAX","51.2.0",2014,57,"A","Q_tlw"
"512","CAX","51.2.0",2015,85,"A","Q_tlw"
"512","CAX","51.2.0",2016,56,"A","Q_tlw"
"512","CAX","51.2.0",2017,75,"A","Q_tlw"
"512","CAX","51.2.0",2018,133,"A","Q_tlw"
"512","CAX","51.2.0",2019,56.641,"A","Q_tlw"
"512","CAX","51.2.0",2020,50.297,"A","Q_tlw"
"512","CAX","51.2.0",2021,277.402,"A","Q_tlw"
"512","CAX","51.2.0",2022,84.925,"A","Q_tlw"
"512","CAX","51.2.0",2023,484.412,"A","Q_tlw"
"512","CAX","51.3.1",1987,86,"A","Q_tlw"
"512","CAX","51.3.1",1991,193,"A","Q_tlw"
"512","CAX","51.3.1",1992,395,"A","Q_tlw"
"512","CAX","51.3.1",1993,376,"A","Q_tlw"
"512","CAX","51.3.1",1994,140,"A","Q_tlw"
"512","CAX","51.3.1",1995,499,"A","Q_tlw"
"512","CAX","51.3.1",1996,372,"A","Q_tlw"
"512","CAX","51.3.1",1997,679,"A","Q_tlw"
"512","CAX","51.3.1",1998,1024,"A","Q_tlw"
"512","CAX","51.3.1",1999,1161,"A","Q_tlw"
"512","CAX","51.3.1",2000,1306,"A","Q_tlw"
"512","CAX","51.3.1",2001,2222,"A","Q_tlw"
"512","CAX","51.3.1",2002,1161,"A","Q_tlw"
"512","CAX","51.3.1",2003,863,"A","Q_tlw"
"512","CAX","51.3.1",2004,794,"A","Q_tlw"
"512","CAX","51.3.1",2005,1270,"A","Q_tlw"
"512","CAX","51.3.1",2006,931,"A","Q_tlw"
"512","CAX","51.3.1",2007,1108,"A","Q_tlw"
"512","CAX","51.3.1",2008,1661,"A","Q_tlw"
"512","CAX","51.3.1",2009,1105,"A","Q_tlw"
"512","CAX","51.3.1",2010,1741,"A","Q_tlw"
"512","CAX","51.3.1",2011,3235,"A","Q_tlw"
"512","CAX","51.3.1",2012,5082,"A","Q_tlw"
"512","CAX","51.3.1",2013,4474,"A","Q_tlw"
"512","CAX","51.3.1",2014,7651,"A","Q_tlw"
"512","CAX","51.3.1",2015,8102,"A","Q_tlw"
"512","CAX","51.3.1",2016,9583,"A","Q_tlw"
"512","CAX","51.3.1",2017,12881,"A","Q_tlw"
"512","CAX","51.3.1",2018,786,"A","Q_tlw"
"512","CAX","51.3.1",2019,364.872,"A","Q_tlw"
"512","CAX","51.3.1",2020,1729.821,"A","Q_tlw"
"512","CAX","51.3.1",2021,3626.535,"A","Q_tlw"
"512","CAX","51.3.1",2022,2501.205,"A","Q_tlw"
"512","CAX","51.3.1",2023,3345.141,"A","Q_tlw"
"512","CAX","51.3.2",2018,11626,"A","Q_tlw"
"512","CAX","51.3.2",2019,7013.393,"A","Q_tlw"
"512","CAX","51.3.2",2020,7040.051,"A","Q_tlw"
"512","CAX","51.3.2",2021,13722.378,"A","Q_tlw"
"512","CAX","51.3.2",2022,17345.209,"A","Q_tlw"
"512","CAX","51.3.2",2023,11800.79,"A","Q_tlw"
"512","LIX","51.2.0",2023,0,"A","Q_tlw"
"512","LIX","51.3.1",1987,1,"A","Q_tlw"
"512","LIX","51.3.1",1990,11,"A","Q_tlw"
"512","LIX","51.3.1",2023,113.993,"A","Q_tlw"
"512","LIX","51.3.2",2023,563.941,"A","Q_tlw"
"512","HCZ","51.2.0",2023,0,"A","Q_tlw"
"512","HCZ","51.3.1",2023,0,"A","Q_tlw"
"512","HCZ","51.3.2",2023,4.435,"A","Q_tlw"
"512","MUM","51.2.0",2023,3.121,"A","Q_tlw"
"512","MUM","51.3.1",1987,74,"A","Q_tlw"
"512","MUM","51.3.1",1990,7,"A","Q_tlw"
"512","MUM","51.3.1",2023,179.22,"A","Q_tlw"
"512","MUM","51.3.2",2023,823.207,"A","Q_tlw"
"512","MUV","51.2.0",2023,0,"A","Q_tlw"
"512","MUV","51.3.1",2023,103.716,"A","Q_tlw"
"512","MUV","51.3.2",2023,27.714,"A","Q_tlw"
"512","YJG","51.2.0",2023,4.303,"A","Q_tlw"
"512","YJG","51.3.1",2023,98.6,"A","Q_tlw"
"512","YJG","51.3.2",2023,34.881,"A","Q_tlw"
"512","RFP","51.2.0",2023,0.741,"A","Q_tlw"
"512","RFP","51.3.1",2023,36.499,"A","Q_tlw"
"512","RFP","51.3.2",2023,8.035,"A","Q_tlw"
"512","RPY","51.2.0",2023,0.081,"A","Q_tlw"
"512","RPY","51.3.1",2023,9.795,"A","Q_tlw"
"512","RPY","51.3.2",2023,0,"A","Q_tlw"
"512","RQF","51.2.0",2023,4.168,"A","Q_tlw"
"512","RQF","51.3.1",2023,117.654,"A","Q_tlw"
"512","RQF","51.3.2",2023,289.381,"A","Q_tlw"
"512","RPO","51.2.0",2023,0,"A","Q_tlw"
"512","RPO","51.3.1",2023,16.174,"A","Q_tlw"
"512","RPO","51.3.2",2023,21.284,"A","Q_tlw"
"512","UPS","51.2.0",2023,0,"A","Q_tlw"
"512","UPS","51.3.1",2023,10.501,"A","Q_tlw"
"512","UPS","51.3.2",2023,0,"A","Q_tlw"
"512","MUL","51.2.0",2001,25,"A","Q_tlw"
"512","MUL","51.2.0",2002,14,"A","Q_tlw"
"512","MUL","51.2.0",2003,46,"A","Q_tlw"
"512","MUL","51.2.0",2004,2,"A","Q_tlw"
"512","MUL","51.2.0",2005,89,"A","Q_tlw"
"512","MUL","51.2.0",2006,70,"A","Q_tlw"
"512","MUL","51.2.0",2007,45,"A","Q_tlw"
"512","MUL","51.2.0",2008,64,"A","Q_tlw"
"512","MUL","51.2.0",2009,28,"A","Q_tlw"
"512","MUL","51.2.0",2010,43,"A","Q_tlw"
"512","MUL","51.2.0",2011,56,"A","Q_tlw"
"512","MUL","51.2.0",2012,78,"A","Q_tlw"
"512","MUL","51.2.0",2013,22,"A","Q_tlw"
"512","MUL","51.2.0",2014,40,"A","Q_tlw"
"512","MUL","51.2.0",2015,124,"A","Q_tlw"
"512","MUL","51.2.0",2016,55,"A","Q_tlw"
"512","MUL","51.2.0",2017,137,"A","Q_tlw"
"512","MUL","51.2.0",2018,196,"A","Q_tlw"
"512","MUL","51.2.0",2019,251.557,"A","Q_tlw"
"512","MUL","51.2.0",2020,110.416,"A","Q_tlw"
"512","MUL","51.2.0",2021,127.654,"A","Q_tlw"
"512","MUL","51.2.0",2022,101.949,"A","Q_tlw"
"512","MUL","51.2.0",2023,10.057,"A","Q_tlw"
"512","MUL","51.3.1",1987,129,"A","Q_tlw"
"512","MUL","51.3.1",1988,65,"A","Q_tlw"
"512","MUL","51.3.1",1989,64,"A","Q_tlw"
"512","MUL","51.3.1",1990,168,"A","Q_tlw"
"512","MUL","51.3.1",1991,90,"A","Q_tlw"
"512","MUL","51.3.1",1992,90,"A","Q_tlw"
"512","MUL","51.3.1",1993,100,"A","Q_tlw"
"512","MUL","51.3.1",1994,1207,"A","Q_tlw"
"512","MUL","51.3.1",1995,98,"A","Q_tlw"
"512","MUL","51.3.1",1996,79,"A","Q_tlw"
"512","MUL","51.3.1",1997,139,"A","Q_tlw"
"512","MUL","51.3.1",1998,176,"A","Q_tlw"
"512","MUL","51.3.1",1999,158,"A","Q_tlw"
"512","MUL","51.3.1",2000,123,"A","Q_tlw"
"512","MUL","51.3.1",2001,518,"A","Q_tlw"
"512","MUL","51.3.1",2002,410,"A","Q_tlw"
"512","MUL","51.3.1",2003,523,"A","Q_tlw"
"512","MUL","51.3.1",2004,831,"A","Q_tlw"
"512","MUL","51.3.1",2005,750,"A","Q_tlw"
"512","MUL","51.3.1",2006,619,"A","Q_tlw"
"512","MUL","51.3.1",2007,740,"A","Q_tlw"
"512","MUL","51.3.1",2008,557,"A","Q_tlw"
"512","MUL","51.3.1",2009,805,"A","Q_tlw"
"512","MUL","51.3.1",2010,2637,"A","Q_tlw"
"512","MUL","51.3.1",2011,5661,"A","Q_tlw"
"512","MUL","51.3.1",2012,3073,"A","Q_tlw"
"512","MUL","51.3.1",2013,3226,"A","Q_tlw"
"512","MUL","51.3.1",2014,3895,"A","Q_tlw"
"512","MUL","51.3.1",2015,2590,"A","Q_tlw"
"512","MUL","51.3.1",2016,2456,"A","Q_tlw"
"512","MUL","51.3.1",2017,6114,"A","Q_tlw"
"512","MUL","51.3.1",2018,287,"A","Q_tlw"
"512","MUL","51.3.1",2019,407.219,"A","Q_tlw"
"512","MUL","51.3.1",2020,1977.951,"A","Q_tlw"
"512","MUL","51.3.1",2021,2628.088,"A","Q_tlw"
"512","MUL","51.3.1",2022,2432.293,"A","Q_tlw"
"512","MUL","51.3.1",2023,68.818,"A","Q_tlw"
"512","MUL","51.3.2",2018,4090,"A","Q_tlw"
"512","MUL","51.3.2",2019,4509.368,"A","Q_tlw"
"512","MUL","51.3.2",2020,5094.119,"A","Q_tlw"
"512","MUL","51.3.2",2021,8207.412,"A","Q_tlw"
"512","MUL","51.3.2",2022,8838.384,"A","Q_tlw"
"512","MUL","51.3.2",2023,3663.051,"A","Q_tlw"
"512","VMH","51.2.0",2023,17.822,"A","Q_tlw"
"512","VMH","51.3.1",2023,311.321,"A","Q_tlw"
"512","VMH","51.3.2",2023,3007.574,"A","Q_tlw"
"512","MUF","51.2.0",2023,16.102,"A","Q_tlw"
"512","MUF","51.3.1",2023,736.269,"A","Q_tlw"
"512","MUF","51.3.2",2023,2796.534,"A","Q_tlw"
"512","LZI","51.2.0",2023,0,"A","Q_tlw"
"512","LZI","51.3.1",2023,1050.845,"A","Q_tlw"
"512","LZI","51.3.2",2023,1317.05,"A","Q_tlw"
"512","BSX","51.2.0",2023,3.377,"A","Q_tlw"
"512","BSX","51.3.1",2023,257.848,"A","Q_tlw"
"512","BSX","51.3.2",2023,249.737,"A","Q_tlw"
"512","GPX","51.2.0",2001,152,"A","Q_tlw"
"512","GPX","51.2.0",2002,74,"A","Q_tlw"
"512","GPX","51.2.0",2003,190,"A","Q_tlw"
"512","GPX","51.2.0",2004,172,"A","Q_tlw"
"512","GPX","51.2.0",2005,338,"A","Q_tlw"
"512","GPX","51.2.0",2006,291,"A","Q_tlw"
"512","GPX","51.2.0",2007,198,"A","Q_tlw"
"512","GPX","51.2.0",2008,283,"A","Q_tlw"
"512","GPX","51.2.0",2009,291,"A","Q_tlw"
"512","GPX","51.2.0",2010,222,"A","Q_tlw"
"512","GPX","51.2.0",2011,430,"A","Q_tlw"
"512","GPX","51.2.0",2012,478,"A","Q_tlw"
"512","GPX","51.2.0",2013,846,"A","Q_tlw"
"512","GPX","51.2.0",2014,337,"A","Q_tlw"
"512","GPX","51.2.0",2015,488,"A","Q_tlw"
"512","GPX","51.2.0",2016,402,"A","Q_tlw"
"512","GPX","51.2.0",2017,434,"A","Q_tlw"
"512","GPX","51.2.0",2018,471,"A","Q_tlw"
"512","GPX","51.2.0",2019,420.461,"A","Q_tlw"
"512","GPX","51.2.0",2020,638.242,"A","Q_tlw"
"512","GPX","51.2.0",2021,866.794,"A","Q_tlw"
"512","GPX","51.2.0",2022,898.711,"A","Q_tlw"
"512","GPX","51.3.1",1987,1233,"A","Q_tlw"
"512","GPX","51.3.1",1988,4332,"A","Q_tlw"
"512","GPX","51.3.1",1989,1902,"A","Q_tlw"
"512","GPX","51.3.1",1990,2876,"A","Q_tlw"
"512","GPX","51.3.1",1991,2339,"A","Q_tlw"
"512","GPX","51.3.1",1992,2789,"A","Q_tlw"
"512","GPX","51.3.1",1993,2075,"A","Q_tlw"
"512","GPX","51.3.1",1994,3735,"A","Q_tlw"
"512","GPX","51.3.1",1995,4031,"A","Q_tlw"
"512","GPX","51.3.1",1996,3409,"A","Q_tlw"
"512","GPX","51.3.1",1997,3366,"A","Q_tlw"
"512","GPX","51.3.1",1998,5345,"A","Q_tlw"
"512","GPX","51.3.1",1999,4829,"A","Q_tlw"
"512","GPX","51.3.1",2000,5013,"A","Q_tlw"
"512","GPX","51.3.1",2001,3647,"A","Q_tlw"
"512","GPX","51.3.1",2002,3218,"A","Q_tlw"
"512","GPX","51.3.1",2003,4013,"A","Q_tlw"
"512","GPX","51.3.1",2004,5739,"A","Q_tlw"
"512","GPX","51.3.1",2005,4439,"A","Q_tlw"
"512","GPX","51.3.1",2006,4322,"A","Q_tlw"
"512","GPX","51.3.1",2007,4478,"A","Q_tlw"
"512","GPX","51.3.1",2008,5253,"A","Q_tlw"
"512","GPX","51.3.1",2009,5728,"A","Q_tlw"
"512","GPX","51.3.1",2010,5024,"A","Q_tlw"
"512","GPX","51.3.1",2011,3430,"A","Q_tlw"
"512","GPX","51.3.1",2012,3469,"A","Q_tlw"
"512","GPX","51.3.1",2013,3372,"A","Q_tlw"
"512","GPX","51.3.1",2014,2308,"A","Q_tlw"
"512","GPX","51.3.1",2015,2487,"A","Q_tlw"
"512","GPX","51.3.1",2016,2666,"A","Q_tlw"
"512","GPX","51.3.1",2017,2882,"A","Q_tlw"
"512","GPX","51.3.1",2018,1478,"A","Q_tlw"
"512","GPX","51.3.1",2019,1262.821,"A","Q_tlw"
"512","GPX","51.3.1",2020,1542.987,"A","Q_tlw"
"512","GPX","51.3.1",2021,2090.49,"A","Q_tlw"
"512","GPX","51.3.1",2022,2344.806,"A","Q_tlw"
"512","GPX","51.3.2",2018,1549,"A","Q_tlw"
"512","GPX","51.3.2",2019,1280.737,"A","Q_tlw"
"512","GPX","51.3.2",2020,913.521,"A","Q_tlw"
"512","GPX","51.3.2",2021,985.49,"A","Q_tlw"
"512","GPX","51.3.2",2022,1357.007,"A","Q_tlw"
"512","EPR","51.2.0",2023,297.485,"A","Q_tlw"
"512","EPR","51.3.1",2023,203.012,"A","Q_tlw"
"512","EPR","51.3.2",2023,47.507,"A","Q_tlw"
"512","EFH","51.2.0",2023,55.594,"A","Q_tlw"
"512","EFH","51.3.1",2023,87.021,"A","Q_tlw"
"512","EFH","51.3.2",2023,486.844,"A","Q_tlw"
"512","ELD","51.2.0",2023,3.859,"A","Q_tlw"
"512","ELD","51.3.1",2023,10.718,"A","Q_tlw"
"512","ELD","51.3.2",2023,420.39,"A","Q_tlw"
"512","EWE","51.2.0",2023,687.547,"A","Q_tlw"
"512","EWE","51.3.1",2023,1615.032,"A","Q_tlw"
"512","EWE","51.3.2",2023,1.366,"A","Q_tlw"
"512","EZR","51.2.0",2023,1.102,"A","Q_tlw"
"512","EZR","51.3.1",2023,6.593,"A","Q_tlw"
"512","EZR","51.3.2",2023,1.714,"A","Q_tlw"
"512","EPZ","51.2.0",2023,118.819,"A","Q_tlw"
"512","EPZ","51.3.1",2023,55.468,"A","Q_tlw"
"512","EPZ","51.3.2",2023,3.966,"A","Q_tlw"
"512","EPT","51.2.0",2023,1.989,"A","Q_tlw"
"512","EPT","51.3.1",2023,194.308,"A","Q_tlw"
"512","EPT","51.3.2",2023,59.683,"A","Q_tlw"
"512","EWL","51.2.0",2023,0,"A","Q_tlw"
"512","EWL","51.3.1",2023,20.949,"A","Q_tlw"
"512","EWL","51.3.2",2023,237.77,"A","Q_tlw"
"512","FLH","51.3.1",1987,5,"A","Q_tlw"
"512","FLH","51.3.1",1999,0,"A","Q_tlw"
"512","FLH","51.3.1",2000,0,"A","Q_tlw"
"512","FLH","51.3.1",2001,0,"A","Q_tlw"
"512","FLH","51.3.1",2002,0,"A","Q_tlw"
"512","FLH","51.3.1",2003,0,"A","Q_tlw"
"512","FLH","51.3.1",2004,0,"A","Q_tlw"
"512","FLH","51.3.1",2005,0,"A","Q_tlw"
"512","FLH","51.3.1",2006,0,"A","Q_tlw"
"512","FLH","51.3.1",2007,0,"A","Q_tlw"
"512","FLH","51.3.1",2008,0,"A","Q_tlw"
"512","FLH","51.3.1",2009,0,"A","Q_tlw"
"512","FLH","51.3.1",2010,0,"A","Q_tlw"
"512","FLH","51.3.1",2011,0,"A","Q_tlw"
"512","FLH","51.3.1",2012,0,"A","Q_tlw"
"512","FLH","51.3.1",2013,0,"A","Q_tlw"
"512","FLH","51.3.1",2014,0,"A","Q_tlw"
"512","FLH","51.3.1",2015,0,"A","Q_tlw"
"512","FLH","51.3.1",2016,0,"A","Q_tlw"
"512","FLH","51.3.1",2017,0,"A","Q_tlw"
"512","FLH","51.3.1",2018,0,"A","Q_tlw"
"512","THE","51.2.0",2023,15.645,"A","Q_tlw"
"512","THE","51.3.1",2023,1615.354,"A","Q_tlw"
"512","THE","51.3.2",2023,31.492,"A","Q_tlw"
"512","PWT","51.2.0",2023,26.097,"A","Q_tlw"
"512","PWT","51.3.1",2023,178.561,"A","Q_tlw"
"512","PWT","51.3.2",2023,1461.571,"A","Q_tlw"
"512","SPA","51.2.0",2023,12.464,"A","Q_tlw"
"512","SPA","51.3.1",2023,11.311,"A","Q_tlw"
"512","SPA","51.3.2",2023,22.548,"A","Q_tlw"
"512","CDX","51.2.0",2002,1,"A","Q_tlw"
"512","CDX","51.2.0",2003,2,"A","Q_tlw"
"512","CDX","51.2.0",2004,1,"A","Q_tlw"
"512","CDX","51.2.0",2005,2,"A","Q_tlw"
"512","CDX","51.2.0",2006,1,"A","Q_tlw"
"512","CDX","51.2.0",2007,1,"A","Q_tlw"
"512","CDX","51.2.0",2008,1,"A","Q_tlw"
"512","CDX","51.2.0",2009,0,"N","Q_tlw"
"512","CDX","51.2.0",2010,1,"A","Q_tlw"
"512","CDX","51.2.0",2011,2,"A","Q_tlw"
"512","CDX","51.2.0",2012,0,"A","Q_tlw"
"512","CDX","51.2.0",2013,0,"A","Q_tlw"
"512","CDX","51.2.0",2014,3,"A","Q_tlw"
"512","CDX","51.2.0",2015,3,"A","Q_tlw"
"512","CDX","51.2.0",2016,1,"A","Q_tlw"
"512","CDX","51.2.0",2017,2,"A","Q_tlw"
"512","CDX","51.2.0",2018,0,"N","Q_tlw"
"512","CDX","51.2.0",2019,0,"A","Q_tlw"
"512","CDX","51.2.0",2020,0.578,"A","Q_tlw"
"512","CDX","51.2.0",2022,0,"A","Q_tlw"
"512","CDX","51.2.0",2023,0,"A","Q_tlw"
"512","CDX","51.3.1",1987,474,"A","Q_tlw"
"512","CDX","51.3.1",1988,2179,"A","Q_tlw"
"512","CDX","51.3.1",1989,1170,"A","Q_tlw"
"512","CDX","51.3.1",1990,1719,"A","Q_tlw"
"512","CDX","51.3.1",1991,495,"A","Q_tlw"
"512","CDX","51.3.1",1992,2023,"A","Q_tlw"
"512","CDX","51.3.1",1993,3444,"A","Q_tlw"
"512","CDX","51.3.1",1994,3859,"A","Q_tlw"
"512","CDX","51.3.1",1995,4070,"A","Q_tlw"
"512","CDX","51.3.1",1996,3709,"A","Q_tlw"
"512","CDX","51.3.1",1997,5468,"A","Q_tlw"
"512","CDX","51.3.1",1998,2218,"A","Q_tlw"
"512","CDX","51.3.1",1999,2121,"A","Q_tlw"
"512","CDX","51.3.1",2000,1926,"A","Q_tlw"
"512","CDX","51.3.1",2001,1873,"A","Q_tlw"
"512","CDX","51.3.1",2002,4151,"A","Q_tlw"
"512","CDX","51.3.1",2003,4115,"A","Q_tlw"
"512","CDX","51.3.1",2004,4695,"A","Q_tlw"
"512","CDX","51.3.1",2005,4134,"A","Q_tlw"
"512","CDX","51.3.1",2006,3995,"A","Q_tlw"
"512","CDX","51.3.1",2007,4260,"A","Q_tlw"
"512","CDX","51.3.1",2008,2672,"A","Q_tlw"
"512","CDX","51.3.1",2009,3016,"A","Q_tlw"
"512","CDX","51.3.1",2010,4492,"A","Q_tlw"
"512","CDX","51.3.1",2011,4911,"A","Q_tlw"
"512","CDX","51.3.1",2012,6863,"A","Q_tlw"
"512","CDX","51.3.1",2013,8852,"A","Q_tlw"
"512","CDX","51.3.1",2014,7265,"A","Q_tlw"
"512","CDX","51.3.1",2015,7095,"A","Q_tlw"
"512","CDX","51.3.1",2016,5706,"A","Q_tlw"
"512","CDX","51.3.1",2017,10013,"A","Q_tlw"
"512","CDX","51.3.1",2018,98,"A","Q_tlw"
"512","CDX","51.3.1",2019,45.39,"A","Q_tlw"
"512","CDX","51.3.1",2020,821.226,"A","Q_tlw"
"512","CDX","51.3.1",2021,1353.527,"A","Q_tlw"
"512","CDX","51.3.1",2022,404.838,"A","Q_tlw"
"512","CDX","51.3.1",2023,0.371,"A","Q_tlw"
"512","CDX","51.3.2",2018,3806,"A","Q_tlw"
"512","CDX","51.3.2",2019,8963.438,"A","Q_tlw"
"512","CDX","51.3.2",2020,8465.283,"A","Q_tlw"
"512","CDX","51.3.2",2021,11985.241,"A","Q_tlw"
"512","CDX","51.3.2",2022,7990.204,"A","Q_tlw"
"512","CDX","51.3.2",2023,30.434,"A","Q_tlw"
"512","QXN","51.2.0",2023,0,"A","Q_tlw"
"512","QXN","51.3.1",2023,25.948,"A","Q_tlw"
"512","QXN","51.3.2",2023,397.683,"A","Q_tlw"
"512","AWE","51.2.0",2023,0,"A","Q_tlw"
"512","AWE","51.3.1",2023,273.297,"A","Q_tlw"
"512","AWE","51.3.2",2023,6047.295,"A","Q_tlw"
"512","LKR","51.2.0",2023,0.468,"A","Q_tlw"
"512","LKR","51.3.1",2023,473.198,"A","Q_tlw"
"512","LKR","51.3.2",2023,3148.444,"A","Q_tlw"
"512","OTI","51.2.0",2023,0,"A","Q_tlw"
"512","OTI","51.3.1",2023,33.468,"A","Q_tlw"
"512","OTI","51.3.2",2023,269.644,"A","Q_tlw"
"512","PSS","51.2.0",2023,0,"A","Q_tlw"
"512","PSS","51.3.1",2023,77.241,"A","Q_tlw"
"512","PSS","51.3.2",2023,1151.237,"A","Q_tlw"
"512","UMO","51.2.0",2023,0,"A","Q_tlw"
"512","UMO","51.3.1",2023,0.917,"A","Q_tlw"
"512","UMO","51.3.2",2023,142.004,"A","Q_tlw"
"512","GRX","51.2.0",2001,17,"A","Q_tlw"
"512","GRX","51.2.0",2002,4,"A","Q_tlw"
"512","GRX","51.2.0",2003,19,"A","Q_tlw"
"512","GRX","51.2.0",2004,37,"A","Q_tlw"
"512","GRX","51.2.0",2005,35,"A","Q_tlw"
"512","GRX","51.2.0",2006,32,"A","Q_tlw"
"512","GRX","51.2.0",2007,30,"A","Q_tlw"
"512","GRX","51.2.0",2008,43,"A","Q_tlw"
"512","GRX","51.2.0",2009,53,"A","Q_tlw"
"512","GRX","51.2.0",2010,113,"A","Q_tlw"
"512","GRX","51.2.0",2011,250,"A","Q_tlw"
"512","GRX","51.2.0",2012,112,"A","Q_tlw"
"512","GRX","51.2.0",2013,141,"A","Q_tlw"
"512","GRX","51.2.0",2014,82,"A","Q_tlw"
"512","GRX","51.2.0",2015,120,"A","Q_tlw"
"512","GRX","51.2.0",2016,93,"A","Q_tlw"
"512","GRX","51.2.0",2017,122,"A","Q_tlw"
"512","GRX","51.2.0",2018,83,"A","Q_tlw"
"512","GRX","51.2.0",2019,51.427,"A","Q_tlw"
"512","GRX","51.2.0",2020,81.55,"A","Q_tlw"
"512","GRX","51.2.0",2021,116.105,"A","Q_tlw"
"512","GRX","51.2.0",2022,87.111,"A","Q_tlw"
"512","GRX","51.2.0",2023,29.261,"A","Q_tlw"
"512","GRX","51.3.1",1987,203,"A","Q_tlw"
"512","GRX","51.3.1",1988,1383,"A","Q_tlw"
"512","GRX","51.3.1",1989,462,"A","Q_tlw"
"512","GRX","51.3.1",1990,301,"A","Q_tlw"
"512","GRX","51.3.1",1991,461,"A","Q_tlw"
"512","GRX","51.3.1",1992,376,"A","Q_tlw"
"512","GRX","51.3.1",1993,478,"A","Q_tlw"
"512","GRX","51.3.1",1994,526,"A","Q_tlw"
"512","GRX","51.3.1",1995,1122,"A","Q_tlw"
"512","GRX","51.3.1",1996,803,"A","Q_tlw"
"512","GRX","51.3.1",1997,1111,"A","Q_tlw"
"512","GRX","51.3.1",1998,713,"A","Q_tlw"
"512","GRX","51.3.1",1999,627,"A","Q_tlw"
"512","GRX","51.3.1",2000,1747,"A","Q_tlw"
"512","GRX","51.3.1",2001,524,"A","Q_tlw"
"512","GRX","51.3.1",2002,950,"A","Q_tlw"
"512","GRX","51.3.1",2003,847,"A","Q_tlw"
"512","GRX","51.3.1",2004,1057,"A","Q_tlw"
"512","GRX","51.3.1",2005,733,"A","Q_tlw"
"512","GRX","51.3.1",2006,637,"A","Q_tlw"
"512","GRX","51.3.1",2007,575,"A","Q_tlw"
"512","GRX","51.3.1",2008,1235,"A","Q_tlw"
"512","GRX","51.3.1",2009,980,"A","Q_tlw"
"512","GRX","51.3.1",2010,1567,"A","Q_tlw"
"512","GRX","51.3.1",2011,2417,"A","Q_tlw"
"512","GRX","51.3.1",2012,2565,"A","Q_tlw"
"512","GRX","51.3.1",2013,2990,"A","Q_tlw"
"512","GRX","51.3.1",2014,3603,"A","Q_tlw"
"512","GRX","51.3.1",2015,3493,"A","Q_tlw"
"512","GRX","51.3.1",2016,3234,"A","Q_tlw"
"512","GRX","51.3.1",2017,4230,"A","Q_tlw"
"512","GRX","51.3.1",2018,756,"A","Q_tlw"
"512","GRX","51.3.1",2019,658.51,"A","Q_tlw"
"512","GRX","51.3.1",2020,795.388,"A","Q_tlw"
"512","GRX","51.3.1",2021,768.624,"A","Q_tlw"
"512","GRX","51.3.1",2022,1313.796,"A","Q_tlw"
"512","GRX","51.3.1",2023,1071.671,"A","Q_tlw"
"512","GRX","51.3.2",2018,2390,"A","Q_tlw"
"512","GRX","51.3.2",2019,2551.019,"A","Q_tlw"
"512","GRX","51.3.2",2020,2092.72,"A","Q_tlw"
"512","GRX","51.3.2",2021,2101.953,"A","Q_tlw"
"512","GRX","51.3.2",2022,2295.963,"A","Q_tlw"
"512","GRX","51.3.2",2023,74.071,"A","Q_tlw"
"512","PFV","51.2.0",2023,0,"A","Q_tlw"
"512","PFV","51.3.1",2023,158.387,"A","Q_tlw"
"512","PFV","51.3.2",2023,12.429,"A","Q_tlw"
"512","PKP","51.2.0",2023,0.089,"A","Q_tlw"
"512","PKP","51.3.1",2023,153.665,"A","Q_tlw"
"512","PKP","51.3.2",2023,752.284,"A","Q_tlw"
"512","GQW","51.2.0",2023,6.675,"A","Q_tlw"
"512","GQW","51.3.1",2023,21.038,"A","Q_tlw"
"512","GQW","51.3.2",2023,53.481,"A","Q_tlw"
"512","PKF","51.2.0",2023,27.982,"A","Q_tlw"
"512","PKF","51.3.1",2023,583.214,"A","Q_tlw"
"512","PKF","51.3.2",2023,360.933,"A","Q_tlw"
"512","GRL","51.2.0",2023,101.898,"A","Q_tlw"
"512","GRL","51.3.1",2023,239.548,"A","Q_tlw"
"512","GRL","51.3.2",2023,672.499,"A","Q_tlw"
"512","HDH","51.2.0",2023,0.965,"A","Q_tlw"
"512","HDH","51.3.1",2023,99.692,"A","Q_tlw"
"512","HDH","51.3.2",2023,1064.368,"A","Q_tlw"
"512","SNX","51.2.0",2001,114,"A","Q_tlw"
"512","SNX","51.2.0",2002,26,"A","Q_tlw"
"512","SNX","51.2.0",2003,76,"A","Q_tlw"
"512","SNX","51.2.0",2004,82,"A","Q_tlw"
"512","SNX","51.2.0",2005,124,"A","Q_tlw"
"512","SNX","51.2.0",2006,121,"A","Q_tlw"
"512","SNX","51.2.0",2007,87,"A","Q_tlw"
"512","SNX","51.2.0",2008,125,"A","Q_tlw"
"512","SNX","51.2.0",2009,109,"A","Q_tlw"
"512","SNX","51.2.0",2010,295,"A","Q_tlw"
"512","SNX","51.2.0",2011,313,"A","Q_tlw"
"512","SNX","51.2.0",2012,352,"A","Q_tlw"
"512","SNX","51.2.0",2013,591,"A","Q_tlw"
"512","SNX","51.2.0",2014,390,"A","Q_tlw"
"512","SNX","51.2.0",2015,268,"A","Q_tlw"
"512","SNX","51.2.0",2016,568,"A","Q_tlw"
"512","SNX","51.2.0",2017,737,"A","Q_tlw"
"512","SNX","51.2.0",2018,1280,"A","Q_tlw"
"512","SNX","51.2.0",2019,2988.977,"A","Q_tlw"
"512","SNX","51.2.0",2020,1440.21,"A","Q_tlw"
"512","SNX","51.2.0",2021,1954.454,"A","Q_tlw"
"512","SNX","51.2.0",2022,3128.075,"A","Q_tlw"
"512","SNX","51.2.0",2023,16.385,"A","Q_tlw"
"512","SNX","51.3.1",1987,757,"A","Q_tlw"
"512","SNX","51.3.1",1988,1298,"A","Q_tlw"
"512","SNX","51.3.1",1989,717,"A","Q_tlw"
"512","SNX","51.3.1",1990,602,"A","Q_tlw"
"512","SNX","51.3.1",1991,862,"A","Q_tlw"
"512","SNX","51.3.1",1992,554,"A","Q_tlw"
"512","SNX","51.3.1",1993,387,"A","Q_tlw"
"512","SNX","51.3.1",1994,254,"A","Q_tlw"
"512","SNX","51.3.1",1995,689,"A","Q_tlw"
"512","SNX","51.3.1",1996,426,"A","Q_tlw"
"512","SNX","51.3.1",1997,657,"A","Q_tlw"
"512","SNX","51.3.1",1998,474,"A","Q_tlw"
"512","SNX","51.3.1",1999,597,"A","Q_tlw"
"512","SNX","51.3.1",2000,669,"A","Q_tlw"
"512","SNX","51.3.1",2001,266,"A","Q_tlw"
"512","SNX","51.3.1",2002,311,"A","Q_tlw"
"512","SNX","51.3.1",2003,370,"A","Q_tlw"
"512","SNX","51.3.1",2004,323,"A","Q_tlw"
"512","SNX","51.3.1",2005,252,"A","Q_tlw"
"512","SNX","51.3.1",2006,256,"A","Q_tlw"
"512","SNX","51.3.1",2007,269,"A","Q_tlw"
"512","SNX","51.3.1",2008,917,"A","Q_tlw"
"512","SNX","51.3.1",2009,624,"A","Q_tlw"
"512","SNX","51.3.1",2010,653,"A","Q_tlw"
"512","SNX","51.3.1",2011,1090,"A","Q_tlw"
"512","SNX","51.3.1",2012,719,"A","Q_tlw"
"512","SNX","51.3.1",2013,799,"A","Q_tlw"
"512","SNX","51.3.1",2014,1644,"A","Q_tlw"
"512","SNX","51.3.1",2015,1827,"A","Q_tlw"
"512","SNX","51.3.1",2016,2662,"A","Q_tlw"
"512","SNX","51.3.1",2017,3453,"A","Q_tlw"
"512","SNX","51.3.1",2018,1325,"A","Q_tlw"
"512","SNX","51.3.1",2019,2625.783,"A","Q_tlw"
"512","SNX","51.3.1",2020,1421.028,"A","Q_tlw"
"512","SNX","51.3.1",2021,1874.823,"A","Q_tlw"
"512","SNX","51.3.1",2022,2830.206,"A","Q_tlw"
"512","SNX","51.3.1",2023,226.959,"A","Q_tlw"
"512","SNX","51.3.2",2018,2596,"A","Q_tlw"
"512","SNX","51.3.2",2019,1536.29,"A","Q_tlw"
"512","SNX","51.3.2",2020,2129.776,"A","Q_tlw"
"512","SNX","51.3.2",2021,1717.435,"A","Q_tlw"
"512","SNX","51.3.2",2022,1047.03,"A","Q_tlw"
"512","SNX","51.3.2",2023,95.011,"A","Q_tlw"
"512","CJX","51.2.0",2023,56.183,"A","Q_tlw"
"512","CJX","51.3.1",2023,34.781,"A","Q_tlw"
"512","CJX","51.3.2",2023,0,"A","Q_tlw"
"512","SNA","51.2.0",2023,4.304,"A","Q_tlw"
"512","SNA","51.3.1",2023,58.942,"A","Q_tlw"
"512","SNA","51.3.2",2023,114.164,"A","Q_tlw"
"512","LWN","51.2.0",2023,0.8,"A","Q_tlw"
"512","LWN","51.3.1",2023,34.386,"A","Q_tlw"
"512","LWN","51.3.2",2023,175.418,"A","Q_tlw"
"512","LWE","51.2.0",2023,10319.33,"A","Q_tlw"
"512","LWE","51.3.1",2023,5805.31,"A","Q_tlw"
"512","LWE","51.3.2",2023,81.102,"A","Q_tlw"
"512","MAL","51.2.0",2023,64.242,"A","Q_tlw"
"512","MAL","51.3.1",2023,181.787,"A","Q_tlw"
"512","MAL","51.3.2",2023,4.082,"A","Q_tlw"
"512","LUV","51.2.0",2023,0.631,"A","Q_tlw"
"512","LUV","51.3.1",2023,0.3,"A","Q_tlw"
"512","LUV","51.3.2",2023,0,"A","Q_tlw"
"512","PFM","51.2.0",2023,0.462,"A","Q_tlw"
"512","PFM","51.3.1",2023,58.929,"A","Q_tlw"
"512","PFM","51.3.2",2023,751.335,"A","Q_tlw"
"512","LRI","51.2.0",2023,0.05,"A","Q_tlw"
"512","LRI","51.3.1",2023,59.966,"A","Q_tlw"
"512","LRI","51.3.2",2023,755.022,"A","Q_tlw"
"512","LRU","51.2.0",2023,0.304,"A","Q_tlw"
"512","LRU","51.3.1",2023,295.419,"A","Q_tlw"
"512","LRU","51.3.2",2023,836.81,"A","Q_tlw"
"512","BUS","51.2.0",2023,0.227,"A","Q_tlw"
"512","BUS","51.3.1",2023,0.067,"A","Q_tlw"
"512","BUS","51.3.2",2023,0,"A","Q_tlw"
"512","SUR","51.2.0",2023,1.034,"A","Q_tlw"
"512","SUR","51.3.1",2023,29.021,"A","Q_tlw"
"512","SUR","51.3.2",2023,2.121,"A","Q_tlw"
"512","THD","51.2.0",1987,0,"A","Q_tlw"
"512","THD","51.2.0",1990,0,"A","Q_tlw"
"512","THD","51.2.0",1991,0,"A","Q_tlw"
"512","THD","51.2.0",1992,0,"A","Q_tlw"
"512","THD","51.2.0",1993,0,"A","Q_tlw"
"512","THD","51.2.0",1994,0,"A","Q_tlw"
"512","THD","51.2.0",1995,0,"A","Q_tlw"
"512","THD","51.2.0",1996,0,"A","Q_tlw"
"512","THD","51.2.0",1997,0,"A","Q_tlw"
"512","THD","51.2.0",1998,0,"A","Q_tlw"
"512","THD","51.2.0",1999,0,"A","Q_tlw"
"512","THD","51.2.0",2000,0,"A","Q_tlw"
"512","THD","51.2.0",2001,0,"A","Q_tlw"
"512","THD","51.2.0",2002,0,"A","Q_tlw"
"512","THD","51.2.0",2003,0,"A","Q_tlw"
"512","THD","51.2.0",2004,0,"A","Q_tlw"
"512","THD","51.2.0",2005,0,"A","Q_tlw"
"512","THD","51.2.0",2006,0,"A","Q_tlw"
"512","THD","51.2.0",2007,0,"A","Q_tlw"
"512","THD","51.2.0",2008,0,"A","Q_tlw"
"512","THD","51.2.0",2009,12,"A","Q_tlw"
"512","THD","51.2.0",2010,1,"A","Q_tlw"
"512","THD","51.2.0",2011,0,"A","Q_tlw"
"512","THD","51.2.0",2012,3,"A","Q_tlw"
"512","THD","51.2.0",2013,0,"A","Q_tlw"
"512","THD","51.2.0",2014,48,"A","Q_tlw"
"512","THD","51.2.0",2015,7,"A","Q_tlw"
"512","THD","51.2.0",2016,4,"A","Q_tlw"
"512","THD","51.2.0",2017,15,"A","Q_tlw"
"512","THD","51.2.0",2018,0,"A","Q_tlw"
"512","THD","51.2.0",2019,1.897,"A","Q_tlw"
"512","THD","51.2.0",2020,0,"A","Q_tlw"
"512","THD","51.2.0",2021,0.2,"A","Q_tlw"
"512","THD","51.2.0",2022,0,"A","Q_tlw"
"512","THD","51.2.0",2023,42.824,"A","Q_tlw"
"512","THD","51.3.1",1987,43,"A","Q_tlw"
"512","THD","51.3.1",1990,1478,"A","Q_tlw"
"512","THD","51.3.1",1991,943,"A","Q_tlw"
"512","THD","51.3.1",1992,988,"A","Q_tlw"
"512","THD","51.3.1",1993,639,"A","Q_tlw"
"512","THD","51.3.1",1994,415,"A","Q_tlw"
"512","THD","51.3.1",1995,260,"A","Q_tlw"
"512","THD","51.3.1",1996,233,"A","Q_tlw"
"512","THD","51.3.1",1997,2068,"A","Q_tlw"
"512","THD","51.3.1",1998,466,"A","Q_tlw"
"512","THD","51.3.1",1999,1166,"A","Q_tlw"
"512","THD","51.3.1",2000,317,"A","Q_tlw"
"512","THD","51.3.1",2001,1206,"A","Q_tlw"
"512","THD","51.3.1",2002,2865,"A","Q_tlw"
"512","THD","51.3.1",2003,657,"A","Q_tlw"
"512","THD","51.3.1",2004,390,"A","Q_tlw"
"512","THD","51.3.1",2005,815,"A","Q_tlw"
"512","THD","51.3.1",2006,603,"A","Q_tlw"
"512","THD","51.3.1",2007,603,"A","Q_tlw"
"512","THD","51.3.1",2008,1837,"A","Q_tlw"
"512","THD","51.3.1",2009,2800,"A","Q_tlw"
"512","THD","51.3.1",2010,1394,"A","Q_tlw"
"512","THD","51.3.1",2011,1643,"A","Q_tlw"
"512","THD","51.3.1",2012,2334,"A","Q_tlw"
"512","THD","51.3.1",2013,4271,"A","Q_tlw"
"512","THD","51.3.1",2014,2761,"A","Q_tlw"
"512","THD","51.3.1",2015,1271,"A","Q_tlw"
"512","THD","51.3.1",2016,528,"A","Q_tlw"
"512","THD","51.3.1",2017,1992,"A","Q_tlw"
"512","THD","51.3.1",2018,190,"A","Q_tlw"
"512","THD","51.3.1",2019,107.261,"A","Q_tlw"
"512","THD","51.3.1",2020,221.124,"A","Q_tlw"
"512","THD","51.3.1",2021,305.2,"A","Q_tlw"
"512","THD","51.3.1",2022,654.339,"A","Q_tlw"
"512","THD","51.3.1",2023,205.343,"A","Q_tlw"
"512","THD","51.3.2",2018,1569,"A","Q_tlw"
"512","THD","51.3.2",2019,2020.355,"A","Q_tlw"
"512","THD","51.3.2",2020,1148.641,"A","Q_tlw"
"512","THD","51.3.2",2021,1168.312,"A","Q_tlw"
"512","THD","51.3.2",2022,1025.525,"A","Q_tlw"
"512","THD","51.3.2",2023,363.032,"A","Q_tlw"
"512","THB","51.2.0",2023,31.676,"A","Q_tlw"
"512","THB","51.3.1",2023,368.043,"A","Q_tlw"
"512","THB","51.3.2",2023,47.504,"A","Q_tlw"
"512","NNJ","51.2.0",2023,2.197,"A","Q_tlw"
"512","NNJ","51.3.1",2023,1.906,"A","Q_tlw"
"512","NNJ","51.3.2",2023,0,"A","Q_tlw"
"512","EMP","51.2.0",2001,172,"A","Q_tlw"
"512","EMP","51.2.0",2002,65,"A","Q_tlw"
"512","EMP","51.2.0",2003,318,"A","Q_tlw"
"512","EMP","51.2.0",2004,246,"A","Q_tlw"
"512","EMP","51.2.0",2005,468,"A","Q_tlw"
"512","EMP","51.2.0",2006,419,"A","Q_tlw"
"512","EMP","51.2.0",2007,282,"A","Q_tlw"
"512","EMP","51.2.0",2008,405,"A","Q_tlw"
"512","EMP","51.2.0",2009,405,"A","Q_tlw"
"512","EMP","51.2.0",2010,293,"A","Q_tlw"
"512","EMP","51.2.0",2011,443,"A","Q_tlw"
"512","EMP","51.2.0",2012,598,"A","Q_tlw"
"512","EMP","51.2.0",2013,1064,"A","Q_tlw"
"512","EMP","51.2.0",2014,564,"A","Q_tlw"
"512","EMP","51.2.0",2015,671,"A","Q_tlw"
"512","EMP","51.2.0",2016,438,"A","Q_tlw"
"512","EMP","51.2.0",2017,661,"A","Q_tlw"
"512","EMP","51.2.0",2018,417,"A","Q_tlw"
"512","EMP","51.2.0",2019,417.241,"A","Q_tlw"
"512","EMP","51.2.0",2020,698.602,"A","Q_tlw"
"512","EMP","51.2.0",2021,745.185,"A","Q_tlw"
"512","EMP","51.2.0",2022,1044.855,"A","Q_tlw"
"512","EMP","51.2.0",2023,8.168,"A","Q_tlw"
"512","EMP","51.3.1",1987,1006,"A","Q_tlw"
"512","EMP","51.3.1",1988,5737,"A","Q_tlw"
"512","EMP","51.3.1",1989,2518,"A","Q_tlw"
"512","EMP","51.3.1",1990,2880,"A","Q_tlw"
"512","EMP","51.3.1",1991,3270,"A","Q_tlw"
"512","EMP","51.3.1",1992,2877,"A","Q_tlw"
"512","EMP","51.3.1",1993,4358,"A","Q_tlw"
"512","EMP","51.3.1",1994,3521,"A","Q_tlw"
"512","EMP","51.3.1",1995,6013,"A","Q_tlw"
"512","EMP","51.3.1",1996,4087,"A","Q_tlw"
"512","EMP","51.3.1",1997,5767,"A","Q_tlw"
"512","EMP","51.3.1",1998,6630,"A","Q_tlw"
"512","EMP","51.3.1",1999,6954,"A","Q_tlw"
"512","EMP","51.3.1",2000,7664,"A","Q_tlw"
"512","EMP","51.3.1",2001,6354,"A","Q_tlw"
"512","EMP","51.3.1",2002,7114,"A","Q_tlw"
"512","EMP","51.3.1",2003,7692,"A","Q_tlw"
"512","EMP","51.3.1",2004,10054,"A","Q_tlw"
"512","EMP","51.3.1",2005,8767,"A","Q_tlw"
"512","EMP","51.3.1",2006,7730,"A","Q_tlw"
"512","EMP","51.3.1",2007,8295,"A","Q_tlw"
"512","EMP","51.3.1",2008,8549,"A","Q_tlw"
"512","EMP","51.3.1",2009,10901,"A","Q_tlw"
"512","EMP","51.3.1",2010,10498,"A","Q_tlw"
"512","EMP","51.3.1",2011,8408,"A","Q_tlw"
"512","EMP","51.3.1",2012,8364,"A","Q_tlw"
"512","EMP","51.3.1",2013,9803,"A","Q_tlw"
"512","EMP","51.3.1",2014,8638,"A","Q_tlw"
"512","EMP","51.3.1",2015,9846,"A","Q_tlw"
"512","EMP","51.3.1",2016,8059,"A","Q_tlw"
"512","EMP","51.3.1",2017,12171,"A","Q_tlw"
"512","EMP","51.3.1",2018,1941,"A","Q_tlw"
"512","EMP","51.3.1",2019,2223.514,"A","Q_tlw"
"512","EMP","51.3.1",2020,3752.885,"A","Q_tlw"
"512","EMP","51.3.1",2021,4080.608,"A","Q_tlw"
"512","EMP","51.3.1",2022,3428.6,"A","Q_tlw"
"512","EMP","51.3.1",2023,1185.581,"A","Q_tlw"
"512","EMP","51.3.2",2018,13985,"A","Q_tlw"
"512","EMP","51.3.2",2019,14400.624,"A","Q_tlw"
"512","EMP","51.3.2",2020,24534.955,"A","Q_tlw"
"512","EMP","51.3.2",2021,28918.855,"A","Q_tlw"
"512","EMP","51.3.2",2022,18323.555,"A","Q_tlw"
"512","EMP","51.3.2",2023,1720.433,"A","Q_tlw"
"512","LTK","51.2.0",2023,0.046,"A","Q_tlw"
"512","LTK","51.3.1",2023,27.041,"A","Q_tlw"
"512","LTK","51.3.2",2023,2611.436,"A","Q_tlw"
"512","LTS","51.2.0",2023,186.12,"A","Q_tlw"
"512","LTS","51.3.1",2023,195.176,"A","Q_tlw"
"512","LTS","51.3.2",2023,1737.048,"A","Q_tlw"
"512","LTQ","51.2.0",2023,0.655,"A","Q_tlw"
"512","LTQ","51.3.1",2023,29.012,"A","Q_tlw"
"512","LTQ","51.3.2",2023,9.166,"A","Q_tlw"
"512","LEN","51.2.0",2023,38.924,"A","Q_tlw"
"512","LEN","51.3.1",2023,575.651,"A","Q_tlw"
"512","LEN","51.3.2",2023,605.091,"A","Q_tlw"
"512","LHN","51.2.0",2023,585.491,"A","Q_tlw"
"512","LHN","51.3.1",2023,970.204,"A","Q_tlw"
"512","LHN","51.3.2",2023,4406.192,"A","Q_tlw"
"512","SBX","51.2.0",2001,33,"A","Q_tlw"
"512","SBX","51.2.0",2002,40,"A","Q_tlw"
"512","SBX","51.2.0",2003,132,"A","Q_tlw"
"512","SBX","51.2.0",2004,96,"A","Q_tlw"
"512","SBX","51.2.0",2005,189,"A","Q_tlw"
"512","SBX","51.2.0",2006,170,"A","Q_tlw"
"512","SBX","51.2.0",2007,116,"A","Q_tlw"
"512","SBX","51.2.0",2008,167,"A","Q_tlw"
"512","SBX","51.2.0",2009,87,"A","Q_tlw"
"512","SBX","51.2.0",2010,201,"A","Q_tlw"
"512","SBX","51.2.0",2011,203,"A","Q_tlw"
"512","SBX","51.2.0",2012,152,"A","Q_tlw"
"512","SBX","51.2.0",2013,237,"A","Q_tlw"
"512","SBX","51.2.0",2014,135,"A","Q_tlw"
"512","SBX","51.2.0",2015,253,"A","Q_tlw"
"512","SBX","51.2.0",2016,170,"A","Q_tlw"
"512","SBX","51.2.0",2017,152,"A","Q_tlw"
"512","SBX","51.2.0",2018,126,"A","Q_tlw"
"512","SBX","51.2.0",2019,110.525,"A","Q_tlw"
"512","SBX","51.2.0",2020,139.009,"A","Q_tlw"
"512","SBX","51.2.0",2021,140.341,"A","Q_tlw"
"512","SBX","51.2.0",2022,274.755,"A","Q_tlw"
"512","SBX","51.2.0",2023,9.872,"A","Q_tlw"
"512","SBX","51.3.1",1987,1755,"A","Q_tlw"
"512","SBX","51.3.1",1988,8360,"A","Q_tlw"
"512","SBX","51.3.1",1989,3486,"A","Q_tlw"
"512","SBX","51.3.1",1990,4516,"A","Q_tlw"
"512","SBX","51.3.1",1991,3400,"A","Q_tlw"
"512","SBX","51.3.1",1992,5052,"A","Q_tlw"
"512","SBX","51.3.1",1993,4922,"A","Q_tlw"
"512","SBX","51.3.1",1994,5770,"A","Q_tlw"
"512","SBX","51.3.1",1995,5090,"A","Q_tlw"
"512","SBX","51.3.1",1996,4692,"A","Q_tlw"
"512","SBX","51.3.1",1997,4322,"A","Q_tlw"
"512","SBX","51.3.1",1998,4016,"A","Q_tlw"
"512","SBX","51.3.1",1999,6098,"A","Q_tlw"
"512","SBX","51.3.1",2000,4419,"A","Q_tlw"
"512","SBX","51.3.1",2001,3943,"A","Q_tlw"
"512","SBX","51.3.1",2002,8736,"A","Q_tlw"
"512","SBX","51.3.1",2003,5781,"A","Q_tlw"
"512","SBX","51.3.1",2004,8104,"A","Q_tlw"
"512","SBX","51.3.1",2005,6653,"A","Q_tlw"
"512","SBX","51.3.1",2006,6015,"A","Q_tlw"
"512","SBX","51.3.1",2007,6357,"A","Q_tlw"
"512","SBX","51.3.1",2008,7241,"A","Q_tlw"
"512","SBX","51.3.1",2009,10195,"A","Q_tlw"
"512","SBX","51.3.1",2010,9663,"A","Q_tlw"
"512","SBX","51.3.1",2011,3971,"A","Q_tlw"
"512","SBX","51.3.1",2012,3200,"A","Q_tlw"
"512","SBX","51.3.1",2013,4894,"A","Q_tlw"
"512","SBX","51.3.1",2014,6807,"A","Q_tlw"
"512","SBX","51.3.1",2015,7681,"A","Q_tlw"
"512","SBX","51.3.1",2016,9069,"A","Q_tlw"
"512","SBX","51.3.1",2017,8126,"A","Q_tlw"
"512","SBX","51.3.1",2018,715,"A","Q_tlw"
"512","SBX","51.3.1",2019,709.38,"A","Q_tlw"
"512","SBX","51.3.1",2020,1432.509,"A","Q_tlw"
"512","SBX","51.3.1",2021,1638.497,"A","Q_tlw"
"512","SBX","51.3.1",2022,1222.621,"A","Q_tlw"
"512","SBX","51.3.1",2023,355.068,"A","Q_tlw"
"512","SBX","51.3.2",2018,10300,"A","Q_tlw"
"512","SBX","51.3.2",2019,6980.484,"A","Q_tlw"
"512","SBX","51.3.2",2020,6511.813,"A","Q_tlw"
"512","SBX","51.3.2",2021,14746.433,"A","Q_tlw"
"512","SBX","51.3.2",2022,15025.275,"A","Q_tlw"
"512","SBX","51.3.2",2023,1747.879,"A","Q_tlw"
"512","AAB","51.2.0",2023,4.225,"A","Q_tlw"
"512","AAB","51.3.1",2023,28.908,"A","Q_tlw"
"512","AAB","51.3.2",2023,173.179,"A","Q_tlw"
"512","YWF","51.2.0",2023,0.946,"A","Q_tlw"
"512","YWF","51.3.1",2023,132.408,"A","Q_tlw"
"512","YWF","51.3.2",2023,474.216,"A","Q_tlw"
"512","KBK","51.2.0",2023,2.961,"A","Q_tlw"
"512","KBK","51.3.1",2023,16.922,"A","Q_tlw"
"512","KBK","51.3.2",2023,74.472,"A","Q_tlw"
"512","KBR","51.2.0",2023,146.489,"A","Q_tlw"
"512","KBR","51.3.1",2023,317.373,"A","Q_tlw"
"512","KBR","51.3.2",2023,1015.878,"A","Q_tlw"
"512","SLD","51.2.0",2023,0,"A","Q_tlw"
"512","SLD","51.3.1",2023,53.595,"A","Q_tlw"
"512","SLD","51.3.2",2023,3029.533,"A","Q_tlw"
"512","SXB","51.2.0",2023,0,"A","Q_tlw"
"512","SXB","51.3.1",2023,57.708,"A","Q_tlw"
"512","SXB","51.3.2",2023,608.467,"A","Q_tlw"
"512","RSS","51.2.0",2023,5.513,"A","Q_tlw"
"512","RSS","51.3.1",2023,346.17,"A","Q_tlw"
"512","RSS","51.3.2",2023,231.058,"A","Q_tlw"
"512","SPI","51.2.0",2001,10,"A","Q_tlw"
"512","SPI","51.2.0",2002,6,"A","Q_tlw"
"512","SPI","51.2.0",2003,13,"A","Q_tlw"
"512","SPI","51.2.0",2004,12,"A","Q_tlw"
"512","SPI","51.2.0",2005,40,"A","Q_tlw"
"512","SPI","51.2.0",2006,20,"A","Q_tlw"
"512","SPI","51.2.0",2007,15,"A","Q_tlw"
"512","SPI","51.2.0",2008,21,"A","Q_tlw"
"512","SPI","51.2.0",2009,25,"A","Q_tlw"
"512","SPI","51.2.0",2010,13,"A","Q_tlw"
"512","SPI","51.2.0",2011,21,"A","Q_tlw"
"512","SPI","51.2.0",2012,33,"A","Q_tlw"
"512","SPI","51.2.0",2013,22,"A","Q_tlw"
"512","SPI","51.2.0",2014,17,"A","Q_tlw"
"512","SPI","51.2.0",2015,41,"A","Q_tlw"
"512","SPI","51.2.0",2016,18,"A","Q_tlw"
"512","SPI","51.2.0",2017,14,"A","Q_tlw"
"512","SPI","51.2.0",2018,4,"A","Q_tlw"
"512","SPI","51.2.0",2019,73.135,"A","Q_tlw"
"512","SPI","51.2.0",2020,21.242,"A","Q_tlw"
"512","SPI","51.2.0",2021,29.097,"A","Q_tlw"
"512","SPI","51.2.0",2022,41.222,"A","Q_tlw"
"512","SPI","51.2.0",2023,3.406,"A","Q_tlw"
"512","SPI","51.3.1",1987,106,"A","Q_tlw"
"512","SPI","51.3.1",1988,353,"A","Q_tlw"
"512","SPI","51.3.1",1989,187,"A","Q_tlw"
"512","SPI","51.3.1",1990,204,"A","Q_tlw"
"512","SPI","51.3.1",1991,75,"A","Q_tlw"
"512","SPI","51.3.1",1992,110,"A","Q_tlw"
"512","SPI","51.3.1",1993,116,"A","Q_tlw"
"512","SPI","51.3.1",1994,69,"A","Q_tlw"
"512","SPI","51.3.1",1995,142,"A","Q_tlw"
"512","SPI","51.3.1",1996,59,"A","Q_tlw"
"512","SPI","51.3.1",1997,259,"A","Q_tlw"
"512","SPI","51.3.1",1998,122,"A","Q_tlw"
"512","SPI","51.3.1",1999,97,"A","Q_tlw"
"512","SPI","51.3.1",2000,131,"A","Q_tlw"
"512","SPI","51.3.1",2001,353,"A","Q_tlw"
"512","SPI","51.3.1",2002,553,"A","Q_tlw"
"512","SPI","51.3.1",2003,696,"A","Q_tlw"
"512","SPI","51.3.1",2004,803,"A","Q_tlw"
"512","SPI","51.3.1",2005,1115,"A","Q_tlw"
"512","SPI","51.3.1",2006,649,"A","Q_tlw"
"512","SPI","51.3.1",2007,828,"A","Q_tlw"
"512","SPI","51.3.1",2008,728,"A","Q_tlw"
"512","SPI","51.3.1",2009,868,"A","Q_tlw"
"512","SPI","51.3.1",2010,500,"A","Q_tlw"
"512","SPI","51.3.1",2011,1011,"A","Q_tlw"
"512","SPI","51.3.1",2012,724,"A","Q_tlw"
"512","SPI","51.3.1",2013,1034,"A","Q_tlw"
"512","SPI","51.3.1",2014,991,"A","Q_tlw"
"512","SPI","51.3.1",2015,3116,"A","Q_tlw"
"512","SPI","51.3.1",2016,3458,"A","Q_tlw"
"512","SPI","51.3.1",2017,2724,"A","Q_tlw"
"512","SPI","51.3.1",2018,21,"A","Q_tlw"
"512","SPI","51.3.1",2019,121.588,"A","Q_tlw"
"512","SPI","51.3.1",2020,1304.855,"A","Q_tlw"
"512","SPI","51.3.1",2021,1991.421,"A","Q_tlw"
"512","SPI","51.3.1",2022,777.815,"A","Q_tlw"
"512","SPI","51.3.1",2023,55.022,"A","Q_tlw"
"512","SPI","51.3.2",2018,3768,"A","Q_tlw"
"512","SPI","51.3.2",2019,7998.249,"A","Q_tlw"
"512","SPI","51.3.2",2020,8594.834,"A","Q_tlw"
"512","SPI","51.3.2",2021,10676.76,"A","Q_tlw"
"512","SPI","51.3.2",2022,5701.885,"A","Q_tlw"
"512","SPI","51.3.2",2023,814.246,"A","Q_tlw"
"512","SCN","51.2.0",2023,24.903,"A","Q_tlw"
"512","SCN","51.3.1",2023,512.684,"A","Q_tlw"
"512","SCN","51.3.2",2023,3219.952,"A","Q_tlw"
"512","IGV","51.2.0",2023,185.335,"A","Q_tlw"
"512","IGV","51.3.1",2023,102.785,"A","Q_tlw"
"512","IGV","51.3.2",2023,614.764,"A","Q_tlw"
"512","IUU","51.2.0",2023,0,"A","Q_tlw"
"512","IUU","51.3.1",2023,15.001,"A","Q_tlw"
"512","IUU","51.3.2",2023,368.138,"A","Q_tlw"
"512","BIG","51.3.1",1987,345,"A","Q_tlw"
"512","CUT","51.2.0",2001,12,"A","Q_tlw"
"512","CUT","51.2.0",2002,1,"A","Q_tlw"
"512","CUT","51.2.0",2003,6,"A","Q_tlw"
"512","CUT","51.2.0",2004,15,"A","Q_tlw"
"512","CUT","51.2.0",2005,17,"A","Q_tlw"
"512","CUT","51.2.0",2006,17,"A","Q_tlw"
"512","CUT","51.2.0",2007,13,"A","Q_tlw"
"512","CUT","51.2.0",2008,19,"A","Q_tlw"
"512","CUT","51.2.0",2009,27,"A","Q_tlw"
"512","CUT","51.2.0",2010,6,"A","Q_tlw"
"512","CUT","51.2.0",2011,67,"A","Q_tlw"
"512","CUT","51.2.0",2012,2,"A","Q_tlw"
"512","CUT","51.2.0",2013,0,"A","Q_tlw"
"512","CUT","51.2.0",2014,89,"A","Q_tlw"
"512","CUT","51.2.0",2015,16,"A","Q_tlw"
"512","CUT","51.2.0",2016,21,"A","Q_tlw"
"512","CUT","51.2.0",2017,37,"A","Q_tlw"
"512","CUT","51.2.0",2018,26,"A","Q_tlw"
"512","CUT","51.2.0",2019,8.896,"A","Q_tlw"
"512","CUT","51.2.0",2020,2.775,"A","Q_tlw"
"512","CUT","51.2.0",2021,9.08,"A","Q_tlw"
"512","CUT","51.2.0",2022,8.175,"A","Q_tlw"
"512","CUT","51.3.1",1987,637,"A","Q_tlw"
"512","CUT","51.3.1",1988,4240,"A","Q_tlw"
"512","CUT","51.3.1",1989,5017,"A","Q_tlw"
"512","CUT","51.3.1",1990,2853,"A","Q_tlw"
"512","CUT","51.3.1",1991,5036,"A","Q_tlw"
"512","CUT","51.3.1",1992,3906,"A","Q_tlw"
"512","CUT","51.3.1",1993,2971,"A","Q_tlw"
"512","CUT","51.3.1",1994,3883,"A","Q_tlw"
"512","CUT","51.3.1",1995,8163,"A","Q_tlw"
"512","CUT","51.3.1",1996,8132,"A","Q_tlw"
"512","CUT","51.3.1",1997,10384,"A","Q_tlw"
"512","CUT","51.3.1",1998,4767,"A","Q_tlw"
"512","CUT","51.3.1",1999,1776,"A","Q_tlw"
"512","CUT","51.3.1",2000,4367,"A","Q_tlw"
"512","CUT","51.3.1",2001,2605,"A","Q_tlw"
"512","CUT","51.3.1",2002,6599,"A","Q_tlw"
"512","CUT","51.3.1",2003,8803,"A","Q_tlw"
"512","CUT","51.3.1",2004,3477,"A","Q_tlw"
"512","CUT","51.3.1",2005,4852,"A","Q_tlw"
"512","CUT","51.3.1",2006,5554,"A","Q_tlw"
"512","CUT","51.3.1",2007,5470,"A","Q_tlw"
"512","CUT","51.3.1",2008,3738,"A","Q_tlw"
"512","CUT","51.3.1",2009,5683,"A","Q_tlw"
"512","CUT","51.3.1",2010,6743,"A","Q_tlw"
"512","CUT","51.3.1",2011,11411,"A","Q_tlw"
"512","CUT","51.3.1",2012,10876,"A","Q_tlw"
"512","CUT","51.3.1",2013,5667,"A","Q_tlw"
"512","CUT","51.3.1",2014,6629,"A","Q_tlw"
"512","CUT","51.3.1",2015,6924,"A","Q_tlw"
"512","CUT","51.3.1",2016,8676,"A","Q_tlw"
"512","CUT","51.3.1",2017,15414,"A","Q_tlw"
"512","CUT","51.3.1",2018,870,"A","Q_tlw"
"512","CUT","51.3.1",2019,425.392,"A","Q_tlw"
"512","CUT","51.3.1",2020,1416.643,"A","Q_tlw"
"512","CUT","51.3.1",2021,948.577,"A","Q_tlw"
"512","CUT","51.3.1",2022,1315.611,"A","Q_tlw"
"512","CUT","51.3.2",2018,11173,"A","Q_tlw"
"512","CUT","51.3.2",2019,14798.968,"A","Q_tlw"
"512","CUT","51.3.2",2020,20301.157,"A","Q_tlw"
"512","CUT","51.3.2",2021,16528.619,"A","Q_tlw"
"512","CUT","51.3.2",2022,18889.858,"A","Q_tlw"
"512","LHT","51.2.0",2023,5.83,"A","Q_tlw"
"512","LHT","51.3.1",2023,1320.112,"A","Q_tlw"
"512","LHT","51.3.2",2023,13731.347,"A","Q_tlw"
"512","DPX","51.2.0",2001,224,"A","Q_tlw"
"512","DPX","51.2.0",2002,26,"A","Q_tlw"
"512","DPX","51.2.0",2003,74,"A","Q_tlw"
"512","DPX","51.2.0",2004,21,"A","Q_tlw"
"512","DPX","51.2.0",2005,109,"A","Q_tlw"
"512","DPX","51.2.0",2006,81,"A","Q_tlw"
"512","DPX","51.2.0",2007,60,"A","Q_tlw"
"512","DPX","51.2.0",2008,85,"A","Q_tlw"
"512","DPX","51.2.0",2009,267,"A","Q_tlw"
"512","DPX","51.2.0",2010,139,"A","Q_tlw"
"512","DPX","51.2.0",2011,317,"A","Q_tlw"
"512","DPX","51.2.0",2012,549,"A","Q_tlw"
"512","DPX","51.2.0",2013,114,"A","Q_tlw"
"512","DPX","51.2.0",2014,517,"A","Q_tlw"
"512","DPX","51.2.0",2015,698,"A","Q_tlw"
"512","DPX","51.2.0",2016,642,"A","Q_tlw"
"512","DPX","51.2.0",2017,807,"A","Q_tlw"
"512","DPX","51.2.0",2018,11,"A","Q_tlw"
"512","DPX","51.2.0",2019,266.195,"A","Q_tlw"
"512","DPX","51.2.0",2020,337.609,"A","Q_tlw"
"512","DPX","51.2.0",2021,421.323,"A","Q_tlw"
"512","DPX","51.2.0",2022,478.764,"A","Q_tlw"
"512","DPX","51.2.0",2023,127.492,"A","Q_tlw"
"512","DPX","51.3.1",1986,18530,"A","Q_tlw"
"512","DPX","51.3.1",1987,6357,"A","Q_tlw"
"512","DPX","51.3.1",1988,4617,"A","Q_tlw"
"512","DPX","51.3.1",1989,6021,"A","Q_tlw"
"512","DPX","51.3.1",1990,13829,"A","Q_tlw"
"512","DPX","51.3.1",1991,2304,"A","Q_tlw"
"512","DPX","51.3.1",1992,4245,"A","Q_tlw"
"512","DPX","51.3.1",1993,4818,"A","Q_tlw"
"512","DPX","51.3.1",1994,6232,"A","Q_tlw"
"512","DPX","51.3.1",1995,5175,"A","Q_tlw"
"512","DPX","51.3.1",1996,7529,"A","Q_tlw"
"512","DPX","51.3.1",1997,4554,"A","Q_tlw"
"512","DPX","51.3.1",1998,6938,"A","Q_tlw"
"512","DPX","51.3.1",1999,8760,"A","Q_tlw"
"512","DPX","51.3.1",2000,5735,"A","Q_tlw"
"512","DPX","51.3.1",2001,2197,"A","Q_tlw"
"512","DPX","51.3.1",2002,11247,"A","Q_tlw"
"512","DPX","51.3.1",2003,5861,"A","Q_tlw"
"512","DPX","51.3.1",2004,6478,"A","Q_tlw"
"512","DPX","51.3.1",2005,6340,"A","Q_tlw"
"512","DPX","51.3.1",2006,5554,"A","Q_tlw"
"512","DPX","51.3.1",2007,4846,"A","Q_tlw"
"512","DPX","51.3.1",2008,4165,"A","Q_tlw"
"512","DPX","51.3.1",2009,7330,"A","Q_tlw"
"512","DPX","51.3.1",2010,6157,"A","Q_tlw"
"512","DPX","51.3.1",2011,3547,"A","Q_tlw"
"512","DPX","51.3.1",2012,3165,"A","Q_tlw"
"512","DPX","51.3.1",2013,5159,"A","Q_tlw"
"512","DPX","51.3.1",2014,3989,"A","Q_tlw"
"512","DPX","51.3.1",2015,6648,"A","Q_tlw"
"512","DPX","51.3.1",2016,7437,"A","Q_tlw"
"512","DPX","51.3.1",2017,9352,"A","Q_tlw"
"512","DPX","51.3.1",2018,923,"A","Q_tlw"
"512","DPX","51.3.1",2019,2490.553,"A","Q_tlw"
"512","DPX","51.3.1",2020,3465.832,"A","Q_tlw"
"512","DPX","51.3.1",2021,3732.102,"A","Q_tlw"
"512","DPX","51.3.1",2022,4152.405,"A","Q_tlw"
"512","DPX","51.3.1",2023,70.906,"A","Q_tlw"
"512","DPX","51.3.2",2018,2563,"A","Q_tlw"
"512","DPX","51.3.2",2019,5160.598,"A","Q_tlw"
"512","DPX","51.3.2",2020,5402.111,"A","Q_tlw"
"512","DPX","51.3.2",2021,11662.112,"A","Q_tlw"
"512","DPX","51.3.2",2022,9307.437,"A","Q_tlw"
"512","DPX","51.3.2",2023,86.435,"A","Q_tlw"
"512","ANX","51.2.0",2001,309,"A","Q_tlw"
"512","ANX","51.2.0",2002,0,"A","Q_tlw"
"512","ANX","51.2.0",2003,0,"A","Q_tlw"
"512","ANX","51.2.0",2004,372,"A","Q_tlw"
"512","ANX","51.2.0",2005,235,"A","Q_tlw"
"512","ANX","51.2.0",2006,360,"A","Q_tlw"
"512","ANX","51.2.0",2007,317,"A","Q_tlw"
"512","ANX","51.2.0",2008,455,"A","Q_tlw"
"512","ANX","51.2.0",2009,131,"A","Q_tlw"
"512","ANX","51.2.0",2010,3101,"A","Q_tlw"
"512","ANX","51.2.0",2011,1013,"A","Q_tlw"
"512","ANX","51.2.0",2012,1131,"A","Q_tlw"
"512","ANX","51.2.0",2013,729,"A","Q_tlw"
"512","ANX","51.2.0",2014,860,"A","Q_tlw"
"512","ANX","51.2.0",2015,583,"A","Q_tlw"
"512","ANX","51.2.0",2016,819,"A","Q_tlw"
"512","ANX","51.2.0",2017,812,"A","Q_tlw"
"512","ANX","51.2.0",2018,982,"A","Q_tlw"
"512","ANX","51.2.0",2019,1608.837,"A","Q_tlw"
"512","ANX","51.2.0",2020,1345.782,"A","Q_tlw"
"512","ANX","51.2.0",2021,1713.685,"A","Q_tlw"
"512","ANX","51.2.0",2022,1056.989,"A","Q_tlw"
"512","ANX","51.2.0",2023,1632.018,"A","Q_tlw"
"512","ANX","51.3.1",1987,2926,"A","Q_tlw"
"512","ANX","51.3.1",1988,5033,"A","Q_tlw"
"512","ANX","51.3.1",1989,7145,"A","Q_tlw"
"512","ANX","51.3.1",1990,8960,"A","Q_tlw"
"512","ANX","51.3.1",1991,7525,"A","Q_tlw"
"512","ANX","51.3.1",1992,1983,"A","Q_tlw"
"512","ANX","51.3.1",1993,1000,"A","Q_tlw"
"512","ANX","51.3.1",1994,1272,"A","Q_tlw"
"512","ANX","51.3.1",1995,2073,"A","Q_tlw"
"512","ANX","51.3.1",1996,1017,"A","Q_tlw"
"512","ANX","51.3.1",1997,1189,"A","Q_tlw"
"512","ANX","51.3.1",1998,941,"A","Q_tlw"
"512","ANX","51.3.1",1999,485,"A","Q_tlw"
"512","ANX","51.3.1",2000,5126,"A","Q_tlw"
"512","ANX","51.3.1",2001,661,"A","Q_tlw"
"512","ANX","51.3.1",2002,2571,"A","Q_tlw"
"512","ANX","51.3.1",2003,860,"A","Q_tlw"
"512","ANX","51.3.1",2004,2833,"A","Q_tlw"
"512","ANX","51.3.1",2005,1621,"A","Q_tlw"
"512","ANX","51.3.1",2006,1646,"A","Q_tlw"
"512","ANX","51.3.1",2007,2032,"A","Q_tlw"
"512","ANX","51.3.1",2008,1141,"A","Q_tlw"
"512","ANX","51.3.1",2009,758,"A","Q_tlw"
"512","ANX","51.3.1",2010,2797,"A","Q_tlw"
"512","ANX","51.3.1",2011,2002,"A","Q_tlw"
"512","ANX","51.3.1",2012,2459,"A","Q_tlw"
"512","ANX","51.3.1",2013,3545,"A","Q_tlw"
"512","ANX","51.3.1",2014,7065,"A","Q_tlw"
"512","ANX","51.3.1",2015,7117,"A","Q_tlw"
"512","ANX","51.3.1",2016,7352,"A","Q_tlw"
"512","ANX","51.3.1",2017,7290,"A","Q_tlw"
"512","ANX","51.3.1",2018,11677,"A","Q_tlw"
"512","ANX","51.3.1",2019,15873.284,"A","Q_tlw"
"512","ANX","51.3.1",2020,12243.217,"A","Q_tlw"
"512","ANX","51.3.1",2021,13076.519,"A","Q_tlw"
"512","ANX","51.3.1",2022,9543.837,"A","Q_tlw"
"512","ANX","51.3.1",2023,13409.486,"A","Q_tlw"
"512","ANX","51.3.2",2018,0,"A","Q_tlw"
"512","ANX","51.3.2",2019,0,"A","Q_tlw"
"512","ANX","51.3.2",2020,12.137,"A","Q_tlw"
"512","ANX","51.3.2",2021,6708.469,"A","Q_tlw"
"512","ANX","51.3.2",2022,18.158,"A","Q_tlw"
"512","ANX","51.3.2",2023,48.853,"A","Q_tlw"
"512","CLP","51.2.0",2023,0,"A","Q_tlw"
"512","CLP","51.3.1",2023,1136.782,"A","Q_tlw"
"512","CLP","51.3.2",2023,21516.929,"A","Q_tlw"
"512","DOB","51.2.0",2023,0,"A","Q_tlw"
"512","DOB","51.3.1",2023,89.334,"A","Q_tlw"
"512","DOB","51.3.2",2023,435.86,"A","Q_tlw"
"512","HES","51.2.0",2023,0,"A","Q_tlw"
"512","HES","51.3.1",2023,1268.641,"A","Q_tlw"
"512","HES","51.3.2",2023,5939.675,"A","Q_tlw"
"512","SDB","51.2.0",2023,37.503,"A","Q_tlw"
"512","SDB","51.3.1",2023,307.054,"A","Q_tlw"
"512","SDB","51.3.2",2023,2819.39,"A","Q_tlw"
"512","SAG","51.2.0",2023,0,"A","Q_tlw"
"512","SAG","51.3.1",1987,2,"A","Q_tlw"
"512","SAG","51.3.1",2023,12024.772,"A","Q_tlw"
"512","SAG","51.3.2",2023,56595.313,"A","Q_tlw"
"512","IOS","51.2.0",2001,378,"A","Q_tlw"
"512","IOS","51.2.0",2002,145,"A","Q_tlw"
"512","IOS","51.2.0",2003,404,"A","Q_tlw"
"512","IOS","51.2.0",2004,428,"A","Q_tlw"
"512","IOS","51.2.0",2005,579,"A","Q_tlw"
"512","IOS","51.2.0",2006,623,"A","Q_tlw"
"512","IOS","51.2.0",2007,398,"A","Q_tlw"
"512","IOS","51.2.0",2008,570,"A","Q_tlw"
"512","IOS","51.2.0",2009,247,"A","Q_tlw"
"512","IOS","51.2.0",2010,340,"A","Q_tlw"
"512","IOS","51.2.0",2011,283,"A","Q_tlw"
"512","IOS","51.2.0",2012,608,"A","Q_tlw"
"512","IOS","51.2.0",2013,377,"A","Q_tlw"
"512","IOS","51.2.0",2014,416,"A","Q_tlw"
"512","IOS","51.2.0",2015,876,"A","Q_tlw"
"512","IOS","51.2.0",2016,689,"A","Q_tlw"
"512","IOS","51.2.0",2017,891,"A","Q_tlw"
"512","IOS","51.2.0",2018,737,"A","Q_tlw"
"512","IOS","51.2.0",2019,1274.798,"A","Q_tlw"
"512","IOS","51.2.0",2020,2227.791,"A","Q_tlw"
"512","IOS","51.2.0",2021,2220.303,"A","Q_tlw"
"512","IOS","51.2.0",2022,1825.181,"A","Q_tlw"
"512","IOS","51.2.0",2023,451.074,"A","Q_tlw"
"512","IOS","51.3.1",1987,449,"A","Q_tlw"
"512","IOS","51.3.1",1993,29204,"A","Q_tlw"
"512","IOS","51.3.1",1994,30267,"A","Q_tlw"
"512","IOS","51.3.1",1995,33053,"A","Q_tlw"
"512","IOS","51.3.1",1996,26741,"A","Q_tlw"
"512","IOS","51.3.1",1997,16765,"A","Q_tlw"
"512","IOS","51.3.1",1998,20650,"A","Q_tlw"
"512","IOS","51.3.1",1999,21710,"A","Q_tlw"
"512","IOS","51.3.1",2000,40044,"A","Q_tlw"
"512","IOS","51.3.1",2001,58582,"A","Q_tlw"
"512","IOS","51.3.1",2002,37786,"A","Q_tlw"
"512","IOS","51.3.1",2003,31560,"A","Q_tlw"
"512","IOS","51.3.1",2004,34437,"A","Q_tlw"
"512","IOS","51.3.1",2005,31512,"A","Q_tlw"
"512","IOS","51.3.1",2006,35564,"A","Q_tlw"
"512","IOS","51.3.1",2007,33883,"A","Q_tlw"
"512","IOS","51.3.1",2008,32896,"A","Q_tlw"
"512","IOS","51.3.1",2009,36355,"A","Q_tlw"
"512","IOS","51.3.1",2010,31730,"A","Q_tlw"
"512","IOS","51.3.1",2011,27648,"A","Q_tlw"
"512","IOS","51.3.1",2012,42941,"A","Q_tlw"
"512","IOS","51.3.1",2013,52167,"A","Q_tlw"
"512","IOS","51.3.1",2014,63023,"A","Q_tlw"
"512","IOS","51.3.1",2015,81778,"A","Q_tlw"
"512","IOS","51.3.1",2016,93453,"A","Q_tlw"
"512","IOS","51.3.1",2017,120909,"A","Q_tlw"
"512","IOS","51.3.1",2018,18924,"A","Q_tlw"
"512","IOS","51.3.1",2019,19308.819,"A","Q_tlw"
"512","IOS","51.3.1",2020,43088.166,"A","Q_tlw"
"512","IOS","51.3.1",2021,43889.742,"A","Q_tlw"
"512","IOS","51.3.1",2022,24028.086,"A","Q_tlw"
"512","IOS","51.3.1",2023,12432.414,"A","Q_tlw"
"512","IOS","51.3.2",2018,269502,"A","Q_tlw"
"512","IOS","51.3.2",2019,254602.243,"A","Q_tlw"
"512","IOS","51.3.2",2020,384814.137,"A","Q_tlw"
"512","IOS","51.3.2",2021,394046.276,"A","Q_tlw"
"512","IOS","51.3.2",2022,254769.362,"A","Q_tlw"
"512","IOS","51.3.2",2023,135870.309,"A","Q_tlw"
"512","TUX","51.2.0",2001,1,"A","Q_tlw"
"512","TUX","51.2.0",2002,0,"A","Q_tlw"
"512","TUX","51.2.0",2003,0,"A","Q_tlw"
"512","TUX","51.2.0",2004,129,"A","Q_tlw"
"512","TUX","51.2.0",2005,4,"A","Q_tlw"
"512","TUX","51.2.0",2006,74,"A","Q_tlw"
"512","TUX","51.2.0",2007,65,"A","Q_tlw"
"512","TUX","51.2.0",2008,94,"A","Q_tlw"
"512","TUX","51.2.0",2009,0,"N","Q_tlw"
"512","TUX","51.2.0",2010,0,"N","Q_tlw"
"512","TUX","51.2.0",2011,0,"A","Q_tlw"
"512","TUX","51.2.0",2012,0,"A","Q_tlw"
"512","TUX","51.2.0",2013,5,"A","Q_tlw"
"512","TUX","51.2.0",2014,34,"A","Q_tlw"
"512","TUX","51.2.0",2015,159,"A","Q_tlw"
"512","TUX","51.2.0",2016,146,"A","Q_tlw"
"512","TUX","51.2.0",2017,474,"A","Q_tlw"
"512","TUX","51.2.0",2018,92,"A","Q_tlw"
"512","TUX","51.2.0",2019,261.571,"A","Q_tlw"
"512","TUX","51.2.0",2020,349.774,"A","Q_tlw"
"512","TUX","51.2.0",2021,204.682,"A","Q_tlw"
"512","TUX","51.2.0",2022,210.279,"A","Q_tlw"
"512","TUX","51.3.1",1986,92,"A","Q_tlw"
"512","TUX","51.3.1",1987,214,"A","Q_tlw"
"512","TUX","51.3.1",1988,305,"A","Q_tlw"
"512","TUX","51.3.1",1989,1016,"A","Q_tlw"
"512","TUX","51.3.1",1990,1176,"A","Q_tlw"
"512","TUX","51.3.1",1991,0,"A","Q_tlw"
"512","TUX","51.3.1",1992,178,"A","Q_tlw"
"512","TUX","51.3.1",1993,477,"A","Q_tlw"
"512","TUX","51.3.1",1994,588,"A","Q_tlw"
"512","TUX","51.3.1",1995,240,"A","Q_tlw"
"512","TUX","51.3.1",1996,184,"A","Q_tlw"
"512","TUX","51.3.1",1997,366,"A","Q_tlw"
"512","TUX","51.3.1",1998,124,"A","Q_tlw"
"512","TUX","51.3.1",1999,99,"A","Q_tlw"
"512","TUX","51.3.1",2000,521,"A","Q_tlw"
"512","TUX","51.3.1",2001,187,"A","Q_tlw"
"512","TUX","51.3.1",2002,7,"A","Q_tlw"
"512","TUX","51.3.1",2003,69,"A","Q_tlw"
"512","TUX","51.3.1",2004,1087,"A","Q_tlw"
"512","TUX","51.3.1",2005,45,"A","Q_tlw"
"512","TUX","51.3.1",2006,375,"A","Q_tlw"
"512","TUX","51.3.1",2007,503,"A","Q_tlw"
"512","TUX","51.3.1",2008,324,"A","Q_tlw"
"512","TUX","51.3.1",2009,55,"A","Q_tlw"
"512","TUX","51.3.1",2010,369,"A","Q_tlw"
"512","TUX","51.3.1",2011,2028,"A","Q_tlw"
"512","TUX","51.3.1",2012,1225,"A","Q_tlw"
"512","TUX","51.3.1",2013,517,"A","Q_tlw"
"512","TUX","51.3.1",2014,705,"A","Q_tlw"
"512","TUX","51.3.1",2015,1460,"A","Q_tlw"
"512","TUX","51.3.1",2016,251,"A","Q_tlw"
"512","TUX","51.3.1",2017,814,"A","Q_tlw"
"512","TUX","51.3.1",2018,192,"A","Q_tlw"
"512","TUX","51.3.1",2019,670.88,"A","Q_tlw"
"512","TUX","51.3.1",2020,3832.897,"A","Q_tlw"
"512","TUX","51.3.1",2021,3848.515,"A","Q_tlw"
"512","TUX","51.3.1",2022,8576.75,"A","Q_tlw"
"512","TUX","51.3.2",2018,875,"A","Q_tlw"
"512","TUX","51.3.2",2019,1643.394,"A","Q_tlw"
"512","TUX","51.3.2",2020,4899.987,"A","Q_tlw"
"512","TUX","51.3.2",2021,7327.276,"A","Q_tlw"
"512","TUX","51.3.2",2022,10082.626,"A","Q_tlw"
"512","WAH","51.2.0",2023,8.052,"A","Q_tlw"
"512","WAH","51.3.1",2023,5.133,"A","Q_tlw"
"512","WAH","51.3.2",2023,7.539,"A","Q_tlw"
"512","FRZ","51.2.0",2001,4,"A","Q_tlw"
"512","FRZ","51.2.0",2002,1,"A","Q_tlw"
"512","FRZ","51.2.0",2003,15,"A","Q_tlw"
"512","FRZ","51.2.0",2004,4,"A","Q_tlw"
"512","FRZ","51.2.0",2005,14,"A","Q_tlw"
"512","FRZ","51.2.0",2006,15,"A","Q_tlw"
"512","FRZ","51.2.0",2007,8,"A","Q_tlw"
"512","FRZ","51.2.0",2008,11,"A","Q_tlw"
"512","FRZ","51.2.0",2009,43,"A","Q_tlw"
"512","FRZ","51.2.0",2010,204,"A","Q_tlw"
"512","FRZ","51.2.0",2011,86,"A","Q_tlw"
"512","FRZ","51.2.0",2012,133,"A","Q_tlw"
"512","FRZ","51.2.0",2013,7,"A","Q_tlw"
"512","FRZ","51.2.0",2014,2,"A","Q_tlw"
"512","FRZ","51.2.0",2015,41,"A","Q_tlw"
"512","FRZ","51.2.0",2016,30,"A","Q_tlw"
"512","FRZ","51.2.0",2017,33,"A","Q_tlw"
"512","FRZ","51.2.0",2018,44,"A","Q_tlw"
"512","FRZ","51.2.0",2019,10.56,"A","Q_tlw"
"512","FRZ","51.2.0",2020,31.108,"A","Q_tlw"
"512","FRZ","51.2.0",2021,16.458,"A","Q_tlw"
"512","FRZ","51.2.0",2022,48.413,"A","Q_tlw"
"512","FRZ","51.3.1",1986,138,"A","Q_tlw"
"512","FRZ","51.3.1",1987,321,"A","Q_tlw"
"512","FRZ","51.3.1",1988,457,"A","Q_tlw"
"512","FRZ","51.3.1",1989,888,"A","Q_tlw"
"512","FRZ","51.3.1",1990,539,"A","Q_tlw"
"512","FRZ","51.3.1",1991,130,"A","Q_tlw"
"512","FRZ","51.3.1",1992,210,"A","Q_tlw"
"512","FRZ","51.3.1",1993,354,"A","Q_tlw"
"512","FRZ","51.3.1",1994,391,"A","Q_tlw"
"512","FRZ","51.3.1",1995,786,"A","Q_tlw"
"512","FRZ","51.3.1",1996,613,"A","Q_tlw"
"512","FRZ","51.3.1",1997,846,"A","Q_tlw"
"512","FRZ","51.3.1",1998,611,"A","Q_tlw"
"512","FRZ","51.3.1",1999,583,"A","Q_tlw"
"512","FRZ","51.3.1",2000,488,"A","Q_tlw"
"512","FRZ","51.3.1",2001,634,"A","Q_tlw"
"512","FRZ","51.3.1",2002,169,"A","Q_tlw"
"512","FRZ","51.3.1",2003,106,"A","Q_tlw"
"512","FRZ","51.3.1",2004,190,"A","Q_tlw"
"512","FRZ","51.3.1",2005,203,"A","Q_tlw"
"512","FRZ","51.3.1",2006,156,"A","Q_tlw"
"512","FRZ","51.3.1",2007,186,"A","Q_tlw"
"512","FRZ","51.3.1",2008,1102,"A","Q_tlw"
"512","FRZ","51.3.1",2009,694,"A","Q_tlw"
"512","FRZ","51.3.1",2010,1110,"A","Q_tlw"
"512","FRZ","51.3.1",2011,1491,"A","Q_tlw"
"512","FRZ","51.3.1",2012,810,"A","Q_tlw"
"512","FRZ","51.3.1",2013,1007,"A","Q_tlw"
"512","FRZ","51.3.1",2014,393,"A","Q_tlw"
"512","FRZ","51.3.1",2015,643,"A","Q_tlw"
"512","FRZ","51.3.1",2016,1048,"A","Q_tlw"
"512","FRZ","51.3.1",2017,1151,"A","Q_tlw"
"512","FRZ","51.3.1",2018,1321,"A","Q_tlw"
"512","FRZ","51.3.1",2019,757.126,"A","Q_tlw"
"512","FRZ","51.3.1",2020,1403.498,"A","Q_tlw"
"512","FRZ","51.3.1",2021,3301.645,"A","Q_tlw"
"512","FRZ","51.3.1",2022,3165.014,"A","Q_tlw"
"512","FRZ","51.3.2",2018,821,"A","Q_tlw"
"512","FRZ","51.3.2",2019,361.873,"A","Q_tlw"
"512","FRZ","51.3.2",2020,1015.509,"A","Q_tlw"
"512","FRZ","51.3.2",2021,3049.586,"A","Q_tlw"
"512","FRZ","51.3.2",2022,2097.215,"A","Q_tlw"
"512","FRI","51.2.0",2023,51.166,"A","Q_tlw"
"512","FRI","51.3.1",2023,2888.856,"A","Q_tlw"
"512","FRI","51.3.2",2023,1581.675,"A","Q_tlw"
"512","KAW","51.2.0",2001,123,"A","Q_tlw"
"512","KAW","51.2.0",2002,71,"A","Q_tlw"
"512","KAW","51.2.0",2003,219,"A","Q_tlw"
"512","KAW","51.2.0",2004,304,"A","Q_tlw"
"512","KAW","51.2.0",2005,403,"A","Q_tlw"
"512","KAW","51.2.0",2006,430,"A","Q_tlw"
"512","KAW","51.2.0",2007,297,"A","Q_tlw"
"512","KAW","51.2.0",2008,425,"A","Q_tlw"
"512","KAW","51.2.0",2009,130,"A","Q_tlw"
"512","KAW","51.2.0",2010,257,"A","Q_tlw"
"512","KAW","51.2.0",2011,133,"A","Q_tlw"
"512","KAW","51.2.0",2012,269,"A","Q_tlw"
"512","KAW","51.2.0",2013,916,"A","Q_tlw"
"512","KAW","51.2.0",2014,588,"A","Q_tlw"
"512","KAW","51.2.0",2015,536,"A","Q_tlw"
"512","KAW","51.2.0",2016,589,"A","Q_tlw"
"512","KAW","51.2.0",2017,829,"A","Q_tlw"
"512","KAW","51.2.0",2018,1121,"A","Q_tlw"
"512","KAW","51.2.0",2019,318.826,"A","Q_tlw"
"512","KAW","51.2.0",2020,660.11,"A","Q_tlw"
"512","KAW","51.2.0",2021,323.932,"A","Q_tlw"
"512","KAW","51.2.0",2022,268.589,"A","Q_tlw"
"512","KAW","51.2.0",2023,292.215,"A","Q_tlw"
"512","KAW","51.3.1",1986,1098,"A","Q_tlw"
"512","KAW","51.3.1",1987,2546,"A","Q_tlw"
"512","KAW","51.3.1",1988,3420,"A","Q_tlw"
"512","KAW","51.3.1",1989,1708,"A","Q_tlw"
"512","KAW","51.3.1",1990,1831,"A","Q_tlw"
"512","KAW","51.3.1",1991,1137,"A","Q_tlw"
"512","KAW","51.3.1",1992,1439,"A","Q_tlw"
"512","KAW","51.3.1",1993,701,"A","Q_tlw"
"512","KAW","51.3.1",1994,1113,"A","Q_tlw"
"512","KAW","51.3.1",1995,2064,"A","Q_tlw"
"512","KAW","51.3.1",1996,2335,"A","Q_tlw"
"512","KAW","51.3.1",1997,2388,"A","Q_tlw"
"512","KAW","51.3.1",1998,1731,"A","Q_tlw"
"512","KAW","51.3.1",1999,1522,"A","Q_tlw"
"512","KAW","51.3.1",2000,1550,"A","Q_tlw"
"512","KAW","51.3.1",2001,1838,"A","Q_tlw"
"512","KAW","51.3.1",2002,1422,"A","Q_tlw"
"512","KAW","51.3.1",2003,2684,"A","Q_tlw"
"512","KAW","51.3.1",2004,1836,"A","Q_tlw"
"512","KAW","51.3.1",2005,1814,"A","Q_tlw"
"512","KAW","51.3.1",2006,2013,"A","Q_tlw"
"512","KAW","51.3.1",2007,1964,"A","Q_tlw"
"512","KAW","51.3.1",2008,3652,"A","Q_tlw"
"512","KAW","51.3.1",2009,2206,"A","Q_tlw"
"512","KAW","51.3.1",2010,1957,"A","Q_tlw"
"512","KAW","51.3.1",2011,2980,"A","Q_tlw"
"512","KAW","51.3.1",2012,4340,"A","Q_tlw"
"512","KAW","51.3.1",2013,3404,"A","Q_tlw"
"512","KAW","51.3.1",2014,3446,"A","Q_tlw"
"512","KAW","51.3.1",2015,4364,"A","Q_tlw"
"512","KAW","51.3.1",2016,4966,"A","Q_tlw"
"512","KAW","51.3.1",2017,6989,"A","Q_tlw"
"512","KAW","51.3.1",2018,3873,"A","Q_tlw"
"512","KAW","51.3.1",2019,2558.493,"A","Q_tlw"
"512","KAW","51.3.1",2020,4238.563,"A","Q_tlw"
"512","KAW","51.3.1",2021,2920.396,"A","Q_tlw"
"512","KAW","51.3.1",2022,3738.183,"A","Q_tlw"
"512","KAW","51.3.1",2023,4065.085,"A","Q_tlw"
"512","KAW","51.3.2",2018,4507,"A","Q_tlw"
"512","KAW","51.3.2",2019,3824.229,"A","Q_tlw"
"512","KAW","51.3.2",2020,3229.461,"A","Q_tlw"
"512","KAW","51.3.2",2021,4106.624,"A","Q_tlw"
"512","KAW","51.3.2",2022,2687.881,"A","Q_tlw"
"512","KAW","51.3.2",2023,1426.732,"A","Q_tlw"
"512","SKJ","51.2.0",2014,1,"A","Q_tlw"
"512","SKJ","51.2.0",2015,0,"A","Q_tlw"
"512","SKJ","51.2.0",2016,11,"A","Q_tlw"
"512","SKJ","51.2.0",2017,3,"A","Q_tlw"
"512","SKJ","51.2.0",2018,6,"A","Q_tlw"
"512","SKJ","51.2.0",2019,1.414,"A","Q_tlw"
"512","SKJ","51.2.0",2020,4.73,"A","Q_tlw"
"512","SKJ","51.2.0",2021,7.939,"A","Q_tlw"
"512","SKJ","51.2.0",2022,5.498,"A","Q_tlw"
"512","SKJ","51.2.0",2023,6.062,"A","Q_tlw"
"512","SKJ","51.3.1",1986,0,"A","Q_tlw"
"512","SKJ","51.3.1",1987,0,"A","Q_tlw"
"512","SKJ","51.3.1",1988,0,"A","Q_tlw"
"512","SKJ","51.3.1",1989,0,"A","Q_tlw"
"512","SKJ","51.3.1",1990,0,"A","Q_tlw"
"512","SKJ","51.3.1",1991,0,"A","Q_tlw"
"512","SKJ","51.3.1",1992,0,"A","Q_tlw"
"512","SKJ","51.3.1",1993,0,"A","Q_tlw"
"512","SKJ","51.3.1",1994,372,"A","Q_tlw"
"512","SKJ","51.3.1",1995,775,"A","Q_tlw"
"512","SKJ","51.3.1",1996,408,"A","Q_tlw"
"512","SKJ","51.3.1",1997,730,"A","Q_tlw"
"512","SKJ","51.3.1",1998,227,"A","Q_tlw"
"512","SKJ","51.3.1",1999,320,"A","Q_tlw"
"512","SKJ","51.3.1",2000,293,"A","Q_tlw"
"512","SKJ","51.3.1",2001,1,"A","Q_tlw"
"512","SKJ","51.3.1",2002,2,"A","Q_tlw"
"512","SKJ","51.3.1",2003,111,"A","Q_tlw"
"512","SKJ","51.3.1",2004,149,"A","Q_tlw"
"512","SKJ","51.3.1",2005,63,"A","Q_tlw"
"512","SKJ","51.3.1",2006,106,"A","Q_tlw"
"512","SKJ","51.3.1",2007,102,"A","Q_tlw"
"512","SKJ","51.3.1",2008,18,"A","Q_tlw"
"512","SKJ","51.3.1",2009,11,"A","Q_tlw"
"512","SKJ","51.3.1",2010,80,"A","Q_tlw"
"512","SKJ","51.3.1",2011,22,"A","Q_tlw"
"512","SKJ","51.3.1",2012,100,"A","Q_tlw"
"512","SKJ","51.3.1",2013,8,"A","Q_tlw"
"512","SKJ","51.3.1",2014,22,"A","Q_tlw"
"512","SKJ","51.3.1",2015,16,"A","Q_tlw"
"512","SKJ","51.3.1",2016,205,"A","Q_tlw"
"512","SKJ","51.3.1",2017,52,"A","Q_tlw"
"512","SKJ","51.3.1",2018,175,"A","Q_tlw"
"512","SKJ","51.3.1",2019,24.882,"A","Q_tlw"
"512","SKJ","51.3.1",2020,44.027,"A","Q_tlw"
"512","SKJ","51.3.1",2021,171.714,"A","Q_tlw"
"512","SKJ","51.3.1",2022,269.491,"A","Q_tlw"
"512","SKJ","51.3.1",2023,159.834,"A","Q_tlw"
"512","SKJ","51.3.2",2018,25,"A","Q_tlw"
"512","SKJ","51.3.2",2019,75.673,"A","Q_tlw"
"512","SKJ","51.3.2",2020,41.09,"A","Q_tlw"
"512","SKJ","51.3.2",2021,49.663,"A","Q_tlw"
"512","SKJ","51.3.2",2022,5.933,"A","Q_tlw"
"512","SKJ","51.3.2",2023,0.48,"A","Q_tlw"
"512","BIP","51.2.0",2014,3,"A","Q_tlw"
"512","BIP","51.2.0",2015,2,"A","Q_tlw"
"512","BIP","51.2.0",2016,1,"A","Q_tlw"
"512","BIP","51.2.0",2017,0,"N","Q_tlw"
"512","BIP","51.2.0",2018,1,"A","Q_tlw"
"512","BIP","51.2.0",2019,0.464,"A","Q_tlw"
"512","BIP","51.2.0",2020,0,"A","Q_tlw"
"512","BIP","51.2.0",2021,1.309,"A","Q_tlw"
"512","BIP","51.2.0",2022,1.715,"A","Q_tlw"
"512","BIP","51.2.0",2023,7.636,"A","Q_tlw"
"512","BIP","51.3.1",1992,298,"A","Q_tlw"
"512","BIP","51.3.1",1993,224,"A","Q_tlw"
"512","BIP","51.3.1",1994,155,"A","Q_tlw"
"512","BIP","51.3.1",1995,788,"A","Q_tlw"
"512","BIP","51.3.1",1996,370,"A","Q_tlw"
"512","BIP","51.3.1",1997,498,"A","Q_tlw"
"512","BIP","51.3.1",1998,162,"A","Q_tlw"
"512","BIP","51.3.1",1999,134,"A","Q_tlw"
"512","BIP","51.3.1",2000,95,"A","Q_tlw"
"512","BIP","51.3.1",2001,287,"A","Q_tlw"
"512","BIP","51.3.1",2002,378,"A","Q_tlw"
"512","BIP","51.3.1",2003,587,"A","Q_tlw"
"512","BIP","51.3.1",2004,869,"A","Q_tlw"
"512","BIP","51.3.1",2005,620,"A","Q_tlw"
"512","BIP","51.3.1",2006,679,"A","Q_tlw"
"512","BIP","51.3.1",2007,693,"A","Q_tlw"
"512","BIP","51.3.1",2008,582,"A","Q_tlw"
"512","BIP","51.3.1",2009,162,"A","Q_tlw"
"512","BIP","51.3.1",2010,181,"A","Q_tlw"
"512","BIP","51.3.1",2011,564,"A","Q_tlw"
"512","BIP","51.3.1",2012,501,"A","Q_tlw"
"512","BIP","51.3.1",2013,307,"A","Q_tlw"
"512","BIP","51.3.1",2014,1140,"A","Q_tlw"
"512","BIP","51.3.1",2015,4543,"A","Q_tlw"
"512","BIP","51.3.1",2016,4573,"A","Q_tlw"
"512","BIP","51.3.1",2017,1695,"A","Q_tlw"
"512","BIP","51.3.1",2018,52,"A","Q_tlw"
"512","BIP","51.3.1",2019,159.094,"A","Q_tlw"
"512","BIP","51.3.1",2020,279.994,"A","Q_tlw"
"512","BIP","51.3.1",2021,591.639,"A","Q_tlw"
"512","BIP","51.3.1",2022,643.559,"A","Q_tlw"
"512","BIP","51.3.1",2023,266.324,"A","Q_tlw"
"512","BIP","51.3.2",2018,2142,"A","Q_tlw"
"512","BIP","51.3.2",2019,918.013,"A","Q_tlw"
"512","BIP","51.3.2",2020,1207.281,"A","Q_tlw"
"512","BIP","51.3.2",2021,1556.464,"A","Q_tlw"
"512","BIP","51.3.2",2022,1183.527,"A","Q_tlw"
"512","BIP","51.3.2",2023,1110.493,"A","Q_tlw"
"512","COM","51.2.0",2001,104,"A","Q_tlw"
"512","COM","51.2.0",2002,32,"A","Q_tlw"
"512","COM","51.2.0",2003,163,"A","Q_tlw"
"512","COM","51.2.0",2004,92,"A","Q_tlw"
"512","COM","51.2.0",2005,260,"A","Q_tlw"
"512","COM","51.2.0",2006,216,"A","Q_tlw"
"512","COM","51.2.0",2007,129,"A","Q_tlw"
"512","COM","51.2.0",2008,185,"A","Q_tlw"
"512","COM","51.2.0",2009,196,"A","Q_tlw"
"512","COM","51.2.0",2010,247,"A","Q_tlw"
"512","COM","51.2.0",2011,401,"A","Q_tlw"
"512","COM","51.2.0",2012,636,"A","Q_tlw"
"512","COM","51.2.0",2013,515,"A","Q_tlw"
"512","COM","51.2.0",2014,539,"A","Q_tlw"
"512","COM","51.2.0",2015,534,"A","Q_tlw"
"512","COM","51.2.0",2016,514,"A","Q_tlw"
"512","COM","51.2.0",2017,245,"A","Q_tlw"
"512","COM","51.2.0",2018,526,"A","Q_tlw"
"512","COM","51.2.0",2019,341.159,"A","Q_tlw"
"512","COM","51.2.0",2020,648.704,"A","Q_tlw"
"512","COM","51.2.0",2021,436.165,"A","Q_tlw"
"512","COM","51.2.0",2022,321.746,"A","Q_tlw"
"512","COM","51.2.0",2023,447.873,"A","Q_tlw"
"512","COM","51.3.1",1986,14316,"A","Q_tlw"
"512","COM","51.3.1",1987,25336,"A","Q_tlw"
"512","COM","51.3.1",1988,27834,"A","Q_tlw"
"512","COM","51.3.1",1989,11086,"A","Q_tlw"
"512","COM","51.3.1",1990,7836,"A","Q_tlw"
"512","COM","51.3.1",1991,3567,"A","Q_tlw"
"512","COM","51.3.1",1992,3616,"A","Q_tlw"
"512","COM","51.3.1",1993,3143,"A","Q_tlw"
"512","COM","51.3.1",1994,3764,"A","Q_tlw"
"512","COM","51.3.1",1995,6185,"A","Q_tlw"
"512","COM","51.3.1",1996,5243,"A","Q_tlw"
"512","COM","51.3.1",1997,5944,"A","Q_tlw"
"512","COM","51.3.1",1998,3145,"A","Q_tlw"
"512","COM","51.3.1",1999,3390,"A","Q_tlw"
"512","COM","51.3.1",2000,2559,"A","Q_tlw"
"512","COM","51.3.1",2001,2681,"A","Q_tlw"
"512","COM","51.3.1",2002,2056,"A","Q_tlw"
"512","COM","51.3.1",2003,2601,"A","Q_tlw"
"512","COM","51.3.1",2004,3106,"A","Q_tlw"
"512","COM","51.3.1",2005,3112,"A","Q_tlw"
"512","COM","51.3.1",2006,2716,"A","Q_tlw"
"512","COM","51.3.1",2007,3029,"A","Q_tlw"
"512","COM","51.3.1",2008,3575,"A","Q_tlw"
"512","COM","51.3.1",2009,3570,"A","Q_tlw"
"512","COM","51.3.1",2010,3813,"A","Q_tlw"
"512","COM","51.3.1",2011,2971,"A","Q_tlw"
"512","COM","51.3.1",2012,4984,"A","Q_tlw"
"512","COM","51.3.1",2013,3661,"A","Q_tlw"
"512","COM","51.3.1",2014,4440,"A","Q_tlw"
"512","COM","51.3.1",2015,3458,"A","Q_tlw"
"512","COM","51.3.1",2016,6497,"A","Q_tlw"
"512","COM","51.3.1",2017,3096,"A","Q_tlw"
"512","COM","51.3.1",2018,1757,"A","Q_tlw"
"512","COM","51.3.1",2019,1429.879,"A","Q_tlw"
"512","COM","51.3.1",2020,2689.998,"A","Q_tlw"
"512","COM","51.3.1",2021,2394.569,"A","Q_tlw"
"512","COM","51.3.1",2022,1742.649,"A","Q_tlw"
"512","COM","51.3.1",2023,3099.401,"A","Q_tlw"
"512","COM","51.3.2",2018,318,"A","Q_tlw"
"512","COM","51.3.2",2019,327.139,"A","Q_tlw"
"512","COM","51.3.2",2020,2567.48,"A","Q_tlw"
"512","COM","51.3.2",2021,4835.977,"A","Q_tlw"
"512","COM","51.3.2",2022,3457.655,"A","Q_tlw"
"512","COM","51.3.2",2023,8801.56,"A","Q_tlw"
"512","YFT","51.2.0",2001,34,"A","Q_tlw"
"512","YFT","51.2.0",2002,43,"A","Q_tlw"
"512","YFT","51.2.0",2003,6,"A","Q_tlw"
"512","YFT","51.2.0",2004,0,"A","Q_tlw"
"512","YFT","51.2.0",2005,119,"A","Q_tlw"
"512","YFT","51.2.0",2006,31,"A","Q_tlw"
"512","YFT","51.2.0",2007,26,"A","Q_tlw"
"512","YFT","51.2.0",2008,37,"A","Q_tlw"
"512","YFT","51.2.0",2009,18,"A","Q_tlw"
"512","YFT","51.2.0",2010,300,"A","Q_tlw"
"512","YFT","51.2.0",2011,43,"A","Q_tlw"
"512","YFT","51.2.0",2012,34,"A","Q_tlw"
"512","YFT","51.2.0",2013,1,"A","Q_tlw"
"512","YFT","51.2.0",2014,68,"A","Q_tlw"
"512","YFT","51.2.0",2015,172,"A","Q_tlw"
"512","YFT","51.2.0",2016,145,"A","Q_tlw"
"512","YFT","51.2.0",2017,135,"A","Q_tlw"
"512","YFT","51.2.0",2018,119,"A","Q_tlw"
"512","YFT","51.2.0",2019,454.516,"A","Q_tlw"
"512","YFT","51.2.0",2020,772.052,"A","Q_tlw"
"512","YFT","51.2.0",2021,281.946,"A","Q_tlw"
"512","YFT","51.2.0",2022,432.601,"A","Q_tlw"
"512","YFT","51.2.0",2023,679.446,"A","Q_tlw"
"512","YFT","51.3.1",1986,2520,"A","Q_tlw"
"512","YFT","51.3.1",1987,5842,"A","Q_tlw"
"512","YFT","51.3.1",1988,15485,"A","Q_tlw"
"512","YFT","51.3.1",1989,15998,"A","Q_tlw"
"512","YFT","51.3.1",1990,14084,"A","Q_tlw"
"512","YFT","51.3.1",1991,8996,"A","Q_tlw"
"512","YFT","51.3.1",1992,13419,"A","Q_tlw"
"512","YFT","51.3.1",1993,11366,"A","Q_tlw"
"512","YFT","51.3.1",1994,20707,"A","Q_tlw"
"512","YFT","51.3.1",1995,28477,"A","Q_tlw"
"512","YFT","51.3.1",1996,20718,"A","Q_tlw"
"512","YFT","51.3.1",1997,15905,"A","Q_tlw"
"512","YFT","51.3.1",1998,14897,"A","Q_tlw"
"512","YFT","51.3.1",1999,7377,"A","Q_tlw"
"512","YFT","51.3.1",2000,8377,"A","Q_tlw"
"512","YFT","51.3.1",2001,7911,"A","Q_tlw"
"512","YFT","51.3.1",2002,7071,"A","Q_tlw"
"512","YFT","51.3.1",2003,10230,"A","Q_tlw"
"512","YFT","51.3.1",2004,24310,"A","Q_tlw"
"512","YFT","51.3.1",2005,21850,"A","Q_tlw"
"512","YFT","51.3.1",2006,17493,"A","Q_tlw"
"512","YFT","51.3.1",2007,19822,"A","Q_tlw"
"512","YFT","51.3.1",2008,7009,"A","Q_tlw"
"512","YFT","51.3.1",2009,7003,"A","Q_tlw"
"512","YFT","51.3.1",2010,2902,"A","Q_tlw"
"512","YFT","51.3.1",2011,1986,"A","Q_tlw"
"512","YFT","51.3.1",2012,5548,"A","Q_tlw"
"512","YFT","51.3.1",2013,7768,"A","Q_tlw"
"512","YFT","51.3.1",2014,7139,"A","Q_tlw"
"512","YFT","51.3.1",2015,14785,"A","Q_tlw"
"512","YFT","51.3.1",2016,20714,"A","Q_tlw"
"512","YFT","51.3.1",2017,19272,"A","Q_tlw"
"512","YFT","51.3.1",2018,8356,"A","Q_tlw"
"512","YFT","51.3.1",2019,9657.451,"A","Q_tlw"
"512","YFT","51.3.1",2020,18299.485,"A","Q_tlw"
"512","YFT","51.3.1",2021,13011.003,"A","Q_tlw"
"512","YFT","51.3.1",2022,20360.685,"A","Q_tlw"
"512","YFT","51.3.1",2023,14410.745,"A","Q_tlw"
"512","YFT","51.3.2",2018,20126,"A","Q_tlw"
"512","YFT","51.3.2",2019,26961.641,"A","Q_tlw"
"512","YFT","51.3.2",2020,49506.194,"A","Q_tlw"
"512","YFT","51.3.2",2021,58383.194,"A","Q_tlw"
"512","YFT","51.3.2",2022,51373.29,"A","Q_tlw"
"512","YFT","51.3.2",2023,50776.164,"A","Q_tlw"
"512","LOT","51.2.0",2001,701,"A","Q_tlw"
"512","LOT","51.2.0",2002,123,"A","Q_tlw"
"512","LOT","51.2.0",2003,514,"A","Q_tlw"
"512","LOT","51.2.0",2004,248,"A","Q_tlw"
"512","LOT","51.2.0",2005,672,"A","Q_tlw"
"512","LOT","51.2.0",2006,653,"A","Q_tlw"
"512","LOT","51.2.0",2007,382,"A","Q_tlw"
"512","LOT","51.2.0",2008,548,"A","Q_tlw"
"512","LOT","51.2.0",2009,1316,"A","Q_tlw"
"512","LOT","51.2.0",2010,1636,"A","Q_tlw"
"512","LOT","51.2.0",2011,3453,"A","Q_tlw"
"512","LOT","51.2.0",2012,4183,"A","Q_tlw"
"512","LOT","51.2.0",2013,1306,"A","Q_tlw"
"512","LOT","51.2.0",2014,2037,"A","Q_tlw"
"512","LOT","51.2.0",2015,2004,"A","Q_tlw"
"512","LOT","51.2.0",2016,3204,"I","Q_tlw"
"512","LOT","51.2.0",2017,4615,"A","Q_tlw"
"512","LOT","51.2.0",2018,3051,"A","Q_tlw"
"512","LOT","51.2.0",2019,2606.972,"A","Q_tlw"
"512","LOT","51.2.0",2020,5117.369,"A","Q_tlw"
"512","LOT","51.2.0",2021,7582.821,"A","Q_tlw"
"512","LOT","51.2.0",2022,5555.882,"A","Q_tlw"
"512","LOT","51.2.0",2023,5391.955,"A","Q_tlw"
"512","LOT","51.3.1",1986,7445,"A","Q_tlw"
"512","LOT","51.3.1",1987,17257,"A","Q_tlw"
"512","LOT","51.3.1",1988,15669,"A","Q_tlw"
"512","LOT","51.3.1",1989,8528,"A","Q_tlw"
"512","LOT","51.3.1",1990,6658,"A","Q_tlw"
"512","LOT","51.3.1",1991,4266,"A","Q_tlw"
"512","LOT","51.3.1",1992,5065,"A","Q_tlw"
"512","LOT","51.3.1",1993,6705,"A","Q_tlw"
"512","LOT","51.3.1",1994,5088,"A","Q_tlw"
"512","LOT","51.3.1",1995,3967,"A","Q_tlw"
"512","LOT","51.3.1",1996,5316,"A","Q_tlw"
"512","LOT","51.3.1",1997,5020,"A","Q_tlw"
"512","LOT","51.3.1",1998,4379,"A","Q_tlw"
"512","LOT","51.3.1",1999,4798,"A","Q_tlw"
"512","LOT","51.3.1",2000,5318,"A","Q_tlw"
"512","LOT","51.3.1",2001,5310,"A","Q_tlw"
"512","LOT","51.3.1",2002,6731,"A","Q_tlw"
"512","LOT","51.3.1",2003,7510,"A","Q_tlw"
"512","LOT","51.3.1",2004,7543,"A","Q_tlw"
"512","LOT","51.3.1",2005,6974,"A","Q_tlw"
"512","LOT","51.3.1",2006,7230,"A","Q_tlw"
"512","LOT","51.3.1",2007,7372,"A","Q_tlw"
"512","LOT","51.3.1",2008,7205,"A","Q_tlw"
"512","LOT","51.3.1",2009,6736,"A","Q_tlw"
"512","LOT","51.3.1",2010,6928,"A","Q_tlw"
"512","LOT","51.3.1",2011,6764,"A","Q_tlw"
"512","LOT","51.3.1",2012,10104,"A","Q_tlw"
"512","LOT","51.3.1",2013,11670,"A","Q_tlw"
"512","LOT","51.3.1",2014,9124,"A","Q_tlw"
"512","LOT","51.3.1",2015,11950,"A","Q_tlw"
"512","LOT","51.3.1",2016,11320,"I","Q_tlw"
"512","LOT","51.3.1",2017,16279,"A","Q_tlw"
"512","LOT","51.3.1",2018,10828,"A","Q_tlw"
"512","LOT","51.3.1",2019,9414.632,"A","Q_tlw"
"512","LOT","51.3.1",2020,15098.449,"A","Q_tlw"
"512","LOT","51.3.1",2021,12978.994,"A","Q_tlw"
"512","LOT","51.3.1",2022,18531.239,"A","Q_tlw"
"512","LOT","51.3.1",2023,16347.33,"A","Q_tlw"
"512","LOT","51.3.2",2018,2734,"A","Q_tlw"
"512","LOT","51.3.2",2019,2662.521,"A","Q_tlw"
"512","LOT","51.3.2",2020,6989.986,"A","Q_tlw"
"512","LOT","51.3.2",2021,7601.382,"A","Q_tlw"
"512","LOT","51.3.2",2022,7789.467,"A","Q_tlw"
"512","LOT","51.3.2",2023,3125.685,"A","Q_tlw"
"512","SWO","51.2.0",2023,0,"A","Q_tlw"
"512","SWO","51.3.1",2023,161.337,"A","Q_tlw"
"512","SWO","51.3.2",2023,270.987,"A","Q_tlw"
"512","BIL","51.2.0",2023,10.696,"A","Q_tlw"
"512","BIL","51.3.1",2023,304.492,"A","Q_tlw"
"512","BIL","51.3.2",2023,473.75,"A","Q_tlw"
"512","BLM","51.2.0",2023,0,"A","Q_tlw"
"512","BLM","51.3.1",1986,0,"A","Q_tlw"
"512","BLM","51.3.1",1987,0,"A","Q_tlw"
"512","BLM","51.3.1",1988,0,"A","Q_tlw"
"512","BLM","51.3.1",1989,0,"A","Q_tlw"
"512","BLM","51.3.1",1990,0,"A","Q_tlw"
"512","BLM","51.3.1",1991,0,"A","Q_tlw"
"512","BLM","51.3.1",1992,0,"A","Q_tlw"
"512","BLM","51.3.1",1993,0,"A","Q_tlw"
"512","BLM","51.3.1",1994,0,"A","Q_tlw"
"512","BLM","51.3.1",1995,0,"A","Q_tlw"
"512","BLM","51.3.1",1996,0,"A","Q_tlw"
"512","BLM","51.3.1",1997,0,"A","Q_tlw"
"512","BLM","51.3.1",1998,0,"A","Q_tlw"
"512","BLM","51.3.1",1999,0,"A","Q_tlw"
"512","BLM","51.3.1",2000,87,"A","Q_tlw"
"512","BLM","51.3.1",2001,41,"A","Q_tlw"
"512","BLM","51.3.1",2002,26,"A","Q_tlw"
"512","BLM","51.3.1",2003,66,"A","Q_tlw"
"512","BLM","51.3.1",2004,128,"A","Q_tlw"
"512","BLM","51.3.1",2005,95,"A","Q_tlw"
"512","BLM","51.3.1",2006,153,"A","Q_tlw"
"512","BLM","51.3.1",2007,185,"A","Q_tlw"
"512","BLM","51.3.1",2008,184,"A","Q_tlw"
"512","BLM","51.3.1",2009,240,"A","Q_tlw"
"512","BLM","51.3.1",2010,226,"A","Q_tlw"
"512","BLM","51.3.1",2011,293,"A","Q_tlw"
"512","BLM","51.3.1",2012,128,"A","Q_tlw"
"512","BLM","51.3.1",2013,0,"A","Q_tlw"
"512","BLM","51.3.1",2023,174.556,"A","Q_tlw"
"512","BLM","51.3.2",2023,6.33,"A","Q_tlw"
"512","SFA","51.2.0",1986,0,"A","Q_tlw"
"512","SFA","51.2.0",1987,0,"A","Q_tlw"
"512","SFA","51.2.0",1988,0,"A","Q_tlw"
"512","SFA","51.2.0",1989,0,"A","Q_tlw"
"512","SFA","51.2.0",1990,0,"A","Q_tlw"
"512","SFA","51.2.0",1991,0,"A","Q_tlw"
"512","SFA","51.2.0",1992,0,"A","Q_tlw"
"512","SFA","51.2.0",1993,0,"A","Q_tlw"
"512","SFA","51.2.0",1994,0,"A","Q_tlw"
"512","SFA","51.2.0",1995,0,"A","Q_tlw"
"512","SFA","51.2.0",1996,0,"A","Q_tlw"
"512","SFA","51.2.0",1997,0,"A","Q_tlw"
"512","SFA","51.2.0",1998,0,"A","Q_tlw"
"512","SFA","51.2.0",1999,0,"A","Q_tlw"
"512","SFA","51.2.0",2000,0,"A","Q_tlw"
"512","SFA","51.2.0",2001,0,"A","Q_tlw"
"512","SFA","51.2.0",2002,0,"A","Q_tlw"
"512","SFA","51.2.0",2003,0,"A","Q_tlw"
"512","SFA","51.2.0",2004,0,"A","Q_tlw"
"512","SFA","51.2.0",2005,0,"N","Q_tlw"
"512","SFA","51.2.0",2006,1,"A","Q_tlw"
"512","SFA","51.2.0",2007,0,"A","Q_tlw"
"512","SFA","51.2.0",2008,0,"A","Q_tlw"
"512","SFA","51.2.0",2009,0,"A","Q_tlw"
"512","SFA","51.2.0",2010,6,"A","Q_tlw"
"512","SFA","51.2.0",2011,34,"A","Q_tlw"
"512","SFA","51.2.0",2012,34,"A","Q_tlw"
"512","SFA","51.2.0",2013,93,"A","Q_tlw"
"512","SFA","51.2.0",2014,103,"A","Q_tlw"
"512","SFA","51.2.0",2015,170,"A","Q_tlw"
"512","SFA","51.2.0",2016,64,"A","Q_tlw"
"512","SFA","51.2.0",2017,59,"A","Q_tlw"
"512","SFA","51.2.0",2018,17,"A","Q_tlw"
"512","SFA","51.2.0",2019,12.518,"A","Q_tlw"
"512","SFA","51.2.0",2020,13.951,"A","Q_tlw"
"512","SFA","51.2.0",2021,12.084,"A","Q_tlw"
"512","SFA","51.2.0",2022,18.429,"A","Q_tlw"
"512","SFA","51.2.0",2023,8.703,"A","Q_tlw"
"512","SFA","51.3.1",1986,324,"A","Q_tlw"
"512","SFA","51.3.1",1987,751,"A","Q_tlw"
"512","SFA","51.3.1",1988,1551,"A","Q_tlw"
"512","SFA","51.3.1",1989,811,"A","Q_tlw"
"512","SFA","51.3.1",1990,739,"A","Q_tlw"
"512","SFA","51.3.1",1991,216,"A","Q_tlw"
"512","SFA","51.3.1",1992,715,"A","Q_tlw"
"512","SFA","51.3.1",1993,540,"A","Q_tlw"
"512","SFA","51.3.1",1994,357,"A","Q_tlw"
"512","SFA","51.3.1",1995,664,"A","Q_tlw"
"512","SFA","51.3.1",1996,581,"A","Q_tlw"
"512","SFA","51.3.1",1997,1261,"A","Q_tlw"
"512","SFA","51.3.1",1998,591,"A","Q_tlw"
"512","SFA","51.3.1",1999,399,"A","Q_tlw"
"512","SFA","51.3.1",2000,361,"A","Q_tlw"
"512","SFA","51.3.1",2001,177,"A","Q_tlw"
"512","SFA","51.3.1",2002,121,"A","Q_tlw"
"512","SFA","51.3.1",2003,162,"A","Q_tlw"
"512","SFA","51.3.1",2004,335,"A","Q_tlw"
"512","SFA","51.3.1",2005,139,"A","Q_tlw"
"512","SFA","51.3.1",2006,304,"A","Q_tlw"
"512","SFA","51.3.1",2007,358,"A","Q_tlw"
"512","SFA","51.3.1",2008,1937,"A","Q_tlw"
"512","SFA","51.3.1",2009,992,"A","Q_tlw"
"512","SFA","51.3.1",2010,1801,"A","Q_tlw"
"512","SFA","51.3.1",2011,2539,"A","Q_tlw"
"512","SFA","51.3.1",2012,3358,"A","Q_tlw"
"512","SFA","51.3.1",2013,3024,"A","Q_tlw"
"512","SFA","51.3.1",2014,1026,"A","Q_tlw"
"512","SFA","51.3.1",2015,2081,"A","Q_tlw"
"512","SFA","51.3.1",2016,1699,"A","Q_tlw"
"512","SFA","51.3.1",2017,1574,"A","Q_tlw"
"512","SFA","51.3.1",2018,698,"A","Q_tlw"
"512","SFA","51.3.1",2019,888.787,"A","Q_tlw"
"512","SFA","51.3.1",2020,1109.812,"A","Q_tlw"
"512","SFA","51.3.1",2021,1503.734,"A","Q_tlw"
"512","SFA","51.3.1",2022,1800.201,"A","Q_tlw"
"512","SFA","51.3.1",2023,542.447,"A","Q_tlw"
"512","SFA","51.3.2",2018,1149,"A","Q_tlw"
"512","SFA","51.3.2",2019,593.885,"A","Q_tlw"
"512","SFA","51.3.2",2020,1523.608,"A","Q_tlw"
"512","SFA","51.3.2",2021,1366.912,"A","Q_tlw"
"512","SFA","51.3.2",2022,1771.459,"A","Q_tlw"
"512","SFA","51.3.2",2023,1044.113,"A","Q_tlw"
"512","BUX","51.3.1",1987,24,"A","Q_tlw"
"512","BUX","51.3.1",1999,0,"A","Q_tlw"
"512","BUX","51.3.1",2000,0,"A","Q_tlw"
"512","BUX","51.3.1",2001,0,"A","Q_tlw"
"512","BUX","51.3.1",2002,0,"A","Q_tlw"
"512","BUX","51.3.1",2003,0,"A","Q_tlw"
"512","BUX","51.3.1",2004,0,"A","Q_tlw"
"512","BUX","51.3.1",2005,0,"A","Q_tlw"
"512","BUX","51.3.1",2006,0,"A","Q_tlw"
"512","BUX","51.3.1",2007,0,"A","Q_tlw"
"512","BUX","51.3.1",2008,0,"A","Q_tlw"
"512","BUX","51.3.1",2009,0,"A","Q_tlw"
"512","BUX","51.3.1",2010,0,"A","Q_tlw"
"512","BUX","51.3.1",2011,0,"A","Q_tlw"
"512","BUX","51.3.1",2012,0,"A","Q_tlw"
"512","BUX","51.3.1",2013,0,"A","Q_tlw"
"512","BUX","51.3.1",2014,0,"A","Q_tlw"
"512","BUX","51.3.1",2015,0,"A","Q_tlw"
"512","BUX","51.3.1",2016,0,"A","Q_tlw"
"512","BUX","51.3.1",2017,0,"A","Q_tlw"
"512","BUX","51.3.1",2018,0,"A","Q_tlw"
"512","BLU","51.2.0",2023,0,"A","Q_tlw"
"512","BLU","51.3.1",1987,70,"A","Q_tlw"
"512","BLU","51.3.1",1999,0,"A","Q_tlw"
"512","BLU","51.3.1",2000,0,"A","Q_tlw"
"512","BLU","51.3.1",2001,0,"A","Q_tlw"
"512","BLU","51.3.1",2002,0,"A","Q_tlw"
"512","BLU","51.3.1",2003,0,"A","Q_tlw"
"512","BLU","51.3.1",2004,0,"A","Q_tlw"
"512","BLU","51.3.1",2005,0,"A","Q_tlw"
"512","BLU","51.3.1",2006,0,"A","Q_tlw"
"512","BLU","51.3.1",2007,0,"A","Q_tlw"
"512","BLU","51.3.1",2008,0,"A","Q_tlw"
"512","BLU","51.3.1",2009,0,"A","Q_tlw"
"512","BLU","51.3.1",2010,0,"A","Q_tlw"
"512","BLU","51.3.1",2011,0,"A","Q_tlw"
"512","BLU","51.3.1",2012,0,"A","Q_tlw"
"512","BLU","51.3.1",2013,0,"A","Q_tlw"
"512","BLU","51.3.1",2014,0,"A","Q_tlw"
"512","BLU","51.3.1",2015,0,"A","Q_tlw"
"512","BLU","51.3.1",2016,0,"A","Q_tlw"
"512","BLU","51.3.1",2017,0,"A","Q_tlw"
"512","BLU","51.3.1",2018,0,"A","Q_tlw"
"512","BLU","51.3.1",2023,37.88,"A","Q_tlw"
"512","BLU","51.3.2",2023,147.557,"A","Q_tlw"
"512","MAX","51.2.0",2023,0.188,"A","Q_tlw"
"512","MAX","51.3.1",2023,351.241,"A","Q_tlw"
"512","MAX","51.3.2",2023,0,"A","Q_tlw"
"512","RAG","51.2.0",2001,267,"A","Q_tlw"
"512","RAG","51.2.0",2002,134,"A","Q_tlw"
"512","RAG","51.2.0",2003,369,"A","Q_tlw"
"512","RAG","51.2.0",2004,497,"A","Q_tlw"
"512","RAG","51.2.0",2005,1023,"A","Q_tlw"
"512","RAG","51.2.0",2006,583,"A","Q_tlw"
"512","RAG","51.2.0",2007,630,"A","Q_tlw"
"512","RAG","51.2.0",2008,911,"A","Q_tlw"
"512","RAG","51.2.0",2009,300,"A","Q_tlw"
"512","RAG","51.2.0",2010,204,"A","Q_tlw"
"512","RAG","51.2.0",2011,439,"A","Q_tlw"
"512","RAG","51.2.0",2012,562,"A","Q_tlw"
"512","RAG","51.2.0",2013,1506,"A","Q_tlw"
"512","RAG","51.2.0",2014,1298,"A","Q_tlw"
"512","RAG","51.2.0",2015,1242,"A","Q_tlw"
"512","RAG","51.2.0",2016,1533,"A","Q_tlw"
"512","RAG","51.2.0",2017,3272,"A","Q_tlw"
"512","RAG","51.2.0",2018,2817,"A","Q_tlw"
"512","RAG","51.2.0",2019,1378.859,"A","Q_tlw"
"512","RAG","51.2.0",2020,1232.647,"A","Q_tlw"
"512","RAG","51.2.0",2021,1502.955,"A","Q_tlw"
"512","RAG","51.2.0",2022,755.996,"A","Q_tlw"
"512","RAG","51.2.0",2023,1327.251,"A","Q_tlw"
"512","RAG","51.3.1",1987,542,"A","Q_tlw"
"512","RAG","51.3.1",1988,187,"A","Q_tlw"
"512","RAG","51.3.1",1989,1189,"A","Q_tlw"
"512","RAG","51.3.1",1990,671,"A","Q_tlw"
"512","RAG","51.3.1",1991,1406,"A","Q_tlw"
"512","RAG","51.3.1",1992,964,"A","Q_tlw"
"512","RAG","51.3.1",1993,1955,"A","Q_tlw"
"512","RAG","51.3.1",1994,1282,"A","Q_tlw"
"512","RAG","51.3.1",1995,2122,"A","Q_tlw"
"512","RAG","51.3.1",1996,1712,"A","Q_tlw"
"512","RAG","51.3.1",1997,2207,"A","Q_tlw"
"512","RAG","51.3.1",1998,1994,"A","Q_tlw"
"512","RAG","51.3.1",1999,2024,"A","Q_tlw"
"512","RAG","51.3.1",2000,2426,"A","Q_tlw"
"512","RAG","51.3.1",2001,2956,"A","Q_tlw"
"512","RAG","51.3.1",2002,3325,"A","Q_tlw"
"512","RAG","51.3.1",2003,3738,"A","Q_tlw"
"512","RAG","51.3.1",2004,5286,"A","Q_tlw"
"512","RAG","51.3.1",2005,6753,"A","Q_tlw"
"512","RAG","51.3.1",2006,3781,"A","Q_tlw"
"512","RAG","51.3.1",2007,6365,"A","Q_tlw"
"512","RAG","51.3.1",2008,8105,"A","Q_tlw"
"512","RAG","51.3.1",2009,10686,"A","Q_tlw"
"512","RAG","51.3.1",2010,9888,"A","Q_tlw"
"512","RAG","51.3.1",2011,7521,"A","Q_tlw"
"512","RAG","51.3.1",2012,8034,"A","Q_tlw"
"512","RAG","51.3.1",2013,6814,"A","Q_tlw"
"512","RAG","51.3.1",2014,5505,"A","Q_tlw"
"512","RAG","51.3.1",2015,3898,"A","Q_tlw"
"512","RAG","51.3.1",2016,3287,"A","Q_tlw"
"512","RAG","51.3.1",2017,7017,"A","Q_tlw"
"512","RAG","51.3.1",2018,6794,"A","Q_tlw"
"512","RAG","51.3.1",2019,4086.818,"A","Q_tlw"
"512","RAG","51.3.1",2020,4660.045,"A","Q_tlw"
"512","RAG","51.3.1",2021,8083.842,"A","Q_tlw"
"512","RAG","51.3.1",2022,6812.76,"A","Q_tlw"
"512","RAG","51.3.1",2023,20082.485,"A","Q_tlw"
"512","RAG","51.3.2",2018,2781,"A","Q_tlw"
"512","RAG","51.3.2",2019,5835.088,"A","Q_tlw"
"512","RAG","51.3.2",2020,4729.855,"A","Q_tlw"
"512","RAG","51.3.2",2021,8194.77,"A","Q_tlw"
"512","RAG","51.3.2",2022,11447.614,"A","Q_tlw"
"512","RAG","51.3.2",2023,36692.483,"A","Q_tlw"
"512","MAS","51.2.0",2023,303.44,"A","Q_tlw"
"512","MAS","51.3.1",2023,5046.72,"A","Q_tlw"
"512","MAS","51.3.2",2023,9338.574,"A","Q_tlw"
"512","BAZ","51.2.0",2023,26.504,"A","Q_tlw"
"512","BAZ","51.3.1",2023,2080.863,"A","Q_tlw"
"512","BAZ","51.3.2",2023,339.207,"A","Q_tlw"
"512","BAR","51.2.0",2001,71,"A","Q_tlw"
"512","BAR","51.2.0",2002,19,"A","Q_tlw"
"512","BAR","51.2.0",2003,69,"A","Q_tlw"
"512","BAR","51.2.0",2004,106,"A","Q_tlw"
"512","BAR","51.2.0",2005,127,"A","Q_tlw"
"512","BAR","51.2.0",2006,139,"A","Q_tlw"
"512","BAR","51.2.0",2007,97,"A","Q_tlw"
"512","BAR","51.2.0",2008,139,"A","Q_tlw"
"512","BAR","51.2.0",2009,185,"A","Q_tlw"
"512","BAR","51.2.0",2010,254,"A","Q_tlw"
"512","BAR","51.2.0",2011,376,"A","Q_tlw"
"512","BAR","51.2.0",2012,583,"A","Q_tlw"
"512","BAR","51.2.0",2013,223,"A","Q_tlw"
"512","BAR","51.2.0",2014,534,"A","Q_tlw"
"512","BAR","51.2.0",2015,806,"A","Q_tlw"
"512","BAR","51.2.0",2016,728,"A","Q_tlw"
"512","BAR","51.2.0",2017,1133,"A","Q_tlw"
"512","BAR","51.2.0",2018,1625,"A","Q_tlw"
"512","BAR","51.2.0",2019,2056.245,"A","Q_tlw"
"512","BAR","51.2.0",2020,1561.22,"A","Q_tlw"
"512","BAR","51.2.0",2021,1298.365,"A","Q_tlw"
"512","BAR","51.2.0",2022,2540.014,"A","Q_tlw"
"512","BAR","51.3.1",1987,2432,"A","Q_tlw"
"512","BAR","51.3.1",1988,2257,"A","Q_tlw"
"512","BAR","51.3.1",1989,3412,"A","Q_tlw"
"512","BAR","51.3.1",1990,2607,"A","Q_tlw"
"512","BAR","51.3.1",1991,2266,"A","Q_tlw"
"512","BAR","51.3.1",1992,1645,"A","Q_tlw"
"512","BAR","51.3.1",1993,1580,"A","Q_tlw"
"512","BAR","51.3.1",1994,1713,"A","Q_tlw"
"512","BAR","51.3.1",1995,2244,"A","Q_tlw"
"512","BAR","51.3.1",1996,1948,"A","Q_tlw"
"512","BAR","51.3.1",1997,2023,"A","Q_tlw"
"512","BAR","51.3.1",1998,1789,"A","Q_tlw"
"512","BAR","51.3.1",1999,2347,"A","Q_tlw"
"512","BAR","51.3.1",2000,1431,"A","Q_tlw"
"512","BAR","51.3.1",2001,1710,"A","Q_tlw"
"512","BAR","51.3.1",2002,3196,"A","Q_tlw"
"512","BAR","51.3.1",2003,2297,"A","Q_tlw"
"512","BAR","51.3.1",2004,1808,"A","Q_tlw"
"512","BAR","51.3.1",2005,2906,"A","Q_tlw"
"512","BAR","51.3.1",2006,2271,"A","Q_tlw"
"512","BAR","51.3.1",2007,2273,"A","Q_tlw"
"512","BAR","51.3.1",2008,3520,"A","Q_tlw"
"512","BAR","51.3.1",2009,3766,"A","Q_tlw"
"512","BAR","51.3.1",2010,5470,"A","Q_tlw"
"512","BAR","51.3.1",2011,2673,"A","Q_tlw"
"512","BAR","51.3.1",2012,3419,"A","Q_tlw"
"512","BAR","51.3.1",2013,4036,"A","Q_tlw"
"512","BAR","51.3.1",2014,3750,"A","Q_tlw"
"512","BAR","51.3.1",2015,6002,"A","Q_tlw"
"512","BAR","51.3.1",2016,5359,"A","Q_tlw"
"512","BAR","51.3.1",2017,8343,"A","Q_tlw"
"512","BAR","51.3.1",2018,5565,"A","Q_tlw"
"512","BAR","51.3.1",2019,5905.496,"A","Q_tlw"
"512","BAR","51.3.1",2020,3912.887,"A","Q_tlw"
"512","BAR","51.3.1",2021,3663.755,"A","Q_tlw"
"512","BAR","51.3.1",2022,5375.54,"A","Q_tlw"
"512","BAR","51.3.2",2018,3782,"A","Q_tlw"
"512","BAR","51.3.2",2019,2927.768,"A","Q_tlw"
"512","BAR","51.3.2",2020,1804.752,"A","Q_tlw"
"512","BAR","51.3.2",2021,3016.888,"A","Q_tlw"
"512","BAR","51.3.2",2022,5827.864,"A","Q_tlw"
"512","GBA","51.2.0",2023,499.827,"A","Q_tlw"
"512","GBA","51.3.1",2023,449.017,"A","Q_tlw"
"512","GBA","51.3.2",2023,213.776,"A","Q_tlw"
"512","YBS","51.2.0",2023,105.359,"A","Q_tlw"
"512","YBS","51.3.1",2023,569.636,"A","Q_tlw"
"512","YBS","51.3.2",2023,604.646,"A","Q_tlw"
"512","BAC","51.2.0",2023,1206.403,"A","Q_tlw"
"512","BAC","51.3.1",2023,2872.993,"A","Q_tlw"
"512","BAC","51.3.2",2023,2429.512,"A","Q_tlw"
"512","YRB","51.2.0",2023,14.121,"A","Q_tlw"
"512","YRB","51.3.1",2023,111.287,"A","Q_tlw"
"512","YRB","51.3.2",2023,0,"A","Q_tlw"
"512","CGX","51.2.0",2001,143,"A","Q_tlw"
"512","CGX","51.2.0",2002,99,"A","Q_tlw"
"512","CGX","51.2.0",2003,377,"A","Q_tlw"
"512","CGX","51.2.0",2004,213,"A","Q_tlw"
"512","CGX","51.2.0",2005,563,"A","Q_tlw"
"512","CGX","51.2.0",2006,433,"A","Q_tlw"
"512","CGX","51.2.0",2007,298,"A","Q_tlw"
"512","CGX","51.2.0",2008,427,"A","Q_tlw"
"512","CGX","51.2.0",2009,296,"A","Q_tlw"
"512","CGX","51.2.0",2010,242,"A","Q_tlw"
"512","CGX","51.2.0",2011,520,"A","Q_tlw"
"512","CGX","51.2.0",2012,985,"A","Q_tlw"
"512","CGX","51.2.0",2013,982,"A","Q_tlw"
"512","CGX","51.2.0",2014,1150,"A","Q_tlw"
"512","CGX","51.2.0",2015,962,"A","Q_tlw"
"512","CGX","51.2.0",2016,949,"A","Q_tlw"
"512","CGX","51.2.0",2017,764,"A","Q_tlw"
"512","CGX","51.2.0",2018,1134,"A","Q_tlw"
"512","CGX","51.2.0",2019,1362.324,"A","Q_tlw"
"512","CGX","51.2.0",2020,1429.577,"A","Q_tlw"
"512","CGX","51.2.0",2021,1835.341,"A","Q_tlw"
"512","CGX","51.2.0",2022,2473.242,"A","Q_tlw"
"512","CGX","51.2.0",2023,34.349,"A","Q_tlw"
"512","CGX","51.3.1",1987,2922,"A","Q_tlw"
"512","CGX","51.3.1",1988,1265,"A","Q_tlw"
"512","CGX","51.3.1",1989,3351,"A","Q_tlw"
"512","CGX","51.3.1",1991,2514,"A","Q_tlw"
"512","CGX","51.3.1",1992,2612,"A","Q_tlw"
"512","CGX","51.3.1",1993,2113,"A","Q_tlw"
"512","CGX","51.3.1",1994,2123,"A","Q_tlw"
"512","CGX","51.3.1",1995,3607,"A","Q_tlw"
"512","CGX","51.3.1",1996,2708,"A","Q_tlw"
"512","CGX","51.3.1",1997,3216,"A","Q_tlw"
"512","CGX","51.3.1",1998,2323,"A","Q_tlw"
"512","CGX","51.3.1",1999,2556,"A","Q_tlw"
"512","CGX","51.3.1",2000,2485,"A","Q_tlw"
"512","CGX","51.3.1",2001,1159,"A","Q_tlw"
"512","CGX","51.3.1",2002,7740,"A","Q_tlw"
"512","CGX","51.3.1",2003,2190,"A","Q_tlw"
"512","CGX","51.3.1",2004,2962,"A","Q_tlw"
"512","CGX","51.3.1",2005,2346,"A","Q_tlw"
"512","CGX","51.3.1",2006,1973,"A","Q_tlw"
"512","CGX","51.3.1",2007,2061,"A","Q_tlw"
"512","CGX","51.3.1",2008,5275,"A","Q_tlw"
"512","CGX","51.3.1",2009,5907,"A","Q_tlw"
"512","CGX","51.3.1",2010,5759,"A","Q_tlw"
"512","CGX","51.3.1",2011,5942,"A","Q_tlw"
"512","CGX","51.3.1",2012,8343,"A","Q_tlw"
"512","CGX","51.3.1",2013,7368,"A","Q_tlw"
"512","CGX","51.3.1",2014,7156,"A","Q_tlw"
"512","CGX","51.3.1",2015,7315,"A","Q_tlw"
"512","CGX","51.3.1",2016,8245,"A","Q_tlw"
"512","CGX","51.3.1",2017,6633,"A","Q_tlw"
"512","CGX","51.3.1",2018,3689,"A","Q_tlw"
"512","CGX","51.3.1",2019,3086.071,"A","Q_tlw"
"512","CGX","51.3.1",2020,5859.55,"A","Q_tlw"
"512","CGX","51.3.1",2021,6117.045,"A","Q_tlw"
"512","CGX","51.3.1",2022,8030.112,"A","Q_tlw"
"512","CGX","51.3.1",2023,1189.309,"A","Q_tlw"
"512","CGX","51.3.2",2018,11700,"A","Q_tlw"
"512","CGX","51.3.2",2019,10728.75,"A","Q_tlw"
"512","CGX","51.3.2",2020,10870.834,"A","Q_tlw"
"512","CGX","51.3.2",2021,13573.739,"A","Q_tlw"
"512","CGX","51.3.2",2022,7151.713,"A","Q_tlw"
"512","CGX","51.3.2",2023,129.408,"A","Q_tlw"
"512","LTD","51.2.0",2023,30.323,"A","Q_tlw"
"512","LTD","51.3.1",2023,415.377,"A","Q_tlw"
"512","LTD","51.3.2",2023,172.636,"A","Q_tlw"
"512","LSJ","51.2.0",2023,13.833,"A","Q_tlw"
"512","LSJ","51.3.1",2023,2006.88,"A","Q_tlw"
"512","LSJ","51.3.2",2023,9167.803,"A","Q_tlw"
"512","NGR","51.2.0",2023,194.166,"A","Q_tlw"
"512","NGR","51.3.1",2023,195.203,"A","Q_tlw"
"512","NGR","51.3.2",2023,0.798,"A","Q_tlw"
"512","TUM","51.2.0",2023,186.586,"A","Q_tlw"
"512","TUM","51.3.1",2023,324.213,"A","Q_tlw"
"512","TUM","51.3.2",2023,782.76,"A","Q_tlw"
"512","TRE","51.2.0",2001,115,"A","Q_tlw"
"512","TRE","51.2.0",2002,56,"A","Q_tlw"
"512","TRE","51.2.0",2003,147,"A","Q_tlw"
"512","TRE","51.2.0",2004,38,"A","Q_tlw"
"512","TRE","51.2.0",2005,395,"A","Q_tlw"
"512","TRE","51.2.0",2006,469,"A","Q_tlw"
"512","TRE","51.2.0",2007,315,"A","Q_tlw"
"512","TRE","51.2.0",2008,451,"A","Q_tlw"
"512","TRE","51.2.0",2009,247,"A","Q_tlw"
"512","TRE","51.2.0",2010,176,"A","Q_tlw"
"512","TRE","51.2.0",2011,383,"A","Q_tlw"
"512","TRE","51.2.0",2012,610,"A","Q_tlw"
"512","TRE","51.2.0",2013,171,"A","Q_tlw"
"512","TRE","51.2.0",2014,980,"A","Q_tlw"
"512","TRE","51.2.0",2015,1226,"A","Q_tlw"
"512","TRE","51.2.0",2016,1259,"A","Q_tlw"
"512","TRE","51.2.0",2017,1431,"A","Q_tlw"
"512","TRE","51.2.0",2018,1991,"A","Q_tlw"
"512","TRE","51.2.0",2019,3066.179,"A","Q_tlw"
"512","TRE","51.2.0",2020,3300.858,"A","Q_tlw"
"512","TRE","51.2.0",2021,2167.152,"A","Q_tlw"
"512","TRE","51.2.0",2022,1753.114,"A","Q_tlw"
"512","TRE","51.3.1",1987,170,"A","Q_tlw"
"512","TRE","51.3.1",1988,4837,"A","Q_tlw"
"512","TRE","51.3.1",1990,3437,"A","Q_tlw"
"512","TRE","51.3.1",1991,647,"A","Q_tlw"
"512","TRE","51.3.1",1992,647,"A","Q_tlw"
"512","TRE","51.3.1",1993,1914,"A","Q_tlw"
"512","TRE","51.3.1",1994,1773,"A","Q_tlw"
"512","TRE","51.3.1",1995,3392,"A","Q_tlw"
"512","TRE","51.3.1",1996,2927,"A","Q_tlw"
"512","TRE","51.3.1",1997,3896,"A","Q_tlw"
"512","TRE","51.3.1",1998,2957,"A","Q_tlw"
"512","TRE","51.3.1",1999,2552,"A","Q_tlw"
"512","TRE","51.3.1",2000,1806,"A","Q_tlw"
"512","TRE","51.3.1",2001,1103,"A","Q_tlw"
"512","TRE","51.3.1",2002,1610,"A","Q_tlw"
"512","TRE","51.3.1",2003,2023,"A","Q_tlw"
"512","TRE","51.3.1",2004,2629,"A","Q_tlw"
"512","TRE","51.3.1",2005,3992,"A","Q_tlw"
"512","TRE","51.3.1",2006,2907,"A","Q_tlw"
"512","TRE","51.3.1",2007,2200,"A","Q_tlw"
"512","TRE","51.3.1",2008,2982,"A","Q_tlw"
"512","TRE","51.3.1",2009,3009,"A","Q_tlw"
"512","TRE","51.3.1",2010,4090,"A","Q_tlw"
"512","TRE","51.3.1",2011,4172,"A","Q_tlw"
"512","TRE","51.3.1",2012,7035,"A","Q_tlw"
"512","TRE","51.3.1",2013,8632,"A","Q_tlw"
"512","TRE","51.3.1",2014,4990,"A","Q_tlw"
"512","TRE","51.3.1",2015,9795,"A","Q_tlw"
"512","TRE","51.3.1",2016,7083,"A","Q_tlw"
"512","TRE","51.3.1",2017,8051,"A","Q_tlw"
"512","TRE","51.3.1",2018,12256,"A","Q_tlw"
"512","TRE","51.3.1",2019,12088.094,"A","Q_tlw"
"512","TRE","51.3.1",2020,16536.965,"A","Q_tlw"
"512","TRE","51.3.1",2021,14742.682,"A","Q_tlw"
"512","TRE","51.3.1",2022,17189.473,"A","Q_tlw"
"512","TRE","51.3.2",2018,3837,"A","Q_tlw"
"512","TRE","51.3.2",2019,23464.674,"A","Q_tlw"
"512","TRE","51.3.2",2020,6048.355,"A","Q_tlw"
"512","TRE","51.3.2",2021,54930.871,"A","Q_tlw"
"512","TRE","51.3.2",2022,54873.582,"A","Q_tlw"
"512","NXH","51.2.0",2023,417.819,"A","Q_tlw"
"512","NXH","51.3.1",2023,575.917,"A","Q_tlw"
"512","NXH","51.3.2",2023,799.533,"A","Q_tlw"
"512","NXI","51.2.0",2023,23.667,"A","Q_tlw"
"512","NXI","51.3.1",2023,1278.759,"A","Q_tlw"
"512","NXI","51.3.2",2023,500.796,"A","Q_tlw"
"512","NXU","51.2.0",2023,3.302,"A","Q_tlw"
"512","NXU","51.3.1",2023,55.489,"A","Q_tlw"
"512","NXU","51.3.2",2023,3.893,"A","Q_tlw"
"512","NXM","51.2.0",2023,27.122,"A","Q_tlw"
"512","NXM","51.3.1",2023,104.728,"A","Q_tlw"
"512","NXM","51.3.2",2023,97.413,"A","Q_tlw"
"512","CXS","51.2.0",2023,87.081,"A","Q_tlw"
"512","CXS","51.3.1",2023,735.327,"A","Q_tlw"
"512","CXS","51.3.2",2023,899.924,"A","Q_tlw"
"512","DCK","51.2.0",2023,785.218,"A","Q_tlw"
"512","DCK","51.3.1",2023,4723.676,"A","Q_tlw"
"512","DCK","51.3.2",2023,1119.896,"A","Q_tlw"
"512","RUS","51.3.1",1987,423,"A","Q_tlw"
"512","RUS","51.3.1",1988,2327,"A","Q_tlw"
"512","RUS","51.3.1",1989,536,"A","Q_tlw"
"512","RUS","51.3.1",1990,947,"A","Q_tlw"
"512","RRU","51.2.0",2023,20.115,"A","Q_tlw"
"512","RRU","51.3.1",1987,73,"A","Q_tlw"
"512","RRU","51.3.1",1988,135,"A","Q_tlw"
"512","RRU","51.3.1",1999,0,"A","Q_tlw"
"512","RRU","51.3.1",2000,0,"A","Q_tlw"
"512","RRU","51.3.1",2001,0,"A","Q_tlw"
"512","RRU","51.3.1",2002,0,"A","Q_tlw"
"512","RRU","51.3.1",2003,0,"A","Q_tlw"
"512","RRU","51.3.1",2004,0,"A","Q_tlw"
"512","RRU","51.3.1",2005,0,"A","Q_tlw"
"512","RRU","51.3.1",2006,0,"A","Q_tlw"
"512","RRU","51.3.1",2007,0,"A","Q_tlw"
"512","RRU","51.3.1",2008,0,"A","Q_tlw"
"512","RRU","51.3.1",2009,0,"A","Q_tlw"
"512","RRU","51.3.1",2010,0,"A","Q_tlw"
"512","RRU","51.3.1",2011,0,"A","Q_tlw"
"512","RRU","51.3.1",2012,0,"A","Q_tlw"
"512","RRU","51.3.1",2013,0,"A","Q_tlw"
"512","RRU","51.3.1",2014,0,"A","Q_tlw"
"512","RRU","51.3.1",2015,0,"A","Q_tlw"
"512","RRU","51.3.1",2016,0,"A","Q_tlw"
"512","RRU","51.3.1",2017,0,"A","Q_tlw"
"512","RRU","51.3.1",2018,0,"A","Q_tlw"
"512","RRU","51.3.1",2023,102.418,"A","Q_tlw"
"512","RRU","51.3.2",2023,75.354,"A","Q_tlw"
"512","NGJ","51.2.0",2023,920.666,"A","Q_tlw"
"512","NGJ","51.3.1",2023,577.731,"A","Q_tlw"
"512","NGJ","51.3.2",2023,9.565,"A","Q_tlw"
"512","GLT","51.2.0",2023,2.025,"A","Q_tlw"
"512","GLT","51.3.1",2023,172.488,"A","Q_tlw"
"512","GLT","51.3.2",2023,1276.429,"A","Q_tlw"
"512","HAS","51.2.0",2023,137.82,"A","Q_tlw"
"512","HAS","51.3.1",1987,104,"A","Q_tlw"
"512","HAS","51.3.1",2023,368.284,"A","Q_tlw"
"512","HAS","51.3.2",2023,0,"A","Q_tlw"
"512","POB","51.2.0",2023,0.335,"A","Q_tlw"
"512","POB","51.3.1",2023,4.325,"A","Q_tlw"
"512","POB","51.3.2",2023,15.738,"A","Q_tlw"
"512","NGH","51.2.0",2023,42.957,"A","Q_tlw"
"512","NGH","51.3.1",2023,198.606,"A","Q_tlw"
"512","NGH","51.3.2",2023,587.181,"A","Q_tlw"
"512","NGS","51.2.0",2023,88.67,"A","Q_tlw"
"512","NGS","51.3.1",2023,108.573,"A","Q_tlw"
"512","NGS","51.3.2",2023,35.971,"A","Q_tlw"
"512","QUE","51.2.0",2001,64,"A","Q_tlw"
"512","QUE","51.2.0",2002,9,"A","Q_tlw"
"512","QUE","51.2.0",2003,137,"A","Q_tlw"
"512","QUE","51.2.0",2004,152,"A","Q_tlw"
"512","QUE","51.2.0",2005,186,"A","Q_tlw"
"512","QUE","51.2.0",2006,221,"A","Q_tlw"
"512","QUE","51.2.0",2007,144,"A","Q_tlw"
"512","QUE","51.2.0",2008,206,"A","Q_tlw"
"512","QUE","51.2.0",2009,116,"A","Q_tlw"
"512","QUE","51.2.0",2010,334,"A","Q_tlw"
"512","QUE","51.2.0",2011,158,"A","Q_tlw"
"512","QUE","51.2.0",2012,1162,"A","Q_tlw"
"512","QUE","51.2.0",2013,110,"A","Q_tlw"
"512","QUE","51.2.0",2014,601,"A","Q_tlw"
"512","QUE","51.2.0",2015,495,"A","Q_tlw"
"512","QUE","51.2.0",2016,561,"A","Q_tlw"
"512","QUE","51.2.0",2017,724,"A","Q_tlw"
"512","QUE","51.2.0",2018,1083,"A","Q_tlw"
"512","QUE","51.2.0",2019,816.118,"A","Q_tlw"
"512","QUE","51.2.0",2020,588.576,"A","Q_tlw"
"512","QUE","51.2.0",2021,1383.563,"A","Q_tlw"
"512","QUE","51.2.0",2022,479.557,"A","Q_tlw"
"512","QUE","51.3.1",1993,281,"A","Q_tlw"
"512","QUE","51.3.1",1994,518,"A","Q_tlw"
"512","QUE","51.3.1",1995,1019,"A","Q_tlw"
"512","QUE","51.3.1",1996,823,"A","Q_tlw"
"512","QUE","51.3.1",1997,703,"A","Q_tlw"
"512","QUE","51.3.1",1998,528,"A","Q_tlw"
"512","QUE","51.3.1",1999,693,"A","Q_tlw"
"512","QUE","51.3.1",2000,408,"A","Q_tlw"
"512","QUE","51.3.1",2001,464,"A","Q_tlw"
"512","QUE","51.3.1",2002,411,"A","Q_tlw"
"512","QUE","51.3.1",2003,947,"A","Q_tlw"
"512","QUE","51.3.1",2004,825,"A","Q_tlw"
"512","QUE","51.3.1",2005,701,"A","Q_tlw"
"512","QUE","51.3.1",2006,756,"A","Q_tlw"
"512","QUE","51.3.1",2007,799,"A","Q_tlw"
"512","QUE","51.3.1",2008,1172,"A","Q_tlw"
"512","QUE","51.3.1",2009,1590,"A","Q_tlw"
"512","QUE","51.3.1",2010,2499,"A","Q_tlw"
"512","QUE","51.3.1",2011,2937,"A","Q_tlw"
"512","QUE","51.3.1",2012,3082,"A","Q_tlw"
"512","QUE","51.3.1",2013,2672,"A","Q_tlw"
"512","QUE","51.3.1",2014,2930,"A","Q_tlw"
"512","QUE","51.3.1",2015,3055,"A","Q_tlw"
"512","QUE","51.3.1",2016,2444,"A","Q_tlw"
"512","QUE","51.3.1",2017,3152,"A","Q_tlw"
"512","QUE","51.3.1",2018,2856,"A","Q_tlw"
"512","QUE","51.3.1",2019,1939.807,"A","Q_tlw"
"512","QUE","51.3.1",2020,2077.313,"A","Q_tlw"
"512","QUE","51.3.1",2021,2164.046,"A","Q_tlw"
"512","QUE","51.3.1",2022,2777.426,"A","Q_tlw"
"512","QUE","51.3.2",2018,1493,"A","Q_tlw"
"512","QUE","51.3.2",2019,2583.772,"A","Q_tlw"
"512","QUE","51.3.2",2020,606.363,"A","Q_tlw"
"512","QUE","51.3.2",2021,1466.696,"A","Q_tlw"
"512","QUE","51.3.2",2022,2490.467,"A","Q_tlw"
"512","OBM","51.2.0",2023,517.619,"A","Q_tlw"
"512","OBM","51.3.1",2023,2457.07,"A","Q_tlw"
"512","OBM","51.3.2",2023,903.342,"A","Q_tlw"
"512","OBT","51.2.0",2023,148.18,"A","Q_tlw"
"512","OBT","51.3.1",2023,263.521,"A","Q_tlw"
"512","OBT","51.3.2",2023,96.52,"A","Q_tlw"
"512","BIS","51.2.0",2023,89.725,"A","Q_tlw"
"512","BIS","51.3.1",2023,6599.262,"A","Q_tlw"
"512","BIS","51.3.2",2023,1266.864,"A","Q_tlw"
"512","TRY","51.2.0",2023,114.687,"A","Q_tlw"
"512","TRY","51.3.1",2023,2444.369,"A","Q_tlw"
"512","TRY","51.3.2",2023,226.294,"A","Q_tlw"
"512","AMB","51.2.0",2023,18.308,"A","Q_tlw"
"512","AMB","51.3.1",2023,169.177,"A","Q_tlw"
"512","AMB","51.3.2",2023,1343.568,"A","Q_tlw"
"512","RNJ","51.2.0",2023,4.554,"A","Q_tlw"
"512","RNJ","51.3.1",2023,22.604,"A","Q_tlw"
"512","RNJ","51.3.2",2023,3.34,"A","Q_tlw"
"512","POX","51.3.1",1987,23,"A","Q_tlw"
"512","TCI","51.2.0",2023,5.902,"A","Q_tlw"
"512","TCI","51.3.1",2023,76.3,"A","Q_tlw"
"512","TCI","51.3.2",2023,144.774,"A","Q_tlw"
"512","POO","51.2.0",2023,0.968,"A","Q_tlw"
"512","POO","51.3.1",2023,134.322,"A","Q_tlw"
"512","POO","51.3.2",2023,283.96,"A","Q_tlw"
"512","TCO","51.2.0",2023,0,"A","Q_tlw"
"512","TCO","51.3.1",2023,8.355,"A","Q_tlw"
"512","TCO","51.3.2",2023,84.755,"A","Q_tlw"
"512","NGU","51.2.0",2023,76.741,"A","Q_tlw"
"512","NGU","51.3.1",2023,318.259,"A","Q_tlw"
"512","NGU","51.3.2",2023,1550.094,"A","Q_tlw"
"512","NGY","51.2.0",2023,20.874,"A","Q_tlw"
"512","NGY","51.3.1",2023,17.498,"A","Q_tlw"
"512","NGY","51.3.2",2023,5.02,"A","Q_tlw"
"512","CBA","51.2.0",2001,1,"A","Q_tlw"
"512","CBA","51.2.0",2002,1,"A","Q_tlw"
"512","CBA","51.2.0",2003,6,"A","Q_tlw"
"512","CBA","51.2.0",2004,1,"A","Q_tlw"
"512","CBA","51.2.0",2005,5,"A","Q_tlw"
"512","CBA","51.2.0",2006,4,"A","Q_tlw"
"512","CBA","51.2.0",2007,2,"A","Q_tlw"
"512","CBA","51.2.0",2008,3,"A","Q_tlw"
"512","CBA","51.2.0",2009,5,"A","Q_tlw"
"512","CBA","51.2.0",2010,4,"A","Q_tlw"
"512","CBA","51.2.0",2011,12,"A","Q_tlw"
"512","CBA","51.2.0",2012,11,"A","Q_tlw"
"512","CBA","51.2.0",2013,4,"A","Q_tlw"
"512","CBA","51.2.0",2014,14,"A","Q_tlw"
"512","CBA","51.2.0",2015,30,"A","Q_tlw"
"512","CBA","51.2.0",2016,19,"A","Q_tlw"
"512","CBA","51.2.0",2017,22,"A","Q_tlw"
"512","CBA","51.2.0",2018,12,"A","Q_tlw"
"512","CBA","51.2.0",2019,12.015,"A","Q_tlw"
"512","CBA","51.2.0",2020,14.586,"A","Q_tlw"
"512","CBA","51.2.0",2021,19.088,"A","Q_tlw"
"512","CBA","51.2.0",2022,19.984,"A","Q_tlw"
"512","CBA","51.2.0",2023,25.145,"A","Q_tlw"
"512","CBA","51.3.1",1987,131,"A","Q_tlw"
"512","CBA","51.3.1",1988,248,"A","Q_tlw"
"512","CBA","51.3.1",1989,104,"A","Q_tlw"
"512","CBA","51.3.1",1990,223,"A","Q_tlw"
"512","CBA","51.3.1",1991,105,"A","Q_tlw"
"512","CBA","51.3.1",1992,112,"A","Q_tlw"
"512","CBA","51.3.1",1993,202,"A","Q_tlw"
"512","CBA","51.3.1",1994,104,"A","Q_tlw"
"512","CBA","51.3.1",1995,234,"A","Q_tlw"
"512","CBA","51.3.1",1996,103,"A","Q_tlw"
"512","CBA","51.3.1",1997,180,"A","Q_tlw"
"512","CBA","51.3.1",1998,115,"A","Q_tlw"
"512","CBA","51.3.1",1999,124,"A","Q_tlw"
"512","CBA","51.3.1",2000,100,"A","Q_tlw"
"512","CBA","51.3.1",2001,53,"A","Q_tlw"
"512","CBA","51.3.1",2002,201,"A","Q_tlw"
"512","CBA","51.3.1",2003,135,"A","Q_tlw"
"512","CBA","51.3.1",2004,81,"A","Q_tlw"
"512","CBA","51.3.1",2005,129,"A","Q_tlw"
"512","CBA","51.3.1",2006,113,"A","Q_tlw"
"512","CBA","51.3.1",2007,107,"A","Q_tlw"
"512","CBA","51.3.1",2008,150,"A","Q_tlw"
"512","CBA","51.3.1",2009,136,"A","Q_tlw"
"512","CBA","51.3.1",2010,224,"A","Q_tlw"
"512","CBA","51.3.1",2011,148,"A","Q_tlw"
"512","CBA","51.3.1",2012,117,"A","Q_tlw"
"512","CBA","51.3.1",2013,120,"A","Q_tlw"
"512","CBA","51.3.1",2014,171,"A","Q_tlw"
"512","CBA","51.3.1",2015,135,"A","Q_tlw"
"512","CBA","51.3.1",2016,177,"A","Q_tlw"
"512","CBA","51.3.1",2017,207,"A","Q_tlw"
"512","CBA","51.3.1",2018,115,"A","Q_tlw"
"512","CBA","51.3.1",2019,133.413,"A","Q_tlw"
"512","CBA","51.3.1",2020,172.164,"A","Q_tlw"
"512","CBA","51.3.1",2021,190.378,"A","Q_tlw"
"512","CBA","51.3.1",2022,322.145,"A","Q_tlw"
"512","CBA","51.3.1",2023,337.325,"A","Q_tlw"
"512","CBA","51.3.2",2018,133,"A","Q_tlw"
"512","CBA","51.3.2",2019,27.435,"A","Q_tlw"
"512","CBA","51.3.2",2020,17.148,"A","Q_tlw"
"512","CBA","51.3.2",2021,13.668,"A","Q_tlw"
"512","CBA","51.3.2",2022,26.539,"A","Q_tlw"
"512","CBA","51.3.2",2023,54.576,"A","Q_tlw"
"512","DOX","51.2.0",2023,8.25,"A","Q_tlw"
"512","DOX","51.3.1",2023,3685.138,"A","Q_tlw"
"512","DOX","51.3.2",2023,6729.817,"A","Q_tlw"
"512","DOL","51.3.1",1987,19,"A","Q_tlw"
"512","DOL","51.3.1",1988,46,"A","Q_tlw"
"512","DOL","51.3.1",1990,24,"A","Q_tlw"
"512","DOL","51.3.1",1993,11,"A","Q_tlw"
"512","DOL","51.3.1",1999,0,"A","Q_tlw"
"512","DOL","51.3.1",2000,7,"A","Q_tlw"
"512","DOL","51.3.1",2001,25,"A","Q_tlw"
"512","DOL","51.3.1",2002,54,"A","Q_tlw"
"512","DOL","51.3.1",2003,13,"A","Q_tlw"
"512","DOL","51.3.1",2004,14,"A","Q_tlw"
"512","DOL","51.3.1",2005,6,"A","Q_tlw"
"512","DOL","51.3.1",2006,8,"A","Q_tlw"
"512","DOL","51.3.1",2007,10,"A","Q_tlw"
"512","DOL","51.3.1",2008,35,"A","Q_tlw"
"512","DOL","51.3.1",2009,162,"A","Q_tlw"
"512","DOL","51.3.1",2010,2,"A","Q_tlw"
"512","DOL","51.3.1",2011,9,"A","Q_tlw"
"512","DOL","51.3.1",2012,7,"A","Q_tlw"
"512","DOL","51.3.1",2013,3,"A","Q_tlw"
"512","BEN","51.2.0",2023,774.308,"A","Q_tlw"
"512","BEN","51.3.1",2023,515.496,"A","Q_tlw"
"512","BEN","51.3.2",2023,42.681,"A","Q_tlw"
"512","NED","51.2.0",2001,10,"A","Q_tlw"
"512","NED","51.2.0",2002,3,"A","Q_tlw"
"512","NED","51.2.0",2003,36,"A","Q_tlw"
"512","NED","51.2.0",2004,2,"A","Q_tlw"
"512","NED","51.2.0",2005,30,"A","Q_tlw"
"512","NED","51.2.0",2006,31,"A","Q_tlw"
"512","NED","51.2.0",2007,14,"A","Q_tlw"
"512","NED","51.2.0",2008,20,"A","Q_tlw"
"512","NED","51.2.0",2009,88,"A","Q_tlw"
"512","NED","51.2.0",2010,99,"A","Q_tlw"
"512","NED","51.2.0",2011,153,"A","Q_tlw"
"512","NED","51.2.0",2012,173,"A","Q_tlw"
"512","NED","51.2.0",2013,445,"A","Q_tlw"
"512","NED","51.2.0",2014,410,"A","Q_tlw"
"512","NED","51.2.0",2015,430,"A","Q_tlw"
"512","NED","51.2.0",2016,299,"A","Q_tlw"
"512","NED","51.2.0",2017,577,"A","Q_tlw"
"512","NED","51.2.0",2018,597,"A","Q_tlw"
"512","NED","51.2.0",2019,567.251,"A","Q_tlw"
"512","NED","51.2.0",2020,364.373,"A","Q_tlw"
"512","NED","51.2.0",2021,553.964,"A","Q_tlw"
"512","NED","51.2.0",2022,426.423,"A","Q_tlw"
"512","NED","51.3.1",1986,0,"A","Q_tlw"
"512","NED","51.3.1",1987,0,"A","Q_tlw"
"512","NED","51.3.1",1988,0,"A","Q_tlw"
"512","NED","51.3.1",1989,0,"A","Q_tlw"
"512","NED","51.3.1",1990,0,"A","Q_tlw"
"512","NED","51.3.1",1991,510,"A","Q_tlw"
"512","NED","51.3.1",1994,779,"A","Q_tlw"
"512","NED","51.3.1",1995,508,"A","Q_tlw"
"512","NED","51.3.1",1996,201,"A","Q_tlw"
"512","NED","51.3.1",1997,252,"A","Q_tlw"
"512","NED","51.3.1",1998,116,"A","Q_tlw"
"512","NED","51.3.1",1999,209,"A","Q_tlw"
"512","NED","51.3.1",2000,131,"A","Q_tlw"
"512","NED","51.3.1",2001,120,"A","Q_tlw"
"512","NED","51.3.1",2002,538,"A","Q_tlw"
"512","NED","51.3.1",2003,101,"A","Q_tlw"
"512","NED","51.3.1",2004,26,"A","Q_tlw"
"512","NED","51.3.1",2005,239,"A","Q_tlw"
"512","NED","51.3.1",2006,115,"A","Q_tlw"
"512","NED","51.3.1",2007,131,"A","Q_tlw"
"512","NED","51.3.1",2008,452,"A","Q_tlw"
"512","NED","51.3.1",2009,209,"A","Q_tlw"
"512","NED","51.3.1",2010,356,"A","Q_tlw"
"512","NED","51.3.1",2011,364,"A","Q_tlw"
"512","NED","51.3.1",2012,223,"A","Q_tlw"
"512","NED","51.3.1",2013,430,"A","Q_tlw"
"512","NED","51.3.1",2014,370,"A","Q_tlw"
"512","NED","51.3.1",2015,524,"A","Q_tlw"
"512","NED","51.3.1",2016,425,"A","Q_tlw"
"512","NED","51.3.1",2017,819,"A","Q_tlw"
"512","NED","51.3.1",2018,456,"A","Q_tlw"
"512","NED","51.3.1",2019,398.873,"A","Q_tlw"
"512","NED","51.3.1",2020,208.62,"A","Q_tlw"
"512","NED","51.3.1",2021,373.325,"A","Q_tlw"
"512","NED","51.3.1",2022,381.374,"A","Q_tlw"
"512","NED","51.3.2",2018,60,"A","Q_tlw"
"512","NED","51.3.2",2019,186.129,"A","Q_tlw"
"512","NED","51.3.2",2020,47.106,"A","Q_tlw"
"512","NED","51.3.2",2021,30.812,"A","Q_tlw"
"512","NED","51.3.2",2022,5.079,"A","Q_tlw"
"512","JKX","51.3.1",1987,10,"A","Q_tlw"
"512","JKX","51.3.1",1999,0,"A","Q_tlw"
"512","JKX","51.3.1",2000,0,"A","Q_tlw"
"512","JKX","51.3.1",2001,0,"A","Q_tlw"
"512","JKX","51.3.1",2002,0,"A","Q_tlw"
"512","JKX","51.3.1",2003,0,"A","Q_tlw"
"512","JKX","51.3.1",2004,0,"A","Q_tlw"
"512","JKX","51.3.1",2005,0,"A","Q_tlw"
"512","JKX","51.3.1",2006,0,"A","Q_tlw"
"512","JKX","51.3.1",2007,0,"A","Q_tlw"
"512","JKX","51.3.1",2008,0,"A","Q_tlw"
"512","JKX","51.3.1",2009,0,"A","Q_tlw"
"512","JKX","51.3.1",2010,0,"A","Q_tlw"
"512","JKX","51.3.1",2011,0,"A","Q_tlw"
"512","JKX","51.3.1",2012,0,"A","Q_tlw"
"512","JKX","51.3.1",2013,0,"A","Q_tlw"
"512","JKX","51.3.1",2014,0,"A","Q_tlw"
"512","JKX","51.3.1",2015,0,"A","Q_tlw"
"512","JKX","51.3.1",2016,0,"A","Q_tlw"
"512","JKX","51.3.1",2017,0,"A","Q_tlw"
"512","JKX","51.3.1",2018,1113,"A","Q_tlw"
"512","HAX","51.2.0",2023,0,"A","Q_tlw"
"512","HAX","51.3.1",2023,199.314,"A","Q_tlw"
"512","HAX","51.3.2",2023,0.593,"A","Q_tlw"
"512","HHF","51.2.0",2023,0,"A","Q_tlw"
"512","HHF","51.3.1",2023,36.645,"A","Q_tlw"
"512","HHF","51.3.2",2023,15.711,"A","Q_tlw"
"512","PPX","51.2.0",2001,11,"A","Q_tlw"
"512","PPX","51.2.0",2002,5,"A","Q_tlw"
"512","PPX","51.2.0",2003,35,"A","Q_tlw"
"512","PPX","51.2.0",2004,264,"A","Q_tlw"
"512","PPX","51.2.0",2005,33,"A","Q_tlw"
"512","PPX","51.2.0",2006,80,"A","Q_tlw"
"512","PPX","51.2.0",2007,46,"A","Q_tlw"
"512","PPX","51.2.0",2008,66,"A","Q_tlw"
"512","PPX","51.2.0",2009,136,"A","Q_tlw"
"512","PPX","51.2.0",2010,48,"A","Q_tlw"
"512","PPX","51.2.0",2011,101,"A","Q_tlw"
"512","PPX","51.2.0",2012,88,"A","Q_tlw"
"512","PPX","51.2.0",2013,138,"A","Q_tlw"
"512","PPX","51.2.0",2014,331,"A","Q_tlw"
"512","PPX","51.2.0",2015,416,"A","Q_tlw"
"512","PPX","51.2.0",2016,263,"A","Q_tlw"
"512","PPX","51.2.0",2017,66,"A","Q_tlw"
"512","PPX","51.2.0",2018,393,"A","Q_tlw"
"512","PPX","51.2.0",2019,718.234,"A","Q_tlw"
"512","PPX","51.2.0",2020,69.939,"A","Q_tlw"
"512","PPX","51.2.0",2021,330.923,"A","Q_tlw"
"512","PPX","51.2.0",2022,493.093,"A","Q_tlw"
"512","PPX","51.3.1",1986,41561,"A","Q_tlw"
"512","PPX","51.3.1",1987,43746,"A","Q_tlw"
"512","PPX","51.3.1",1988,40267,"A","Q_tlw"
"512","PPX","51.3.1",1989,32558,"A","Q_tlw"
"512","PPX","51.3.1",1990,31603,"A","Q_tlw"
"512","PPX","51.3.1",1991,52042,"A","Q_tlw"
"512","PPX","51.3.1",1992,39796,"A","Q_tlw"
"512","PPX","51.3.1",1993,8447,"A","Q_tlw"
"512","PPX","51.3.1",1994,7788,"A","Q_tlw"
"512","PPX","51.3.1",1995,1269,"A","Q_tlw"
"512","PPX","51.3.1",1996,2045,"A","Q_tlw"
"512","PPX","51.3.1",1997,2949,"A","Q_tlw"
"512","PPX","51.3.1",1998,6055,"A","Q_tlw"
"512","PPX","51.3.1",1999,10790,"A","Q_tlw"
"512","PPX","51.3.1",2000,5353,"A","Q_tlw"
"512","PPX","51.3.1",2001,3380,"A","Q_tlw"
"512","PPX","51.3.1",2002,5462,"A","Q_tlw"
"512","PPX","51.3.1",2003,4939,"A","Q_tlw"
"512","PPX","51.3.1",2004,4129,"A","Q_tlw"
"512","PPX","51.3.1",2005,3350,"A","Q_tlw"
"512","PPX","51.3.1",2006,4716,"A","Q_tlw"
"512","PPX","51.3.1",2007,4136,"A","Q_tlw"
"512","PPX","51.3.1",2008,4351,"A","Q_tlw"
"512","PPX","51.3.1",2009,2545,"A","Q_tlw"
"512","PPX","51.3.1",2010,1350,"A","Q_tlw"
"512","PPX","51.3.1",2011,4866,"A","Q_tlw"
"512","PPX","51.3.1",2012,4726,"A","Q_tlw"
"512","PPX","51.3.1",2013,5911,"A","Q_tlw"
"512","PPX","51.3.1",2014,2224,"A","Q_tlw"
"512","PPX","51.3.1",2015,2517,"A","Q_tlw"
"512","PPX","51.3.1",2016,2684,"A","Q_tlw"
"512","PPX","51.3.1",2017,674,"A","Q_tlw"
"512","PPX","51.3.1",2018,3190,"A","Q_tlw"
"512","PPX","51.3.1",2019,1200.944,"A","Q_tlw"
"512","PPX","51.3.1",2020,3021.18,"A","Q_tlw"
"512","PPX","51.3.1",2021,3680.25,"A","Q_tlw"
"512","PPX","51.3.1",2022,1879.276,"A","Q_tlw"
"512","PPX","51.3.2",2018,4779,"A","Q_tlw"
"512","PPX","51.3.2",2019,15141.926,"A","Q_tlw"
"512","PPX","51.3.2",2020,8700.779,"A","Q_tlw"
"512","PPX","51.3.2",2021,11377.079,"A","Q_tlw"
"512","PPX","51.3.2",2022,7472.059,"A","Q_tlw"
"512","THR","51.2.0",2023,0,"A","Q_tlw"
"512","THR","51.3.1",2023,55.4,"A","Q_tlw"
"512","THR","51.3.2",2023,235.195,"A","Q_tlw"
"512","MSK","51.2.0",2023,0,"A","Q_tlw"
"512","MSK","51.3.1",2023,52.166,"A","Q_tlw"
"512","MSK","51.3.2",2023,64.916,"A","Q_tlw"
"512","TRK","51.2.0",2023,0,"A","Q_tlw"
"512","TRK","51.3.1",2023,56.09,"A","Q_tlw"
"512","TRK","51.3.2",2023,0.415,"A","Q_tlw"
"512","HCM","51.2.0",2023,0,"A","Q_tlw"
"512","HCM","51.3.1",2023,6.769,"A","Q_tlw"
"512","HCM","51.3.2",2023,10.029,"A","Q_tlw"
"512","HEE","51.2.0",2023,0.062,"A","Q_tlw"
"512","HEE","51.3.1",2023,14.048,"A","Q_tlw"
"512","HEE","51.3.2",2023,0,"A","Q_tlw"
"512","CCY","51.2.0",2023,207.429,"A","Q_tlw"
"512","CCY","51.3.1",2023,125.275,"A","Q_tlw"
"512","CCY","51.3.2",2023,201.209,"A","Q_tlw"
"512","CCL","51.2.0",2023,140.769,"A","Q_tlw"
"512","CCL","51.3.1",2023,52.809,"A","Q_tlw"
"512","CCL","51.3.2",2023,166.938,"A","Q_tlw"
"512","CCM","51.2.0",2023,237.717,"A","Q_tlw"
"512","CCM","51.3.1",2023,325.064,"A","Q_tlw"
"512","CCM","51.3.2",2023,1324.809,"A","Q_tlw"
"512","BLR","51.2.0",2023,0,"A","Q_tlw"
"512","BLR","51.3.1",2023,19.095,"A","Q_tlw"
"512","BLR","51.3.2",2023,87.695,"A","Q_tlw"
"512","CLD","51.2.0",2023,5.573,"A","Q_tlw"
"512","CLD","51.3.1",2023,40.844,"A","Q_tlw"
"512","CLD","51.3.2",2023,98.309,"A","Q_tlw"
"512","SPZ","51.2.0",2023,32.671,"A","Q_tlw"
"512","SPZ","51.3.1",2023,660.705,"A","Q_tlw"
"512","SPZ","51.3.2",2023,27.135,"A","Q_tlw"
"512","AGN","51.2.0",2023,0,"A","Q_tlw"
"512","AGN","51.3.1",2023,1.657,"A","Q_tlw"
"512","AGN","51.3.2",2023,3.06,"A","Q_tlw"
"512","GTF","51.2.0",2023,6.243,"A","Q_tlw"
"512","GTF","51.3.1",2023,92.903,"A","Q_tlw"
"512","GTF","51.3.2",2023,3.969,"A","Q_tlw"
"512","SRX","51.2.0",2001,1,"A","Q_tlw"
"512","SRX","51.2.0",2002,0,"A","Q_tlw"
"512","SRX","51.2.0",2003,0,"A","Q_tlw"
"512","SRX","51.2.0",2004,0,"N","Q_tlw"
"512","SRX","51.2.0",2005,0,"N","Q_tlw"
"512","SRX","51.2.0",2006,0,"N","Q_tlw"
"512","SRX","51.2.0",2007,0,"N","Q_tlw"
"512","SRX","51.2.0",2008,0,"N","Q_tlw"
"512","SRX","51.2.0",2009,2,"A","Q_tlw"
"512","SRX","51.2.0",2010,19,"A","Q_tlw"
"512","SRX","51.2.0",2011,14,"A","Q_tlw"
"512","SRX","51.2.0",2012,63,"A","Q_tlw"
"512","SRX","51.2.0",2013,158,"A","Q_tlw"
"512","SRX","51.2.0",2014,28,"A","Q_tlw"
"512","SRX","51.2.0",2015,27,"A","Q_tlw"
"512","SRX","51.2.0",2016,34,"A","Q_tlw"
"512","SRX","51.2.0",2017,40,"A","Q_tlw"
"512","SRX","51.2.0",2018,12,"A","Q_tlw"
"512","SRX","51.2.0",2019,50.443,"A","Q_tlw"
"512","SRX","51.2.0",2020,32.74,"A","Q_tlw"
"512","SRX","51.2.0",2021,54.943,"A","Q_tlw"
"512","SRX","51.2.0",2022,23.197,"A","Q_tlw"
"512","SRX","51.3.1",1988,140,"A","Q_tlw"
"512","SRX","51.3.1",1989,138,"A","Q_tlw"
"512","SRX","51.3.1",1990,191,"A","Q_tlw"
"512","SRX","51.3.1",1991,297,"A","Q_tlw"
"512","SRX","51.3.1",1992,297,"A","Q_tlw"
"512","SRX","51.3.1",1993,288,"A","Q_tlw"
"512","SRX","51.3.1",1994,188,"A","Q_tlw"
"512","SRX","51.3.1",1995,538,"A","Q_tlw"
"512","SRX","51.3.1",1996,372,"A","Q_tlw"
"512","SRX","51.3.1",1997,359,"A","Q_tlw"
"512","SRX","51.3.1",1998,189,"A","Q_tlw"
"512","SRX","51.3.1",1999,289,"A","Q_tlw"
"512","SRX","51.3.1",2000,240,"A","Q_tlw"
"512","SRX","51.3.1",2001,197,"A","Q_tlw"
"512","SRX","51.3.1",2002,199,"A","Q_tlw"
"512","SRX","51.3.1",2003,162,"A","Q_tlw"
"512","SRX","51.3.1",2004,143,"A","Q_tlw"
"512","SRX","51.3.1",2005,176,"A","Q_tlw"
"512","SRX","51.3.1",2006,160,"A","Q_tlw"
"512","SRX","51.3.1",2007,157,"A","Q_tlw"
"512","SRX","51.3.1",2008,967,"A","Q_tlw"
"512","SRX","51.3.1",2009,724,"A","Q_tlw"
"512","SRX","51.3.1",2010,648,"A","Q_tlw"
"512","SRX","51.3.1",2011,734,"A","Q_tlw"
"512","SRX","51.3.1",2012,1064,"A","Q_tlw"
"512","SRX","51.3.1",2013,1010,"A","Q_tlw"
"512","SRX","51.3.1",2014,895,"A","Q_tlw"
"512","SRX","51.3.1",2015,1191,"A","Q_tlw"
"512","SRX","51.3.1",2016,850,"A","Q_tlw"
"512","SRX","51.3.1",2017,988,"A","Q_tlw"
"512","SRX","51.3.1",2018,1155,"A","Q_tlw"
"512","SRX","51.3.1",2019,779.301,"A","Q_tlw"
"512","SRX","51.3.1",2020,683.561,"A","Q_tlw"
"512","SRX","51.3.1",2021,1105.214,"A","Q_tlw"
"512","SRX","51.3.1",2022,1296.085,"A","Q_tlw"
"512","SRX","51.3.2",2018,31,"A","Q_tlw"
"512","SRX","51.3.2",2019,11.323,"A","Q_tlw"
"512","SRX","51.3.2",2020,31.018,"A","Q_tlw"
"512","SRX","51.3.2",2021,103.993,"A","Q_tlw"
"512","SRX","51.3.2",2022,28.719,"A","Q_tlw"
"512","STT","51.2.0",2023,11.439,"A","Q_tlw"
"512","STT","51.3.1",2023,58.904,"A","Q_tlw"
"512","STT","51.3.2",2023,1.502,"A","Q_tlw"
"512","DHV","51.2.0",2023,0.429,"A","Q_tlw"
"512","DHV","51.3.1",2023,33.542,"A","Q_tlw"
"512","DHV","51.3.2",2023,14.601,"A","Q_tlw"
"512","RGP","51.2.0",2023,0,"A","Q_tlw"
"512","RGP","51.3.1",2023,0.018,"A","Q_tlw"
"512","RGP","51.3.2",2023,0.055,"A","Q_tlw"
"512","EAG","51.2.0",2023,0.803,"A","Q_tlw"
"512","EAG","51.3.1",2023,14.552,"A","Q_tlw"
"512","EAG","51.3.2",2023,0.18,"A","Q_tlw"
"512","SKX","51.2.0",2001,116,"A","Q_tlw"
"512","SKX","51.2.0",2002,19,"A","Q_tlw"
"512","SKX","51.2.0",2003,87,"A","Q_tlw"
"512","SKX","51.2.0",2004,34,"A","Q_tlw"
"512","SKX","51.2.0",2005,118,"A","Q_tlw"
"512","SKX","51.2.0",2006,113,"A","Q_tlw"
"512","SKX","51.2.0",2007,62,"A","Q_tlw"
"512","SKX","51.2.0",2008,89,"A","Q_tlw"
"512","SKX","51.2.0",2009,119,"A","Q_tlw"
"512","SKX","51.2.0",2010,154,"A","Q_tlw"
"512","SKX","51.2.0",2011,1016,"A","Q_tlw"
"512","SKX","51.2.0",2012,692,"A","Q_tlw"
"512","SKX","51.2.0",2013,471,"A","Q_tlw"
"512","SKX","51.2.0",2014,335,"A","Q_tlw"
"512","SKX","51.2.0",2015,495,"A","Q_tlw"
"512","SKX","51.2.0",2016,813,"A","Q_tlw"
"512","SKX","51.2.0",2017,544,"A","Q_tlw"
"512","SKX","51.2.0",2018,891,"A","Q_tlw"
"512","SKX","51.2.0",2019,457.957,"A","Q_tlw"
"512","SKX","51.2.0",2020,599.385,"A","Q_tlw"
"512","SKX","51.2.0",2021,1000.39,"A","Q_tlw"
"512","SKX","51.2.0",2022,740.255,"A","Q_tlw"
"512","SKX","51.3.1",1986,7497,"A","Q_tlw"
"512","SKX","51.3.1",1987,6415,"A","Q_tlw"
"512","SKX","51.3.1",1988,8173,"A","Q_tlw"
"512","SKX","51.3.1",1989,4776,"A","Q_tlw"
"512","SKX","51.3.1",1990,2595,"A","Q_tlw"
"512","SKX","51.3.1",1991,3058,"A","Q_tlw"
"512","SKX","51.3.1",1992,5248,"A","Q_tlw"
"512","SKX","51.3.1",1993,4540,"A","Q_tlw"
"512","SKX","51.3.1",1994,3503,"A","Q_tlw"
"512","SKX","51.3.1",1995,6566,"A","Q_tlw"
"512","SKX","51.3.1",1996,5870,"A","Q_tlw"
"512","SKX","51.3.1",1997,6342,"A","Q_tlw"
"512","SKX","51.3.1",1998,4805,"A","Q_tlw"
"512","SKX","51.3.1",1999,4020,"A","Q_tlw"
"512","SKX","51.3.1",2000,3651,"A","Q_tlw"
"512","SKX","51.3.1",2001,3516,"A","Q_tlw"
"512","SKX","51.3.1",2002,3784,"A","Q_tlw"
"512","SKX","51.3.1",2003,5840,"A","Q_tlw"
"512","SKX","51.3.1",2004,5530,"A","Q_tlw"
"512","SKX","51.3.1",2005,5337,"A","Q_tlw"
"512","SKX","51.3.1",2006,5849,"A","Q_tlw"
"512","SKX","51.3.1",2007,5279,"A","Q_tlw"
"512","SKX","51.3.1",2008,5120,"A","Q_tlw"
"512","SKX","51.3.1",2009,5005,"A","Q_tlw"
"512","SKX","51.3.1",2010,5123,"A","Q_tlw"
"512","SKX","51.3.1",2011,6752,"A","Q_tlw"
"512","SKX","51.3.1",2012,5199,"A","Q_tlw"
"512","SKX","51.3.1",2013,6987,"A","Q_tlw"
"512","SKX","51.3.1",2014,6244,"A","Q_tlw"
"512","SKX","51.3.1",2015,6356,"A","Q_tlw"
"512","SKX","51.3.1",2016,6790,"A","Q_tlw"
"512","SKX","51.3.1",2017,4541,"A","Q_tlw"
"512","SKX","51.3.1",2018,1945,"A","Q_tlw"
"512","SKX","51.3.1",2019,1322.155,"A","Q_tlw"
"512","SKX","51.3.1",2020,1503.376,"A","Q_tlw"
"512","SKX","51.3.1",2021,1406.749,"A","Q_tlw"
"512","SKX","51.3.1",2022,1452.593,"A","Q_tlw"
"512","SKX","51.3.2",2018,5580,"A","Q_tlw"
"512","SKX","51.3.2",2019,3305.706,"A","Q_tlw"
"512","SKX","51.3.2",2020,3964.882,"A","Q_tlw"
"512","SKX","51.3.2",2021,3157.918,"A","Q_tlw"
"512","SKX","51.3.2",2022,2885.665,"A","Q_tlw"
"512","SKH","51.2.0",2023,109.913,"A","Q_tlw"
"512","SKH","51.3.1",2023,603.411,"A","Q_tlw"
"512","SKH","51.3.2",2023,300.444,"A","Q_tlw"
"512","BAI","51.2.0",2023,0.774,"A","Q_tlw"
"512","BAI","51.3.1",2023,761.402,"A","Q_tlw"
"512","BAI","51.3.2",2023,0,"A","Q_tlw"
"512","PEL","51.2.0",2023,0,"A","Q_tlw"
"512","PEL","51.3.1",2023,35.382,"A","Q_tlw"
"512","PEL","51.3.2",2023,0,"A","Q_tlw"
"512","MZZ","51.2.0",2002,2,"A","Q_tlw"
"512","MZZ","51.2.0",2003,78,"A","Q_tlw"
"512","MZZ","51.2.0",2004,30,"A","Q_tlw"
"512","MZZ","51.2.0",2005,85,"A","Q_tlw"
"512","MZZ","51.2.0",2006,64,"A","Q_tlw"
"512","MZZ","51.2.0",2007,41,"A","Q_tlw"
"512","MZZ","51.2.0",2008,60,"A","Q_tlw"
"512","MZZ","51.2.0",2009,48,"A","Q_tlw"
"512","MZZ","51.2.0",2010,225,"A","Q_tlw"
"512","MZZ","51.2.0",2011,34,"A","Q_tlw"
"512","MZZ","51.2.0",2012,30,"A","Q_tlw"
"512","MZZ","51.2.0",2013,47,"A","Q_tlw"
"512","MZZ","51.2.0",2014,13,"A","Q_tlw"
"512","MZZ","51.2.0",2015,20,"A","Q_tlw"
"512","MZZ","51.2.0",2016,30,"A","Q_tlw"
"512","MZZ","51.2.0",2017,96,"A","Q_tlw"
"512","MZZ","51.2.0",2018,398,"A","Q_tlw"
"512","MZZ","51.2.0",2019,255.4,"A","Q_tlw"
"512","MZZ","51.2.0",2020,297.439,"A","Q_tlw"
"512","MZZ","51.2.0",2021,231.061,"A","Q_tlw"
"512","MZZ","51.2.0",2022,92.013,"A","Q_tlw"
"512","MZZ","51.2.0",2023,10.367,"A","Q_tlw"
"512","MZZ","51.3.1",1986,110,"A","Q_tlw"
"512","MZZ","51.3.1",1987,8112,"A","Q_tlw"
"512","MZZ","51.3.1",1988,606,"A","Q_tlw"
"512","MZZ","51.3.1",1989,703,"A","Q_tlw"
"512","MZZ","51.3.1",1990,1015,"A","Q_tlw"
"512","MZZ","51.3.1",1991,5425,"A","Q_tlw"
"512","MZZ","51.3.1",1992,4685,"A","Q_tlw"
"512","MZZ","51.3.1",1993,2980,"A","Q_tlw"
"512","MZZ","51.3.1",1994,1422,"A","Q_tlw"
"512","MZZ","51.3.1",1995,2,"A","Q_tlw"
"512","MZZ","51.3.1",1996,101,"A","Q_tlw"
"512","MZZ","51.3.1",1997,355,"A","Q_tlw"
"512","MZZ","51.3.1",1998,432,"A","Q_tlw"
"512","MZZ","51.3.1",1999,1,"A","Q_tlw"
"512","MZZ","51.3.1",2000,377,"A","Q_tlw"
"512","MZZ","51.3.1",2001,1248,"A","Q_tlw"
"512","MZZ","51.3.1",2002,446,"A","Q_tlw"
"512","MZZ","51.3.1",2003,3428,"A","Q_tlw"
"512","MZZ","51.3.1",2004,5810,"A","Q_tlw"
"512","MZZ","51.3.1",2005,4452,"A","Q_tlw"
"512","MZZ","51.3.1",2006,3873,"A","Q_tlw"
"512","MZZ","51.3.1",2007,4488,"A","Q_tlw"
"512","MZZ","51.3.1",2008,5956,"A","Q_tlw"
"512","MZZ","51.3.1",2009,3828,"A","Q_tlw"
"512","MZZ","51.3.1",2010,3264,"A","Q_tlw"
"512","MZZ","51.3.1",2011,840,"A","Q_tlw"
"512","MZZ","51.3.1",2012,1398,"A","Q_tlw"
"512","MZZ","51.3.1",2013,1847,"A","Q_tlw"
"512","MZZ","51.3.1",2014,1561,"A","Q_tlw"
"512","MZZ","51.3.1",2015,2580,"A","Q_tlw"
"512","MZZ","51.3.1",2016,2586,"A","Q_tlw"
"512","MZZ","51.3.1",2017,8300,"A","Q_tlw"
"512","MZZ","51.3.1",2018,1065,"A","Q_tlw"
"512","MZZ","51.3.1",2019,1112.365,"A","Q_tlw"
"512","MZZ","51.3.1",2020,2064.436,"A","Q_tlw"
"512","MZZ","51.3.1",2021,1600.208,"A","Q_tlw"
"512","MZZ","51.3.1",2022,1937.952,"A","Q_tlw"
"512","MZZ","51.3.1",2023,649.965,"A","Q_tlw"
"512","MZZ","51.3.2",2018,3128,"A","Q_tlw"
"512","MZZ","51.3.2",2019,2800.263,"A","Q_tlw"
"512","MZZ","51.3.2",2020,3458.714,"A","Q_tlw"
"512","MZZ","51.3.2",2021,4908.345,"A","Q_tlw"
"512","MZZ","51.3.2",2022,6168.088,"A","Q_tlw"
"512","MZZ","51.3.2",2023,694.547,"A","Q_tlw"
"512","CRA","51.2.0",2023,6.398,"A","Q_tlw"
"512","CRA","51.3.1",2023,1256.414,"A","Q_tlw"
"512","CRA","51.3.2",2023,3854.927,"A","Q_tlw"
"512","VLO","51.2.0",2023,0,"A","Q_tlw"
"512","VLO","51.3.1",2023,0.042,"A","Q_tlw"
"512","VLO","51.3.2",2023,31.42,"A","Q_tlw"
"512","SLV","51.2.0",2010,2,"A","Q_tlw"
"512","SLV","51.2.0",2011,0,"A","Q_tlw"
"512","SLV","51.2.0",2012,0,"A","Q_tlw"
"512","SLV","51.2.0",2013,0,"A","Q_tlw"
"512","SLV","51.2.0",2014,3,"A","Q_tlw"
"512","SLV","51.2.0",2015,3,"A","Q_tlw"
"512","SLV","51.2.0",2016,9,"A","Q_tlw"
"512","SLV","51.2.0",2017,6,"A","Q_tlw"
"512","SLV","51.2.0",2018,11,"A","Q_tlw"
"512","SLV","51.2.0",2019,0.385,"A","Q_tlw"
"512","SLV","51.2.0",2020,1.725,"A","Q_tlw"
"512","SLV","51.2.0",2021,1.113,"A","Q_tlw"
"512","SLV","51.2.0",2022,3.374,"A","Q_tlw"
"512","SLV","51.3.1",1986,2122,"A","Q_tlw"
"512","SLV","51.3.1",1987,1557,"A","Q_tlw"
"512","SLV","51.3.1",1988,1936,"A","Q_tlw"
"512","SLV","51.3.1",1989,1891,"A","Q_tlw"
"512","SLV","51.3.1",1990,1499,"A","Q_tlw"
"512","SLV","51.3.1",1991,874,"A","Q_tlw"
"512","SLV","51.3.1",1992,546,"A","Q_tlw"
"512","SLV","51.3.1",1993,701,"A","Q_tlw"
"512","SLV","51.3.1",1994,623,"A","Q_tlw"
"512","SLV","51.3.1",1995,608,"A","Q_tlw"
"512","SLV","51.3.1",1996,397,"A","Q_tlw"
"512","SLV","51.3.1",1997,263,"A","Q_tlw"
"512","SLV","51.3.1",1998,336,"A","Q_tlw"
"512","SLV","51.3.1",1999,180,"A","Q_tlw"
"512","SLV","51.3.1",2000,402,"A","Q_tlw"
"512","SLV","51.3.1",2001,379,"A","Q_tlw"
"512","SLV","51.3.1",2002,449,"A","Q_tlw"
"512","SLV","51.3.1",2003,473,"A","Q_tlw"
"512","SLV","51.3.1",2004,233,"A","Q_tlw"
"512","SLV","51.3.1",2005,428,"A","Q_tlw"
"512","SLV","51.3.1",2006,373,"A","Q_tlw"
"512","SLV","51.3.1",2007,332,"A","Q_tlw"
"512","SLV","51.3.1",2008,157,"A","Q_tlw"
"512","SLV","51.3.1",2009,19,"A","Q_tlw"
"512","SLV","51.3.1",2010,405,"A","Q_tlw"
"512","SLV","51.3.1",2011,158,"A","Q_tlw"
"512","SLV","51.3.1",2012,243,"A","Q_tlw"
"512","SLV","51.3.1",2013,222,"A","Q_tlw"
"512","SLV","51.3.1",2014,299,"A","Q_tlw"
"512","SLV","51.3.1",2015,413,"A","Q_tlw"
"512","SLV","51.3.1",2016,476,"A","Q_tlw"
"512","SLV","51.3.1",2017,333,"A","Q_tlw"
"512","SLV","51.3.1",2018,9,"A","Q_tlw"
"512","SLV","51.3.1",2019,1.759,"A","Q_tlw"
"512","SLV","51.3.1",2020,86.461,"A","Q_tlw"
"512","SLV","51.3.1",2021,12.385,"A","Q_tlw"
"512","SLV","51.3.1",2022,43.363,"A","Q_tlw"
"512","SLV","51.3.2",2018,529,"A","Q_tlw"
"512","SLV","51.3.2",2019,1046.793,"A","Q_tlw"
"512","SLV","51.3.2",2020,861.68,"A","Q_tlw"
"512","SLV","51.3.2",2021,1106.774,"A","Q_tlw"
"512","SLV","51.3.2",2022,1054.05,"A","Q_tlw"
"512","LOK","51.2.0",2023,0,"A","Q_tlw"
"512","LOK","51.3.1",2023,67.765,"A","Q_tlw"
"512","LOK","51.3.2",2023,684.71,"A","Q_tlw"
"512","NUV","51.2.0",2023,2.484,"A","Q_tlw"
"512","NUV","51.3.1",2023,1.169,"A","Q_tlw"
"512","NUV","51.3.2",2023,11.236,"A","Q_tlw"
"512","LOS","51.2.0",2023,0.035,"A","Q_tlw"
"512","LOS","51.3.1",2023,0.888,"A","Q_tlw"
"512","LOS","51.3.2",2023,1.139,"A","Q_tlw"
"512","DCP","51.2.0",2019,0,"A","Q_tlw"
"512","DCP","51.2.0",2020,0,"A","Q_tlw"
"512","DCP","51.2.0",2022,0,"A","Q_tlw"
"512","DCP","51.3.1",1986,200,"A","Q_tlw"
"512","DCP","51.3.1",1987,200,"A","Q_tlw"
"512","DCP","51.3.1",1988,172,"A","Q_tlw"
"512","DCP","51.3.1",1989,587,"A","Q_tlw"
"512","DCP","51.3.1",1990,358,"A","Q_tlw"
"512","DCP","51.3.1",1991,155,"A","Q_tlw"
"512","DCP","51.3.1",1992,155,"A","Q_tlw"
"512","DCP","51.3.1",1993,380,"A","Q_tlw"
"512","DCP","51.3.1",1994,451,"A","Q_tlw"
"512","DCP","51.3.1",1995,340,"A","Q_tlw"
"512","DCP","51.3.1",1996,276,"A","Q_tlw"
"512","DCP","51.3.1",1997,376,"A","Q_tlw"
"512","DCP","51.3.1",1998,65,"A","Q_tlw"
"512","DCP","51.3.1",1999,356,"A","Q_tlw"
"512","DCP","51.3.1",2000,432,"A","Q_tlw"
"512","DCP","51.3.1",2001,627,"A","Q_tlw"
"512","DCP","51.3.1",2002,467,"A","Q_tlw"
"512","DCP","51.3.1",2003,416,"A","Q_tlw"
"512","DCP","51.3.1",2004,496,"A","Q_tlw"
"512","DCP","51.3.1",2005,515,"A","Q_tlw"
"512","DCP","51.3.1",2006,469,"A","Q_tlw"
"512","DCP","51.3.1",2007,493,"A","Q_tlw"
"512","DCP","51.3.1",2008,366,"A","Q_tlw"
"512","DCP","51.3.1",2009,647,"A","Q_tlw"
"512","DCP","51.3.1",2010,854,"A","Q_tlw"
"512","DCP","51.3.1",2011,952,"A","Q_tlw"
"512","DCP","51.3.1",2012,742,"A","Q_tlw"
"512","DCP","51.3.1",2013,740,"A","Q_tlw"
"512","DCP","51.3.1",2014,1139,"A","Q_tlw"
"512","DCP","51.3.1",2015,845,"A","Q_tlw"
"512","DCP","51.3.1",2016,838,"A","Q_tlw"
"512","DCP","51.3.1",2017,509,"A","Q_tlw"
"512","DCP","51.3.1",2018,0,"A","Q_tlw"
"512","DCP","51.3.1",2019,0,"A","Q_tlw"
"512","DCP","51.3.1",2020,4.528,"A","Q_tlw"
"512","DCP","51.3.1",2021,10.552,"A","Q_tlw"
"512","DCP","51.3.1",2022,28.036,"A","Q_tlw"
"512","DCP","51.3.2",2018,1062,"A","Q_tlw"
"512","DCP","51.3.2",2019,863.373,"A","Q_tlw"
"512","DCP","51.3.2",2020,709.658,"A","Q_tlw"
"512","DCP","51.3.2",2021,1119.561,"A","Q_tlw"
"512","DCP","51.3.2",2022,2770.628,"A","Q_tlw"
"512","PNI","51.2.0",2023,0,"A","Q_tlw"
"512","PNI","51.3.1",2023,118.695,"A","Q_tlw"
"512","PNI","51.3.2",2023,2177.356,"A","Q_tlw"
"512","TIP","51.2.0",2023,0,"A","Q_tlw"
"512","TIP","51.3.1",2023,1.206,"A","Q_tlw"
"512","TIP","51.3.2",2023,463.747,"A","Q_tlw"
"512","ABX","51.2.0",2019,0,"A","Q_tlw"
"512","ABX","51.2.0",2020,0,"A","Q_tlw"
"512","ABX","51.3.1",1987,60,"A","Q_tlw"
"512","ABX","51.3.1",1988,105,"A","Q_tlw"
"512","ABX","51.3.1",1989,103,"A","Q_tlw"
"512","ABX","51.3.1",1990,116,"A","Q_tlw"
"512","ABX","51.3.1",1991,49,"A","Q_tlw"
"512","ABX","51.3.1",1992,42,"A","Q_tlw"
"512","ABX","51.3.1",1993,34,"A","Q_tlw"
"512","ABX","51.3.1",1994,36,"A","Q_tlw"
"512","ABX","51.3.1",1995,43,"A","Q_tlw"
"512","ABX","51.3.1",1996,43,"A","Q_tlw"
"512","ABX","51.3.1",1997,40,"A","Q_tlw"
"512","ABX","51.3.1",1998,40,"A","Q_tlw"
"512","ABX","51.3.1",1999,29,"A","Q_tlw"
"512","ABX","51.3.1",2000,45,"A","Q_tlw"
"512","ABX","51.3.1",2001,51,"A","Q_tlw"
"512","ABX","51.3.1",2002,50,"A","Q_tlw"
"512","ABX","51.3.1",2003,56,"A","Q_tlw"
"512","ABX","51.3.1",2004,44,"A","Q_tlw"
"512","ABX","51.3.1",2005,45,"A","Q_tlw"
"512","ABX","51.3.1",2006,51,"A","Q_tlw"
"512","ABX","51.3.1",2007,46,"A","Q_tlw"
"512","ABX","51.3.1",2008,0,"N","Q_tlw"
"512","ABX","51.3.1",2009,0,"A","Q_tlw"
"512","ABX","51.3.1",2010,0,"A","Q_tlw"
"512","ABX","51.3.1",2011,149,"A","Q_tlw"
"512","ABX","51.3.1",2012,54,"A","Q_tlw"
"512","ABX","51.3.1",2013,0,"A","Q_tlw"
"512","ABX","51.3.1",2014,50,"A","Q_tlw"
"512","ABX","51.3.1",2015,0,"A","Q_tlw"
"512","ABX","51.3.1",2016,55,"A","Q_tlw"
"512","ABX","51.3.1",2017,0,"A","Q_tlw"
"512","ABX","51.3.1",2018,0,"A","Q_tlw"
"512","ABX","51.3.1",2019,0,"A","Q_tlw"
"512","ABX","51.3.2",2018,0,"A","Q_tlw"
"512","ABX","51.3.2",2019,24.403,"A","Q_tlw"
"512","CTL","51.2.0",2023,7.619,"A","Q_tlw"
"512","CTL","51.3.1",2023,789.663,"A","Q_tlw"
"512","CTL","51.3.2",2023,1842.143,"A","Q_tlw"
"512","IAH","51.2.0",2001,9,"A","Q_tlw"
"512","IAH","51.2.0",2002,4,"A","Q_tlw"
"512","IAH","51.2.0",2003,10,"A","Q_tlw"
"512","IAH","51.2.0",2004,4,"A","Q_tlw"
"512","IAH","51.2.0",2005,19,"A","Q_tlw"
"512","IAH","51.2.0",2006,11,"A","Q_tlw"
"512","IAH","51.2.0",2007,8,"A","Q_tlw"
"512","IAH","51.2.0",2008,11,"A","Q_tlw"
"512","IAH","51.2.0",2009,37,"A","Q_tlw"
"512","IAH","51.2.0",2010,26,"A","Q_tlw"
"512","IAH","51.2.0",2011,44,"A","Q_tlw"
"512","IAH","51.2.0",2012,38,"A","Q_tlw"
"512","IAH","51.2.0",2013,5,"A","Q_tlw"
"512","IAH","51.2.0",2014,137,"A","Q_tlw"
"512","IAH","51.2.0",2015,130,"A","Q_tlw"
"512","IAH","51.2.0",2016,99,"A","Q_tlw"
"512","IAH","51.2.0",2017,126,"A","Q_tlw"
"512","IAH","51.2.0",2018,229,"A","Q_tlw"
"512","IAH","51.2.0",2019,279.608,"A","Q_tlw"
"512","IAH","51.2.0",2020,148.426,"A","Q_tlw"
"512","IAH","51.2.0",2021,292.659,"A","Q_tlw"
"512","IAH","51.2.0",2022,143.866,"A","Q_tlw"
"512","IAH","51.2.0",2023,133.768,"A","Q_tlw"
"512","IAH","51.3.1",1986,400,"A","Q_tlw"
"512","IAH","51.3.1",1987,186,"A","Q_tlw"
"512","IAH","51.3.1",1988,657,"A","Q_tlw"
"512","IAH","51.3.1",1989,1152,"A","Q_tlw"
"512","IAH","51.3.1",1990,1206,"A","Q_tlw"
"512","IAH","51.3.1",1991,1801,"A","Q_tlw"
"512","IAH","51.3.1",1992,2141,"A","Q_tlw"
"512","IAH","51.3.1",1993,1948,"A","Q_tlw"
"512","IAH","51.3.1",1994,2584,"A","Q_tlw"
"512","IAH","51.3.1",1995,2945,"A","Q_tlw"
"512","IAH","51.3.1",1996,5036,"A","Q_tlw"
"512","IAH","51.3.1",1997,6148,"A","Q_tlw"
"512","IAH","51.3.1",1998,4080,"A","Q_tlw"
"512","IAH","51.3.1",1999,7478,"A","Q_tlw"
"512","IAH","51.3.1",2000,2891,"A","Q_tlw"
"512","IAH","51.3.1",2001,5664,"A","Q_tlw"
"512","IAH","51.3.1",2002,8057,"A","Q_tlw"
"512","IAH","51.3.1",2003,11401,"A","Q_tlw"
"512","IAH","51.3.1",2004,11828,"A","Q_tlw"
"512","IAH","51.3.1",2005,11494,"A","Q_tlw"
"512","IAH","51.3.1",2006,9172,"A","Q_tlw"
"512","IAH","51.3.1",2007,10779,"A","Q_tlw"
"512","IAH","51.3.1",2008,9197,"A","Q_tlw"
"512","IAH","51.3.1",2009,6521,"A","Q_tlw"
"512","IAH","51.3.1",2010,9769,"A","Q_tlw"
"512","IAH","51.3.1",2011,7477,"A","Q_tlw"
"512","IAH","51.3.1",2012,6492,"A","Q_tlw"
"512","IAH","51.3.1",2013,6366,"A","Q_tlw"
"512","IAH","51.3.1",2014,7285,"A","Q_tlw"
"512","IAH","51.3.1",2015,4988,"A","Q_tlw"
"512","IAH","51.3.1",2016,7401,"A","Q_tlw"
"512","IAH","51.3.1",2017,9409,"A","Q_tlw"
"512","IAH","51.3.1",2018,2610,"A","Q_tlw"
"512","IAH","51.3.1",2019,2871.581,"A","Q_tlw"
"512","IAH","51.3.1",2020,2171.026,"A","Q_tlw"
"512","IAH","51.3.1",2021,1885.65,"A","Q_tlw"
"512","IAH","51.3.1",2022,2623.137,"A","Q_tlw"
"512","IAH","51.3.1",2023,2692.591,"A","Q_tlw"
"512","IAH","51.3.2",2018,13352,"A","Q_tlw"
"512","IAH","51.3.2",2019,11382.294,"A","Q_tlw"
"512","IAH","51.3.2",2020,14026.066,"A","Q_tlw"
"512","IAH","51.3.2",2021,11705.881,"A","Q_tlw"
"512","IAH","51.3.2",2022,12006.022,"A","Q_tlw"
"512","IAH","51.3.2",2023,17319.329,"A","Q_tlw"
"512","SQZ","51.2.0",2023,24.534,"A","Q_tlw"
"512","SQZ","51.3.1",2023,638.485,"A","Q_tlw"
"512","SQZ","51.3.2",2023,2324.42,"A","Q_tlw"
"512","OCT","51.2.0",2023,0,"A","Q_tlw"
"512","OCT","51.3.1",2023,0.346,"A","Q_tlw"
"512","OCT","51.3.2",2023,23.82,"A","Q_tlw"
"512","CUX","51.2.0",2023,0,"A","Q_tlw"
"512","CUX","51.3.1",2023,4.697,"A","Q_tlw"
"512","CUX","51.3.2",2023,0,"A","Q_tlw"
"634","CHG","51.2.0",2014,16.1,"A","Q_tlw"
"634","CHG","51.2.0",2015,16.2,"A","Q_tlw"
"634","CHG","51.2.0",2016,11.8,"A","Q_tlw"
"634","CHG","51.2.0",2017,46.6,"A","Q_tlw"
"634","CHG","51.2.0",2018,27.3,"A","Q_tlw"
"634","CHG","51.2.0",2019,32.2,"A","Q_tlw"
"634","CHG","51.2.0",2020,17.1,"A","Q_tlw"
"634","CHG","51.2.0",2021,1.8,"A","Q_tlw"
"634","CHG","51.2.0",2022,4.8,"A","Q_tlw"
"634","CHG","51.2.0",2023,0.8,"A","Q_tlw"
"634","WLL","51.2.0",2014,1.7,"A","Q_tlw"
"634","WLL","51.2.0",2015,0.6,"A","Q_tlw"
"634","WLL","51.2.0",2016,1.8,"A","Q_tlw"
"634","WLL","51.2.0",2017,1.6,"A","Q_tlw"
"634","WLL","51.2.0",2018,0.5,"A","Q_tlw"
"634","WLL","51.2.0",2019,0.9,"A","Q_tlw"
"634","WLL","51.2.0",2020,0.4,"A","Q_tlw"
"634","WLL","51.2.0",2021,2.7,"A","Q_tlw"
"634","WLL","51.2.0",2022,3.6,"A","Q_tlw"
"634","WLL","51.2.0",2023,0,"A","Q_tlw"
"634","CAX","51.2.0",1986,0,"N","Q_tlw"
"634","CAX","51.2.0",1987,0,"N","Q_tlw"
"634","CAX","51.2.0",1988,0,"N","Q_tlw"
"634","CAX","51.2.0",1989,0,"N","Q_tlw"
"634","CAX","51.2.0",1990,0,"N","Q_tlw"
"634","CAX","51.2.0",1991,0,"N","Q_tlw"
"634","CAX","51.2.0",1992,0,"N","Q_tlw"
"634","CAX","51.2.0",1993,0,"N","Q_tlw"
"634","CAX","51.2.0",1994,0,"N","Q_tlw"
"634","CAX","51.2.0",1995,0,"N","Q_tlw"
"634","CAX","51.2.0",1996,0,"N","Q_tlw"
"634","CAX","51.2.0",1997,0,"N","Q_tlw"
"634","CAX","51.2.0",1998,0,"N","Q_tlw"
"634","CAX","51.2.0",1999,0,"N","Q_tlw"
"634","CAX","51.2.0",2000,0,"N","Q_tlw"
"634","CAX","51.2.0",2001,0,"N","Q_tlw"
"634","CAX","51.2.0",2002,0,"N","Q_tlw"
"634","CAX","51.2.0",2003,0,"A","Q_tlw"
"634","CAX","51.2.0",2004,0,"A","Q_tlw"
"634","CAX","51.2.0",2005,0,"A","Q_tlw"
"634","CAX","51.2.0",2006,0,"A","Q_tlw"
"634","CAX","51.2.0",2007,0,"A","Q_tlw"
"634","CAX","51.2.0",2008,0,"A","Q_tlw"
"634","CAX","51.2.0",2009,0,"A","Q_tlw"
"634","CAX","51.2.0",2010,0,"A","Q_tlw"
"634","CAX","51.2.0",2011,0,"A","Q_tlw"
"634","CAX","51.2.0",2012,0,"A","Q_tlw"
"634","CAX","51.2.0",2013,0,"A","Q_tlw"
"634","CAX","51.2.0",2014,0,"A","Q_tlw"
"634","CAX","51.2.0",2015,0,"A","Q_tlw"
"634","CAX","51.2.0",2016,0,"A","Q_tlw"
"634","CAX","51.2.0",2017,0,"A","Q_tlw"
"634","CAX","51.2.0",2018,0,"A","Q_tlw"
"634","CAX","51.2.0",2019,0,"A","Q_tlw"
"634","CAX","51.2.0",2020,0,"A","Q_tlw"
"634","CAX","51.2.0",2021,0,"A","Q_tlw"
"634","CAX","51.2.0",2022,0,"A","Q_tlw"
"634","CAX","51.2.0",2023,0,"A","Q_tlw"
"634","AUX","51.2.0",2014,185.3,"A","Q_tlw"
"634","AUX","51.2.0",2015,86.5,"A","Q_tlw"
"634","AUX","51.2.0",2016,104.8,"A","Q_tlw"
"634","AUX","51.2.0",2017,121.8,"A","Q_tlw"
"634","AUX","51.2.0",2018,195.2,"A","Q_tlw"
"634","AUX","51.2.0",2019,180.9,"A","Q_tlw"
"634","AUX","51.2.0",2020,152.7,"A","Q_tlw"
"634","AUX","51.2.0",2021,246,"A","Q_tlw"
"634","AUX","51.2.0",2022,360.1,"A","Q_tlw"
"634","AUX","51.2.0",2023,466,"A","Q_tlw"
"634","LIG","51.2.0",1986,44,"A","Q_tlw"
"634","LIG","51.2.0",1987,35,"A","Q_tlw"
"634","LIG","51.2.0",1988,38,"A","Q_tlw"
"634","LIG","51.2.0",1989,24,"A","Q_tlw"
"634","LIG","51.2.0",1990,4,"A","Q_tlw"
"634","LIG","51.2.0",1991,17,"A","Q_tlw"
"634","LIG","51.2.0",1992,0,"N","Q_tlw"
"634","LIG","51.2.0",1993,0,"N","Q_tlw"
"634","LIG","51.2.0",1994,1,"A","Q_tlw"
"634","LIG","51.2.0",1995,0,"N","Q_tlw"
"634","LIG","51.2.0",1996,1,"A","Q_tlw"
"634","LIG","51.2.0",1997,0,"N","Q_tlw"
"634","LIG","51.2.0",1998,0,"N","Q_tlw"
"634","LIG","51.2.0",1999,0,"N","Q_tlw"
"634","LIG","51.2.0",2000,0,"N","Q_tlw"
"634","LIG","51.2.0",2001,0,"N","Q_tlw"
"634","LIG","51.2.0",2002,0,"N","Q_tlw"
"634","LIG","51.2.0",2003,0,"N","Q_tlw"
"634","LIG","51.2.0",2004,0,"A","Q_tlw"
"634","LIG","51.2.0",2005,0,"A","Q_tlw"
"634","LIG","51.2.0",2006,0,"A","Q_tlw"
"634","LIG","51.2.0",2007,0,"A","Q_tlw"
"634","LIG","51.2.0",2008,0,"A","Q_tlw"
"634","LIG","51.2.0",2009,0,"A","Q_tlw"
"634","LIG","51.2.0",2010,0,"A","Q_tlw"
"634","LIG","51.2.0",2011,0,"A","Q_tlw"
"634","LIG","51.2.0",2012,0,"A","Q_tlw"
"634","LIG","51.2.0",2013,0,"A","Q_tlw"
"634","LIG","51.2.0",2014,0.3,"A","Q_tlw"
"634","LIG","51.2.0",2015,0,"A","Q_tlw"
"634","LIG","51.2.0",2016,4.6,"A","Q_tlw"
"634","LIG","51.2.0",2017,0,"A","Q_tlw"
"634","LIG","51.2.0",2018,0,"A","Q_tlw"
"634","LIG","51.2.0",2019,0.6,"A","Q_tlw"
"634","LIG","51.2.0",2020,10.4,"A","Q_tlw"
"634","LIG","51.2.0",2021,46.9,"A","Q_tlw"
"634","LIG","51.2.0",2022,65.6,"A","Q_tlw"
"634","LIG","51.2.0",2023,64.9,"A","Q_tlw"
"634","MUM","51.2.0",1986,33,"A","Q_tlw"
"634","MUM","51.2.0",1987,27,"A","Q_tlw"
"634","MUM","51.2.0",1990,14,"A","Q_tlw"
"634","MUM","51.2.0",1991,33,"A","Q_tlw"
"634","MUM","51.2.0",1992,16,"A","Q_tlw"
"634","MUM","51.2.0",1993,14,"A","Q_tlw"
"634","MUM","51.2.0",1994,10,"A","Q_tlw"
"634","MUM","51.2.0",1995,15,"A","Q_tlw"
"634","MUM","51.2.0",1996,16,"A","Q_tlw"
"634","MUM","51.2.0",1997,14,"A","Q_tlw"
"634","MUM","51.2.0",1998,14,"A","Q_tlw"
"634","MUM","51.2.0",1999,2,"A","Q_tlw"
"634","MUM","51.2.0",2000,1,"A","Q_tlw"
"634","MUM","51.2.0",2001,0,"N","Q_tlw"
"634","MUM","51.2.0",2002,0,"N","Q_tlw"
"634","MUM","51.2.0",2003,2,"A","Q_tlw"
"634","MUM","51.2.0",2004,3,"A","Q_tlw"
"634","MUM","51.2.0",2005,37,"A","Q_tlw"
"634","MUM","51.2.0",2006,79,"A","Q_tlw"
"634","MUM","51.2.0",2007,27,"A","Q_tlw"
"634","MUM","51.2.0",2008,9,"A","Q_tlw"
"634","MUM","51.2.0",2009,13,"A","Q_tlw"
"634","MUM","51.2.0",2010,10,"A","Q_tlw"
"634","MUM","51.2.0",2011,8,"A","Q_tlw"
"634","MUM","51.2.0",2012,12,"A","Q_tlw"
"634","MUM","51.2.0",2013,16,"A","Q_tlw"
"634","QZJ","51.2.0",2014,57.5,"A","Q_tlw"
"634","QZJ","51.2.0",2015,50.3,"A","Q_tlw"
"634","QZJ","51.2.0",2016,37.6,"A","Q_tlw"
"634","QZJ","51.2.0",2017,24.2,"A","Q_tlw"
"634","QZJ","51.2.0",2018,70.3,"A","Q_tlw"
"634","QZJ","51.2.0",2019,65.8,"A","Q_tlw"
"634","QZJ","51.2.0",2020,72.8,"A","Q_tlw"
"634","QZJ","51.2.0",2021,52,"A","Q_tlw"
"634","QZJ","51.2.0",2022,49.4,"A","Q_tlw"
"634","QZJ","51.2.0",2023,66.1,"A","Q_tlw"
"634","MUL","51.2.0",1986,18,"A","Q_tlw"
"634","MUL","51.2.0",1987,21,"A","Q_tlw"
"634","MUL","51.2.0",1988,26,"A","Q_tlw"
"634","MUL","51.2.0",1989,71,"A","Q_tlw"
"634","MUL","51.2.0",1990,16,"A","Q_tlw"
"634","MUL","51.2.0",1991,14,"A","Q_tlw"
"634","MUL","51.2.0",1992,6,"A","Q_tlw"
"634","MUL","51.2.0",1993,12,"A","Q_tlw"
"634","MUL","51.2.0",1994,8,"A","Q_tlw"
"634","MUL","51.2.0",1995,8,"A","Q_tlw"
"634","MUL","51.2.0",1996,8,"A","Q_tlw"
"634","MUL","51.2.0",1997,7,"A","Q_tlw"
"634","MUL","51.2.0",1998,9,"A","Q_tlw"
"634","MUL","51.2.0",1999,5,"A","Q_tlw"
"634","MUL","51.2.0",2000,4,"A","Q_tlw"
"634","MUL","51.2.0",2001,5,"A","Q_tlw"
"634","MUL","51.2.0",2002,4,"A","Q_tlw"
"634","MUL","51.2.0",2003,6,"A","Q_tlw"
"634","MUL","51.2.0",2004,4,"A","Q_tlw"
"634","MUL","51.2.0",2005,7,"A","Q_tlw"
"634","MUL","51.2.0",2006,12,"A","Q_tlw"
"634","MUL","51.2.0",2007,10,"A","Q_tlw"
"634","MUL","51.2.0",2008,8,"A","Q_tlw"
"634","MUL","51.2.0",2009,4,"A","Q_tlw"
"634","MUL","51.2.0",2010,8,"A","Q_tlw"
"634","MUL","51.2.0",2011,8,"A","Q_tlw"
"634","MUL","51.2.0",2012,12,"A","Q_tlw"
"634","MUL","51.2.0",2013,9,"A","Q_tlw"
"634","VMH","51.2.0",2014,24.3,"A","Q_tlw"
"634","VMH","51.2.0",2015,29.9,"A","Q_tlw"
"634","VMH","51.2.0",2016,11.8,"A","Q_tlw"
"634","VMH","51.2.0",2017,3.1,"A","Q_tlw"
"634","VMH","51.2.0",2018,18.1,"A","Q_tlw"
"634","VMH","51.2.0",2019,17,"A","Q_tlw"
"634","VMH","51.2.0",2020,11.3,"A","Q_tlw"
"634","VMH","51.2.0",2021,11.3,"A","Q_tlw"
"634","VMH","51.2.0",2022,19.3,"A","Q_tlw"
"634","VMH","51.2.0",2023,14.4,"A","Q_tlw"
"634","CFH","51.2.0",2014,24.5,"A","Q_tlw"
"634","CFH","51.2.0",2015,16.5,"A","Q_tlw"
"634","CFH","51.2.0",2016,21.9,"A","Q_tlw"
"634","CFH","51.2.0",2017,3.5,"A","Q_tlw"
"634","CFH","51.2.0",2018,1,"A","Q_tlw"
"634","CFH","51.2.0",2019,1.5,"A","Q_tlw"
"634","CFH","51.2.0",2020,7.8,"A","Q_tlw"
"634","CFH","51.2.0",2021,3.8,"A","Q_tlw"
"634","CFH","51.2.0",2022,9.3,"A","Q_tlw"
"634","CFH","51.2.0",2023,7.3,"A","Q_tlw"
"634","GPX","51.2.0",1986,204,"A","Q_tlw"
"634","GPX","51.2.0",1987,236,"A","Q_tlw"
"634","GPX","51.2.0",1988,308,"A","Q_tlw"
"634","GPX","51.2.0",1989,426,"A","Q_tlw"
"634","GPX","51.2.0",1990,1015,"A","Q_tlw"
"634","GPX","51.2.0",1991,1257,"A","Q_tlw"
"634","GPX","51.2.0",1992,1200,"A","Q_tlw"
"634","GPX","51.2.0",1993,1145,"A","Q_tlw"
"634","GPX","51.2.0",1994,950,"A","Q_tlw"
"634","GPX","51.2.0",1995,728,"A","Q_tlw"
"634","GPX","51.2.0",1996,768,"A","Q_tlw"
"634","GPX","51.2.0",1997,736,"A","Q_tlw"
"634","GPX","51.2.0",1998,804,"A","Q_tlw"
"634","GPX","51.2.0",1999,913,"A","Q_tlw"
"634","GPX","51.2.0",2000,1215,"A","Q_tlw"
"634","GPX","51.2.0",2001,1820,"A","Q_tlw"
"634","GPX","51.2.0",2002,1567,"A","Q_tlw"
"634","GPX","51.2.0",2003,1804,"A","Q_tlw"
"634","GPX","51.2.0",2004,1293,"A","Q_tlw"
"634","GPX","51.2.0",2005,2094,"A","Q_tlw"
"634","GPX","51.2.0",2006,1743,"A","Q_tlw"
"634","GPX","51.2.0",2007,1613,"A","Q_tlw"
"634","GPX","51.2.0",2008,2259,"A","Q_tlw"
"634","GPX","51.2.0",2009,1318,"A","Q_tlw"
"634","GPX","51.2.0",2010,1335,"A","Q_tlw"
"634","GPX","51.2.0",2011,1292,"A","Q_tlw"
"634","GPX","51.2.0",2012,1036,"A","Q_tlw"
"634","GPX","51.2.0",2013,1101,"A","Q_tlw"
"634","EFK","51.2.0",2014,187.1,"A","Q_tlw"
"634","EFK","51.2.0",2015,198.3,"A","Q_tlw"
"634","EFK","51.2.0",2016,240.9,"A","Q_tlw"
"634","EFK","51.2.0",2017,220.2,"A","Q_tlw"
"634","EFK","51.2.0",2018,98.7,"A","Q_tlw"
"634","EFK","51.2.0",2019,154.3,"A","Q_tlw"
"634","EFK","51.2.0",2020,91.4,"A","Q_tlw"
"634","EFK","51.2.0",2021,85,"A","Q_tlw"
"634","EFK","51.2.0",2022,148.8,"A","Q_tlw"
"634","EFK","51.2.0",2023,169.1,"A","Q_tlw"
"634","ENI","51.2.0",2014,968,"A","Q_tlw"
"634","ENI","51.2.0",2015,817.4,"A","Q_tlw"
"634","ENI","51.2.0",2016,666.5,"A","Q_tlw"
"634","ENI","51.2.0",2017,717.3,"A","Q_tlw"
"634","ENI","51.2.0",2018,673.6,"A","Q_tlw"
"634","ENI","51.2.0",2019,1099.5,"A","Q_tlw"
"634","ENI","51.2.0",2020,863.7,"A","Q_tlw"
"634","ENI","51.2.0",2021,1377.7,"A","Q_tlw"
"634","ENI","51.2.0",2022,2089.2,"A","Q_tlw"
"634","ENI","51.2.0",2023,1218.4,"A","Q_tlw"
"634","EWU","51.2.0",2014,6,"A","Q_tlw"
"634","EWU","51.2.0",2015,1.2,"A","Q_tlw"
"634","EWU","51.2.0",2016,0.7,"A","Q_tlw"
"634","EWU","51.2.0",2017,0.8,"A","Q_tlw"
"634","EWU","51.2.0",2018,1.5,"A","Q_tlw"
"634","EWU","51.2.0",2019,6.1,"A","Q_tlw"
"634","EWU","51.2.0",2020,7,"A","Q_tlw"
"634","EWU","51.2.0",2021,1.1,"A","Q_tlw"
"634","EWU","51.2.0",2022,4.9,"A","Q_tlw"
"634","EWU","51.2.0",2023,0,"A","Q_tlw"
"634","EWY","51.2.0",2014,60.4,"A","Q_tlw"
"634","EWY","51.2.0",2015,70,"A","Q_tlw"
"634","EWY","51.2.0",2016,115.6,"A","Q_tlw"
"634","EWY","51.2.0",2017,118.5,"A","Q_tlw"
"634","EWY","51.2.0",2018,65.7,"A","Q_tlw"
"634","EWY","51.2.0",2019,71.3,"A","Q_tlw"
"634","EWY","51.2.0",2020,76.9,"A","Q_tlw"
"634","EWY","51.2.0",2021,118.8,"A","Q_tlw"
"634","EWY","51.2.0",2022,150.5,"A","Q_tlw"
"634","EWY","51.2.0",2023,160.3,"A","Q_tlw"
"634","FLI","51.2.0",2014,15.8,"A","Q_tlw"
"634","FLI","51.2.0",2015,13.5,"A","Q_tlw"
"634","FLI","51.2.0",2016,16,"A","Q_tlw"
"634","FLI","51.2.0",2017,14.1,"A","Q_tlw"
"634","FLI","51.2.0",2018,21.9,"A","Q_tlw"
"634","FLI","51.2.0",2019,28.1,"A","Q_tlw"
"634","FLI","51.2.0",2020,9.5,"A","Q_tlw"
"634","FLI","51.2.0",2021,12.5,"A","Q_tlw"
"634","FLI","51.2.0",2022,8.8,"A","Q_tlw"
"634","FLI","51.2.0",2023,1.1,"A","Q_tlw"
"634","TJB","51.2.0",2014,3.6,"A","Q_tlw"
"634","TJB","51.2.0",2015,0.4,"A","Q_tlw"
"634","TJB","51.2.0",2016,1.4,"A","Q_tlw"
"634","TJB","51.2.0",2017,0.2,"A","Q_tlw"
"634","TJB","51.2.0",2018,0.3,"A","Q_tlw"
"634","TJB","51.2.0",2019,11.6,"A","Q_tlw"
"634","TJB","51.2.0",2020,36.2,"A","Q_tlw"
"634","TJB","51.2.0",2021,28.1,"A","Q_tlw"
"634","TJB","51.2.0",2022,28.9,"A","Q_tlw"
"634","TJB","51.2.0",2023,17.9,"A","Q_tlw"
"634","PWT","51.2.0",1999,10,"A","Q_tlw"
"634","PWT","51.2.0",2000,10,"A","Q_tlw"
"634","PWT","51.2.0",2001,79,"A","Q_tlw"
"634","PWT","51.2.0",2002,27,"A","Q_tlw"
"634","PWT","51.2.0",2003,116,"A","Q_tlw"
"634","PWT","51.2.0",2005,119,"A","Q_tlw"
"634","PWT","51.2.0",2006,334,"A","Q_tlw"
"634","PWT","51.2.0",2007,192,"A","Q_tlw"
"634","PWT","51.2.0",2008,84,"A","Q_tlw"
"634","PWT","51.2.0",2009,60,"A","Q_tlw"
"634","PWT","51.2.0",2010,50,"A","Q_tlw"
"634","PWT","51.2.0",2011,47,"A","Q_tlw"
"634","PWT","51.2.0",2012,57,"A","Q_tlw"
"634","PWT","51.2.0",2013,59,"A","Q_tlw"
"634","USY","51.2.0",2014,51.7,"A","Q_tlw"
"634","USY","51.2.0",2015,44.2,"A","Q_tlw"
"634","USY","51.2.0",2016,48.5,"A","Q_tlw"
"634","USY","51.2.0",2017,16.5,"A","Q_tlw"
"634","USY","51.2.0",2018,8.5,"A","Q_tlw"
"634","USY","51.2.0",2019,20.4,"A","Q_tlw"
"634","USY","51.2.0",2020,18.1,"A","Q_tlw"
"634","USY","51.2.0",2021,4.4,"A","Q_tlw"
"634","USY","51.2.0",2022,16.8,"A","Q_tlw"
"634","USY","51.2.0",2023,9.5,"A","Q_tlw"
"634","MOJ","51.2.0",1986,26,"A","Q_tlw"
"634","MOJ","51.2.0",1987,39,"A","Q_tlw"
"634","MOJ","51.2.0",1988,61,"A","Q_tlw"
"634","MOJ","51.2.0",1989,110,"A","Q_tlw"
"634","MOJ","51.2.0",1990,97,"A","Q_tlw"
"634","MOJ","51.2.0",1991,178,"A","Q_tlw"
"634","MOJ","51.2.0",1992,152,"A","Q_tlw"
"634","MOJ","51.2.0",1993,115,"A","Q_tlw"
"634","MOJ","51.2.0",1994,53,"A","Q_tlw"
"634","MOJ","51.2.0",1995,53,"A","Q_tlw"
"634","MOJ","51.2.0",1996,50,"A","Q_tlw"
"634","MOJ","51.2.0",1997,56,"A","Q_tlw"
"634","MOJ","51.2.0",1998,92,"A","Q_tlw"
"634","MOJ","51.2.0",1999,77,"A","Q_tlw"
"634","MOJ","51.2.0",2000,78,"A","Q_tlw"
"634","MOJ","51.2.0",2001,82,"A","Q_tlw"
"634","MOJ","51.2.0",2002,52,"A","Q_tlw"
"634","MOJ","51.2.0",2003,75,"A","Q_tlw"
"634","MOJ","51.2.0",2004,71,"A","Q_tlw"
"634","MOJ","51.2.0",2005,70,"A","Q_tlw"
"634","MOJ","51.2.0",2006,77,"A","Q_tlw"
"634","MOJ","51.2.0",2007,136,"A","Q_tlw"
"634","MOJ","51.2.0",2008,123,"A","Q_tlw"
"634","MOJ","51.2.0",2009,87,"A","Q_tlw"
"634","MOJ","51.2.0",2010,44,"A","Q_tlw"
"634","MOJ","51.2.0",2011,37,"A","Q_tlw"
"634","MOJ","51.2.0",2012,55,"A","Q_tlw"
"634","MOJ","51.2.0",2013,68,"A","Q_tlw"
"634","GTV","51.2.0",2014,348.1,"A","Q_tlw"
"634","GTV","51.2.0",2015,252.2,"A","Q_tlw"
"634","GTV","51.2.0",2016,217.4,"A","Q_tlw"
"634","GTV","51.2.0",2017,152.1,"A","Q_tlw"
"634","GTV","51.2.0",2018,330.3,"A","Q_tlw"
"634","GTV","51.2.0",2019,287.6,"A","Q_tlw"
"634","GTV","51.2.0",2020,125.7,"A","Q_tlw"
"634","GTV","51.2.0",2021,84.2,"A","Q_tlw"
"634","GTV","51.2.0",2022,65.5,"A","Q_tlw"
"634","GTV","51.2.0",2023,66,"A","Q_tlw"
"634","BAT","51.2.0",2014,0,"A","Q_tlw"
"634","BAT","51.2.0",2015,0,"A","Q_tlw"
"634","BAT","51.2.0",2016,0,"A","Q_tlw"
"634","BAT","51.2.0",2017,0,"A","Q_tlw"
"634","BAT","51.2.0",2018,0,"A","Q_tlw"
"634","BAT","51.2.0",2019,0,"A","Q_tlw"
"634","BAT","51.2.0",2020,0,"A","Q_tlw"
"634","BAT","51.2.0",2021,0,"A","Q_tlw"
"634","BAT","51.2.0",2022,0,"A","Q_tlw"
"634","BAT","51.2.0",2023,0,"A","Q_tlw"
"634","LXR","51.2.0",2014,7.7,"A","Q_tlw"
"634","LXR","51.2.0",2015,16.5,"A","Q_tlw"
"634","LXR","51.2.0",2016,23.6,"A","Q_tlw"
"634","LXR","51.2.0",2017,8.3,"A","Q_tlw"
"634","LXR","51.2.0",2018,9.1,"A","Q_tlw"
"634","LXR","51.2.0",2019,5,"A","Q_tlw"
"634","LXR","51.2.0",2020,21.2,"A","Q_tlw"
"634","LXR","51.2.0",2021,19,"A","Q_tlw"
"634","LXR","51.2.0",2022,11,"A","Q_tlw"
"634","LXR","51.2.0",2023,15.5,"A","Q_tlw"
"634","GRX","51.2.0",1986,50,"A","Q_tlw"
"634","GRX","51.2.0",1987,66,"A","Q_tlw"
"634","GRX","51.2.0",1988,66,"A","Q_tlw"
"634","GRX","51.2.0",1989,115,"A","Q_tlw"
"634","GRX","51.2.0",1990,291,"A","Q_tlw"
"634","GRX","51.2.0",1991,623,"A","Q_tlw"
"634","GRX","51.2.0",1992,576,"A","Q_tlw"
"634","GRX","51.2.0",1993,731,"A","Q_tlw"
"634","GRX","51.2.0",1994,622,"A","Q_tlw"
"634","GRX","51.2.0",1995,606,"A","Q_tlw"
"634","GRX","51.2.0",1996,653,"A","Q_tlw"
"634","GRX","51.2.0",1997,542,"A","Q_tlw"
"634","GRX","51.2.0",1998,583,"A","Q_tlw"
"634","GRX","51.2.0",1999,433,"A","Q_tlw"
"634","GRX","51.2.0",2000,789,"A","Q_tlw"
"634","GRX","51.2.0",2001,900,"A","Q_tlw"
"634","GRX","51.2.0",2002,673,"A","Q_tlw"
"634","GRX","51.2.0",2003,755,"A","Q_tlw"
"634","GRX","51.2.0",2004,785,"A","Q_tlw"
"634","GRX","51.2.0",2005,761,"A","Q_tlw"
"634","GRX","51.2.0",2006,1031,"A","Q_tlw"
"634","GRX","51.2.0",2007,1041,"A","Q_tlw"
"634","GRX","51.2.0",2008,1035,"A","Q_tlw"
"634","GRX","51.2.0",2009,746,"A","Q_tlw"
"634","GRX","51.2.0",2010,772,"A","Q_tlw"
"634","GRX","51.2.0",2011,552,"A","Q_tlw"
"634","GRX","51.2.0",2012,465,"A","Q_tlw"
"634","GRX","51.2.0",2013,486,"A","Q_tlw"
"634","DGP","51.2.0",2014,574.4,"A","Q_tlw"
"634","DGP","51.2.0",2015,505.2,"A","Q_tlw"
"634","DGP","51.2.0",2016,315.6,"A","Q_tlw"
"634","DGP","51.2.0",2017,236.4,"A","Q_tlw"
"634","DGP","51.2.0",2018,126.7,"A","Q_tlw"
"634","DGP","51.2.0",2019,161.5,"A","Q_tlw"
"634","DGP","51.2.0",2020,194.4,"A","Q_tlw"
"634","DGP","51.2.0",2021,258.1,"A","Q_tlw"
"634","DGP","51.2.0",2022,281.8,"A","Q_tlw"
"634","DGP","51.2.0",2023,351.8,"A","Q_tlw"
"634","GQT","51.2.0",2014,73,"A","Q_tlw"
"634","GQT","51.2.0",2015,55.9,"A","Q_tlw"
"634","GQT","51.2.0",2016,34.3,"A","Q_tlw"
"634","GQT","51.2.0",2017,20.4,"A","Q_tlw"
"634","GQT","51.2.0",2018,11.1,"A","Q_tlw"
"634","GQT","51.2.0",2019,15.1,"A","Q_tlw"
"634","GQT","51.2.0",2020,1.3,"A","Q_tlw"
"634","GQT","51.2.0",2021,0,"A","Q_tlw"
"634","GQT","51.2.0",2022,7.7,"A","Q_tlw"
"634","GQT","51.2.0",2023,2.9,"A","Q_tlw"
"634","GQD","51.2.0",2014,211.3,"A","Q_tlw"
"634","GQD","51.2.0",2015,239.3,"A","Q_tlw"
"634","GQD","51.2.0",2016,124.9,"A","Q_tlw"
"634","GQD","51.2.0",2017,80.4,"A","Q_tlw"
"634","GQD","51.2.0",2018,125,"A","Q_tlw"
"634","GQD","51.2.0",2019,160.1,"A","Q_tlw"
"634","GQD","51.2.0",2020,102.9,"A","Q_tlw"
"634","GQD","51.2.0",2021,71.3,"A","Q_tlw"
"634","GQD","51.2.0",2022,58.2,"A","Q_tlw"
"634","GQD","51.2.0",2023,98.2,"A","Q_tlw"
"634","SNA","51.2.0",1986,101,"A","Q_tlw"
"634","SNA","51.2.0",1987,132,"A","Q_tlw"
"634","SNA","51.2.0",1988,152,"A","Q_tlw"
"634","SNA","51.2.0",1989,239,"A","Q_tlw"
"634","SNA","51.2.0",1990,183,"A","Q_tlw"
"634","SNA","51.2.0",1991,242,"A","Q_tlw"
"634","SNA","51.2.0",1992,212,"A","Q_tlw"
"634","SNA","51.2.0",1993,178,"A","Q_tlw"
"634","SNA","51.2.0",1994,151,"A","Q_tlw"
"634","SNA","51.2.0",1995,111,"A","Q_tlw"
"634","SNA","51.2.0",1996,157,"A","Q_tlw"
"634","SNA","51.2.0",1997,157,"A","Q_tlw"
"634","SNA","51.2.0",1998,143,"A","Q_tlw"
"634","SNA","51.2.0",1999,13,"A","Q_tlw"
"634","SNA","51.2.0",2000,17,"A","Q_tlw"
"634","SNA","51.2.0",2001,26,"A","Q_tlw"
"634","SNA","51.2.0",2002,12,"A","Q_tlw"
"634","SNA","51.2.0",2003,20,"A","Q_tlw"
"634","SNA","51.2.0",2004,214,"A","Q_tlw"
"634","SNA","51.2.0",2005,87,"A","Q_tlw"
"634","SNA","51.2.0",2006,137,"A","Q_tlw"
"634","SNA","51.2.0",2007,99,"A","Q_tlw"
"634","SNA","51.2.0",2008,136,"A","Q_tlw"
"634","SNA","51.2.0",2009,105,"A","Q_tlw"
"634","SNA","51.2.0",2010,112,"A","Q_tlw"
"634","SNA","51.2.0",2011,102,"A","Q_tlw"
"634","SNA","51.2.0",2012,84,"A","Q_tlw"
"634","SNA","51.2.0",2013,83,"A","Q_tlw"
"634","SNA","51.2.0",2014,0,"A","Q_tlw"
"634","SNA","51.2.0",2015,0,"A","Q_tlw"
"634","SNA","51.2.0",2016,0,"A","Q_tlw"
"634","SNA","51.2.0",2017,0,"A","Q_tlw"
"634","SNA","51.2.0",2018,0,"A","Q_tlw"
"634","SNA","51.2.0",2019,0,"A","Q_tlw"
"634","SNA","51.2.0",2020,0,"A","Q_tlw"
"634","SNA","51.2.0",2021,0,"A","Q_tlw"
"634","SNA","51.2.0",2022,0,"A","Q_tlw"
"634","SNA","51.2.0",2023,0,"A","Q_tlw"
"634","RES","51.2.0",2014,32.7,"A","Q_tlw"
"634","RES","51.2.0",2015,26.6,"A","Q_tlw"
"634","RES","51.2.0",2016,20,"A","Q_tlw"
"634","RES","51.2.0",2017,3.4,"A","Q_tlw"
"634","RES","51.2.0",2018,0.8,"A","Q_tlw"
"634","RES","51.2.0",2019,6.9,"A","Q_tlw"
"634","RES","51.2.0",2020,4.3,"A","Q_tlw"
"634","RES","51.2.0",2021,0.3,"A","Q_tlw"
"634","RES","51.2.0",2022,4.2,"A","Q_tlw"
"634","RES","51.2.0",2023,3.1,"A","Q_tlw"
"634","LJF","51.2.0",2014,190.7,"A","Q_tlw"
"634","LJF","51.2.0",2015,264.7,"A","Q_tlw"
"634","LJF","51.2.0",2016,219.3,"A","Q_tlw"
"634","LJF","51.2.0",2017,202.5,"A","Q_tlw"
"634","LJF","51.2.0",2018,262.1,"A","Q_tlw"
"634","LJF","51.2.0",2019,237,"A","Q_tlw"
"634","LJF","51.2.0",2020,215.6,"A","Q_tlw"
"634","LJF","51.2.0",2021,229,"A","Q_tlw"
"634","LJF","51.2.0",2022,222.2,"A","Q_tlw"
"634","LJF","51.2.0",2023,236.8,"A","Q_tlw"
"634","MAL","51.2.0",1999,59,"A","Q_tlw"
"634","MAL","51.2.0",2000,165,"A","Q_tlw"
"634","MAL","51.2.0",2001,204,"A","Q_tlw"
"634","MAL","51.2.0",2002,90,"A","Q_tlw"
"634","MAL","51.2.0",2003,250,"A","Q_tlw"
"634","MAL","51.2.0",2005,231,"A","Q_tlw"
"634","MAL","51.2.0",2006,305,"A","Q_tlw"
"634","MAL","51.2.0",2007,207,"A","Q_tlw"
"634","MAL","51.2.0",2008,201,"A","Q_tlw"
"634","MAL","51.2.0",2009,136,"A","Q_tlw"
"634","MAL","51.2.0",2010,128,"A","Q_tlw"
"634","MAL","51.2.0",2011,139,"A","Q_tlw"
"634","MAL","51.2.0",2012,100,"A","Q_tlw"
"634","MAL","51.2.0",2013,112,"A","Q_tlw"
"634","MAL","51.2.0",2014,109.4,"A","Q_tlw"
"634","MAL","51.2.0",2015,99.6,"A","Q_tlw"
"634","MAL","51.2.0",2016,109.8,"A","Q_tlw"
"634","MAL","51.2.0",2017,67.7,"A","Q_tlw"
"634","MAL","51.2.0",2018,56.7,"A","Q_tlw"
"634","MAL","51.2.0",2019,47.1,"A","Q_tlw"
"634","MAL","51.2.0",2020,64.7,"A","Q_tlw"
"634","MAL","51.2.0",2021,72.8,"A","Q_tlw"
"634","MAL","51.2.0",2022,99.6,"A","Q_tlw"
"634","MAL","51.2.0",2023,130.5,"A","Q_tlw"
"634","PJP","51.2.0",2014,51.9,"A","Q_tlw"
"634","PJP","51.2.0",2015,31.1,"A","Q_tlw"
"634","PJP","51.2.0",2016,58.1,"A","Q_tlw"
"634","PJP","51.2.0",2017,31.3,"A","Q_tlw"
"634","PJP","51.2.0",2018,17.3,"A","Q_tlw"
"634","PJP","51.2.0",2019,18.1,"A","Q_tlw"
"634","PJP","51.2.0",2020,30.8,"A","Q_tlw"
"634","PJP","51.2.0",2021,18.9,"A","Q_tlw"
"634","PJP","51.2.0",2022,43.5,"A","Q_tlw"
"634","PJP","51.2.0",2023,55.1,"A","Q_tlw"
"634","OAZ","51.2.0",2014,7.4,"A","Q_tlw"
"634","OAZ","51.2.0",2015,8.3,"A","Q_tlw"
"634","OAZ","51.2.0",2016,19.8,"A","Q_tlw"
"634","OAZ","51.2.0",2017,8.4,"A","Q_tlw"
"634","OAZ","51.2.0",2018,19.1,"A","Q_tlw"
"634","OAZ","51.2.0",2019,16.3,"A","Q_tlw"
"634","OAZ","51.2.0",2020,4.3,"A","Q_tlw"
"634","OAZ","51.2.0",2021,3.9,"A","Q_tlw"
"634","OAZ","51.2.0",2022,4.6,"A","Q_tlw"
"634","OAZ","51.2.0",2023,16.8,"A","Q_tlw"
"634","THD","51.2.0",1986,7,"A","Q_tlw"
"634","THD","51.2.0",1987,18,"A","Q_tlw"
"634","THD","51.2.0",1988,49,"A","Q_tlw"
"634","THD","51.2.0",1989,21,"A","Q_tlw"
"634","THD","51.2.0",1990,6,"A","Q_tlw"
"634","THD","51.2.0",1991,40,"A","Q_tlw"
"634","THD","51.2.0",1992,23,"A","Q_tlw"
"634","THD","51.2.0",1993,11,"A","Q_tlw"
"634","THD","51.2.0",1994,5,"A","Q_tlw"
"634","THD","51.2.0",1995,5,"A","Q_tlw"
"634","THD","51.2.0",1996,13,"A","Q_tlw"
"634","THD","51.2.0",1997,15,"A","Q_tlw"
"634","THD","51.2.0",1998,3,"A","Q_tlw"
"634","THD","51.2.0",1999,0,"N","Q_tlw"
"634","THD","51.2.0",2000,0,"N","Q_tlw"
"634","THD","51.2.0",2001,0,"N","Q_tlw"
"634","THD","51.2.0",2002,0,"N","Q_tlw"
"634","THD","51.2.0",2003,2,"A","Q_tlw"
"634","THD","51.2.0",2004,2,"A","Q_tlw"
"634","THD","51.2.0",2005,10,"A","Q_tlw"
"634","THD","51.2.0",2006,28,"A","Q_tlw"
"634","THD","51.2.0",2007,44,"A","Q_tlw"
"634","THD","51.2.0",2008,62,"A","Q_tlw"
"634","THD","51.2.0",2009,33,"A","Q_tlw"
"634","THD","51.2.0",2010,48,"A","Q_tlw"
"634","THD","51.2.0",2011,31,"A","Q_tlw"
"634","THD","51.2.0",2012,24,"A","Q_tlw"
"634","THD","51.2.0",2013,23,"A","Q_tlw"
"634","KZJ","51.2.0",2014,13.1,"A","Q_tlw"
"634","KZJ","51.2.0",2015,29.9,"A","Q_tlw"
"634","KZJ","51.2.0",2016,76.9,"A","Q_tlw"
"634","KZJ","51.2.0",2017,90.6,"A","Q_tlw"
"634","KZJ","51.2.0",2018,37.7,"A","Q_tlw"
"634","KZJ","51.2.0",2019,57.3,"A","Q_tlw"
"634","KZJ","51.2.0",2020,65.1,"A","Q_tlw"
"634","KZJ","51.2.0",2021,64,"A","Q_tlw"
"634","KZJ","51.2.0",2022,80.3,"A","Q_tlw"
"634","KZJ","51.2.0",2023,79.9,"A","Q_tlw"
"634","NSI","51.2.0",2014,2.2,"A","Q_tlw"
"634","NSI","51.2.0",2015,0,"A","Q_tlw"
"634","NSI","51.2.0",2016,9.9,"A","Q_tlw"
"634","NSI","51.2.0",2017,6,"A","Q_tlw"
"634","NSI","51.2.0",2018,6.2,"A","Q_tlw"
"634","NSI","51.2.0",2019,3.4,"A","Q_tlw"
"634","NSI","51.2.0",2020,28.7,"A","Q_tlw"
"634","NSI","51.2.0",2021,14.6,"A","Q_tlw"
"634","NSI","51.2.0",2022,2.2,"A","Q_tlw"
"634","NSI","51.2.0",2023,1.4,"A","Q_tlw"
"634","NWS","51.2.0",2014,36.9,"A","Q_tlw"
"634","NWS","51.2.0",2015,37.2,"A","Q_tlw"
"634","NWS","51.2.0",2016,36.8,"A","Q_tlw"
"634","NWS","51.2.0",2017,150.2,"A","Q_tlw"
"634","NWS","51.2.0",2018,80.2,"A","Q_tlw"
"634","NWS","51.2.0",2019,133.2,"A","Q_tlw"
"634","NWS","51.2.0",2020,216.9,"A","Q_tlw"
"634","NWS","51.2.0",2021,263.3,"A","Q_tlw"
"634","NWS","51.2.0",2022,236.4,"A","Q_tlw"
"634","NWS","51.2.0",2023,309,"A","Q_tlw"
"634","EMP","51.2.0",1986,441,"A","Q_tlw"
"634","EMP","51.2.0",1987,672,"A","Q_tlw"
"634","EMP","51.2.0",1988,728,"A","Q_tlw"
"634","EMP","51.2.0",1989,1105,"A","Q_tlw"
"634","EMP","51.2.0",1990,1156,"A","Q_tlw"
"634","EMP","51.2.0",1991,1197,"A","Q_tlw"
"634","EMP","51.2.0",1992,1811,"A","Q_tlw"
"634","EMP","51.2.0",1993,1271,"A","Q_tlw"
"634","EMP","51.2.0",1994,922,"A","Q_tlw"
"634","EMP","51.2.0",1995,722,"A","Q_tlw"
"634","EMP","51.2.0",1996,1031,"A","Q_tlw"
"634","EMP","51.2.0",1997,1172,"A","Q_tlw"
"634","EMP","51.2.0",1998,1326,"A","Q_tlw"
"634","EMP","51.2.0",1999,798,"A","Q_tlw"
"634","EMP","51.2.0",2000,1442,"A","Q_tlw"
"634","EMP","51.2.0",2001,1820,"A","Q_tlw"
"634","EMP","51.2.0",2002,1512,"A","Q_tlw"
"634","EMP","51.2.0",2003,3421,"A","Q_tlw"
"634","EMP","51.2.0",2004,3748,"A","Q_tlw"
"634","EMP","51.2.0",2005,4200,"A","Q_tlw"
"634","EMP","51.2.0",2006,5466,"A","Q_tlw"
"634","EMP","51.2.0",2007,4119,"A","Q_tlw"
"634","EMP","51.2.0",2008,5038,"A","Q_tlw"
"634","EMP","51.2.0",2009,4700,"A","Q_tlw"
"634","EMP","51.2.0",2010,4105,"A","Q_tlw"
"634","EMP","51.2.0",2011,3313,"A","Q_tlw"
"634","EMP","51.2.0",2012,3161,"A","Q_tlw"
"634","EMP","51.2.0",2013,3919,"A","Q_tlw"
"634","LBW","51.2.0",2014,0,"A","Q_tlw"
"634","LBW","51.2.0",2015,3.8,"A","Q_tlw"
"634","LBW","51.2.0",2016,13.8,"A","Q_tlw"
"634","LBW","51.2.0",2017,10.3,"A","Q_tlw"
"634","LBW","51.2.0",2018,8.8,"A","Q_tlw"
"634","LBW","51.2.0",2019,31.4,"A","Q_tlw"
"634","LBW","51.2.0",2020,378.7,"A","Q_tlw"
"634","LBW","51.2.0",2021,448,"A","Q_tlw"
"634","LBW","51.2.0",2022,429.4,"A","Q_tlw"
"634","LBW","51.2.0",2023,481.2,"A","Q_tlw"
"634","LTS","51.2.0",2014,1064.1,"A","Q_tlw"
"634","LTS","51.2.0",2015,1304.8,"A","Q_tlw"
"634","LTS","51.2.0",2016,1258.2,"A","Q_tlw"
"634","LTS","51.2.0",2017,1263.4,"A","Q_tlw"
"634","LTS","51.2.0",2018,870.8,"A","Q_tlw"
"634","LTS","51.2.0",2019,894.8,"A","Q_tlw"
"634","LTS","51.2.0",2020,869.2,"A","Q_tlw"
"634","LTS","51.2.0",2021,962.3,"A","Q_tlw"
"634","LTS","51.2.0",2022,1382,"A","Q_tlw"
"634","LTS","51.2.0",2023,1230.2,"A","Q_tlw"
"634","LEN","51.2.0",2014,234.4,"A","Q_tlw"
"634","LEN","51.2.0",2015,313.5,"A","Q_tlw"
"634","LEN","51.2.0",2016,308.9,"A","Q_tlw"
"634","LEN","51.2.0",2017,270,"A","Q_tlw"
"634","LEN","51.2.0",2018,276.9,"A","Q_tlw"
"634","LEN","51.2.0",2019,233.9,"A","Q_tlw"
"634","LEN","51.2.0",2020,162,"A","Q_tlw"
"634","LEN","51.2.0",2021,173.9,"A","Q_tlw"
"634","LEN","51.2.0",2022,173.3,"A","Q_tlw"
"634","LEN","51.2.0",2023,224,"A","Q_tlw"
"634","LHN","51.2.0",2014,2625.3,"A","Q_tlw"
"634","LHN","51.2.0",2015,2278,"A","Q_tlw"
"634","LHN","51.2.0",2016,2312.5,"A","Q_tlw"
"634","LHN","51.2.0",2017,2506.8,"A","Q_tlw"
"634","LHN","51.2.0",2018,2101.8,"A","Q_tlw"
"634","LHN","51.2.0",2019,2665.2,"A","Q_tlw"
"634","LHN","51.2.0",2020,2056.2,"A","Q_tlw"
"634","LHN","51.2.0",2021,1576.2,"A","Q_tlw"
"634","LHN","51.2.0",2022,1782.2,"A","Q_tlw"
"634","LHN","51.2.0",2023,2079.8,"A","Q_tlw"
"634","SBX","51.2.0",1986,63,"A","Q_tlw"
"634","SBX","51.2.0",1987,99,"A","Q_tlw"
"634","SBX","51.2.0",1988,175,"A","Q_tlw"
"634","SBX","51.2.0",1989,249,"A","Q_tlw"
"634","SBX","51.2.0",1990,172,"A","Q_tlw"
"634","SBX","51.2.0",1991,269,"A","Q_tlw"
"634","SBX","51.2.0",1992,224,"A","Q_tlw"
"634","SBX","51.2.0",1993,213,"A","Q_tlw"
"634","SBX","51.2.0",1994,183,"A","Q_tlw"
"634","SBX","51.2.0",1995,124,"A","Q_tlw"
"634","SBX","51.2.0",1996,126,"A","Q_tlw"
"634","SBX","51.2.0",1997,221,"A","Q_tlw"
"634","SBX","51.2.0",1998,188,"A","Q_tlw"
"634","SBX","51.2.0",1999,182,"A","Q_tlw"
"634","SBX","51.2.0",2000,248,"A","Q_tlw"
"634","SBX","51.2.0",2001,288,"A","Q_tlw"
"634","SBX","51.2.0",2002,209,"A","Q_tlw"
"634","SBX","51.2.0",2003,233,"A","Q_tlw"
"634","SBX","51.2.0",2004,215,"A","Q_tlw"
"634","SBX","51.2.0",2005,567,"A","Q_tlw"
"634","SBX","51.2.0",2006,527,"A","Q_tlw"
"634","SBX","51.2.0",2007,407,"A","Q_tlw"
"634","SBX","51.2.0",2008,612,"A","Q_tlw"
"634","SBX","51.2.0",2009,418,"A","Q_tlw"
"634","SBX","51.2.0",2010,379,"A","Q_tlw"
"634","SBX","51.2.0",2011,380,"A","Q_tlw"
"634","SBX","51.2.0",2012,266,"A","Q_tlw"
"634","SBX","51.2.0",2013,288,"A","Q_tlw"
"634","SBX","51.2.0",2014,0,"A","Q_tlw"
"634","SBX","51.2.0",2015,0,"A","Q_tlw"
"634","SBX","51.2.0",2016,0,"A","Q_tlw"
"634","SBX","51.2.0",2017,0,"A","Q_tlw"
"634","SBX","51.2.0",2018,0,"A","Q_tlw"
"634","SBX","51.2.0",2019,0,"A","Q_tlw"
"634","SBX","51.2.0",2020,0,"A","Q_tlw"
"634","SBX","51.2.0",2021,0,"A","Q_tlw"
"634","SBX","51.2.0",2022,0,"A","Q_tlw"
"634","SBX","51.2.0",2023,0,"A","Q_tlw"
"634","AAB","51.2.0",2012,0,"A","Q_tlw"
"634","AAB","51.2.0",2013,0,"A","Q_tlw"
"634","AAB","51.2.0",2014,169.2,"A","Q_tlw"
"634","AAB","51.2.0",2015,229.5,"A","Q_tlw"
"634","AAB","51.2.0",2016,240.4,"A","Q_tlw"
"634","AAB","51.2.0",2017,272.5,"A","Q_tlw"
"634","AAB","51.2.0",2018,244.6,"A","Q_tlw"
"634","AAB","51.2.0",2019,235.5,"A","Q_tlw"
"634","AAB","51.2.0",2020,393.2,"A","Q_tlw"
"634","AAB","51.2.0",2021,329.4,"A","Q_tlw"
"634","AAB","51.2.0",2022,215.4,"A","Q_tlw"
"634","AAB","51.2.0",2023,196.2,"A","Q_tlw"
"634","YWF","51.2.0",2003,10,"A","Q_tlw"
"634","YWF","51.2.0",2005,8,"A","Q_tlw"
"634","YWF","51.2.0",2006,18,"A","Q_tlw"
"634","YWF","51.2.0",2007,23,"A","Q_tlw"
"634","YWF","51.2.0",2008,35,"A","Q_tlw"
"634","YWF","51.2.0",2009,27,"A","Q_tlw"
"634","YWF","51.2.0",2010,9,"A","Q_tlw"
"634","YWF","51.2.0",2011,9,"A","Q_tlw"
"634","YWF","51.2.0",2012,41,"A","Q_tlw"
"634","YWF","51.2.0",2013,6,"A","Q_tlw"
"634","YWF","51.2.0",2014,43.9,"A","Q_tlw"
"634","YWF","51.2.0",2015,89.9,"A","Q_tlw"
"634","YWF","51.2.0",2016,102,"A","Q_tlw"
"634","YWF","51.2.0",2017,149,"A","Q_tlw"
"634","YWF","51.2.0",2018,124.7,"A","Q_tlw"
"634","YWF","51.2.0",2019,124.9,"A","Q_tlw"
"634","YWF","51.2.0",2020,74.3,"A","Q_tlw"
"634","YWF","51.2.0",2021,40,"A","Q_tlw"
"634","YWF","51.2.0",2022,18.9,"A","Q_tlw"
"634","YWF","51.2.0",2023,93.1,"A","Q_tlw"
"634","KBR","51.2.0",1986,52,"A","Q_tlw"
"634","KBR","51.2.0",1987,78,"A","Q_tlw"
"634","KBR","51.2.0",1988,101,"A","Q_tlw"
"634","KBR","51.2.0",1989,137,"A","Q_tlw"
"634","KBR","51.2.0",1990,148,"A","Q_tlw"
"634","KBR","51.2.0",1991,185,"A","Q_tlw"
"634","KBR","51.2.0",1992,216,"A","Q_tlw"
"634","KBR","51.2.0",1993,174,"A","Q_tlw"
"634","KBR","51.2.0",1994,110,"A","Q_tlw"
"634","KBR","51.2.0",1995,85,"A","Q_tlw"
"634","KBR","51.2.0",1996,130,"A","Q_tlw"
"634","KBR","51.2.0",1997,177,"A","Q_tlw"
"634","KBR","51.2.0",1998,146,"A","Q_tlw"
"634","KBR","51.2.0",1999,98,"A","Q_tlw"
"634","KBR","51.2.0",2000,199,"A","Q_tlw"
"634","KBR","51.2.0",2001,426,"A","Q_tlw"
"634","KBR","51.2.0",2002,327,"A","Q_tlw"
"634","KBR","51.2.0",2003,560,"A","Q_tlw"
"634","KBR","51.2.0",2004,619,"A","Q_tlw"
"634","KBR","51.2.0",2005,626,"A","Q_tlw"
"634","KBR","51.2.0",2006,1030,"A","Q_tlw"
"634","KBR","51.2.0",2007,1158,"A","Q_tlw"
"634","KBR","51.2.0",2008,1171,"A","Q_tlw"
"634","KBR","51.2.0",2009,631,"A","Q_tlw"
"634","KBR","51.2.0",2010,535,"A","Q_tlw"
"634","KBR","51.2.0",2011,688,"A","Q_tlw"
"634","KBR","51.2.0",2012,684,"A","Q_tlw"
"634","KBR","51.2.0",2013,721,"A","Q_tlw"
"634","KBR","51.2.0",2014,592.8,"A","Q_tlw"
"634","KBR","51.2.0",2015,555.8,"A","Q_tlw"
"634","KBR","51.2.0",2016,483,"A","Q_tlw"
"634","KBR","51.2.0",2017,688.5,"A","Q_tlw"
"634","KBR","51.2.0",2018,387.7,"A","Q_tlw"
"634","KBR","51.2.0",2019,452.3,"A","Q_tlw"
"634","KBR","51.2.0",2020,346.1,"A","Q_tlw"
"634","KBR","51.2.0",2021,425.9,"A","Q_tlw"
"634","KBR","51.2.0",2022,494.3,"A","Q_tlw"
"634","KBR","51.2.0",2023,501.9,"A","Q_tlw"
"634","CWC","51.2.0",2014,4.6,"A","Q_tlw"
"634","CWC","51.2.0",2015,3,"A","Q_tlw"
"634","CWC","51.2.0",2016,1.1,"A","Q_tlw"
"634","CWC","51.2.0",2017,0.7,"A","Q_tlw"
"634","CWC","51.2.0",2018,0.9,"A","Q_tlw"
"634","CWC","51.2.0",2019,2,"A","Q_tlw"
"634","CWC","51.2.0",2020,2.8,"A","Q_tlw"
"634","CWC","51.2.0",2021,70.6,"A","Q_tlw"
"634","CWC","51.2.0",2022,210.7,"A","Q_tlw"
"634","CWC","51.2.0",2023,229.8,"A","Q_tlw"
"634","RXS","51.2.0",2014,702.4,"A","Q_tlw"
"634","RXS","51.2.0",2015,550.5,"A","Q_tlw"
"634","RXS","51.2.0",2016,597.9,"A","Q_tlw"
"634","RXS","51.2.0",2017,672.2,"A","Q_tlw"
"634","RXS","51.2.0",2018,640,"A","Q_tlw"
"634","RXS","51.2.0",2019,961.2,"A","Q_tlw"
"634","RXS","51.2.0",2020,397,"A","Q_tlw"
"634","RXS","51.2.0",2021,340.9,"A","Q_tlw"
"634","RXS","51.2.0",2022,432.8,"A","Q_tlw"
"634","RXS","51.2.0",2023,506.8,"A","Q_tlw"
"634","SZH","51.2.0",2014,6.9,"A","Q_tlw"
"634","SZH","51.2.0",2015,2.6,"A","Q_tlw"
"634","SZH","51.2.0",2016,3.7,"A","Q_tlw"
"634","SZH","51.2.0",2017,0.3,"A","Q_tlw"
"634","SZH","51.2.0",2018,11.6,"A","Q_tlw"
"634","SZH","51.2.0",2019,2.7,"A","Q_tlw"
"634","SZH","51.2.0",2020,2.8,"A","Q_tlw"
"634","SZH","51.2.0",2021,0.9,"A","Q_tlw"
"634","SZH","51.2.0",2022,6.4,"A","Q_tlw"
"634","SZH","51.2.0",2023,5.9,"A","Q_tlw"
"634","SPI","51.2.0",1986,98,"A","Q_tlw"
"634","SPI","51.2.0",1987,128,"A","Q_tlw"
"634","SPI","51.2.0",1988,136,"A","Q_tlw"
"634","SPI","51.2.0",1989,185,"A","Q_tlw"
"634","SPI","51.2.0",1990,257,"A","Q_tlw"
"634","SPI","51.2.0",1991,354,"A","Q_tlw"
"634","SPI","51.2.0",1992,346,"A","Q_tlw"
"634","SPI","51.2.0",1993,281,"A","Q_tlw"
"634","SPI","51.2.0",1994,194,"A","Q_tlw"
"634","SPI","51.2.0",1995,161,"A","Q_tlw"
"634","SPI","51.2.0",1996,225,"A","Q_tlw"
"634","SPI","51.2.0",1997,237,"A","Q_tlw"
"634","SPI","51.2.0",1998,285,"A","Q_tlw"
"634","SPI","51.2.0",1999,240,"A","Q_tlw"
"634","SPI","51.2.0",2000,387,"A","Q_tlw"
"634","SPI","51.2.0",2001,451,"A","Q_tlw"
"634","SPI","51.2.0",2002,400,"A","Q_tlw"
"634","SPI","51.2.0",2003,469,"A","Q_tlw"
"634","SPI","51.2.0",2004,432,"A","Q_tlw"
"634","SPI","51.2.0",2005,658,"A","Q_tlw"
"634","SPI","51.2.0",2006,527,"A","Q_tlw"
"634","SPI","51.2.0",2007,516,"A","Q_tlw"
"634","SPI","51.2.0",2008,445,"A","Q_tlw"
"634","SPI","51.2.0",2009,422,"A","Q_tlw"
"634","SPI","51.2.0",2010,542,"A","Q_tlw"
"634","SPI","51.2.0",2011,538,"A","Q_tlw"
"634","SPI","51.2.0",2012,446,"A","Q_tlw"
"634","SPI","51.2.0",2013,564,"A","Q_tlw"
"634","SPI","51.2.0",2014,0,"A","Q_tlw"
"634","SPI","51.2.0",2015,0,"A","Q_tlw"
"634","SPI","51.2.0",2016,0,"A","Q_tlw"
"634","SPI","51.2.0",2017,0,"A","Q_tlw"
"634","SPI","51.2.0",2018,0,"A","Q_tlw"
"634","SPI","51.2.0",2019,0,"A","Q_tlw"
"634","SPI","51.2.0",2020,0,"A","Q_tlw"
"634","SPI","51.2.0",2021,0,"A","Q_tlw"
"634","SPI","51.2.0",2022,0,"A","Q_tlw"
"634","SPI","51.2.0",2023,0,"A","Q_tlw"
"634","SCN","51.2.0",2014,1344.5,"A","Q_tlw"
"634","SCN","51.2.0",2015,1047.8,"A","Q_tlw"
"634","SCN","51.2.0",2016,705,"A","Q_tlw"
"634","SCN","51.2.0",2017,719.7,"A","Q_tlw"
"634","SCN","51.2.0",2018,983.1,"A","Q_tlw"
"634","SCN","51.2.0",2019,1154.1,"A","Q_tlw"
"634","SCN","51.2.0",2020,916.4,"A","Q_tlw"
"634","SCN","51.2.0",2021,1054.6,"A","Q_tlw"
"634","SCN","51.2.0",2022,1182.4,"A","Q_tlw"
"634","SCN","51.2.0",2023,1137.1,"A","Q_tlw"
"634","IGU","51.2.0",2014,9.7,"A","Q_tlw"
"634","IGU","51.2.0",2015,6.1,"A","Q_tlw"
"634","IGU","51.2.0",2016,4.5,"A","Q_tlw"
"634","IGU","51.2.0",2017,0.3,"A","Q_tlw"
"634","IGU","51.2.0",2018,3.4,"A","Q_tlw"
"634","IGU","51.2.0",2019,4.9,"A","Q_tlw"
"634","IGU","51.2.0",2020,12.3,"A","Q_tlw"
"634","IGU","51.2.0",2021,11,"A","Q_tlw"
"634","IGU","51.2.0",2022,13.2,"A","Q_tlw"
"634","IGU","51.2.0",2023,4.1,"A","Q_tlw"
"634","DOB","51.2.0",1986,0,"N","Q_tlw"
"634","DOB","51.2.0",1987,0,"N","Q_tlw"
"634","DOB","51.2.0",1988,0,"N","Q_tlw"
"634","DOB","51.2.0",1989,0,"N","Q_tlw"
"634","DOB","51.2.0",1990,0,"N","Q_tlw"
"634","DOB","51.2.0",1991,0,"A","Q_tlw"
"634","DOB","51.2.0",1992,0,"N","Q_tlw"
"634","DOB","51.2.0",1993,0,"N","Q_tlw"
"634","DOB","51.2.0",1994,0,"N","Q_tlw"
"634","DOB","51.2.0",1995,0,"N","Q_tlw"
"634","DOB","51.2.0",1996,0,"N","Q_tlw"
"634","DOB","51.2.0",1997,0,"A","Q_tlw"
"634","DOB","51.2.0",1998,0,"N","Q_tlw"
"634","DOB","51.2.0",1999,0,"N","Q_tlw"
"634","DOB","51.2.0",2000,0,"N","Q_tlw"
"634","DOB","51.2.0",2001,0,"N","Q_tlw"
"634","DOB","51.2.0",2002,0,"N","Q_tlw"
"634","DOB","51.2.0",2003,0,"A","Q_tlw"
"634","DOB","51.2.0",2004,0,"A","Q_tlw"
"634","DOB","51.2.0",2005,0,"A","Q_tlw"
"634","DOB","51.2.0",2006,0,"A","Q_tlw"
"634","DOB","51.2.0",2007,0,"A","Q_tlw"
"634","DOB","51.2.0",2008,0,"A","Q_tlw"
"634","DOB","51.2.0",2009,0,"A","Q_tlw"
"634","DOB","51.2.0",2010,0,"A","Q_tlw"
"634","DOB","51.2.0",2011,0,"A","Q_tlw"
"634","DOB","51.2.0",2012,0,"A","Q_tlw"
"634","DOB","51.2.0",2013,0,"A","Q_tlw"
"634","DOB","51.2.0",2014,0.6,"A","Q_tlw"
"634","DOB","51.2.0",2015,0.4,"A","Q_tlw"
"634","DOB","51.2.0",2016,0.1,"A","Q_tlw"
"634","DOB","51.2.0",2017,1.3,"A","Q_tlw"
"634","DOB","51.2.0",2018,2.7,"A","Q_tlw"
"634","DOB","51.2.0",2019,6.1,"A","Q_tlw"
"634","DOB","51.2.0",2020,6,"A","Q_tlw"
"634","DOB","51.2.0",2021,6.6,"A","Q_tlw"
"634","DOB","51.2.0",2022,7.7,"A","Q_tlw"
"634","DOB","51.2.0",2023,4.7,"A","Q_tlw"
"634","SIX","51.2.0",1986,0,"N","Q_tlw"
"634","SIX","51.2.0",1987,13,"A","Q_tlw"
"634","SIX","51.2.0",1988,9,"A","Q_tlw"
"634","SIX","51.2.0",1989,0,"N","Q_tlw"
"634","SIX","51.2.0",1990,0,"N","Q_tlw"
"634","SIX","51.2.0",1991,0,"A","Q_tlw"
"634","SIX","51.2.0",1992,0,"N","Q_tlw"
"634","SIX","51.2.0",1993,0,"N","Q_tlw"
"634","SIX","51.2.0",1994,0,"N","Q_tlw"
"634","SIX","51.2.0",1995,0,"N","Q_tlw"
"634","SIX","51.2.0",1996,0,"N","Q_tlw"
"634","SIX","51.2.0",1997,0,"A","Q_tlw"
"634","SIX","51.2.0",1998,0,"N","Q_tlw"
"634","SIX","51.2.0",1999,0,"N","Q_tlw"
"634","SIX","51.2.0",2000,0,"N","Q_tlw"
"634","SIX","51.2.0",2001,0,"N","Q_tlw"
"634","SIX","51.2.0",2002,0,"N","Q_tlw"
"634","SIX","51.2.0",2003,0,"A","Q_tlw"
"634","SIX","51.2.0",2004,0,"A","Q_tlw"
"634","SIX","51.2.0",2005,0,"A","Q_tlw"
"634","SIX","51.2.0",2006,0,"A","Q_tlw"
"634","SIX","51.2.0",2007,0,"A","Q_tlw"
"634","SIX","51.2.0",2008,0,"A","Q_tlw"
"634","SIX","51.2.0",2009,0,"A","Q_tlw"
"634","SIX","51.2.0",2010,0,"A","Q_tlw"
"634","SIX","51.2.0",2011,0,"A","Q_tlw"
"634","SIX","51.2.0",2012,0,"A","Q_tlw"
"634","SIX","51.2.0",2013,0,"A","Q_tlw"
"634","SIX","51.2.0",2014,0,"A","Q_tlw"
"634","SIX","51.2.0",2015,0,"A","Q_tlw"
"634","SIX","51.2.0",2016,0,"A","Q_tlw"
"634","SIX","51.2.0",2017,0,"A","Q_tlw"
"634","SIX","51.2.0",2018,0,"A","Q_tlw"
"634","SIX","51.2.0",2019,0,"A","Q_tlw"
"634","SIX","51.2.0",2020,0,"A","Q_tlw"
"634","SIX","51.2.0",2021,0,"A","Q_tlw"
"634","SIX","51.2.0",2022,0,"A","Q_tlw"
"634","SIX","51.2.0",2023,0,"A","Q_tlw"
"634","TUX","51.2.0",1986,3,"A","Q_tlw"
"634","TUX","51.2.0",1987,1,"A","Q_tlw"
"634","TUX","51.2.0",1988,0,"N","Q_tlw"
"634","TUX","51.2.0",1989,0,"N","Q_tlw"
"634","TUX","51.2.0",1990,0,"N","Q_tlw"
"634","TUX","51.2.0",1991,0,"N","Q_tlw"
"634","TUX","51.2.0",1992,0,"N","Q_tlw"
"634","TUX","51.2.0",1993,0,"N","Q_tlw"
"634","TUX","51.2.0",1994,0,"N","Q_tlw"
"634","TUX","51.2.0",1995,0,"N","Q_tlw"
"634","TUX","51.2.0",1996,0,"N","Q_tlw"
"634","TUX","51.2.0",1997,0,"A","Q_tlw"
"634","TUX","51.2.0",1998,0,"N","Q_tlw"
"634","TUX","51.2.0",1999,0,"N","Q_tlw"
"634","TUX","51.2.0",2000,0,"N","Q_tlw"
"634","TUX","51.2.0",2001,0,"N","Q_tlw"
"634","TUX","51.2.0",2002,0,"A","Q_tlw"
"634","TUX","51.2.0",2003,36,"A","Q_tlw"
"634","TUX","51.2.0",2004,0,"A","Q_tlw"
"634","TUX","51.2.0",2005,62,"A","Q_tlw"
"634","TUX","51.2.0",2006,216,"A","Q_tlw"
"634","TUX","51.2.0",2007,257,"A","Q_tlw"
"634","TUX","51.2.0",2008,368,"A","Q_tlw"
"634","TUX","51.2.0",2009,232,"A","Q_tlw"
"634","TUX","51.2.0",2010,335,"A","Q_tlw"
"634","TUX","51.2.0",2011,590,"A","Q_tlw"
"634","TUX","51.2.0",2012,558,"A","Q_tlw"
"634","TUX","51.2.0",2013,487,"A","Q_tlw"
"634","KAW","51.2.0",2014,355.6,"A","Q_tlw"
"634","KAW","51.2.0",2015,441.1,"A","Q_tlw"
"634","KAW","51.2.0",2016,434.5,"A","Q_tlw"
"634","KAW","51.2.0",2017,781.7,"A","Q_tlw"
"634","KAW","51.2.0",2018,647.4,"A","Q_tlw"
"634","KAW","51.2.0",2019,882.7,"A","Q_tlw"
"634","KAW","51.2.0",2020,544.7,"A","Q_tlw"
"634","KAW","51.2.0",2021,585.8,"A","Q_tlw"
"634","KAW","51.2.0",2022,734.1,"A","Q_tlw"
"634","KAW","51.2.0",2023,659,"A","Q_tlw"
"634","COM","51.2.0",1986,124,"A","Q_tlw"
"634","COM","51.2.0",1987,114,"A","Q_tlw"
"634","COM","51.2.0",1988,143,"A","Q_tlw"
"634","COM","51.2.0",1989,213,"A","Q_tlw"
"634","COM","51.2.0",1990,562,"A","Q_tlw"
"634","COM","51.2.0",1991,716,"A","Q_tlw"
"634","COM","51.2.0",1992,766,"A","Q_tlw"
"634","COM","51.2.0",1993,636,"A","Q_tlw"
"634","COM","51.2.0",1994,406,"A","Q_tlw"
"634","COM","51.2.0",1995,255,"A","Q_tlw"
"634","COM","51.2.0",1996,307,"A","Q_tlw"
"634","COM","51.2.0",1997,411,"A","Q_tlw"
"634","COM","51.2.0",1998,552,"A","Q_tlw"
"634","COM","51.2.0",1999,496,"A","Q_tlw"
"634","COM","51.2.0",2000,768,"A","Q_tlw"
"634","COM","51.2.0",2001,1019,"A","Q_tlw"
"634","COM","51.2.0",2002,963,"A","Q_tlw"
"634","COM","51.2.0",2003,1945,"A","Q_tlw"
"634","COM","51.2.0",2004,1511,"A","Q_tlw"
"634","COM","51.2.0",2005,1882,"A","Q_tlw"
"634","COM","51.2.0",2006,2037,"A","Q_tlw"
"634","COM","51.2.0",2007,1811,"A","Q_tlw"
"634","COM","51.2.0",2008,2563,"A","Q_tlw"
"634","COM","51.2.0",2009,1750,"A","Q_tlw"
"634","COM","51.2.0",2010,2107,"A","Q_tlw"
"634","COM","51.2.0",2011,1978,"A","Q_tlw"
"634","COM","51.2.0",2012,1808,"A","Q_tlw"
"634","COM","51.2.0",2013,1734,"A","Q_tlw"
"634","COM","51.2.0",2014,1702.7,"A","Q_tlw"
"634","COM","51.2.0",2015,1634.1,"A","Q_tlw"
"634","COM","51.2.0",2016,1777,"A","Q_tlw"
"634","COM","51.2.0",2017,1710.8,"A","Q_tlw"
"634","COM","51.2.0",2018,1903.4,"A","Q_tlw"
"634","COM","51.2.0",2019,1905.3,"A","Q_tlw"
"634","COM","51.2.0",2020,2506.7,"A","Q_tlw"
"634","COM","51.2.0",2021,2598.1,"A","Q_tlw"
"634","COM","51.2.0",2022,2422.1,"A","Q_tlw"
"634","COM","51.2.0",2023,2758.3,"A","Q_tlw"
"634","BAR","51.2.0",1986,100,"A","Q_tlw"
"634","BAR","51.2.0",1987,152,"A","Q_tlw"
"634","BAR","51.2.0",1988,141,"A","Q_tlw"
"634","BAR","51.2.0",1989,182,"A","Q_tlw"
"634","BAR","51.2.0",1990,52,"A","Q_tlw"
"634","BAR","51.2.0",1991,100,"A","Q_tlw"
"634","BAR","51.2.0",1992,79,"A","Q_tlw"
"634","BAR","51.2.0",1993,18,"A","Q_tlw"
"634","BAR","51.2.0",1994,52,"A","Q_tlw"
"634","BAR","51.2.0",1995,48,"A","Q_tlw"
"634","BAR","51.2.0",1996,54,"A","Q_tlw"
"634","BAR","51.2.0",1997,59,"A","Q_tlw"
"634","BAR","51.2.0",1998,21,"A","Q_tlw"
"634","BAR","51.2.0",1999,22,"A","Q_tlw"
"634","BAR","51.2.0",2000,62,"A","Q_tlw"
"634","BAR","51.2.0",2001,86,"A","Q_tlw"
"634","BAR","51.2.0",2002,91,"A","Q_tlw"
"634","BAR","51.2.0",2003,131,"A","Q_tlw"
"634","BAR","51.2.0",2004,102,"A","Q_tlw"
"634","BAR","51.2.0",2005,257,"A","Q_tlw"
"634","BAR","51.2.0",2006,220,"A","Q_tlw"
"634","BAR","51.2.0",2007,322,"A","Q_tlw"
"634","BAR","51.2.0",2008,496,"A","Q_tlw"
"634","BAR","51.2.0",2009,752,"A","Q_tlw"
"634","BAR","51.2.0",2010,694,"A","Q_tlw"
"634","BAR","51.2.0",2011,592,"A","Q_tlw"
"634","BAR","51.2.0",2012,430,"A","Q_tlw"
"634","BAR","51.2.0",2013,436,"A","Q_tlw"
"634","BAQ","51.2.0",2014,293.2,"A","Q_tlw"
"634","BAQ","51.2.0",2015,221.8,"A","Q_tlw"
"634","BAQ","51.2.0",2016,379.3,"A","Q_tlw"
"634","BAQ","51.2.0",2017,491.9,"A","Q_tlw"
"634","BAQ","51.2.0",2018,323.7,"A","Q_tlw"
"634","BAQ","51.2.0",2019,319.7,"A","Q_tlw"
"634","BAQ","51.2.0",2020,367.9,"A","Q_tlw"
"634","BAQ","51.2.0",2021,459.4,"A","Q_tlw"
"634","BAQ","51.2.0",2022,430.2,"A","Q_tlw"
"634","BAQ","51.2.0",2023,503,"A","Q_tlw"
"634","CGX","51.2.0",1986,298,"A","Q_tlw"
"634","CGX","51.2.0",1987,326,"A","Q_tlw"
"634","CGX","51.2.0",1988,382,"A","Q_tlw"
"634","CGX","51.2.0",1989,443,"A","Q_tlw"
"634","CGX","51.2.0",1990,468,"A","Q_tlw"
"634","CGX","51.2.0",1991,1143,"A","Q_tlw"
"634","CGX","51.2.0",1992,443,"A","Q_tlw"
"634","CGX","51.2.0",1993,452,"A","Q_tlw"
"634","CGX","51.2.0",1994,250,"A","Q_tlw"
"634","CGX","51.2.0",1995,291,"A","Q_tlw"
"634","CGX","51.2.0",1996,308,"A","Q_tlw"
"634","CGX","51.2.0",1997,308,"A","Q_tlw"
"634","CGX","51.2.0",1998,326,"A","Q_tlw"
"634","CGX","51.2.0",1999,164,"A","Q_tlw"
"634","CGX","51.2.0",2000,227,"A","Q_tlw"
"634","CGX","51.2.0",2001,286,"A","Q_tlw"
"634","CGX","51.2.0",2002,213,"A","Q_tlw"
"634","CGX","51.2.0",2003,254,"A","Q_tlw"
"634","CGX","51.2.0",2004,461,"A","Q_tlw"
"634","CGX","51.2.0",2005,381,"A","Q_tlw"
"634","CGX","51.2.0",2006,379,"A","Q_tlw"
"634","CGX","51.2.0",2007,397,"A","Q_tlw"
"634","CGX","51.2.0",2008,616,"A","Q_tlw"
"634","CGX","51.2.0",2009,394,"A","Q_tlw"
"634","CGX","51.2.0",2010,352,"A","Q_tlw"
"634","CGX","51.2.0",2011,383,"A","Q_tlw"
"634","CGX","51.2.0",2012,299,"A","Q_tlw"
"634","CGX","51.2.0",2013,259,"A","Q_tlw"
"634","TUM","51.2.0",2014,310.4,"A","Q_tlw"
"634","TUM","51.2.0",2015,423.8,"A","Q_tlw"
"634","TUM","51.2.0",2016,495,"A","Q_tlw"
"634","TUM","51.2.0",2017,355.2,"A","Q_tlw"
"634","TUM","51.2.0",2018,398.7,"A","Q_tlw"
"634","TUM","51.2.0",2019,612.3,"A","Q_tlw"
"634","TUM","51.2.0",2020,438.7,"A","Q_tlw"
"634","TUM","51.2.0",2021,688.8,"A","Q_tlw"
"634","TUM","51.2.0",2022,399.5,"A","Q_tlw"
"634","TUM","51.2.0",2023,382,"A","Q_tlw"
"634","NXI","51.2.0",1986,50,"A","Q_tlw"
"634","NXI","51.2.0",1987,96,"A","Q_tlw"
"634","NXI","51.2.0",1988,111,"A","Q_tlw"
"634","NXI","51.2.0",1989,165,"A","Q_tlw"
"634","NXI","51.2.0",1990,219,"A","Q_tlw"
"634","NXI","51.2.0",1991,566,"A","Q_tlw"
"634","NXI","51.2.0",1992,416,"A","Q_tlw"
"634","NXI","51.2.0",1993,361,"A","Q_tlw"
"634","NXI","51.2.0",1994,201,"A","Q_tlw"
"634","NXI","51.2.0",1995,175,"A","Q_tlw"
"634","NXI","51.2.0",1996,222,"A","Q_tlw"
"634","NXI","51.2.0",1997,247,"A","Q_tlw"
"634","NXI","51.2.0",1998,308,"A","Q_tlw"
"634","NXI","51.2.0",1999,289,"A","Q_tlw"
"634","NXI","51.2.0",2000,409,"A","Q_tlw"
"634","NXI","51.2.0",2001,388,"A","Q_tlw"
"634","NXI","51.2.0",2002,318,"A","Q_tlw"
"634","NXI","51.2.0",2003,351,"A","Q_tlw"
"634","NXI","51.2.0",2004,303,"A","Q_tlw"
"634","NXI","51.2.0",2005,435,"A","Q_tlw"
"634","NXI","51.2.0",2006,565,"A","Q_tlw"
"634","NXI","51.2.0",2007,478,"A","Q_tlw"
"634","NXI","51.2.0",2008,611,"A","Q_tlw"
"634","NXI","51.2.0",2009,375,"A","Q_tlw"
"634","NXI","51.2.0",2010,344,"A","Q_tlw"
"634","NXI","51.2.0",2011,422,"A","Q_tlw"
"634","NXI","51.2.0",2012,339,"A","Q_tlw"
"634","NXI","51.2.0",2013,324,"A","Q_tlw"
"634","SDX","51.2.0",1986,0,"N","Q_tlw"
"634","SDX","51.2.0",1987,0,"N","Q_tlw"
"634","SDX","51.2.0",1988,0,"N","Q_tlw"
"634","SDX","51.2.0",1989,0,"N","Q_tlw"
"634","SDX","51.2.0",1990,0,"N","Q_tlw"
"634","SDX","51.2.0",1991,0,"N","Q_tlw"
"634","SDX","51.2.0",1992,0,"N","Q_tlw"
"634","SDX","51.2.0",1993,0,"N","Q_tlw"
"634","SDX","51.2.0",1994,0,"N","Q_tlw"
"634","SDX","51.2.0",1995,0,"N","Q_tlw"
"634","SDX","51.2.0",1996,0,"N","Q_tlw"
"634","SDX","51.2.0",1997,0,"N","Q_tlw"
"634","SDX","51.2.0",1998,0,"N","Q_tlw"
"634","SDX","51.2.0",1999,0,"N","Q_tlw"
"634","SDX","51.2.0",2000,0,"N","Q_tlw"
"634","SDX","51.2.0",2001,0,"N","Q_tlw"
"634","SDX","51.2.0",2002,0,"N","Q_tlw"
"634","SDX","51.2.0",2003,0,"A","Q_tlw"
"634","SDX","51.2.0",2004,0,"A","Q_tlw"
"634","SDX","51.2.0",2005,0,"A","Q_tlw"
"634","SDX","51.2.0",2006,0,"A","Q_tlw"
"634","SDX","51.2.0",2007,0,"A","Q_tlw"
"634","SDX","51.2.0",2008,0,"A","Q_tlw"
"634","SDX","51.2.0",2009,0,"A","Q_tlw"
"634","SDX","51.2.0",2010,0,"A","Q_tlw"
"634","SDX","51.2.0",2011,0,"A","Q_tlw"
"634","SDX","51.2.0",2012,0,"A","Q_tlw"
"634","SDX","51.2.0",2013,0,"A","Q_tlw"
"634","SDX","51.2.0",2014,0,"A","Q_tlw"
"634","SDX","51.2.0",2015,0,"A","Q_tlw"
"634","SDX","51.2.0",2016,0,"A","Q_tlw"
"634","SDX","51.2.0",2017,0,"A","Q_tlw"
"634","SDX","51.2.0",2018,0,"A","Q_tlw"
"634","SDX","51.2.0",2019,0,"A","Q_tlw"
"634","SDX","51.2.0",2020,0,"A","Q_tlw"
"634","SDX","51.2.0",2022,0,"A","Q_tlw"
"634","SDX","51.2.0",2023,0,"A","Q_tlw"
"634","NGJ","51.2.0",2014,510.7,"A","Q_tlw"
"634","NGJ","51.2.0",2015,503.5,"A","Q_tlw"
"634","NGJ","51.2.0",2016,386.6,"A","Q_tlw"
"634","NGJ","51.2.0",2017,433.1,"A","Q_tlw"
"634","NGJ","51.2.0",2018,532.6,"A","Q_tlw"
"634","NGJ","51.2.0",2019,597.7,"A","Q_tlw"
"634","NGJ","51.2.0",2020,549.6,"A","Q_tlw"
"634","NGJ","51.2.0",2021,563.6,"A","Q_tlw"
"634","NGJ","51.2.0",2022,566.8,"A","Q_tlw"
"634","NGJ","51.2.0",2023,575.8,"A","Q_tlw"
"634","GLT","51.2.0",1986,36,"A","Q_tlw"
"634","GLT","51.2.0",1987,68,"A","Q_tlw"
"634","GLT","51.2.0",1990,230,"A","Q_tlw"
"634","GLT","51.2.0",1992,223,"A","Q_tlw"
"634","GLT","51.2.0",1993,224,"A","Q_tlw"
"634","GLT","51.2.0",1994,123,"A","Q_tlw"
"634","GLT","51.2.0",1995,98,"A","Q_tlw"
"634","GLT","51.2.0",1996,101,"A","Q_tlw"
"634","GLT","51.2.0",1997,108,"A","Q_tlw"
"634","GLT","51.2.0",1998,172,"A","Q_tlw"
"634","GLT","51.2.0",1999,116,"A","Q_tlw"
"634","GLT","51.2.0",2000,185,"A","Q_tlw"
"634","GLT","51.2.0",2001,204,"A","Q_tlw"
"634","GLT","51.2.0",2002,173,"A","Q_tlw"
"634","GLT","51.2.0",2003,183,"A","Q_tlw"
"634","GLT","51.2.0",2004,204,"A","Q_tlw"
"634","GLT","51.2.0",2005,391,"A","Q_tlw"
"634","GLT","51.2.0",2006,345,"A","Q_tlw"
"634","GLT","51.2.0",2007,256,"A","Q_tlw"
"634","GLT","51.2.0",2008,224,"A","Q_tlw"
"634","GLT","51.2.0",2009,242,"A","Q_tlw"
"634","GLT","51.2.0",2010,255,"A","Q_tlw"
"634","GLT","51.2.0",2011,213,"A","Q_tlw"
"634","GLT","51.2.0",2012,168,"A","Q_tlw"
"634","GLT","51.2.0",2013,250,"A","Q_tlw"
"634","GLT","51.2.0",2014,557.2,"A","Q_tlw"
"634","GLT","51.2.0",2015,463.9,"A","Q_tlw"
"634","GLT","51.2.0",2016,224.4,"A","Q_tlw"
"634","GLT","51.2.0",2017,178.4,"A","Q_tlw"
"634","GLT","51.2.0",2018,202,"A","Q_tlw"
"634","GLT","51.2.0",2019,382.3,"A","Q_tlw"
"634","GLT","51.2.0",2020,240.9,"A","Q_tlw"
"634","GLT","51.2.0",2021,380.6,"A","Q_tlw"
"634","GLT","51.2.0",2022,251.2,"A","Q_tlw"
"634","GLT","51.2.0",2023,288.9,"A","Q_tlw"
"634","NGH","51.2.0",2014,200.6,"A","Q_tlw"
"634","NGH","51.2.0",2015,212.4,"A","Q_tlw"
"634","NGH","51.2.0",2016,205.2,"A","Q_tlw"
"634","NGH","51.2.0",2017,56.3,"A","Q_tlw"
"634","NGH","51.2.0",2018,42.6,"A","Q_tlw"
"634","NGH","51.2.0",2019,64.7,"A","Q_tlw"
"634","NGH","51.2.0",2020,45.7,"A","Q_tlw"
"634","NGH","51.2.0",2021,117.8,"A","Q_tlw"
"634","NGH","51.2.0",2022,59.7,"A","Q_tlw"
"634","NGH","51.2.0",2023,72.4,"A","Q_tlw"
"634","NGS","51.2.0",1999,123,"A","Q_tlw"
"634","NGS","51.2.0",2000,192,"A","Q_tlw"
"634","NGS","51.2.0",2001,266,"A","Q_tlw"
"634","NGS","51.2.0",2002,151,"A","Q_tlw"
"634","NGS","51.2.0",2003,202,"A","Q_tlw"
"634","NGS","51.2.0",2005,408,"A","Q_tlw"
"634","NGS","51.2.0",2006,416,"A","Q_tlw"
"634","NGS","51.2.0",2007,360,"A","Q_tlw"
"634","NGS","51.2.0",2008,376,"A","Q_tlw"
"634","NGS","51.2.0",2009,242,"A","Q_tlw"
"634","NGS","51.2.0",2010,261,"A","Q_tlw"
"634","NGS","51.2.0",2011,431,"A","Q_tlw"
"634","NGS","51.2.0",2012,288,"A","Q_tlw"
"634","NGS","51.2.0",2013,282,"A","Q_tlw"
"634","NGS","51.2.0",2014,212.8,"A","Q_tlw"
"634","NGS","51.2.0",2015,70.3,"A","Q_tlw"
"634","NGS","51.2.0",2016,200.8,"A","Q_tlw"
"634","NGS","51.2.0",2017,256.7,"A","Q_tlw"
"634","NGS","51.2.0",2018,124.5,"A","Q_tlw"
"634","NGS","51.2.0",2019,225.3,"A","Q_tlw"
"634","NGS","51.2.0",2020,124.8,"A","Q_tlw"
"634","NGS","51.2.0",2021,242.4,"A","Q_tlw"
"634","NGS","51.2.0",2022,366.5,"A","Q_tlw"
"634","NGS","51.2.0",2023,249.4,"A","Q_tlw"
"634","QUE","51.2.0",1986,3,"A","Q_tlw"
"634","QUE","51.2.0",1987,0,"N","Q_tlw"
"634","QUE","51.2.0",1988,0,"N","Q_tlw"
"634","QUE","51.2.0",1989,0,"N","Q_tlw"
"634","QUE","51.2.0",1990,39,"A","Q_tlw"
"634","QUE","51.2.0",1991,73,"A","Q_tlw"
"634","QUE","51.2.0",1992,90,"A","Q_tlw"
"634","QUE","51.2.0",1993,72,"A","Q_tlw"
"634","QUE","51.2.0",1994,45,"A","Q_tlw"
"634","QUE","51.2.0",1995,49,"A","Q_tlw"
"634","QUE","51.2.0",1996,57,"A","Q_tlw"
"634","QUE","51.2.0",1997,56,"A","Q_tlw"
"634","QUE","51.2.0",1998,80,"A","Q_tlw"
"634","QUE","51.2.0",1999,42,"A","Q_tlw"
"634","QUE","51.2.0",2000,57,"A","Q_tlw"
"634","QUE","51.2.0",2001,78,"A","Q_tlw"
"634","QUE","51.2.0",2002,54,"A","Q_tlw"
"634","QUE","51.2.0",2003,35,"A","Q_tlw"
"634","QUE","51.2.0",2004,44,"A","Q_tlw"
"634","QUE","51.2.0",2005,104,"A","Q_tlw"
"634","QUE","51.2.0",2006,162,"A","Q_tlw"
"634","QUE","51.2.0",2007,171,"A","Q_tlw"
"634","QUE","51.2.0",2008,229,"A","Q_tlw"
"634","QUE","51.2.0",2009,221,"A","Q_tlw"
"634","QUE","51.2.0",2010,188,"A","Q_tlw"
"634","QUE","51.2.0",2011,181,"A","Q_tlw"
"634","QUE","51.2.0",2012,191,"A","Q_tlw"
"634","QUE","51.2.0",2013,109,"A","Q_tlw"
"634","OBM","51.2.0",2014,265.4,"A","Q_tlw"
"634","OBM","51.2.0",2015,202.8,"A","Q_tlw"
"634","OBM","51.2.0",2016,190.7,"A","Q_tlw"
"634","OBM","51.2.0",2017,313.8,"A","Q_tlw"
"634","OBM","51.2.0",2018,458.6,"A","Q_tlw"
"634","OBM","51.2.0",2019,327.5,"A","Q_tlw"
"634","OBM","51.2.0",2020,405.1,"A","Q_tlw"
"634","OBM","51.2.0",2021,507.1,"A","Q_tlw"
"634","OBM","51.2.0",2022,661.7,"A","Q_tlw"
"634","OBM","51.2.0",2023,640.9,"A","Q_tlw"
"634","NGY","51.2.0",2014,63.6,"A","Q_tlw"
"634","NGY","51.2.0",2015,45.1,"A","Q_tlw"
"634","NGY","51.2.0",2016,42,"A","Q_tlw"
"634","NGY","51.2.0",2017,52.1,"A","Q_tlw"
"634","NGY","51.2.0",2018,53.6,"A","Q_tlw"
"634","NGY","51.2.0",2019,45.5,"A","Q_tlw"
"634","NGY","51.2.0",2020,35.3,"A","Q_tlw"
"634","NGY","51.2.0",2021,46.7,"A","Q_tlw"
"634","NGY","51.2.0",2022,58.3,"A","Q_tlw"
"634","NGY","51.2.0",2023,54.7,"A","Q_tlw"
"634","CBA","51.2.0",1986,37,"A","Q_tlw"
"634","CBA","51.2.0",1987,58,"A","Q_tlw"
"634","CBA","51.2.0",1988,72,"A","Q_tlw"
"634","CBA","51.2.0",1989,75,"A","Q_tlw"
"634","CBA","51.2.0",1990,53,"A","Q_tlw"
"634","CBA","51.2.0",1991,54,"A","Q_tlw"
"634","CBA","51.2.0",1992,55,"A","Q_tlw"
"634","CBA","51.2.0",1993,62,"A","Q_tlw"
"634","CBA","51.2.0",1994,54,"A","Q_tlw"
"634","CBA","51.2.0",1995,47,"A","Q_tlw"
"634","CBA","51.2.0",1996,56,"A","Q_tlw"
"634","CBA","51.2.0",1997,52,"A","Q_tlw"
"634","CBA","51.2.0",1998,56,"A","Q_tlw"
"634","CBA","51.2.0",1999,44,"A","Q_tlw"
"634","CBA","51.2.0",2000,56,"A","Q_tlw"
"634","CBA","51.2.0",2001,95,"A","Q_tlw"
"634","CBA","51.2.0",2002,89,"A","Q_tlw"
"634","CBA","51.2.0",2003,120,"A","Q_tlw"
"634","CBA","51.2.0",2004,99,"A","Q_tlw"
"634","CBA","51.2.0",2005,233,"A","Q_tlw"
"634","CBA","51.2.0",2006,223,"A","Q_tlw"
"634","CBA","51.2.0",2007,224,"A","Q_tlw"
"634","CBA","51.2.0",2008,254,"A","Q_tlw"
"634","CBA","51.2.0",2009,197,"A","Q_tlw"
"634","CBA","51.2.0",2010,224,"A","Q_tlw"
"634","CBA","51.2.0",2011,193,"A","Q_tlw"
"634","CBA","51.2.0",2012,123,"A","Q_tlw"
"634","CBA","51.2.0",2013,111,"A","Q_tlw"
"634","CBA","51.2.0",2014,38.5,"A","Q_tlw"
"634","CBA","51.2.0",2015,48.8,"A","Q_tlw"
"634","CBA","51.2.0",2016,35.8,"A","Q_tlw"
"634","CBA","51.2.0",2017,32,"A","Q_tlw"
"634","CBA","51.2.0",2018,41.1,"A","Q_tlw"
"634","CBA","51.2.0",2019,67.8,"A","Q_tlw"
"634","CBA","51.2.0",2020,74.7,"A","Q_tlw"
"634","CBA","51.2.0",2021,87.9,"A","Q_tlw"
"634","CBA","51.2.0",2022,87.6,"A","Q_tlw"
"634","CBA","51.2.0",2023,134.2,"A","Q_tlw"
"634","FCW","51.2.0",2014,0,"A","Q_tlw"
"634","FCW","51.2.0",2015,0,"A","Q_tlw"
"634","FCW","51.2.0",2016,0,"A","Q_tlw"
"634","FCW","51.2.0",2017,0,"A","Q_tlw"
"634","FCW","51.2.0",2018,0,"A","Q_tlw"
"634","FCW","51.2.0",2019,0,"A","Q_tlw"
"634","FCW","51.2.0",2020,0.2,"A","Q_tlw"
"634","FCW","51.2.0",2021,0,"A","Q_tlw"
"634","FCW","51.2.0",2022,4.4,"A","Q_tlw"
"634","FCW","51.2.0",2023,0,"A","Q_tlw"
"634","BAF","51.2.0",1986,0,"A","Q_tlw"
"634","BAF","51.2.0",1987,0,"A","Q_tlw"
"634","BAF","51.2.0",1990,24,"A","Q_tlw"
"634","BAF","51.2.0",1991,34,"A","Q_tlw"
"634","BAF","51.2.0",1992,61,"A","Q_tlw"
"634","BAF","51.2.0",1993,54,"A","Q_tlw"
"634","BAF","51.2.0",1994,31,"A","Q_tlw"
"634","BAF","51.2.0",1995,19,"A","Q_tlw"
"634","BAF","51.2.0",1996,14,"A","Q_tlw"
"634","BAF","51.2.0",1997,25,"A","Q_tlw"
"634","BAF","51.2.0",1998,12,"A","Q_tlw"
"634","BAF","51.2.0",1999,2,"A","Q_tlw"
"634","BAF","51.2.0",2000,1,"A","Q_tlw"
"634","BAF","51.2.0",2001,2,"A","Q_tlw"
"634","BAF","51.2.0",2002,1,"A","Q_tlw"
"634","BAF","51.2.0",2003,4,"A","Q_tlw"
"634","BAF","51.2.0",2004,5,"A","Q_tlw"
"634","BAF","51.2.0",2005,6,"A","Q_tlw"
"634","BAF","51.2.0",2006,22,"A","Q_tlw"
"634","BAF","51.2.0",2007,42,"A","Q_tlw"
"634","BAF","51.2.0",2008,18,"A","Q_tlw"
"634","BAF","51.2.0",2009,12,"A","Q_tlw"
"634","BAF","51.2.0",2010,26,"A","Q_tlw"
"634","BAF","51.2.0",2011,6,"A","Q_tlw"
"634","BAF","51.2.0",2012,9,"A","Q_tlw"
"634","BAF","51.2.0",2013,5,"A","Q_tlw"
"634","BTS","51.2.0",2014,7.5,"A","Q_tlw"
"634","BTS","51.2.0",2015,26.4,"A","Q_tlw"
"634","BTS","51.2.0",2016,1.6,"A","Q_tlw"
"634","BTS","51.2.0",2017,1.7,"A","Q_tlw"
"634","BTS","51.2.0",2018,0.9,"A","Q_tlw"
"634","BTS","51.2.0",2019,11.5,"A","Q_tlw"
"634","BTS","51.2.0",2020,42.1,"A","Q_tlw"
"634","BTS","51.2.0",2021,0,"A","Q_tlw"
"634","BTS","51.2.0",2022,10.7,"A","Q_tlw"
"634","BTS","51.2.0",2023,3.6,"A","Q_tlw"
"634","RSK","51.2.0",1986,0,"N","Q_tlw"
"634","RSK","51.2.0",1987,0,"N","Q_tlw"
"634","RSK","51.2.0",1988,0,"N","Q_tlw"
"634","RSK","51.2.0",1989,0,"N","Q_tlw"
"634","RSK","51.2.0",1990,0,"N","Q_tlw"
"634","RSK","51.2.0",1991,0,"N","Q_tlw"
"634","RSK","51.2.0",1992,0,"N","Q_tlw"
"634","RSK","51.2.0",1993,0,"N","Q_tlw"
"634","RSK","51.2.0",1994,0,"N","Q_tlw"
"634","RSK","51.2.0",1995,0,"N","Q_tlw"
"634","RSK","51.2.0",1996,0,"N","Q_tlw"
"634","RSK","51.2.0",1997,0,"A","Q_tlw"
"634","RSK","51.2.0",1998,0,"N","Q_tlw"
"634","RSK","51.2.0",1999,0,"N","Q_tlw"
"634","RSK","51.2.0",2000,0,"N","Q_tlw"
"634","RSK","51.2.0",2001,0,"N","Q_tlw"
"634","RSK","51.2.0",2002,0,"N","Q_tlw"
"634","RSK","51.2.0",2003,0,"A","Q_tlw"
"634","RSK","51.2.0",2004,0,"A","Q_tlw"
"634","RSK","51.2.0",2005,0,"A","Q_tlw"
"634","RSK","51.2.0",2006,0,"A","Q_tlw"
"634","RSK","51.2.0",2007,0,"A","Q_tlw"
"634","RSK","51.2.0",2008,0,"A","Q_tlw"
"634","RSK","51.2.0",2009,0,"A","Q_tlw"
"634","RSK","51.2.0",2010,0,"A","Q_tlw"
"634","RSK","51.2.0",2011,0,"A","Q_tlw"
"634","RSK","51.2.0",2012,0,"A","Q_tlw"
"634","RSK","51.2.0",2013,0,"A","Q_tlw"
"634","RSK","51.2.0",2014,0,"A","Q_tlw"
"634","RSK","51.2.0",2015,0,"A","Q_tlw"
"634","RSK","51.2.0",2016,0,"A","Q_tlw"
"634","RSK","51.2.0",2017,0,"A","Q_tlw"
"634","RSK","51.2.0",2018,0,"A","Q_tlw"
"634","RSK","51.2.0",2019,0,"A","Q_tlw"
"634","RSK","51.2.0",2020,0,"A","Q_tlw"
"634","RSK","51.2.0",2021,0,"A","Q_tlw"
"634","RSK","51.2.0",2022,0,"A","Q_tlw"
"634","RSK","51.2.0",2023,0,"A","Q_tlw"
"634","CCD","51.2.0",2014,105.4,"A","Q_tlw"
"634","CCD","51.2.0",2015,97.9,"A","Q_tlw"
"634","CCD","51.2.0",2016,98,"A","Q_tlw"
"634","CCD","51.2.0",2017,104.7,"A","Q_tlw"
"634","CCD","51.2.0",2018,108.7,"A","Q_tlw"
"634","CCD","51.2.0",2019,90.2,"A","Q_tlw"
"634","CCD","51.2.0",2020,91.5,"A","Q_tlw"
"634","CCD","51.2.0",2021,188.5,"A","Q_tlw"
"634","CCD","51.2.0",2022,326.6,"A","Q_tlw"
"634","CCD","51.2.0",2023,325.8,"A","Q_tlw"
"634","MZZ","51.2.0",1986,95,"A","Q_tlw"
"634","MZZ","51.2.0",1987,145,"A","Q_tlw"
"634","MZZ","51.2.0",1988,200,"A","Q_tlw"
"634","MZZ","51.2.0",1989,259,"A","Q_tlw"
"634","MZZ","51.2.0",1990,493,"A","Q_tlw"
"634","MZZ","51.2.0",1991,702,"A","Q_tlw"
"634","MZZ","51.2.0",1992,820,"A","Q_tlw"
"634","MZZ","51.2.0",1993,839,"A","Q_tlw"
"634","MZZ","51.2.0",1994,627,"A","Q_tlw"
"634","MZZ","51.2.0",1995,593,"A","Q_tlw"
"634","MZZ","51.2.0",1996,357,"A","Q_tlw"
"634","MZZ","51.2.0",1997,332,"A","Q_tlw"
"634","MZZ","51.2.0",1998,38,"A","Q_tlw"
"634","MZZ","51.2.0",1999,207,"A","Q_tlw"
"634","MZZ","51.2.0",2000,576,"A","Q_tlw"
"634","MZZ","51.2.0",2001,257,"A","Q_tlw"
"634","MZZ","51.2.0",2002,184,"A","Q_tlw"
"634","MZZ","51.2.0",2003,239,"A","Q_tlw"
"634","MZZ","51.2.0",2004,921,"A","Q_tlw"
"634","MZZ","51.2.0",2005,155,"A","Q_tlw"
"634","MZZ","51.2.0",2006,324,"A","Q_tlw"
"634","MZZ","51.2.0",2007,1090,"A","Q_tlw"
"634","MZZ","51.2.0",2008,479,"A","Q_tlw"
"634","MZZ","51.2.0",2009,743,"A","Q_tlw"
"634","MZZ","51.2.0",2010,736,"A","Q_tlw"
"634","MZZ","51.2.0",2011,707,"A","Q_tlw"
"634","MZZ","51.2.0",2012,441,"A","Q_tlw"
"634","MZZ","51.2.0",2013,428,"A","Q_tlw"
"634","MZZ","51.2.0",2014,1117.9,"A","Q_tlw"
"634","MZZ","51.2.0",2015,1150.9,"A","Q_tlw"
"634","MZZ","51.2.0",2016,1088.3,"A","Q_tlw"
"634","MZZ","51.2.0",2017,1139,"A","Q_tlw"
"634","MZZ","51.2.0",2018,1312.5,"A","Q_tlw"
"634","MZZ","51.2.0",2019,1511.1,"A","Q_tlw"
"634","MZZ","51.2.0",2020,884,"A","Q_tlw"
"634","MZZ","51.2.0",2021,513.2,"A","Q_tlw"
"634","MZZ","51.2.0",2022,342.8,"A","Q_tlw"
"634","MZZ","51.2.0",2023,342.6,"A","Q_tlw"
"634","SCD","51.2.0",1986,9,"A","Q_tlw"
"634","SCD","51.2.0",1987,32,"A","Q_tlw"
"634","SCD","51.2.0",1988,49,"A","Q_tlw"
"634","SCD","51.2.0",1989,22,"A","Q_tlw"
"634","SCD","51.2.0",1990,64,"A","Q_tlw"
"634","SCD","51.2.0",1991,56,"A","Q_tlw"
"634","SCD","51.2.0",1992,28,"A","Q_tlw"
"634","SCD","51.2.0",1993,52,"A","Q_tlw"
"634","SCD","51.2.0",1994,30,"A","Q_tlw"
"634","SCD","51.2.0",1995,39,"A","Q_tlw"
"634","SCD","51.2.0",1996,47,"A","Q_tlw"
"634","SCD","51.2.0",1997,47,"A","Q_tlw"
"634","SCD","51.2.0",1998,69,"A","Q_tlw"
"634","SCD","51.2.0",1999,39,"A","Q_tlw"
"634","SCD","51.2.0",2000,26,"A","Q_tlw"
"634","SCD","51.2.0",2001,21,"A","Q_tlw"
"634","SCD","51.2.0",2002,17,"A","Q_tlw"
"634","SCD","51.2.0",2003,35,"A","Q_tlw"
"634","SCD","51.2.0",2004,56,"A","Q_tlw"
"634","SCD","51.2.0",2005,74,"A","Q_tlw"
"634","SCD","51.2.0",2006,65,"A","Q_tlw"
"634","SCD","51.2.0",2007,128,"A","Q_tlw"
"634","SCD","51.2.0",2008,159,"A","Q_tlw"
"634","SCD","51.2.0",2009,140,"A","Q_tlw"
"634","SCD","51.2.0",2010,83,"A","Q_tlw"
"634","SCD","51.2.0",2011,84,"A","Q_tlw"
"634","SCD","51.2.0",2012,78,"A","Q_tlw"
"634","SCD","51.2.0",2013,73,"A","Q_tlw"
"634","SCD","51.2.0",2014,304.6,"A","Q_tlw"
"634","SCD","51.2.0",2015,315,"A","Q_tlw"
"634","SCD","51.2.0",2016,315,"A","Q_tlw"
"634","SCD","51.2.0",2017,469.6,"A","Q_tlw"
"634","SCD","51.2.0",2018,494.6,"A","Q_tlw"
"634","SCD","51.2.0",2019,437.6,"A","Q_tlw"
"634","SCD","51.2.0",2020,427.5,"A","Q_tlw"
"634","SCD","51.2.0",2021,826.6,"A","Q_tlw"
"634","SCD","51.2.0",2022,1031.8,"A","Q_tlw"
"634","SCD","51.2.0",2023,1419.9,"A","Q_tlw"
"634","THQ","51.2.0",1986,19,"A","Q_tlw"
"634","THQ","51.2.0",1987,16,"A","Q_tlw"
"634","THQ","51.2.0",1988,18,"A","Q_tlw"
"634","THQ","51.2.0",1989,105,"A","Q_tlw"
"634","THQ","51.2.0",1990,12,"A","Q_tlw"
"634","THQ","51.2.0",1991,42,"A","Q_tlw"
"634","THQ","51.2.0",1992,35,"A","Q_tlw"
"634","THQ","51.2.0",1993,33,"A","Q_tlw"
"634","THQ","51.2.0",1994,23,"A","Q_tlw"
"634","THQ","51.2.0",1995,8,"A","Q_tlw"
"634","THQ","51.2.0",1996,8,"A","Q_tlw"
"634","THQ","51.2.0",1997,16,"A","Q_tlw"
"634","THQ","51.2.0",1998,15,"A","Q_tlw"
"634","THQ","51.2.0",1999,13,"A","Q_tlw"
"634","THQ","51.2.0",2000,5,"A","Q_tlw"
"634","THQ","51.2.0",2001,20,"A","Q_tlw"
"634","THQ","51.2.0",2002,17,"A","Q_tlw"
"634","THQ","51.2.0",2003,13,"A","Q_tlw"
"634","THQ","51.2.0",2004,21,"A","Q_tlw"
"634","THQ","51.2.0",2005,36,"A","Q_tlw"
"634","THQ","51.2.0",2006,30,"A","Q_tlw"
"634","THQ","51.2.0",2007,11,"A","Q_tlw"
"634","THQ","51.2.0",2008,19,"A","Q_tlw"
"634","THQ","51.2.0",2009,20,"A","Q_tlw"
"634","THQ","51.2.0",2010,9,"A","Q_tlw"
"634","THQ","51.2.0",2011,14,"A","Q_tlw"
"634","THQ","51.2.0",2012,10,"A","Q_tlw"
"634","THQ","51.2.0",2013,7,"A","Q_tlw"
"634","THQ","51.2.0",2014,5.3,"A","Q_tlw"
"634","THQ","51.2.0",2015,1.5,"A","Q_tlw"
"634","THQ","51.2.0",2016,4.2,"A","Q_tlw"
"634","THQ","51.2.0",2017,0.1,"A","Q_tlw"
"634","THQ","51.2.0",2018,0.4,"A","Q_tlw"
"634","THQ","51.2.0",2019,1.3,"A","Q_tlw"
"634","THQ","51.2.0",2020,13.7,"A","Q_tlw"
"634","THQ","51.2.0",2021,3.3,"A","Q_tlw"
"634","THQ","51.2.0",2022,4.2,"A","Q_tlw"
"634","THQ","51.2.0",2023,15,"A","Q_tlw"
"634","TIP","51.2.0",1986,56,"A","Q_tlw"
"634","TIP","51.2.0",1987,61,"A","Q_tlw"
"634","TIP","51.2.0",1988,100,"A","Q_tlw"
"634","TIP","51.2.0",1989,182,"A","Q_tlw"
"634","TIP","51.2.0",1990,91,"A","Q_tlw"
"634","TIP","51.2.0",1991,166,"A","Q_tlw"
"634","TIP","51.2.0",1992,3,"A","Q_tlw"
"634","TIP","51.2.0",1993,0,"N","Q_tlw"
"634","TIP","51.2.0",1994,1,"A","Q_tlw"
"634","TIP","51.2.0",1995,0,"N","Q_tlw"
"634","TIP","51.2.0",1996,0,"N","Q_tlw"
"634","TIP","51.2.0",1997,0,"A","Q_tlw"
"634","TIP","51.2.0",1998,0,"N","Q_tlw"
"634","TIP","51.2.0",1999,0,"N","Q_tlw"
"634","TIP","51.2.0",2000,0,"N","Q_tlw"
"634","TIP","51.2.0",2001,0,"N","Q_tlw"
"634","TIP","51.2.0",2002,0,"N","Q_tlw"
"634","TIP","51.2.0",2003,0,"A","Q_tlw"
"634","TIP","51.2.0",2004,0,"A","Q_tlw"
"634","TIP","51.2.0",2005,0,"A","Q_tlw"
"634","TIP","51.2.0",2006,0,"A","Q_tlw"
"634","TIP","51.2.0",2007,0,"A","Q_tlw"
"634","TIP","51.2.0",2008,0,"A","Q_tlw"
"634","TIP","51.2.0",2009,0,"A","Q_tlw"
"634","TIP","51.2.0",2010,0,"A","Q_tlw"
"634","TIP","51.2.0",2011,0,"A","Q_tlw"
"634","TIP","51.2.0",2012,0,"A","Q_tlw"
"634","TIP","51.2.0",2013,0,"A","Q_tlw"
"634","TIP","51.2.0",2014,0,"A","Q_tlw"
"634","TIP","51.2.0",2015,0,"A","Q_tlw"
"634","TIP","51.2.0",2016,0,"A","Q_tlw"
"634","TIP","51.2.0",2017,0,"A","Q_tlw"
"634","TIP","51.2.0",2018,0,"A","Q_tlw"
"634","TIP","51.2.0",2019,0,"A","Q_tlw"
"634","TIP","51.2.0",2020,0,"A","Q_tlw"
"634","TIP","51.2.0",2022,0,"A","Q_tlw"
"634","TIP","51.2.0",2023,0,"A","Q_tlw"
"634","IAH","51.2.0",1986,13,"A","Q_tlw"
"634","IAH","51.2.0",1987,45,"A","Q_tlw"
"634","IAH","51.2.0",1988,21,"A","Q_tlw"
"634","IAH","51.2.0",1989,46,"A","Q_tlw"
"634","IAH","51.2.0",1990,36,"A","Q_tlw"
"634","IAH","51.2.0",1991,75,"A","Q_tlw"
"634","IAH","51.2.0",1992,44,"A","Q_tlw"
"634","IAH","51.2.0",1993,46,"A","Q_tlw"
"634","IAH","51.2.0",1994,34,"A","Q_tlw"
"634","IAH","51.2.0",1995,31,"A","Q_tlw"
"634","IAH","51.2.0",1996,30,"A","Q_tlw"
"634","IAH","51.2.0",1997,37,"A","Q_tlw"
"634","IAH","51.2.0",1998,37,"A","Q_tlw"
"634","IAH","51.2.0",1999,10,"A","Q_tlw"
"634","IAH","51.2.0",2000,21,"A","Q_tlw"
"634","IAH","51.2.0",2001,41,"A","Q_tlw"
"634","IAH","51.2.0",2002,11,"A","Q_tlw"
"634","IAH","51.2.0",2003,24,"A","Q_tlw"
"634","IAH","51.2.0",2004,21,"A","Q_tlw"
"634","IAH","51.2.0",2005,36,"A","Q_tlw"
"634","IAH","51.2.0",2006,58,"A","Q_tlw"
"634","IAH","51.2.0",2007,51,"A","Q_tlw"
"634","IAH","51.2.0",2008,58,"A","Q_tlw"
"634","IAH","51.2.0",2009,44,"A","Q_tlw"
"634","IAH","51.2.0",2010,69,"A","Q_tlw"
"634","IAH","51.2.0",2011,47,"A","Q_tlw"
"634","IAH","51.2.0",2012,90,"A","Q_tlw"
"634","IAH","51.2.0",2013,46,"A","Q_tlw"
"634","IAH","51.2.0",2014,102.3,"A","Q_tlw"
"634","IAH","51.2.0",2015,45.3,"A","Q_tlw"
"634","IAH","51.2.0",2016,53.9,"A","Q_tlw"
"634","IAH","51.2.0",2017,80.4,"A","Q_tlw"
"634","IAH","51.2.0",2018,98.1,"A","Q_tlw"
"634","IAH","51.2.0",2019,39.7,"A","Q_tlw"
"634","IAH","51.2.0",2020,225.2,"A","Q_tlw"
"634","IAH","51.2.0",2021,212.9,"A","Q_tlw"
"634","IAH","51.2.0",2022,254.9,"A","Q_tlw"
"634","IAH","51.2.0",2023,287.3,"A","Q_tlw"
"682","CNS","51.2.0",2016,59.175,"A","Q_tlw"
"682","CNS","51.2.0",2017,59.007,"A","Q_tlw"
"682","CNS","51.2.0",2018,60.426,"A","Q_tlw"
"682","CNS","51.2.0",2019,58.88,"A","Q_tlw"
"682","CNS","51.2.0",2020,57.522,"A","Q_tlw"
"682","CNS","51.2.0",2021,56.351,"A","Q_tlw"
"682","CNS","51.2.0",2022,57.152,"A","Q_tlw"
"682","CNS","51.2.0",2023,58.474,"I","Q_tlw"
"682","MIL","51.2.0",2016,4.672,"A","Q_tlw"
"682","MIL","51.2.0",2017,4.658,"A","Q_tlw"
"682","MIL","51.2.0",2018,4.77,"A","Q_tlw"
"682","MIL","51.2.0",2019,4.648,"A","Q_tlw"
"682","MIL","51.2.0",2020,4.541,"A","Q_tlw"
"682","MIL","51.2.0",2021,4.449,"A","Q_tlw"
"682","MIL","51.2.0",2022,4.512,"A","Q_tlw"
"682","MIL","51.2.0",2023,4.862,"I","Q_tlw"
"682","LEF","51.2.0",2016,1.557,"A","Q_tlw"
"682","LEF","51.2.0",2017,1.553,"A","Q_tlw"
"682","LEF","51.2.0",2018,1.59,"A","Q_tlw"
"682","LEF","51.2.0",2019,1.549,"A","Q_tlw"
"682","LEF","51.2.0",2020,1.514,"A","Q_tlw"
"682","LEF","51.2.0",2021,1.483,"A","Q_tlw"
"682","LEF","51.2.0",2022,1.504,"A","Q_tlw"
"682","LEF","51.2.0",2023,1.443,"I","Q_tlw"
"682","OUN","51.2.0",1986,0,"A","Q_tlw"
"682","OUN","51.2.0",1987,0,"A","Q_tlw"
"682","OUN","51.2.0",1988,0,"A","Q_tlw"
"682","OUN","51.2.0",1989,0,"A","Q_tlw"
"682","OUN","51.2.0",1990,0,"A","Q_tlw"
"682","OUN","51.2.0",1991,0,"A","Q_tlw"
"682","OUN","51.2.0",1992,0,"A","Q_tlw"
"682","OUN","51.2.0",1993,0,"A","Q_tlw"
"682","OUN","51.2.0",1994,2,"A","Q_tlw"
"682","OUN","51.2.0",1995,1,"A","Q_tlw"
"682","OUN","51.2.0",1996,0,"A","Q_tlw"
"682","OUN","51.2.0",1997,6,"A","Q_tlw"
"682","OUN","51.2.0",1998,7,"A","Q_tlw"
"682","OUN","51.2.0",1999,7,"A","Q_tlw"
"682","OUN","51.2.0",2000,7,"A","Q_tlw"
"682","OUN","51.2.0",2001,2,"A","Q_tlw"
"682","OUN","51.2.0",2002,21,"A","Q_tlw"
"682","OUN","51.2.0",2003,27,"A","Q_tlw"
"682","OUN","51.2.0",2004,15,"A","Q_tlw"
"682","OUN","51.2.0",2005,36,"A","Q_tlw"
"682","OUN","51.2.0",2006,57,"A","Q_tlw"
"682","OUN","51.2.0",2007,24,"A","Q_tlw"
"682","OUN","51.2.0",2008,34,"A","Q_tlw"
"682","OUN","51.2.0",2009,22,"A","Q_tlw"
"682","OUN","51.2.0",2010,25,"A","Q_tlw"
"682","OUN","51.2.0",2011,20,"A","Q_tlw"
"682","OUN","51.2.0",2012,21,"A","Q_tlw"
"682","OUN","51.2.0",2013,20,"A","Q_tlw"
"682","OUN","51.2.0",2014,31,"A","Q_tlw"
"682","OUN","51.2.0",2015,33,"A","Q_tlw"
"682","OUN","51.2.0",2016,24.916,"A","Q_tlw"
"682","OUN","51.2.0",2017,24.845,"A","Q_tlw"
"682","OUN","51.2.0",2018,25.442,"A","Q_tlw"
"682","OUN","51.2.0",2019,24.792,"A","Q_tlw"
"682","OUN","51.2.0",2020,24.22,"A","Q_tlw"
"682","OUN","51.2.0",2021,23.727,"A","Q_tlw"
"682","OUN","51.2.0",2022,24.064,"A","Q_tlw"
"682","OUN","51.2.0",2023,23.752,"I","Q_tlw"
"682","CAX","51.2.0",2016,1049.582,"A","Q_tlw"
"682","CAX","51.2.0",2017,1046.601,"A","Q_tlw"
"682","CAX","51.2.0",2018,1071.761,"A","Q_tlw"
"682","CAX","51.2.0",2019,1044.345,"A","Q_tlw"
"682","CAX","51.2.0",2020,1020.2,"A","Q_tlw"
"682","CAX","51.2.0",2021,999.484,"A","Q_tlw"
"682","CAX","51.2.0",2022,1013.696,"A","Q_tlw"
"682","CAX","51.2.0",2023,1092.752,"I","Q_tlw"
"682","AUX","51.2.0",1986,13,"A","Q_tlw"
"682","AUX","51.2.0",1987,13,"A","Q_tlw"
"682","AUX","51.2.0",1988,10,"A","Q_tlw"
"682","AUX","51.2.0",1989,8,"A","Q_tlw"
"682","AUX","51.2.0",1990,6,"A","Q_tlw"
"682","AUX","51.2.0",1991,6,"A","Q_tlw"
"682","AUX","51.2.0",1992,6,"A","Q_tlw"
"682","AUX","51.2.0",1993,7,"A","Q_tlw"
"682","AUX","51.2.0",1994,41,"A","Q_tlw"
"682","AUX","51.2.0",1995,23,"A","Q_tlw"
"682","AUX","51.2.0",1996,22,"A","Q_tlw"
"682","AUX","51.2.0",1997,44,"A","Q_tlw"
"682","AUX","51.2.0",1998,78,"A","Q_tlw"
"682","AUX","51.2.0",1999,98,"A","Q_tlw"
"682","AUX","51.2.0",2000,162,"A","Q_tlw"
"682","AUX","51.2.0",2001,159,"A","Q_tlw"
"682","AUX","51.2.0",2002,382,"A","Q_tlw"
"682","AUX","51.2.0",2003,414,"A","Q_tlw"
"682","AUX","51.2.0",2004,406,"A","Q_tlw"
"682","AUX","51.2.0",2005,406,"A","Q_tlw"
"682","AUX","51.2.0",2006,324,"A","Q_tlw"
"682","AUX","51.2.0",2007,403,"A","Q_tlw"
"682","AUX","51.2.0",2008,493,"A","Q_tlw"
"682","AUX","51.2.0",2009,622,"A","Q_tlw"
"682","AUX","51.2.0",2010,643,"A","Q_tlw"
"682","AUX","51.2.0",2011,558,"A","Q_tlw"
"682","AUX","51.2.0",2012,591,"A","Q_tlw"
"682","AUX","51.2.0",2013,511,"A","Q_tlw"
"682","AUX","51.2.0",2014,540,"A","Q_tlw"
"682","AUX","51.2.0",2015,575,"A","Q_tlw"
"682","LIX","51.2.0",1986,0,"A","Q_tlw"
"682","LIX","51.2.0",1987,0,"A","Q_tlw"
"682","LIX","51.2.0",1988,0,"A","Q_tlw"
"682","LIX","51.2.0",1989,0,"A","Q_tlw"
"682","LIX","51.2.0",1990,0,"A","Q_tlw"
"682","LIX","51.2.0",1991,0,"A","Q_tlw"
"682","LIX","51.2.0",1992,0,"A","Q_tlw"
"682","LIX","51.2.0",1993,0,"A","Q_tlw"
"682","LIX","51.2.0",1994,29,"A","Q_tlw"
"682","LIX","51.2.0",1995,6,"A","Q_tlw"
"682","LIX","51.2.0",1996,4,"A","Q_tlw"
"682","LIX","51.2.0",1997,9,"A","Q_tlw"
"682","LIX","51.2.0",1998,12,"A","Q_tlw"
"682","LIX","51.2.0",1999,17,"A","Q_tlw"
"682","LIX","51.2.0",2000,0,"A","Q_tlw"
"682","LIX","51.2.0",2001,0,"A","Q_tlw"
"682","LIX","51.2.0",2002,0,"A","Q_tlw"
"682","LIX","51.2.0",2003,0,"A","Q_tlw"
"682","LIX","51.2.0",2004,0,"A","Q_tlw"
"682","LIX","51.2.0",2005,0,"A","Q_tlw"
"682","LIX","51.2.0",2006,0,"A","Q_tlw"
"682","LIX","51.2.0",2007,0,"A","Q_tlw"
"682","LIX","51.2.0",2008,0,"A","Q_tlw"
"682","LIX","51.2.0",2009,0,"A","Q_tlw"
"682","LIX","51.2.0",2010,0,"A","Q_tlw"
"682","LIX","51.2.0",2011,0,"A","Q_tlw"
"682","LIX","51.2.0",2016,641.585,"A","Q_tlw"
"682","LIX","51.2.0",2017,639.762,"A","Q_tlw"
"682","LIX","51.2.0",2018,655.142,"A","Q_tlw"
"682","LIX","51.2.0",2019,638.383,"A","Q_tlw"
"682","LIX","51.2.0",2020,623.659,"A","Q_tlw"
"682","LIX","51.2.0",2021,610.96,"A","Q_tlw"
"682","LIX","51.2.0",2022,619.648,"A","Q_tlw"
"682","LIX","51.2.0",2023,667.082,"I","Q_tlw"
"682","LIG","51.2.0",2016,113.679,"A","Q_tlw"
"682","LIG","51.2.0",2017,113.356,"A","Q_tlw"
"682","LIG","51.2.0",2018,116.081,"A","Q_tlw"
"682","LIG","51.2.0",2019,113.112,"A","Q_tlw"
"682","LIG","51.2.0",2020,110.503,"A","Q_tlw"
"682","LIG","51.2.0",2021,108.253,"A","Q_tlw"
"682","LIG","51.2.0",2022,109.792,"A","Q_tlw"
"682","LIG","51.2.0",2023,118.222,"I","Q_tlw"
"682","HVS","51.2.0",2016,1.557,"A","Q_tlw"
"682","HVS","51.2.0",2017,1.553,"A","Q_tlw"
"682","HVS","51.2.0",2018,1.59,"A","Q_tlw"
"682","HVS","51.2.0",2019,1.549,"A","Q_tlw"
"682","HVS","51.2.0",2020,1.514,"A","Q_tlw"
"682","HVS","51.2.0",2021,1.483,"A","Q_tlw"
"682","HVS","51.2.0",2022,1.504,"A","Q_tlw"
"682","HVS","51.2.0",2023,1.603,"I","Q_tlw"
"682","MUM","51.2.0",2016,17.13,"A","Q_tlw"
"682","MUM","51.2.0",2017,17.081,"A","Q_tlw"
"682","MUM","51.2.0",2018,17.492,"A","Q_tlw"
"682","MUM","51.2.0",2019,17.044,"A","Q_tlw"
"682","MUM","51.2.0",2020,16.651,"A","Q_tlw"
"682","MUM","51.2.0",2021,16.312,"A","Q_tlw"
"682","MUM","51.2.0",2022,16.544,"A","Q_tlw"
"682","MUM","51.2.0",2023,16.588,"I","Q_tlw"
"682","MUV","51.2.0",1986,2,"A","Q_tlw"
"682","MUV","51.2.0",1987,2,"A","Q_tlw"
"682","MUV","51.2.0",1988,5,"A","Q_tlw"
"682","MUV","51.2.0",1989,5,"A","Q_tlw"
"682","MUV","51.2.0",1990,5,"A","Q_tlw"
"682","MUV","51.2.0",1991,5,"A","Q_tlw"
"682","MUV","51.2.0",1992,5,"A","Q_tlw"
"682","MUV","51.2.0",1993,5,"A","Q_tlw"
"682","MUV","51.2.0",1994,29,"A","Q_tlw"
"682","MUV","51.2.0",1995,20,"A","Q_tlw"
"682","MUV","51.2.0",1996,44,"A","Q_tlw"
"682","MUV","51.2.0",1997,37,"A","Q_tlw"
"682","MUV","51.2.0",1998,33,"A","Q_tlw"
"682","MUV","51.2.0",1999,69,"A","Q_tlw"
"682","MUV","51.2.0",2000,39,"A","Q_tlw"
"682","MUV","51.2.0",2001,43,"A","Q_tlw"
"682","MUV","51.2.0",2002,77,"A","Q_tlw"
"682","MUV","51.2.0",2003,71,"A","Q_tlw"
"682","MUV","51.2.0",2004,83,"A","Q_tlw"
"682","MUV","51.2.0",2005,141,"A","Q_tlw"
"682","MUV","51.2.0",2006,200,"A","Q_tlw"
"682","MUV","51.2.0",2007,146,"A","Q_tlw"
"682","MUV","51.2.0",2008,93,"A","Q_tlw"
"682","MUV","51.2.0",2009,120,"A","Q_tlw"
"682","MUV","51.2.0",2010,106,"A","Q_tlw"
"682","MUV","51.2.0",2011,77,"A","Q_tlw"
"682","MUV","51.2.0",2012,81,"A","Q_tlw"
"682","MUV","51.2.0",2013,141,"A","Q_tlw"
"682","MUV","51.2.0",2014,128,"A","Q_tlw"
"682","MUV","51.2.0",2015,136,"A","Q_tlw"
"682","MUV","51.2.0",2016,28.03,"A","Q_tlw"
"682","MUV","51.2.0",2017,27.951,"A","Q_tlw"
"682","MUV","51.2.0",2018,28.623,"A","Q_tlw"
"682","MUV","51.2.0",2019,27.891,"A","Q_tlw"
"682","MUV","51.2.0",2020,27.247,"A","Q_tlw"
"682","MUV","51.2.0",2021,26.692,"A","Q_tlw"
"682","MUV","51.2.0",2022,27.072,"A","Q_tlw"
"682","MUV","51.2.0",2023,25.993,"I","Q_tlw"
"682","RPF","51.2.0",2016,1.557,"A","Q_tlw"
"682","RPF","51.2.0",2017,1.553,"A","Q_tlw"
"682","RPF","51.2.0",2018,1.59,"A","Q_tlw"
"682","RPF","51.2.0",2019,1.549,"A","Q_tlw"
"682","RPF","51.2.0",2020,1.514,"A","Q_tlw"
"682","RPF","51.2.0",2021,1.483,"A","Q_tlw"
"682","RPF","51.2.0",2022,1.504,"A","Q_tlw"
"682","RPF","51.2.0",2023,0,"I","Q_tlw"
"682","UPH","51.2.0",2016,59.175,"A","Q_tlw"
"682","UPH","51.2.0",2017,59.007,"A","Q_tlw"
"682","UPH","51.2.0",2018,60.426,"A","Q_tlw"
"682","UPH","51.2.0",2019,58.88,"A","Q_tlw"
"682","UPH","51.2.0",2020,57.522,"A","Q_tlw"
"682","UPH","51.2.0",2021,56.351,"A","Q_tlw"
"682","UPH","51.2.0",2022,57.152,"A","Q_tlw"
"682","UPH","51.2.0",2023,58.474,"I","Q_tlw"
"682","VMH","51.2.0",1986,0,"A","Q_tlw"
"682","VMH","51.2.0",1987,0,"A","Q_tlw"
"682","VMH","51.2.0",1988,0,"A","Q_tlw"
"682","VMH","51.2.0",1989,9,"A","Q_tlw"
"682","VMH","51.2.0",1990,9,"A","Q_tlw"
"682","VMH","51.2.0",1991,130,"A","Q_tlw"
"682","VMH","51.2.0",1992,106,"A","Q_tlw"
"682","VMH","51.2.0",1993,71,"A","Q_tlw"
"682","VMH","51.2.0",1994,0,"A","Q_tlw"
"682","VMH","51.2.0",1995,7,"A","Q_tlw"
"682","VMH","51.2.0",1996,31,"A","Q_tlw"
"682","VMH","51.2.0",1997,38,"A","Q_tlw"
"682","VMH","51.2.0",1998,56,"A","Q_tlw"
"682","VMH","51.2.0",1999,13,"A","Q_tlw"
"682","VMH","51.2.0",2000,71,"A","Q_tlw"
"682","VMH","51.2.0",2001,75,"A","Q_tlw"
"682","VMH","51.2.0",2002,152,"A","Q_tlw"
"682","VMH","51.2.0",2003,98,"A","Q_tlw"
"682","VMH","51.2.0",2004,163,"A","Q_tlw"
"682","VMH","51.2.0",2005,158,"A","Q_tlw"
"682","VMH","51.2.0",2006,133,"A","Q_tlw"
"682","VMH","51.2.0",2007,308,"A","Q_tlw"
"682","VMH","51.2.0",2008,342,"A","Q_tlw"
"682","VMH","51.2.0",2009,223,"A","Q_tlw"
"682","VMH","51.2.0",2010,82,"A","Q_tlw"
"682","VMH","51.2.0",2011,106,"A","Q_tlw"
"682","VMH","51.2.0",2012,112,"A","Q_tlw"
"682","VMH","51.2.0",2013,221,"A","Q_tlw"
"682","VMH","51.2.0",2014,329,"A","Q_tlw"
"682","VMH","51.2.0",2015,285,"A","Q_tlw"
"682","EHG","51.2.0",2016,20.244,"A","Q_tlw"
"682","EHG","51.2.0",2017,20.187,"A","Q_tlw"
"682","EHG","51.2.0",2018,20.672,"A","Q_tlw"
"682","EHG","51.2.0",2019,20.143,"A","Q_tlw"
"682","EHG","51.2.0",2020,19.679,"A","Q_tlw"
"682","EHG","51.2.0",2021,19.278,"A","Q_tlw"
"682","EHG","51.2.0",2022,19.552,"A","Q_tlw"
"682","EHG","51.2.0",2023,20.452,"I","Q_tlw"
"682","CFH","51.2.0",1986,0,"A","Q_tlw"
"682","CFH","51.2.0",1987,0,"A","Q_tlw"
"682","CFH","51.2.0",1988,0,"A","Q_tlw"
"682","CFH","51.2.0",1989,0,"A","Q_tlw"
"682","CFH","51.2.0",1990,0,"A","Q_tlw"
"682","CFH","51.2.0",1991,0,"A","Q_tlw"
"682","CFH","51.2.0",1992,0,"A","Q_tlw"
"682","CFH","51.2.0",1993,0,"A","Q_tlw"
"682","CFH","51.2.0",1994,0,"A","Q_tlw"
"682","CFH","51.2.0",1995,0,"A","Q_tlw"
"682","CFH","51.2.0",1996,0,"A","Q_tlw"
"682","CFH","51.2.0",1997,0,"A","Q_tlw"
"682","CFH","51.2.0",1998,0,"A","Q_tlw"
"682","CFH","51.2.0",1999,0,"A","Q_tlw"
"682","CFH","51.2.0",2000,117,"A","Q_tlw"
"682","CFH","51.2.0",2001,185,"A","Q_tlw"
"682","CFH","51.2.0",2002,129,"A","Q_tlw"
"682","CFH","51.2.0",2003,77,"A","Q_tlw"
"682","CFH","51.2.0",2004,92,"A","Q_tlw"
"682","CFH","51.2.0",2005,44,"A","Q_tlw"
"682","CFH","51.2.0",2006,64,"A","Q_tlw"
"682","CFH","51.2.0",2007,44,"A","Q_tlw"
"682","CFH","51.2.0",2008,22,"A","Q_tlw"
"682","CFH","51.2.0",2009,25,"A","Q_tlw"
"682","CFH","51.2.0",2010,23,"A","Q_tlw"
"682","CFH","51.2.0",2011,61,"A","Q_tlw"
"682","CFH","51.2.0",2012,65,"A","Q_tlw"
"682","CFH","51.2.0",2013,56,"A","Q_tlw"
"682","CFH","51.2.0",2014,19,"A","Q_tlw"
"682","CFH","51.2.0",2015,20,"A","Q_tlw"
"682","CFH","51.2.0",2016,38.931,"A","Q_tlw"
"682","CFH","51.2.0",2017,38.821,"A","Q_tlw"
"682","CFH","51.2.0",2018,39.754,"A","Q_tlw"
"682","CFH","51.2.0",2019,38.737,"A","Q_tlw"
"682","CFH","51.2.0",2020,37.843,"A","Q_tlw"
"682","CFH","51.2.0",2021,37.073,"A","Q_tlw"
"682","CFH","51.2.0",2022,37.6,"A","Q_tlw"
"682","CFH","51.2.0",2023,39.471,"I","Q_tlw"
"682","CFI","51.2.0",1986,0,"A","Q_tlw"
"682","CFI","51.2.0",1987,0,"A","Q_tlw"
"682","CFI","51.2.0",1988,0,"A","Q_tlw"
"682","CFI","51.2.0",1989,0,"A","Q_tlw"
"682","CFI","51.2.0",1990,0,"A","Q_tlw"
"682","CFI","51.2.0",1991,0,"A","Q_tlw"
"682","CFI","51.2.0",1992,0,"A","Q_tlw"
"682","CFI","51.2.0",1993,0,"A","Q_tlw"
"682","CFI","51.2.0",1994,0,"A","Q_tlw"
"682","CFI","51.2.0",1995,0,"A","Q_tlw"
"682","CFI","51.2.0",1996,0,"A","Q_tlw"
"682","CFI","51.2.0",1997,0,"A","Q_tlw"
"682","CFI","51.2.0",1998,0,"A","Q_tlw"
"682","CFI","51.2.0",1999,0,"A","Q_tlw"
"682","CFI","51.2.0",2000,39,"A","Q_tlw"
"682","CFI","51.2.0",2001,88,"A","Q_tlw"
"682","CFI","51.2.0",2002,140,"A","Q_tlw"
"682","CFI","51.2.0",2003,110,"A","Q_tlw"
"682","CFI","51.2.0",2004,79,"A","Q_tlw"
"682","CFI","51.2.0",2005,184,"A","Q_tlw"
"682","CFI","51.2.0",2006,209,"A","Q_tlw"
"682","CFI","51.2.0",2007,222,"A","Q_tlw"
"682","CFI","51.2.0",2008,251,"A","Q_tlw"
"682","CFI","51.2.0",2009,166,"A","Q_tlw"
"682","CFI","51.2.0",2010,73,"A","Q_tlw"
"682","CFI","51.2.0",2011,46,"A","Q_tlw"
"682","CFI","51.2.0",2012,48,"A","Q_tlw"
"682","CFI","51.2.0",2013,215,"A","Q_tlw"
"682","CFI","51.2.0",2014,215,"A","Q_tlw"
"682","CFI","51.2.0",2015,148,"A","Q_tlw"
"682","CFI","51.2.0",2016,17.13,"A","Q_tlw"
"682","CFI","51.2.0",2017,17.081,"A","Q_tlw"
"682","CFI","51.2.0",2018,17.492,"A","Q_tlw"
"682","CFI","51.2.0",2019,17.044,"A","Q_tlw"
"682","CFI","51.2.0",2020,16.651,"A","Q_tlw"
"682","CFI","51.2.0",2021,16.312,"A","Q_tlw"
"682","CFI","51.2.0",2022,16.544,"A","Q_tlw"
"682","CFI","51.2.0",2023,16.759,"I","Q_tlw"
"682","GPX","51.2.0",1986,2168,"A","Q_tlw"
"682","GPX","51.2.0",1987,2561,"A","Q_tlw"
"682","GPX","51.2.0",1988,2250,"A","Q_tlw"
"682","GPX","51.2.0",1989,2000,"A","Q_tlw"
"682","GPX","51.2.0",1990,1804,"A","Q_tlw"
"682","GPX","51.2.0",1991,1357,"A","Q_tlw"
"682","GPX","51.2.0",1992,2299,"A","Q_tlw"
"682","GPX","51.2.0",1993,2029,"A","Q_tlw"
"682","GPX","51.2.0",1994,1867,"A","Q_tlw"
"682","GPX","51.2.0",1995,1262,"A","Q_tlw"
"682","GPX","51.2.0",1996,1301,"A","Q_tlw"
"682","GPX","51.2.0",1997,1758,"A","Q_tlw"
"682","GPX","51.2.0",1998,2320,"A","Q_tlw"
"682","GPX","51.2.0",1999,2258,"A","Q_tlw"
"682","GPX","51.2.0",2000,356,"A","Q_tlw"
"682","GPX","51.2.0",2001,551,"A","Q_tlw"
"682","GPX","51.2.0",2002,470,"A","Q_tlw"
"682","GPX","51.2.0",2003,760,"A","Q_tlw"
"682","GPX","51.2.0",2004,825,"A","Q_tlw"
"682","GPX","51.2.0",2005,451,"A","Q_tlw"
"682","GPX","51.2.0",2006,425,"A","Q_tlw"
"682","GPX","51.2.0",2007,570,"A","Q_tlw"
"682","GPX","51.2.0",2008,437,"A","Q_tlw"
"682","GPX","51.2.0",2009,386,"A","Q_tlw"
"682","GPX","51.2.0",2010,245,"A","Q_tlw"
"682","GPX","51.2.0",2011,358,"A","Q_tlw"
"682","GPX","51.2.0",2012,379,"A","Q_tlw"
"682","GPX","51.2.0",2013,542,"A","Q_tlw"
"682","GPX","51.2.0",2014,539,"A","Q_tlw"
"682","GPX","51.2.0",2015,614,"A","Q_tlw"
"682","GPX","51.2.0",2016,1245.795,"A","Q_tlw"
"682","GPX","51.2.0",2017,1242.257,"A","Q_tlw"
"682","GPX","51.2.0",2018,1272.12,"A","Q_tlw"
"682","GPX","51.2.0",2019,1239.579,"A","Q_tlw"
"682","GPX","51.2.0",2020,1210.989,"A","Q_tlw"
"682","GPX","51.2.0",2021,1186.4,"A","Q_tlw"
"682","GPX","51.2.0",2022,1203.2,"A","Q_tlw"
"682","GPX","51.2.0",2023,1299.234,"I","Q_tlw"
"682","EPR","51.2.0",1986,0,"A","Q_tlw"
"682","EPR","51.2.0",1987,0,"A","Q_tlw"
"682","EPR","51.2.0",1988,0,"A","Q_tlw"
"682","EPR","51.2.0",1989,0,"A","Q_tlw"
"682","EPR","51.2.0",1990,0,"A","Q_tlw"
"682","EPR","51.2.0",1991,0,"A","Q_tlw"
"682","EPR","51.2.0",1992,0,"A","Q_tlw"
"682","EPR","51.2.0",1993,0,"A","Q_tlw"
"682","EPR","51.2.0",1994,0,"A","Q_tlw"
"682","EPR","51.2.0",1995,0,"A","Q_tlw"
"682","EPR","51.2.0",1996,0,"A","Q_tlw"
"682","EPR","51.2.0",1997,0,"A","Q_tlw"
"682","EPR","51.2.0",1998,0,"A","Q_tlw"
"682","EPR","51.2.0",1999,0,"A","Q_tlw"
"682","EPR","51.2.0",2000,306,"A","Q_tlw"
"682","EPR","51.2.0",2001,245,"A","Q_tlw"
"682","EPR","51.2.0",2002,289,"A","Q_tlw"
"682","EPR","51.2.0",2003,309,"A","Q_tlw"
"682","EPR","51.2.0",2004,349,"A","Q_tlw"
"682","EPR","51.2.0",2005,346,"A","Q_tlw"
"682","EPR","51.2.0",2006,347,"A","Q_tlw"
"682","EPR","51.2.0",2007,336,"A","Q_tlw"
"682","EPR","51.2.0",2008,291,"A","Q_tlw"
"682","EPR","51.2.0",2009,377,"A","Q_tlw"
"682","EPR","51.2.0",2010,491,"A","Q_tlw"
"682","EPR","51.2.0",2011,473,"A","Q_tlw"
"682","EPR","51.2.0",2012,500,"A","Q_tlw"
"682","EPR","51.2.0",2013,466,"A","Q_tlw"
"682","EPR","51.2.0",2014,401,"A","Q_tlw"
"682","EPR","51.2.0",2015,495,"A","Q_tlw"
"682","EPR","51.2.0",2016,289.647,"A","Q_tlw"
"682","EPR","51.2.0",2017,288.825,"A","Q_tlw"
"682","EPR","51.2.0",2018,295.768,"A","Q_tlw"
"682","EPR","51.2.0",2019,288.202,"A","Q_tlw"
"682","EPR","51.2.0",2020,281.555,"A","Q_tlw"
"682","EPR","51.2.0",2021,275.822,"A","Q_tlw"
"682","EPR","51.2.0",2022,279.744,"A","Q_tlw"
"682","EPR","51.2.0",2023,300.416,"I","Q_tlw"
"682","EFH","51.2.0",2016,9.343,"A","Q_tlw"
"682","EFH","51.2.0",2017,9.317,"A","Q_tlw"
"682","EFH","51.2.0",2018,9.541,"A","Q_tlw"
"682","EFH","51.2.0",2019,9.297,"A","Q_tlw"
"682","EFH","51.2.0",2020,9.082,"A","Q_tlw"
"682","EFH","51.2.0",2021,8.897,"A","Q_tlw"
"682","EFH","51.2.0",2022,9.024,"A","Q_tlw"
"682","EFH","51.2.0",2023,9.031,"I","Q_tlw"
"682","EWC","51.2.0",2010,3,"A","Q_tlw"
"682","EWC","51.2.0",2011,1,"A","Q_tlw"
"682","EWC","51.2.0",2012,1,"A","Q_tlw"
"682","EWC","51.2.0",2013,1,"A","Q_tlw"
"682","EWC","51.2.0",2014,1,"A","Q_tlw"
"682","EWC","51.2.0",2015,2,"A","Q_tlw"
"682","ENI","51.2.0",1986,0,"A","Q_tlw"
"682","ENI","51.2.0",1987,0,"A","Q_tlw"
"682","ENI","51.2.0",1988,0,"A","Q_tlw"
"682","ENI","51.2.0",1989,0,"A","Q_tlw"
"682","ENI","51.2.0",1990,0,"A","Q_tlw"
"682","ENI","51.2.0",1991,0,"A","Q_tlw"
"682","ENI","51.2.0",1992,0,"A","Q_tlw"
"682","ENI","51.2.0",1993,0,"A","Q_tlw"
"682","ENI","51.2.0",1994,0,"A","Q_tlw"
"682","ENI","51.2.0",1995,0,"A","Q_tlw"
"682","ENI","51.2.0",1996,0,"A","Q_tlw"
"682","ENI","51.2.0",1997,0,"A","Q_tlw"
"682","ENI","51.2.0",1998,0,"A","Q_tlw"
"682","ENI","51.2.0",1999,0,"A","Q_tlw"
"682","ENI","51.2.0",2000,97,"A","Q_tlw"
"682","ENI","51.2.0",2001,136,"A","Q_tlw"
"682","ENI","51.2.0",2002,118,"A","Q_tlw"
"682","ENI","51.2.0",2003,75,"A","Q_tlw"
"682","ENI","51.2.0",2004,50,"A","Q_tlw"
"682","ENI","51.2.0",2005,57,"A","Q_tlw"
"682","ENI","51.2.0",2006,78,"A","Q_tlw"
"682","ENI","51.2.0",2007,128,"A","Q_tlw"
"682","ENI","51.2.0",2008,100,"A","Q_tlw"
"682","ENI","51.2.0",2009,21,"A","Q_tlw"
"682","ENI","51.2.0",2010,5,"A","Q_tlw"
"682","ENI","51.2.0",2011,0,"A","Q_tlw"
"682","ENI","51.2.0",2012,0,"A","Q_tlw"
"682","ENI","51.2.0",2013,55,"A","Q_tlw"
"682","ENI","51.2.0",2014,92,"A","Q_tlw"
"682","ENI","51.2.0",2015,86,"A","Q_tlw"
"682","ENI","51.2.0",2016,17.13,"A","Q_tlw"
"682","ENI","51.2.0",2017,17.081,"A","Q_tlw"
"682","ENI","51.2.0",2018,17.492,"A","Q_tlw"
"682","ENI","51.2.0",2019,17.044,"A","Q_tlw"
"682","ENI","51.2.0",2020,16.651,"A","Q_tlw"
"682","ENI","51.2.0",2021,16.312,"A","Q_tlw"
"682","ENI","51.2.0",2022,16.544,"A","Q_tlw"
"682","ENI","51.2.0",2023,17.62,"I","Q_tlw"
"682","EWF","51.2.0",2012,1,"A","Q_tlw"
"682","EWF","51.2.0",2013,1,"A","Q_tlw"
"682","EWF","51.2.0",2014,0,"A","Q_tlw"
"682","EWF","51.2.0",2015,0,"A","Q_tlw"
"682","MAR","51.2.0",2016,1.557,"A","Q_tlw"
"682","MAR","51.2.0",2017,1.553,"A","Q_tlw"
"682","MAR","51.2.0",2018,1.59,"A","Q_tlw"
"682","MAR","51.2.0",2019,1.549,"A","Q_tlw"
"682","MAR","51.2.0",2020,1.514,"A","Q_tlw"
"682","MAR","51.2.0",2021,1.483,"A","Q_tlw"
"682","MAR","51.2.0",2022,1.504,"A","Q_tlw"
"682","MAR","51.2.0",2023,0,"I","Q_tlw"
"682","EEP","51.2.0",2016,12.458,"A","Q_tlw"
"682","EEP","51.2.0",2017,12.423,"A","Q_tlw"
"682","EEP","51.2.0",2018,12.721,"A","Q_tlw"
"682","EEP","51.2.0",2019,12.396,"A","Q_tlw"
"682","EEP","51.2.0",2020,12.11,"A","Q_tlw"
"682","EEP","51.2.0",2021,11.863,"A","Q_tlw"
"682","EEP","51.2.0",2022,12.032,"A","Q_tlw"
"682","EEP","51.2.0",2023,12.29,"I","Q_tlw"
"682","EWU","51.2.0",1986,0,"A","Q_tlw"
"682","EWU","51.2.0",1987,0,"A","Q_tlw"
"682","EWU","51.2.0",1988,0,"A","Q_tlw"
"682","EWU","51.2.0",1989,0,"A","Q_tlw"
"682","EWU","51.2.0",1990,0,"A","Q_tlw"
"682","EWU","51.2.0",1991,0,"A","Q_tlw"
"682","EWU","51.2.0",1992,0,"A","Q_tlw"
"682","EWU","51.2.0",1993,0,"A","Q_tlw"
"682","EWU","51.2.0",1994,0,"A","Q_tlw"
"682","EWU","51.2.0",1995,0,"A","Q_tlw"
"682","EWU","51.2.0",1996,0,"A","Q_tlw"
"682","EWU","51.2.0",1997,0,"A","Q_tlw"
"682","EWU","51.2.0",1998,0,"A","Q_tlw"
"682","EWU","51.2.0",1999,0,"A","Q_tlw"
"682","EWU","51.2.0",2000,570,"A","Q_tlw"
"682","EWU","51.2.0",2001,1118,"A","Q_tlw"
"682","EWU","51.2.0",2002,374,"A","Q_tlw"
"682","EWU","51.2.0",2003,372,"A","Q_tlw"
"682","EWU","51.2.0",2004,329,"A","Q_tlw"
"682","EWU","51.2.0",2005,557,"A","Q_tlw"
"682","EWU","51.2.0",2006,396,"A","Q_tlw"
"682","EWU","51.2.0",2007,310,"A","Q_tlw"
"682","EWU","51.2.0",2008,557,"A","Q_tlw"
"682","EWU","51.2.0",2009,486,"A","Q_tlw"
"682","EWU","51.2.0",2010,453,"A","Q_tlw"
"682","EWU","51.2.0",2011,1036,"A","Q_tlw"
"682","EWU","51.2.0",2012,1097,"A","Q_tlw"
"682","EWU","51.2.0",2013,673,"A","Q_tlw"
"682","EWU","51.2.0",2014,49,"A","Q_tlw"
"682","EWU","51.2.0",2015,54,"A","Q_tlw"
"682","EWU","51.2.0",2016,306.777,"A","Q_tlw"
"682","EWU","51.2.0",2017,305.906,"A","Q_tlw"
"682","EWU","51.2.0",2018,313.26,"A","Q_tlw"
"682","EWU","51.2.0",2019,305.246,"A","Q_tlw"
"682","EWU","51.2.0",2020,298.206,"A","Q_tlw"
"682","EWU","51.2.0",2021,292.134,"A","Q_tlw"
"682","EWU","51.2.0",2022,296.288,"A","Q_tlw"
"682","EWU","51.2.0",2023,319.905,"I","Q_tlw"
"682","EEK","51.2.0",1986,0,"A","Q_tlw"
"682","EEK","51.2.0",1987,0,"A","Q_tlw"
"682","EEK","51.2.0",1988,0,"A","Q_tlw"
"682","EEK","51.2.0",1989,0,"A","Q_tlw"
"682","EEK","51.2.0",1990,0,"A","Q_tlw"
"682","EEK","51.2.0",1991,0,"A","Q_tlw"
"682","EEK","51.2.0",1992,0,"A","Q_tlw"
"682","EEK","51.2.0",1993,0,"A","Q_tlw"
"682","EEK","51.2.0",1994,0,"A","Q_tlw"
"682","EEK","51.2.0",1995,0,"A","Q_tlw"
"682","EEK","51.2.0",1996,0,"A","Q_tlw"
"682","EEK","51.2.0",1997,0,"A","Q_tlw"
"682","EEK","51.2.0",1998,0,"A","Q_tlw"
"682","EEK","51.2.0",1999,0,"A","Q_tlw"
"682","EEK","51.2.0",2000,346,"A","Q_tlw"
"682","EEK","51.2.0",2001,447,"A","Q_tlw"
"682","EEK","51.2.0",2002,310,"A","Q_tlw"
"682","EEK","51.2.0",2003,286,"A","Q_tlw"
"682","EEK","51.2.0",2004,150,"A","Q_tlw"
"682","EEK","51.2.0",2005,220,"A","Q_tlw"
"682","EEK","51.2.0",2006,223,"A","Q_tlw"
"682","EEK","51.2.0",2007,279,"A","Q_tlw"
"682","EEK","51.2.0",2008,330,"A","Q_tlw"
"682","EEK","51.2.0",2009,342,"A","Q_tlw"
"682","EEK","51.2.0",2010,401,"A","Q_tlw"
"682","EEK","51.2.0",2011,377,"A","Q_tlw"
"682","EEK","51.2.0",2012,400,"A","Q_tlw"
"682","EEK","51.2.0",2013,403,"A","Q_tlw"
"682","EEK","51.2.0",2014,325,"A","Q_tlw"
"682","EEK","51.2.0",2015,300,"A","Q_tlw"
"682","EEK","51.2.0",2016,143.266,"A","Q_tlw"
"682","EEK","51.2.0",2017,142.86,"A","Q_tlw"
"682","EEK","51.2.0",2018,146.294,"A","Q_tlw"
"682","EEK","51.2.0",2019,142.552,"A","Q_tlw"
"682","EEK","51.2.0",2020,139.264,"A","Q_tlw"
"682","EEK","51.2.0",2021,136.428,"A","Q_tlw"
"682","EEK","51.2.0",2022,138.368,"A","Q_tlw"
"682","EEK","51.2.0",2023,148.692,"I","Q_tlw"
"682","EPT","51.2.0",1986,0,"A","Q_tlw"
"682","EPT","51.2.0",1987,0,"A","Q_tlw"
"682","EPT","51.2.0",1988,0,"A","Q_tlw"
"682","EPT","51.2.0",1989,0,"A","Q_tlw"
"682","EPT","51.2.0",1990,0,"A","Q_tlw"
"682","EPT","51.2.0",1991,0,"A","Q_tlw"
"682","EPT","51.2.0",1992,0,"A","Q_tlw"
"682","EPT","51.2.0",1993,0,"A","Q_tlw"
"682","EPT","51.2.0",1994,0,"A","Q_tlw"
"682","EPT","51.2.0",1995,0,"A","Q_tlw"
"682","EPT","51.2.0",1996,0,"A","Q_tlw"
"682","EPT","51.2.0",1997,0,"A","Q_tlw"
"682","EPT","51.2.0",1998,0,"A","Q_tlw"
"682","EPT","51.2.0",1999,0,"A","Q_tlw"
"682","EPT","51.2.0",2000,895,"A","Q_tlw"
"682","EPT","51.2.0",2001,1034,"A","Q_tlw"
"682","EPT","51.2.0",2002,1088,"A","Q_tlw"
"682","EPT","51.2.0",2003,1024,"A","Q_tlw"
"682","EPT","51.2.0",2004,734,"A","Q_tlw"
"682","EPT","51.2.0",2005,663,"A","Q_tlw"
"682","EPT","51.2.0",2006,521,"A","Q_tlw"
"682","EPT","51.2.0",2007,498,"A","Q_tlw"
"682","EPT","51.2.0",2008,393,"A","Q_tlw"
"682","EPT","51.2.0",2009,318,"A","Q_tlw"
"682","EPT","51.2.0",2010,490,"A","Q_tlw"
"682","EPT","51.2.0",2011,706,"A","Q_tlw"
"682","EPT","51.2.0",2012,747,"A","Q_tlw"
"682","EPT","51.2.0",2013,771,"A","Q_tlw"
"682","EPT","51.2.0",2014,391,"A","Q_tlw"
"682","EPT","51.2.0",2015,653,"A","Q_tlw"
"682","EPT","51.2.0",2016,31.145,"A","Q_tlw"
"682","EPT","51.2.0",2017,31.056,"A","Q_tlw"
"682","EPT","51.2.0",2018,31.803,"A","Q_tlw"
"682","EPT","51.2.0",2019,30.989,"A","Q_tlw"
"682","EPT","51.2.0",2020,30.275,"A","Q_tlw"
"682","EPT","51.2.0",2021,29.658,"A","Q_tlw"
"682","EPT","51.2.0",2022,30.08,"A","Q_tlw"
"682","EPT","51.2.0",2023,31.159,"I","Q_tlw"
"682","EME","51.2.0",2016,3.114,"A","Q_tlw"
"682","EME","51.2.0",2017,3.106,"A","Q_tlw"
"682","EME","51.2.0",2018,3.18,"A","Q_tlw"
"682","EME","51.2.0",2019,3.099,"A","Q_tlw"
"682","EME","51.2.0",2020,3.027,"A","Q_tlw"
"682","EME","51.2.0",2021,2.966,"A","Q_tlw"
"682","EME","51.2.0",2022,3.008,"A","Q_tlw"
"682","EME","51.2.0",2023,3.171,"I","Q_tlw"
"682","EMU","51.2.0",2016,34.259,"A","Q_tlw"
"682","EMU","51.2.0",2017,34.162,"A","Q_tlw"
"682","EMU","51.2.0",2018,34.983,"A","Q_tlw"
"682","EMU","51.2.0",2019,34.088,"A","Q_tlw"
"682","EMU","51.2.0",2020,33.302,"A","Q_tlw"
"682","EMU","51.2.0",2021,32.624,"A","Q_tlw"
"682","EMU","51.2.0",2022,33.088,"A","Q_tlw"
"682","EMU","51.2.0",2023,35.713,"I","Q_tlw"
"682","VRL","51.2.0",2016,23.359,"A","Q_tlw"
"682","VRL","51.2.0",2017,23.292,"A","Q_tlw"
"682","VRL","51.2.0",2018,23.852,"A","Q_tlw"
"682","VRL","51.2.0",2019,23.242,"A","Q_tlw"
"682","VRL","51.2.0",2020,22.706,"A","Q_tlw"
"682","VRL","51.2.0",2021,22.244,"A","Q_tlw"
"682","VRL","51.2.0",2022,22.56,"A","Q_tlw"
"682","VRL","51.2.0",2023,24.07,"I","Q_tlw"
"682","GMK","51.2.0",1998,18,"A","Q_tlw"
"682","GMK","51.2.0",1999,7,"A","Q_tlw"
"682","GMK","51.2.0",2000,5,"A","Q_tlw"
"682","GMK","51.2.0",2001,4,"A","Q_tlw"
"682","GMK","51.2.0",2002,13,"A","Q_tlw"
"682","GMK","51.2.0",2003,16,"A","Q_tlw"
"682","GMK","51.2.0",2004,37,"A","Q_tlw"
"682","GMK","51.2.0",2005,41,"A","Q_tlw"
"682","GMK","51.2.0",2006,48,"A","Q_tlw"
"682","GMK","51.2.0",2007,19,"A","Q_tlw"
"682","GMK","51.2.0",2008,98,"A","Q_tlw"
"682","GMK","51.2.0",2009,50,"A","Q_tlw"
"682","GMK","51.2.0",2010,49,"A","Q_tlw"
"682","GMK","51.2.0",2011,46,"A","Q_tlw"
"682","GMK","51.2.0",2012,48,"A","Q_tlw"
"682","GMK","51.2.0",2013,60,"A","Q_tlw"
"682","GMK","51.2.0",2014,40,"A","Q_tlw"
"682","GMK","51.2.0",2015,48,"A","Q_tlw"
"682","GMK","51.2.0",2016,3.114,"A","Q_tlw"
"682","GMK","51.2.0",2017,3.106,"A","Q_tlw"
"682","GMK","51.2.0",2018,3.18,"A","Q_tlw"
"682","GMK","51.2.0",2019,3.099,"A","Q_tlw"
"682","GMK","51.2.0",2020,3.027,"A","Q_tlw"
"682","GMK","51.2.0",2021,2.966,"A","Q_tlw"
"682","GMK","51.2.0",2022,3.008,"A","Q_tlw"
"682","GMK","51.2.0",2023,0,"I","Q_tlw"
"682","THO","51.2.0",1992,0,"A","Q_tlw"
"682","THO","51.2.0",1993,0,"A","Q_tlw"
"682","THO","51.2.0",1994,0,"A","Q_tlw"
"682","THO","51.2.0",1995,0,"A","Q_tlw"
"682","THO","51.2.0",1996,0,"A","Q_tlw"
"682","THO","51.2.0",1997,0,"A","Q_tlw"
"682","THO","51.2.0",1998,1,"A","Q_tlw"
"682","THO","51.2.0",1999,2,"A","Q_tlw"
"682","THO","51.2.0",2006,9,"A","Q_tlw"
"682","THO","51.2.0",2007,3,"A","Q_tlw"
"682","THO","51.2.0",2008,12,"A","Q_tlw"
"682","THO","51.2.0",2009,1,"A","Q_tlw"
"682","THO","51.2.0",2010,16,"A","Q_tlw"
"682","THO","51.2.0",2011,7,"A","Q_tlw"
"682","THO","51.2.0",2012,7,"A","Q_tlw"
"682","THO","51.2.0",2013,0,"A","Q_tlw"
"682","THO","51.2.0",2014,0,"A","Q_tlw"
"682","THO","51.2.0",2015,11,"A","Q_tlw"
"682","PWT","51.2.0",1986,17,"A","Q_tlw"
"682","PWT","51.2.0",1987,17,"A","Q_tlw"
"682","PWT","51.2.0",1988,56,"A","Q_tlw"
"682","PWT","51.2.0",1989,75,"A","Q_tlw"
"682","PWT","51.2.0",1990,85,"A","Q_tlw"
"682","PWT","51.2.0",1991,98,"A","Q_tlw"
"682","PWT","51.2.0",1992,111,"A","Q_tlw"
"682","PWT","51.2.0",1993,167,"A","Q_tlw"
"682","PWT","51.2.0",1994,116,"A","Q_tlw"
"682","PWT","51.2.0",1995,213,"A","Q_tlw"
"682","PWT","51.2.0",1996,273,"A","Q_tlw"
"682","PWT","51.2.0",1997,253,"A","Q_tlw"
"682","PWT","51.2.0",1998,331,"A","Q_tlw"
"682","PWT","51.2.0",1999,296,"A","Q_tlw"
"682","PWT","51.2.0",2000,134,"A","Q_tlw"
"682","PWT","51.2.0",2001,121,"A","Q_tlw"
"682","PWT","51.2.0",2002,0,"A","Q_tlw"
"682","PWT","51.2.0",2003,0,"A","Q_tlw"
"682","PWT","51.2.0",2004,1,"A","Q_tlw"
"682","PWT","51.2.0",2005,3,"A","Q_tlw"
"682","PWT","51.2.0",2006,0,"A","Q_tlw"
"682","PWT","51.2.0",2007,2,"A","Q_tlw"
"682","PWT","51.2.0",2008,0,"A","Q_tlw"
"682","PWT","51.2.0",2009,0,"A","Q_tlw"
"682","PWT","51.2.0",2010,0,"A","Q_tlw"
"682","PWT","51.2.0",2011,0,"A","Q_tlw"
"682","PWT","51.2.0",2012,0,"A","Q_tlw"
"682","PWT","51.2.0",2013,3,"A","Q_tlw"
"682","PWT","51.2.0",2014,0,"A","Q_tlw"
"682","PWT","51.2.0",2015,38,"A","Q_tlw"
"682","PWT","51.2.0",2016,38.931,"A","Q_tlw"
"682","PWT","51.2.0",2017,38.821,"A","Q_tlw"
"682","PWT","51.2.0",2018,39.754,"A","Q_tlw"
"682","PWT","51.2.0",2019,38.737,"A","Q_tlw"
"682","PWT","51.2.0",2020,37.843,"A","Q_tlw"
"682","PWT","51.2.0",2021,37.073,"A","Q_tlw"
"682","PWT","51.2.0",2022,37.6,"A","Q_tlw"
"682","PWT","51.2.0",2023,40.346,"I","Q_tlw"
"682","BMK","51.2.0",1986,0,"A","Q_tlw"
"682","BMK","51.2.0",1987,0,"A","Q_tlw"
"682","BMK","51.2.0",1988,0,"A","Q_tlw"
"682","BMK","51.2.0",1989,0,"A","Q_tlw"
"682","BMK","51.2.0",1990,0,"A","Q_tlw"
"682","BMK","51.2.0",1991,0,"A","Q_tlw"
"682","BMK","51.2.0",1992,0,"A","Q_tlw"
"682","BMK","51.2.0",1993,0,"A","Q_tlw"
"682","BMK","51.2.0",1994,0,"A","Q_tlw"
"682","BMK","51.2.0",1995,0,"A","Q_tlw"
"682","BMK","51.2.0",1996,0,"A","Q_tlw"
"682","BMK","51.2.0",1997,0,"A","Q_tlw"
"682","BMK","51.2.0",1998,0,"A","Q_tlw"
"682","BMK","51.2.0",1999,0,"A","Q_tlw"
"682","BMK","51.2.0",2000,236,"A","Q_tlw"
"682","BMK","51.2.0",2001,253,"A","Q_tlw"
"682","BMK","51.2.0",2002,251,"A","Q_tlw"
"682","BMK","51.2.0",2003,161,"A","Q_tlw"
"682","BMK","51.2.0",2004,210,"A","Q_tlw"
"682","BMK","51.2.0",2005,89,"A","Q_tlw"
"682","BMK","51.2.0",2006,110,"A","Q_tlw"
"682","BMK","51.2.0",2007,211,"A","Q_tlw"
"682","BMK","51.2.0",2008,97,"A","Q_tlw"
"682","BMK","51.2.0",2009,123,"A","Q_tlw"
"682","BMK","51.2.0",2010,97,"A","Q_tlw"
"682","BMK","51.2.0",2011,122,"A","Q_tlw"
"682","BMK","51.2.0",2012,130,"A","Q_tlw"
"682","BMK","51.2.0",2013,154,"A","Q_tlw"
"682","BMK","51.2.0",2014,210,"A","Q_tlw"
"682","BMK","51.2.0",2015,193,"A","Q_tlw"
"682","BMK","51.2.0",2016,6.229,"A","Q_tlw"
"682","BMK","51.2.0",2017,6.211,"A","Q_tlw"
"682","BMK","51.2.0",2018,6.361,"A","Q_tlw"
"682","BMK","51.2.0",2019,6.198,"A","Q_tlw"
"682","BMK","51.2.0",2020,6.055,"A","Q_tlw"
"682","BMK","51.2.0",2021,5.932,"A","Q_tlw"
"682","BMK","51.2.0",2022,6.016,"A","Q_tlw"
"682","BMK","51.2.0",2023,4.341,"I","Q_tlw"
"682","HJH","51.2.0",2016,127.694,"A","Q_tlw"
"682","HJH","51.2.0",2017,127.331,"A","Q_tlw"
"682","HJH","51.2.0",2018,130.392,"A","Q_tlw"
"682","HJH","51.2.0",2019,127.057,"A","Q_tlw"
"682","HJH","51.2.0",2020,124.126,"A","Q_tlw"
"682","HJH","51.2.0",2021,121.599,"A","Q_tlw"
"682","HJH","51.2.0",2022,123.328,"A","Q_tlw"
"682","HJH","51.2.0",2023,131.958,"I","Q_tlw"
"682","USY","51.2.0",1986,0,"A","Q_tlw"
"682","USY","51.2.0",1987,0,"A","Q_tlw"
"682","USY","51.2.0",1988,0,"A","Q_tlw"
"682","USY","51.2.0",1989,0,"A","Q_tlw"
"682","USY","51.2.0",1990,0,"A","Q_tlw"
"682","USY","51.2.0",1991,0,"A","Q_tlw"
"682","USY","51.2.0",1992,0,"A","Q_tlw"
"682","USY","51.2.0",1993,0,"A","Q_tlw"
"682","USY","51.2.0",1994,0,"A","Q_tlw"
"682","USY","51.2.0",1995,0,"A","Q_tlw"
"682","USY","51.2.0",1996,0,"A","Q_tlw"
"682","USY","51.2.0",1997,0,"A","Q_tlw"
"682","USY","51.2.0",1998,0,"A","Q_tlw"
"682","USY","51.2.0",1999,0,"A","Q_tlw"
"682","USY","51.2.0",2000,98,"A","Q_tlw"
"682","USY","51.2.0",2001,54,"A","Q_tlw"
"682","USY","51.2.0",2002,62,"A","Q_tlw"
"682","USY","51.2.0",2003,31,"A","Q_tlw"
"682","USY","51.2.0",2004,52,"A","Q_tlw"
"682","USY","51.2.0",2005,37,"A","Q_tlw"
"682","USY","51.2.0",2006,31,"A","Q_tlw"
"682","USY","51.2.0",2007,69,"A","Q_tlw"
"682","USY","51.2.0",2008,43,"A","Q_tlw"
"682","USY","51.2.0",2009,35,"A","Q_tlw"
"682","USY","51.2.0",2010,31,"A","Q_tlw"
"682","USY","51.2.0",2011,18,"A","Q_tlw"
"682","USY","51.2.0",2012,19,"A","Q_tlw"
"682","USY","51.2.0",2013,75,"A","Q_tlw"
"682","USY","51.2.0",2014,66,"A","Q_tlw"
"682","USY","51.2.0",2015,70,"A","Q_tlw"
"682","UMF","51.2.0",2016,1.557,"A","Q_tlw"
"682","UMF","51.2.0",2017,1.553,"A","Q_tlw"
"682","UMF","51.2.0",2018,1.59,"A","Q_tlw"
"682","UMF","51.2.0",2019,1.549,"A","Q_tlw"
"682","UMF","51.2.0",2020,1.514,"A","Q_tlw"
"682","UMF","51.2.0",2021,1.483,"A","Q_tlw"
"682","UMF","51.2.0",2022,1.504,"A","Q_tlw"
"682","UMF","51.2.0",2023,1.521,"I","Q_tlw"
"682","MOJ","51.2.0",1986,0,"A","Q_tlw"
"682","MOJ","51.2.0",1987,0,"A","Q_tlw"
"682","MOJ","51.2.0",1988,0,"A","Q_tlw"
"682","MOJ","51.2.0",1989,0,"A","Q_tlw"
"682","MOJ","51.2.0",1990,0,"A","Q_tlw"
"682","MOJ","51.2.0",1991,0,"A","Q_tlw"
"682","MOJ","51.2.0",1992,0,"A","Q_tlw"
"682","MOJ","51.2.0",1993,0,"A","Q_tlw"
"682","MOJ","51.2.0",1994,32,"A","Q_tlw"
"682","MOJ","51.2.0",1995,20,"A","Q_tlw"
"682","MOJ","51.2.0",1996,28,"A","Q_tlw"
"682","MOJ","51.2.0",1997,145,"A","Q_tlw"
"682","MOJ","51.2.0",1998,134,"A","Q_tlw"
"682","MOJ","51.2.0",1999,242,"A","Q_tlw"
"682","MOJ","51.2.0",2000,0,"A","Q_tlw"
"682","MOJ","51.2.0",2001,0,"A","Q_tlw"
"682","MOJ","51.2.0",2002,0,"A","Q_tlw"
"682","MOJ","51.2.0",2003,0,"A","Q_tlw"
"682","MOJ","51.2.0",2004,0,"A","Q_tlw"
"682","MOJ","51.2.0",2005,0,"A","Q_tlw"
"682","MOJ","51.2.0",2006,0,"A","Q_tlw"
"682","MOJ","51.2.0",2007,0,"A","Q_tlw"
"682","MOJ","51.2.0",2008,0,"A","Q_tlw"
"682","MOJ","51.2.0",2009,0,"A","Q_tlw"
"682","MOJ","51.2.0",2010,0,"A","Q_tlw"
"682","MOJ","51.2.0",2011,0,"A","Q_tlw"
"682","MOJ","51.2.0",2016,38.931,"A","Q_tlw"
"682","MOJ","51.2.0",2017,38.821,"A","Q_tlw"
"682","MOJ","51.2.0",2018,39.754,"A","Q_tlw"
"682","MOJ","51.2.0",2019,38.737,"A","Q_tlw"
"682","MOJ","51.2.0",2020,37.843,"A","Q_tlw"
"682","MOJ","51.2.0",2021,37.073,"A","Q_tlw"
"682","MOJ","51.2.0",2022,37.6,"A","Q_tlw"
"682","MOJ","51.2.0",2023,37.692,"I","Q_tlw"
"682","GEF","51.2.0",2016,1.557,"A","Q_tlw"
"682","GEF","51.2.0",2017,1.553,"A","Q_tlw"
"682","GEF","51.2.0",2018,1.59,"A","Q_tlw"
"682","GEF","51.2.0",2019,1.549,"A","Q_tlw"
"682","GEF","51.2.0",2020,1.514,"A","Q_tlw"
"682","GEF","51.2.0",2021,1.483,"A","Q_tlw"
"682","GEF","51.2.0",2022,1.504,"A","Q_tlw"
"682","GEF","51.2.0",2023,1.549,"I","Q_tlw"
"682","GEO","51.2.0",2012,0,"A","Q_tlw"
"682","GEO","51.2.0",2013,58,"A","Q_tlw"
"682","GEO","51.2.0",2014,0,"A","Q_tlw"
"682","GEO","51.2.0",2015,0,"A","Q_tlw"
"682","GEJ","51.2.0",1986,0,"A","Q_tlw"
"682","GEJ","51.2.0",1987,0,"A","Q_tlw"
"682","GEJ","51.2.0",1988,0,"A","Q_tlw"
"682","GEJ","51.2.0",1989,0,"A","Q_tlw"
"682","GEJ","51.2.0",1990,0,"A","Q_tlw"
"682","GEJ","51.2.0",1991,0,"A","Q_tlw"
"682","GEJ","51.2.0",1992,0,"A","Q_tlw"
"682","GEJ","51.2.0",1993,0,"A","Q_tlw"
"682","GEJ","51.2.0",1994,0,"A","Q_tlw"
"682","GEJ","51.2.0",1995,0,"A","Q_tlw"
"682","GEJ","51.2.0",1996,0,"A","Q_tlw"
"682","GEJ","51.2.0",1997,0,"A","Q_tlw"
"682","GEJ","51.2.0",1998,0,"A","Q_tlw"
"682","GEJ","51.2.0",1999,0,"A","Q_tlw"
"682","GEJ","51.2.0",2000,238,"A","Q_tlw"
"682","GEJ","51.2.0",2001,253,"A","Q_tlw"
"682","GEJ","51.2.0",2002,223,"A","Q_tlw"
"682","GEJ","51.2.0",2003,255,"A","Q_tlw"
"682","GEJ","51.2.0",2004,281,"A","Q_tlw"
"682","GEJ","51.2.0",2005,327,"A","Q_tlw"
"682","GEJ","51.2.0",2006,359,"A","Q_tlw"
"682","GEJ","51.2.0",2007,353,"A","Q_tlw"
"682","GEJ","51.2.0",2008,438,"A","Q_tlw"
"682","GEJ","51.2.0",2009,336,"A","Q_tlw"
"682","GEJ","51.2.0",2010,385,"A","Q_tlw"
"682","GEJ","51.2.0",2011,233,"A","Q_tlw"
"682","GEJ","51.2.0",2012,246,"A","Q_tlw"
"682","GEJ","51.2.0",2013,0,"A","Q_tlw"
"682","GEJ","51.2.0",2014,480,"A","Q_tlw"
"682","GEJ","51.2.0",2015,517,"A","Q_tlw"
"682","ILS","51.2.0",1986,0,"A","Q_tlw"
"682","ILS","51.2.0",1987,0,"A","Q_tlw"
"682","ILS","51.2.0",1988,0,"A","Q_tlw"
"682","ILS","51.2.0",1989,0,"A","Q_tlw"
"682","ILS","51.2.0",1990,0,"A","Q_tlw"
"682","ILS","51.2.0",1991,0,"A","Q_tlw"
"682","ILS","51.2.0",1992,0,"A","Q_tlw"
"682","ILS","51.2.0",1993,0,"A","Q_tlw"
"682","ILS","51.2.0",1994,0,"A","Q_tlw"
"682","ILS","51.2.0",1995,0,"A","Q_tlw"
"682","ILS","51.2.0",1996,0,"A","Q_tlw"
"682","ILS","51.2.0",1997,0,"A","Q_tlw"
"682","ILS","51.2.0",1998,0,"A","Q_tlw"
"682","ILS","51.2.0",1999,0,"A","Q_tlw"
"682","ILS","51.2.0",2000,24,"A","Q_tlw"
"682","ILS","51.2.0",2001,18,"A","Q_tlw"
"682","ILS","51.2.0",2002,65,"A","Q_tlw"
"682","ILS","51.2.0",2003,22,"A","Q_tlw"
"682","ILS","51.2.0",2004,132,"A","Q_tlw"
"682","ILS","51.2.0",2005,53,"A","Q_tlw"
"682","ILS","51.2.0",2006,75,"A","Q_tlw"
"682","ILS","51.2.0",2007,84,"A","Q_tlw"
"682","ILS","51.2.0",2008,176,"A","Q_tlw"
"682","ILS","51.2.0",2009,96,"A","Q_tlw"
"682","ILS","51.2.0",2010,65,"A","Q_tlw"
"682","ILS","51.2.0",2011,54,"A","Q_tlw"
"682","ILS","51.2.0",2012,57,"A","Q_tlw"
"682","ILS","51.2.0",2013,102,"A","Q_tlw"
"682","ILS","51.2.0",2014,93,"A","Q_tlw"
"682","ILS","51.2.0",2015,60,"A","Q_tlw"
"682","SPA","51.2.0",1998,16,"A","Q_tlw"
"682","SPA","51.2.0",1999,1,"A","Q_tlw"
"682","SPA","51.2.0",2005,8,"A","Q_tlw"
"682","SPA","51.2.0",2007,1,"A","Q_tlw"
"682","SPA","51.2.0",2008,3,"A","Q_tlw"
"682","SPA","51.2.0",2009,2,"A","Q_tlw"
"682","SPA","51.2.0",2010,8,"A","Q_tlw"
"682","SPA","51.2.0",2011,0,"A","Q_tlw"
"682","SPA","51.2.0",2012,0,"A","Q_tlw"
"682","SPA","51.2.0",2013,0,"A","Q_tlw"
"682","SPA","51.2.0",2014,1,"A","Q_tlw"
"682","SPA","51.2.0",2015,4,"A","Q_tlw"
"682","GRX","51.2.0",1986,76,"A","Q_tlw"
"682","GRX","51.2.0",1987,76,"A","Q_tlw"
"682","GRX","51.2.0",1988,70,"A","Q_tlw"
"682","GRX","51.2.0",1989,65,"A","Q_tlw"
"682","GRX","51.2.0",1990,59,"A","Q_tlw"
"682","GRX","51.2.0",1991,136,"A","Q_tlw"
"682","GRX","51.2.0",1992,79,"A","Q_tlw"
"682","GRX","51.2.0",1993,167,"A","Q_tlw"
"682","GRX","51.2.0",1994,216,"A","Q_tlw"
"682","GRX","51.2.0",1995,142,"A","Q_tlw"
"682","GRX","51.2.0",1996,315,"A","Q_tlw"
"682","GRX","51.2.0",1997,450,"A","Q_tlw"
"682","GRX","51.2.0",1998,407,"A","Q_tlw"
"682","GRX","51.2.0",1999,321,"A","Q_tlw"
"682","GRX","51.2.0",2000,5,"A","Q_tlw"
"682","GRX","51.2.0",2001,5,"A","Q_tlw"
"682","GRX","51.2.0",2002,3,"A","Q_tlw"
"682","GRX","51.2.0",2003,3,"A","Q_tlw"
"682","GRX","51.2.0",2004,8,"A","Q_tlw"
"682","GRX","51.2.0",2005,14,"A","Q_tlw"
"682","GRX","51.2.0",2006,12,"A","Q_tlw"
"682","GRX","51.2.0",2007,31,"A","Q_tlw"
"682","GRX","51.2.0",2008,39,"A","Q_tlw"
"682","GRX","51.2.0",2009,32,"A","Q_tlw"
"682","GRX","51.2.0",2010,79,"A","Q_tlw"
"682","GRX","51.2.0",2011,103,"A","Q_tlw"
"682","GRX","51.2.0",2012,109,"A","Q_tlw"
"682","GRX","51.2.0",2013,62,"A","Q_tlw"
"682","GRX","51.2.0",2014,52,"A","Q_tlw"
"682","GRX","51.2.0",2015,99,"A","Q_tlw"
"682","HWX","51.2.0",2016,12.458,"A","Q_tlw"
"682","HWX","51.2.0",2017,12.423,"A","Q_tlw"
"682","HWX","51.2.0",2018,12.721,"A","Q_tlw"
"682","HWX","51.2.0",2019,12.396,"A","Q_tlw"
"682","HWX","51.2.0",2020,12.11,"A","Q_tlw"
"682","HWX","51.2.0",2021,11.863,"A","Q_tlw"
"682","HWX","51.2.0",2022,12.032,"A","Q_tlw"
"682","HWX","51.2.0",2023,10.476,"I","Q_tlw"
"682","GQT","51.2.0",1986,0,"A","Q_tlw"
"682","GQT","51.2.0",1987,0,"A","Q_tlw"
"682","GQT","51.2.0",1988,0,"A","Q_tlw"
"682","GQT","51.2.0",1989,0,"A","Q_tlw"
"682","GQT","51.2.0",1990,0,"A","Q_tlw"
"682","GQT","51.2.0",1991,0,"A","Q_tlw"
"682","GQT","51.2.0",1992,0,"A","Q_tlw"
"682","GQT","51.2.0",1993,0,"A","Q_tlw"
"682","GQT","51.2.0",1994,0,"A","Q_tlw"
"682","GQT","51.2.0",1995,0,"A","Q_tlw"
"682","GQT","51.2.0",1996,0,"A","Q_tlw"
"682","GQT","51.2.0",1997,0,"A","Q_tlw"
"682","GQT","51.2.0",1998,0,"A","Q_tlw"
"682","GQT","51.2.0",1999,0,"A","Q_tlw"
"682","GQT","51.2.0",2000,355,"A","Q_tlw"
"682","GQT","51.2.0",2001,449,"A","Q_tlw"
"682","GQT","51.2.0",2002,417,"A","Q_tlw"
"682","GQT","51.2.0",2003,249,"A","Q_tlw"
"682","GQT","51.2.0",2004,275,"A","Q_tlw"
"682","GQT","51.2.0",2005,223,"A","Q_tlw"
"682","GQT","51.2.0",2006,198,"A","Q_tlw"
"682","GQT","51.2.0",2007,209,"A","Q_tlw"
"682","GQT","51.2.0",2008,225,"A","Q_tlw"
"682","GQT","51.2.0",2009,177,"A","Q_tlw"
"682","GQT","51.2.0",2010,170,"A","Q_tlw"
"682","GQT","51.2.0",2011,129,"A","Q_tlw"
"682","GQT","51.2.0",2012,137,"A","Q_tlw"
"682","GQT","51.2.0",2013,212,"A","Q_tlw"
"682","GQT","51.2.0",2014,225,"A","Q_tlw"
"682","GQT","51.2.0",2015,155,"A","Q_tlw"
"682","GQT","51.2.0",2016,91.877,"A","Q_tlw"
"682","GQT","51.2.0",2017,91.616,"A","Q_tlw"
"682","GQT","51.2.0",2018,93.819,"A","Q_tlw"
"682","GQT","51.2.0",2019,91.419,"A","Q_tlw"
"682","GQT","51.2.0",2020,89.31,"A","Q_tlw"
"682","GQT","51.2.0",2021,87.492,"A","Q_tlw"
"682","GQT","51.2.0",2022,88.736,"A","Q_tlw"
"682","GQT","51.2.0",2023,93.742,"I","Q_tlw"
"682","PKF","51.2.0",1986,0,"A","Q_tlw"
"682","PKF","51.2.0",1987,0,"A","Q_tlw"
"682","PKF","51.2.0",1988,0,"A","Q_tlw"
"682","PKF","51.2.0",1989,0,"A","Q_tlw"
"682","PKF","51.2.0",1990,0,"A","Q_tlw"
"682","PKF","51.2.0",1991,0,"A","Q_tlw"
"682","PKF","51.2.0",1992,0,"A","Q_tlw"
"682","PKF","51.2.0",1993,0,"A","Q_tlw"
"682","PKF","51.2.0",1994,0,"A","Q_tlw"
"682","PKF","51.2.0",1995,0,"A","Q_tlw"
"682","PKF","51.2.0",1996,0,"A","Q_tlw"
"682","PKF","51.2.0",1997,0,"A","Q_tlw"
"682","PKF","51.2.0",1998,0,"A","Q_tlw"
"682","PKF","51.2.0",1999,0,"A","Q_tlw"
"682","PKF","51.2.0",2000,91,"A","Q_tlw"
"682","PKF","51.2.0",2001,140,"A","Q_tlw"
"682","PKF","51.2.0",2002,152,"A","Q_tlw"
"682","PKF","51.2.0",2003,155,"A","Q_tlw"
"682","PKF","51.2.0",2004,175,"A","Q_tlw"
"682","PKF","51.2.0",2005,164,"A","Q_tlw"
"682","PKF","51.2.0",2006,195,"A","Q_tlw"
"682","PKF","51.2.0",2007,216,"A","Q_tlw"
"682","PKF","51.2.0",2008,188,"A","Q_tlw"
"682","PKF","51.2.0",2009,151,"A","Q_tlw"
"682","PKF","51.2.0",2010,80,"A","Q_tlw"
"682","PKF","51.2.0",2011,88,"A","Q_tlw"
"682","PKF","51.2.0",2012,93,"A","Q_tlw"
"682","PKF","51.2.0",2013,0,"A","Q_tlw"
"682","PKF","51.2.0",2014,0,"A","Q_tlw"
"682","PKF","51.2.0",2015,0,"A","Q_tlw"
"682","PKF","51.2.0",2016,101.221,"A","Q_tlw"
"682","PKF","51.2.0",2017,100.933,"A","Q_tlw"
"682","PKF","51.2.0",2018,103.36,"A","Q_tlw"
"682","PKF","51.2.0",2019,100.716,"A","Q_tlw"
"682","PKF","51.2.0",2020,98.393,"A","Q_tlw"
"682","PKF","51.2.0",2021,96.389,"A","Q_tlw"
"682","PKF","51.2.0",2022,97.76,"A","Q_tlw"
"682","PKF","51.2.0",2023,102.137,"I","Q_tlw"
"682","GRL","51.2.0",1986,0,"A","Q_tlw"
"682","GRL","51.2.0",1987,0,"A","Q_tlw"
"682","GRL","51.2.0",1988,0,"A","Q_tlw"
"682","GRL","51.2.0",1989,0,"A","Q_tlw"
"682","GRL","51.2.0",1990,0,"A","Q_tlw"
"682","GRL","51.2.0",1991,0,"A","Q_tlw"
"682","GRL","51.2.0",1992,0,"A","Q_tlw"
"682","GRL","51.2.0",1993,0,"A","Q_tlw"
"682","GRL","51.2.0",1994,0,"A","Q_tlw"
"682","GRL","51.2.0",1995,0,"A","Q_tlw"
"682","GRL","51.2.0",1996,0,"A","Q_tlw"
"682","GRL","51.2.0",1997,0,"A","Q_tlw"
"682","GRL","51.2.0",1998,0,"A","Q_tlw"
"682","GRL","51.2.0",1999,0,"A","Q_tlw"
"682","GRL","51.2.0",2000,2,"A","Q_tlw"
"682","GRL","51.2.0",2001,0,"A","Q_tlw"
"682","GRL","51.2.0",2002,0,"A","Q_tlw"
"682","GRL","51.2.0",2003,0,"A","Q_tlw"
"682","GRL","51.2.0",2004,4,"A","Q_tlw"
"682","GRL","51.2.0",2005,3,"A","Q_tlw"
"682","GRL","51.2.0",2006,0,"A","Q_tlw"
"682","GRL","51.2.0",2007,4,"A","Q_tlw"
"682","GRL","51.2.0",2008,1,"A","Q_tlw"
"682","GRL","51.2.0",2009,0,"A","Q_tlw"
"682","GRL","51.2.0",2010,1,"A","Q_tlw"
"682","GRL","51.2.0",2011,0,"A","Q_tlw"
"682","GRL","51.2.0",2012,0,"A","Q_tlw"
"682","GRL","51.2.0",2013,4,"A","Q_tlw"
"682","GRL","51.2.0",2014,1,"A","Q_tlw"
"682","GRL","51.2.0",2015,1,"A","Q_tlw"
"682","GRL","51.2.0",2016,646.256,"A","Q_tlw"
"682","GRL","51.2.0",2017,644.421,"A","Q_tlw"
"682","GRL","51.2.0",2018,659.912,"A","Q_tlw"
"682","GRL","51.2.0",2019,643.032,"A","Q_tlw"
"682","GRL","51.2.0",2020,628.201,"A","Q_tlw"
"682","GRL","51.2.0",2021,615.409,"A","Q_tlw"
"682","GRL","51.2.0",2022,624.16,"A","Q_tlw"
"682","GRL","51.2.0",2023,672.792,"I","Q_tlw"
"682","PKS","51.2.0",2016,4.672,"A","Q_tlw"
"682","PKS","51.2.0",2017,4.658,"A","Q_tlw"
"682","PKS","51.2.0",2018,4.77,"A","Q_tlw"
"682","PKS","51.2.0",2019,4.648,"A","Q_tlw"
"682","PKS","51.2.0",2020,4.541,"A","Q_tlw"
"682","PKS","51.2.0",2021,4.449,"A","Q_tlw"
"682","PKS","51.2.0",2022,4.512,"A","Q_tlw"
"682","PKS","51.2.0",2023,4.137,"I","Q_tlw"
"682","SNX","51.2.0",1986,529,"A","Q_tlw"
"682","SNX","51.2.0",1987,678,"A","Q_tlw"
"682","SNX","51.2.0",1988,500,"A","Q_tlw"
"682","SNX","51.2.0",1989,400,"A","Q_tlw"
"682","SNX","51.2.0",1990,240,"A","Q_tlw"
"682","SNX","51.2.0",1991,588,"A","Q_tlw"
"682","SNX","51.2.0",1992,421,"A","Q_tlw"
"682","SNX","51.2.0",1993,613,"A","Q_tlw"
"682","SNX","51.2.0",1994,797,"A","Q_tlw"
"682","SNX","51.2.0",1995,445,"A","Q_tlw"
"682","SNX","51.2.0",1996,695,"A","Q_tlw"
"682","SNX","51.2.0",1997,1065,"A","Q_tlw"
"682","SNX","51.2.0",1998,1307,"A","Q_tlw"
"682","SNX","51.2.0",1999,963,"A","Q_tlw"
"682","SNX","51.2.0",2000,30,"A","Q_tlw"
"682","SNX","51.2.0",2001,163,"A","Q_tlw"
"682","SNX","51.2.0",2002,8,"A","Q_tlw"
"682","SNX","51.2.0",2003,20,"A","Q_tlw"
"682","SNX","51.2.0",2004,37,"A","Q_tlw"
"682","SNX","51.2.0",2005,1,"A","Q_tlw"
"682","SNX","51.2.0",2006,9,"A","Q_tlw"
"682","SNX","51.2.0",2007,4,"A","Q_tlw"
"682","SNX","51.2.0",2008,0,"A","Q_tlw"
"682","SNX","51.2.0",2009,11,"A","Q_tlw"
"682","SNX","51.2.0",2010,9,"A","Q_tlw"
"682","SNX","51.2.0",2011,0,"A","Q_tlw"
"682","SNX","51.2.0",2012,2,"A","Q_tlw"
"682","SNX","51.2.0",2013,5,"A","Q_tlw"
"682","SNX","51.2.0",2014,0,"A","Q_tlw"
"682","SNX","51.2.0",2015,0,"A","Q_tlw"
"682","SNX","51.2.0",2016,4.672,"A","Q_tlw"
"682","SNX","51.2.0",2017,4.658,"A","Q_tlw"
"682","SNX","51.2.0",2018,4.77,"A","Q_tlw"
"682","SNX","51.2.0",2019,4.648,"A","Q_tlw"
"682","SNX","51.2.0",2020,4.541,"A","Q_tlw"
"682","SNX","51.2.0",2021,4.449,"A","Q_tlw"
"682","SNX","51.2.0",2022,4.512,"A","Q_tlw"
"682","SNX","51.2.0",2023,4.86,"I","Q_tlw"
"682","CJX","51.2.0",2012,0,"A","Q_tlw"
"682","CJX","51.2.0",2013,0,"A","Q_tlw"
"682","CJX","51.2.0",2014,0,"A","Q_tlw"
"682","CJX","51.2.0",2015,0,"A","Q_tlw"
"682","ARQ","51.2.0",1986,0,"A","Q_tlw"
"682","ARQ","51.2.0",1987,0,"A","Q_tlw"
"682","ARQ","51.2.0",1988,0,"A","Q_tlw"
"682","ARQ","51.2.0",1989,0,"A","Q_tlw"
"682","ARQ","51.2.0",1990,0,"A","Q_tlw"
"682","ARQ","51.2.0",1991,0,"A","Q_tlw"
"682","ARQ","51.2.0",1992,0,"A","Q_tlw"
"682","ARQ","51.2.0",1993,0,"A","Q_tlw"
"682","ARQ","51.2.0",1994,0,"A","Q_tlw"
"682","ARQ","51.2.0",1995,0,"A","Q_tlw"
"682","ARQ","51.2.0",1996,0,"A","Q_tlw"
"682","ARQ","51.2.0",1997,0,"A","Q_tlw"
"682","ARQ","51.2.0",1998,0,"A","Q_tlw"
"682","ARQ","51.2.0",1999,0,"A","Q_tlw"
"682","ARQ","51.2.0",2000,0,"A","Q_tlw"
"682","ARQ","51.2.0",2001,0,"A","Q_tlw"
"682","ARQ","51.2.0",2002,0,"A","Q_tlw"
"682","ARQ","51.2.0",2003,0,"A","Q_tlw"
"682","ARQ","51.2.0",2004,0,"A","Q_tlw"
"682","ARQ","51.2.0",2005,0,"A","Q_tlw"
"682","ARQ","51.2.0",2006,0,"A","Q_tlw"
"682","ARQ","51.2.0",2007,0,"A","Q_tlw"
"682","ARQ","51.2.0",2008,0,"A","Q_tlw"
"682","ARQ","51.2.0",2009,0,"A","Q_tlw"
"682","ARQ","51.2.0",2010,0,"A","Q_tlw"
"682","ARQ","51.2.0",2011,0,"A","Q_tlw"
"682","ARQ","51.2.0",2012,0,"A","Q_tlw"
"682","ARQ","51.2.0",2013,0,"A","Q_tlw"
"682","ARQ","51.2.0",2014,0,"A","Q_tlw"
"682","ARQ","51.2.0",2015,14,"A","Q_tlw"
"682","ARQ","51.2.0",2016,12.458,"A","Q_tlw"
"682","ARQ","51.2.0",2017,12.423,"A","Q_tlw"
"682","ARQ","51.2.0",2018,12.721,"A","Q_tlw"
"682","ARQ","51.2.0",2019,12.396,"A","Q_tlw"
"682","ARQ","51.2.0",2020,12.11,"A","Q_tlw"
"682","ARQ","51.2.0",2021,11.863,"A","Q_tlw"
"682","ARQ","51.2.0",2022,12.032,"A","Q_tlw"
"682","ARQ","51.2.0",2023,12.728,"I","Q_tlw"
"682","LJB","51.2.0",1986,0,"A","Q_tlw"
"682","LJB","51.2.0",1987,0,"A","Q_tlw"
"682","LJB","51.2.0",1988,0,"A","Q_tlw"
"682","LJB","51.2.0",1989,0,"A","Q_tlw"
"682","LJB","51.2.0",1990,0,"A","Q_tlw"
"682","LJB","51.2.0",1991,0,"A","Q_tlw"
"682","LJB","51.2.0",1992,0,"A","Q_tlw"
"682","LJB","51.2.0",1993,0,"A","Q_tlw"
"682","LJB","51.2.0",1994,0,"A","Q_tlw"
"682","LJB","51.2.0",1995,0,"A","Q_tlw"
"682","LJB","51.2.0",1996,0,"A","Q_tlw"
"682","LJB","51.2.0",1997,0,"A","Q_tlw"
"682","LJB","51.2.0",1998,0,"A","Q_tlw"
"682","LJB","51.2.0",1999,0,"A","Q_tlw"
"682","LJB","51.2.0",2000,4,"A","Q_tlw"
"682","LJB","51.2.0",2001,0,"A","Q_tlw"
"682","LJB","51.2.0",2002,16,"A","Q_tlw"
"682","LJB","51.2.0",2003,107,"A","Q_tlw"
"682","LJB","51.2.0",2004,1,"A","Q_tlw"
"682","LJB","51.2.0",2005,6,"A","Q_tlw"
"682","LJB","51.2.0",2006,3,"A","Q_tlw"
"682","LJB","51.2.0",2007,2,"A","Q_tlw"
"682","LJB","51.2.0",2008,1,"A","Q_tlw"
"682","LJB","51.2.0",2009,0,"A","Q_tlw"
"682","LJB","51.2.0",2010,1,"A","Q_tlw"
"682","LJB","51.2.0",2011,127,"A","Q_tlw"
"682","LJB","51.2.0",2012,135,"A","Q_tlw"
"682","LJB","51.2.0",2013,3,"A","Q_tlw"
"682","LJB","51.2.0",2014,1,"A","Q_tlw"
"682","LJB","51.2.0",2015,57,"A","Q_tlw"
"682","LWN","51.2.0",2016,23.359,"A","Q_tlw"
"682","LWN","51.2.0",2017,23.292,"A","Q_tlw"
"682","LWN","51.2.0",2018,23.852,"A","Q_tlw"
"682","LWN","51.2.0",2019,23.242,"A","Q_tlw"
"682","LWN","51.2.0",2020,22.706,"A","Q_tlw"
"682","LWN","51.2.0",2021,22.244,"A","Q_tlw"
"682","LWN","51.2.0",2022,22.56,"A","Q_tlw"
"682","LWN","51.2.0",2023,21.155,"I","Q_tlw"
"682","LWE","51.2.0",2023,0,"I","Q_tlw"
"682","LJG","51.2.0",1986,0,"A","Q_tlw"
"682","LJG","51.2.0",1987,0,"A","Q_tlw"
"682","LJG","51.2.0",1988,0,"A","Q_tlw"
"682","LJG","51.2.0",1989,0,"A","Q_tlw"
"682","LJG","51.2.0",1990,0,"A","Q_tlw"
"682","LJG","51.2.0",1991,0,"A","Q_tlw"
"682","LJG","51.2.0",1992,0,"A","Q_tlw"
"682","LJG","51.2.0",1993,0,"A","Q_tlw"
"682","LJG","51.2.0",1994,0,"A","Q_tlw"
"682","LJG","51.2.0",1995,0,"A","Q_tlw"
"682","LJG","51.2.0",1996,0,"A","Q_tlw"
"682","LJG","51.2.0",1997,0,"A","Q_tlw"
"682","LJG","51.2.0",1998,0,"A","Q_tlw"
"682","LJG","51.2.0",1999,0,"A","Q_tlw"
"682","LJG","51.2.0",2000,611,"A","Q_tlw"
"682","LJG","51.2.0",2001,408,"A","Q_tlw"
"682","LJG","51.2.0",2002,609,"A","Q_tlw"
"682","LJG","51.2.0",2003,385,"A","Q_tlw"
"682","LJG","51.2.0",2004,317,"A","Q_tlw"
"682","LJG","51.2.0",2005,247,"A","Q_tlw"
"682","LJG","51.2.0",2006,219,"A","Q_tlw"
"682","LJG","51.2.0",2007,174,"A","Q_tlw"
"682","LJG","51.2.0",2008,241,"A","Q_tlw"
"682","LJG","51.2.0",2009,164,"A","Q_tlw"
"682","LJG","51.2.0",2010,210,"A","Q_tlw"
"682","LJG","51.2.0",2011,95,"A","Q_tlw"
"682","LJG","51.2.0",2012,100,"A","Q_tlw"
"682","LJG","51.2.0",2013,211,"A","Q_tlw"
"682","LJG","51.2.0",2014,204,"A","Q_tlw"
"682","LJG","51.2.0",2015,217,"A","Q_tlw"
"682","LJG","51.2.0",2016,65.404,"A","Q_tlw"
"682","LJG","51.2.0",2017,65.218,"A","Q_tlw"
"682","LJG","51.2.0",2018,66.786,"A","Q_tlw"
"682","LJG","51.2.0",2019,65.078,"A","Q_tlw"
"682","LJG","51.2.0",2020,63.577,"A","Q_tlw"
"682","LJG","51.2.0",2021,62.282,"A","Q_tlw"
"682","LJG","51.2.0",2022,63.168,"A","Q_tlw"
"682","LJG","51.2.0",2023,65.545,"I","Q_tlw"
"682","LJH","51.2.0",2016,149.495,"A","Q_tlw"
"682","LJH","51.2.0",2017,149.071,"A","Q_tlw"
"682","LJH","51.2.0",2018,152.654,"A","Q_tlw"
"682","LJH","51.2.0",2019,148.749,"A","Q_tlw"
"682","LJH","51.2.0",2020,145.319,"A","Q_tlw"
"682","LJH","51.2.0",2021,142.36,"A","Q_tlw"
"682","LJH","51.2.0",2022,144.384,"A","Q_tlw"
"682","LJH","51.2.0",2023,153.523,"I","Q_tlw"
"682","LVK","51.2.0",1986,0,"A","Q_tlw"
"682","LVK","51.2.0",1987,0,"A","Q_tlw"
"682","LVK","51.2.0",1988,0,"A","Q_tlw"
"682","LVK","51.2.0",1989,0,"A","Q_tlw"
"682","LVK","51.2.0",1990,0,"A","Q_tlw"
"682","LVK","51.2.0",1991,0,"A","Q_tlw"
"682","LVK","51.2.0",1992,0,"A","Q_tlw"
"682","LVK","51.2.0",1993,0,"A","Q_tlw"
"682","LVK","51.2.0",1994,0,"A","Q_tlw"
"682","LVK","51.2.0",1995,0,"A","Q_tlw"
"682","LVK","51.2.0",1996,0,"A","Q_tlw"
"682","LVK","51.2.0",1997,0,"A","Q_tlw"
"682","LVK","51.2.0",1998,0,"A","Q_tlw"
"682","LVK","51.2.0",1999,0,"A","Q_tlw"
"682","LVK","51.2.0",2000,0,"A","Q_tlw"
"682","LVK","51.2.0",2001,0,"A","Q_tlw"
"682","LVK","51.2.0",2002,276,"A","Q_tlw"
"682","LVK","51.2.0",2003,0,"A","Q_tlw"
"682","LVK","51.2.0",2004,0,"A","Q_tlw"
"682","LVK","51.2.0",2005,0,"A","Q_tlw"
"682","LVK","51.2.0",2006,0,"A","Q_tlw"
"682","LVK","51.2.0",2007,0,"A","Q_tlw"
"682","LVK","51.2.0",2008,0,"A","Q_tlw"
"682","LVK","51.2.0",2009,0,"A","Q_tlw"
"682","LVK","51.2.0",2010,0,"A","Q_tlw"
"682","LVK","51.2.0",2011,0,"A","Q_tlw"
"682","LVK","51.2.0",2016,1.557,"A","Q_tlw"
"682","LVK","51.2.0",2017,1.553,"A","Q_tlw"
"682","LVK","51.2.0",2018,1.59,"A","Q_tlw"
"682","LVK","51.2.0",2019,1.549,"A","Q_tlw"
"682","LVK","51.2.0",2020,1.514,"A","Q_tlw"
"682","LVK","51.2.0",2021,1.483,"A","Q_tlw"
"682","LVK","51.2.0",2022,1.504,"A","Q_tlw"
"682","LVK","51.2.0",2023,0,"I","Q_tlw"
"682","MAL","51.2.0",2016,1.557,"A","Q_tlw"
"682","MAL","51.2.0",2017,1.553,"A","Q_tlw"
"682","MAL","51.2.0",2018,1.59,"A","Q_tlw"
"682","MAL","51.2.0",2019,1.549,"A","Q_tlw"
"682","MAL","51.2.0",2020,1.514,"A","Q_tlw"
"682","MAL","51.2.0",2021,1.483,"A","Q_tlw"
"682","MAL","51.2.0",2022,1.504,"A","Q_tlw"
"682","MAL","51.2.0",2023,1.416,"I","Q_tlw"
"682","LWQ","51.2.0",1986,0,"A","Q_tlw"
"682","LWQ","51.2.0",1987,0,"A","Q_tlw"
"682","LWQ","51.2.0",1988,0,"A","Q_tlw"
"682","LWQ","51.2.0",1989,0,"A","Q_tlw"
"682","LWQ","51.2.0",1990,0,"A","Q_tlw"
"682","LWQ","51.2.0",1991,0,"A","Q_tlw"
"682","LWQ","51.2.0",1992,0,"A","Q_tlw"
"682","LWQ","51.2.0",1993,0,"A","Q_tlw"
"682","LWQ","51.2.0",1994,0,"A","Q_tlw"
"682","LWQ","51.2.0",1995,0,"A","Q_tlw"
"682","LWQ","51.2.0",1996,0,"A","Q_tlw"
"682","LWQ","51.2.0",1997,0,"A","Q_tlw"
"682","LWQ","51.2.0",1998,0,"A","Q_tlw"
"682","LWQ","51.2.0",1999,0,"A","Q_tlw"
"682","LWQ","51.2.0",2000,138,"A","Q_tlw"
"682","LWQ","51.2.0",2001,174,"A","Q_tlw"
"682","LWQ","51.2.0",2002,0,"A","Q_tlw"
"682","LWQ","51.2.0",2003,294,"A","Q_tlw"
"682","LWQ","51.2.0",2004,313,"A","Q_tlw"
"682","LWQ","51.2.0",2005,360,"A","Q_tlw"
"682","LWQ","51.2.0",2006,340,"A","Q_tlw"
"682","LWQ","51.2.0",2007,440,"A","Q_tlw"
"682","LWQ","51.2.0",2008,428,"A","Q_tlw"
"682","LWQ","51.2.0",2009,289,"A","Q_tlw"
"682","LWQ","51.2.0",2010,295,"A","Q_tlw"
"682","LWQ","51.2.0",2011,298,"A","Q_tlw"
"682","LWQ","51.2.0",2012,315,"A","Q_tlw"
"682","LWQ","51.2.0",2013,390,"A","Q_tlw"
"682","LWQ","51.2.0",2014,398,"A","Q_tlw"
"682","LWQ","51.2.0",2015,301,"A","Q_tlw"
"682","LRI","51.2.0",2016,3.114,"A","Q_tlw"
"682","LRI","51.2.0",2017,3.106,"A","Q_tlw"
"682","LRI","51.2.0",2018,3.18,"A","Q_tlw"
"682","LRI","51.2.0",2019,3.099,"A","Q_tlw"
"682","LRI","51.2.0",2020,3.027,"A","Q_tlw"
"682","LRI","51.2.0",2021,2.966,"A","Q_tlw"
"682","LRI","51.2.0",2022,3.008,"A","Q_tlw"
"682","LRI","51.2.0",2023,2.772,"I","Q_tlw"
"682","OAZ","51.2.0",1986,0,"A","Q_tlw"
"682","OAZ","51.2.0",1987,0,"A","Q_tlw"
"682","OAZ","51.2.0",1988,0,"A","Q_tlw"
"682","OAZ","51.2.0",1989,0,"A","Q_tlw"
"682","OAZ","51.2.0",1990,0,"A","Q_tlw"
"682","OAZ","51.2.0",1991,0,"A","Q_tlw"
"682","OAZ","51.2.0",1992,0,"A","Q_tlw"
"682","OAZ","51.2.0",1993,0,"A","Q_tlw"
"682","OAZ","51.2.0",1994,0,"A","Q_tlw"
"682","OAZ","51.2.0",1995,0,"A","Q_tlw"
"682","OAZ","51.2.0",1996,0,"A","Q_tlw"
"682","OAZ","51.2.0",1997,0,"A","Q_tlw"
"682","OAZ","51.2.0",1998,7,"A","Q_tlw"
"682","OAZ","51.2.0",1999,4,"A","Q_tlw"
"682","OAZ","51.2.0",2000,1,"A","Q_tlw"
"682","OAZ","51.2.0",2001,9,"A","Q_tlw"
"682","OAZ","51.2.0",2002,7,"A","Q_tlw"
"682","OAZ","51.2.0",2003,16,"A","Q_tlw"
"682","OAZ","51.2.0",2004,40,"A","Q_tlw"
"682","OAZ","51.2.0",2005,33,"A","Q_tlw"
"682","OAZ","51.2.0",2006,23,"A","Q_tlw"
"682","OAZ","51.2.0",2007,18,"A","Q_tlw"
"682","OAZ","51.2.0",2008,49,"A","Q_tlw"
"682","OAZ","51.2.0",2009,59,"A","Q_tlw"
"682","OAZ","51.2.0",2010,117,"A","Q_tlw"
"682","OAZ","51.2.0",2011,44,"A","Q_tlw"
"682","OAZ","51.2.0",2012,46,"A","Q_tlw"
"682","OAZ","51.2.0",2013,70,"A","Q_tlw"
"682","OAZ","51.2.0",2014,44,"A","Q_tlw"
"682","OAZ","51.2.0",2015,59,"A","Q_tlw"
"682","OAZ","51.2.0",2016,34.259,"A","Q_tlw"
"682","OAZ","51.2.0",2017,34.162,"A","Q_tlw"
"682","OAZ","51.2.0",2018,34.983,"A","Q_tlw"
"682","OAZ","51.2.0",2019,34.088,"A","Q_tlw"
"682","OAZ","51.2.0",2020,33.302,"A","Q_tlw"
"682","OAZ","51.2.0",2021,32.624,"A","Q_tlw"
"682","OAZ","51.2.0",2022,33.088,"A","Q_tlw"
"682","OAZ","51.2.0",2023,31.53,"I","Q_tlw"
"682","AQQ","51.2.0",2016,1.557,"A","Q_tlw"
"682","AQQ","51.2.0",2017,1.553,"A","Q_tlw"
"682","AQQ","51.2.0",2018,1.59,"A","Q_tlw"
"682","AQQ","51.2.0",2019,1.549,"A","Q_tlw"
"682","AQQ","51.2.0",2020,1.514,"A","Q_tlw"
"682","AQQ","51.2.0",2021,1.483,"A","Q_tlw"
"682","AQQ","51.2.0",2022,1.504,"A","Q_tlw"
"682","AQQ","51.2.0",2023,0.902,"I","Q_tlw"
"682","NAS","51.2.0",1986,0,"A","Q_tlw"
"682","NAS","51.2.0",1987,0,"A","Q_tlw"
"682","NAS","51.2.0",1988,0,"A","Q_tlw"
"682","NAS","51.2.0",1989,0,"A","Q_tlw"
"682","NAS","51.2.0",1990,0,"A","Q_tlw"
"682","NAS","51.2.0",1991,0,"A","Q_tlw"
"682","NAS","51.2.0",1992,0,"A","Q_tlw"
"682","NAS","51.2.0",1993,0,"A","Q_tlw"
"682","NAS","51.2.0",1994,0,"A","Q_tlw"
"682","NAS","51.2.0",1995,0,"A","Q_tlw"
"682","NAS","51.2.0",1996,0,"A","Q_tlw"
"682","NAS","51.2.0",1997,0,"A","Q_tlw"
"682","NAS","51.2.0",1998,0,"A","Q_tlw"
"682","NAS","51.2.0",1999,0,"A","Q_tlw"
"682","NAS","51.2.0",2000,0,"A","Q_tlw"
"682","NAS","51.2.0",2001,0,"A","Q_tlw"
"682","NAS","51.2.0",2002,0,"A","Q_tlw"
"682","NAS","51.2.0",2003,0,"A","Q_tlw"
"682","NAS","51.2.0",2004,0,"A","Q_tlw"
"682","NAS","51.2.0",2005,0,"A","Q_tlw"
"682","NAS","51.2.0",2006,0,"A","Q_tlw"
"682","NAS","51.2.0",2007,0,"A","Q_tlw"
"682","NAS","51.2.0",2008,0,"A","Q_tlw"
"682","NAS","51.2.0",2009,0,"A","Q_tlw"
"682","NAS","51.2.0",2010,0,"A","Q_tlw"
"682","NAS","51.2.0",2011,0,"A","Q_tlw"
"682","NAS","51.2.0",2012,0,"A","Q_tlw"
"682","NAS","51.2.0",2013,0,"A","Q_tlw"
"682","NAS","51.2.0",2014,0,"A","Q_tlw"
"682","NAS","51.2.0",2015,28,"A","Q_tlw"
"682","NAS","51.2.0",2016,31.145,"A","Q_tlw"
"682","NAS","51.2.0",2017,31.056,"A","Q_tlw"
"682","NAS","51.2.0",2018,31.803,"A","Q_tlw"
"682","NAS","51.2.0",2019,30.989,"A","Q_tlw"
"682","NAS","51.2.0",2020,30.275,"A","Q_tlw"
"682","NAS","51.2.0",2021,29.658,"A","Q_tlw"
"682","NAS","51.2.0",2022,30.08,"A","Q_tlw"
"682","NAS","51.2.0",2023,31.994,"I","Q_tlw"
"682","THD","51.2.0",1992,0,"A","Q_tlw"
"682","THD","51.2.0",1993,0,"A","Q_tlw"
"682","THD","51.2.0",1994,17,"A","Q_tlw"
"682","THD","51.2.0",1995,215,"A","Q_tlw"
"682","THD","51.2.0",1996,130,"A","Q_tlw"
"682","THD","51.2.0",1997,87,"A","Q_tlw"
"682","THD","51.2.0",1998,66,"A","Q_tlw"
"682","THD","51.2.0",1999,41,"A","Q_tlw"
"682","THD","51.2.0",2000,0,"A","Q_tlw"
"682","THD","51.2.0",2001,0,"A","Q_tlw"
"682","THD","51.2.0",2002,0,"A","Q_tlw"
"682","THD","51.2.0",2003,0,"A","Q_tlw"
"682","THD","51.2.0",2004,0,"A","Q_tlw"
"682","THD","51.2.0",2005,0,"A","Q_tlw"
"682","THD","51.2.0",2006,0,"A","Q_tlw"
"682","THD","51.2.0",2007,0,"A","Q_tlw"
"682","THD","51.2.0",2008,0,"A","Q_tlw"
"682","THD","51.2.0",2009,0,"A","Q_tlw"
"682","THD","51.2.0",2010,0,"A","Q_tlw"
"682","THD","51.2.0",2011,0,"A","Q_tlw"
"682","THD","51.2.0",2012,0,"A","Q_tlw"
"682","THD","51.2.0",2013,0,"A","Q_tlw"
"682","THD","51.2.0",2014,0,"A","Q_tlw"
"682","THD","51.2.0",2015,0,"A","Q_tlw"
"682","THD","51.2.0",2016,664.943,"A","Q_tlw"
"682","THD","51.2.0",2017,663.054,"A","Q_tlw"
"682","THD","51.2.0",2018,678.994,"A","Q_tlw"
"682","THD","51.2.0",2019,661.625,"A","Q_tlw"
"682","THD","51.2.0",2020,646.365,"A","Q_tlw"
"682","THD","51.2.0",2021,633.204,"A","Q_tlw"
"682","THD","51.2.0",2022,642.208,"A","Q_tlw"
"682","THD","51.2.0",2023,690.249,"I","Q_tlw"
"682","NNZ","51.2.0",2016,151.053,"A","Q_tlw"
"682","NNZ","51.2.0",2017,150.624,"A","Q_tlw"
"682","NNZ","51.2.0",2018,154.245,"A","Q_tlw"
"682","NNZ","51.2.0",2019,150.299,"A","Q_tlw"
"682","NNZ","51.2.0",2020,146.832,"A","Q_tlw"
"682","NNZ","51.2.0",2021,143.843,"A","Q_tlw"
"682","NNZ","51.2.0",2022,145.888,"A","Q_tlw"
"682","NNZ","51.2.0",2023,157.386,"I","Q_tlw"
"682","NWS","51.2.0",1986,0,"A","Q_tlw"
"682","NWS","51.2.0",1987,0,"A","Q_tlw"
"682","NWS","51.2.0",1988,0,"A","Q_tlw"
"682","NWS","51.2.0",1989,0,"A","Q_tlw"
"682","NWS","51.2.0",1990,0,"A","Q_tlw"
"682","NWS","51.2.0",1991,0,"A","Q_tlw"
"682","NWS","51.2.0",1992,0,"A","Q_tlw"
"682","NWS","51.2.0",1993,0,"A","Q_tlw"
"682","NWS","51.2.0",1994,0,"A","Q_tlw"
"682","NWS","51.2.0",1995,0,"A","Q_tlw"
"682","NWS","51.2.0",1996,0,"A","Q_tlw"
"682","NWS","51.2.0",1997,0,"A","Q_tlw"
"682","NWS","51.2.0",1998,0,"A","Q_tlw"
"682","NWS","51.2.0",1999,0,"A","Q_tlw"
"682","NWS","51.2.0",2000,122,"A","Q_tlw"
"682","NWS","51.2.0",2001,40,"A","Q_tlw"
"682","NWS","51.2.0",2002,93,"A","Q_tlw"
"682","NWS","51.2.0",2003,150,"A","Q_tlw"
"682","NWS","51.2.0",2004,158,"A","Q_tlw"
"682","NWS","51.2.0",2005,240,"A","Q_tlw"
"682","NWS","51.2.0",2006,428,"A","Q_tlw"
"682","NWS","51.2.0",2007,627,"A","Q_tlw"
"682","NWS","51.2.0",2008,528,"A","Q_tlw"
"682","NWS","51.2.0",2009,541,"A","Q_tlw"
"682","NWS","51.2.0",2010,688,"A","Q_tlw"
"682","NWS","51.2.0",2011,332,"A","Q_tlw"
"682","NWS","51.2.0",2012,351,"A","Q_tlw"
"682","NWS","51.2.0",2013,641,"A","Q_tlw"
"682","NWS","51.2.0",2014,623,"A","Q_tlw"
"682","NWS","51.2.0",2015,541,"A","Q_tlw"
"682","NWS","51.2.0",2016,389.311,"A","Q_tlw"
"682","NWS","51.2.0",2017,388.205,"A","Q_tlw"
"682","NWS","51.2.0",2018,397.537,"A","Q_tlw"
"682","NWS","51.2.0",2019,387.368,"A","Q_tlw"
"682","NWS","51.2.0",2020,378.434,"A","Q_tlw"
"682","NWS","51.2.0",2021,370.728,"A","Q_tlw"
"682","NWS","51.2.0",2022,376,"A","Q_tlw"
"682","NWS","51.2.0",2023,402.987,"I","Q_tlw"
"682","EMP","51.2.0",1986,4091,"A","Q_tlw"
"682","EMP","51.2.0",1987,3023,"A","Q_tlw"
"682","EMP","51.2.0",1988,3000,"A","Q_tlw"
"682","EMP","51.2.0",1989,2800,"A","Q_tlw"
"682","EMP","51.2.0",1990,2342,"A","Q_tlw"
"682","EMP","51.2.0",1991,2402,"A","Q_tlw"
"682","EMP","51.2.0",1992,3399,"A","Q_tlw"
"682","EMP","51.2.0",1993,3749,"A","Q_tlw"
"682","EMP","51.2.0",1994,3361,"A","Q_tlw"
"682","EMP","51.2.0",1995,2974,"A","Q_tlw"
"682","EMP","51.2.0",1996,3711,"A","Q_tlw"
"682","EMP","51.2.0",1997,3680,"A","Q_tlw"
"682","EMP","51.2.0",1998,4040,"A","Q_tlw"
"682","EMP","51.2.0",1999,3985,"A","Q_tlw"
"682","EMP","51.2.0",2000,1278,"A","Q_tlw"
"682","EMP","51.2.0",2001,1657,"A","Q_tlw"
"682","EMP","51.2.0",2002,2606,"A","Q_tlw"
"682","EMP","51.2.0",2003,2798,"A","Q_tlw"
"682","EMP","51.2.0",2004,3175,"A","Q_tlw"
"682","EMP","51.2.0",2005,2585,"A","Q_tlw"
"682","EMP","51.2.0",2006,2279,"A","Q_tlw"
"682","EMP","51.2.0",2007,2646,"A","Q_tlw"
"682","EMP","51.2.0",2008,2433,"A","Q_tlw"
"682","EMP","51.2.0",2009,2796,"A","Q_tlw"
"682","EMP","51.2.0",2010,2634,"A","Q_tlw"
"682","EMP","51.2.0",2011,2090,"A","Q_tlw"
"682","EMP","51.2.0",2012,2213,"A","Q_tlw"
"682","EMP","51.2.0",2013,1980,"A","Q_tlw"
"682","EMP","51.2.0",2014,1874,"A","Q_tlw"
"682","EMP","51.2.0",2015,1796,"A","Q_tlw"
"682","EMP","51.2.0",2016,5565.59,"A","Q_tlw"
"682","EMP","51.2.0",2017,5549.781,"A","Q_tlw"
"682","EMP","51.2.0",2018,5683.195,"A","Q_tlw"
"682","EMP","51.2.0",2019,5537.82,"A","Q_tlw"
"682","EMP","51.2.0",2020,5410.094,"A","Q_tlw"
"682","EMP","51.2.0",2021,5300,"A","Q_tlw"
"682","EMP","51.2.0",2022,5375.297,"A","Q_tlw"
"682","EMP","51.2.0",2023,5804.302,"I","Q_tlw"
"682","LBW","51.2.0",1986,0,"A","Q_tlw"
"682","LBW","51.2.0",1987,0,"A","Q_tlw"
"682","LBW","51.2.0",1988,0,"A","Q_tlw"
"682","LBW","51.2.0",1989,0,"A","Q_tlw"
"682","LBW","51.2.0",1990,0,"A","Q_tlw"
"682","LBW","51.2.0",1991,0,"A","Q_tlw"
"682","LBW","51.2.0",1992,0,"A","Q_tlw"
"682","LBW","51.2.0",1993,0,"A","Q_tlw"
"682","LBW","51.2.0",1994,0,"A","Q_tlw"
"682","LBW","51.2.0",1995,0,"A","Q_tlw"
"682","LBW","51.2.0",1996,0,"A","Q_tlw"
"682","LBW","51.2.0",1997,0,"A","Q_tlw"
"682","LBW","51.2.0",1998,0,"A","Q_tlw"
"682","LBW","51.2.0",1999,0,"A","Q_tlw"
"682","LBW","51.2.0",2000,673,"A","Q_tlw"
"682","LBW","51.2.0",2001,722,"A","Q_tlw"
"682","LBW","51.2.0",2002,908,"A","Q_tlw"
"682","LBW","51.2.0",2003,686,"A","Q_tlw"
"682","LBW","51.2.0",2004,729,"A","Q_tlw"
"682","LBW","51.2.0",2005,651,"A","Q_tlw"
"682","LBW","51.2.0",2006,723,"A","Q_tlw"
"682","LBW","51.2.0",2007,482,"A","Q_tlw"
"682","LBW","51.2.0",2008,419,"A","Q_tlw"
"682","LBW","51.2.0",2009,597,"A","Q_tlw"
"682","LBW","51.2.0",2010,618,"A","Q_tlw"
"682","LBW","51.2.0",2011,737,"A","Q_tlw"
"682","LBW","51.2.0",2012,780,"A","Q_tlw"
"682","LBW","51.2.0",2013,710,"A","Q_tlw"
"682","LBW","51.2.0",2014,595,"A","Q_tlw"
"682","LBW","51.2.0",2015,689,"A","Q_tlw"
"682","LBW","51.2.0",2016,261.617,"A","Q_tlw"
"682","LBW","51.2.0",2017,260.874,"A","Q_tlw"
"682","LBW","51.2.0",2018,267.145,"A","Q_tlw"
"682","LBW","51.2.0",2019,260.312,"A","Q_tlw"
"682","LBW","51.2.0",2020,254.308,"A","Q_tlw"
"682","LBW","51.2.0",2021,249.129,"A","Q_tlw"
"682","LBW","51.2.0",2022,252.672,"A","Q_tlw"
"682","LBW","51.2.0",2023,269.939,"I","Q_tlw"
"682","LTK","51.2.0",2016,1.557,"A","Q_tlw"
"682","LTK","51.2.0",2017,1.553,"A","Q_tlw"
"682","LTK","51.2.0",2018,1.59,"A","Q_tlw"
"682","LTK","51.2.0",2019,1.549,"A","Q_tlw"
"682","LTK","51.2.0",2020,1.514,"A","Q_tlw"
"682","LTK","51.2.0",2021,1.483,"A","Q_tlw"
"682","LTK","51.2.0",2022,1.504,"A","Q_tlw"
"682","LTK","51.2.0",2023,1.209,"I","Q_tlw"
"682","LTS","51.2.0",1986,0,"A","Q_tlw"
"682","LTS","51.2.0",1987,0,"A","Q_tlw"
"682","LTS","51.2.0",1988,0,"A","Q_tlw"
"682","LTS","51.2.0",1989,0,"A","Q_tlw"
"682","LTS","51.2.0",1990,0,"A","Q_tlw"
"682","LTS","51.2.0",1991,0,"A","Q_tlw"
"682","LTS","51.2.0",1992,0,"A","Q_tlw"
"682","LTS","51.2.0",1993,0,"A","Q_tlw"
"682","LTS","51.2.0",1994,0,"A","Q_tlw"
"682","LTS","51.2.0",1995,0,"A","Q_tlw"
"682","LTS","51.2.0",1996,0,"A","Q_tlw"
"682","LTS","51.2.0",1997,0,"A","Q_tlw"
"682","LTS","51.2.0",1998,0,"A","Q_tlw"
"682","LTS","51.2.0",1999,0,"A","Q_tlw"
"682","LTS","51.2.0",2000,2024,"A","Q_tlw"
"682","LTS","51.2.0",2001,2457,"A","Q_tlw"
"682","LTS","51.2.0",2002,2257,"A","Q_tlw"
"682","LTS","51.2.0",2003,2388,"A","Q_tlw"
"682","LTS","51.2.0",2004,2095,"A","Q_tlw"
"682","LTS","51.2.0",2005,2262,"A","Q_tlw"
"682","LTS","51.2.0",2006,2426,"A","Q_tlw"
"682","LTS","51.2.0",2007,2471,"A","Q_tlw"
"682","LTS","51.2.0",2008,2052,"A","Q_tlw"
"682","LTS","51.2.0",2009,2736,"A","Q_tlw"
"682","LTS","51.2.0",2010,2206,"A","Q_tlw"
"682","LTS","51.2.0",2011,2862,"A","Q_tlw"
"682","LTS","51.2.0",2012,3030,"A","Q_tlw"
"682","LTS","51.2.0",2013,2906,"A","Q_tlw"
"682","LTS","51.2.0",2014,2607,"A","Q_tlw"
"682","LTS","51.2.0",2015,2483,"A","Q_tlw"
"682","LTS","51.2.0",2016,218.014,"A","Q_tlw"
"682","LTS","51.2.0",2017,217.395,"A","Q_tlw"
"682","LTS","51.2.0",2018,222.621,"A","Q_tlw"
"682","LTS","51.2.0",2019,216.926,"A","Q_tlw"
"682","LTS","51.2.0",2020,211.923,"A","Q_tlw"
"682","LTS","51.2.0",2021,207.608,"A","Q_tlw"
"682","LTS","51.2.0",2022,210.56,"A","Q_tlw"
"682","LTS","51.2.0",2023,226.836,"I","Q_tlw"
"682","LTQ","51.2.0",1986,0,"A","Q_tlw"
"682","LTQ","51.2.0",1987,0,"A","Q_tlw"
"682","LTQ","51.2.0",1988,0,"A","Q_tlw"
"682","LTQ","51.2.0",1989,0,"A","Q_tlw"
"682","LTQ","51.2.0",1990,0,"A","Q_tlw"
"682","LTQ","51.2.0",1991,0,"A","Q_tlw"
"682","LTQ","51.2.0",1992,0,"A","Q_tlw"
"682","LTQ","51.2.0",1993,0,"A","Q_tlw"
"682","LTQ","51.2.0",1994,0,"A","Q_tlw"
"682","LTQ","51.2.0",1995,0,"A","Q_tlw"
"682","LTQ","51.2.0",1996,0,"A","Q_tlw"
"682","LTQ","51.2.0",1997,0,"A","Q_tlw"
"682","LTQ","51.2.0",1998,0,"A","Q_tlw"
"682","LTQ","51.2.0",1999,0,"A","Q_tlw"
"682","LTQ","51.2.0",2000,0,"A","Q_tlw"
"682","LTQ","51.2.0",2001,0,"A","Q_tlw"
"682","LTQ","51.2.0",2002,0,"A","Q_tlw"
"682","LTQ","51.2.0",2003,0,"A","Q_tlw"
"682","LTQ","51.2.0",2004,0,"A","Q_tlw"
"682","LTQ","51.2.0",2005,0,"A","Q_tlw"
"682","LTQ","51.2.0",2006,0,"A","Q_tlw"
"682","LTQ","51.2.0",2007,0,"A","Q_tlw"
"682","LTQ","51.2.0",2008,0,"A","Q_tlw"
"682","LTQ","51.2.0",2009,0,"A","Q_tlw"
"682","LTQ","51.2.0",2010,0,"A","Q_tlw"
"682","LTQ","51.2.0",2011,0,"A","Q_tlw"
"682","LTQ","51.2.0",2012,0,"A","Q_tlw"
"682","LTQ","51.2.0",2013,0,"A","Q_tlw"
"682","LTQ","51.2.0",2014,0,"A","Q_tlw"
"682","LTQ","51.2.0",2015,28,"A","Q_tlw"
"682","LTQ","51.2.0",2016,12.458,"A","Q_tlw"
"682","LTQ","51.2.0",2017,12.423,"A","Q_tlw"
"682","LTQ","51.2.0",2018,12.721,"A","Q_tlw"
"682","LTQ","51.2.0",2019,12.396,"A","Q_tlw"
"682","LTQ","51.2.0",2020,12.11,"A","Q_tlw"
"682","LTQ","51.2.0",2021,11.863,"A","Q_tlw"
"682","LTQ","51.2.0",2022,12.032,"A","Q_tlw"
"682","LTQ","51.2.0",2023,12.322,"I","Q_tlw"
"682","LEN","51.2.0",1986,0,"A","Q_tlw"
"682","LEN","51.2.0",1987,0,"A","Q_tlw"
"682","LEN","51.2.0",1988,0,"A","Q_tlw"
"682","LEN","51.2.0",1989,0,"A","Q_tlw"
"682","LEN","51.2.0",1990,0,"A","Q_tlw"
"682","LEN","51.2.0",1991,0,"A","Q_tlw"
"682","LEN","51.2.0",1992,0,"A","Q_tlw"
"682","LEN","51.2.0",1993,0,"A","Q_tlw"
"682","LEN","51.2.0",1994,0,"A","Q_tlw"
"682","LEN","51.2.0",1995,0,"A","Q_tlw"
"682","LEN","51.2.0",1996,0,"A","Q_tlw"
"682","LEN","51.2.0",1997,0,"A","Q_tlw"
"682","LEN","51.2.0",1998,0,"A","Q_tlw"
"682","LEN","51.2.0",1999,0,"A","Q_tlw"
"682","LEN","51.2.0",2000,44,"A","Q_tlw"
"682","LEN","51.2.0",2001,59,"A","Q_tlw"
"682","LEN","51.2.0",2002,88,"A","Q_tlw"
"682","LEN","51.2.0",2003,87,"A","Q_tlw"
"682","LEN","51.2.0",2004,36,"A","Q_tlw"
"682","LEN","51.2.0",2005,70,"A","Q_tlw"
"682","LEN","51.2.0",2006,46,"A","Q_tlw"
"682","LEN","51.2.0",2007,59,"A","Q_tlw"
"682","LEN","51.2.0",2008,80,"A","Q_tlw"
"682","LEN","51.2.0",2009,102,"A","Q_tlw"
"682","LEN","51.2.0",2010,72,"A","Q_tlw"
"682","LEN","51.2.0",2011,72,"A","Q_tlw"
"682","LEN","51.2.0",2012,76,"A","Q_tlw"
"682","LEN","51.2.0",2013,0,"A","Q_tlw"
"682","LEN","51.2.0",2014,0,"A","Q_tlw"
"682","LEN","51.2.0",2015,51,"A","Q_tlw"
"682","LEN","51.2.0",2016,93.435,"A","Q_tlw"
"682","LEN","51.2.0",2017,93.169,"A","Q_tlw"
"682","LEN","51.2.0",2018,95.409,"A","Q_tlw"
"682","LEN","51.2.0",2019,92.968,"A","Q_tlw"
"682","LEN","51.2.0",2020,90.824,"A","Q_tlw"
"682","LEN","51.2.0",2021,88.975,"A","Q_tlw"
"682","LEN","51.2.0",2022,90.24,"A","Q_tlw"
"682","LEN","51.2.0",2023,97.398,"I","Q_tlw"
"682","LHN","51.2.0",2016,998.193,"A","Q_tlw"
"682","LHN","51.2.0",2017,995.358,"A","Q_tlw"
"682","LHN","51.2.0",2018,1019.286,"A","Q_tlw"
"682","LHN","51.2.0",2019,993.213,"A","Q_tlw"
"682","LHN","51.2.0",2020,970.305,"A","Q_tlw"
"682","LHN","51.2.0",2021,950.548,"A","Q_tlw"
"682","LHN","51.2.0",2022,964.064,"A","Q_tlw"
"682","LHN","51.2.0",2023,1038.888,"I","Q_tlw"
"682","LWO","51.2.0",2016,4.672,"A","Q_tlw"
"682","LWO","51.2.0",2017,4.658,"A","Q_tlw"
"682","LWO","51.2.0",2018,4.77,"A","Q_tlw"
"682","LWO","51.2.0",2019,4.648,"A","Q_tlw"
"682","LWO","51.2.0",2020,4.541,"A","Q_tlw"
"682","LWO","51.2.0",2021,4.449,"A","Q_tlw"
"682","LWO","51.2.0",2022,4.512,"A","Q_tlw"
"682","LWO","51.2.0",2023,4.221,"I","Q_tlw"
"682","LHO","51.2.0",2016,127.694,"A","Q_tlw"
"682","LHO","51.2.0",2017,127.331,"A","Q_tlw"
"682","LHO","51.2.0",2018,130.392,"A","Q_tlw"
"682","LHO","51.2.0",2019,127.057,"A","Q_tlw"
"682","LHO","51.2.0",2020,124.2,"A","Q_tlw"
"682","LHO","51.2.0",2021,121.599,"A","Q_tlw"
"682","LHO","51.2.0",2022,123.328,"A","Q_tlw"
"682","LHO","51.2.0",2023,132.9,"I","Q_tlw"
"682","LXN","51.2.0",2016,9.343,"A","Q_tlw"
"682","LXN","51.2.0",2017,9.317,"A","Q_tlw"
"682","LXN","51.2.0",2018,9.541,"A","Q_tlw"
"682","LXN","51.2.0",2019,9.297,"A","Q_tlw"
"682","LXN","51.2.0",2020,9.082,"A","Q_tlw"
"682","LXN","51.2.0",2021,8.897,"A","Q_tlw"
"682","LXN","51.2.0",2022,9.024,"A","Q_tlw"
"682","LXN","51.2.0",2023,8.761,"I","Q_tlw"
"682","SBX","51.2.0",1986,793,"A","Q_tlw"
"682","SBX","51.2.0",1987,793,"A","Q_tlw"
"682","SBX","51.2.0",1988,368,"A","Q_tlw"
"682","SBX","51.2.0",1989,444,"A","Q_tlw"
"682","SBX","51.2.0",1990,635,"A","Q_tlw"
"682","SBX","51.2.0",1991,678,"A","Q_tlw"
"682","SBX","51.2.0",1992,785,"A","Q_tlw"
"682","SBX","51.2.0",1993,1001,"A","Q_tlw"
"682","SBX","51.2.0",1994,1743,"A","Q_tlw"
"682","SBX","51.2.0",1995,1185,"A","Q_tlw"
"682","SBX","51.2.0",1996,1366,"A","Q_tlw"
"682","SBX","51.2.0",1997,2031,"A","Q_tlw"
"682","SBX","51.2.0",1998,2308,"A","Q_tlw"
"682","SBX","51.2.0",1999,2293,"A","Q_tlw"
"682","SBX","51.2.0",2000,97,"A","Q_tlw"
"682","SBX","51.2.0",2001,7,"A","Q_tlw"
"682","SBX","51.2.0",2002,4,"A","Q_tlw"
"682","SBX","51.2.0",2003,5,"A","Q_tlw"
"682","SBX","51.2.0",2004,2,"A","Q_tlw"
"682","SBX","51.2.0",2005,5,"A","Q_tlw"
"682","SBX","51.2.0",2006,7,"A","Q_tlw"
"682","SBX","51.2.0",2007,0,"A","Q_tlw"
"682","SBX","51.2.0",2008,0,"A","Q_tlw"
"682","SBX","51.2.0",2009,0,"A","Q_tlw"
"682","SBX","51.2.0",2010,0,"A","Q_tlw"
"682","SBX","51.2.0",2011,0,"A","Q_tlw"
"682","SBX","51.2.0",2012,0,"A","Q_tlw"
"682","SBX","51.2.0",2013,0,"A","Q_tlw"
"682","SBX","51.2.0",2014,0,"A","Q_tlw"
"682","SBX","51.2.0",2015,0,"A","Q_tlw"
"682","SBX","51.2.0",2016,426.685,"A","Q_tlw"
"682","SBX","51.2.0",2017,425.473,"A","Q_tlw"
"682","SBX","51.2.0",2018,435.701,"A","Q_tlw"
"682","SBX","51.2.0",2019,424.556,"A","Q_tlw"
"682","SBX","51.2.0",2020,414.764,"A","Q_tlw"
"682","SBX","51.2.0",2021,406.318,"A","Q_tlw"
"682","SBX","51.2.0",2022,412.096,"A","Q_tlw"
"682","SBX","51.2.0",2023,443.1,"I","Q_tlw"
"682","MLB","51.2.0",1986,0,"A","Q_tlw"
"682","MLB","51.2.0",1987,0,"A","Q_tlw"
"682","MLB","51.2.0",1988,0,"A","Q_tlw"
"682","MLB","51.2.0",1989,0,"A","Q_tlw"
"682","MLB","51.2.0",1990,0,"A","Q_tlw"
"682","MLB","51.2.0",1991,0,"A","Q_tlw"
"682","MLB","51.2.0",1992,0,"A","Q_tlw"
"682","MLB","51.2.0",1993,0,"A","Q_tlw"
"682","MLB","51.2.0",1994,0,"A","Q_tlw"
"682","MLB","51.2.0",1995,0,"A","Q_tlw"
"682","MLB","51.2.0",1996,0,"A","Q_tlw"
"682","MLB","51.2.0",1997,0,"A","Q_tlw"
"682","MLB","51.2.0",1998,0,"A","Q_tlw"
"682","MLB","51.2.0",1999,0,"A","Q_tlw"
"682","MLB","51.2.0",2000,20,"A","Q_tlw"
"682","MLB","51.2.0",2001,27,"A","Q_tlw"
"682","MLB","51.2.0",2002,40,"A","Q_tlw"
"682","MLB","51.2.0",2003,14,"A","Q_tlw"
"682","MLB","51.2.0",2004,14,"A","Q_tlw"
"682","MLB","51.2.0",2005,27,"A","Q_tlw"
"682","MLB","51.2.0",2006,19,"A","Q_tlw"
"682","MLB","51.2.0",2007,63,"A","Q_tlw"
"682","MLB","51.2.0",2008,48,"A","Q_tlw"
"682","MLB","51.2.0",2009,35,"A","Q_tlw"
"682","MLB","51.2.0",2010,26,"A","Q_tlw"
"682","MLB","51.2.0",2011,49,"A","Q_tlw"
"682","MLB","51.2.0",2012,52,"A","Q_tlw"
"682","MLB","51.2.0",2013,47,"A","Q_tlw"
"682","MLB","51.2.0",2014,55,"A","Q_tlw"
"682","MLB","51.2.0",2015,46,"A","Q_tlw"
"682","MLB","51.2.0",2016,1.557,"A","Q_tlw"
"682","MLB","51.2.0",2017,1.553,"A","Q_tlw"
"682","MLB","51.2.0",2018,1.59,"A","Q_tlw"
"682","MLB","51.2.0",2019,1.549,"A","Q_tlw"
"682","MLB","51.2.0",2020,1.514,"A","Q_tlw"
"682","MLB","51.2.0",2021,1.483,"A","Q_tlw"
"682","MLB","51.2.0",2022,1.504,"A","Q_tlw"
"682","MLB","51.2.0",2023,0,"I","Q_tlw"
"682","AAB","51.2.0",1986,0,"A","Q_tlw"
"682","AAB","51.2.0",1987,0,"A","Q_tlw"
"682","AAB","51.2.0",1988,0,"A","Q_tlw"
"682","AAB","51.2.0",1989,0,"A","Q_tlw"
"682","AAB","51.2.0",1990,0,"A","Q_tlw"
"682","AAB","51.2.0",1991,0,"A","Q_tlw"
"682","AAB","51.2.0",1992,0,"A","Q_tlw"
"682","AAB","51.2.0",1993,0,"A","Q_tlw"
"682","AAB","51.2.0",1994,0,"A","Q_tlw"
"682","AAB","51.2.0",1995,0,"A","Q_tlw"
"682","AAB","51.2.0",1996,0,"A","Q_tlw"
"682","AAB","51.2.0",1997,0,"A","Q_tlw"
"682","AAB","51.2.0",1998,0,"A","Q_tlw"
"682","AAB","51.2.0",1999,0,"A","Q_tlw"
"682","AAB","51.2.0",2000,354,"A","Q_tlw"
"682","AAB","51.2.0",2001,362,"A","Q_tlw"
"682","AAB","51.2.0",2002,407,"A","Q_tlw"
"682","AAB","51.2.0",2003,423,"A","Q_tlw"
"682","AAB","51.2.0",2004,401,"A","Q_tlw"
"682","AAB","51.2.0",2005,371,"A","Q_tlw"
"682","AAB","51.2.0",2006,472,"A","Q_tlw"
"682","AAB","51.2.0",2007,629,"A","Q_tlw"
"682","AAB","51.2.0",2008,572,"A","Q_tlw"
"682","AAB","51.2.0",2009,598,"A","Q_tlw"
"682","AAB","51.2.0",2010,587,"A","Q_tlw"
"682","AAB","51.2.0",2011,581,"A","Q_tlw"
"682","AAB","51.2.0",2012,615,"A","Q_tlw"
"682","AAB","51.2.0",2013,671,"A","Q_tlw"
"682","AAB","51.2.0",2014,652,"A","Q_tlw"
"682","AAB","51.2.0",2015,672,"A","Q_tlw"
"682","AAB","51.2.0",2016,341.036,"A","Q_tlw"
"682","AAB","51.2.0",2017,340.068,"A","Q_tlw"
"682","AAB","51.2.0",2018,348.243,"A","Q_tlw"
"682","AAB","51.2.0",2019,339.335,"A","Q_tlw"
"682","AAB","51.2.0",2020,331.508,"A","Q_tlw"
"682","AAB","51.2.0",2021,324.758,"A","Q_tlw"
"682","AAB","51.2.0",2022,329.376,"A","Q_tlw"
"682","AAB","51.2.0",2023,351.951,"I","Q_tlw"
"682","YWF","51.2.0",1986,0,"A","Q_tlw"
"682","YWF","51.2.0",1987,0,"A","Q_tlw"
"682","YWF","51.2.0",1988,0,"A","Q_tlw"
"682","YWF","51.2.0",1989,0,"A","Q_tlw"
"682","YWF","51.2.0",1990,0,"A","Q_tlw"
"682","YWF","51.2.0",1991,0,"A","Q_tlw"
"682","YWF","51.2.0",1992,0,"A","Q_tlw"
"682","YWF","51.2.0",1993,0,"A","Q_tlw"
"682","YWF","51.2.0",1994,0,"A","Q_tlw"
"682","YWF","51.2.0",1995,0,"A","Q_tlw"
"682","YWF","51.2.0",1996,0,"A","Q_tlw"
"682","YWF","51.2.0",1997,0,"A","Q_tlw"
"682","YWF","51.2.0",1998,0,"A","Q_tlw"
"682","YWF","51.2.0",1999,0,"A","Q_tlw"
"682","YWF","51.2.0",2000,0,"A","Q_tlw"
"682","YWF","51.2.0",2001,79,"A","Q_tlw"
"682","YWF","51.2.0",2002,129,"A","Q_tlw"
"682","YWF","51.2.0",2003,149,"A","Q_tlw"
"682","YWF","51.2.0",2004,125,"A","Q_tlw"
"682","YWF","51.2.0",2005,131,"A","Q_tlw"
"682","YWF","51.2.0",2006,139,"A","Q_tlw"
"682","YWF","51.2.0",2007,147,"A","Q_tlw"
"682","YWF","51.2.0",2008,210,"A","Q_tlw"
"682","YWF","51.2.0",2009,247,"A","Q_tlw"
"682","YWF","51.2.0",2010,342,"A","Q_tlw"
"682","YWF","51.2.0",2011,295,"A","Q_tlw"
"682","YWF","51.2.0",2012,312,"A","Q_tlw"
"682","YWF","51.2.0",2013,276,"A","Q_tlw"
"682","YWF","51.2.0",2014,219,"A","Q_tlw"
"682","YWF","51.2.0",2015,222,"A","Q_tlw"
"682","YWF","51.2.0",2016,48.275,"A","Q_tlw"
"682","YWF","51.2.0",2017,48.137,"A","Q_tlw"
"682","YWF","51.2.0",2018,49.295,"A","Q_tlw"
"682","YWF","51.2.0",2019,48.034,"A","Q_tlw"
"682","YWF","51.2.0",2020,46.926,"A","Q_tlw"
"682","YWF","51.2.0",2021,45.97,"A","Q_tlw"
"682","YWF","51.2.0",2022,46.624,"A","Q_tlw"
"682","YWF","51.2.0",2023,49.109,"I","Q_tlw"
"682","KBR","51.2.0",1986,0,"A","Q_tlw"
"682","KBR","51.2.0",1987,0,"A","Q_tlw"
"682","KBR","51.2.0",1988,0,"A","Q_tlw"
"682","KBR","51.2.0",1989,0,"A","Q_tlw"
"682","KBR","51.2.0",1990,0,"A","Q_tlw"
"682","KBR","51.2.0",1991,0,"A","Q_tlw"
"682","KBR","51.2.0",1992,0,"A","Q_tlw"
"682","KBR","51.2.0",1993,0,"A","Q_tlw"
"682","KBR","51.2.0",1994,0,"A","Q_tlw"
"682","KBR","51.2.0",1995,0,"A","Q_tlw"
"682","KBR","51.2.0",1996,0,"A","Q_tlw"
"682","KBR","51.2.0",1997,0,"A","Q_tlw"
"682","KBR","51.2.0",1998,0,"A","Q_tlw"
"682","KBR","51.2.0",1999,0,"A","Q_tlw"
"682","KBR","51.2.0",2000,1070,"A","Q_tlw"
"682","KBR","51.2.0",2001,1692,"A","Q_tlw"
"682","KBR","51.2.0",2002,1242,"A","Q_tlw"
"682","KBR","51.2.0",2003,1973,"A","Q_tlw"
"682","KBR","51.2.0",2004,1592,"A","Q_tlw"
"682","KBR","51.2.0",2005,1897,"A","Q_tlw"
"682","KBR","51.2.0",2006,1979,"A","Q_tlw"
"682","KBR","51.2.0",2007,1624,"A","Q_tlw"
"682","KBR","51.2.0",2008,1680,"A","Q_tlw"
"682","KBR","51.2.0",2009,1329,"A","Q_tlw"
"682","KBR","51.2.0",2010,1547,"A","Q_tlw"
"682","KBR","51.2.0",2011,2385,"A","Q_tlw"
"682","KBR","51.2.0",2012,2524,"A","Q_tlw"
"682","KBR","51.2.0",2013,2061,"A","Q_tlw"
"682","KBR","51.2.0",2014,1822,"A","Q_tlw"
"682","KBR","51.2.0",2015,2002,"A","Q_tlw"
"682","KBR","51.2.0",2016,2119.409,"A","Q_tlw"
"682","KBR","51.2.0",2017,2113.389,"A","Q_tlw"
"682","KBR","51.2.0",2018,2164.194,"A","Q_tlw"
"682","KBR","51.2.0",2019,2108.834,"A","Q_tlw"
"682","KBR","51.2.0",2020,2060.195,"A","Q_tlw"
"682","KBR","51.2.0",2021,2018.245,"A","Q_tlw"
"682","KBR","51.2.0",2022,2046.944,"A","Q_tlw"
"682","KBR","51.2.0",2023,2206.914,"I","Q_tlw"
"682","CWC","51.2.0",1986,0,"A","Q_tlw"
"682","CWC","51.2.0",1987,0,"A","Q_tlw"
"682","CWC","51.2.0",1988,0,"A","Q_tlw"
"682","CWC","51.2.0",1989,0,"A","Q_tlw"
"682","CWC","51.2.0",1990,0,"A","Q_tlw"
"682","CWC","51.2.0",1991,0,"A","Q_tlw"
"682","CWC","51.2.0",1992,0,"A","Q_tlw"
"682","CWC","51.2.0",1993,0,"A","Q_tlw"
"682","CWC","51.2.0",1994,0,"A","Q_tlw"
"682","CWC","51.2.0",1995,0,"A","Q_tlw"
"682","CWC","51.2.0",1996,0,"A","Q_tlw"
"682","CWC","51.2.0",1997,0,"A","Q_tlw"
"682","CWC","51.2.0",1998,0,"A","Q_tlw"
"682","CWC","51.2.0",1999,0,"A","Q_tlw"
"682","CWC","51.2.0",2000,0,"A","Q_tlw"
"682","CWC","51.2.0",2001,0,"A","Q_tlw"
"682","CWC","51.2.0",2002,638,"A","Q_tlw"
"682","CWC","51.2.0",2004,100,"A","Q_tlw"
"682","CWC","51.2.0",2007,78,"A","Q_tlw"
"682","CWC","51.2.0",2008,37,"A","Q_tlw"
"682","CWC","51.2.0",2009,48,"A","Q_tlw"
"682","CWC","51.2.0",2010,35,"A","Q_tlw"
"682","CWC","51.2.0",2011,66,"A","Q_tlw"
"682","CWC","51.2.0",2012,70,"A","Q_tlw"
"682","CWC","51.2.0",2013,52,"A","Q_tlw"
"682","CWC","51.2.0",2014,65,"A","Q_tlw"
"682","CWC","51.2.0",2015,57,"A","Q_tlw"
"682","SWJ","51.2.0",2016,35.817,"A","Q_tlw"
"682","SWJ","51.2.0",2017,35.715,"A","Q_tlw"
"682","SWJ","51.2.0",2018,36.573,"A","Q_tlw"
"682","SWJ","51.2.0",2019,35.638,"A","Q_tlw"
"682","SWJ","51.2.0",2020,34.816,"A","Q_tlw"
"682","SWJ","51.2.0",2021,34.107,"A","Q_tlw"
"682","SWJ","51.2.0",2022,34.592,"A","Q_tlw"
"682","SWJ","51.2.0",2023,35.763,"I","Q_tlw"
"682","RXS","51.2.0",1986,0,"A","Q_tlw"
"682","RXS","51.2.0",1987,0,"A","Q_tlw"
"682","RXS","51.2.0",1988,0,"A","Q_tlw"
"682","RXS","51.2.0",1989,0,"A","Q_tlw"
"682","RXS","51.2.0",1990,0,"A","Q_tlw"
"682","RXS","51.2.0",1991,0,"A","Q_tlw"
"682","RXS","51.2.0",1992,0,"A","Q_tlw"
"682","RXS","51.2.0",1993,0,"A","Q_tlw"
"682","RXS","51.2.0",1994,0,"A","Q_tlw"
"682","RXS","51.2.0",1995,0,"A","Q_tlw"
"682","RXS","51.2.0",1996,0,"A","Q_tlw"
"682","RXS","51.2.0",1997,0,"A","Q_tlw"
"682","RXS","51.2.0",1998,0,"A","Q_tlw"
"682","RXS","51.2.0",1999,0,"A","Q_tlw"
"682","RXS","51.2.0",2000,532,"A","Q_tlw"
"682","RXS","51.2.0",2001,658,"A","Q_tlw"
"682","RXS","51.2.0",2002,886,"A","Q_tlw"
"682","RXS","51.2.0",2003,1087,"A","Q_tlw"
"682","RXS","51.2.0",2004,1076,"A","Q_tlw"
"682","RXS","51.2.0",2005,1013,"A","Q_tlw"
"682","RXS","51.2.0",2006,1215,"A","Q_tlw"
"682","RXS","51.2.0",2007,1313,"A","Q_tlw"
"682","RXS","51.2.0",2008,1226,"A","Q_tlw"
"682","RXS","51.2.0",2009,1275,"A","Q_tlw"
"682","RXS","51.2.0",2010,1321,"A","Q_tlw"
"682","RXS","51.2.0",2011,1224,"A","Q_tlw"
"682","RXS","51.2.0",2012,1295,"A","Q_tlw"
"682","RXS","51.2.0",2013,1475,"A","Q_tlw"
"682","RXS","51.2.0",2014,1395,"A","Q_tlw"
"682","RXS","51.2.0",2015,1385,"A","Q_tlw"
"682","RXS","51.2.0",2016,527.906,"A","Q_tlw"
"682","RXS","51.2.0",2017,526.406,"A","Q_tlw"
"682","RXS","51.2.0",2018,539.061,"A","Q_tlw"
"682","RXS","51.2.0",2019,525.272,"A","Q_tlw"
"682","RXS","51.2.0",2020,513.157,"A","Q_tlw"
"682","RXS","51.2.0",2021,502.708,"A","Q_tlw"
"682","RXS","51.2.0",2022,509.856,"A","Q_tlw"
"682","RXS","51.2.0",2023,549.212,"I","Q_tlw"
"682","RSS","51.2.0",2016,9.343,"A","Q_tlw"
"682","RSS","51.2.0",2017,9.317,"A","Q_tlw"
"682","RSS","51.2.0",2018,9.541,"A","Q_tlw"
"682","RSS","51.2.0",2019,9.297,"A","Q_tlw"
"682","RSS","51.2.0",2020,9.082,"A","Q_tlw"
"682","RSS","51.2.0",2021,8.897,"A","Q_tlw"
"682","RSS","51.2.0",2022,9.024,"A","Q_tlw"
"682","RSS","51.2.0",2023,8.685,"I","Q_tlw"
"682","SZH","51.2.0",1986,0,"A","Q_tlw"
"682","SZH","51.2.0",1987,0,"A","Q_tlw"
"682","SZH","51.2.0",1988,0,"A","Q_tlw"
"682","SZH","51.2.0",1989,0,"A","Q_tlw"
"682","SZH","51.2.0",1990,0,"A","Q_tlw"
"682","SZH","51.2.0",1991,0,"A","Q_tlw"
"682","SZH","51.2.0",1992,0,"A","Q_tlw"
"682","SZH","51.2.0",1993,0,"A","Q_tlw"
"682","SZH","51.2.0",1994,0,"A","Q_tlw"
"682","SZH","51.2.0",1995,0,"A","Q_tlw"
"682","SZH","51.2.0",1996,0,"A","Q_tlw"
"682","SZH","51.2.0",1997,0,"A","Q_tlw"
"682","SZH","51.2.0",1998,0,"A","Q_tlw"
"682","SZH","51.2.0",1999,0,"A","Q_tlw"
"682","SZH","51.2.0",2000,72,"A","Q_tlw"
"682","SZH","51.2.0",2001,72,"A","Q_tlw"
"682","SZH","51.2.0",2002,107,"A","Q_tlw"
"682","SZH","51.2.0",2003,82,"A","Q_tlw"
"682","SZH","51.2.0",2004,65,"A","Q_tlw"
"682","SZH","51.2.0",2005,104,"A","Q_tlw"
"682","SZH","51.2.0",2006,65,"A","Q_tlw"
"682","SZH","51.2.0",2007,70,"A","Q_tlw"
"682","SZH","51.2.0",2008,122,"A","Q_tlw"
"682","SZH","51.2.0",2009,100,"A","Q_tlw"
"682","SZH","51.2.0",2010,210,"A","Q_tlw"
"682","SZH","51.2.0",2011,169,"A","Q_tlw"
"682","SZH","51.2.0",2012,179,"A","Q_tlw"
"682","SZH","51.2.0",2013,154,"A","Q_tlw"
"682","SZH","51.2.0",2014,112,"A","Q_tlw"
"682","SZH","51.2.0",2015,106,"A","Q_tlw"
"682","SZH","51.2.0",2016,56.061,"A","Q_tlw"
"682","SZH","51.2.0",2017,55.902,"A","Q_tlw"
"682","SZH","51.2.0",2018,57.245,"A","Q_tlw"
"682","SZH","51.2.0",2019,55.781,"A","Q_tlw"
"682","SZH","51.2.0",2020,54.495,"A","Q_tlw"
"682","SZH","51.2.0",2021,53.385,"A","Q_tlw"
"682","SZH","51.2.0",2022,54.144,"A","Q_tlw"
"682","SZH","51.2.0",2023,54.541,"I","Q_tlw"
"682","SPI","51.2.0",1986,263,"A","Q_tlw"
"682","SPI","51.2.0",1987,263,"A","Q_tlw"
"682","SPI","51.2.0",1988,200,"A","Q_tlw"
"682","SPI","51.2.0",1989,489,"A","Q_tlw"
"682","SPI","51.2.0",1990,900,"A","Q_tlw"
"682","SPI","51.2.0",1991,705,"A","Q_tlw"
"682","SPI","51.2.0",1992,1214,"A","Q_tlw"
"682","SPI","51.2.0",1993,1209,"A","Q_tlw"
"682","SPI","51.2.0",1994,1748,"A","Q_tlw"
"682","SPI","51.2.0",1995,1524,"A","Q_tlw"
"682","SPI","51.2.0",1996,1900,"A","Q_tlw"
"682","SPI","51.2.0",1997,1325,"A","Q_tlw"
"682","SPI","51.2.0",1998,1189,"A","Q_tlw"
"682","SPI","51.2.0",1999,1215,"A","Q_tlw"
"682","SPI","51.2.0",2000,1427,"A","Q_tlw"
"682","SPI","51.2.0",2001,1573,"A","Q_tlw"
"682","SPI","51.2.0",2002,1573,"A","Q_tlw"
"682","SPI","51.2.0",2003,1901,"A","Q_tlw"
"682","SPI","51.2.0",2004,2051,"A","Q_tlw"
"682","SPI","51.2.0",2005,2190,"A","Q_tlw"
"682","SPI","51.2.0",2006,2141,"A","Q_tlw"
"682","SPI","51.2.0",2007,1738,"A","Q_tlw"
"682","SPI","51.2.0",2008,1624,"A","Q_tlw"
"682","SPI","51.2.0",2009,1811,"A","Q_tlw"
"682","SPI","51.2.0",2010,1906,"A","Q_tlw"
"682","SPI","51.2.0",2011,1432,"A","Q_tlw"
"682","SPI","51.2.0",2012,1515,"A","Q_tlw"
"682","SPI","51.2.0",2013,2068,"A","Q_tlw"
"682","SPI","51.2.0",2014,1866,"A","Q_tlw"
"682","SPI","51.2.0",2015,1795,"A","Q_tlw"
"682","SPI","51.2.0",2016,76.305,"A","Q_tlw"
"682","SPI","51.2.0",2017,76.088,"A","Q_tlw"
"682","SPI","51.2.0",2018,77.917,"A","Q_tlw"
"682","SPI","51.2.0",2019,75.924,"A","Q_tlw"
"682","SPI","51.2.0",2020,74.173,"A","Q_tlw"
"682","SPI","51.2.0",2021,72.663,"A","Q_tlw"
"682","SPI","51.2.0",2022,73.696,"A","Q_tlw"
"682","SPI","51.2.0",2023,75.517,"I","Q_tlw"
"682","IGV","51.2.0",2016,14.015,"A","Q_tlw"
"682","IGV","51.2.0",2017,13.975,"A","Q_tlw"
"682","IGV","51.2.0",2018,14.311,"A","Q_tlw"
"682","IGV","51.2.0",2019,13.945,"A","Q_tlw"
"682","IGV","51.2.0",2020,13.624,"A","Q_tlw"
"682","IGV","51.2.0",2021,13.346,"A","Q_tlw"
"682","IGV","51.2.0",2022,13.536,"A","Q_tlw"
"682","IGV","51.2.0",2023,13.219,"I","Q_tlw"
"682","SRI","51.2.0",2016,1304.97,"A","Q_tlw"
"682","SRI","51.2.0",2017,1301.264,"A","Q_tlw"
"682","SRI","51.2.0",2018,1332.546,"A","Q_tlw"
"682","SRI","51.2.0",2019,1298.459,"A","Q_tlw"
"682","SRI","51.2.0",2020,1268.511,"A","Q_tlw"
"682","SRI","51.2.0",2021,1242.681,"A","Q_tlw"
"682","SRI","51.2.0",2022,1260.352,"A","Q_tlw"
"682","SRI","51.2.0",2023,1357.991,"I","Q_tlw"
"682","IUT","51.2.0",2016,10.901,"A","Q_tlw"
"682","IUT","51.2.0",2017,10.87,"A","Q_tlw"
"682","IUT","51.2.0",2018,11.131,"A","Q_tlw"
"682","IUT","51.2.0",2019,10.846,"A","Q_tlw"
"682","IUT","51.2.0",2020,10.596,"A","Q_tlw"
"682","IUT","51.2.0",2021,10.38,"A","Q_tlw"
"682","IUT","51.2.0",2022,10.528,"A","Q_tlw"
"682","IUT","51.2.0",2023,11.145,"I","Q_tlw"
"682","CLU","51.2.0",1986,143,"A","Q_tlw"
"682","CLU","51.2.0",1987,143,"A","Q_tlw"
"682","CLU","51.2.0",1988,0,"A","Q_tlw"
"682","CLU","51.2.0",1989,84,"A","Q_tlw"
"682","CLU","51.2.0",1990,229,"A","Q_tlw"
"682","CLU","51.2.0",1991,146,"A","Q_tlw"
"682","CLU","51.2.0",1992,150,"A","Q_tlw"
"682","CLU","51.2.0",1993,164,"A","Q_tlw"
"682","CLU","51.2.0",1994,161,"A","Q_tlw"
"682","CLU","51.2.0",1995,179,"A","Q_tlw"
"682","CLU","51.2.0",1996,120,"A","Q_tlw"
"682","CLU","51.2.0",1997,89,"A","Q_tlw"
"682","CLU","51.2.0",1998,48,"A","Q_tlw"
"682","CLU","51.2.0",1999,108,"A","Q_tlw"
"682","CLU","51.2.0",2000,96,"A","Q_tlw"
"682","CLU","51.2.0",2001,90,"A","Q_tlw"
"682","CLU","51.2.0",2002,150,"A","Q_tlw"
"682","CLU","51.2.0",2003,110,"A","Q_tlw"
"682","CLU","51.2.0",2004,140,"A","Q_tlw"
"682","CLU","51.2.0",2005,140,"A","Q_tlw"
"682","CLU","51.2.0",2006,108,"A","Q_tlw"
"682","CLU","51.2.0",2007,177,"A","Q_tlw"
"682","CLU","51.2.0",2008,205,"A","Q_tlw"
"682","CLU","51.2.0",2009,251,"A","Q_tlw"
"682","CLU","51.2.0",2010,51,"A","Q_tlw"
"682","CLU","51.2.0",2011,65,"A","Q_tlw"
"682","CLU","51.2.0",2012,69,"A","Q_tlw"
"682","CLU","51.2.0",2013,211,"A","Q_tlw"
"682","CLU","51.2.0",2014,164,"A","Q_tlw"
"682","CLU","51.2.0",2015,165,"A","Q_tlw"
"682","DOS","51.2.0",2016,15.572,"A","Q_tlw"
"682","DOS","51.2.0",2017,15.528,"A","Q_tlw"
"682","DOS","51.2.0",2018,15.901,"A","Q_tlw"
"682","DOS","51.2.0",2019,15.495,"A","Q_tlw"
"682","DOS","51.2.0",2020,15.137,"A","Q_tlw"
"682","DOS","51.2.0",2021,14.829,"A","Q_tlw"
"682","DOS","51.2.0",2022,15.04,"A","Q_tlw"
"682","DOS","51.2.0",2023,15.966,"I","Q_tlw"
"682","DOB","51.2.0",2016,80.977,"A","Q_tlw"
"682","DOB","51.2.0",2017,80.747,"A","Q_tlw"
"682","DOB","51.2.0",2018,82.688,"A","Q_tlw"
"682","DOB","51.2.0",2019,80.573,"A","Q_tlw"
"682","DOB","51.2.0",2020,78.714,"A","Q_tlw"
"682","DOB","51.2.0",2021,77.111,"A","Q_tlw"
"682","DOB","51.2.0",2022,78.208,"A","Q_tlw"
"682","DOB","51.2.0",2023,83.772,"I","Q_tlw"
"682","CNU","51.2.0",1992,0,"A","Q_tlw"
"682","CNU","51.2.0",1993,0,"A","Q_tlw"
"682","CNU","51.2.0",1994,0,"A","Q_tlw"
"682","CNU","51.2.0",1995,0,"A","Q_tlw"
"682","CNU","51.2.0",1996,0,"A","Q_tlw"
"682","CNU","51.2.0",1997,0,"A","Q_tlw"
"682","CNU","51.2.0",1998,8,"A","Q_tlw"
"682","CNU","51.2.0",1999,7,"A","Q_tlw"
"682","CNU","51.2.0",2000,10,"A","Q_tlw"
"682","CNU","51.2.0",2001,23,"A","Q_tlw"
"682","CNU","51.2.0",2002,21,"A","Q_tlw"
"682","CNU","51.2.0",2003,48,"A","Q_tlw"
"682","CNU","51.2.0",2004,40,"A","Q_tlw"
"682","CNU","51.2.0",2005,37,"A","Q_tlw"
"682","CNU","51.2.0",2006,70,"A","Q_tlw"
"682","CNU","51.2.0",2007,21,"A","Q_tlw"
"682","CNU","51.2.0",2008,43,"A","Q_tlw"
"682","CNU","51.2.0",2009,29,"A","Q_tlw"
"682","CNU","51.2.0",2010,19,"A","Q_tlw"
"682","CNU","51.2.0",2011,25,"A","Q_tlw"
"682","CNU","51.2.0",2012,27,"A","Q_tlw"
"682","CNU","51.2.0",2013,38,"A","Q_tlw"
"682","CNU","51.2.0",2014,30,"A","Q_tlw"
"682","CNU","51.2.0",2015,26,"A","Q_tlw"
"682","CNU","51.2.0",2016,24.916,"A","Q_tlw"
"682","CNU","51.2.0",2017,24.845,"A","Q_tlw"
"682","CNU","51.2.0",2018,25.442,"A","Q_tlw"
"682","CNU","51.2.0",2019,24.792,"A","Q_tlw"
"682","CNU","51.2.0",2020,24.22,"A","Q_tlw"
"682","CNU","51.2.0",2021,23.727,"A","Q_tlw"
"682","CNU","51.2.0",2022,24.064,"A","Q_tlw"
"682","CNU","51.2.0",2023,22.448,"I","Q_tlw"
"682","SIX","51.2.0",2016,4.672,"A","Q_tlw"
"682","SIX","51.2.0",2017,4.658,"A","Q_tlw"
"682","SIX","51.2.0",2018,4.77,"A","Q_tlw"
"682","SIX","51.2.0",2019,4.648,"A","Q_tlw"
"682","SIX","51.2.0",2020,4.541,"A","Q_tlw"
"682","SIX","51.2.0",2021,4.449,"A","Q_tlw"
"682","SIX","51.2.0",2022,4.512,"A","Q_tlw"
"682","SIX","51.2.0",2023,4.539,"I","Q_tlw"
"682","TUX","51.2.0",1986,54,"A","Q_tlw"
"682","TUX","51.2.0",1987,5,"A","Q_tlw"
"682","TUX","51.2.0",1988,47,"A","Q_tlw"
"682","TUX","51.2.0",1989,55,"A","Q_tlw"
"682","TUX","51.2.0",1990,102,"A","Q_tlw"
"682","TUX","51.2.0",1991,250,"A","Q_tlw"
"682","TUX","51.2.0",1992,160,"A","Q_tlw"
"682","TUX","51.2.0",1993,330,"A","Q_tlw"
"682","TUX","51.2.0",1994,723,"A","Q_tlw"
"682","TUX","51.2.0",1995,692,"A","Q_tlw"
"682","TUX","51.2.0",1996,699,"A","Q_tlw"
"682","TUX","51.2.0",1997,791,"A","Q_tlw"
"682","TUX","51.2.0",1998,738,"A","Q_tlw"
"682","TUX","51.2.0",1999,776,"A","Q_tlw"
"682","TUX","51.2.0",2000,671,"A","Q_tlw"
"682","TUX","51.2.0",2001,1066,"A","Q_tlw"
"682","TUX","51.2.0",2002,1138,"A","Q_tlw"
"682","TUX","51.2.0",2003,0,"A","Q_tlw"
"682","TUX","51.2.0",2004,0,"A","Q_tlw"
"682","TUX","51.2.0",2005,0,"A","Q_tlw"
"682","TUX","51.2.0",2006,0,"A","Q_tlw"
"682","TUX","51.2.0",2007,0,"A","Q_tlw"
"682","TUX","51.2.0",2008,0,"A","Q_tlw"
"682","TUX","51.2.0",2009,0,"A","Q_tlw"
"682","TUX","51.2.0",2010,0,"A","Q_tlw"
"682","TUX","51.2.0",2011,0,"A","Q_tlw"
"682","TUX","51.2.0",2012,0,"A","Q_tlw"
"682","TUX","51.2.0",2013,0,"A","Q_tlw"
"682","TUX","51.2.0",2014,0,"A","Q_tlw"
"682","TUX","51.2.0",2015,29,"A","Q_tlw"
"682","TUX","51.2.0",2016,861.156,"A","Q_tlw"
"682","TUX","51.2.0",2017,858.71,"A","Q_tlw"
"682","TUX","51.2.0",2018,879.353,"A","Q_tlw"
"682","TUX","51.2.0",2019,856.859,"A","Q_tlw"
"682","TUX","51.2.0",2020,837.096,"A","Q_tlw"
"682","TUX","51.2.0",2021,820.051,"A","Q_tlw"
"682","TUX","51.2.0",2022,831.712,"A","Q_tlw"
"682","TUX","51.2.0",2023,898.048,"I","Q_tlw"
"682","KAW","51.2.0",1986,0,"A","Q_tlw"
"682","KAW","51.2.0",1987,0,"A","Q_tlw"
"682","KAW","51.2.0",1988,0,"A","Q_tlw"
"682","KAW","51.2.0",1989,0,"A","Q_tlw"
"682","KAW","51.2.0",1990,0,"A","Q_tlw"
"682","KAW","51.2.0",1991,0,"A","Q_tlw"
"682","KAW","51.2.0",1992,0,"A","Q_tlw"
"682","KAW","51.2.0",1993,0,"A","Q_tlw"
"682","KAW","51.2.0",1994,0,"A","Q_tlw"
"682","KAW","51.2.0",1995,0,"A","Q_tlw"
"682","KAW","51.2.0",1996,0,"A","Q_tlw"
"682","KAW","51.2.0",1997,0,"A","Q_tlw"
"682","KAW","51.2.0",1998,0,"A","Q_tlw"
"682","KAW","51.2.0",1999,0,"A","Q_tlw"
"682","KAW","51.2.0",2000,0,"A","Q_tlw"
"682","KAW","51.2.0",2001,0,"A","Q_tlw"
"682","KAW","51.2.0",2002,0,"A","Q_tlw"
"682","KAW","51.2.0",2003,674,"A","Q_tlw"
"682","KAW","51.2.0",2004,439,"A","Q_tlw"
"682","KAW","51.2.0",2005,751,"A","Q_tlw"
"682","KAW","51.2.0",2006,1162,"A","Q_tlw"
"682","KAW","51.2.0",2007,680,"A","Q_tlw"
"682","KAW","51.2.0",2008,1018,"A","Q_tlw"
"682","KAW","51.2.0",2009,1069,"A","Q_tlw"
"682","KAW","51.2.0",2010,1137,"A","Q_tlw"
"682","KAW","51.2.0",2011,1268,"A","Q_tlw"
"682","KAW","51.2.0",2012,1342,"A","Q_tlw"
"682","KAW","51.2.0",2013,1276,"A","Q_tlw"
"682","KAW","51.2.0",2014,1150,"A","Q_tlw"
"682","KAW","51.2.0",2015,1386,"A","Q_tlw"
"682","KAW","51.2.0",2016,451.601,"A","Q_tlw"
"682","KAW","51.2.0",2017,450.318,"A","Q_tlw"
"682","KAW","51.2.0",2018,461.143,"A","Q_tlw"
"682","KAW","51.2.0",2019,449.347,"A","Q_tlw"
"682","KAW","51.2.0",2020,438.984,"A","Q_tlw"
"682","KAW","51.2.0",2021,430.045,"A","Q_tlw"
"682","KAW","51.2.0",2022,436.16,"A","Q_tlw"
"682","KAW","51.2.0",2023,470.153,"I","Q_tlw"
"682","DOT","51.2.0",1986,0,"A","Q_tlw"
"682","DOT","51.2.0",1987,0,"A","Q_tlw"
"682","DOT","51.2.0",1988,0,"A","Q_tlw"
"682","DOT","51.2.0",1989,0,"A","Q_tlw"
"682","DOT","51.2.0",1990,0,"A","Q_tlw"
"682","DOT","51.2.0",1991,0,"A","Q_tlw"
"682","DOT","51.2.0",1992,0,"A","Q_tlw"
"682","DOT","51.2.0",1993,0,"A","Q_tlw"
"682","DOT","51.2.0",1994,0,"A","Q_tlw"
"682","DOT","51.2.0",1995,0,"A","Q_tlw"
"682","DOT","51.2.0",1996,0,"A","Q_tlw"
"682","DOT","51.2.0",1997,0,"A","Q_tlw"
"682","DOT","51.2.0",1998,0,"A","Q_tlw"
"682","DOT","51.2.0",1999,0,"A","Q_tlw"
"682","DOT","51.2.0",2000,0,"A","Q_tlw"
"682","DOT","51.2.0",2001,0,"A","Q_tlw"
"682","DOT","51.2.0",2002,0,"A","Q_tlw"
"682","DOT","51.2.0",2003,17,"A","Q_tlw"
"682","DOT","51.2.0",2004,6,"A","Q_tlw"
"682","DOT","51.2.0",2005,0,"A","Q_tlw"
"682","DOT","51.2.0",2006,0,"A","Q_tlw"
"682","DOT","51.2.0",2007,0,"A","Q_tlw"
"682","DOT","51.2.0",2008,0,"A","Q_tlw"
"682","DOT","51.2.0",2009,0,"A","Q_tlw"
"682","DOT","51.2.0",2010,0,"A","Q_tlw"
"682","DOT","51.2.0",2011,0,"A","Q_tlw"
"682","DOT","51.2.0",2012,0,"A","Q_tlw"
"682","DOT","51.2.0",2013,0,"A","Q_tlw"
"682","DOT","51.2.0",2014,0,"A","Q_tlw"
"682","DOT","51.2.0",2015,9,"A","Q_tlw"
"682","COM","51.2.0",1986,1109,"A","Q_tlw"
"682","COM","51.2.0",1987,1129,"A","Q_tlw"
"682","COM","51.2.0",1988,813,"A","Q_tlw"
"682","COM","51.2.0",1989,759,"A","Q_tlw"
"682","COM","51.2.0",1990,520,"A","Q_tlw"
"682","COM","51.2.0",1991,626,"A","Q_tlw"
"682","COM","51.2.0",1992,1323,"A","Q_tlw"
"682","COM","51.2.0",1993,1397,"A","Q_tlw"
"682","COM","51.2.0",1994,1851,"A","Q_tlw"
"682","COM","51.2.0",1995,3041,"A","Q_tlw"
"682","COM","51.2.0",1996,2566,"A","Q_tlw"
"682","COM","51.2.0",1997,2184,"A","Q_tlw"
"682","COM","51.2.0",1998,2262,"A","Q_tlw"
"682","COM","51.2.0",1999,1520,"A","Q_tlw"
"682","COM","51.2.0",2000,1912,"A","Q_tlw"
"682","COM","51.2.0",2001,2539,"A","Q_tlw"
"682","COM","51.2.0",2002,2389,"A","Q_tlw"
"682","COM","51.2.0",2003,3440,"A","Q_tlw"
"682","COM","51.2.0",2004,3074,"A","Q_tlw"
"682","COM","51.2.0",2005,3113,"A","Q_tlw"
"682","COM","51.2.0",2006,3521,"A","Q_tlw"
"682","COM","51.2.0",2007,2688,"A","Q_tlw"
"682","COM","51.2.0",2008,2447,"A","Q_tlw"
"682","COM","51.2.0",2009,2702,"A","Q_tlw"
"682","COM","51.2.0",2010,1628,"A","Q_tlw"
"682","COM","51.2.0",2011,1262,"A","Q_tlw"
"682","COM","51.2.0",2012,1335,"A","Q_tlw"
"682","COM","51.2.0",2013,2732,"A","Q_tlw"
"682","COM","51.2.0",2014,2810,"A","Q_tlw"
"682","COM","51.2.0",2015,3044,"A","Q_tlw"
"682","COM","51.2.0",2016,465.616,"A","Q_tlw"
"682","COM","51.2.0",2017,464.293,"A","Q_tlw"
"682","COM","51.2.0",2018,475.455,"A","Q_tlw"
"682","COM","51.2.0",2019,463.293,"A","Q_tlw"
"682","COM","51.2.0",2020,452.607,"A","Q_tlw"
"682","COM","51.2.0",2021,443.391,"A","Q_tlw"
"682","COM","51.2.0",2022,449.696,"A","Q_tlw"
"682","COM","51.2.0",2023,484.827,"I","Q_tlw"
"682","GUT","51.2.0",1997,114,"A","Q_tlw"
"682","GUT","51.2.0",1998,300,"A","Q_tlw"
"682","GUT","51.2.0",1999,303,"A","Q_tlw"
"682","GUT","51.2.0",2000,338,"A","Q_tlw"
"682","GUT","51.2.0",2001,320,"A","Q_tlw"
"682","GUT","51.2.0",2002,505,"A","Q_tlw"
"682","GUT","51.2.0",2003,437,"A","Q_tlw"
"682","GUT","51.2.0",2004,422,"A","Q_tlw"
"682","GUT","51.2.0",2005,824,"A","Q_tlw"
"682","GUT","51.2.0",2006,1310,"A","Q_tlw"
"682","GUT","51.2.0",2007,1104,"A","Q_tlw"
"682","GUT","51.2.0",2008,956,"A","Q_tlw"
"682","GUT","51.2.0",2009,1000,"A","Q_tlw"
"682","GUT","51.2.0",2010,741,"A","Q_tlw"
"682","GUT","51.2.0",2011,544,"A","Q_tlw"
"682","GUT","51.2.0",2012,576,"A","Q_tlw"
"682","GUT","51.2.0",2013,1055,"A","Q_tlw"
"682","GUT","51.2.0",2014,1074,"A","Q_tlw"
"682","GUT","51.2.0",2015,1058,"A","Q_tlw"
"682","GUT","51.2.0",2016,3.114,"A","Q_tlw"
"682","GUT","51.2.0",2017,3.106,"A","Q_tlw"
"682","GUT","51.2.0",2018,3.18,"A","Q_tlw"
"682","GUT","51.2.0",2019,3.099,"A","Q_tlw"
"682","GUT","51.2.0",2020,3.027,"A","Q_tlw"
"682","GUT","51.2.0",2021,2.966,"A","Q_tlw"
"682","GUT","51.2.0",2022,3.008,"A","Q_tlw"
"682","GUT","51.2.0",2023,3.227,"I","Q_tlw"
"682","LOT","51.2.0",1986,0,"A","Q_tlw"
"682","LOT","51.2.0",1987,0,"A","Q_tlw"
"682","LOT","51.2.0",1988,0,"A","Q_tlw"
"682","LOT","51.2.0",1989,0,"A","Q_tlw"
"682","LOT","51.2.0",1990,0,"A","Q_tlw"
"682","LOT","51.2.0",1991,0,"A","Q_tlw"
"682","LOT","51.2.0",1992,0,"A","Q_tlw"
"682","LOT","51.2.0",1993,0,"A","Q_tlw"
"682","LOT","51.2.0",1994,0,"A","Q_tlw"
"682","LOT","51.2.0",1995,0,"A","Q_tlw"
"682","LOT","51.2.0",1996,0,"A","Q_tlw"
"682","LOT","51.2.0",1997,0,"A","Q_tlw"
"682","LOT","51.2.0",1998,0,"A","Q_tlw"
"682","LOT","51.2.0",1999,0,"A","Q_tlw"
"682","LOT","51.2.0",2000,0,"A","Q_tlw"
"682","LOT","51.2.0",2001,0,"A","Q_tlw"
"682","LOT","51.2.0",2002,0,"A","Q_tlw"
"682","LOT","51.2.0",2003,0,"A","Q_tlw"
"682","LOT","51.2.0",2004,0,"A","Q_tlw"
"682","LOT","51.2.0",2005,0,"A","Q_tlw"
"682","LOT","51.2.0",2006,0,"A","Q_tlw"
"682","LOT","51.2.0",2007,0,"A","Q_tlw"
"682","LOT","51.2.0",2008,0,"A","Q_tlw"
"682","LOT","51.2.0",2009,0,"A","Q_tlw"
"682","LOT","51.2.0",2010,0,"A","Q_tlw"
"682","LOT","51.2.0",2011,0,"A","Q_tlw"
"682","LOT","51.2.0",2012,0,"A","Q_tlw"
"682","LOT","51.2.0",2013,0,"A","Q_tlw"
"682","LOT","51.2.0",2014,0,"A","Q_tlw"
"682","LOT","51.2.0",2015,50,"A","Q_tlw"
"682","LOT","51.2.0",2016,0,"A","Q_tlw"
"682","LOT","51.2.0",2017,0,"A","Q_tlw"
"682","LOT","51.2.0",2018,0,"A","Q_tlw"
"682","LOT","51.2.0",2019,0,"A","Q_tlw"
"682","LOT","51.2.0",2020,0,"A","Q_tlw"
"682","LOT","51.2.0",2021,0,"A","Q_tlw"
"682","LOT","51.2.0",2022,0,"A","Q_tlw"
"682","LOT","51.2.0",2023,0,"I","Q_tlw"
"682","SFA","51.2.0",1992,0,"A","Q_tlw"
"682","SFA","51.2.0",1993,0,"A","Q_tlw"
"682","SFA","51.2.0",1994,0,"A","Q_tlw"
"682","SFA","51.2.0",1995,0,"A","Q_tlw"
"682","SFA","51.2.0",1996,0,"A","Q_tlw"
"682","SFA","51.2.0",1997,0,"A","Q_tlw"
"682","SFA","51.2.0",1998,0,"A","Q_tlw"
"682","SFA","51.2.0",1999,0,"A","Q_tlw"
"682","SFA","51.2.0",2000,13,"A","Q_tlw"
"682","SFA","51.2.0",2001,21,"A","Q_tlw"
"682","SFA","51.2.0",2002,6,"A","Q_tlw"
"682","SFA","51.2.0",2003,23,"A","Q_tlw"
"682","SFA","51.2.0",2004,10,"A","Q_tlw"
"682","SFA","51.2.0",2005,9,"A","Q_tlw"
"682","SFA","51.2.0",2006,17,"A","Q_tlw"
"682","SFA","51.2.0",2007,1,"A","Q_tlw"
"682","SFA","51.2.0",2008,1,"A","Q_tlw"
"682","SFA","51.2.0",2009,0,"A","Q_tlw"
"682","SFA","51.2.0",2010,0,"A","Q_tlw"
"682","SFA","51.2.0",2011,0,"A","Q_tlw"
"682","SFA","51.2.0",2012,0,"A","Q_tlw"
"682","SFA","51.2.0",2013,2,"A","Q_tlw"
"682","SFA","51.2.0",2014,1,"A","Q_tlw"
"682","SFA","51.2.0",2015,1,"A","Q_tlw"
"682","SIP","51.2.0",1994,3,"A","Q_tlw"
"682","SIP","51.2.0",1995,1,"A","Q_tlw"
"682","SIP","51.2.0",1996,0,"A","Q_tlw"
"682","SIP","51.2.0",1997,2,"A","Q_tlw"
"682","SIP","51.2.0",1998,2,"A","Q_tlw"
"682","SIP","51.2.0",1999,0,"A","Q_tlw"
"682","SIP","51.2.0",2000,0,"A","Q_tlw"
"682","SIP","51.2.0",2001,1,"A","Q_tlw"
"682","SIP","51.2.0",2002,0,"A","Q_tlw"
"682","SIP","51.2.0",2003,0,"A","Q_tlw"
"682","SIP","51.2.0",2004,1,"A","Q_tlw"
"682","SIP","51.2.0",2005,4,"A","Q_tlw"
"682","SIP","51.2.0",2006,0,"A","Q_tlw"
"682","SIP","51.2.0",2007,0,"A","Q_tlw"
"682","SIP","51.2.0",2008,0,"A","Q_tlw"
"682","SIP","51.2.0",2009,0,"A","Q_tlw"
"682","SIP","51.2.0",2010,1,"A","Q_tlw"
"682","SIP","51.2.0",2011,0,"A","Q_tlw"
"682","SIP","51.2.0",2012,0,"A","Q_tlw"
"682","SIP","51.2.0",2013,0,"A","Q_tlw"
"682","SIP","51.2.0",2014,0,"A","Q_tlw"
"682","SIP","51.2.0",2015,4,"A","Q_tlw"
"682","RAG","51.2.0",1986,3,"A","Q_tlw"
"682","RAG","51.2.0",1987,3,"A","Q_tlw"
"682","RAG","51.2.0",1988,5,"A","Q_tlw"
"682","RAG","51.2.0",1989,7,"A","Q_tlw"
"682","RAG","51.2.0",1990,1,"A","Q_tlw"
"682","RAG","51.2.0",1991,1,"A","Q_tlw"
"682","RAG","51.2.0",1992,1,"A","Q_tlw"
"682","RAG","51.2.0",1993,1,"A","Q_tlw"
"682","RAG","51.2.0",1994,20,"A","Q_tlw"
"682","RAG","51.2.0",1995,8,"A","Q_tlw"
"682","RAG","51.2.0",1996,6,"A","Q_tlw"
"682","RAG","51.2.0",1997,3,"A","Q_tlw"
"682","RAG","51.2.0",1998,5,"A","Q_tlw"
"682","RAG","51.2.0",1999,0,"A","Q_tlw"
"682","RAG","51.2.0",2000,6,"A","Q_tlw"
"682","RAG","51.2.0",2001,0,"A","Q_tlw"
"682","RAG","51.2.0",2002,0,"A","Q_tlw"
"682","RAG","51.2.0",2003,0,"A","Q_tlw"
"682","RAG","51.2.0",2004,0,"A","Q_tlw"
"682","RAG","51.2.0",2005,0,"A","Q_tlw"
"682","RAG","51.2.0",2006,0,"A","Q_tlw"
"682","RAG","51.2.0",2007,0,"A","Q_tlw"
"682","RAG","51.2.0",2008,0,"A","Q_tlw"
"682","RAG","51.2.0",2009,0,"A","Q_tlw"
"682","RAG","51.2.0",2010,0,"A","Q_tlw"
"682","RAG","51.2.0",2011,0,"A","Q_tlw"
"682","RAG","51.2.0",2012,0,"A","Q_tlw"
"682","RAG","51.2.0",2013,0,"A","Q_tlw"
"682","RAG","51.2.0",2014,0,"A","Q_tlw"
"682","RAG","51.2.0",2015,377,"A","Q_tlw"
"682","RAG","51.2.0",2016,747.477,"A","Q_tlw"
"682","RAG","51.2.0",2017,745.354,"A","Q_tlw"
"682","RAG","51.2.0",2018,763.272,"A","Q_tlw"
"682","RAG","51.2.0",2019,743.747,"A","Q_tlw"
"682","RAG","51.2.0",2020,726.593,"A","Q_tlw"
"682","RAG","51.2.0",2021,711.798,"A","Q_tlw"
"682","RAG","51.2.0",2022,721.92,"A","Q_tlw"
"682","RAG","51.2.0",2023,779.009,"I","Q_tlw"
"682","BRZ","51.2.0",2016,1.557,"A","Q_tlw"
"682","BRZ","51.2.0",2017,1.553,"A","Q_tlw"
"682","BRZ","51.2.0",2018,1.59,"A","Q_tlw"
"682","BRZ","51.2.0",2019,1.549,"A","Q_tlw"
"682","BRZ","51.2.0",2020,1.514,"A","Q_tlw"
"682","BRZ","51.2.0",2021,1.483,"A","Q_tlw"
"682","BRZ","51.2.0",2022,1.504,"A","Q_tlw"
"682","BRZ","51.2.0",2023,0,"I","Q_tlw"
"682","BAR","51.2.0",1986,96,"A","Q_tlw"
"682","BAR","51.2.0",1987,96,"A","Q_tlw"
"682","BAR","51.2.0",1988,63,"A","Q_tlw"
"682","BAR","51.2.0",1989,82,"A","Q_tlw"
"682","BAR","51.2.0",1990,101,"A","Q_tlw"
"682","BAR","51.2.0",1991,59,"A","Q_tlw"
"682","BAR","51.2.0",1992,84,"A","Q_tlw"
"682","BAR","51.2.0",1993,70,"A","Q_tlw"
"682","BAR","51.2.0",1994,292,"A","Q_tlw"
"682","BAR","51.2.0",1995,166,"A","Q_tlw"
"682","BAR","51.2.0",1996,197,"A","Q_tlw"
"682","BAR","51.2.0",1997,213,"A","Q_tlw"
"682","BAR","51.2.0",1998,287,"A","Q_tlw"
"682","BAR","51.2.0",1999,183,"A","Q_tlw"
"682","BAR","51.2.0",2000,0,"A","Q_tlw"
"682","BAR","51.2.0",2001,0,"A","Q_tlw"
"682","BAR","51.2.0",2002,0,"A","Q_tlw"
"682","BAR","51.2.0",2003,0,"A","Q_tlw"
"682","BAR","51.2.0",2004,0,"A","Q_tlw"
"682","BAR","51.2.0",2005,0,"A","Q_tlw"
"682","BAR","51.2.0",2006,0,"A","Q_tlw"
"682","BAR","51.2.0",2007,0,"A","Q_tlw"
"682","BAR","51.2.0",2008,0,"A","Q_tlw"
"682","BAR","51.2.0",2009,0,"A","Q_tlw"
"682","BAR","51.2.0",2010,0,"A","Q_tlw"
"682","BAR","51.2.0",2011,0,"A","Q_tlw"
"682","BAR","51.2.0",2012,0,"A","Q_tlw"
"682","BAR","51.2.0",2013,0,"A","Q_tlw"
"682","BAR","51.2.0",2014,0,"A","Q_tlw"
"682","BAR","51.2.0",2015,211,"A","Q_tlw"
"682","BAR","51.2.0",2016,260.06,"A","Q_tlw"
"682","BAR","51.2.0",2017,259.321,"A","Q_tlw"
"682","BAR","51.2.0",2018,265.555,"A","Q_tlw"
"682","BAR","51.2.0",2019,258.762,"A","Q_tlw"
"682","BAR","51.2.0",2020,252.794,"A","Q_tlw"
"682","BAR","51.2.0",2021,247.647,"A","Q_tlw"
"682","BAR","51.2.0",2022,251.168,"A","Q_tlw"
"682","BAR","51.2.0",2023,270.595,"I","Q_tlw"
"682","GBA","51.2.0",1986,0,"A","Q_tlw"
"682","GBA","51.2.0",1987,0,"A","Q_tlw"
"682","GBA","51.2.0",1988,0,"A","Q_tlw"
"682","GBA","51.2.0",1989,0,"A","Q_tlw"
"682","GBA","51.2.0",1990,0,"A","Q_tlw"
"682","GBA","51.2.0",1991,0,"A","Q_tlw"
"682","GBA","51.2.0",1992,0,"A","Q_tlw"
"682","GBA","51.2.0",1993,0,"A","Q_tlw"
"682","GBA","51.2.0",1994,0,"A","Q_tlw"
"682","GBA","51.2.0",1995,0,"A","Q_tlw"
"682","GBA","51.2.0",1996,0,"A","Q_tlw"
"682","GBA","51.2.0",1997,0,"A","Q_tlw"
"682","GBA","51.2.0",1998,0,"A","Q_tlw"
"682","GBA","51.2.0",1999,0,"A","Q_tlw"
"682","GBA","51.2.0",2000,194,"A","Q_tlw"
"682","GBA","51.2.0",2001,236,"A","Q_tlw"
"682","GBA","51.2.0",2002,277,"A","Q_tlw"
"682","GBA","51.2.0",2003,341,"A","Q_tlw"
"682","GBA","51.2.0",2004,473,"A","Q_tlw"
"682","GBA","51.2.0",2005,283,"A","Q_tlw"
"682","GBA","51.2.0",2006,803,"A","Q_tlw"
"682","GBA","51.2.0",2007,410,"A","Q_tlw"
"682","GBA","51.2.0",2008,402,"A","Q_tlw"
"682","GBA","51.2.0",2009,889,"A","Q_tlw"
"682","GBA","51.2.0",2010,605,"A","Q_tlw"
"682","GBA","51.2.0",2011,287,"A","Q_tlw"
"682","GBA","51.2.0",2012,303,"A","Q_tlw"
"682","GBA","51.2.0",2013,394,"A","Q_tlw"
"682","GBA","51.2.0",2014,438,"A","Q_tlw"
"682","GBA","51.2.0",2015,546,"A","Q_tlw"
"682","BAC","51.2.0",1986,0,"A","Q_tlw"
"682","BAC","51.2.0",1987,0,"A","Q_tlw"
"682","BAC","51.2.0",1988,0,"A","Q_tlw"
"682","BAC","51.2.0",1989,0,"A","Q_tlw"
"682","BAC","51.2.0",1990,0,"A","Q_tlw"
"682","BAC","51.2.0",1991,0,"A","Q_tlw"
"682","BAC","51.2.0",1992,0,"A","Q_tlw"
"682","BAC","51.2.0",1993,0,"A","Q_tlw"
"682","BAC","51.2.0",1994,0,"A","Q_tlw"
"682","BAC","51.2.0",1995,0,"A","Q_tlw"
"682","BAC","51.2.0",1996,0,"A","Q_tlw"
"682","BAC","51.2.0",1997,0,"A","Q_tlw"
"682","BAC","51.2.0",1998,0,"A","Q_tlw"
"682","BAC","51.2.0",1999,0,"A","Q_tlw"
"682","BAC","51.2.0",2000,0,"A","Q_tlw"
"682","BAC","51.2.0",2001,0,"A","Q_tlw"
"682","BAC","51.2.0",2002,0,"A","Q_tlw"
"682","BAC","51.2.0",2003,0,"A","Q_tlw"
"682","BAC","51.2.0",2004,0,"A","Q_tlw"
"682","BAC","51.2.0",2005,0,"A","Q_tlw"
"682","BAC","51.2.0",2006,0,"A","Q_tlw"
"682","BAC","51.2.0",2007,0,"A","Q_tlw"
"682","BAC","51.2.0",2008,0,"A","Q_tlw"
"682","BAC","51.2.0",2009,0,"A","Q_tlw"
"682","BAC","51.2.0",2010,0,"A","Q_tlw"
"682","BAC","51.2.0",2011,0,"A","Q_tlw"
"682","BAC","51.2.0",2012,0,"A","Q_tlw"
"682","BAC","51.2.0",2013,0,"A","Q_tlw"
"682","BAC","51.2.0",2014,0,"A","Q_tlw"
"682","BAC","51.2.0",2015,18,"A","Q_tlw"
"682","BAC","51.2.0",2016,1.557,"A","Q_tlw"
"682","BAC","51.2.0",2017,1.553,"A","Q_tlw"
"682","BAC","51.2.0",2018,1.59,"A","Q_tlw"
"682","BAC","51.2.0",2019,1.549,"A","Q_tlw"
"682","BAC","51.2.0",2020,1.514,"A","Q_tlw"
"682","BAC","51.2.0",2021,1.483,"A","Q_tlw"
"682","BAC","51.2.0",2022,1.504,"A","Q_tlw"
"682","BAC","51.2.0",2023,1.416,"I","Q_tlw"
"682","YRB","51.2.0",1986,0,"A","Q_tlw"
"682","YRB","51.2.0",1987,0,"A","Q_tlw"
"682","YRB","51.2.0",1988,0,"A","Q_tlw"
"682","YRB","51.2.0",1989,0,"A","Q_tlw"
"682","YRB","51.2.0",1990,0,"A","Q_tlw"
"682","YRB","51.2.0",1991,0,"A","Q_tlw"
"682","YRB","51.2.0",1992,0,"A","Q_tlw"
"682","YRB","51.2.0",1993,0,"A","Q_tlw"
"682","YRB","51.2.0",1994,0,"A","Q_tlw"
"682","YRB","51.2.0",1995,0,"A","Q_tlw"
"682","YRB","51.2.0",1996,0,"A","Q_tlw"
"682","YRB","51.2.0",1997,0,"A","Q_tlw"
"682","YRB","51.2.0",1998,0,"A","Q_tlw"
"682","YRB","51.2.0",1999,0,"A","Q_tlw"
"682","YRB","51.2.0",2000,38,"A","Q_tlw"
"682","YRB","51.2.0",2001,26,"A","Q_tlw"
"682","YRB","51.2.0",2002,71,"A","Q_tlw"
"682","YRB","51.2.0",2003,95,"A","Q_tlw"
"682","YRB","51.2.0",2004,90,"A","Q_tlw"
"682","YRB","51.2.0",2005,57,"A","Q_tlw"
"682","YRB","51.2.0",2006,73,"A","Q_tlw"
"682","YRB","51.2.0",2007,128,"A","Q_tlw"
"682","YRB","51.2.0",2008,109,"A","Q_tlw"
"682","YRB","51.2.0",2009,164,"A","Q_tlw"
"682","YRB","51.2.0",2010,114,"A","Q_tlw"
"682","YRB","51.2.0",2011,126,"A","Q_tlw"
"682","YRB","51.2.0",2012,133,"A","Q_tlw"
"682","YRB","51.2.0",2013,158,"A","Q_tlw"
"682","YRB","51.2.0",2014,99,"A","Q_tlw"
"682","YRB","51.2.0",2015,111,"A","Q_tlw"
"682","CGX","51.2.0",1986,947,"A","Q_tlw"
"682","CGX","51.2.0",1987,1666,"A","Q_tlw"
"682","CGX","51.2.0",1988,1229,"A","Q_tlw"
"682","CGX","51.2.0",1989,1021,"A","Q_tlw"
"682","CGX","51.2.0",1990,593,"A","Q_tlw"
"682","CGX","51.2.0",1991,662,"A","Q_tlw"
"682","CGX","51.2.0",1992,675,"A","Q_tlw"
"682","CGX","51.2.0",1993,963,"A","Q_tlw"
"682","CGX","51.2.0",1994,1804,"A","Q_tlw"
"682","CGX","51.2.0",1995,1546,"A","Q_tlw"
"682","CGX","51.2.0",1996,1553,"A","Q_tlw"
"682","CGX","51.2.0",1997,1556,"A","Q_tlw"
"682","CGX","51.2.0",1998,1889,"A","Q_tlw"
"682","CGX","51.2.0",1999,2269,"A","Q_tlw"
"682","CGX","51.2.0",2000,0,"A","Q_tlw"
"682","CGX","51.2.0",2001,0,"A","Q_tlw"
"682","CGX","51.2.0",2002,470,"A","Q_tlw"
"682","CGX","51.2.0",2003,0,"A","Q_tlw"
"682","CGX","51.2.0",2004,0,"A","Q_tlw"
"682","CGX","51.2.0",2005,0,"A","Q_tlw"
"682","CGX","51.2.0",2006,0,"A","Q_tlw"
"682","CGX","51.2.0",2007,0,"A","Q_tlw"
"682","CGX","51.2.0",2008,0,"A","Q_tlw"
"682","CGX","51.2.0",2009,0,"A","Q_tlw"
"682","CGX","51.2.0",2010,0,"A","Q_tlw"
"682","CGX","51.2.0",2011,0,"A","Q_tlw"
"682","CGX","51.2.0",2012,0,"A","Q_tlw"
"682","CGX","51.2.0",2013,0,"A","Q_tlw"
"682","CGX","51.2.0",2014,0,"A","Q_tlw"
"682","CGX","51.2.0",2015,165,"A","Q_tlw"
"682","CGX","51.2.0",2016,415.784,"A","Q_tlw"
"682","CGX","51.2.0",2017,414.603,"A","Q_tlw"
"682","CGX","51.2.0",2018,424.57,"A","Q_tlw"
"682","CGX","51.2.0",2019,413.71,"A","Q_tlw"
"682","CGX","51.2.0",2020,404.1,"A","Q_tlw"
"682","CGX","51.2.0",2021,396,"A","Q_tlw"
"682","CGX","51.2.0",2022,401.568,"A","Q_tlw"
"682","CGX","51.2.0",2023,433.45,"I","Q_tlw"
"682","LSJ","51.2.0",1986,0,"A","Q_tlw"
"682","LSJ","51.2.0",1987,0,"A","Q_tlw"
"682","LSJ","51.2.0",1988,0,"A","Q_tlw"
"682","LSJ","51.2.0",1989,0,"A","Q_tlw"
"682","LSJ","51.2.0",1990,0,"A","Q_tlw"
"682","LSJ","51.2.0",1991,0,"A","Q_tlw"
"682","LSJ","51.2.0",1992,0,"A","Q_tlw"
"682","LSJ","51.2.0",1993,0,"A","Q_tlw"
"682","LSJ","51.2.0",1994,0,"A","Q_tlw"
"682","LSJ","51.2.0",1995,0,"A","Q_tlw"
"682","LSJ","51.2.0",1996,0,"A","Q_tlw"
"682","LSJ","51.2.0",1997,0,"A","Q_tlw"
"682","LSJ","51.2.0",1998,0,"A","Q_tlw"
"682","LSJ","51.2.0",1999,0,"A","Q_tlw"
"682","LSJ","51.2.0",2000,0,"A","Q_tlw"
"682","LSJ","51.2.0",2001,0,"A","Q_tlw"
"682","LSJ","51.2.0",2002,0,"A","Q_tlw"
"682","LSJ","51.2.0",2003,0,"A","Q_tlw"
"682","LSJ","51.2.0",2004,0,"A","Q_tlw"
"682","LSJ","51.2.0",2005,0,"A","Q_tlw"
"682","LSJ","51.2.0",2006,0,"A","Q_tlw"
"682","LSJ","51.2.0",2007,0,"A","Q_tlw"
"682","LSJ","51.2.0",2008,0,"A","Q_tlw"
"682","LSJ","51.2.0",2009,0,"A","Q_tlw"
"682","LSJ","51.2.0",2010,0,"A","Q_tlw"
"682","LSJ","51.2.0",2011,0,"A","Q_tlw"
"682","LSJ","51.2.0",2012,0,"A","Q_tlw"
"682","LSJ","51.2.0",2013,0,"A","Q_tlw"
"682","LSJ","51.2.0",2014,0,"A","Q_tlw"
"682","LSJ","51.2.0",2015,38,"A","Q_tlw"
"682","LSJ","51.2.0",2016,353.494,"A","Q_tlw"
"682","LSJ","51.2.0",2017,352.49,"A","Q_tlw"
"682","LSJ","51.2.0",2018,360.964,"A","Q_tlw"
"682","LSJ","51.2.0",2019,351.731,"A","Q_tlw"
"682","LSJ","51.2.0",2020,343.618,"A","Q_tlw"
"682","LSJ","51.2.0",2021,336.621,"A","Q_tlw"
"682","LSJ","51.2.0",2022,341.408,"A","Q_tlw"
"682","LSJ","51.2.0",2023,368.369,"I","Q_tlw"
"682","TUM","51.2.0",1986,0,"A","Q_tlw"
"682","TUM","51.2.0",1987,0,"A","Q_tlw"
"682","TUM","51.2.0",1988,0,"A","Q_tlw"
"682","TUM","51.2.0",1989,0,"A","Q_tlw"
"682","TUM","51.2.0",1990,0,"A","Q_tlw"
"682","TUM","51.2.0",1991,0,"A","Q_tlw"
"682","TUM","51.2.0",1992,0,"A","Q_tlw"
"682","TUM","51.2.0",1993,0,"A","Q_tlw"
"682","TUM","51.2.0",1994,0,"A","Q_tlw"
"682","TUM","51.2.0",1995,0,"A","Q_tlw"
"682","TUM","51.2.0",1996,0,"A","Q_tlw"
"682","TUM","51.2.0",1997,0,"A","Q_tlw"
"682","TUM","51.2.0",1998,0,"A","Q_tlw"
"682","TUM","51.2.0",1999,0,"A","Q_tlw"
"682","TUM","51.2.0",2000,714,"A","Q_tlw"
"682","TUM","51.2.0",2001,877,"A","Q_tlw"
"682","TUM","51.2.0",2002,0,"A","Q_tlw"
"682","TUM","51.2.0",2003,761,"A","Q_tlw"
"682","TUM","51.2.0",2004,1065,"A","Q_tlw"
"682","TUM","51.2.0",2005,938,"A","Q_tlw"
"682","TUM","51.2.0",2006,1380,"A","Q_tlw"
"682","TUM","51.2.0",2007,564,"A","Q_tlw"
"682","TUM","51.2.0",2008,864,"A","Q_tlw"
"682","TUM","51.2.0",2009,1154,"A","Q_tlw"
"682","TUM","51.2.0",2010,965,"A","Q_tlw"
"682","TUM","51.2.0",2011,1719,"A","Q_tlw"
"682","TUM","51.2.0",2012,1820,"A","Q_tlw"
"682","TUM","51.2.0",2013,1301,"A","Q_tlw"
"682","TUM","51.2.0",2014,961,"A","Q_tlw"
"682","TUM","51.2.0",2015,1106,"A","Q_tlw"
"682","TUM","51.2.0",2016,249.159,"A","Q_tlw"
"682","TUM","51.2.0",2017,248.451,"A","Q_tlw"
"682","TUM","51.2.0",2018,254.424,"A","Q_tlw"
"682","TUM","51.2.0",2019,247.916,"A","Q_tlw"
"682","TUM","51.2.0",2020,242.198,"A","Q_tlw"
"682","TUM","51.2.0",2021,237.266,"A","Q_tlw"
"682","TUM","51.2.0",2022,240.64,"A","Q_tlw"
"682","TUM","51.2.0",2023,258.986,"I","Q_tlw"
"682","NXI","51.2.0",1986,0,"A","Q_tlw"
"682","NXI","51.2.0",1987,0,"A","Q_tlw"
"682","NXI","51.2.0",1988,0,"A","Q_tlw"
"682","NXI","51.2.0",1989,0,"A","Q_tlw"
"682","NXI","51.2.0",1990,0,"A","Q_tlw"
"682","NXI","51.2.0",1991,0,"A","Q_tlw"
"682","NXI","51.2.0",1992,0,"A","Q_tlw"
"682","NXI","51.2.0",1993,0,"A","Q_tlw"
"682","NXI","51.2.0",1994,0,"A","Q_tlw"
"682","NXI","51.2.0",1995,0,"A","Q_tlw"
"682","NXI","51.2.0",1996,0,"A","Q_tlw"
"682","NXI","51.2.0",1997,0,"A","Q_tlw"
"682","NXI","51.2.0",1998,0,"A","Q_tlw"
"682","NXI","51.2.0",1999,0,"A","Q_tlw"
"682","NXI","51.2.0",2000,0,"A","Q_tlw"
"682","NXI","51.2.0",2001,0,"A","Q_tlw"
"682","NXI","51.2.0",2002,0,"A","Q_tlw"
"682","NXI","51.2.0",2003,0,"A","Q_tlw"
"682","NXI","51.2.0",2004,0,"A","Q_tlw"
"682","NXI","51.2.0",2005,0,"A","Q_tlw"
"682","NXI","51.2.0",2006,0,"A","Q_tlw"
"682","NXI","51.2.0",2007,0,"A","Q_tlw"
"682","NXI","51.2.0",2008,0,"A","Q_tlw"
"682","NXI","51.2.0",2009,0,"A","Q_tlw"
"682","NXI","51.2.0",2010,0,"A","Q_tlw"
"682","NXI","51.2.0",2011,0,"A","Q_tlw"
"682","NXI","51.2.0",2012,0,"A","Q_tlw"
"682","NXI","51.2.0",2013,0,"A","Q_tlw"
"682","NXI","51.2.0",2014,0,"A","Q_tlw"
"682","NXI","51.2.0",2015,17,"A","Q_tlw"
"682","NXI","51.2.0",2016,3.114,"A","Q_tlw"
"682","NXI","51.2.0",2017,3.106,"A","Q_tlw"
"682","NXI","51.2.0",2018,3.18,"A","Q_tlw"
"682","NXI","51.2.0",2019,3.099,"A","Q_tlw"
"682","NXI","51.2.0",2020,3.027,"A","Q_tlw"
"682","NXI","51.2.0",2021,2.966,"A","Q_tlw"
"682","NXI","51.2.0",2022,3.008,"A","Q_tlw"
"682","NXI","51.2.0",2023,2.947,"I","Q_tlw"
"682","NXM","51.2.0",1986,0,"A","Q_tlw"
"682","NXM","51.2.0",1987,0,"A","Q_tlw"
"682","NXM","51.2.0",1988,0,"A","Q_tlw"
"682","NXM","51.2.0",1989,0,"A","Q_tlw"
"682","NXM","51.2.0",1990,0,"A","Q_tlw"
"682","NXM","51.2.0",1991,0,"A","Q_tlw"
"682","NXM","51.2.0",1992,0,"A","Q_tlw"
"682","NXM","51.2.0",1993,0,"A","Q_tlw"
"682","NXM","51.2.0",1994,0,"A","Q_tlw"
"682","NXM","51.2.0",1995,0,"A","Q_tlw"
"682","NXM","51.2.0",1996,0,"A","Q_tlw"
"682","NXM","51.2.0",1997,0,"A","Q_tlw"
"682","NXM","51.2.0",1998,0,"A","Q_tlw"
"682","NXM","51.2.0",1999,0,"A","Q_tlw"
"682","NXM","51.2.0",2000,0,"A","Q_tlw"
"682","NXM","51.2.0",2001,0,"A","Q_tlw"
"682","NXM","51.2.0",2002,0,"A","Q_tlw"
"682","NXM","51.2.0",2003,0,"A","Q_tlw"
"682","NXM","51.2.0",2004,0,"A","Q_tlw"
"682","NXM","51.2.0",2005,0,"A","Q_tlw"
"682","NXM","51.2.0",2006,0,"A","Q_tlw"
"682","NXM","51.2.0",2007,0,"A","Q_tlw"
"682","NXM","51.2.0",2008,0,"A","Q_tlw"
"682","NXM","51.2.0",2009,0,"A","Q_tlw"
"682","NXM","51.2.0",2010,0,"A","Q_tlw"
"682","NXM","51.2.0",2011,0,"A","Q_tlw"
"682","NXM","51.2.0",2012,0,"A","Q_tlw"
"682","NXM","51.2.0",2013,0,"A","Q_tlw"
"682","NXM","51.2.0",2014,0,"A","Q_tlw"
"682","NXM","51.2.0",2015,18,"A","Q_tlw"
"682","NXM","51.2.0",2016,10.901,"A","Q_tlw"
"682","NXM","51.2.0",2017,10.87,"A","Q_tlw"
"682","NXM","51.2.0",2018,11.131,"A","Q_tlw"
"682","NXM","51.2.0",2019,10.846,"A","Q_tlw"
"682","NXM","51.2.0",2020,10.596,"A","Q_tlw"
"682","NXM","51.2.0",2021,10.38,"A","Q_tlw"
"682","NXM","51.2.0",2022,10.528,"A","Q_tlw"
"682","NXM","51.2.0",2023,9.223,"I","Q_tlw"
"682","CXS","51.2.0",1986,0,"A","Q_tlw"
"682","CXS","51.2.0",1987,0,"A","Q_tlw"
"682","CXS","51.2.0",1988,0,"A","Q_tlw"
"682","CXS","51.2.0",1989,0,"A","Q_tlw"
"682","CXS","51.2.0",1990,0,"A","Q_tlw"
"682","CXS","51.2.0",1991,0,"A","Q_tlw"
"682","CXS","51.2.0",1992,0,"A","Q_tlw"
"682","CXS","51.2.0",1993,0,"A","Q_tlw"
"682","CXS","51.2.0",1994,0,"A","Q_tlw"
"682","CXS","51.2.0",1995,0,"A","Q_tlw"
"682","CXS","51.2.0",1996,0,"A","Q_tlw"
"682","CXS","51.2.0",1997,0,"A","Q_tlw"
"682","CXS","51.2.0",1998,0,"A","Q_tlw"
"682","CXS","51.2.0",1999,0,"A","Q_tlw"
"682","CXS","51.2.0",2000,0,"A","Q_tlw"
"682","CXS","51.2.0",2001,0,"A","Q_tlw"
"682","CXS","51.2.0",2002,0,"A","Q_tlw"
"682","CXS","51.2.0",2003,0,"A","Q_tlw"
"682","CXS","51.2.0",2004,0,"A","Q_tlw"
"682","CXS","51.2.0",2005,0,"A","Q_tlw"
"682","CXS","51.2.0",2006,0,"A","Q_tlw"
"682","CXS","51.2.0",2007,0,"A","Q_tlw"
"682","CXS","51.2.0",2008,0,"A","Q_tlw"
"682","CXS","51.2.0",2009,0,"A","Q_tlw"
"682","CXS","51.2.0",2010,0,"A","Q_tlw"
"682","CXS","51.2.0",2011,0,"A","Q_tlw"
"682","CXS","51.2.0",2012,0,"A","Q_tlw"
"682","CXS","51.2.0",2013,0,"A","Q_tlw"
"682","CXS","51.2.0",2014,0,"A","Q_tlw"
"682","CXS","51.2.0",2015,35,"A","Q_tlw"
"682","RUS","51.2.0",1986,0,"A","Q_tlw"
"682","RUS","51.2.0",1987,0,"A","Q_tlw"
"682","RUS","51.2.0",1988,0,"A","Q_tlw"
"682","RUS","51.2.0",1989,0,"A","Q_tlw"
"682","RUS","51.2.0",1990,0,"A","Q_tlw"
"682","RUS","51.2.0",1991,0,"A","Q_tlw"
"682","RUS","51.2.0",1992,0,"A","Q_tlw"
"682","RUS","51.2.0",1993,0,"A","Q_tlw"
"682","RUS","51.2.0",1994,0,"A","Q_tlw"
"682","RUS","51.2.0",1995,0,"A","Q_tlw"
"682","RUS","51.2.0",1996,0,"A","Q_tlw"
"682","RUS","51.2.0",1997,0,"A","Q_tlw"
"682","RUS","51.2.0",1998,0,"A","Q_tlw"
"682","RUS","51.2.0",1999,0,"A","Q_tlw"
"682","RUS","51.2.0",2000,1106,"A","Q_tlw"
"682","RUS","51.2.0",2001,1247,"A","Q_tlw"
"682","RUS","51.2.0",2002,1074,"A","Q_tlw"
"682","RUS","51.2.0",2003,1113,"A","Q_tlw"
"682","RUS","51.2.0",2004,921,"A","Q_tlw"
"682","RUS","51.2.0",2005,1119,"A","Q_tlw"
"682","RUS","51.2.0",2006,1389,"A","Q_tlw"
"682","RUS","51.2.0",2007,1151,"A","Q_tlw"
"682","RUS","51.2.0",2008,985,"A","Q_tlw"
"682","RUS","51.2.0",2009,813,"A","Q_tlw"
"682","RUS","51.2.0",2010,1061,"A","Q_tlw"
"682","RUS","51.2.0",2011,1414,"A","Q_tlw"
"682","RUS","51.2.0",2012,1496,"A","Q_tlw"
"682","RUS","51.2.0",2013,1338,"A","Q_tlw"
"682","RUS","51.2.0",2014,1241,"A","Q_tlw"
"682","RUS","51.2.0",2015,1273,"A","Q_tlw"
"682","RUS","51.2.0",2016,464.059,"A","Q_tlw"
"682","RUS","51.2.0",2017,462.741,"A","Q_tlw"
"682","RUS","51.2.0",2018,473.865,"A","Q_tlw"
"682","RUS","51.2.0",2019,461.743,"A","Q_tlw"
"682","RUS","51.2.0",2020,451.093,"A","Q_tlw"
"682","RUS","51.2.0",2021,441.908,"A","Q_tlw"
"682","RUS","51.2.0",2022,448.192,"A","Q_tlw"
"682","RUS","51.2.0",2023,482.67,"I","Q_tlw"
"682","RRU","51.2.0",1986,0,"A","Q_tlw"
"682","RRU","51.2.0",1987,0,"A","Q_tlw"
"682","RRU","51.2.0",1988,0,"A","Q_tlw"
"682","RRU","51.2.0",1989,0,"A","Q_tlw"
"682","RRU","51.2.0",1990,0,"A","Q_tlw"
"682","RRU","51.2.0",1991,0,"A","Q_tlw"
"682","RRU","51.2.0",1992,0,"A","Q_tlw"
"682","RRU","51.2.0",1993,0,"A","Q_tlw"
"682","RRU","51.2.0",1994,0,"A","Q_tlw"
"682","RRU","51.2.0",1995,0,"A","Q_tlw"
"682","RRU","51.2.0",1996,0,"A","Q_tlw"
"682","RRU","51.2.0",1997,0,"A","Q_tlw"
"682","RRU","51.2.0",1998,0,"A","Q_tlw"
"682","RRU","51.2.0",1999,0,"A","Q_tlw"
"682","RRU","51.2.0",2000,0,"A","Q_tlw"
"682","RRU","51.2.0",2001,0,"A","Q_tlw"
"682","RRU","51.2.0",2002,0,"A","Q_tlw"
"682","RRU","51.2.0",2003,0,"A","Q_tlw"
"682","RRU","51.2.0",2004,0,"A","Q_tlw"
"682","RRU","51.2.0",2005,0,"A","Q_tlw"
"682","RRU","51.2.0",2006,0,"A","Q_tlw"
"682","RRU","51.2.0",2007,0,"A","Q_tlw"
"682","RRU","51.2.0",2008,0,"A","Q_tlw"
"682","RRU","51.2.0",2009,0,"A","Q_tlw"
"682","RRU","51.2.0",2010,0,"A","Q_tlw"
"682","RRU","51.2.0",2011,0,"A","Q_tlw"
"682","RRU","51.2.0",2012,0,"A","Q_tlw"
"682","RRU","51.2.0",2013,0,"A","Q_tlw"
"682","RRU","51.2.0",2014,0,"A","Q_tlw"
"682","RRU","51.2.0",2015,2,"A","Q_tlw"
"682","RRU","51.2.0",2016,9.343,"A","Q_tlw"
"682","RRU","51.2.0",2017,9.317,"A","Q_tlw"
"682","RRU","51.2.0",2018,9.541,"A","Q_tlw"
"682","RRU","51.2.0",2019,9.297,"A","Q_tlw"
"682","RRU","51.2.0",2020,9.082,"A","Q_tlw"
"682","RRU","51.2.0",2021,8.897,"A","Q_tlw"
"682","RRU","51.2.0",2022,9.024,"A","Q_tlw"
"682","RRU","51.2.0",2023,9.078,"I","Q_tlw"
"682","NGJ","51.2.0",1986,0,"A","Q_tlw"
"682","NGJ","51.2.0",1987,0,"A","Q_tlw"
"682","NGJ","51.2.0",1988,0,"A","Q_tlw"
"682","NGJ","51.2.0",1989,0,"A","Q_tlw"
"682","NGJ","51.2.0",1990,0,"A","Q_tlw"
"682","NGJ","51.2.0",1991,0,"A","Q_tlw"
"682","NGJ","51.2.0",1992,0,"A","Q_tlw"
"682","NGJ","51.2.0",1993,0,"A","Q_tlw"
"682","NGJ","51.2.0",1994,0,"A","Q_tlw"
"682","NGJ","51.2.0",1995,0,"A","Q_tlw"
"682","NGJ","51.2.0",1996,0,"A","Q_tlw"
"682","NGJ","51.2.0",1997,0,"A","Q_tlw"
"682","NGJ","51.2.0",1998,0,"A","Q_tlw"
"682","NGJ","51.2.0",1999,0,"A","Q_tlw"
"682","NGJ","51.2.0",2000,0,"A","Q_tlw"
"682","NGJ","51.2.0",2001,74,"A","Q_tlw"
"682","NGJ","51.2.0",2002,45,"A","Q_tlw"
"682","NGJ","51.2.0",2004,0,"A","Q_tlw"
"682","NGJ","51.2.0",2005,0,"A","Q_tlw"
"682","NGJ","51.2.0",2006,0,"A","Q_tlw"
"682","NGJ","51.2.0",2007,0,"A","Q_tlw"
"682","NGJ","51.2.0",2008,0,"A","Q_tlw"
"682","NGJ","51.2.0",2009,0,"A","Q_tlw"
"682","NGJ","51.2.0",2010,0,"A","Q_tlw"
"682","NGJ","51.2.0",2011,0,"A","Q_tlw"
"682","NGJ","51.2.0",2012,0,"A","Q_tlw"
"682","NGJ","51.2.0",2013,0,"A","Q_tlw"
"682","NGJ","51.2.0",2014,0,"A","Q_tlw"
"682","NGJ","51.2.0",2015,268,"A","Q_tlw"
"682","GLT","51.2.0",1986,0,"A","Q_tlw"
"682","GLT","51.2.0",1987,0,"A","Q_tlw"
"682","GLT","51.2.0",1988,0,"A","Q_tlw"
"682","GLT","51.2.0",1989,0,"A","Q_tlw"
"682","GLT","51.2.0",1990,0,"A","Q_tlw"
"682","GLT","51.2.0",1991,0,"A","Q_tlw"
"682","GLT","51.2.0",1992,0,"A","Q_tlw"
"682","GLT","51.2.0",1993,0,"A","Q_tlw"
"682","GLT","51.2.0",1994,0,"A","Q_tlw"
"682","GLT","51.2.0",1995,0,"A","Q_tlw"
"682","GLT","51.2.0",1996,0,"A","Q_tlw"
"682","GLT","51.2.0",1997,0,"A","Q_tlw"
"682","GLT","51.2.0",1998,0,"A","Q_tlw"
"682","GLT","51.2.0",1999,0,"A","Q_tlw"
"682","GLT","51.2.0",2000,423,"A","Q_tlw"
"682","GLT","51.2.0",2001,585,"A","Q_tlw"
"682","GLT","51.2.0",2002,830,"A","Q_tlw"
"682","GLT","51.2.0",2003,756,"A","Q_tlw"
"682","GLT","51.2.0",2004,650,"A","Q_tlw"
"682","GLT","51.2.0",2005,791,"A","Q_tlw"
"682","GLT","51.2.0",2006,1021,"A","Q_tlw"
"682","GLT","51.2.0",2007,707,"A","Q_tlw"
"682","GLT","51.2.0",2008,870,"A","Q_tlw"
"682","GLT","51.2.0",2009,529,"A","Q_tlw"
"682","GLT","51.2.0",2010,446,"A","Q_tlw"
"682","GLT","51.2.0",2011,628,"A","Q_tlw"
"682","GLT","51.2.0",2012,665,"A","Q_tlw"
"682","GLT","51.2.0",2013,825,"A","Q_tlw"
"682","GLT","51.2.0",2014,732,"A","Q_tlw"
"682","GLT","51.2.0",2015,701,"A","Q_tlw"
"682","GLT","51.2.0",2016,74.748,"A","Q_tlw"
"682","GLT","51.2.0",2017,74.535,"A","Q_tlw"
"682","GLT","51.2.0",2018,76.327,"A","Q_tlw"
"682","GLT","51.2.0",2019,74.375,"A","Q_tlw"
"682","GLT","51.2.0",2020,72.659,"A","Q_tlw"
"682","GLT","51.2.0",2021,71.18,"A","Q_tlw"
"682","GLT","51.2.0",2022,72.192,"A","Q_tlw"
"682","GLT","51.2.0",2023,74.801,"I","Q_tlw"
"682","HAS","51.2.0",1986,0,"A","Q_tlw"
"682","HAS","51.2.0",1987,0,"A","Q_tlw"
"682","HAS","51.2.0",1988,0,"A","Q_tlw"
"682","HAS","51.2.0",1989,0,"A","Q_tlw"
"682","HAS","51.2.0",1990,0,"A","Q_tlw"
"682","HAS","51.2.0",1991,0,"A","Q_tlw"
"682","HAS","51.2.0",1992,0,"A","Q_tlw"
"682","HAS","51.2.0",1993,0,"A","Q_tlw"
"682","HAS","51.2.0",1994,0,"A","Q_tlw"
"682","HAS","51.2.0",1995,0,"A","Q_tlw"
"682","HAS","51.2.0",1996,0,"A","Q_tlw"
"682","HAS","51.2.0",1997,0,"A","Q_tlw"
"682","HAS","51.2.0",1998,0,"A","Q_tlw"
"682","HAS","51.2.0",1999,0,"A","Q_tlw"
"682","HAS","51.2.0",2000,0,"A","Q_tlw"
"682","HAS","51.2.0",2001,0,"A","Q_tlw"
"682","HAS","51.2.0",2002,0,"A","Q_tlw"
"682","HAS","51.2.0",2003,0,"A","Q_tlw"
"682","HAS","51.2.0",2004,0,"A","Q_tlw"
"682","HAS","51.2.0",2005,0,"A","Q_tlw"
"682","HAS","51.2.0",2006,0,"A","Q_tlw"
"682","HAS","51.2.0",2007,0,"A","Q_tlw"
"682","HAS","51.2.0",2008,0,"A","Q_tlw"
"682","HAS","51.2.0",2009,0,"A","Q_tlw"
"682","HAS","51.2.0",2010,0,"A","Q_tlw"
"682","HAS","51.2.0",2011,0,"A","Q_tlw"
"682","HAS","51.2.0",2012,0,"A","Q_tlw"
"682","HAS","51.2.0",2013,0,"A","Q_tlw"
"682","HAS","51.2.0",2014,0,"A","Q_tlw"
"682","HAS","51.2.0",2015,3,"A","Q_tlw"
"682","POB","51.2.0",1986,0,"A","Q_tlw"
"682","POB","51.2.0",1987,0,"A","Q_tlw"
"682","POB","51.2.0",1988,0,"A","Q_tlw"
"682","POB","51.2.0",1989,0,"A","Q_tlw"
"682","POB","51.2.0",1990,0,"A","Q_tlw"
"682","POB","51.2.0",1991,0,"A","Q_tlw"
"682","POB","51.2.0",1992,0,"A","Q_tlw"
"682","POB","51.2.0",1993,0,"A","Q_tlw"
"682","POB","51.2.0",1994,0,"A","Q_tlw"
"682","POB","51.2.0",1995,0,"A","Q_tlw"
"682","POB","51.2.0",1996,0,"A","Q_tlw"
"682","POB","51.2.0",1997,0,"A","Q_tlw"
"682","POB","51.2.0",1998,0,"A","Q_tlw"
"682","POB","51.2.0",1999,0,"A","Q_tlw"
"682","POB","51.2.0",2000,0,"A","Q_tlw"
"682","POB","51.2.0",2001,0,"A","Q_tlw"
"682","POB","51.2.0",2002,0,"A","Q_tlw"
"682","POB","51.2.0",2003,8,"A","Q_tlw"
"682","POB","51.2.0",2004,0,"A","Q_tlw"
"682","POB","51.2.0",2005,0,"A","Q_tlw"
"682","POB","51.2.0",2006,0,"A","Q_tlw"
"682","POB","51.2.0",2007,0,"A","Q_tlw"
"682","POB","51.2.0",2008,0,"A","Q_tlw"
"682","POB","51.2.0",2009,0,"A","Q_tlw"
"682","POB","51.2.0",2010,0,"A","Q_tlw"
"682","POB","51.2.0",2011,0,"A","Q_tlw"
"682","POB","51.2.0",2012,0,"A","Q_tlw"
"682","POB","51.2.0",2013,0,"A","Q_tlw"
"682","POB","51.2.0",2014,0,"A","Q_tlw"
"682","POB","51.2.0",2015,0,"A","Q_tlw"
"682","NGS","51.2.0",1986,0,"A","Q_tlw"
"682","NGS","51.2.0",1987,0,"A","Q_tlw"
"682","NGS","51.2.0",1988,0,"A","Q_tlw"
"682","NGS","51.2.0",1989,0,"A","Q_tlw"
"682","NGS","51.2.0",1990,0,"A","Q_tlw"
"682","NGS","51.2.0",1991,0,"A","Q_tlw"
"682","NGS","51.2.0",1992,0,"A","Q_tlw"
"682","NGS","51.2.0",1993,0,"A","Q_tlw"
"682","NGS","51.2.0",1994,0,"A","Q_tlw"
"682","NGS","51.2.0",1995,0,"A","Q_tlw"
"682","NGS","51.2.0",1996,0,"A","Q_tlw"
"682","NGS","51.2.0",1997,0,"A","Q_tlw"
"682","NGS","51.2.0",1998,0,"A","Q_tlw"
"682","NGS","51.2.0",1999,0,"A","Q_tlw"
"682","NGS","51.2.0",2000,25,"A","Q_tlw"
"682","NGS","51.2.0",2001,0,"A","Q_tlw"
"682","NGS","51.2.0",2002,161,"A","Q_tlw"
"682","NGS","51.2.0",2003,49,"A","Q_tlw"
"682","NGS","51.2.0",2004,61,"A","Q_tlw"
"682","NGS","51.2.0",2005,49,"A","Q_tlw"
"682","NGS","51.2.0",2006,69,"A","Q_tlw"
"682","NGS","51.2.0",2007,50,"A","Q_tlw"
"682","NGS","51.2.0",2008,71,"A","Q_tlw"
"682","NGS","51.2.0",2009,56,"A","Q_tlw"
"682","NGS","51.2.0",2010,80,"A","Q_tlw"
"682","NGS","51.2.0",2011,88,"A","Q_tlw"
"682","NGS","51.2.0",2012,93,"A","Q_tlw"
"682","NGS","51.2.0",2013,77,"A","Q_tlw"
"682","NGS","51.2.0",2014,66,"A","Q_tlw"
"682","NGS","51.2.0",2015,76,"A","Q_tlw"
"682","NGS","51.2.0",2016,6.229,"A","Q_tlw"
"682","NGS","51.2.0",2017,6.211,"A","Q_tlw"
"682","NGS","51.2.0",2018,6.361,"A","Q_tlw"
"682","NGS","51.2.0",2019,6.198,"A","Q_tlw"
"682","NGS","51.2.0",2020,6.055,"A","Q_tlw"
"682","NGS","51.2.0",2021,5.932,"A","Q_tlw"
"682","NGS","51.2.0",2022,6.016,"A","Q_tlw"
"682","NGS","51.2.0",2023,6.048,"I","Q_tlw"
"682","QUE","51.2.0",1994,110,"A","Q_tlw"
"682","QUE","51.2.0",1995,141,"A","Q_tlw"
"682","QUE","51.2.0",1996,87,"A","Q_tlw"
"682","QUE","51.2.0",1997,189,"A","Q_tlw"
"682","QUE","51.2.0",1998,371,"A","Q_tlw"
"682","QUE","51.2.0",1999,300,"A","Q_tlw"
"682","QUE","51.2.0",2000,0,"A","Q_tlw"
"682","QUE","51.2.0",2001,0,"A","Q_tlw"
"682","QUE","51.2.0",2002,0,"A","Q_tlw"
"682","QUE","51.2.0",2003,0,"A","Q_tlw"
"682","QUE","51.2.0",2004,0,"A","Q_tlw"
"682","QUE","51.2.0",2005,0,"A","Q_tlw"
"682","QUE","51.2.0",2006,0,"A","Q_tlw"
"682","QUE","51.2.0",2007,0,"A","Q_tlw"
"682","QUE","51.2.0",2008,0,"A","Q_tlw"
"682","QUE","51.2.0",2009,0,"A","Q_tlw"
"682","QUE","51.2.0",2010,0,"A","Q_tlw"
"682","QUE","51.2.0",2011,0,"A","Q_tlw"
"682","QUE","51.2.0",2012,0,"A","Q_tlw"
"682","QUE","51.2.0",2013,0,"A","Q_tlw"
"682","QUE","51.2.0",2014,0,"A","Q_tlw"
"682","QUE","51.2.0",2015,0,"A","Q_tlw"
"682","OBM","51.2.0",1986,0,"A","Q_tlw"
"682","OBM","51.2.0",1987,0,"A","Q_tlw"
"682","OBM","51.2.0",1988,0,"A","Q_tlw"
"682","OBM","51.2.0",1989,0,"A","Q_tlw"
"682","OBM","51.2.0",1990,0,"A","Q_tlw"
"682","OBM","51.2.0",1991,0,"A","Q_tlw"
"682","OBM","51.2.0",1992,0,"A","Q_tlw"
"682","OBM","51.2.0",1993,0,"A","Q_tlw"
"682","OBM","51.2.0",1994,0,"A","Q_tlw"
"682","OBM","51.2.0",1995,0,"A","Q_tlw"
"682","OBM","51.2.0",1996,0,"A","Q_tlw"
"682","OBM","51.2.0",1997,0,"A","Q_tlw"
"682","OBM","51.2.0",1998,0,"A","Q_tlw"
"682","OBM","51.2.0",1999,0,"A","Q_tlw"
"682","OBM","51.2.0",2000,0,"A","Q_tlw"
"682","OBM","51.2.0",2001,222,"A","Q_tlw"
"682","OBM","51.2.0",2002,340,"A","Q_tlw"
"682","OBM","51.2.0",2003,0,"A","Q_tlw"
"682","OBM","51.2.0",2004,534,"A","Q_tlw"
"682","OBM","51.2.0",2005,471,"A","Q_tlw"
"682","OBM","51.2.0",2006,695,"A","Q_tlw"
"682","OBM","51.2.0",2007,417,"A","Q_tlw"
"682","OBM","51.2.0",2008,534,"A","Q_tlw"
"682","OBM","51.2.0",2009,455,"A","Q_tlw"
"682","OBM","51.2.0",2010,294,"A","Q_tlw"
"682","OBM","51.2.0",2011,385,"A","Q_tlw"
"682","OBM","51.2.0",2012,407,"A","Q_tlw"
"682","OBM","51.2.0",2013,489,"A","Q_tlw"
"682","OBM","51.2.0",2014,488,"A","Q_tlw"
"682","OBM","51.2.0",2015,473,"A","Q_tlw"
"682","OBM","51.2.0",2016,88.763,"A","Q_tlw"
"682","OBM","51.2.0",2017,88.511,"A","Q_tlw"
"682","OBM","51.2.0",2018,90.639,"A","Q_tlw"
"682","OBM","51.2.0",2019,88.32,"A","Q_tlw"
"682","OBM","51.2.0",2020,86.283,"A","Q_tlw"
"682","OBM","51.2.0",2021,84.526,"A","Q_tlw"
"682","OBM","51.2.0",2022,85.728,"A","Q_tlw"
"682","OBM","51.2.0",2023,91.59,"I","Q_tlw"
"682","OBJ","51.2.0",1986,0,"A","Q_tlw"
"682","OBJ","51.2.0",1987,0,"A","Q_tlw"
"682","OBJ","51.2.0",1988,0,"A","Q_tlw"
"682","OBJ","51.2.0",1989,0,"A","Q_tlw"
"682","OBJ","51.2.0",1990,0,"A","Q_tlw"
"682","OBJ","51.2.0",1991,0,"A","Q_tlw"
"682","OBJ","51.2.0",1992,0,"A","Q_tlw"
"682","OBJ","51.2.0",1993,0,"A","Q_tlw"
"682","OBJ","51.2.0",1994,0,"A","Q_tlw"
"682","OBJ","51.2.0",1995,0,"A","Q_tlw"
"682","OBJ","51.2.0",1996,0,"A","Q_tlw"
"682","OBJ","51.2.0",1997,0,"A","Q_tlw"
"682","OBJ","51.2.0",1998,0,"A","Q_tlw"
"682","OBJ","51.2.0",1999,0,"A","Q_tlw"
"682","OBJ","51.2.0",2000,139,"A","Q_tlw"
"682","OBJ","51.2.0",2001,0,"A","Q_tlw"
"682","OBJ","51.2.0",2002,340,"A","Q_tlw"
"682","OBJ","51.2.0",2003,301,"A","Q_tlw"
"682","OBJ","51.2.0",2004,0,"A","Q_tlw"
"682","OBJ","51.2.0",2005,0,"A","Q_tlw"
"682","OBJ","51.2.0",2006,0,"A","Q_tlw"
"682","OBJ","51.2.0",2007,0,"A","Q_tlw"
"682","OBJ","51.2.0",2008,0,"A","Q_tlw"
"682","OBJ","51.2.0",2009,0,"A","Q_tlw"
"682","OBJ","51.2.0",2010,0,"A","Q_tlw"
"682","OBJ","51.2.0",2011,0,"A","Q_tlw"
"682","OBJ","51.2.0",2013,0,"A","Q_tlw"
"682","OBJ","51.2.0",2014,0,"A","Q_tlw"
"682","OBJ","51.2.0",2015,22,"A","Q_tlw"
"682","OBJ","51.2.0",2016,46.717,"A","Q_tlw"
"682","OBJ","51.2.0",2017,46.585,"A","Q_tlw"
"682","OBJ","51.2.0",2018,47.704,"A","Q_tlw"
"682","OBJ","51.2.0",2019,46.484,"A","Q_tlw"
"682","OBJ","51.2.0",2020,45.412,"A","Q_tlw"
"682","OBJ","51.2.0",2021,44.487,"A","Q_tlw"
"682","OBJ","51.2.0",2022,45.12,"A","Q_tlw"
"682","OBJ","51.2.0",2023,48.291,"I","Q_tlw"
"682","POO","51.2.0",1998,0,"A","Q_tlw"
"682","POO","51.2.0",1999,0,"A","Q_tlw"
"682","POO","51.2.0",2000,67,"A","Q_tlw"
"682","POO","51.2.0",2001,34,"A","Q_tlw"
"682","POO","51.2.0",2002,10,"A","Q_tlw"
"682","POO","51.2.0",2003,28,"A","Q_tlw"
"682","POO","51.2.0",2004,46,"A","Q_tlw"
"682","POO","51.2.0",2005,30,"A","Q_tlw"
"682","POO","51.2.0",2006,58,"A","Q_tlw"
"682","POO","51.2.0",2007,36,"A","Q_tlw"
"682","POO","51.2.0",2008,61,"A","Q_tlw"
"682","POO","51.2.0",2009,129,"A","Q_tlw"
"682","POO","51.2.0",2010,90,"A","Q_tlw"
"682","POO","51.2.0",2011,28,"A","Q_tlw"
"682","POO","51.2.0",2012,30,"A","Q_tlw"
"682","POO","51.2.0",2013,74,"A","Q_tlw"
"682","POO","51.2.0",2014,56,"A","Q_tlw"
"682","POO","51.2.0",2015,62,"A","Q_tlw"
"682","POO","51.2.0",2016,6.229,"A","Q_tlw"
"682","POO","51.2.0",2017,6.211,"A","Q_tlw"
"682","POO","51.2.0",2018,6.361,"A","Q_tlw"
"682","POO","51.2.0",2019,6.198,"A","Q_tlw"
"682","POO","51.2.0",2020,6.055,"A","Q_tlw"
"682","POO","51.2.0",2021,5.932,"A","Q_tlw"
"682","POO","51.2.0",2022,6.016,"A","Q_tlw"
"682","POO","51.2.0",2023,4.997,"I","Q_tlw"
"682","NGU","51.2.0",1986,0,"A","Q_tlw"
"682","NGU","51.2.0",1987,0,"A","Q_tlw"
"682","NGU","51.2.0",1988,0,"A","Q_tlw"
"682","NGU","51.2.0",1989,0,"A","Q_tlw"
"682","NGU","51.2.0",1990,0,"A","Q_tlw"
"682","NGU","51.2.0",1991,0,"A","Q_tlw"
"682","NGU","51.2.0",1992,0,"A","Q_tlw"
"682","NGU","51.2.0",1993,0,"A","Q_tlw"
"682","NGU","51.2.0",1994,0,"A","Q_tlw"
"682","NGU","51.2.0",1995,0,"A","Q_tlw"
"682","NGU","51.2.0",1996,0,"A","Q_tlw"
"682","NGU","51.2.0",1997,0,"A","Q_tlw"
"682","NGU","51.2.0",1998,0,"A","Q_tlw"
"682","NGU","51.2.0",1999,0,"A","Q_tlw"
"682","NGU","51.2.0",2000,0,"A","Q_tlw"
"682","NGU","51.2.0",2001,0,"A","Q_tlw"
"682","NGU","51.2.0",2002,0,"A","Q_tlw"
"682","NGU","51.2.0",2003,0,"A","Q_tlw"
"682","NGU","51.2.0",2004,0,"A","Q_tlw"
"682","NGU","51.2.0",2005,0,"A","Q_tlw"
"682","NGU","51.2.0",2006,0,"A","Q_tlw"
"682","NGU","51.2.0",2007,0,"A","Q_tlw"
"682","NGU","51.2.0",2008,0,"A","Q_tlw"
"682","NGU","51.2.0",2009,0,"A","Q_tlw"
"682","NGU","51.2.0",2010,0,"A","Q_tlw"
"682","NGU","51.2.0",2011,0,"A","Q_tlw"
"682","NGU","51.2.0",2012,0,"A","Q_tlw"
"682","NGU","51.2.0",2013,0,"A","Q_tlw"
"682","NGU","51.2.0",2014,0,"A","Q_tlw"
"682","NGU","51.2.0",2015,5,"A","Q_tlw"
"682","NGU","51.2.0",2016,65.404,"A","Q_tlw"
"682","NGU","51.2.0",2017,65.218,"A","Q_tlw"
"682","NGU","51.2.0",2018,66.786,"A","Q_tlw"
"682","NGU","51.2.0",2019,65.078,"A","Q_tlw"
"682","NGU","51.2.0",2020,63.577,"A","Q_tlw"
"682","NGU","51.2.0",2021,62.282,"A","Q_tlw"
"682","NGU","51.2.0",2022,63.168,"A","Q_tlw"
"682","NGU","51.2.0",2023,65.546,"I","Q_tlw"
"682","CBA","51.2.0",1986,72,"A","Q_tlw"
"682","CBA","51.2.0",1987,72,"A","Q_tlw"
"682","CBA","51.2.0",1988,10,"A","Q_tlw"
"682","CBA","51.2.0",1989,26,"A","Q_tlw"
"682","CBA","51.2.0",1990,34,"A","Q_tlw"
"682","CBA","51.2.0",1991,32,"A","Q_tlw"
"682","CBA","51.2.0",1992,51,"A","Q_tlw"
"682","CBA","51.2.0",1993,47,"A","Q_tlw"
"682","CBA","51.2.0",1994,53,"A","Q_tlw"
"682","CBA","51.2.0",1995,72,"A","Q_tlw"
"682","CBA","51.2.0",1996,76,"A","Q_tlw"
"682","CBA","51.2.0",1997,103,"A","Q_tlw"
"682","CBA","51.2.0",1998,78,"A","Q_tlw"
"682","CBA","51.2.0",1999,84,"A","Q_tlw"
"682","CBA","51.2.0",2000,60,"A","Q_tlw"
"682","CBA","51.2.0",2001,110,"A","Q_tlw"
"682","CBA","51.2.0",2002,186,"A","Q_tlw"
"682","CBA","51.2.0",2003,184,"A","Q_tlw"
"682","CBA","51.2.0",2004,117,"A","Q_tlw"
"682","CBA","51.2.0",2005,158,"A","Q_tlw"
"682","CBA","51.2.0",2006,191,"A","Q_tlw"
"682","CBA","51.2.0",2007,128,"A","Q_tlw"
"682","CBA","51.2.0",2008,179,"A","Q_tlw"
"682","CBA","51.2.0",2009,90,"A","Q_tlw"
"682","CBA","51.2.0",2010,71,"A","Q_tlw"
"682","CBA","51.2.0",2011,58,"A","Q_tlw"
"682","CBA","51.2.0",2012,61,"A","Q_tlw"
"682","CBA","51.2.0",2013,119,"A","Q_tlw"
"682","CBA","51.2.0",2014,160,"A","Q_tlw"
"682","CBA","51.2.0",2015,179,"A","Q_tlw"
"682","CBA","51.2.0",2016,54.504,"A","Q_tlw"
"682","CBA","51.2.0",2017,54.349,"A","Q_tlw"
"682","CBA","51.2.0",2018,55.655,"A","Q_tlw"
"682","CBA","51.2.0",2019,54.232,"A","Q_tlw"
"682","CBA","51.2.0",2020,52.981,"A","Q_tlw"
"682","CBA","51.2.0",2021,51.902,"A","Q_tlw"
"682","CBA","51.2.0",2022,52.64,"A","Q_tlw"
"682","CBA","51.2.0",2023,55.146,"I","Q_tlw"
"682","BTS","51.2.0",1992,0,"A","Q_tlw"
"682","BTS","51.2.0",1993,0,"A","Q_tlw"
"682","BTS","51.2.0",1994,260,"A","Q_tlw"
"682","BTS","51.2.0",1995,160,"A","Q_tlw"
"682","BTS","51.2.0",1996,38,"A","Q_tlw"
"682","BTS","51.2.0",1997,56,"A","Q_tlw"
"682","BTS","51.2.0",1998,64,"A","Q_tlw"
"682","BTS","51.2.0",1999,78,"A","Q_tlw"
"682","BTS","51.2.0",2000,58,"A","Q_tlw"
"682","BTS","51.2.0",2001,72,"A","Q_tlw"
"682","BTS","51.2.0",2002,112,"A","Q_tlw"
"682","BTS","51.2.0",2003,144,"A","Q_tlw"
"682","BTS","51.2.0",2004,98,"A","Q_tlw"
"682","BTS","51.2.0",2005,78,"A","Q_tlw"
"682","BTS","51.2.0",2006,140,"A","Q_tlw"
"682","BTS","51.2.0",2007,158,"A","Q_tlw"
"682","BTS","51.2.0",2008,85,"A","Q_tlw"
"682","BTS","51.2.0",2009,91,"A","Q_tlw"
"682","BTS","51.2.0",2010,41,"A","Q_tlw"
"682","BTS","51.2.0",2011,9,"A","Q_tlw"
"682","BTS","51.2.0",2012,10,"A","Q_tlw"
"682","BTS","51.2.0",2013,128,"A","Q_tlw"
"682","BTS","51.2.0",2014,117,"A","Q_tlw"
"682","BTS","51.2.0",2015,98,"A","Q_tlw"
"682","JKX","51.2.0",2008,67,"A","Q_tlw"
"682","JKX","51.2.0",2009,45,"A","Q_tlw"
"682","JKX","51.2.0",2010,29,"A","Q_tlw"
"682","JKX","51.2.0",2011,29,"A","Q_tlw"
"682","JKX","51.2.0",2012,30,"A","Q_tlw"
"682","JKX","51.2.0",2013,0,"A","Q_tlw"
"682","JKX","51.2.0",2014,0,"A","Q_tlw"
"682","JKX","51.2.0",2015,40,"A","Q_tlw"
"682","PPX","51.2.0",1986,10,"A","Q_tlw"
"682","PPX","51.2.0",1987,10,"A","Q_tlw"
"682","PPX","51.2.0",1988,0,"A","Q_tlw"
"682","PPX","51.2.0",1989,0,"A","Q_tlw"
"682","PPX","51.2.0",1990,0,"A","Q_tlw"
"682","PPX","51.2.0",1991,0,"A","Q_tlw"
"682","PPX","51.2.0",1992,0,"A","Q_tlw"
"682","PPX","51.2.0",1993,0,"A","Q_tlw"
"682","PPX","51.2.0",1994,0,"A","Q_tlw"
"682","PPX","51.2.0",1995,0,"A","Q_tlw"
"682","PPX","51.2.0",1996,0,"A","Q_tlw"
"682","PPX","51.2.0",1997,0,"A","Q_tlw"
"682","PPX","51.2.0",1998,0,"A","Q_tlw"
"682","PPX","51.2.0",1999,0,"A","Q_tlw"
"682","PPX","51.2.0",2000,0,"A","Q_tlw"
"682","PPX","51.2.0",2001,0,"A","Q_tlw"
"682","PPX","51.2.0",2002,0,"A","Q_tlw"
"682","PPX","51.2.0",2003,0,"A","Q_tlw"
"682","PPX","51.2.0",2004,0,"A","Q_tlw"
"682","PPX","51.2.0",2005,0,"A","Q_tlw"
"682","PPX","51.2.0",2006,0,"A","Q_tlw"
"682","PPX","51.2.0",2007,0,"A","Q_tlw"
"682","PPX","51.2.0",2008,0,"A","Q_tlw"
"682","PPX","51.2.0",2009,0,"A","Q_tlw"
"682","PPX","51.2.0",2010,0,"A","Q_tlw"
"682","PPX","51.2.0",2011,0,"A","Q_tlw"
"682","PPX","51.2.0",2012,0,"A","Q_tlw"
"682","PPX","51.2.0",2013,0,"A","Q_tlw"
"682","PPX","51.2.0",2014,0,"A","Q_tlw"
"682","PPX","51.2.0",2015,0,"A","Q_tlw"
"682","RSK","51.2.0",2016,32.702,"A","Q_tlw"
"682","RSK","51.2.0",2017,32.609,"A","Q_tlw"
"682","RSK","51.2.0",2018,33.393,"A","Q_tlw"
"682","RSK","51.2.0",2019,32.539,"A","Q_tlw"
"682","RSK","51.2.0",2020,31.788,"A","Q_tlw"
"682","RSK","51.2.0",2021,31.141,"A","Q_tlw"
"682","RSK","51.2.0",2022,31.584,"A","Q_tlw"
"682","RSK","51.2.0",2023,33.426,"I","Q_tlw"
"682","DHG","51.2.0",1998,0,"A","Q_tlw"
"682","DHG","51.2.0",1999,0,"A","Q_tlw"
"682","DHG","51.2.0",2000,0,"A","Q_tlw"
"682","DHG","51.2.0",2001,0,"A","Q_tlw"
"682","DHG","51.2.0",2002,11,"A","Q_tlw"
"682","DHG","51.2.0",2003,48,"A","Q_tlw"
"682","DHG","51.2.0",2004,17,"A","Q_tlw"
"682","DHG","51.2.0",2005,6,"A","Q_tlw"
"682","DHG","51.2.0",2006,18,"A","Q_tlw"
"682","DHG","51.2.0",2007,1,"A","Q_tlw"
"682","DHG","51.2.0",2008,2,"A","Q_tlw"
"682","DHG","51.2.0",2009,10,"A","Q_tlw"
"682","DHG","51.2.0",2010,11,"A","Q_tlw"
"682","DHG","51.2.0",2011,8,"A","Q_tlw"
"682","DHG","51.2.0",2012,8,"A","Q_tlw"
"682","DHG","51.2.0",2013,1,"A","Q_tlw"
"682","DHG","51.2.0",2014,2,"A","Q_tlw"
"682","DHG","51.2.0",2015,19,"A","Q_tlw"
"682","SKX","51.2.0",1986,18,"A","Q_tlw"
"682","SKX","51.2.0",1987,11,"A","Q_tlw"
"682","SKX","51.2.0",1988,29,"A","Q_tlw"
"682","SKX","51.2.0",1989,33,"A","Q_tlw"
"682","SKX","51.2.0",1990,23,"A","Q_tlw"
"682","SKX","51.2.0",1991,23,"A","Q_tlw"
"682","SKX","51.2.0",1992,24,"A","Q_tlw"
"682","SKX","51.2.0",1993,25,"A","Q_tlw"
"682","SKX","51.2.0",1994,63,"A","Q_tlw"
"682","SKX","51.2.0",1995,91,"A","Q_tlw"
"682","SKX","51.2.0",1996,85,"A","Q_tlw"
"682","SKX","51.2.0",1997,95,"A","Q_tlw"
"682","SKX","51.2.0",1998,232,"A","Q_tlw"
"682","SKX","51.2.0",1999,138,"A","Q_tlw"
"682","SKX","51.2.0",2000,240,"A","Q_tlw"
"682","SKX","51.2.0",2001,647,"A","Q_tlw"
"682","SKX","51.2.0",2002,802,"A","Q_tlw"
"682","SKX","51.2.0",2003,981,"A","Q_tlw"
"682","SKX","51.2.0",2004,879,"A","Q_tlw"
"682","SKX","51.2.0",2005,950,"A","Q_tlw"
"682","SKX","51.2.0",2006,795,"A","Q_tlw"
"682","SKX","51.2.0",2007,911,"A","Q_tlw"
"682","SKX","51.2.0",2008,877,"A","Q_tlw"
"682","SKX","51.2.0",2009,469,"A","Q_tlw"
"682","SKX","51.2.0",2010,421,"A","Q_tlw"
"682","SKX","51.2.0",2011,455,"A","Q_tlw"
"682","SKX","51.2.0",2012,482,"A","Q_tlw"
"682","SKX","51.2.0",2013,597,"A","Q_tlw"
"682","SKX","51.2.0",2014,819,"A","Q_tlw"
"682","SKX","51.2.0",2015,472,"A","Q_tlw"
"682","SKX","51.2.0",2016,308.334,"A","Q_tlw"
"682","SKX","51.2.0",2017,307.458,"A","Q_tlw"
"682","SKX","51.2.0",2018,314.85,"A","Q_tlw"
"682","SKX","51.2.0",2019,306.796,"A","Q_tlw"
"682","SKX","51.2.0",2020,299.72,"A","Q_tlw"
"682","SKX","51.2.0",2021,293.617,"A","Q_tlw"
"682","SKX","51.2.0",2022,297.792,"A","Q_tlw"
"682","SKX","51.2.0",2023,319.608,"I","Q_tlw"
"682","MZZ","51.2.0",1986,847,"A","Q_tlw"
"682","MZZ","51.2.0",1987,2560,"A","Q_tlw"
"682","MZZ","51.2.0",1988,1903,"A","Q_tlw"
"682","MZZ","51.2.0",1989,1649,"A","Q_tlw"
"682","MZZ","51.2.0",1990,1271,"A","Q_tlw"
"682","MZZ","51.2.0",1991,1002,"A","Q_tlw"
"682","MZZ","51.2.0",1992,244,"A","Q_tlw"
"682","MZZ","51.2.0",1993,120,"A","Q_tlw"
"682","MZZ","51.2.0",1994,963,"A","Q_tlw"
"682","MZZ","51.2.0",1995,775,"A","Q_tlw"
"682","MZZ","51.2.0",1996,514,"A","Q_tlw"
"682","MZZ","51.2.0",1997,273,"A","Q_tlw"
"682","MZZ","51.2.0",1998,400,"A","Q_tlw"
"682","MZZ","51.2.0",1999,265,"A","Q_tlw"
"682","MZZ","51.2.0",2000,198,"A","Q_tlw"
"682","MZZ","51.2.0",2001,168,"A","Q_tlw"
"682","MZZ","51.2.0",2002,126,"A","Q_tlw"
"682","MZZ","51.2.0",2003,180,"A","Q_tlw"
"682","MZZ","51.2.0",2004,153,"A","Q_tlw"
"682","MZZ","51.2.0",2005,168,"A","Q_tlw"
"682","MZZ","51.2.0",2006,128,"A","Q_tlw"
"682","MZZ","51.2.0",2007,314,"A","Q_tlw"
"682","MZZ","51.2.0",2008,368,"A","Q_tlw"
"682","MZZ","51.2.0",2009,238,"A","Q_tlw"
"682","MZZ","51.2.0",2010,421,"A","Q_tlw"
"682","MZZ","51.2.0",2011,260,"A","Q_tlw"
"682","MZZ","51.2.0",2012,280,"A","Q_tlw"
"682","MZZ","51.2.0",2013,536,"A","Q_tlw"
"682","MZZ","51.2.0",2014,487,"A","Q_tlw"
"682","MZZ","51.2.0",2015,319,"A","Q_tlw"
"682","MZZ","51.2.0",2016,1396.848,"A","Q_tlw"
"682","MZZ","51.2.0",2017,1392.88,"A","Q_tlw"
"682","MZZ","51.2.0",2018,1426.364,"A","Q_tlw"
"682","MZZ","51.2.0",2019,1389.878,"A","Q_tlw"
"682","MZZ","51.2.0",2020,1357.821,"A","Q_tlw"
"682","MZZ","51.2.0",2021,1330.173,"A","Q_tlw"
"682","MZZ","51.2.0",2022,1349.088,"A","Q_tlw"
"682","MZZ","51.2.0",2023,1453.493,"I","Q_tlw"
"682","CRA","51.2.0",2016,590.195,"A","Q_tlw"
"682","CRA","51.2.0",2017,588.519,"A","Q_tlw"
"682","CRA","51.2.0",2018,602.667,"A","Q_tlw"
"682","CRA","51.2.0",2019,587.251,"A","Q_tlw"
"682","CRA","51.2.0",2020,573.706,"A","Q_tlw"
"682","CRA","51.2.0",2021,562.024,"A","Q_tlw"
"682","CRA","51.2.0",2022,570.016,"A","Q_tlw"
"682","CRA","51.2.0",2023,612.862,"I","Q_tlw"
"682","SCD","51.2.0",1986,90,"A","Q_tlw"
"682","SCD","51.2.0",1987,90,"A","Q_tlw"
"682","SCD","51.2.0",1988,77,"A","Q_tlw"
"682","SCD","51.2.0",1989,43,"A","Q_tlw"
"682","SCD","51.2.0",1990,8,"A","Q_tlw"
"682","SCD","51.2.0",1991,10,"A","Q_tlw"
"682","SCD","51.2.0",1992,149,"A","Q_tlw"
"682","SCD","51.2.0",1993,200,"A","Q_tlw"
"682","SCD","51.2.0",1994,860,"A","Q_tlw"
"682","SCD","51.2.0",1995,779,"A","Q_tlw"
"682","SCD","51.2.0",1996,623,"A","Q_tlw"
"682","SCD","51.2.0",1997,954,"A","Q_tlw"
"682","SCD","51.2.0",1998,683,"A","Q_tlw"
"682","SCD","51.2.0",1999,615,"A","Q_tlw"
"682","SCD","51.2.0",2000,716,"A","Q_tlw"
"682","SCD","51.2.0",2001,915,"A","Q_tlw"
"682","SCD","51.2.0",2002,1003,"A","Q_tlw"
"682","SCD","51.2.0",2003,1233,"A","Q_tlw"
"682","SCD","51.2.0",2004,1558,"A","Q_tlw"
"682","SCD","51.2.0",2005,2421,"A","Q_tlw"
"682","SCD","51.2.0",2006,2734,"A","Q_tlw"
"682","SCD","51.2.0",2007,3576,"A","Q_tlw"
"682","SCD","51.2.0",2008,3689,"A","Q_tlw"
"682","SCD","51.2.0",2009,3722,"A","Q_tlw"
"682","SCD","51.2.0",2010,3577,"A","Q_tlw"
"682","SCD","51.2.0",2011,3954,"A","Q_tlw"
"682","SCD","51.2.0",2012,4185,"A","Q_tlw"
"682","SCD","51.2.0",2013,3219,"A","Q_tlw"
"682","SCD","51.2.0",2014,3531,"A","Q_tlw"
"682","SCD","51.2.0",2015,3598,"A","Q_tlw"
"682","SCD","51.2.0",2016,2124.081,"A","Q_tlw"
"682","SCD","51.2.0",2017,2118.047,"A","Q_tlw"
"682","SCD","51.2.0",2018,2168.964,"A","Q_tlw"
"682","SCD","51.2.0",2019,2113.482,"A","Q_tlw"
"682","SCD","51.2.0",2020,2064.736,"A","Q_tlw"
"682","SCD","51.2.0",2021,2022.694,"A","Q_tlw"
"682","SCD","51.2.0",2022,2051.456,"A","Q_tlw"
"682","SCD","51.2.0",2023,2212.299,"I","Q_tlw"
"682","THQ","51.2.0",1988,7,"A","Q_tlw"
"682","THQ","51.2.0",1989,3,"A","Q_tlw"
"682","THQ","51.2.0",1990,5,"A","Q_tlw"
"682","THQ","51.2.0",1991,5,"A","Q_tlw"
"682","THQ","51.2.0",1992,5,"A","Q_tlw"
"682","THQ","51.2.0",1993,7,"A","Q_tlw"
"682","THQ","51.2.0",1994,21,"A","Q_tlw"
"682","THQ","51.2.0",1995,19,"A","Q_tlw"
"682","THQ","51.2.0",1996,13,"A","Q_tlw"
"682","THQ","51.2.0",1997,16,"A","Q_tlw"
"682","THQ","51.2.0",1998,12,"A","Q_tlw"
"682","THQ","51.2.0",1999,18,"A","Q_tlw"
"682","THQ","51.2.0",2000,8,"A","Q_tlw"
"682","THQ","51.2.0",2001,15,"A","Q_tlw"
"682","THQ","51.2.0",2002,41,"A","Q_tlw"
"682","THQ","51.2.0",2003,17,"A","Q_tlw"
"682","THQ","51.2.0",2004,29,"A","Q_tlw"
"682","THQ","51.2.0",2005,43,"A","Q_tlw"
"682","THQ","51.2.0",2006,56,"A","Q_tlw"
"682","THQ","51.2.0",2007,37,"A","Q_tlw"
"682","THQ","51.2.0",2008,47,"A","Q_tlw"
"682","THQ","51.2.0",2009,3,"A","Q_tlw"
"682","THQ","51.2.0",2010,0,"A","Q_tlw"
"682","THQ","51.2.0",2011,2,"A","Q_tlw"
"682","THQ","51.2.0",2012,2,"A","Q_tlw"
"682","THQ","51.2.0",2013,3,"A","Q_tlw"
"682","THQ","51.2.0",2014,20,"A","Q_tlw"
"682","THQ","51.2.0",2015,16,"A","Q_tlw"
"682","DCP","51.2.0",2016,3970.972,"A","Q_tlw"
"682","DCP","51.2.0",2017,3959.693,"A","Q_tlw"
"682","DCP","51.2.0",2018,4054.882,"A","Q_tlw"
"682","DCP","51.2.0",2019,3951.159,"A","Q_tlw"
"682","DCP","51.2.0",2020,3860.028,"A","Q_tlw"
"682","DCP","51.2.0",2021,3781.429,"A","Q_tlw"
"682","DCP","51.2.0",2022,3835.201,"A","Q_tlw"
"682","DCP","51.2.0",2023,4139.671,"I","Q_tlw"
"682","MTJ","51.2.0",2016,88.763,"A","Q_tlw"
"682","MTJ","51.2.0",2017,88.511,"A","Q_tlw"
"682","MTJ","51.2.0",2018,90.639,"A","Q_tlw"
"682","MTJ","51.2.0",2019,88.32,"A","Q_tlw"
"682","MTJ","51.2.0",2020,86.283,"A","Q_tlw"
"682","MTJ","51.2.0",2021,84.526,"A","Q_tlw"
"682","MTJ","51.2.0",2022,85.728,"A","Q_tlw"
"682","MTJ","51.2.0",2023,90.392,"I","Q_tlw"
"682","MPN","51.2.0",1986,0,"A","Q_tlw"
"682","MPN","51.2.0",1987,0,"A","Q_tlw"
"682","MPN","51.2.0",1988,0,"A","Q_tlw"
"682","MPN","51.2.0",1989,0,"A","Q_tlw"
"682","MPN","51.2.0",1990,0,"A","Q_tlw"
"682","MPN","51.2.0",1991,0,"A","Q_tlw"
"682","MPN","51.2.0",1992,0,"A","Q_tlw"
"682","MPN","51.2.0",1993,0,"A","Q_tlw"
"682","MPN","51.2.0",1994,0,"A","Q_tlw"
"682","MPN","51.2.0",1995,0,"A","Q_tlw"
"682","MPN","51.2.0",1996,0,"A","Q_tlw"
"682","MPN","51.2.0",1997,0,"A","Q_tlw"
"682","MPN","51.2.0",1998,0,"A","Q_tlw"
"682","MPN","51.2.0",1999,0,"A","Q_tlw"
"682","MPN","51.2.0",2000,357,"A","Q_tlw"
"682","MPN","51.2.0",2001,337,"A","Q_tlw"
"682","MPN","51.2.0",2002,458,"A","Q_tlw"
"682","MPN","51.2.0",2003,1127,"A","Q_tlw"
"682","MPN","51.2.0",2004,583,"A","Q_tlw"
"682","MPN","51.2.0",2005,755,"A","Q_tlw"
"682","MPN","51.2.0",2006,1010,"A","Q_tlw"
"682","MPN","51.2.0",2007,870,"A","Q_tlw"
"682","MPN","51.2.0",2008,1526,"A","Q_tlw"
"682","MPN","51.2.0",2009,443,"A","Q_tlw"
"682","MPN","51.2.0",2010,2403,"A","Q_tlw"
"682","MPN","51.2.0",2011,408,"A","Q_tlw"
"682","MPN","51.2.0",2012,432,"A","Q_tlw"
"682","MPN","51.2.0",2013,1283,"A","Q_tlw"
"682","MPN","51.2.0",2014,1163,"A","Q_tlw"
"682","MPN","51.2.0",2015,1441,"A","Q_tlw"
"682","PEN","51.2.0",1986,4696,"A","Q_tlw"
"682","PEN","51.2.0",1987,3269,"A","Q_tlw"
"682","PEN","51.2.0",1988,4039,"A","Q_tlw"
"682","PEN","51.2.0",1989,4443,"A","Q_tlw"
"682","PEN","51.2.0",1990,2381,"A","Q_tlw"
"682","PEN","51.2.0",1991,1084,"A","Q_tlw"
"682","PEN","51.2.0",1992,3096,"A","Q_tlw"
"682","PEN","51.2.0",1993,2454,"A","Q_tlw"
"682","PEN","51.2.0",1994,2960,"A","Q_tlw"
"682","PEN","51.2.0",1995,3830,"A","Q_tlw"
"682","PEN","51.2.0",1996,5705,"A","Q_tlw"
"682","PEN","51.2.0",1997,5207,"A","Q_tlw"
"682","PEN","51.2.0",1998,6192,"A","Q_tlw"
"682","PEN","51.2.0",1999,2370,"A","Q_tlw"
"682","PEN","51.2.0",2000,470,"A","Q_tlw"
"682","PEN","51.2.0",2001,380,"A","Q_tlw"
"682","PEN","51.2.0",2002,0,"A","Q_tlw"
"682","PEN","51.2.0",2003,142,"A","Q_tlw"
"682","PEN","51.2.0",2004,20,"A","Q_tlw"
"682","PEN","51.2.0",2005,88,"A","Q_tlw"
"682","PEN","51.2.0",2006,5,"A","Q_tlw"
"682","PEN","51.2.0",2007,22,"A","Q_tlw"
"682","PEN","51.2.0",2008,15,"A","Q_tlw"
"682","PEN","51.2.0",2009,440,"A","Q_tlw"
"682","PEN","51.2.0",2010,10,"A","Q_tlw"
"682","PEN","51.2.0",2011,4,"A","Q_tlw"
"682","PEN","51.2.0",2012,4,"A","Q_tlw"
"682","PEN","51.2.0",2013,11,"A","Q_tlw"
"682","PEN","51.2.0",2014,19,"A","Q_tlw"
"682","PEN","51.2.0",2015,42,"A","Q_tlw"
"682","PEN","51.2.0",2016,1865.578,"A","Q_tlw"
"682","PEN","51.2.0",2017,1860.279,"A","Q_tlw"
"682","PEN","51.2.0",2018,1904.999,"A","Q_tlw"
"682","PEN","51.2.0",2019,1856.27,"A","Q_tlw"
"682","PEN","51.2.0",2020,1813.456,"A","Q_tlw"
"682","PEN","51.2.0",2021,1776.53,"A","Q_tlw"
"682","PEN","51.2.0",2022,1801.792,"A","Q_tlw"
"682","PEN","51.2.0",2023,1942.266,"I","Q_tlw"
"682","TIP","51.2.0",1986,0,"A","Q_tlw"
"682","TIP","51.2.0",1987,0,"A","Q_tlw"
"682","TIP","51.2.0",1988,0,"A","Q_tlw"
"682","TIP","51.2.0",1989,0,"A","Q_tlw"
"682","TIP","51.2.0",1990,0,"A","Q_tlw"
"682","TIP","51.2.0",1991,0,"A","Q_tlw"
"682","TIP","51.2.0",1992,0,"A","Q_tlw"
"682","TIP","51.2.0",1993,0,"A","Q_tlw"
"682","TIP","51.2.0",1994,0,"A","Q_tlw"
"682","TIP","51.2.0",1995,0,"A","Q_tlw"
"682","TIP","51.2.0",1996,0,"A","Q_tlw"
"682","TIP","51.2.0",1997,0,"A","Q_tlw"
"682","TIP","51.2.0",1998,0,"A","Q_tlw"
"682","TIP","51.2.0",1999,0,"A","Q_tlw"
"682","TIP","51.2.0",2000,3933,"A","Q_tlw"
"682","TIP","51.2.0",2001,2443,"A","Q_tlw"
"682","TIP","51.2.0",2002,5581,"A","Q_tlw"
"682","TIP","51.2.0",2003,3610,"A","Q_tlw"
"682","TIP","51.2.0",2004,6016,"A","Q_tlw"
"682","TIP","51.2.0",2005,6513,"A","Q_tlw"
"682","TIP","51.2.0",2006,6685,"A","Q_tlw"
"682","TIP","51.2.0",2007,7848,"A","Q_tlw"
"682","TIP","51.2.0",2008,9928,"A","Q_tlw"
"682","TIP","51.2.0",2009,8393,"A","Q_tlw"
"682","TIP","51.2.0",2010,6881,"A","Q_tlw"
"682","TIP","51.2.0",2011,5638,"A","Q_tlw"
"682","TIP","51.2.0",2012,5968,"A","Q_tlw"
"682","TIP","51.2.0",2013,5849,"A","Q_tlw"
"682","TIP","51.2.0",2014,7097,"A","Q_tlw"
"682","TIP","51.2.0",2015,7222,"A","Q_tlw"
"682","TIP","51.2.0",2016,3653.294,"A","Q_tlw"
"682","TIP","51.2.0",2017,3642.917,"A","Q_tlw"
"682","TIP","51.2.0",2018,3730.491,"A","Q_tlw"
"682","TIP","51.2.0",2019,3635.066,"A","Q_tlw"
"682","TIP","51.2.0",2020,3551.225,"A","Q_tlw"
"682","TIP","51.2.0",2021,3478.915,"A","Q_tlw"
"682","TIP","51.2.0",2022,3528.385,"A","Q_tlw"
"682","TIP","51.2.0",2023,3807.375,"I","Q_tlw"
"682","CEP","51.2.0",2016,991.964,"A","Q_tlw"
"682","CEP","51.2.0",2017,989.147,"A","Q_tlw"
"682","CEP","51.2.0",2018,1012.925,"A","Q_tlw"
"682","CEP","51.2.0",2019,987.015,"A","Q_tlw"
"682","CEP","51.2.0",2020,964.25,"A","Q_tlw"
"682","CEP","51.2.0",2021,944.616,"A","Q_tlw"
"682","CEP","51.2.0",2022,958.048,"A","Q_tlw"
"682","CEP","51.2.0",2023,1032.55,"I","Q_tlw"
"682","IAX","51.2.0",2016,2963.435,"A","Q_tlw"
"682","IAX","51.2.0",2017,2955.018,"A","Q_tlw"
"682","IAX","51.2.0",2018,3026.055,"A","Q_tlw"
"682","IAX","51.2.0",2019,2948.649,"A","Q_tlw"
"682","IAX","51.2.0",2020,2880.7,"A","Q_tlw"
"682","IAX","51.2.0",2021,2821.984,"A","Q_tlw"
"682","IAX","51.2.0",2022,2862.113,"A","Q_tlw"
"682","IAX","51.2.0",2023,3090.513,"I","Q_tlw"
"682","IAH","51.2.0",1986,20,"A","Q_tlw"
"682","IAH","51.2.0",1987,20,"A","Q_tlw"
"682","IAH","51.2.0",1988,2,"A","Q_tlw"
"682","IAH","51.2.0",1989,2,"A","Q_tlw"
"682","IAH","51.2.0",1990,2,"A","Q_tlw"
"682","IAH","51.2.0",1991,2,"A","Q_tlw"
"682","IAH","51.2.0",1992,20,"A","Q_tlw"
"682","IAH","51.2.0",1993,15,"A","Q_tlw"
"682","IAH","51.2.0",1994,129,"A","Q_tlw"
"682","IAH","51.2.0",1995,43,"A","Q_tlw"
"682","IAH","51.2.0",1996,44,"A","Q_tlw"
"682","IAH","51.2.0",1997,102,"A","Q_tlw"
"682","IAH","51.2.0",1998,78,"A","Q_tlw"
"682","IAH","51.2.0",1999,200,"A","Q_tlw"
"682","IAH","51.2.0",2000,123,"A","Q_tlw"
"682","IAH","51.2.0",2001,231,"A","Q_tlw"
"682","IAH","51.2.0",2002,446,"A","Q_tlw"
"682","IAH","51.2.0",2003,433,"A","Q_tlw"
"682","IAH","51.2.0",2004,742,"A","Q_tlw"
"682","IAH","51.2.0",2005,899,"A","Q_tlw"
"682","IAH","51.2.0",2006,2056,"A","Q_tlw"
"682","IAH","51.2.0",2007,998,"A","Q_tlw"
"682","IAH","51.2.0",2008,1747,"A","Q_tlw"
"682","IAH","51.2.0",2009,1569,"A","Q_tlw"
"682","IAH","51.2.0",2010,1142,"A","Q_tlw"
"682","IAH","51.2.0",2011,1279,"A","Q_tlw"
"682","IAH","51.2.0",2012,1354,"A","Q_tlw"
"682","IAH","51.2.0",2013,1089,"A","Q_tlw"
"682","IAH","51.2.0",2014,1208,"A","Q_tlw"
"682","IAH","51.2.0",2015,1350,"A","Q_tlw"
"682","SQU","51.2.0",1986,0,"A","Q_tlw"
"682","SQU","51.2.0",1987,0,"A","Q_tlw"
"682","SQU","51.2.0",1988,0,"A","Q_tlw"
"682","SQU","51.2.0",1989,0,"A","Q_tlw"
"682","SQU","51.2.0",1990,0,"A","Q_tlw"
"682","SQU","51.2.0",1991,0,"A","Q_tlw"
"682","SQU","51.2.0",1992,0,"A","Q_tlw"
"682","SQU","51.2.0",1993,0,"A","Q_tlw"
"682","SQU","51.2.0",1994,0,"A","Q_tlw"
"682","SQU","51.2.0",1995,0,"A","Q_tlw"
"682","SQU","51.2.0",1996,0,"A","Q_tlw"
"682","SQU","51.2.0",1997,0,"A","Q_tlw"
"682","SQU","51.2.0",1998,0,"A","Q_tlw"
"682","SQU","51.2.0",1999,0,"A","Q_tlw"
"682","SQU","51.2.0",2000,0,"A","Q_tlw"
"682","SQU","51.2.0",2001,0,"A","Q_tlw"
"682","SQU","51.2.0",2002,0,"A","Q_tlw"
"682","SQU","51.2.0",2003,0,"A","Q_tlw"
"682","SQU","51.2.0",2004,0,"A","Q_tlw"
"682","SQU","51.2.0",2005,0,"A","Q_tlw"
"682","SQU","51.2.0",2006,4,"A","Q_tlw"
"682","SQU","51.2.0",2007,0,"A","Q_tlw"
"682","SQU","51.2.0",2008,0,"A","Q_tlw"
"682","SQU","51.2.0",2009,0,"A","Q_tlw"
"682","SQU","51.2.0",2010,0,"A","Q_tlw"
"682","SQU","51.2.0",2011,0,"A","Q_tlw"
"682","SQU","51.2.0",2012,0,"A","Q_tlw"
"682","SQU","51.2.0",2013,0,"A","Q_tlw"
"682","SQU","51.2.0",2014,0,"A","Q_tlw"
"682","SQU","51.2.0",2015,398,"A","Q_tlw"
"682","SQU","51.2.0",2016,24.916,"A","Q_tlw"
"682","SQU","51.2.0",2017,24.845,"A","Q_tlw"
"682","SQU","51.2.0",2018,25.442,"A","Q_tlw"
"682","SQU","51.2.0",2019,24.792,"A","Q_tlw"
"682","SQU","51.2.0",2020,24.22,"A","Q_tlw"
"682","SQU","51.2.0",2021,23.727,"A","Q_tlw"
"682","SQU","51.2.0",2022,24.064,"A","Q_tlw"
"682","SQU","51.2.0",2023,22.84,"I","Q_tlw"
"784","CNS","51.2.0",2006,17,"A","Q_tlw"
"784","CNS","51.2.0",2007,16,"A","Q_tlw"
"784","CNS","51.2.0",2008,29,"A","Q_tlw"
"784","CNS","51.2.0",2009,41,"A","Q_tlw"
"784","CNS","51.2.0",2010,45,"I","Q_tlw"
"784","CNS","51.2.0",2011,34,"A","Q_tlw"
"784","CNS","51.2.0",2012,61,"A","Q_tlw"
"784","CNS","51.2.0",2013,48,"A","Q_tlw"
"784","CNS","51.2.0",2014,48,"A","Q_tlw"
"784","CNS","51.2.0",2015,54,"A","Q_tlw"
"784","CNS","51.2.0",2016,51,"A","Q_tlw"
"784","CNS","51.2.0",2017,50,"A","Q_tlw"
"784","CNS","51.2.0",2018,50,"A","Q_tlw"
"784","CNS","51.2.0",2019,50,"A","Q_tlw"
"784","CNS","51.2.0",2020,0,"A","Q_tlw"
"784","CNS","51.2.0",2021,0,"A","Q_tlw"
"784","CNS","51.2.0",2022,0,"A","Q_tlw"
"784","CNS","51.2.0",2023,0,"A","Q_tlw"
"784","MIL","51.2.0",1986,26,"A","Q_tlw"
"784","MIL","51.2.0",1987,28,"A","Q_tlw"
"784","MIL","51.2.0",1988,30,"I","Q_tlw"
"784","MIL","51.2.0",1989,30,"A","Q_tlw"
"784","MIL","51.2.0",1990,32,"A","Q_tlw"
"784","MIL","51.2.0",1991,29,"A","Q_tlw"
"784","MIL","51.2.0",1992,30,"A","Q_tlw"
"784","MIL","51.2.0",1993,40,"A","Q_tlw"
"784","MIL","51.2.0",1994,35,"A","Q_tlw"
"784","MIL","51.2.0",1995,50,"A","Q_tlw"
"784","MIL","51.2.0",1996,51,"A","Q_tlw"
"784","MIL","51.2.0",1997,53,"A","Q_tlw"
"784","MIL","51.2.0",1998,54,"A","Q_tlw"
"784","MIL","51.2.0",1999,55,"A","Q_tlw"
"784","MIL","51.2.0",2000,58,"A","Q_tlw"
"784","MIL","51.2.0",2001,60,"I","Q_tlw"
"784","MIL","51.2.0",2002,65,"A","Q_tlw"
"784","MIL","51.2.0",2003,62,"A","Q_tlw"
"784","MIL","51.2.0",2004,60,"I","Q_tlw"
"784","MIL","51.2.0",2005,61,"A","Q_tlw"
"784","MIL","51.2.0",2006,34,"A","Q_tlw"
"784","MIL","51.2.0",2007,32,"A","Q_tlw"
"784","MIL","51.2.0",2008,78,"A","Q_tlw"
"784","MIL","51.2.0",2009,131,"A","Q_tlw"
"784","MIL","51.2.0",2010,129,"A","Q_tlw"
"784","MIL","51.2.0",2011,122,"A","Q_tlw"
"784","MIL","51.2.0",2012,69,"A","Q_tlw"
"784","MIL","51.2.0",2013,95,"A","Q_tlw"
"784","MIL","51.2.0",2014,95,"A","Q_tlw"
"784","MIL","51.2.0",2015,82,"A","Q_tlw"
"784","MIL","51.2.0",2016,84,"A","Q_tlw"
"784","MIL","51.2.0",2017,95,"A","Q_tlw"
"784","MIL","51.2.0",2018,89,"A","Q_tlw"
"784","MIL","51.2.0",2019,92,"A","Q_tlw"
"784","MIL","51.2.0",2020,168,"A","Q_tlw"
"784","MIL","51.2.0",2021,203,"A","Q_tlw"
"784","MIL","51.2.0",2022,490,"A","Q_tlw"
"784","MIL","51.2.0",2023,894,"A","Q_tlw"
"784","CAX","51.2.0",1986,104,"A","Q_tlw"
"784","CAX","51.2.0",1987,112,"A","Q_tlw"
"784","CAX","51.2.0",1988,120,"I","Q_tlw"
"784","CAX","51.2.0",1989,123,"A","Q_tlw"
"784","CAX","51.2.0",1990,123,"A","Q_tlw"
"784","CAX","51.2.0",1991,119,"A","Q_tlw"
"784","CAX","51.2.0",1992,122,"A","Q_tlw"
"784","CAX","51.2.0",1993,129,"A","Q_tlw"
"784","CAX","51.2.0",1994,139,"A","Q_tlw"
"784","CAX","51.2.0",1995,139,"A","Q_tlw"
"784","CAX","51.2.0",1996,140,"A","Q_tlw"
"784","CAX","51.2.0",1997,150,"A","Q_tlw"
"784","CAX","51.2.0",1998,150,"A","Q_tlw"
"784","CAX","51.2.0",1999,154,"A","Q_tlw"
"784","CAX","51.2.0",2000,763,"A","Q_tlw"
"784","CAX","51.2.0",2001,877,"A","Q_tlw"
"784","CAX","51.2.0",2002,723,"A","Q_tlw"
"784","CAX","51.2.0",2003,1198,"A","Q_tlw"
"784","CAX","51.2.0",2004,1200,"I","Q_tlw"
"784","CAX","51.2.0",2005,1250,"A","Q_tlw"
"784","CAX","51.2.0",2006,506,"A","Q_tlw"
"784","CAX","51.2.0",2007,491,"A","Q_tlw"
"784","CAX","51.2.0",2008,922,"A","Q_tlw"
"784","CAX","51.2.0",2009,1167,"A","Q_tlw"
"784","CAX","51.2.0",2010,1150,"A","Q_tlw"
"784","CAX","51.2.0",2011,1085,"A","Q_tlw"
"784","CAX","51.2.0",2012,904,"A","Q_tlw"
"784","CAX","51.2.0",2013,995,"A","Q_tlw"
"784","CAX","51.2.0",2014,949,"A","Q_tlw"
"784","CAX","51.2.0",2015,891,"A","Q_tlw"
"784","CAX","51.2.0",2016,832,"A","Q_tlw"
"784","CAX","51.2.0",2017,854,"A","Q_tlw"
"784","CAX","51.2.0",2018,810,"A","Q_tlw"
"784","CAX","51.2.0",2019,897,"A","Q_tlw"
"784","CAX","51.2.0",2020,723,"A","Q_tlw"
"784","CAX","51.2.0",2021,549,"A","Q_tlw"
"784","CAX","51.2.0",2022,945,"A","Q_tlw"
"784","CAX","51.2.0",2023,900,"A","Q_tlw"
"784","MUM","51.2.0",1987,140,"A","Q_tlw"
"784","MUM","51.2.0",1988,150,"I","Q_tlw"
"784","MUM","51.2.0",1989,154,"A","Q_tlw"
"784","MUM","51.2.0",1990,150,"A","Q_tlw"
"784","MUM","51.2.0",1991,130,"A","Q_tlw"
"784","MUM","51.2.0",1992,134,"A","Q_tlw"
"784","MUM","51.2.0",1993,140,"A","Q_tlw"
"784","MUM","51.2.0",1994,152,"A","Q_tlw"
"784","MUM","51.2.0",1995,130,"A","Q_tlw"
"784","MUM","51.2.0",1996,154,"A","Q_tlw"
"784","MUM","51.2.0",1997,172,"A","Q_tlw"
"784","MUM","51.2.0",1998,185,"A","Q_tlw"
"784","MUM","51.2.0",1999,192,"A","Q_tlw"
"784","MUM","51.2.0",2000,178,"A","Q_tlw"
"784","MUM","51.2.0",2001,180,"I","Q_tlw"
"784","MUM","51.2.0",2002,200,"A","Q_tlw"
"784","MUM","51.2.0",2003,255,"A","Q_tlw"
"784","MUM","51.2.0",2004,200,"I","Q_tlw"
"784","MUM","51.2.0",2005,157,"A","Q_tlw"
"784","MUM","51.2.0",2006,187,"A","Q_tlw"
"784","MUM","51.2.0",2007,176,"A","Q_tlw"
"784","MUM","51.2.0",2008,52,"A","Q_tlw"
"784","MUM","51.2.0",2009,148,"A","Q_tlw"
"784","MUM","51.2.0",2010,142,"A","Q_tlw"
"784","MUM","51.2.0",2011,135,"A","Q_tlw"
"784","MUM","51.2.0",2012,321,"A","Q_tlw"
"784","MUM","51.2.0",2013,220,"A","Q_tlw"
"784","MUM","51.2.0",2014,190,"A","Q_tlw"
"784","MUM","51.2.0",2015,120,"A","Q_tlw"
"784","MUM","51.2.0",2016,140,"A","Q_tlw"
"784","MUM","51.2.0",2017,130,"A","Q_tlw"
"784","MUM","51.2.0",2018,120,"A","Q_tlw"
"784","MUM","51.2.0",2019,150,"A","Q_tlw"
"784","MUM","51.2.0",2020,127,"A","Q_tlw"
"784","MUM","51.2.0",2021,174,"A","Q_tlw"
"784","MUM","51.2.0",2022,101,"A","Q_tlw"
"784","MUM","51.2.0",2023,114,"A","Q_tlw"
"784","MUL","51.2.0",1986,1017,"A","Q_tlw"
"784","MUL","51.2.0",1987,966,"A","Q_tlw"
"784","MUL","51.2.0",1988,1020,"I","Q_tlw"
"784","MUL","51.2.0",1989,380,"A","Q_tlw"
"784","MUL","51.2.0",1990,350,"A","Q_tlw"
"784","MUL","51.2.0",1991,320,"A","Q_tlw"
"784","MUL","51.2.0",1992,330,"A","Q_tlw"
"784","MUL","51.2.0",1993,334,"A","Q_tlw"
"784","MUL","51.2.0",1994,460,"A","Q_tlw"
"784","MUL","51.2.0",1995,846,"A","Q_tlw"
"784","MUL","51.2.0",1996,1360,"A","Q_tlw"
"784","MUL","51.2.0",1997,1453,"A","Q_tlw"
"784","MUL","51.2.0",1998,1458,"A","Q_tlw"
"784","MUL","51.2.0",1999,1494,"A","Q_tlw"
"784","MUL","51.2.0",2000,86,"A","Q_tlw"
"784","MUL","51.2.0",2001,98,"A","Q_tlw"
"784","MUL","51.2.0",2002,93,"A","Q_tlw"
"784","MUL","51.2.0",2003,75,"A","Q_tlw"
"784","MUL","51.2.0",2004,70,"I","Q_tlw"
"784","MUL","51.2.0",2005,65,"A","Q_tlw"
"784","MUL","51.2.0",2006,369,"A","Q_tlw"
"784","MUL","51.2.0",2007,424,"A","Q_tlw"
"784","MUL","51.2.0",2008,705,"A","Q_tlw"
"784","MUL","51.2.0",2009,606,"A","Q_tlw"
"784","MUL","51.2.0",2010,647,"A","Q_tlw"
"784","MUL","51.2.0",2011,611,"A","Q_tlw"
"784","MUL","51.2.0",2012,764,"A","Q_tlw"
"784","MUL","51.2.0",2013,688,"A","Q_tlw"
"784","MUL","51.2.0",2014,589,"A","Q_tlw"
"784","MUL","51.2.0",2015,501,"A","Q_tlw"
"784","MUL","51.2.0",2016,545,"A","Q_tlw"
"784","MUL","51.2.0",2017,515,"A","Q_tlw"
"784","MUL","51.2.0",2018,484,"A","Q_tlw"
"784","MUL","51.2.0",2019,435,"A","Q_tlw"
"784","MUL","51.2.0",2020,328,"A","Q_tlw"
"784","MUL","51.2.0",2021,501,"A","Q_tlw"
"784","MUL","51.2.0",2022,622,"A","Q_tlw"
"784","MUL","51.2.0",2023,532,"A","Q_tlw"
"784","BSX","51.2.0",1986,4851,"A","Q_tlw"
"784","BSX","51.2.0",1987,5211,"A","Q_tlw"
"784","BSX","51.2.0",1988,5460,"I","Q_tlw"
"784","BSX","51.2.0",1989,5600,"A","Q_tlw"
"784","BSX","51.2.0",1990,5600,"A","Q_tlw"
"784","BSX","51.2.0",1991,5400,"A","Q_tlw"
"784","BSX","51.2.0",1992,5562,"A","Q_tlw"
"784","BSX","51.2.0",1993,5997,"A","Q_tlw"
"784","BSX","51.2.0",1994,6330,"A","Q_tlw"
"784","BSX","51.2.0",1995,6696,"A","Q_tlw"
"784","BSX","51.2.0",1996,6767,"A","Q_tlw"
"784","BSX","51.2.0",1997,7232,"A","Q_tlw"
"784","BSX","51.2.0",1998,7256,"A","Q_tlw"
"784","BSX","51.2.0",1999,7437,"A","Q_tlw"
"784","BSX","51.2.0",2000,24045,"A","Q_tlw"
"784","BSX","51.2.0",2001,27680,"A","Q_tlw"
"784","BSX","51.2.0",2002,22827,"A","Q_tlw"
"784","BSX","51.2.0",2003,18823,"A","Q_tlw"
"784","BSX","51.2.0",2004,16700,"I","Q_tlw"
"784","BSX","51.2.0",2005,14511,"A","Q_tlw"
"784","BSX","51.2.0",2006,1680,"A","Q_tlw"
"784","BSX","51.2.0",2007,1574,"A","Q_tlw"
"784","BSX","51.2.0",2008,4802,"A","Q_tlw"
"784","BSX","51.2.0",2009,3436,"A","Q_tlw"
"784","BSX","51.2.0",2010,1000,"I","Q_tlw"
"784","BSX","51.2.0",2011,0,"A","Q_tlw"
"784","BSX","51.2.0",2012,0,"A","Q_tlw"
"784","BSX","51.2.0",2013,0,"A","Q_tlw"
"784","BSX","51.2.0",2014,0,"A","Q_tlw"
"784","BSX","51.2.0",2015,0,"A","Q_tlw"
"784","BSX","51.2.0",2016,0,"A","Q_tlw"
"784","BSX","51.2.0",2017,0,"A","Q_tlw"
"784","BSX","51.2.0",2018,0,"A","Q_tlw"
"784","BSX","51.2.0",2019,0,"A","Q_tlw"
"784","BSX","51.2.0",2020,0,"A","Q_tlw"
"784","BSX","51.2.0",2022,0,"A","Q_tlw"
"784","BSX","51.2.0",2023,0,"A","Q_tlw"
"784","EFK","51.2.0",2011,1585,"A","Q_tlw"
"784","EFK","51.2.0",2012,2826,"A","Q_tlw"
"784","EFK","51.2.0",2013,2200,"A","Q_tlw"
"784","EFK","51.2.0",2014,1000,"A","Q_tlw"
"784","EFK","51.2.0",2015,1200,"A","Q_tlw"
"784","EFK","51.2.0",2016,1369,"A","Q_tlw"
"784","EFK","51.2.0",2017,1614,"A","Q_tlw"
"784","EFK","51.2.0",2018,1500,"A","Q_tlw"
"784","EFK","51.2.0",2019,1600,"A","Q_tlw"
"784","EFK","51.2.0",2020,1150,"A","Q_tlw"
"784","EFK","51.2.0",2021,979,"A","Q_tlw"
"784","EFK","51.2.0",2022,876,"A","Q_tlw"
"784","EFK","51.2.0",2023,944,"A","Q_tlw"
"784","ENI","51.2.0",2006,2724,"A","Q_tlw"
"784","ENI","51.2.0",2007,3073,"A","Q_tlw"
"784","ENI","51.2.0",2008,4178,"A","Q_tlw"
"784","ENI","51.2.0",2009,3447,"A","Q_tlw"
"784","ENI","51.2.0",2010,3000,"I","Q_tlw"
"784","ENI","51.2.0",2011,3205,"A","Q_tlw"
"784","ENI","51.2.0",2012,4641,"A","Q_tlw"
"784","ENI","51.2.0",2013,4500,"A","Q_tlw"
"784","ENI","51.2.0",2014,4282,"A","Q_tlw"
"784","ENI","51.2.0",2015,4103,"A","Q_tlw"
"784","ENI","51.2.0",2016,5355,"A","Q_tlw"
"784","ENI","51.2.0",2017,6607,"A","Q_tlw"
"784","ENI","51.2.0",2018,6400,"A","Q_tlw"
"784","ENI","51.2.0",2019,6100,"A","Q_tlw"
"784","ENI","51.2.0",2020,5800,"A","Q_tlw"
"784","ENI","51.2.0",2021,5558,"A","Q_tlw"
"784","ENI","51.2.0",2022,5580,"A","Q_tlw"
"784","ENI","51.2.0",2023,4846,"A","Q_tlw"
"784","TEH","51.2.0",2011,132,"A","Q_tlw"
"784","TEH","51.2.0",2012,160,"A","Q_tlw"
"784","TEH","51.2.0",2013,0,"A","Q_tlw"
"784","TEH","51.2.0",2014,0,"A","Q_tlw"
"784","TEH","51.2.0",2015,0,"A","Q_tlw"
"784","TEH","51.2.0",2016,0,"A","Q_tlw"
"784","TEH","51.2.0",2017,0,"A","Q_tlw"
"784","TEH","51.2.0",2018,0,"A","Q_tlw"
"784","TEH","51.2.0",2019,0,"A","Q_tlw"
"784","TEH","51.2.0",2020,0,"A","Q_tlw"
"784","TEH","51.2.0",2022,0,"A","Q_tlw"
"784","TEH","51.2.0",2023,0,"A","Q_tlw"
"784","PWT","51.2.0",2000,333,"A","Q_tlw"
"784","PWT","51.2.0",2001,383,"A","Q_tlw"
"784","PWT","51.2.0",2002,712,"A","Q_tlw"
"784","PWT","51.2.0",2003,589,"A","Q_tlw"
"784","PWT","51.2.0",2004,580,"I","Q_tlw"
"784","PWT","51.2.0",2005,575,"A","Q_tlw"
"784","PWT","51.2.0",2006,228,"A","Q_tlw"
"784","PWT","51.2.0",2007,214,"A","Q_tlw"
"784","PWT","51.2.0",2008,143,"A","Q_tlw"
"784","PWT","51.2.0",2009,105,"A","Q_tlw"
"784","PWT","51.2.0",2010,108,"A","Q_tlw"
"784","PWT","51.2.0",2011,102,"A","Q_tlw"
"784","PWT","51.2.0",2012,68,"A","Q_tlw"
"784","PWT","51.2.0",2013,70,"A","Q_tlw"
"784","PWT","51.2.0",2014,75,"A","Q_tlw"
"784","PWT","51.2.0",2015,72,"A","Q_tlw"
"784","PWT","51.2.0",2016,70,"A","Q_tlw"
"784","PWT","51.2.0",2017,82,"A","Q_tlw"
"784","PWT","51.2.0",2018,74,"A","Q_tlw"
"784","PWT","51.2.0",2019,70,"A","Q_tlw"
"784","PWT","51.2.0",2020,75,"A","Q_tlw"
"784","PWT","51.2.0",2021,90,"A","Q_tlw"
"784","PWT","51.2.0",2022,73,"A","Q_tlw"
"784","PWT","51.2.0",2023,181,"A","Q_tlw"
"784","MOJ","51.2.0",1986,907,"A","Q_tlw"
"784","MOJ","51.2.0",1987,976,"A","Q_tlw"
"784","MOJ","51.2.0",1988,1020,"I","Q_tlw"
"784","MOJ","51.2.0",1989,1073,"A","Q_tlw"
"784","MOJ","51.2.0",1990,1073,"A","Q_tlw"
"784","MOJ","51.2.0",1991,1020,"A","Q_tlw"
"784","MOJ","51.2.0",1992,1051,"A","Q_tlw"
"784","MOJ","51.2.0",1993,1150,"A","Q_tlw"
"784","MOJ","51.2.0",1994,1383,"A","Q_tlw"
"784","MOJ","51.2.0",1995,1222,"A","Q_tlw"
"784","MOJ","51.2.0",1996,1235,"A","Q_tlw"
"784","MOJ","51.2.0",1997,1320,"A","Q_tlw"
"784","MOJ","51.2.0",1998,1324,"A","Q_tlw"
"784","MOJ","51.2.0",1999,1351,"A","Q_tlw"
"784","MOJ","51.2.0",2000,1651,"A","Q_tlw"
"784","MOJ","51.2.0",2001,1900,"A","Q_tlw"
"784","MOJ","51.2.0",2002,371,"A","Q_tlw"
"784","MOJ","51.2.0",2003,318,"A","Q_tlw"
"784","MOJ","51.2.0",2004,300,"I","Q_tlw"
"784","MOJ","51.2.0",2005,275,"A","Q_tlw"
"784","MOJ","51.2.0",2006,228,"A","Q_tlw"
"784","MOJ","51.2.0",2007,273,"A","Q_tlw"
"784","MOJ","51.2.0",2008,565,"A","Q_tlw"
"784","MOJ","51.2.0",2009,681,"A","Q_tlw"
"784","MOJ","51.2.0",2010,692,"A","Q_tlw"
"784","MOJ","51.2.0",2011,653,"A","Q_tlw"
"784","MOJ","51.2.0",2012,500,"A","Q_tlw"
"784","MOJ","51.2.0",2013,480,"A","Q_tlw"
"784","MOJ","51.2.0",2014,450,"A","Q_tlw"
"784","MOJ","51.2.0",2015,420,"A","Q_tlw"
"784","MOJ","51.2.0",2016,747,"A","Q_tlw"
"784","MOJ","51.2.0",2017,569,"A","Q_tlw"
"784","MOJ","51.2.0",2018,390,"A","Q_tlw"
"784","MOJ","51.2.0",2019,450,"A","Q_tlw"
"784","MOJ","51.2.0",2020,554,"A","Q_tlw"
"784","MOJ","51.2.0",2021,509,"A","Q_tlw"
"784","MOJ","51.2.0",2022,505,"A","Q_tlw"
"784","MOJ","51.2.0",2023,366,"A","Q_tlw"
"784","GRX","51.2.0",1986,1108,"A","Q_tlw"
"784","GRX","51.2.0",1987,1190,"A","Q_tlw"
"784","GRX","51.2.0",1988,1250,"I","Q_tlw"
"784","GRX","51.2.0",1989,1310,"A","Q_tlw"
"784","GRX","51.2.0",1990,1260,"A","Q_tlw"
"784","GRX","51.2.0",1991,1200,"A","Q_tlw"
"784","GRX","51.2.0",1992,1236,"A","Q_tlw"
"784","GRX","51.2.0",1993,1387,"A","Q_tlw"
"784","GRX","51.2.0",1994,1380,"A","Q_tlw"
"784","GRX","51.2.0",1995,1768,"A","Q_tlw"
"784","GRX","51.2.0",1996,1787,"A","Q_tlw"
"784","GRX","51.2.0",1997,1910,"A","Q_tlw"
"784","GRX","51.2.0",1998,1916,"A","Q_tlw"
"784","GRX","51.2.0",1999,1964,"A","Q_tlw"
"784","GRX","51.2.0",2000,4196,"A","Q_tlw"
"784","GRX","51.2.0",2001,4828,"A","Q_tlw"
"784","GRX","51.2.0",2002,4541,"A","Q_tlw"
"784","GRX","51.2.0",2003,3766,"A","Q_tlw"
"784","GRX","51.2.0",2004,3750,"I","Q_tlw"
"784","GRX","51.2.0",2005,3715,"A","Q_tlw"
"784","GRX","51.2.0",2006,1740,"A","Q_tlw"
"784","GRX","51.2.0",2007,1573,"A","Q_tlw"
"784","GRX","51.2.0",2008,1325,"A","Q_tlw"
"784","GRX","51.2.0",2009,1992,"A","Q_tlw"
"784","GRX","51.2.0",2010,2059,"A","Q_tlw"
"784","GRX","51.2.0",2011,1918,"A","Q_tlw"
"784","GRX","51.2.0",2012,1994,"A","Q_tlw"
"784","GRX","51.2.0",2013,2200,"A","Q_tlw"
"784","GRX","51.2.0",2014,1477,"A","Q_tlw"
"784","GRX","51.2.0",2015,1499,"A","Q_tlw"
"784","GRX","51.2.0",2016,1488,"A","Q_tlw"
"784","GRX","51.2.0",2017,1483,"A","Q_tlw"
"784","GRX","51.2.0",2018,1479,"A","Q_tlw"
"784","GRX","51.2.0",2019,1972,"A","Q_tlw"
"784","GRX","51.2.0",2020,1261,"A","Q_tlw"
"784","GRX","51.2.0",2021,1274,"A","Q_tlw"
"784","GRX","51.2.0",2022,1095,"A","Q_tlw"
"784","GRX","51.2.0",2023,766,"A","Q_tlw"
"784","SNX","51.2.0",1986,2458,"A","Q_tlw"
"784","SNX","51.2.0",1987,2641,"A","Q_tlw"
"784","SNX","51.2.0",1988,2770,"I","Q_tlw"
"784","SNX","51.2.0",1989,2905,"A","Q_tlw"
"784","SNX","51.2.0",1990,2850,"A","Q_tlw"
"784","SNX","51.2.0",1991,2760,"A","Q_tlw"
"784","SNX","51.2.0",1992,2842,"A","Q_tlw"
"784","SNX","51.2.0",1993,3082,"A","Q_tlw"
"784","SNX","51.2.0",1994,3241,"A","Q_tlw"
"784","SNX","51.2.0",1995,3438,"A","Q_tlw"
"784","SNX","51.2.0",1996,3474,"A","Q_tlw"
"784","SNX","51.2.0",1997,3713,"A","Q_tlw"
"784","SNX","51.2.0",1998,3725,"A","Q_tlw"
"784","SNX","51.2.0",1999,3818,"A","Q_tlw"
"784","SNX","51.2.0",2000,1718,"A","Q_tlw"
"784","SNX","51.2.0",2001,1977,"A","Q_tlw"
"784","SNX","51.2.0",2002,1187,"A","Q_tlw"
"784","SNX","51.2.0",2003,2088,"A","Q_tlw"
"784","SNX","51.2.0",2004,2000,"I","Q_tlw"
"784","SNX","51.2.0",2005,1910,"A","Q_tlw"
"784","SNX","51.2.0",2006,874,"A","Q_tlw"
"784","SNX","51.2.0",2007,835,"A","Q_tlw"
"784","SNX","51.2.0",2008,1945,"A","Q_tlw"
"784","SNX","51.2.0",2009,2540,"A","Q_tlw"
"784","SNX","51.2.0",2010,2581,"A","Q_tlw"
"784","SNX","51.2.0",2011,2437,"A","Q_tlw"
"784","SNX","51.2.0",2012,1537,"A","Q_tlw"
"784","SNX","51.2.0",2013,1250,"A","Q_tlw"
"784","SNX","51.2.0",2014,3267,"A","Q_tlw"
"784","SNX","51.2.0",2015,2077,"A","Q_tlw"
"784","SNX","51.2.0",2016,1750,"A","Q_tlw"
"784","SNX","51.2.0",2017,1900,"A","Q_tlw"
"784","SNX","51.2.0",2018,2807,"A","Q_tlw"
"784","SNX","51.2.0",2019,2100,"A","Q_tlw"
"784","SNX","51.2.0",2020,2385,"A","Q_tlw"
"784","SNX","51.2.0",2021,2689,"A","Q_tlw"
"784","SNX","51.2.0",2022,2317,"A","Q_tlw"
"784","SNX","51.2.0",2023,2358,"A","Q_tlw"
"784","OAZ","51.2.0",2006,113,"A","Q_tlw"
"784","OAZ","51.2.0",2007,105,"A","Q_tlw"
"784","OAZ","51.2.0",2008,136,"A","Q_tlw"
"784","OAZ","51.2.0",2009,252,"A","Q_tlw"
"784","OAZ","51.2.0",2010,100,"I","Q_tlw"
"784","OAZ","51.2.0",2011,218,"A","Q_tlw"
"784","OAZ","51.2.0",2012,100,"A","Q_tlw"
"784","OAZ","51.2.0",2013,100,"A","Q_tlw"
"784","OAZ","51.2.0",2014,345,"A","Q_tlw"
"784","OAZ","51.2.0",2015,153,"A","Q_tlw"
"784","OAZ","51.2.0",2016,96,"A","Q_tlw"
"784","OAZ","51.2.0",2017,102,"A","Q_tlw"
"784","OAZ","51.2.0",2018,90,"A","Q_tlw"
"784","OAZ","51.2.0",2019,86,"A","Q_tlw"
"784","OAZ","51.2.0",2020,85,"A","Q_tlw"
"784","OAZ","51.2.0",2021,90,"A","Q_tlw"
"784","OAZ","51.2.0",2022,197,"A","Q_tlw"
"784","OAZ","51.2.0",2023,141,"A","Q_tlw"
"784","PON","51.2.0",1986,680,"A","Q_tlw"
"784","PON","51.2.0",1987,729,"A","Q_tlw"
"784","PON","51.2.0",1988,760,"I","Q_tlw"
"784","PON","51.2.0",1989,801,"A","Q_tlw"
"784","PON","51.2.0",1990,801,"A","Q_tlw"
"784","PON","51.2.0",1991,785,"A","Q_tlw"
"784","PON","51.2.0",1992,810,"A","Q_tlw"
"784","PON","51.2.0",1993,852,"A","Q_tlw"
"784","PON","51.2.0",1994,1109,"A","Q_tlw"
"784","PON","51.2.0",1995,723,"A","Q_tlw"
"784","PON","51.2.0",1996,731,"A","Q_tlw"
"784","PON","51.2.0",1997,781,"A","Q_tlw"
"784","PON","51.2.0",1998,784,"A","Q_tlw"
"784","PON","51.2.0",1999,804,"A","Q_tlw"
"784","PON","51.2.0",2000,780,"A","Q_tlw"
"784","THD","51.2.0",1986,263,"A","Q_tlw"
"784","THD","51.2.0",1987,316,"A","Q_tlw"
"784","THD","51.2.0",1988,330,"I","Q_tlw"
"784","THD","51.2.0",1989,347,"A","Q_tlw"
"784","THD","51.2.0",1990,340,"A","Q_tlw"
"784","THD","51.2.0",1991,310,"A","Q_tlw"
"784","THD","51.2.0",1992,313,"A","Q_tlw"
"784","THD","51.2.0",1993,371,"A","Q_tlw"
"784","THD","51.2.0",1994,348,"A","Q_tlw"
"784","THD","51.2.0",1995,392,"A","Q_tlw"
"784","THD","51.2.0",1996,396,"A","Q_tlw"
"784","THD","51.2.0",1997,423,"A","Q_tlw"
"784","THD","51.2.0",1998,424,"A","Q_tlw"
"784","THD","51.2.0",1999,435,"A","Q_tlw"
"784","THD","51.2.0",2000,432,"A","Q_tlw"
"784","THD","51.2.0",2001,497,"A","Q_tlw"
"784","THD","51.2.0",2002,302,"A","Q_tlw"
"784","THD","51.2.0",2003,312,"A","Q_tlw"
"784","THD","51.2.0",2004,300,"I","Q_tlw"
"784","THD","51.2.0",2005,298,"A","Q_tlw"
"784","THD","51.2.0",2006,702,"A","Q_tlw"
"784","THD","51.2.0",2007,722,"A","Q_tlw"
"784","THD","51.2.0",2008,1309,"A","Q_tlw"
"784","THD","51.2.0",2009,1727,"A","Q_tlw"
"784","THD","51.2.0",2010,1755,"A","Q_tlw"
"784","THD","51.2.0",2011,1656,"A","Q_tlw"
"784","THD","51.2.0",2012,2078,"A","Q_tlw"
"784","THD","51.2.0",2013,1793,"A","Q_tlw"
"784","THD","51.2.0",2014,1500,"A","Q_tlw"
"784","THD","51.2.0",2015,1638,"A","Q_tlw"
"784","THD","51.2.0",2016,1600,"A","Q_tlw"
"784","THD","51.2.0",2017,1300,"A","Q_tlw"
"784","THD","51.2.0",2018,1300,"A","Q_tlw"
"784","THD","51.2.0",2019,1228,"A","Q_tlw"
"784","THD","51.2.0",2020,1183,"A","Q_tlw"
"784","THD","51.2.0",2021,1290,"A","Q_tlw"
"784","THD","51.2.0",2022,1282,"A","Q_tlw"
"784","THD","51.2.0",2023,1764,"A","Q_tlw"
"784","EMP","51.2.0",1986,7400,"A","Q_tlw"
"784","EMP","51.2.0",1987,7951,"A","Q_tlw"
"784","EMP","51.2.0",1988,8330,"I","Q_tlw"
"784","EMP","51.2.0",1989,8500,"A","Q_tlw"
"784","EMP","51.2.0",1990,9000,"A","Q_tlw"
"784","EMP","51.2.0",1991,8700,"A","Q_tlw"
"784","EMP","51.2.0",1992,8960,"A","Q_tlw"
"784","EMP","51.2.0",1993,9272,"A","Q_tlw"
"784","EMP","51.2.0",1994,10515,"A","Q_tlw"
"784","EMP","51.2.0",1995,11336,"A","Q_tlw"
"784","EMP","51.2.0",1996,11455,"A","Q_tlw"
"784","EMP","51.2.0",1997,12242,"A","Q_tlw"
"784","EMP","51.2.0",1998,12283,"A","Q_tlw"
"784","EMP","51.2.0",1999,12590,"A","Q_tlw"
"784","EMP","51.2.0",2000,19647,"A","Q_tlw"
"784","EMP","51.2.0",2001,22619,"A","Q_tlw"
"784","EMP","51.2.0",2002,21056,"A","Q_tlw"
"784","EMP","51.2.0",2003,20310,"A","Q_tlw"
"784","EMP","51.2.0",2004,20200,"I","Q_tlw"
"784","EMP","51.2.0",2005,20110,"A","Q_tlw"
"784","EMP","51.2.0",2006,702,"A","Q_tlw"
"784","EMP","51.2.0",2007,703,"A","Q_tlw"
"784","EMP","51.2.0",2008,10514,"A","Q_tlw"
"784","EMP","51.2.0",2009,3266,"A","Q_tlw"
"784","EMP","51.2.0",2010,2000,"I","Q_tlw"
"784","EMP","51.2.0",2011,3150,"A","Q_tlw"
"784","EMP","51.2.0",2012,3208,"A","Q_tlw"
"784","EMP","51.2.0",2013,2700,"A","Q_tlw"
"784","EMP","51.2.0",2014,2649,"A","Q_tlw"
"784","EMP","51.2.0",2015,2368,"A","Q_tlw"
"784","EMP","51.2.0",2016,1861,"A","Q_tlw"
"784","EMP","51.2.0",2017,2358,"A","Q_tlw"
"784","EMP","51.2.0",2018,2656,"A","Q_tlw"
"784","EMP","51.2.0",2019,2597,"A","Q_tlw"
"784","EMP","51.2.0",2020,2358,"A","Q_tlw"
"784","EMP","51.2.0",2021,2578,"A","Q_tlw"
"784","EMP","51.2.0",2022,2220,"A","Q_tlw"
"784","EMP","51.2.0",2023,2633,"A","Q_tlw"
"784","LTS","51.2.0",2006,1850,"A","Q_tlw"
"784","LTS","51.2.0",2007,1717,"A","Q_tlw"
"784","LTS","51.2.0",2008,10963,"A","Q_tlw"
"784","LTS","51.2.0",2009,10694,"A","Q_tlw"
"784","LTS","51.2.0",2010,7000,"I","Q_tlw"
"784","LTS","51.2.0",2011,10135,"A","Q_tlw"
"784","LTS","51.2.0",2012,7615,"A","Q_tlw"
"784","LTS","51.2.0",2013,7200,"A","Q_tlw"
"784","LTS","51.2.0",2014,5655,"A","Q_tlw"
"784","LTS","51.2.0",2015,6903,"A","Q_tlw"
"784","LTS","51.2.0",2016,8232,"A","Q_tlw"
"784","LTS","51.2.0",2017,9560,"A","Q_tlw"
"784","LTS","51.2.0",2018,8896,"A","Q_tlw"
"784","LTS","51.2.0",2019,7661,"A","Q_tlw"
"784","LTS","51.2.0",2020,6427,"A","Q_tlw"
"784","LTS","51.2.0",2021,7841,"A","Q_tlw"
"784","LTS","51.2.0",2022,7858,"A","Q_tlw"
"784","LTS","51.2.0",2023,7194,"A","Q_tlw"
"784","LHN","51.2.0",2006,8494,"A","Q_tlw"
"784","LHN","51.2.0",2007,7805,"A","Q_tlw"
"784","LHN","51.2.0",2008,778,"A","Q_tlw"
"784","LHN","51.2.0",2009,8402,"A","Q_tlw"
"784","LHN","51.2.0",2010,8000,"I","Q_tlw"
"784","LHN","51.2.0",2011,8191,"A","Q_tlw"
"784","LHN","51.2.0",2012,12777,"A","Q_tlw"
"784","LHN","51.2.0",2013,10700,"A","Q_tlw"
"784","LHN","51.2.0",2014,9677,"A","Q_tlw"
"784","LHN","51.2.0",2015,10116,"A","Q_tlw"
"784","LHN","51.2.0",2016,9897,"A","Q_tlw"
"784","LHN","51.2.0",2017,8552,"A","Q_tlw"
"784","LHN","51.2.0",2018,7206,"A","Q_tlw"
"784","LHN","51.2.0",2019,7879,"A","Q_tlw"
"784","LHN","51.2.0",2020,7250,"A","Q_tlw"
"784","LHN","51.2.0",2021,7901,"A","Q_tlw"
"784","LHN","51.2.0",2022,7570,"A","Q_tlw"
"784","LHN","51.2.0",2023,8607,"A","Q_tlw"
"784","AAB","51.2.0",2001,1586,"A","Q_tlw"
"784","AAB","51.2.0",2002,332,"A","Q_tlw"
"784","AAB","51.2.0",2003,489,"A","Q_tlw"
"784","AAB","51.2.0",2004,475,"I","Q_tlw"
"784","AAB","51.2.0",2005,450,"A","Q_tlw"
"784","AAB","51.2.0",2006,145,"A","Q_tlw"
"784","AAB","51.2.0",2007,159,"A","Q_tlw"
"784","AAB","51.2.0",2008,426,"A","Q_tlw"
"784","AAB","51.2.0",2009,485,"A","Q_tlw"
"784","AAB","51.2.0",2010,478,"A","Q_tlw"
"784","AAB","51.2.0",2011,452,"A","Q_tlw"
"784","AAB","51.2.0",2012,499,"A","Q_tlw"
"784","AAB","51.2.0",2013,450,"A","Q_tlw"
"784","AAB","51.2.0",2014,1228,"A","Q_tlw"
"784","AAB","51.2.0",2015,752,"A","Q_tlw"
"784","AAB","51.2.0",2016,1075,"A","Q_tlw"
"784","AAB","51.2.0",2017,758,"A","Q_tlw"
"784","AAB","51.2.0",2018,445,"A","Q_tlw"
"784","AAB","51.2.0",2019,513,"A","Q_tlw"
"784","AAB","51.2.0",2020,705,"A","Q_tlw"
"784","AAB","51.2.0",2021,802,"A","Q_tlw"
"784","AAB","51.2.0",2022,731,"A","Q_tlw"
"784","AAB","51.2.0",2023,410,"A","Q_tlw"
"784","YWF","51.2.0",2001,313,"A","Q_tlw"
"784","YWF","51.2.0",2002,122,"A","Q_tlw"
"784","YWF","51.2.0",2003,138,"A","Q_tlw"
"784","YWF","51.2.0",2004,133,"I","Q_tlw"
"784","YWF","51.2.0",2005,128,"A","Q_tlw"
"784","KBR","51.2.0",1986,1972,"A","Q_tlw"
"784","KBR","51.2.0",1987,2118,"A","Q_tlw"
"784","KBR","51.2.0",1988,2220,"I","Q_tlw"
"784","KBR","51.2.0",1989,2330,"A","Q_tlw"
"784","KBR","51.2.0",1990,2330,"A","Q_tlw"
"784","KBR","51.2.0",1991,2300,"A","Q_tlw"
"784","KBR","51.2.0",1992,2370,"A","Q_tlw"
"784","KBR","51.2.0",1993,2470,"A","Q_tlw"
"784","KBR","51.2.0",1994,2703,"A","Q_tlw"
"784","KBR","51.2.0",1995,2626,"A","Q_tlw"
"784","KBR","51.2.0",1996,2654,"A","Q_tlw"
"784","KBR","51.2.0",1997,2836,"A","Q_tlw"
"784","KBR","51.2.0",1998,2846,"A","Q_tlw"
"784","KBR","51.2.0",1999,2917,"A","Q_tlw"
"784","KBR","51.2.0",2000,3604,"A","Q_tlw"
"784","KBR","51.2.0",2001,4149,"A","Q_tlw"
"784","KBR","51.2.0",2002,4797,"A","Q_tlw"
"784","KBR","51.2.0",2003,5906,"A","Q_tlw"
"784","KBR","51.2.0",2004,5850,"I","Q_tlw"
"784","KBR","51.2.0",2005,5810,"A","Q_tlw"
"784","KBR","51.2.0",2006,1102,"A","Q_tlw"
"784","KBR","51.2.0",2007,1070,"A","Q_tlw"
"784","KBR","51.2.0",2008,3515,"A","Q_tlw"
"784","KBR","51.2.0",2009,3122,"A","Q_tlw"
"784","KBR","51.2.0",2010,3121,"A","Q_tlw"
"784","KBR","51.2.0",2011,2946,"A","Q_tlw"
"784","KBR","51.2.0",2012,3005,"A","Q_tlw"
"784","KBR","51.2.0",2013,2600,"A","Q_tlw"
"784","KBR","51.2.0",2014,4216,"A","Q_tlw"
"784","KBR","51.2.0",2015,2833,"A","Q_tlw"
"784","KBR","51.2.0",2016,1450,"A","Q_tlw"
"784","KBR","51.2.0",2017,1276,"A","Q_tlw"
"784","KBR","51.2.0",2018,1363,"A","Q_tlw"
"784","KBR","51.2.0",2019,1351,"A","Q_tlw"
"784","KBR","51.2.0",2020,1364,"A","Q_tlw"
"784","KBR","51.2.0",2021,1338,"A","Q_tlw"
"784","KBR","51.2.0",2022,1162,"A","Q_tlw"
"784","KBR","51.2.0",2023,859,"A","Q_tlw"
"784","UZX","51.2.0",2006,219,"A","Q_tlw"
"784","UZX","51.2.0",2007,334,"A","Q_tlw"
"784","UZX","51.2.0",2008,614,"A","Q_tlw"
"784","UZX","51.2.0",2009,1053,"A","Q_tlw"
"784","UZX","51.2.0",2010,700,"I","Q_tlw"
"784","UZX","51.2.0",2011,997,"A","Q_tlw"
"784","UZX","51.2.0",2012,460,"A","Q_tlw"
"784","UZX","51.2.0",2013,780,"A","Q_tlw"
"784","UZX","51.2.0",2014,594,"A","Q_tlw"
"784","UZX","51.2.0",2015,649,"A","Q_tlw"
"784","UZX","51.2.0",2016,703,"A","Q_tlw"
"784","UZX","51.2.0",2017,673,"A","Q_tlw"
"784","UZX","51.2.0",2018,733,"A","Q_tlw"
"784","UZX","51.2.0",2019,1230,"A","Q_tlw"
"784","UZX","51.2.0",2020,1325,"A","Q_tlw"
"784","UZX","51.2.0",2021,1204,"A","Q_tlw"
"784","UZX","51.2.0",2022,937,"A","Q_tlw"
"784","UZX","51.2.0",2023,555,"A","Q_tlw"
"784","SZH","51.2.0",2006,7,"A","Q_tlw"
"784","SZH","51.2.0",2007,7,"A","Q_tlw"
"784","SZH","51.2.0",2008,1,"A","Q_tlw"
"784","SZH","51.2.0",2009,36,"A","Q_tlw"
"784","SPI","51.2.0",1986,369,"A","Q_tlw"
"784","SPI","51.2.0",1987,388,"A","Q_tlw"
"784","SPI","51.2.0",1988,410,"I","Q_tlw"
"784","SPI","51.2.0",1989,433,"A","Q_tlw"
"784","SPI","51.2.0",1990,433,"A","Q_tlw"
"784","SPI","51.2.0",1991,410,"A","Q_tlw"
"784","SPI","51.2.0",1992,422,"A","Q_tlw"
"784","SPI","51.2.0",1993,503,"A","Q_tlw"
"784","SPI","51.2.0",1994,472,"A","Q_tlw"
"784","SPI","51.2.0",1995,535,"A","Q_tlw"
"784","SPI","51.2.0",1996,541,"A","Q_tlw"
"784","SPI","51.2.0",1997,578,"A","Q_tlw"
"784","SPI","51.2.0",1998,580,"A","Q_tlw"
"784","SPI","51.2.0",1999,595,"A","Q_tlw"
"784","SPI","51.2.0",2000,1825,"A","Q_tlw"
"784","SPI","51.2.0",2001,2100,"A","Q_tlw"
"784","SPI","51.2.0",2002,1234,"A","Q_tlw"
"784","SPI","51.2.0",2003,1355,"A","Q_tlw"
"784","SPI","51.2.0",2004,1330,"I","Q_tlw"
"784","SPI","51.2.0",2005,1315,"A","Q_tlw"
"784","SPI","51.2.0",2006,829,"A","Q_tlw"
"784","SPI","51.2.0",2007,794,"A","Q_tlw"
"784","SPI","51.2.0",2008,1290,"A","Q_tlw"
"784","SPI","51.2.0",2009,1729,"A","Q_tlw"
"784","SPI","51.2.0",2010,1711,"A","Q_tlw"
"784","SPI","51.2.0",2011,1567,"A","Q_tlw"
"784","SPI","51.2.0",2012,3700,"A","Q_tlw"
"784","SPI","51.2.0",2013,3200,"A","Q_tlw"
"784","SPI","51.2.0",2014,3400,"A","Q_tlw"
"784","SPI","51.2.0",2015,3200,"A","Q_tlw"
"784","SPI","51.2.0",2016,2900,"A","Q_tlw"
"784","SPI","51.2.0",2017,3000,"A","Q_tlw"
"784","SPI","51.2.0",2018,3150,"A","Q_tlw"
"784","SPI","51.2.0",2019,3300,"A","Q_tlw"
"784","SPI","51.2.0",2020,3100,"A","Q_tlw"
"784","SPI","51.2.0",2021,3159,"A","Q_tlw"
"784","SPI","51.2.0",2022,3058,"A","Q_tlw"
"784","SPI","51.2.0",2023,2404,"A","Q_tlw"
"784","CUT","51.2.0",1986,65,"A","Q_tlw"
"784","CUT","51.2.0",1987,53,"A","Q_tlw"
"784","CUT","51.2.0",1988,60,"I","Q_tlw"
"784","CUT","51.2.0",1989,58,"A","Q_tlw"
"784","CUT","51.2.0",1990,58,"A","Q_tlw"
"784","CUT","51.2.0",1991,51,"A","Q_tlw"
"784","CUT","51.2.0",1992,53,"A","Q_tlw"
"784","CUT","51.2.0",1993,50,"A","Q_tlw"
"784","CUT","51.2.0",1994,58,"A","Q_tlw"
"784","CUT","51.2.0",1995,51,"A","Q_tlw"
"784","CUT","51.2.0",1996,52,"A","Q_tlw"
"784","CUT","51.2.0",1997,65,"A","Q_tlw"
"784","CUT","51.2.0",1998,72,"A","Q_tlw"
"784","CUT","51.2.0",1999,78,"A","Q_tlw"
"784","CUT","51.2.0",2000,80,"A","Q_tlw"
"784","CUT","51.2.0",2001,80,"I","Q_tlw"
"784","CUT","51.2.0",2002,82,"A","Q_tlw"
"784","CUT","51.2.0",2003,95,"A","Q_tlw"
"784","CUT","51.2.0",2004,70,"I","Q_tlw"
"784","CUT","51.2.0",2005,50,"A","Q_tlw"
"784","STO","51.2.0",1986,7160,"A","Q_tlw"
"784","STO","51.2.0",1987,6639,"A","Q_tlw"
"784","STO","51.2.0",1988,6960,"I","Q_tlw"
"784","STO","51.2.0",1989,7297,"A","Q_tlw"
"784","STO","51.2.0",1990,7800,"A","Q_tlw"
"784","STO","51.2.0",1991,7560,"A","Q_tlw"
"784","STO","51.2.0",1992,7786,"A","Q_tlw"
"784","STO","51.2.0",1993,8968,"A","Q_tlw"
"784","STO","51.2.0",1994,8793,"A","Q_tlw"
"784","STO","51.2.0",1995,9533,"A","Q_tlw"
"784","STO","51.2.0",1996,9633,"A","Q_tlw"
"784","STO","51.2.0",1997,10295,"A","Q_tlw"
"784","STO","51.2.0",1998,10329,"A","Q_tlw"
"784","STO","51.2.0",1999,10587,"A","Q_tlw"
"784","STO","51.2.0",2000,2729,"A","Q_tlw"
"784","STO","51.2.0",2001,4030,"A","Q_tlw"
"784","STO","51.2.0",2002,6400,"A","Q_tlw"
"784","STO","51.2.0",2003,3450,"A","Q_tlw"
"784","STO","51.2.0",2004,4100,"I","Q_tlw"
"784","STO","51.2.0",2005,4810,"A","Q_tlw"
"784","STO","51.2.0",2006,19439,"A","Q_tlw"
"784","STO","51.2.0",2007,10080,"A","Q_tlw"
"784","STO","51.2.0",2008,696,"A","Q_tlw"
"784","STO","51.2.0",2009,3,"A","Q_tlw"
"784","STO","51.2.0",2011,525,"A","Q_tlw"
"784","STO","51.2.0",2012,779,"A","Q_tlw"
"784","STO","51.2.0",2013,750,"A","Q_tlw"
"784","STO","51.2.0",2014,720,"A","Q_tlw"
"784","STO","51.2.0",2015,650,"A","Q_tlw"
"784","STO","51.2.0",2016,750,"A","Q_tlw"
"784","STO","51.2.0",2017,700,"A","Q_tlw"
"784","STO","51.2.0",2018,650,"A","Q_tlw"
"784","STO","51.2.0",2019,690,"A","Q_tlw"
"784","STO","51.2.0",2020,800,"A","Q_tlw"
"784","STO","51.2.0",2021,1400,"A","Q_tlw"
"784","STO","51.2.0",2022,1582,"A","Q_tlw"
"784","STO","51.2.0",2023,1245,"A","Q_tlw"
"784","DOS","51.2.0",1987,70,"A","Q_tlw"
"784","DOS","51.2.0",1988,70,"I","Q_tlw"
"784","DOS","51.2.0",1989,77,"A","Q_tlw"
"784","DOS","51.2.0",1990,77,"A","Q_tlw"
"784","DOS","51.2.0",1991,72,"A","Q_tlw"
"784","DOS","51.2.0",1992,74,"A","Q_tlw"
"784","DOS","51.2.0",1993,81,"A","Q_tlw"
"784","DOS","51.2.0",1994,81,"A","Q_tlw"
"784","DOS","51.2.0",1995,71,"A","Q_tlw"
"784","DOS","51.2.0",1996,72,"A","Q_tlw"
"784","DOS","51.2.0",1997,77,"A","Q_tlw"
"784","DOS","51.2.0",1998,78,"A","Q_tlw"
"784","DOS","51.2.0",1999,80,"A","Q_tlw"
"784","DOS","51.2.0",2000,75,"A","Q_tlw"
"784","SIX","51.2.0",1986,8399,"A","Q_tlw"
"784","SIX","51.2.0",1987,7699,"A","Q_tlw"
"784","SIX","51.2.0",1988,8070,"I","Q_tlw"
"784","SIX","51.2.0",1989,8468,"A","Q_tlw"
"784","SIX","51.2.0",1990,8900,"A","Q_tlw"
"784","SIX","51.2.0",1991,8630,"A","Q_tlw"
"784","SIX","51.2.0",1992,8889,"A","Q_tlw"
"784","SIX","51.2.0",1993,7573,"A","Q_tlw"
"784","SIX","51.2.0",1994,10121,"A","Q_tlw"
"784","SIX","51.2.0",1995,8840,"A","Q_tlw"
"784","SIX","51.2.0",1996,8933,"A","Q_tlw"
"784","SIX","51.2.0",1997,9200,"A","Q_tlw"
"784","SIX","51.2.0",1998,9236,"A","Q_tlw"
"784","SIX","51.2.0",1999,9510,"A","Q_tlw"
"784","SIX","51.2.0",2000,6140,"A","Q_tlw"
"784","SIX","51.2.0",2001,4200,"A","Q_tlw"
"784","SIX","51.2.0",2002,3500,"A","Q_tlw"
"784","SIX","51.2.0",2003,4140,"A","Q_tlw"
"784","SIX","51.2.0",2004,4700,"I","Q_tlw"
"784","SIX","51.2.0",2005,5180,"A","Q_tlw"
"784","SIX","51.2.0",2006,16306,"A","Q_tlw"
"784","SIX","51.2.0",2007,15654,"A","Q_tlw"
"784","SIX","51.2.0",2008,3263,"A","Q_tlw"
"784","SIX","51.2.0",2009,758,"A","Q_tlw"
"784","SIX","51.2.0",2010,819,"A","Q_tlw"
"784","SIX","51.2.0",2011,739,"A","Q_tlw"
"784","SIX","51.2.0",2012,1470,"A","Q_tlw"
"784","SIX","51.2.0",2013,1850,"A","Q_tlw"
"784","SIX","51.2.0",2014,2200,"A","Q_tlw"
"784","SIX","51.2.0",2015,2500,"A","Q_tlw"
"784","SIX","51.2.0",2016,2600,"A","Q_tlw"
"784","SIX","51.2.0",2017,3200,"A","Q_tlw"
"784","SIX","51.2.0",2018,3500,"A","Q_tlw"
"784","SIX","51.2.0",2019,3800,"A","Q_tlw"
"784","SIX","51.2.0",2020,3400,"A","Q_tlw"
"784","SIX","51.2.0",2021,2100,"A","Q_tlw"
"784","SIX","51.2.0",2022,1757,"A","Q_tlw"
"784","SIX","51.2.0",2023,602,"A","Q_tlw"
"784","IOS","51.2.0",1986,6000,"A","Q_tlw"
"784","IOS","51.2.0",1987,6497,"A","Q_tlw"
"784","IOS","51.2.0",1988,6810,"I","Q_tlw"
"784","IOS","51.2.0",1989,7114,"A","Q_tlw"
"784","IOS","51.2.0",1990,7114,"A","Q_tlw"
"784","IOS","51.2.0",1991,6900,"A","Q_tlw"
"784","IOS","51.2.0",1992,7100,"A","Q_tlw"
"784","IOS","51.2.0",1993,2953,"A","Q_tlw"
"784","IOS","51.2.0",1994,6085,"A","Q_tlw"
"784","IOS","51.2.0",1995,3455,"A","Q_tlw"
"784","IOS","51.2.0",1996,3491,"A","Q_tlw"
"784","IOS","51.2.0",1997,4077,"A","Q_tlw"
"784","IOS","51.2.0",1998,4085,"A","Q_tlw"
"784","IOS","51.2.0",1999,4144,"A","Q_tlw"
"784","FRZ","51.2.0",1986,540,"A","Q_tlw"
"784","FRZ","51.2.0",1987,576,"A","Q_tlw"
"784","FRZ","51.2.0",1988,620,"A","Q_tlw"
"784","FRZ","51.2.0",1989,621,"A","Q_tlw"
"784","FRZ","51.2.0",1990,650,"A","Q_tlw"
"784","FRZ","51.2.0",1991,630,"A","Q_tlw"
"784","FRZ","51.2.0",1992,650,"A","Q_tlw"
"784","FRZ","51.2.0",1993,651,"A","Q_tlw"
"784","FRZ","51.2.0",1994,737,"A","Q_tlw"
"784","FRZ","51.2.0",1995,572,"A","Q_tlw"
"784","FRZ","51.2.0",1996,578,"A","Q_tlw"
"784","FRZ","51.2.0",1997,618,"A","Q_tlw"
"784","FRZ","51.2.0",1998,620,"A","Q_tlw"
"784","FRZ","51.2.0",1999,636,"A","Q_tlw"
"784","FRZ","51.2.0",2000,376,"A","Q_tlw"
"784","FRZ","51.2.0",2001,380,"A","Q_tlw"
"784","FRZ","51.2.0",2002,320,"A","Q_tlw"
"784","FRZ","51.2.0",2003,350,"A","Q_tlw"
"784","FRZ","51.2.0",2004,250,"A","Q_tlw"
"784","FRZ","51.2.0",2005,216,"A","Q_tlw"
"784","FRZ","51.2.0",2006,200,"A","Q_tlw"
"784","FRZ","51.2.0",2007,101,"A","Q_tlw"
"784","FRZ","51.2.0",2008,134,"A","Q_tlw"
"784","FRZ","51.2.0",2009,284,"A","Q_tlw"
"784","FRZ","51.2.0",2010,279,"A","Q_tlw"
"784","FRZ","51.2.0",2011,313,"A","Q_tlw"
"784","FRZ","51.2.0",2012,1667,"A","Q_tlw"
"784","FRZ","51.2.0",2013,620,"A","Q_tlw"
"784","FRZ","51.2.0",2014,600,"A","Q_tlw"
"784","FRZ","51.2.0",2015,531,"A","Q_tlw"
"784","FRZ","51.2.0",2016,600,"A","Q_tlw"
"784","FRZ","51.2.0",2017,600,"A","Q_tlw"
"784","FRZ","51.2.0",2018,608,"A","Q_tlw"
"784","FRZ","51.2.0",2019,580,"A","Q_tlw"
"784","FRZ","51.2.0",2020,743,"A","Q_tlw"
"784","FRZ","51.2.0",2021,725,"A","Q_tlw"
"784","FRZ","51.2.0",2022,624,"A","Q_tlw"
"784","FRZ","51.2.0",2023,449,"A","Q_tlw"
"784","KAW","51.2.0",1986,1396,"A","Q_tlw"
"784","KAW","51.2.0",1987,2108,"A","Q_tlw"
"784","KAW","51.2.0",1988,2260,"A","Q_tlw"
"784","KAW","51.2.0",1989,2347,"A","Q_tlw"
"784","KAW","51.2.0",1990,2400,"A","Q_tlw"
"784","KAW","51.2.0",1991,2325,"A","Q_tlw"
"784","KAW","51.2.0",1992,2395,"A","Q_tlw"
"784","KAW","51.2.0",1993,1400,"A","Q_tlw"
"784","KAW","51.2.0",1994,2725,"A","Q_tlw"
"784","KAW","51.2.0",1995,2394,"A","Q_tlw"
"784","KAW","51.2.0",1996,2418,"A","Q_tlw"
"784","KAW","51.2.0",1997,2500,"A","Q_tlw"
"784","KAW","51.2.0",1998,2512,"A","Q_tlw"
"784","KAW","51.2.0",1999,2605,"A","Q_tlw"
"784","KAW","51.2.0",2000,868,"A","Q_tlw"
"784","KAW","51.2.0",2001,1000,"A","Q_tlw"
"784","KAW","51.2.0",2002,850,"A","Q_tlw"
"784","KAW","51.2.0",2003,845,"A","Q_tlw"
"784","KAW","51.2.0",2004,676,"A","Q_tlw"
"784","KAW","51.2.0",2005,719,"A","Q_tlw"
"784","KAW","51.2.0",2006,700,"A","Q_tlw"
"784","KAW","51.2.0",2007,125,"A","Q_tlw"
"784","KAW","51.2.0",2008,219,"A","Q_tlw"
"784","KAW","51.2.0",2009,330,"A","Q_tlw"
"784","KAW","51.2.0",2010,332,"A","Q_tlw"
"784","KAW","51.2.0",2011,264,"A","Q_tlw"
"784","KAW","51.2.0",2012,1053,"A","Q_tlw"
"784","KAW","51.2.0",2013,430,"A","Q_tlw"
"784","KAW","51.2.0",2014,400,"A","Q_tlw"
"784","KAW","51.2.0",2015,480,"A","Q_tlw"
"784","KAW","51.2.0",2016,320,"A","Q_tlw"
"784","KAW","51.2.0",2017,300,"A","Q_tlw"
"784","KAW","51.2.0",2018,350,"A","Q_tlw"
"784","KAW","51.2.0",2019,300,"A","Q_tlw"
"784","KAW","51.2.0",2020,325,"A","Q_tlw"
"784","KAW","51.2.0",2021,238,"A","Q_tlw"
"784","KAW","51.2.0",2022,240,"A","Q_tlw"
"784","KAW","51.2.0",2023,415,"A","Q_tlw"
"784","KGX","51.2.0",1986,1655,"A","Q_tlw"
"784","KGX","51.2.0",1987,1130,"A","Q_tlw"
"784","KGX","51.2.0",1988,1140,"A","Q_tlw"
"784","KGX","51.2.0",1989,1483,"A","Q_tlw"
"784","KGX","51.2.0",1990,1400,"A","Q_tlw"
"784","KGX","51.2.0",1991,1350,"A","Q_tlw"
"784","KGX","51.2.0",1992,1390,"A","Q_tlw"
"784","KGX","51.2.0",1993,1400,"A","Q_tlw"
"784","KGX","51.2.0",1994,1566,"A","Q_tlw"
"784","KGX","51.2.0",1995,1267,"A","Q_tlw"
"784","KGX","51.2.0",1996,1594,"A","Q_tlw"
"784","KGX","51.2.0",1997,2500,"A","Q_tlw"
"784","KGX","51.2.0",1998,2886,"A","Q_tlw"
"784","KGX","51.2.0",1999,3117,"A","Q_tlw"
"784","KGX","51.2.0",2000,2876,"A","Q_tlw"
"784","KGX","51.2.0",2001,2870,"A","Q_tlw"
"784","KGX","51.2.0",2002,0,"A","Q_tlw"
"784","KGX","51.2.0",2003,0,"A","Q_tlw"
"784","KGX","51.2.0",2004,0,"A","Q_tlw"
"784","KGX","51.2.0",2005,0,"A","Q_tlw"
"784","KGX","51.2.0",2006,0,"A","Q_tlw"
"784","KGX","51.2.0",2007,0,"A","Q_tlw"
"784","KGX","51.2.0",2008,0,"A","Q_tlw"
"784","KGX","51.2.0",2009,0,"A","Q_tlw"
"784","KGX","51.2.0",2010,0,"A","Q_tlw"
"784","KGX","51.2.0",2011,0,"A","Q_tlw"
"784","KGX","51.2.0",2022,0,"A","Q_tlw"
"784","KGX","51.2.0",2023,0,"A","Q_tlw"
"784","COM","51.2.0",1986,6180,"A","Q_tlw"
"784","COM","51.2.0",1987,5500,"A","Q_tlw"
"784","COM","51.2.0",1988,6000,"A","Q_tlw"
"784","COM","51.2.0",1989,5933,"A","Q_tlw"
"784","COM","51.2.0",1990,5933,"A","Q_tlw"
"784","COM","51.2.0",1991,5620,"A","Q_tlw"
"784","COM","51.2.0",1992,5789,"A","Q_tlw"
"784","COM","51.2.0",1993,5800,"A","Q_tlw"
"784","COM","51.2.0",1994,6475,"A","Q_tlw"
"784","COM","51.2.0",1995,6584,"A","Q_tlw"
"784","COM","51.2.0",1996,6653,"A","Q_tlw"
"784","COM","51.2.0",1997,7110,"A","Q_tlw"
"784","COM","51.2.0",1998,7133,"A","Q_tlw"
"784","COM","51.2.0",1999,7311,"A","Q_tlw"
"784","COM","51.2.0",2000,6644,"A","Q_tlw"
"784","COM","51.2.0",2001,7650,"A","Q_tlw"
"784","COM","51.2.0",2002,3824,"A","Q_tlw"
"784","COM","51.2.0",2003,5655,"A","Q_tlw"
"784","COM","51.2.0",2004,5093,"A","Q_tlw"
"784","COM","51.2.0",2005,4610,"A","Q_tlw"
"784","COM","51.2.0",2006,3935,"A","Q_tlw"
"784","COM","51.2.0",2007,3640,"A","Q_tlw"
"784","COM","51.2.0",2008,3238,"A","Q_tlw"
"784","COM","51.2.0",2009,8267,"A","Q_tlw"
"784","COM","51.2.0",2010,8745,"A","Q_tlw"
"784","COM","51.2.0",2011,8255,"A","Q_tlw"
"784","COM","51.2.0",2012,6565,"A","Q_tlw"
"784","COM","51.2.0",2013,6608,"A","Q_tlw"
"784","COM","51.2.0",2014,6312,"A","Q_tlw"
"784","COM","51.2.0",2015,6015,"A","Q_tlw"
"784","COM","51.2.0",2016,6163,"A","Q_tlw"
"784","COM","51.2.0",2017,6000,"A","Q_tlw"
"784","COM","51.2.0",2018,5837,"A","Q_tlw"
"784","COM","51.2.0",2019,5408,"A","Q_tlw"
"784","COM","51.2.0",2020,4979,"A","Q_tlw"
"784","COM","51.2.0",2021,4988,"A","Q_tlw"
"784","COM","51.2.0",2022,3891,"A","Q_tlw"
"784","COM","51.2.0",2023,3063,"A","Q_tlw"
"784","GUT","51.2.0",2006,2564,"A","Q_tlw"
"784","GUT","51.2.0",2007,2457,"A","Q_tlw"
"784","GUT","51.2.0",2008,526,"A","Q_tlw"
"784","GUT","51.2.0",2009,1224,"A","Q_tlw"
"784","GUT","51.2.0",2022,0,"A","Q_tlw"
"784","GUT","51.2.0",2023,0,"A","Q_tlw"
"784","LOT","51.2.0",1986,3973,"A","Q_tlw"
"784","LOT","51.2.0",1987,3654,"A","Q_tlw"
"784","LOT","51.2.0",1988,3930,"A","Q_tlw"
"784","LOT","51.2.0",1989,3938,"A","Q_tlw"
"784","LOT","51.2.0",1990,3938,"A","Q_tlw"
"784","LOT","51.2.0",1991,3815,"A","Q_tlw"
"784","LOT","51.2.0",1992,3959,"A","Q_tlw"
"784","LOT","51.2.0",1993,4000,"A","Q_tlw"
"784","LOT","51.2.0",1994,4466,"A","Q_tlw"
"784","LOT","51.2.0",1995,5715,"A","Q_tlw"
"784","LOT","51.2.0",1996,5775,"A","Q_tlw"
"784","LOT","51.2.0",1997,3671,"A","Q_tlw"
"784","LOT","51.2.0",1998,3678,"A","Q_tlw"
"784","LOT","51.2.0",1999,3739,"A","Q_tlw"
"784","LOT","51.2.0",2000,1725,"A","Q_tlw"
"784","LOT","51.2.0",2001,1720,"A","Q_tlw"
"784","LOT","51.2.0",2002,2238,"A","Q_tlw"
"784","LOT","51.2.0",2003,3364,"A","Q_tlw"
"784","LOT","51.2.0",2004,2360,"A","Q_tlw"
"784","LOT","51.2.0",2005,2270,"A","Q_tlw"
"784","LOT","51.2.0",2006,2075,"A","Q_tlw"
"784","LOT","51.2.0",2007,2011,"A","Q_tlw"
"784","LOT","51.2.0",2008,328,"A","Q_tlw"
"784","LOT","51.2.0",2009,707,"A","Q_tlw"
"784","LOT","51.2.0",2010,805,"A","Q_tlw"
"784","LOT","51.2.0",2011,760,"A","Q_tlw"
"784","LOT","51.2.0",2012,1744,"A","Q_tlw"
"784","LOT","51.2.0",2013,1300,"A","Q_tlw"
"784","LOT","51.2.0",2014,1498,"A","Q_tlw"
"784","LOT","51.2.0",2015,1375,"A","Q_tlw"
"784","LOT","51.2.0",2016,1033,"A","Q_tlw"
"784","LOT","51.2.0",2017,691,"A","Q_tlw"
"784","LOT","51.2.0",2018,971,"A","Q_tlw"
"784","LOT","51.2.0",2019,1250,"A","Q_tlw"
"784","LOT","51.2.0",2020,1384,"A","Q_tlw"
"784","LOT","51.2.0",2021,1517,"A","Q_tlw"
"784","LOT","51.2.0",2022,1318,"A","Q_tlw"
"784","LOT","51.2.0",2023,978,"A","Q_tlw"
"784","BIL","51.2.0",1986,192,"A","Q_tlw"
"784","BIL","51.2.0",1987,182,"A","Q_tlw"
"784","BIL","51.2.0",1988,194,"A","Q_tlw"
"784","BIL","51.2.0",1989,200,"A","Q_tlw"
"784","BIL","51.2.0",1990,200,"A","Q_tlw"
"784","BIL","51.2.0",1991,192,"A","Q_tlw"
"784","BIL","51.2.0",1992,199,"A","Q_tlw"
"784","BIL","51.2.0",1993,193,"A","Q_tlw"
"784","BIL","51.2.0",1994,193,"A","Q_tlw"
"784","BIL","51.2.0",1995,232,"A","Q_tlw"
"784","BIL","51.2.0",1996,239,"A","Q_tlw"
"784","BIL","51.2.0",1997,230,"A","Q_tlw"
"784","BIL","51.2.0",1998,233,"A","Q_tlw"
"784","BIL","51.2.0",1999,233,"A","Q_tlw"
"784","BIL","51.2.0",2000,250,"A","Q_tlw"
"784","BIL","51.2.0",2001,273,"A","Q_tlw"
"784","BIL","51.2.0",2002,145,"A","Q_tlw"
"784","BIL","51.2.0",2003,184,"A","Q_tlw"
"784","BIL","51.2.0",2004,132,"A","Q_tlw"
"784","BIL","51.2.0",2005,122,"A","Q_tlw"
"784","BIL","51.2.0",2006,700,"A","Q_tlw"
"784","BIL","51.2.0",2007,450,"A","Q_tlw"
"784","BIL","51.2.0",2008,218,"A","Q_tlw"
"784","BIL","51.2.0",2009,487,"A","Q_tlw"
"784","BIL","51.2.0",2010,492,"A","Q_tlw"
"784","BIL","51.2.0",2011,464,"A","Q_tlw"
"784","BIL","51.2.0",2012,149,"A","Q_tlw"
"784","BIL","51.2.0",2013,125,"A","Q_tlw"
"784","BIL","51.2.0",2014,100,"A","Q_tlw"
"784","BIL","51.2.0",2015,100,"A","Q_tlw"
"784","BIL","51.2.0",2016,100,"A","Q_tlw"
"784","BIL","51.2.0",2017,100,"A","Q_tlw"
"784","BIL","51.2.0",2018,70,"A","Q_tlw"
"784","BIL","51.2.0",2019,80,"A","Q_tlw"
"784","BIL","51.2.0",2020,70,"A","Q_tlw"
"784","BIL","51.2.0",2021,0,"A","Q_tlw"
"784","BIL","51.2.0",2022,0,"A","Q_tlw"
"784","BIL","51.2.0",2023,0,"A","Q_tlw"
"784","RAG","51.2.0",1986,4046,"A","Q_tlw"
"784","RAG","51.2.0",1987,4344,"A","Q_tlw"
"784","RAG","51.2.0",1988,4550,"I","Q_tlw"
"784","RAG","51.2.0",1989,4778,"A","Q_tlw"
"784","RAG","51.2.0",1990,4778,"A","Q_tlw"
"784","RAG","51.2.0",1991,4590,"A","Q_tlw"
"784","RAG","51.2.0",1992,4728,"A","Q_tlw"
"784","RAG","51.2.0",1993,4750,"A","Q_tlw"
"784","RAG","51.2.0",1994,5382,"A","Q_tlw"
"784","RAG","51.2.0",1995,4309,"A","Q_tlw"
"784","RAG","51.2.0",1996,4354,"A","Q_tlw"
"784","RAG","51.2.0",1997,4653,"A","Q_tlw"
"784","RAG","51.2.0",1998,4669,"A","Q_tlw"
"784","RAG","51.2.0",1999,4786,"A","Q_tlw"
"784","RAG","51.2.0",2000,4775,"A","Q_tlw"
"784","RAG","51.2.0",2001,2000,"A","Q_tlw"
"784","RAG","51.2.0",2002,2104,"A","Q_tlw"
"784","RAG","51.2.0",2003,2930,"A","Q_tlw"
"784","RAG","51.2.0",2004,3100,"I","Q_tlw"
"784","RAG","51.2.0",2005,3221,"A","Q_tlw"
"784","RAG","51.2.0",2006,3500,"I","Q_tlw"
"784","RAG","51.2.0",2007,2500,"I","Q_tlw"
"784","RAG","51.2.0",2008,607,"A","Q_tlw"
"784","RAG","51.2.0",2009,569,"A","Q_tlw"
"784","RAG","51.2.0",2010,1505,"A","Q_tlw"
"784","RAG","51.2.0",2011,1421,"A","Q_tlw"
"784","RAG","51.2.0",2012,566,"A","Q_tlw"
"784","RAG","51.2.0",2013,480,"A","Q_tlw"
"784","RAG","51.2.0",2014,673,"A","Q_tlw"
"784","RAG","51.2.0",2015,615,"A","Q_tlw"
"784","RAG","51.2.0",2016,730,"A","Q_tlw"
"784","RAG","51.2.0",2017,623,"A","Q_tlw"
"784","RAG","51.2.0",2018,667,"A","Q_tlw"
"784","RAG","51.2.0",2019,530,"A","Q_tlw"
"784","RAG","51.2.0",2020,520,"A","Q_tlw"
"784","RAG","51.2.0",2021,570,"A","Q_tlw"
"784","RAG","51.2.0",2022,659,"A","Q_tlw"
"784","RAG","51.2.0",2023,1790,"A","Q_tlw"
"784","BAR","51.2.0",1986,1952,"A","Q_tlw"
"784","BAR","51.2.0",1987,2096,"A","Q_tlw"
"784","BAR","51.2.0",1988,2200,"I","Q_tlw"
"784","BAR","51.2.0",1989,2306,"A","Q_tlw"
"784","BAR","51.2.0",1990,2306,"A","Q_tlw"
"784","BAR","51.2.0",1991,2240,"A","Q_tlw"
"784","BAR","51.2.0",1992,2310,"A","Q_tlw"
"784","BAR","51.2.0",1993,2444,"A","Q_tlw"
"784","BAR","51.2.0",1994,2810,"A","Q_tlw"
"784","BAR","51.2.0",1995,2094,"A","Q_tlw"
"784","BAR","51.2.0",1996,2116,"A","Q_tlw"
"784","BAR","51.2.0",1997,2261,"A","Q_tlw"
"784","BAR","51.2.0",1998,2269,"A","Q_tlw"
"784","BAR","51.2.0",1999,2326,"A","Q_tlw"
"784","BAR","51.2.0",2000,543,"A","Q_tlw"
"784","BAR","51.2.0",2001,625,"A","Q_tlw"
"784","BAR","51.2.0",2002,487,"A","Q_tlw"
"784","BAR","51.2.0",2003,626,"A","Q_tlw"
"784","BAR","51.2.0",2004,670,"I","Q_tlw"
"784","BAR","51.2.0",2005,720,"A","Q_tlw"
"784","BAR","51.2.0",2006,2210,"I","Q_tlw"
"784","BAR","51.2.0",2007,3052,"I","Q_tlw"
"784","BAR","51.2.0",2008,1972,"A","Q_tlw"
"784","BAR","51.2.0",2009,2676,"A","Q_tlw"
"784","BAR","51.2.0",2010,2737,"A","Q_tlw"
"784","BAR","51.2.0",2011,2584,"A","Q_tlw"
"784","BAR","51.2.0",2012,870,"A","Q_tlw"
"784","BAR","51.2.0",2013,1200,"A","Q_tlw"
"784","BAR","51.2.0",2014,1299,"A","Q_tlw"
"784","BAR","51.2.0",2015,1513,"A","Q_tlw"
"784","BAR","51.2.0",2016,1406,"A","Q_tlw"
"784","BAR","51.2.0",2017,1459,"A","Q_tlw"
"784","BAR","51.2.0",2018,1432,"A","Q_tlw"
"784","BAR","51.2.0",2019,1824,"A","Q_tlw"
"784","BAR","51.2.0",2020,2215,"A","Q_tlw"
"784","BAR","51.2.0",2021,2257,"A","Q_tlw"
"784","BAR","51.2.0",2022,2533,"A","Q_tlw"
"784","BAR","51.2.0",2023,2722,"A","Q_tlw"
"784","CGX","51.2.0",1986,5130,"A","Q_tlw"
"784","CGX","51.2.0",1987,5100,"A","Q_tlw"
"784","CGX","51.2.0",1988,5340,"I","Q_tlw"
"784","CGX","51.2.0",1989,5610,"A","Q_tlw"
"784","CGX","51.2.0",1990,5700,"A","Q_tlw"
"784","CGX","51.2.0",1991,5530,"A","Q_tlw"
"784","CGX","51.2.0",1992,5696,"A","Q_tlw"
"784","CGX","51.2.0",1993,5700,"A","Q_tlw"
"784","CGX","51.2.0",1994,6371,"A","Q_tlw"
"784","CGX","51.2.0",1995,5800,"A","Q_tlw"
"784","CGX","51.2.0",1996,5861,"A","Q_tlw"
"784","CGX","51.2.0",1997,6205,"A","Q_tlw"
"784","CGX","51.2.0",1998,6810,"A","Q_tlw"
"784","CGX","51.2.0",1999,7020,"A","Q_tlw"
"784","CGX","51.2.0",2000,3568,"A","Q_tlw"
"784","CGX","51.2.0",2001,4107,"A","Q_tlw"
"784","CGX","51.2.0",2002,1164,"A","Q_tlw"
"784","CGX","51.2.0",2003,3291,"A","Q_tlw"
"784","CGX","51.2.0",2004,2700,"I","Q_tlw"
"784","CGX","51.2.0",2005,2150,"A","Q_tlw"
"784","CGX","51.2.0",2006,6089,"A","Q_tlw"
"784","CGX","51.2.0",2007,10315,"A","Q_tlw"
"784","CGX","51.2.0",2008,8854,"A","Q_tlw"
"784","CGX","51.2.0",2009,8009,"A","Q_tlw"
"784","CGX","51.2.0",2010,8688,"A","Q_tlw"
"784","CGX","51.2.0",2011,0,"A","Q_tlw"
"784","CGX","51.2.0",2012,0,"A","Q_tlw"
"784","CGX","51.2.0",2013,0,"A","Q_tlw"
"784","CGX","51.2.0",2014,0,"A","Q_tlw"
"784","CGX","51.2.0",2015,0,"A","Q_tlw"
"784","CGX","51.2.0",2016,0,"A","Q_tlw"
"784","CGX","51.2.0",2017,0,"A","Q_tlw"
"784","CGX","51.2.0",2018,0,"A","Q_tlw"
"784","CGX","51.2.0",2019,0,"A","Q_tlw"
"784","CGX","51.2.0",2020,0,"A","Q_tlw"
"784","CGX","51.2.0",2022,0,"A","Q_tlw"
"784","CGX","51.2.0",2023,0,"A","Q_tlw"
"784","SDX","51.2.0",1986,1360,"A","Q_tlw"
"784","SDX","51.2.0",1987,1458,"A","Q_tlw"
"784","SDX","51.2.0",1988,1530,"I","Q_tlw"
"784","SDX","51.2.0",1989,1603,"A","Q_tlw"
"784","SDX","51.2.0",1990,1600,"A","Q_tlw"
"784","SDX","51.2.0",1991,1550,"A","Q_tlw"
"784","SDX","51.2.0",1992,1596,"A","Q_tlw"
"784","SDX","51.2.0",1993,1600,"A","Q_tlw"
"784","SDX","51.2.0",1994,1783,"A","Q_tlw"
"784","SDX","51.2.0",1995,1790,"A","Q_tlw"
"784","SDX","51.2.0",1996,1809,"A","Q_tlw"
"784","SDX","51.2.0",1997,1933,"A","Q_tlw"
"784","SDX","51.2.0",1998,1939,"A","Q_tlw"
"784","SDX","51.2.0",1999,1987,"A","Q_tlw"
"784","SDX","51.2.0",2000,580,"A","Q_tlw"
"784","SDX","51.2.0",2001,565,"I","Q_tlw"
"784","SDX","51.2.0",2002,550,"A","Q_tlw"
"784","SDX","51.2.0",2003,480,"A","Q_tlw"
"784","SDX","51.2.0",2004,390,"I","Q_tlw"
"784","SDX","51.2.0",2005,300,"A","Q_tlw"
"784","NGJ","51.2.0",1987,5510,"A","Q_tlw"
"784","NGJ","51.2.0",1988,5770,"I","Q_tlw"
"784","NGJ","51.2.0",1989,6060,"A","Q_tlw"
"784","NGJ","51.2.0",1990,6060,"A","Q_tlw"
"784","NGJ","51.2.0",1991,5800,"A","Q_tlw"
"784","NGJ","51.2.0",1992,5974,"A","Q_tlw"
"784","NGJ","51.2.0",1993,6000,"A","Q_tlw"
"784","NGJ","51.2.0",1994,6682,"A","Q_tlw"
"784","NGJ","51.2.0",1995,6833,"A","Q_tlw"
"784","NGJ","51.2.0",1996,6905,"A","Q_tlw"
"784","NGJ","51.2.0",1997,7379,"A","Q_tlw"
"784","NGJ","51.2.0",1998,7403,"A","Q_tlw"
"784","NGJ","51.2.0",1999,7588,"A","Q_tlw"
"784","NGJ","51.2.0",2000,3107,"A","Q_tlw"
"784","NGJ","51.2.0",2001,2762,"A","Q_tlw"
"784","NGJ","51.2.0",2002,4759,"A","Q_tlw"
"784","NGJ","51.2.0",2003,1593,"A","Q_tlw"
"784","NGJ","51.2.0",2004,1600,"I","Q_tlw"
"784","NGJ","51.2.0",2005,1612,"A","Q_tlw"
"784","NGJ","51.2.0",2006,734,"A","Q_tlw"
"784","NGJ","51.2.0",2007,622,"A","Q_tlw"
"784","NGJ","51.2.0",2008,849,"A","Q_tlw"
"784","NGJ","51.2.0",2009,1411,"A","Q_tlw"
"784","NGJ","51.2.0",2010,1049,"A","Q_tlw"
"784","NGJ","51.2.0",2011,1342,"A","Q_tlw"
"784","NGJ","51.2.0",2012,1850,"A","Q_tlw"
"784","NGJ","51.2.0",2013,2100,"A","Q_tlw"
"784","NGJ","51.2.0",2014,2059,"A","Q_tlw"
"784","NGJ","51.2.0",2015,1958,"A","Q_tlw"
"784","NGJ","51.2.0",2016,1876,"A","Q_tlw"
"784","NGJ","51.2.0",2017,2039,"A","Q_tlw"
"784","NGJ","51.2.0",2018,2202,"A","Q_tlw"
"784","NGJ","51.2.0",2019,2116,"A","Q_tlw"
"784","NGJ","51.2.0",2020,1639,"A","Q_tlw"
"784","NGJ","51.2.0",2021,1990,"A","Q_tlw"
"784","NGJ","51.2.0",2022,2099,"A","Q_tlw"
"784","NGJ","51.2.0",2023,1624,"A","Q_tlw"
"784","GLT","51.2.0",1986,841,"A","Q_tlw"
"784","GLT","51.2.0",1987,904,"A","Q_tlw"
"784","GLT","51.2.0",1988,950,"I","Q_tlw"
"784","GLT","51.2.0",1989,904,"A","Q_tlw"
"784","GLT","51.2.0",1990,600,"A","Q_tlw"
"784","GLT","51.2.0",1991,580,"A","Q_tlw"
"784","GLT","51.2.0",1992,595,"A","Q_tlw"
"784","GLT","51.2.0",1993,600,"A","Q_tlw"
"784","GLT","51.2.0",1994,673,"A","Q_tlw"
"784","GLT","51.2.0",1995,336,"A","Q_tlw"
"784","GLT","51.2.0",1996,340,"A","Q_tlw"
"784","GLT","51.2.0",1997,363,"A","Q_tlw"
"784","GLT","51.2.0",1998,364,"A","Q_tlw"
"784","GLT","51.2.0",1999,373,"A","Q_tlw"
"784","GLT","51.2.0",2000,940,"A","Q_tlw"
"784","GLT","51.2.0",2001,1082,"A","Q_tlw"
"784","GLT","51.2.0",2002,2471,"A","Q_tlw"
"784","GLT","51.2.0",2003,1073,"A","Q_tlw"
"784","GLT","51.2.0",2004,1150,"I","Q_tlw"
"784","GLT","51.2.0",2005,1215,"A","Q_tlw"
"784","GLT","51.2.0",2006,309,"A","Q_tlw"
"784","GLT","51.2.0",2007,217,"A","Q_tlw"
"784","GLT","51.2.0",2008,453,"A","Q_tlw"
"784","GLT","51.2.0",2009,427,"A","Q_tlw"
"784","GLT","51.2.0",2010,421,"A","Q_tlw"
"784","GLT","51.2.0",2011,404,"A","Q_tlw"
"784","GLT","51.2.0",2012,539,"A","Q_tlw"
"784","GLT","51.2.0",2013,540,"A","Q_tlw"
"784","GLT","51.2.0",2014,504,"A","Q_tlw"
"784","GLT","51.2.0",2015,563,"A","Q_tlw"
"784","GLT","51.2.0",2016,622,"A","Q_tlw"
"784","GLT","51.2.0",2017,573,"A","Q_tlw"
"784","GLT","51.2.0",2018,671,"A","Q_tlw"
"784","GLT","51.2.0",2019,769,"A","Q_tlw"
"784","GLT","51.2.0",2020,694,"A","Q_tlw"
"784","GLT","51.2.0",2021,759,"A","Q_tlw"
"784","GLT","51.2.0",2022,743,"A","Q_tlw"
"784","GLT","51.2.0",2023,391,"A","Q_tlw"
"784","HAS","51.2.0",1986,795,"A","Q_tlw"
"784","HAS","51.2.0",1987,851,"A","Q_tlw"
"784","HAS","51.2.0",1988,890,"I","Q_tlw"
"784","HAS","51.2.0",1989,936,"A","Q_tlw"
"784","HAS","51.2.0",1990,936,"A","Q_tlw"
"784","HAS","51.2.0",1991,925,"A","Q_tlw"
"784","HAS","51.2.0",1992,952,"A","Q_tlw"
"784","HAS","51.2.0",1993,960,"A","Q_tlw"
"784","HAS","51.2.0",1994,1079,"A","Q_tlw"
"784","HAS","51.2.0",1995,944,"A","Q_tlw"
"784","HAS","51.2.0",1996,954,"A","Q_tlw"
"784","HAS","51.2.0",1997,1019,"A","Q_tlw"
"784","HAS","51.2.0",1998,1022,"A","Q_tlw"
"784","HAS","51.2.0",1999,1048,"A","Q_tlw"
"784","HAS","51.2.0",2000,1100,"A","Q_tlw"
"784","NGH","51.2.0",2011,3884,"A","Q_tlw"
"784","NGH","51.2.0",2012,2332,"A","Q_tlw"
"784","NGH","51.2.0",2013,2500,"A","Q_tlw"
"784","NGH","51.2.0",2014,3111,"A","Q_tlw"
"784","NGH","51.2.0",2015,3113,"A","Q_tlw"
"784","NGH","51.2.0",2016,2800,"A","Q_tlw"
"784","NGH","51.2.0",2017,2977,"A","Q_tlw"
"784","NGH","51.2.0",2018,2842,"A","Q_tlw"
"784","NGH","51.2.0",2019,1760,"A","Q_tlw"
"784","NGH","51.2.0",2020,2317,"A","Q_tlw"
"784","NGH","51.2.0",2021,2248,"A","Q_tlw"
"784","NGH","51.2.0",2022,2238,"A","Q_tlw"
"784","NGH","51.2.0",2023,1271,"A","Q_tlw"
"784","QUE","51.2.0",1987,1774,"A","Q_tlw"
"784","QUE","51.2.0",1988,1860,"I","Q_tlw"
"784","QUE","51.2.0",1989,1950,"A","Q_tlw"
"784","QUE","51.2.0",1990,1700,"A","Q_tlw"
"784","QUE","51.2.0",1991,1650,"A","Q_tlw"
"784","QUE","51.2.0",1992,1700,"A","Q_tlw"
"784","QUE","51.2.0",1993,1700,"A","Q_tlw"
"784","QUE","51.2.0",1994,1931,"A","Q_tlw"
"784","QUE","51.2.0",1995,1981,"A","Q_tlw"
"784","QUE","51.2.0",1996,2002,"A","Q_tlw"
"784","QUE","51.2.0",1997,2140,"A","Q_tlw"
"784","QUE","51.2.0",1998,2147,"A","Q_tlw"
"784","QUE","51.2.0",1999,2201,"A","Q_tlw"
"784","QUE","51.2.0",2000,609,"A","Q_tlw"
"784","QUE","51.2.0",2001,701,"A","Q_tlw"
"784","QUE","51.2.0",2002,453,"A","Q_tlw"
"784","QUE","51.2.0",2003,580,"A","Q_tlw"
"784","QUE","51.2.0",2004,600,"I","Q_tlw"
"784","QUE","51.2.0",2005,612,"A","Q_tlw"
"784","QUE","51.2.0",2006,1540,"A","Q_tlw"
"784","QUE","51.2.0",2007,1453,"A","Q_tlw"
"784","QUE","51.2.0",2008,412,"A","Q_tlw"
"784","QUE","51.2.0",2009,553,"A","Q_tlw"
"784","QUE","51.2.0",2010,575,"A","Q_tlw"
"784","QUE","51.2.0",2011,543,"A","Q_tlw"
"784","QUE","51.2.0",2012,963,"A","Q_tlw"
"784","QUE","51.2.0",2013,1200,"A","Q_tlw"
"784","QUE","51.2.0",2014,1800,"A","Q_tlw"
"784","QUE","51.2.0",2015,1813,"A","Q_tlw"
"784","QUE","51.2.0",2016,1400,"A","Q_tlw"
"784","QUE","51.2.0",2017,1518,"A","Q_tlw"
"784","QUE","51.2.0",2018,1450,"A","Q_tlw"
"784","QUE","51.2.0",2019,1380,"A","Q_tlw"
"784","QUE","51.2.0",2020,1250,"A","Q_tlw"
"784","QUE","51.2.0",2021,1350,"A","Q_tlw"
"784","QUE","51.2.0",2022,1282,"A","Q_tlw"
"784","QUE","51.2.0",2023,1353,"A","Q_tlw"
"784","TRY","51.2.0",1986,2160,"A","Q_tlw"
"784","TRY","51.2.0",1987,324,"A","Q_tlw"
"784","TRY","51.2.0",1988,340,"I","Q_tlw"
"784","TRY","51.2.0",1989,356,"A","Q_tlw"
"784","TRY","51.2.0",1990,356,"A","Q_tlw"
"784","TRY","51.2.0",1991,345,"A","Q_tlw"
"784","TRY","51.2.0",1992,355,"A","Q_tlw"
"784","TRY","51.2.0",1993,360,"A","Q_tlw"
"784","TRY","51.2.0",1994,403,"A","Q_tlw"
"784","TRY","51.2.0",1995,2878,"A","Q_tlw"
"784","TRY","51.2.0",1996,2908,"A","Q_tlw"
"784","TRY","51.2.0",1997,3108,"A","Q_tlw"
"784","TRY","51.2.0",1998,3118,"A","Q_tlw"
"784","TRY","51.2.0",1999,3196,"A","Q_tlw"
"784","TRY","51.2.0",2000,2635,"A","Q_tlw"
"784","TRY","51.2.0",2001,3034,"A","Q_tlw"
"784","TRY","51.2.0",2002,5320,"A","Q_tlw"
"784","TRY","51.2.0",2003,4251,"A","Q_tlw"
"784","TRY","51.2.0",2004,3900,"I","Q_tlw"
"784","TRY","51.2.0",2005,3512,"A","Q_tlw"
"784","RNJ","51.2.0",2022,0,"A","Q_tlw"
"784","RNJ","51.2.0",2023,0,"A","Q_tlw"
"784","CBA","51.2.0",1986,39,"A","Q_tlw"
"784","CBA","51.2.0",1987,41,"A","Q_tlw"
"784","CBA","51.2.0",1988,40,"I","Q_tlw"
"784","CBA","51.2.0",1989,45,"A","Q_tlw"
"784","CBA","51.2.0",1990,40,"A","Q_tlw"
"784","CBA","51.2.0",1991,38,"A","Q_tlw"
"784","CBA","51.2.0",1992,39,"A","Q_tlw"
"784","CBA","51.2.0",1993,50,"A","Q_tlw"
"784","CBA","51.2.0",1994,47,"A","Q_tlw"
"784","CBA","51.2.0",1995,50,"A","Q_tlw"
"784","CBA","51.2.0",1996,52,"A","Q_tlw"
"784","CBA","51.2.0",1997,56,"A","Q_tlw"
"784","CBA","51.2.0",1998,57,"A","Q_tlw"
"784","CBA","51.2.0",1999,58,"A","Q_tlw"
"784","CBA","51.2.0",2000,632,"A","Q_tlw"
"784","CBA","51.2.0",2001,800,"I","Q_tlw"
"784","CBA","51.2.0",2002,954,"A","Q_tlw"
"784","CBA","51.2.0",2003,509,"A","Q_tlw"
"784","CBA","51.2.0",2004,510,"I","Q_tlw"
"784","CBA","51.2.0",2005,518,"A","Q_tlw"
"784","CBA","51.2.0",2006,266,"A","Q_tlw"
"784","CBA","51.2.0",2007,238,"A","Q_tlw"
"784","CBA","51.2.0",2008,717,"A","Q_tlw"
"784","CBA","51.2.0",2009,507,"A","Q_tlw"
"784","CBA","51.2.0",2010,504,"A","Q_tlw"
"784","CBA","51.2.0",2011,476,"A","Q_tlw"
"784","CBA","51.2.0",2012,159,"A","Q_tlw"
"784","CBA","51.2.0",2013,160,"A","Q_tlw"
"784","CBA","51.2.0",2014,580,"A","Q_tlw"
"784","CBA","51.2.0",2015,842,"A","Q_tlw"
"784","CBA","51.2.0",2016,831,"A","Q_tlw"
"784","CBA","51.2.0",2017,819,"A","Q_tlw"
"784","CBA","51.2.0",2018,809,"A","Q_tlw"
"784","CBA","51.2.0",2019,829,"A","Q_tlw"
"784","CBA","51.2.0",2020,789,"A","Q_tlw"
"784","CBA","51.2.0",2021,869,"A","Q_tlw"
"784","CBA","51.2.0",2022,1255,"A","Q_tlw"
"784","CBA","51.2.0",2023,1106,"A","Q_tlw"
"784","DOL","51.2.0",1986,52,"A","Q_tlw"
"784","DOL","51.2.0",1987,56,"A","Q_tlw"
"784","DOL","51.2.0",1988,60,"I","Q_tlw"
"784","DOL","51.2.0",1989,62,"A","Q_tlw"
"784","DOL","51.2.0",1990,50,"A","Q_tlw"
"784","DOL","51.2.0",1991,40,"A","Q_tlw"
"784","DOL","51.2.0",1992,42,"A","Q_tlw"
"784","DOL","51.2.0",1993,64,"A","Q_tlw"
"784","DOL","51.2.0",1994,46,"A","Q_tlw"
"784","DOL","51.2.0",1995,55,"A","Q_tlw"
"784","DOL","51.2.0",1996,56,"A","Q_tlw"
"784","DOL","51.2.0",1997,60,"A","Q_tlw"
"784","DOL","51.2.0",1998,61,"A","Q_tlw"
"784","DOL","51.2.0",1999,63,"A","Q_tlw"
"784","DOL","51.2.0",2000,55,"A","Q_tlw"
"784","DOL","51.2.0",2006,571,"A","Q_tlw"
"784","DOL","51.2.0",2007,547,"A","Q_tlw"
"784","DOL","51.2.0",2008,128,"A","Q_tlw"
"784","DOL","51.2.0",2009,183,"A","Q_tlw"
"784","DOL","51.2.0",2011,170,"A","Q_tlw"
"784","DOL","51.2.0",2012,21,"A","Q_tlw"
"784","DOL","51.2.0",2013,0,"A","Q_tlw"
"784","DOL","51.2.0",2014,0,"A","Q_tlw"
"784","DOL","51.2.0",2015,0,"A","Q_tlw"
"784","DOL","51.2.0",2016,0,"A","Q_tlw"
"784","DOL","51.2.0",2017,0,"A","Q_tlw"
"784","DOL","51.2.0",2018,0,"A","Q_tlw"
"784","DOL","51.2.0",2019,0,"A","Q_tlw"
"784","DOL","51.2.0",2020,0,"A","Q_tlw"
"784","DOL","51.2.0",2022,0,"A","Q_tlw"
"784","DOL","51.2.0",2023,5,"A","Q_tlw"
"784","BAF","51.2.0",2006,37,"A","Q_tlw"
"784","BAF","51.2.0",2007,36,"A","Q_tlw"
"784","BAF","51.2.0",2008,116,"A","Q_tlw"
"784","BAF","51.2.0",2009,349,"A","Q_tlw"
"784","BAF","51.2.0",2011,324,"A","Q_tlw"
"784","BAF","51.2.0",2012,14,"A","Q_tlw"
"784","BAF","51.2.0",2013,12,"A","Q_tlw"
"784","BAF","51.2.0",2014,10,"A","Q_tlw"
"784","BAF","51.2.0",2015,16,"A","Q_tlw"
"784","BAF","51.2.0",2016,14,"A","Q_tlw"
"784","BAF","51.2.0",2017,12,"A","Q_tlw"
"784","BAF","51.2.0",2018,12,"A","Q_tlw"
"784","BAF","51.2.0",2019,15,"A","Q_tlw"
"784","BAF","51.2.0",2020,12,"A","Q_tlw"
"784","BAF","51.2.0",2021,0,"A","Q_tlw"
"784","BAF","51.2.0",2022,179,"A","Q_tlw"
"784","BAF","51.2.0",2023,261,"A","Q_tlw"
"784","JKX","51.2.0",1987,31,"A","Q_tlw"
"784","JKX","51.2.0",1988,30,"I","Q_tlw"
"784","JKX","51.2.0",1989,34,"A","Q_tlw"
"784","JKX","51.2.0",1990,30,"A","Q_tlw"
"784","JKX","51.2.0",1991,29,"A","Q_tlw"
"784","JKX","51.2.0",1992,30,"A","Q_tlw"
"784","JKX","51.2.0",1993,32,"A","Q_tlw"
"784","JKX","51.2.0",1994,35,"A","Q_tlw"
"784","JKX","51.2.0",1995,29,"A","Q_tlw"
"784","JKX","51.2.0",1996,36,"A","Q_tlw"
"784","JKX","51.2.0",1997,42,"A","Q_tlw"
"784","JKX","51.2.0",1998,58,"A","Q_tlw"
"784","JKX","51.2.0",1999,61,"A","Q_tlw"
"784","JKX","51.2.0",2000,55,"A","Q_tlw"
"784","JKX","51.2.0",2001,50,"I","Q_tlw"
"784","JKX","51.2.0",2002,55,"A","Q_tlw"
"784","JKX","51.2.0",2003,70,"A","Q_tlw"
"784","JKX","51.2.0",2004,60,"I","Q_tlw"
"784","JKX","51.2.0",2005,51,"A","Q_tlw"
"784","JKX","51.2.0",2006,21,"A","Q_tlw"
"784","JKX","51.2.0",2007,21,"A","Q_tlw"
"784","JKX","51.2.0",2008,84,"A","Q_tlw"
"784","JKX","51.2.0",2009,66,"A","Q_tlw"
"784","JKX","51.2.0",2011,61,"A","Q_tlw"
"784","JKX","51.2.0",2012,7,"A","Q_tlw"
"784","JKX","51.2.0",2013,8,"A","Q_tlw"
"784","JKX","51.2.0",2014,6,"A","Q_tlw"
"784","JKX","51.2.0",2015,5,"A","Q_tlw"
"784","JKX","51.2.0",2016,5,"A","Q_tlw"
"784","JKX","51.2.0",2017,5,"A","Q_tlw"
"784","JKX","51.2.0",2018,7,"A","Q_tlw"
"784","JKX","51.2.0",2019,6,"A","Q_tlw"
"784","JKX","51.2.0",2020,5,"A","Q_tlw"
"784","JKX","51.2.0",2021,0,"A","Q_tlw"
"784","JKX","51.2.0",2022,38,"A","Q_tlw"
"784","JKX","51.2.0",2023,6,"A","Q_tlw"
"784","SKX","51.2.0",1986,1293,"A","Q_tlw"
"784","SKX","51.2.0",1987,1392,"A","Q_tlw"
"784","SKX","51.2.0",1988,1460,"I","Q_tlw"
"784","SKX","51.2.0",1989,1531,"A","Q_tlw"
"784","SKX","51.2.0",1990,1600,"A","Q_tlw"
"784","SKX","51.2.0",1991,1535,"A","Q_tlw"
"784","SKX","51.2.0",1992,1581,"A","Q_tlw"
"784","SKX","51.2.0",1993,1600,"A","Q_tlw"
"784","SKX","51.2.0",1994,1802,"A","Q_tlw"
"784","SKX","51.2.0",1995,1553,"A","Q_tlw"
"784","SKX","51.2.0",1996,1902,"A","Q_tlw"
"784","SKX","51.2.0",1997,1832,"A","Q_tlw"
"784","SKX","51.2.0",1998,1881,"A","Q_tlw"
"784","SKX","51.2.0",1999,1945,"A","Q_tlw"
"784","SKX","51.2.0",2000,1530,"A","Q_tlw"
"784","SKX","51.2.0",2001,1762,"A","Q_tlw"
"784","SKX","51.2.0",2002,2541,"A","Q_tlw"
"784","SKX","51.2.0",2003,3060,"A","Q_tlw"
"784","SKX","51.2.0",2004,2631,"A","Q_tlw"
"784","SKX","51.2.0",2005,3520,"A","Q_tlw"
"784","SKX","51.2.0",2006,1176,"A","Q_tlw"
"784","SKX","51.2.0",2007,1069,"A","Q_tlw"
"784","SKX","51.2.0",2008,3370,"A","Q_tlw"
"784","SKX","51.2.0",2009,1428,"A","Q_tlw"
"784","SKX","51.2.0",2010,1433,"A","Q_tlw"
"784","SKX","51.2.0",2011,1340,"A","Q_tlw"
"784","SKX","51.2.0",2012,464,"A","Q_tlw"
"784","SKX","51.2.0",2013,430,"A","Q_tlw"
"784","SKX","51.2.0",2014,682,"A","Q_tlw"
"784","SKX","51.2.0",2015,828,"A","Q_tlw"
"784","SKX","51.2.0",2016,974,"A","Q_tlw"
"784","SKX","51.2.0",2017,950,"A","Q_tlw"
"784","SKX","51.2.0",2018,997,"A","Q_tlw"
"784","SKX","51.2.0",2019,815,"A","Q_tlw"
"784","SKX","51.2.0",2020,780,"A","Q_tlw"
"784","SKX","51.2.0",2021,820,"A","Q_tlw"
"784","SKX","51.2.0",2022,1890,"A","Q_tlw"
"784","SKX","51.2.0",2023,1698,"A","Q_tlw"
"784","MZZ","51.2.0",1986,4881,"A","Q_tlw"
"784","MZZ","51.2.0",1987,4421,"A","Q_tlw"
"784","MZZ","51.2.0",1988,4426,"A","Q_tlw"
"784","MZZ","51.2.0",1989,3390,"A","Q_tlw"
"784","MZZ","51.2.0",1990,6488,"A","Q_tlw"
"784","MZZ","51.2.0",1991,6786,"A","Q_tlw"
"784","MZZ","51.2.0",1992,6909,"A","Q_tlw"
"784","MZZ","51.2.0",1993,14874,"A","Q_tlw"
"784","MZZ","51.2.0",1994,9908,"A","Q_tlw"
"784","MZZ","51.2.0",1995,8548,"A","Q_tlw"
"784","MZZ","51.2.0",1996,7441,"A","Q_tlw"
"784","MZZ","51.2.0",1997,10015,"A","Q_tlw"
"784","MZZ","51.2.0",1998,9007,"A","Q_tlw"
"784","MZZ","51.2.0",1999,9019,"A","Q_tlw"
"784","MZZ","51.2.0",2000,2047,"A","Q_tlw"
"784","MZZ","51.2.0",2001,1189,"A","Q_tlw"
"784","MZZ","51.2.0",2002,237,"A","Q_tlw"
"784","MZZ","51.2.0",2003,2285,"A","Q_tlw"
"784","MZZ","51.2.0",2004,1500,"I","Q_tlw"
"784","MZZ","51.2.0",2005,0,"A","Q_tlw"
"784","MZZ","51.2.0",2006,14594,"A","Q_tlw"
"784","MZZ","51.2.0",2007,19031,"A","Q_tlw"
"784","MZZ","51.2.0",2008,2391,"A","Q_tlw"
"784","MZZ","51.2.0",2009,2990,"A","Q_tlw"
"784","MZZ","51.2.0",2010,4292,"A","Q_tlw"
"784","MZZ","51.2.0",2011,8536,"A","Q_tlw"
"784","MZZ","51.2.0",2012,3562,"A","Q_tlw"
"784","MZZ","51.2.0",2013,9825,"A","Q_tlw"
"784","MZZ","51.2.0",2014,8106,"A","Q_tlw"
"784","MZZ","51.2.0",2015,10794,"A","Q_tlw"
"784","MZZ","51.2.0",2016,10066,"A","Q_tlw"
"784","MZZ","51.2.0",2017,10538,"A","Q_tlw"
"784","MZZ","51.2.0",2018,11796,"A","Q_tlw"
"784","MZZ","51.2.0",2019,9484,"A","Q_tlw"
"784","MZZ","51.2.0",2020,12439,"A","Q_tlw"
"784","MZZ","51.2.0",2021,6755,"A","Q_tlw"
"784","MZZ","51.2.0",2022,4690,"A","Q_tlw"
"784","MZZ","51.2.0",2023,3275,"A","Q_tlw"
"784","SCD","51.2.0",1986,39,"A","Q_tlw"
"784","SCD","51.2.0",1987,43,"A","Q_tlw"
"784","SCD","51.2.0",1988,50,"I","Q_tlw"
"784","SCD","51.2.0",1989,47,"A","Q_tlw"
"784","SCD","51.2.0",1990,47,"A","Q_tlw"
"784","SCD","51.2.0",1991,45,"A","Q_tlw"
"784","SCD","51.2.0",1992,47,"A","Q_tlw"
"784","SCD","51.2.0",1993,50,"A","Q_tlw"
"784","SCD","51.2.0",1994,58,"A","Q_tlw"
"784","SCD","51.2.0",1995,47,"A","Q_tlw"
"784","SCD","51.2.0",1996,56,"A","Q_tlw"
"784","SCD","51.2.0",1997,60,"A","Q_tlw"
"784","SCD","51.2.0",1998,60,"A","Q_tlw"
"784","SCD","51.2.0",1999,62,"A","Q_tlw"
"784","SCD","51.2.0",2000,1710,"A","Q_tlw"
"784","SCD","51.2.0",2001,1969,"A","Q_tlw"
"784","SCD","51.2.0",2002,353,"A","Q_tlw"
"784","SCD","51.2.0",2003,437,"A","Q_tlw"
"784","SCD","51.2.0",2004,470,"I","Q_tlw"
"784","SCD","51.2.0",2005,512,"A","Q_tlw"
"784","SCD","51.2.0",2006,419,"A","Q_tlw"
"784","SCD","51.2.0",2007,479,"A","Q_tlw"
"784","SCD","51.2.0",2008,926,"A","Q_tlw"
"784","SCD","51.2.0",2009,907,"A","Q_tlw"
"784","SCD","51.2.0",2010,978,"A","Q_tlw"
"784","SCD","51.2.0",2011,923,"A","Q_tlw"
"784","SCD","51.2.0",2012,431,"A","Q_tlw"
"784","SCD","51.2.0",2013,606,"A","Q_tlw"
"784","SCD","51.2.0",2014,512,"A","Q_tlw"
"784","SCD","51.2.0",2015,559,"A","Q_tlw"
"784","SCD","51.2.0",2016,606,"A","Q_tlw"
"784","SCD","51.2.0",2017,545,"A","Q_tlw"
"784","SCD","51.2.0",2018,576,"A","Q_tlw"
"784","SCD","51.2.0",2019,550,"A","Q_tlw"
"784","SCD","51.2.0",2020,525,"A","Q_tlw"
"784","SCD","51.2.0",2021,503,"A","Q_tlw"
"784","SCD","51.2.0",2022,566,"A","Q_tlw"
"784","SCD","51.2.0",2023,382,"A","Q_tlw"
"784","IAH","51.2.0",1986,18,"A","Q_tlw"
"784","IAH","51.2.0",1987,24,"A","Q_tlw"
"784","IAH","51.2.0",1988,20,"I","Q_tlw"
"784","IAH","51.2.0",1989,26,"A","Q_tlw"
"784","IAH","51.2.0",1990,26,"A","Q_tlw"
"784","IAH","51.2.0",1991,25,"A","Q_tlw"
"784","IAH","51.2.0",1992,26,"A","Q_tlw"
"784","IAH","51.2.0",1993,20,"A","Q_tlw"
"784","IAH","51.2.0",1994,23,"A","Q_tlw"
"784","IAH","51.2.0",1995,22,"A","Q_tlw"
"784","IAH","51.2.0",1996,25,"A","Q_tlw"
"784","IAH","51.2.0",1997,26,"A","Q_tlw"
"784","IAH","51.2.0",1998,27,"A","Q_tlw"
"784","IAH","51.2.0",1999,28,"A","Q_tlw"
"784","IAH","51.2.0",2000,491,"A","Q_tlw"
"784","IAH","51.2.0",2001,465,"A","Q_tlw"
"784","IAH","51.2.0",2002,205,"A","Q_tlw"
"784","IAH","51.2.0",2003,198,"A","Q_tlw"
"784","IAH","51.2.0",2004,190,"I","Q_tlw"
"784","IAH","51.2.0",2005,185,"A","Q_tlw"
"784","IAH","51.2.0",2006,268,"A","Q_tlw"
"784","IAH","51.2.0",2007,258,"A","Q_tlw"
"784","IAH","51.2.0",2008,284,"A","Q_tlw"
"784","IAH","51.2.0",2009,510,"A","Q_tlw"
"784","IAH","51.2.0",2010,518,"A","Q_tlw"
"784","IAH","51.2.0",2011,488,"A","Q_tlw"
"784","IAH","51.2.0",2012,236,"A","Q_tlw"
"784","IAH","51.2.0",2013,190,"A","Q_tlw"
"784","IAH","51.2.0",2014,160,"A","Q_tlw"
"784","IAH","51.2.0",2015,155,"A","Q_tlw"
"784","IAH","51.2.0",2016,146,"A","Q_tlw"
"784","IAH","51.2.0",2017,160,"A","Q_tlw"
"784","IAH","51.2.0",2018,126,"A","Q_tlw"
"784","IAH","51.2.0",2019,170,"A","Q_tlw"
"784","IAH","51.2.0",2020,134,"A","Q_tlw"
"784","IAH","51.2.0",2021,126,"A","Q_tlw"
"784","IAH","51.2.0",2022,307,"A","Q_tlw"
"784","IAH","51.2.0",2023,341,"A","Q_tlw"
