ScientificName,AreaID,Year,SampleID,flagged_density,typical_density,robust_z,was_dropped
Rhodophyllis spp.,6,2016,ESP_6_MOL_2016_73_5_12,4.35818428767972,0.000112692309426036,15980.1028983103,FALSE
Glossanodon leioglossus,1,2017,ESP_1_MOL_2017_60_5_8,41.3232577275308,0.000221288935053292,15378.9759658241,FALSE
Turritella spp.,6,1995,ESP_6_COR_1995_96_5_19,1.94536900132659,8.48442683454519e-05,11274.7727231596,FALSE
Glossanodon leioglossus,1,2019,ESP_1_MOL_2019_59_5_12,6.92722061944671,0.000221288935053292,8500.60014118753,FALSE
Glossanodon leioglossus,1,2015,ESP_1_MOL_2015_70_5_9,5.33515488685927,0.000221288935053292,7579.99161008266,FALSE
Glossanodon leioglossus,1,2006,ESP_1_COR_2006_45_5_15,3.45432509580791,0.000221288935053292,6133.55541548055,FALSE
Plesionika narval,5,2011,ESP_5_COR_2011_149_6_16,0.782609105033295,0.000182222794442916,5926.86606613177,FALSE
Plesionika narval,5,2016,ESP_5_MOL_2016_208_6_16,0.77967521611408,0.000182222794442916,5909.97252472303,FALSE
Plesionika narval,1,2018,ESP_1_MOL_2018_61_5_12,1.724479549421,0.000269329750527731,4520.23524569574,FALSE
Meganyctiphanes norvegica,6,2003,ESP_6_COR_2003_43_5_5,24.0791125810882,0.000994311173877226,4301.78017196171,FALSE
Plesionika narval,6,2017,ESP_6_MOL_2017_104_5_20,1.0764491921571,0.000239463808328515,4154.4087911818,FALSE
Osmundaria volubilis,6,2012,ESP_6_COR_2012_42_5_7,1.24183535398489,0.000157764477355867,3944.95258117814,FALSE
Leptometra phalangium,6,2015,ESP_6_MOL_2015_142_5_28,6.75008842910606,0.000389777734978654,3756.9542441742,FALSE
Antedon spp.,7,2014,FRA_7_LEU_2014_65_6_18,1.20239380849532,0.000203592272542189,3195.86000147854,FALSE
Leptometra phalangium,6,2015,ESP_6_MOL_2015_135_5_27,4.10677368357047,0.000389777734978654,2991.48200696745,FALSE
Antedon mediterranea,6,2012,ESP_6_COR_2012_107_5_22,0.273851907793002,7.52686148693149e-05,2983.87320058476,FALSE
Meganyctiphanes norvegica,6,1998,ESP_6_COR_1998_49_5_19,8.03536587757801,0.000994311173877226,2938.35791764012,FALSE
Osmundaria volubilis,6,2012,ESP_6_COR_2012_40_5_7,0.776678920934086,0.000157764477355867,2808.34903454057,FALSE
Antedon mediterranea,6,2014,ESP_6_MOL_2014_128_5_26,0.251819854411647,7.52686148693149e-05,2768.72493908083,FALSE
Calocaris macandreae,6,2006,ESP_6_COR_2006_90_5_29,0.469355681340492,0.000191045863769168,2712.16450770947,FALSE
Glossanodon leioglossus,6,1996,ESP_6_COR_1996_56_5_15,28.1192018495123,0.000917810349368971,2670.73863070658,FALSE
Glossanodon leioglossus,6,2016,ESP_6_MOL_2016_138_5_28,24.7756602017071,0.000917810349368971,2574.09293263037,FALSE
Pasiphaea sivado,5,2005,ESP_5_COR_2005_56_5_22,3.26109694927199,0.000528464107325564,2413.18316237811,FALSE
Glossanodon leioglossus,1,2018,ESP_1_MOL_2018_65_5_13,0.765169782669476,0.000221288935053292,2332.54549594915,FALSE
Antedon mediterranea,6,2014,ESP_6_MOL_2014_127_5_26,0.20662347012239,7.52686148693149e-05,2315.26264099362,FALSE
Eusergestes arcticus,9,2021,ITA_9_SAN_2021_67_9_20,115.441874554394,0.00161162749267604,2309.6479952905,FALSE
Leptometra phalangium,6,2015,ESP_6_MOL_2015_163_6_2,2.44142067783589,0.000389777734978654,2267.21240663219,FALSE
Maurolicus muelleri,1,2003,ESP_1_COR_2003_136_5_25,5.28393023789594,0.000675115295152837,2212.2587574461,FALSE
Meganyctiphanes norvegica,1,1999,ESP_1_COR_1999_2_5_4,4.88953648083168,0.00104855031208632,2132.8602872664,FALSE
Antedon mediterranea,6,2014,ESP_6_MOL_2014_129_5_26,0.18633803413374,7.52686148693149e-05,2106.18490148975,FALSE
Plesionika narval,6,2015,ESP_6_MOL_2015_97_5_18,0.442190636414796,0.000239463808328515,2081.26460227292,FALSE
Antedon spp.,7,2014,FRA_7_LEU_2014_33_6_9,0.65454232837314,0.000203592272542189,2037.82954411041,FALSE
Glossanodon leioglossus,6,2021,ESP_6_MOL_2021_160_6_3,11.2549381900281,0.000917810349368971,1984.94883957943,FALSE
Leptopentacta tergestina,6,2016,ESP_6_MOL_2016_132_5_26,0.244764126978153,0.000122458976242959,1939.07513042497,FALSE
Leptometra phalangium,6,2013,ESP_6_COR_2013_115_6_6,1.76282579327161,0.000389777734978654,1864.17649467594,FALSE
Leptopentacta tergestina,6,2018,ESP_6_MOL_2018_120_5_28,0.233221870673324,0.000122458976242959,1856.52353484914,FALSE
Leptometra phalangium,6,2016,ESP_6_MOL_2016_167_6_3,1.71067620162643,0.000389777734978654,1829.2077452352,FALSE
Glossanodon leioglossus,6,2003,ESP_6_COR_2003_72_5_11,8.35097960715867,0.000917810349368971,1770.64836343819,FALSE
Antedon mediterranea,6,2012,ESP_6_COR_2012_101_5_21,0.152679007654308,7.52686148693149e-05,1751.25147348165,FALSE
Gennadas elegans,1,1994,ESP_1_COR_1994_28_6_4,0.0562092448939563,0.000116594788062986,1708.98663731066,FALSE
Meganyctiphanes norvegica,5,2013,ESP_5_COR_2013_149_6_16,0.684456093523728,0.000707695577402596,1591.55643448424,FALSE
Glossanodon leioglossus,1,2021,ESP_1_MOL_2021_61_5_11,0.466489029996511,0.000221288935053292,1571.31684525215,FALSE
Leptometra phalangium,6,2015,ESP_6_MOL_2015_133_5_27,1.34751410331386,0.000389777734978654,1565.24989411441,FALSE
Glossanodon leioglossus,6,2020,ESP_6_MOL_2020_45_6_8,5.94374616300464,0.000917810349368971,1534.80132993872,FALSE
Plesionika narval,1,2007,ESP_1_COR_2007_34_5_26,0.388842981435574,0.000269329750527731,1480.57579871421,FALSE
Tethys fimbria,10,2016,ITA_10_PEC_2016_58_9_8,1.99443154712044,0.000609102426664068,1449.99390785035,FALSE
Antedon mediterranea,6,2014,ESP_6_MOL_2014_126_5_26,0.122983102528268,7.52686148693149e-05,1429.39503587367,FALSE
Eusergestes arcticus,6,2006,ESP_6_COR_2006_66_5_21,1.53979432773835,0.000587181131286655,1354.19708114386,FALSE
Antedon mediterranea,6,2012,ESP_6_COR_2012_119_5_25,0.115786640831046,7.52686148693149e-05,1350.11572915801,FALSE
Molgula spp.,6,2014,ESP_6_MOL_2014_163_6_2,2.08903287736981,0.000627424960875445,1334.41410104646,FALSE
Glossanodon leioglossus,6,2008,ESP_6_COR_2008_69_5_22,4.22375721399701,0.000917810349368971,1309.26740960844,FALSE
Ocnus planci,1,2019,ESP_1_MOL_2019_14_5_1,0.809369212936238,0.000372647705089385,1277.44267121145,FALSE
Benthosema glaciale,1,1999,ESP_1_COR_1999_2_5_4,0.315852324906798,0.00020348813168964,1264.40730350056,FALSE
Plesionika narval,6,1998,ESP_6_COR_1998_77_5_28,0.248491816195375,0.000239463808328515,1260.94501021044,FALSE
Xenophora crispa,6,2015,ESP_6_MOL_2015_159_6_1,2.85189280874026,0.000872529846171111,1249.82911805691,FALSE
Meganyctiphanes norvegica,1,1998,ESP_1_COR_1998_1_5_3,1.80133331504634,0.00104855031208632,1238.51827361829,FALSE
Leptometra phalangium,6,2013,ESP_6_COR_2013_109_6_5,0.929567393636038,0.000389777734978654,1205.46511142479,FALSE
Turritella spp.,6,1995,ESP_6_COR_1995_93_5_18,0.117081379496471,8.48442683454519e-05,1154.82113881965,FALSE
Glossanodon leioglossus,6,2020,ESP_6_MOL_2020_6_5_31,3.29603118719011,0.000917810349368971,1154.33490635199,FALSE
Molgula spp.,7,2013,FRA_7_LEU_2013_59_6_14,3.58462150146387,0.00121270919233568,1147.99233391685,FALSE
Leptometra phalangium,6,2016,ESP_6_MOL_2016_140_5_28,0.85471040400429,0.000389777734978654,1132.85663378843,FALSE
Antedon spp.,7,2013,FRA_7_LEU_2013_40_6_9,0.32148946652235,0.000203592272542189,1127.80834897432,FALSE
Glossanodon leioglossus,6,2009,ESP_6_COR_2009_63_4_24,3.12012443822078,0.000917810349368971,1121.20642156884,FALSE
Maurolicus muelleri,1,1999,ESP_1_COR_1999_2_5_4,1.53763142864916,0.000675115295152837,1120.45283027906,FALSE
Crystallogobius linearis,6,1999,ESP_6_COR_1999_117_6_3,0.0257187233921119,0.000142795871678836,1110.32763092766,FALSE
Leptometra phalangium,6,2015,ESP_6_MOL_2015_134_5_27,0.809064961263601,0.000389777734978654,1087.12966794174,FALSE
Leptometra phalangium,6,2016,ESP_6_MOL_2016_138_5_28,0.790471215129036,0.000389777734978654,1068.17109929249,FALSE
Glossanodon leioglossus,6,2018,ESP_6_MOL_2018_125_5_30,2.8169750289956,0.000917810349368971,1060.64782641359,FALSE
Microcosmus sabatieri,8,1999,FRA_8_LEU_1999_17_5_9,0.755492355642604,0.0008471435378832,1045.78282333659,FALSE
Glossanodon leioglossus,6,2019,ESP_6_MOL_2019_167_6_7,2.65910100902231,0.000917810349368971,1027.1766404205,FALSE
Plesionika narval,6,2002,ESP_6_COR_2002_75_5_30,0.196984450789043,0.000239463808328515,1021.31745556577,FALSE
Hymenocephalus italicus,1,2004,ESP_1_COR_2004_8_5_7,0.629634409626085,0.000450685698515458,1017.7366831211,FALSE
Pasiphaea sivado,5,2007,ESP_5_COR_2007_82_6_7,0.826701316095691,0.000528464107325564,1002.55213427257,FALSE
Ophiura ophiura,10,2018,ITA_10_SAN_2018_57_7_16,0.328843523097969,0.000309895694802408,966.793751596454,FALSE
Leptometra phalangium,6,2014,ESP_6_MOL_2014_136_5_27,0.689569834413247,0.000389777734978654,961.728415941401,FALSE
Glossanodon leioglossus,6,2020,ESP_6_MOL_2020_35_6_6,2.33304898604682,0.000917810349368971,953.222784857989,FALSE
Meganyctiphanes norvegica,6,2001,ESP_6_COR_2001_98_6_7,1.04345769524639,0.000994311173877226,953.096467260706,FALSE
Eusergestes arcticus,1,1999,ESP_1_COR_1999_21_5_9,0.617268521853854,0.000463006562747622,942.766097569505,FALSE
Alepocephalus rostratus,6,2005,ESP_6_COR_2005_60_5_23,0.693987873475053,0.000397009197379739,934.379285536123,FALSE
Microcosmus vulgaris,6,2016,ESP_6_MOL_2016_172_6_4,3.54462051709758,0.001563303507148,909.837082954512,FALSE
Leptometra phalangium,6,2021,ESP_6_MOL_2021_128_5_27,0.63223368526457,0.000389777734978654,898.373686098907,FALSE
Crystallogobius linearis,6,1999,ESP_6_COR_1999_108_6_1,0.0207464467752932,0.000142795871678836,896.650416329294,FALSE
Glossanodon leioglossus,6,2017,ESP_6_MOL_2017_100_5_19,2.08390513573024,0.000917810349368971,891.661286659069,FALSE
Glossanodon leioglossus,6,2017,ESP_6_MOL_2017_105_5_20,2.07788742989244,0.000917810349368971,890.113562387066,FALSE
Eusergestes arcticus,1,2005,ESP_1_COR_2005_8_5_11,0.573689761427671,0.000463006562747622,889.146436905148,FALSE
Glossanodon leioglossus,6,2021,ESP_6_MOL_2021_100_5_21,1.99284625130716,0.000917810349368971,867.911870335475,FALSE
Leptometra phalangium,6,2021,ESP_6_MOL_2021_136_5_28,0.598315972759776,0.000389777734978654,859.839390908158,FALSE
Cyclothone spp.,6,2021,ESP_6_MOL_2021_153_6_1,0.0356389957150178,8.46565365703063e-05,845.978224410759,FALSE
Glossanodon leioglossus,6,2000,ESP_6_COR_2000_87_6_17,1.90096306656869,0.000917810349368971,843.203464781901,FALSE
Pasiphaea sivado,5,2015,ESP_5_MOL_2015_206_6_13,0.640183685729895,0.000528464107325564,823.18106601979,FALSE
Cnidaria,6,2015,ESP_6_MOL_2015_172_6_4,0.820819351492878,0.000662491170317682,821.559193119165,FALSE
Glossanodon leioglossus,6,2005,ESP_6_COR_2005_51_5_21,1.82178559565321,0.000917810349368971,821.275706189437,FALSE
Turritella communis,1,2015,ESP_1_MOL_2015_15_4_26,0.151231096112986,0.000221067794225695,792.837586417861,FALSE
Argentina sphyraena,1,2016,ESP_1_MOL_2016_70_5_10,4.61706719354583,0.001959840267666,770.561916910226,FALSE
Leptometra phalangium,6,2016,ESP_6_MOL_2016_139_5_28,0.518653485351422,0.000389777734978654,766.019001621278,FALSE
Ascidia spp.,6,2013,ESP_6_COR_2013_141_6_12,5.22738157436433,0.00189923456430234,761.196043545915,FALSE
Leptometra phalangium,6,2014,ESP_6_MOL_2014_157_6_1,0.494431033752594,0.000389777734978654,736.513876080045,FALSE
Antedon mediterranea,10,2018,ITA_10_SAN_2018_63_7_18,0.0560759402813666,7.55381127116341e-05,734.309379072369,FALSE
Maurolicus muelleri,5,2009,ESP_5_COR_2009_164_5_20,0.0335988156934942,9.14492933066701e-05,720.626965116489,FALSE
Glossanodon leioglossus,6,2016,ESP_6_MOL_2016_101_5_19,1.46575418025955,0.000917810349368971,714.404210702303,FALSE
Munida intermedia,10,2010,ITA_10_PEC_2010_34_5_30,0.410913872452334,0.000523560209424084,707.497303755867,FALSE
Glossanodon leioglossus,6,2016,ESP_6_MOL_2016_106_5_20,1.390093595368,0.000917810349368971,689.709192263727,FALSE
Leptometra phalangium,6,2013,ESP_6_COR_2013_107_6_5,0.452711393004564,0.000389777734978654,684.556193089777,FALSE
Rhodymeniaceae,6,2015,ESP_6_MOL_2015_73_5_11,7.72639909010853,0.00222402589958408,676.396415940363,FALSE
Plesionika narval,6,2012,ESP_6_COR_2012_90_5_18,0.126327314283114,0.000239463808328515,675.259269012739,FALSE
Leptometra phalangium,6,2017,ESP_6_MOL_2017_166_6_3,0.443124629958555,0.000389777734978654,672.406062614039,FALSE
Aporrhais pespelecani,6,2019,ESP_6_MOL_2019_129_5_30,0.160916175446534,0.000236670699952644,667.600266419969,FALSE
Hymenocephalus italicus,1,2004,ESP_1_COR_2004_10_5_8,0.377801381405689,0.000450685698515458,667.578288834879,FALSE
Aporrhais serresianus,6,1998,ESP_6_COR_1998_37_5_15,0.081760728333407,0.000113668655868144,660.906027566419,FALSE
Munida intermedia,10,2011,ITA_10_PEC_2011_34_6_16,0.379331491468203,0.000523560209424084,660.898118757871,FALSE
Glossanodon leioglossus,6,1995,ESP_6_COR_1995_60_5_9,1.26281301845229,0.000917810349368971,646.346550121171,FALSE
Pasiphaea sivado,5,1998,ESP_5_COR_1998_57_5_20,0.469581452659616,0.000528464107325564,640.267555361533,FALSE
Hyalinoecia tubicola,2,2012,ESP_2_COR_2012_21_5_1,0.216902021998766,0.000354204227073246,638.365308546134,FALSE
Lophogaster typicus,6,2003,ESP_6_COR_2003_45_5_6,0.0295808395042251,0.000140222168002984,622.322404956338,FALSE
Glossanodon leioglossus,6,2016,ESP_6_MOL_2016_167_6_3,1.16635747265637,0.000917810349368971,611.828754813019,FALSE
Munida intermedia,9,2016,ITA_9_SAN_2016_94_6_7,1.61789608792726,0.00147535597900008,608.992300582857,FALSE
Glossanodon leioglossus,6,2021,ESP_6_MOL_2021_147_5_31,1.1343390260196,0.000917810349368971,600.029921600494,FALSE
Turritella spp.,6,1994,ESP_6_COR_1994_47_6_12,0.0577795295381065,8.48442683454519e-05,585.446083247529,FALSE
Munida rutllanti,6,1994,ESP_6_COR_1994_57_6_14,3.11190507697058,0.00197514477811224,582.449767489175,FALSE
Anthozoa,6,2019,ESP_6_MOL_2019_154_6_4,0.101132298479541,0.000185202309135403,581.62152066453,FALSE
Maurolicus muelleri,1,2001,ESP_1_COR_2001_2_5_12,0.621915359863748,0.000675115295152837,581.483942488048,FALSE
Posidonia oceanica,9,2015,ITA_9_LIB_2015_127_7_10,4.4996400287977,0.00256336773201939,577.589780370182,FALSE
Pasiphaea sivado,5,2001,ESP_5_COR_2001_66_5_29,0.414546085775318,0.000528464107325564,576.700435966864,FALSE
Rhodymeniaceae,6,2014,ESP_6_MOL_2014_64_5_12,5.29287226534933,0.00222402589958408,574.213242337019,FALSE
Aphia minuta,1,2004,ESP_1_COR_2004_128_6_3,0.0359703324176707,0.000171122331899122,570.859826210097,FALSE
Munida rutllanti,6,1998,ESP_6_COR_1998_77_5_28,2.97519251530722,0.00197514477811224,568.500944214869,FALSE
Leptometra phalangium,6,2021,ESP_6_MOL_2021_129_5_27,0.362783477321814,0.000389777734978654,567.291068893018,FALSE
Meganyctiphanes norvegica,6,2004,ESP_6_COR_2004_83_5_23,0.528784285294955,0.000994311173877226,565.566644520172,FALSE
Calliostoma granulatum,9,2015,ITA_9_LIB_2015_63_7_16,0.105254737515736,0.000189986207001372,550.968523437033,FALSE
Crystallogobius linearis,6,1999,ESP_6_COR_1999_112_6_2,0.0126151222048086,0.000142795871678836,544.964127969529,FALSE
Blennius ocellaris,6,2007,ESP_6_COR_2007_78_6_6,5.58523817503053,0.00379556811557159,542.461939855346,FALSE
Polycarpa pomaria,1,2013,ESP_1_COR_2013_45_5_20,0.480193465897586,0.000624709510077814,539.830857819025,FALSE
Pasiphaea sivado,9,2021,ITA_9_SAN_2021_67_9_20,577.209372771972,0.00880709463308738,533.109204862263,FALSE
Glossanodon leioglossus,6,2021,ESP_6_MOL_2021_127_5_27,0.953111071285737,0.000917810349368971,529.7182981006,FALSE
Ceratoscopelus maderensis,9,2019,ITA_9_SAN_2019_66_6_15,0.595086191673553,0.000923763595937117,514.390677943859,FALSE
Hygophum benoiti,10,2018,ITA_10_SAN_2018_43_7_14,0.208947865511047,0.000343643470574659,506.086015593069,FALSE
Paguristes eremita,6,2000,ESP_6_COR_2000_78_6_13,0.604609543157029,0.000867400487479074,501.516511077636,FALSE
Plesionika edwardsii,2,2017,ESP_2_MOL_2017_33_5_1,2.52452853327914,0.00192995892956576,497.882847729957,FALSE
Munida intermedia,9,2012,ITA_9_LIB_2012_94_6_27,1.18030310183655,0.00147535597900008,493.070373729801,FALSE
Munida intermedia,9,2010,ITA_9_LIB_2010_1_6_5,1.1779319797824,0.00147535597900008,492.380756039974,FALSE
Ascidiidae,6,2017,ESP_6_MOL_2017_171_6_4,0.685147727671316,0.000851621669465536,490.094227958423,FALSE
Pagurus prideaux,6,1997,ESP_6_COR_1997_86_5_31,5.08255045660977,0.00286728864774256,484.419438744383,FALSE
Plesionika narval,6,2011,ESP_6_COR_2011_61_5_22,0.0887502964259901,0.000239463808328515,482.266219341663,FALSE
Alepocephalus rostratus,6,1996,ESP_6_COR_1996_105_5_27,0.312777251469903,0.000397009197379739,482.098432807304,FALSE
Scaphander lignarius,7,2015,FRA_7_LEU_2015_32_6_5,0.277146814404432,0.000410982391809058,476.848611656516,FALSE
Spatangus purpureus,6,2021,ESP_6_MOL_2021_73_5_15,3.07707544863744,0.00256461649542906,469.581644686656,FALSE
Gracilechinus acutus,9,2021,ITA_9_SAN_2021_95_8_24,0.49991590920663,0.000663626876357591,468.620843916576,FALSE
Munida intermedia,9,2013,ITA_9_LIB_2013_7_7_21,1.09320339830085,0.00147535597900008,467.232453890942,FALSE
Myctophum punctatum,10,2018,ITA_10_SAN_2018_44_7_14,0.153781659034255,0.000332815442257493,465.959736665769,FALSE
Chlorotocus crassicornis,10,2010,ITA_10_PEC_2010_22_6_2,1.28876760235613,0.00182547067196769,454.492054665814,FALSE
Leptometra phalangium,6,2021,ESP_6_MOL_2021_126_5_27,0.276040092958366,0.000389777734978654,446.603139130722,FALSE
Macroramphosus scolopax,1,2001,ESP_1_COR_2001_40_5_22,2.14613908837828,0.00206381905430098,444.35952389625,FALSE
Ceratoscopelus maderensis,6,2013,ESP_6_COR_2013_81_5_29,0.172122925813625,0.000357414484055608,442.265617939176,FALSE
Eusergestes arcticus,1,2004,ESP_1_COR_2004_6_5_7,0.252902563959137,0.000463006562747622,441.667920551686,FALSE
Macroramphosus scolopax,1,2018,ESP_1_MOL_2018_65_5_13,2.10886637150659,0.00206381905430098,439.730775615371,FALSE
Pagurus excavatus,9,2016,ITA_9_SAN_2016_20_6_12,0.960457271364318,0.00188162189786406,436.446474274215,FALSE
Myctophum punctatum,1,2000,ESP_1_COR_2000_3_5_22,0.117109956995198,0.00029769463113498,432.087324916421,FALSE
Spatangus purpureus,6,2018,ESP_6_MOL_2018_163_6_7,2.63489924664666,0.00256461649542906,431.153806795929,FALSE
Aphia minuta,1,2004,ESP_1_COR_2004_4_5_7,0.0264681589026129,0.000171122331899122,421.283021640745,FALSE
Glossanodon leioglossus,6,2013,ESP_6_COR_2013_74_5_28,0.699517157478361,0.000917810349368971,419.513071991284,FALSE
Glossanodon leioglossus,6,2018,ESP_6_MOL_2018_116_5_26,0.697070456939199,0.000917810349368971,418.371488588666,FALSE
Typton spongicola,5,2016,ESP_5_MOL_2016_192_6_11,0.0507026601311693,0.00042577933798466,416.567027392814,FALSE
Leptometra phalangium,6,2021,ESP_6_MOL_2021_160_6_3,0.255054022512517,0.000389777734978654,416.172287071844,FALSE
Funiculina quadrangularis,6,2018,ESP_6_MOL_2018_93_5_21,1.11848117816316,0.00125884529554254,415.125387329014,FALSE
Ophiothrix fragilis,7,2013,FRA_7_LEU_2013_43_6_9,0.0246421834650304,6.11565934962001e-05,414.350874412933,FALSE
Antedon spp.,7,2014,FRA_7_LEU_2014_27_6_6,0.107967872885849,0.000203592272542189,414.286251648201,FALSE
Glossanodon leioglossus,6,2020,ESP_6_MOL_2020_33_6_5,0.686835768623621,0.000917810349368971,413.578270374212,FALSE
Isidella elongata,8,2015,FRA_8_LEU_2015_21_5_30,0.526655010122361,0.000698522504468135,412.599914201567,FALSE
Leptometra phalangium,6,2019,ESP_6_MOL_2019_133_5_31,0.251536451989218,0.000389777734978654,411.021886095424,FALSE
Symbolophorus veranyi,1,1994,ESP_1_COR_1994_18_6_1,0.206725974213901,0.000390408806983971,410.026967526774,FALSE
Maurolicus muelleri,1,1999,ESP_1_COR_1999_1_5_4,0.404237869848986,0.000675115295152837,407.962048261872,FALSE
Paguristes eremita,6,1995,ESP_6_COR_1995_90_5_18,0.467142857142857,0.000867400487479074,406.354784791277,FALSE
Macropodia linaresi,1,2019,ESP_1_MOL_2019_54_5_10,0.0182053076148634,0.000240283534570794,406.321937813572,FALSE
Umbraculum umbraculum,11,2019,ITA_11_GIS_2019_12_6_5,3.13695965869879,0.00323695945480721,401.677713203214,FALSE
Glossanodon leioglossus,6,2021,ESP_6_MOL_2021_161_6_3,0.661558033623838,0.000917810349368971,401.614186404781,FALSE
Eusergestes arcticus,6,2021,ESP_6_MOL_2021_158_6_2,0.317816380049963,0.000587181131286655,400.357143497451,FALSE
Munida intermedia,9,2016,ITA_9_SAN_2016_83_5_25,0.875935658544354,0.00147535597900008,397.778278356215,FALSE
Microcosmus sabatieri,8,2001,FRA_8_LEU_2001_17_6_7,0.238689675985624,0.0008471435378832,396.809990437909,FALSE
Leptopentacta elongata,7,2012,FRA_7_LEU_2012_49_6_10,0.770512609540238,0.00114538327112666,395.054674888129,FALSE
Benthosema glaciale,5,2021,ESP_5_MOL_2021_240_8_18,0.0394372581772033,0.000127593605585705,395.03466808563,FALSE
Turritella spp.,6,2014,ESP_6_MOL_2014_121_5_24,0.0385683431039803,8.48442683454519e-05,394.127564675559,FALSE
Suberites domuncula,11,2021,ITA_11_GIS_2021_40_8_30,6.19874962364734,0.00416850247213445,388.302724499118,FALSE
Argentina sphyraena,6,1997,ESP_6_COR_1997_58_5_25,5.73681250893386,0.00460240203740297,386.038850946349,FALSE
Leptometra phalangium,6,2018,ESP_6_MOL_2018_158_6_6,0.233962539145577,0.000389777734978654,385.071522772953,FALSE
Veretillum cynomorium,7,2013,FRA_7_LEU_2013_53_6_13,0.25894528437725,0.00051190777713353,384.779221835061,FALSE
Plesionika narval,5,2014,ESP_5_MOL_2014_190_6_10,0.0383169645903153,0.000182222794442916,383.765961893088,FALSE
Munida tenuimana,5,2007,ESP_5_COR_2007_147_6_24,0.42019362891637,0.000838416622261638,383.488230931926,FALSE
Meganyctiphanes norvegica,6,2021,ESP_6_MOL_2021_98_5_20,0.330432787342828,0.000994311173877226,379.970739125391,FALSE
Alpheus glaber,6,2005,ESP_6_COR_2005_104_6_2,0.119396866406653,0.000349524419027886,373.406367557946,FALSE
Munida intermedia,6,2011,ESP_6_COR_2011_41_5_17,2.52316263297067,0.00261143576738491,373.373320886428,FALSE
Eusergestes arcticus,6,2021,ESP_6_MOL_2021_154_6_1,0.293348728274593,0.000587181131286655,373.11122214001,FALSE
Munida intermedia,9,2017,ITA_9_SAN_2017_94_10_9,0.798896457693107,0.00147535597900008,371.201459684284,FALSE
Leptopentacta elongata,6,2016,ESP_6_MOL_2016_132_5_26,0.0428090247069228,0.000137130194148929,370.261973277268,FALSE
Microcosmus spp.,11,2013,ITA_11_GIS_2013_48_7_12,12.688460964323,0.00605812416617455,364.964060558162,FALSE
Microcosmus spp.,11,2014,ITA_11_GIS_2014_39_8_1,12.4021328293737,0.00605812416617455,362.008663429652,FALSE
Cyclothone braueri,6,2001,ESP_6_COR_2001_107_6_10,0.00848604213349243,6.95716656496288e-05,360.776579383735,FALSE
Glossanodon leioglossus,6,2019,ESP_6_MOL_2019_160_6_6,0.57731938953874,0.000917810349368971,360.386934699695,FALSE
Plesionika antigai,6,2006,ESP_6_COR_2006_54_5_18,0.227458930413026,0.000642946443525674,359.539632152366,FALSE
Rhodymeniaceae,6,2015,ESP_6_MOL_2015_75_5_12,2.11948228112813,0.00222402589958408,354.882016975388,FALSE
Ocnus planci,1,2018,ESP_1_MOL_2018_14_4_30,0.178777644097197,0.000372647705089385,353.751702130153,FALSE
Eusergestes arcticus,6,2004,ESP_6_COR_2004_38_5_14,0.275503324950488,0.000587181131286655,352.912444348922,FALSE
Spatangus purpureus,6,2021,ESP_6_MOL_2021_171_6_5,1.85342315471905,0.00256461649542906,350.125598086455,FALSE
Petrosia ficiformis,5,2019,ESP_5_MOL_2019_191_6_16,0.444930921124884,0.000934796577541916,348.632773628017,FALSE
Leptometra phalangium,6,2013,ESP_6_COR_2013_136_6_11,0.209027722226666,0.000389777734978654,347.610394110904,FALSE
Spicara smaris,9,2000,ITA_9_FRP_2000_150_6_13,14.9788949055242,0.00758445968299515,346.143049295968,FALSE
Shell drebis,10,2012,ITA_10_PEC_2012_49_6_18,0.180549047876494,0.000526273687578678,342.824952747598,FALSE
Lesueurigobius friesii,9,2009,ITA_9_LIB_2009_64_6_11,0.519693407514151,0.00114512214957684,339.494944341408,FALSE
Munida intermedia,9,2011,ITA_9_LIB_2011_144_6_18,0.711109479892232,0.00147535597900008,339.492797571563,FALSE
Plesionika edwardsii,9,2002,ITA_9_FRP_2002_7_8_8,1.79472821661447,0.00228562233839279,339.289013401491,FALSE
Plesionika edwardsii,9,1997,ITA_9_FRP_1997_37_7_20,1.79454033271622,0.00228562233839279,339.266769082927,FALSE
Eusergestes arcticus,5,2021,ESP_5_MOL_2021_202_6_15,0.139471870742542,0.000385974013141643,334.399539704747,FALSE
Alepocephalus rostratus,6,1999,ESP_6_COR_1999_115_6_3,0.20722433460076,0.000397009197379739,333.394328483052,FALSE
Ebalia tuberosa,5,2016,ESP_5_MOL_2016_183_6_9,0.0284252028308773,0.000363030337951621,332.605300901422,FALSE
Glossanodon leioglossus,1,2019,ESP_1_MOL_2019_49_5_9,0.0844800754969711,0.000221288935053292,332.123955511781,FALSE
Plesionika narval,6,2016,ESP_6_MOL_2016_105_5_20,0.0603718577134104,0.000239463808328515,332.049151777271,FALSE
Glossanodon leioglossus,6,2011,ESP_6_COR_2011_60_5_22,0.521881532892022,0.000917810349368971,332.035659307275,FALSE
Osmundaria volubilis,6,2017,ESP_6_MOL_2017_77_5_14,0.0701398218639598,0.000157764477355867,330.555114336761,FALSE
Ascidiidae,6,2014,ESP_6_MOL_2014_64_5_12,0.420915666901905,0.000851621669465536,329.66024877232,FALSE
Funiculina quadrangularis,6,2016,ESP_6_MOL_2016_95_5_17,0.810540252526884,0.00125884529554254,328.119971627829,FALSE
Ethusa mascarone,5,2017,ESP_5_MOL_2017_219_6_18,0.008975138865343,0.000331541417134707,325.764694057921,FALSE
Ascidiidae,6,2014,ESP_6_MOL_2014_66_5_13,0.414919672879738,0.000851621669465536,325.682374581155,FALSE
Anseropoda placenta,11,2013,ITA_11_GIS_2013_25_7_5,0.238491946813029,0.0006050753722222,325.191887700367,FALSE
Spicara smaris,6,2019,ESP_6_MOL_2019_72_5_16,25.7289242684768,0.0090603906711984,324.55690939441,FALSE
Glossanodon leioglossus,6,2019,ESP_6_MOL_2019_100_5_23,0.499095066053202,0.000917810349368971,320.081819248041,FALSE
Hyalinoecia tubicola,7,2013,FRA_7_LEU_2013_67_6_16,0.162724250374415,0.000470933956221979,318.493892893043,FALSE
Eusergestes arcticus,5,2019,ESP_5_MOL_2019_202_6_18,0.131387463226028,0.000385974013141643,316.109502582111,FALSE
Ceratoscopelus maderensis,10,2018,ITA_10_SAN_2018_14_7_9,0.186026822553853,0.000497164595729085,315.157823176736,FALSE
Antedon spp.,7,2015,FRA_7_LEU_2015_41_6_8,0.081052093877174,0.000203592272542189,314.715441977812,FALSE
Cerianthus membranaceus,1,2019,ESP_1_MOL_2019_24_5_3,0.171338808338848,0.000685480823682828,314.680369205305,FALSE
Centracanthus cirrus,10,1998,ITA_10_SAN_1998_104_6_1,9.97219250322761,0.00697548087681756,314.249079600393,FALSE
Shell drebis,11,2013,ITA_11_GIS_2013_20_7_5,0.224622030237581,0.000589302972444193,313.373805704841,FALSE
Glossanodon leioglossus,6,2009,ESP_6_COR_2009_119_5_7,0.485787882311258,0.000917810349368971,313.016507966562,FALSE
Pagurus prideaux,1,2011,ESP_1_COR_2011_8_5_7,3.958284954295,0.00411366247520472,311.480328840224,FALSE
Leptometra phalangium,6,2019,ESP_6_MOL_2019_132_5_31,0.183941328649752,0.000389777734978654,309.133643484671,FALSE
Munida rutllanti,6,2012,ESP_6_COR_2012_107_5_22,1.1166253101737,0.00197514477811224,308.506869389538,FALSE
Leptopentacta elongata,7,2012,FRA_7_LEU_2012_48_6_10,0.562061590463798,0.00114538327112666,308.256793463399,FALSE
Eusergestes arcticus,5,2008,ESP_5_COR_2008_86_5_26,0.127495627855599,0.000385974013141643,307.258021935872,FALSE
Serpulidae,7,2015,FRA_7_LEU_2015_54_6_12,15.4838617970927,0.00658544616397761,305.981665088742,FALSE
Spatangus purpureus,6,2017,ESP_6_MOL_2017_171_6_4,1.4977376094658,0.00256461649542906,305.560114231644,FALSE
Glossanodon leioglossus,6,2021,ESP_6_MOL_2021_136_5_28,0.471817631668658,0.000917810349368971,305.530733206606,FALSE
Rhodymeniaceae,6,2014,ESP_6_MOL_2014_66_5_13,1.66050894599195,0.00222402589958408,305.140011263508,FALSE
Meganyctiphanes norvegica,6,2012,ESP_6_COR_2012_66_5_13,0.257753520471227,0.000994311173877226,304.944861750117,FALSE
Xenophora crispa,1,2002,ESP_1_COR_2002_9_5_13,0.39519867106074,0.000917730737617965,302.433177327808,FALSE
Holothuria tubulosa,9,2023,ITA_9_SAN_2023_127_10_4,2.50716332378224,0.00404093820340901,301.991401406647,FALSE
Macroramphosus scolopax,1,2010,ESP_1_COR_2010_19_5_21,1.16602557399092,0.00206381905430098,299.381496009919,FALSE
Maurolicus muelleri,6,2003,ESP_6_COR_2003_53_5_7,0.196859431859756,0.000528268476867673,298.35370003573,FALSE
Abralia veranyi,6,2017,ESP_6_MOL_2017_75_5_13,0.326970328703776,0.000804640536028219,296.421288364795,FALSE
Meganyctiphanes norvegica,10,2013,ITA_10_PEC_2013_22_7_1,5.59097182068879,0.00537004352366576,293.76925527302,FALSE
Xenophora crispa,6,2014,ESP_6_MOL_2014_153_5_31,0.37267606826748,0.000872529846171111,292.951500264332,FALSE
Aporrhais serresianus,6,1998,ESP_6_COR_1998_45_5_18,0.0353767394514551,0.000113668655868144,291.826955820036,FALSE
Laurencia chondrioides,5,2016,ESP_5_MOL_2016_183_6_9,0.0566230040391076,0.000163623273774462,289.416596671924,FALSE
Plesionika edwardsii,5,2019,ESP_5_MOL_2019_202_6_18,0.445701118346858,0.00097419624149752,287.496868527546,FALSE
Eusergestes arcticus,6,2005,ESP_6_COR_2005_50_5_21,0.219095393447846,0.000587181131286655,287.155088018033,FALSE
Pasiphaea sivado,5,2013,ESP_5_COR_2013_149_6_16,0.188595701541635,0.000528464107325564,286.858038304298,FALSE
Munida rutllanti,6,1995,ESP_6_COR_1995_57_5_8,1.00299645190005,0.00197514477811224,285.744266086285,FALSE
Veretillum cynomorium,7,2012,FRA_7_LEU_2012_39_6_8,0.18583635396062,0.00051190777713353,284.589703699113,FALSE
Leptometra phalangium,6,2015,ESP_6_MOL_2015_158_5_31,0.168154006142833,0.000389777734978654,284.499276292989,FALSE
Ophioderma longicauda,11,2013,ITA_11_GIS_2013_21_7_5,0.123650606964338,0.000502157850676157,283.216976854806,FALSE
Alcyonium palmatum,1,2014,ESP_1_MOL_2014_18_4_29,0.304259838773445,0.000671461955675228,282.649370745411,FALSE
Crystallogobius linearis,5,2013,ESP_5_COR_2013_159_6_18,0.1411469475947,0.000446179265655969,281.971786277535,FALSE
Eusergestes arcticus,9,2015,ITA_9_LIB_2015_82_7_21,0.787065677482523,0.00161162749267604,281.174493247511,FALSE
Lophogaster typicus,6,2006,ESP_6_COR_2006_64_5_21,0.0132206102355356,0.000140222168002984,278.727324857046,FALSE
Leptopentacta elongata,6,2017,ESP_6_MOL_2017_130_5_26,0.032066400205225,0.000137130194148929,278.49568083053,FALSE
Epizoanthus spp.,6,2018,ESP_6_MOL_2018_118_5_27,0.0189705237782161,6.49109057347048e-05,278.310835212148,FALSE
Eusergestes arcticus,6,2020,ESP_6_MOL_2020_36_6_6,0.211282560619354,0.000587181131286655,277.808199971502,FALSE
Eusergestes arcticus,5,1999,ESP_5_COR_1999_60_5_20,0.113670986498129,0.000385974013141643,275.566724042386,FALSE
Glossanodon leioglossus,6,2016,ESP_6_MOL_2016_169_6_3,0.416899769384527,0.000917810349368971,275.398558927129,FALSE
Pagurus excavatus,9,2013,ITA_9_LIB_2013_21_7_22,0.528381642512077,0.00188162189786406,274.578922777772,FALSE
Heteroteuthis dispar,5,2007,ESP_5_COR_2007_145_6_23,0.04272527100271,0.000206918608590135,273.139878188646,FALSE
Cidaris cidaris,7,2014,FRA_7_LEU_2014_34_6_9,0.632458890172139,0.00164298036638462,272.119213602156,FALSE
Chimaera monstrosa,6,2021,ESP_6_MOL_2021_78_5_16,0.261140819964349,0.000810618120733268,271.927645062527,FALSE
Argentina sphyraena,6,2021,ESP_6_MOL_2021_109_5_23,2.82851223080811,0.00460240203740297,271.401320597831,FALSE
Plesionika narval,9,2008,ITA_9_LIB_2008_107_5_14,0.331402713684493,0.000985151571302071,269.578865852413,FALSE
Lepidopus caudatus,7,1994,FRA_7_LEU_1994_19_5_23,3.75732953246022,0.00555182361603847,269.55014609107,FALSE
Plesionika edwardsii,5,2020,ESP_5_MOL_2020_61_6_13,0.409862582845299,0.00097419624149752,267.865780064984,FALSE
Pleurobranchaea meckeli,1,2002,ESP_1_COR_2002_1_5_11,0.339200752573403,0.000890946815870772,267.665241897275,FALSE
Serpulidae,7,2014,FRA_7_LEU_2014_67_6_18,10.6055599157338,0.00658544616397761,267.578515977546,FALSE
Leptometra phalangium,6,2017,ESP_6_MOL_2017_145_5_29,0.157429021225775,0.000389777734978654,267.57347460932,FALSE
Sepietta spp.,1,1995,ESP_1_COR_1995_22_4_27,0.0748119386390091,0.000665852221072788,267.097578053494,FALSE
Leptopentacta elongata,6,2012,ESP_6_COR_2012_94_5_20,0.0305847872595724,0.000137130194148929,265.764461979138,FALSE
Brissopsis atlantica mediterranea,1,2017,ESP_1_MOL_2017_36_5_2,0.0764042625938101,0.000277109451128481,264.852479115126,FALSE
Antedon mediterranea,10,2018,ITA_10_SAN_2018_62_7_18,0.0198428446702119,7.55381127116341e-05,263.792934333486,FALSE
Meganyctiphanes norvegica,6,2001,ESP_6_COR_2001_108_6_10,0.219519988811665,0.000994311173877226,263.717377850568,FALSE
Thenea muricata,5,2017,ESP_5_MOL_2017_199_6_13,0.053064373482867,0.000144856682419831,263.577423004389,FALSE
Chlorophthalmus agassizi,9,2023,ITA_9_SAN_2023_4_11_1,5.33395136813658,0.0053678494308144,262.846099041751,FALSE
Maurolicus muelleri,5,1997,ESP_5_COR_1997_56_5_24,0.0121788003534025,9.14492933066701e-05,262.703448545964,FALSE
Sergestidae,10,2016,ITA_10_PEC_2016_68_9_8,0.0484233411106316,0.000369121863516158,260.898695560636,FALSE
Alepocephalus rostratus,6,2006,ESP_6_COR_2006_65_5_21,0.158632286995516,0.000397009197379739,260.509486948578,FALSE
Polycarpa spp.,6,2019,ESP_6_MOL_2019_73_5_17,0.335351025934251,0.00108618342567751,257.730961655786,FALSE
Glossanodon leioglossus,6,2020,ESP_6_MOL_2020_15_6_1,0.384842876371968,0.000917810349368971,257.265055663801,FALSE
Macroramphosus scolopax,1,1999,ESP_1_COR_1999_10_5_6,0.941089118217467,0.00206381905430098,256.796867022283,FALSE
Turritella spp.,6,2019,ESP_6_MOL_2019_129_5_30,0.0248825728846487,8.48442683454519e-05,255.664006875868,FALSE
Meganyctiphanes norvegica,5,2009,ESP_5_COR_2009_147_5_15,0.087809366006894,0.000707695577402596,255.079454219091,FALSE
Lepidopus caudatus,6,2007,ESP_6_COR_2007_68_6_4,9.99430786346039,0.0080437185897117,254.444118554217,FALSE
Philine aperta,5,2014,ESP_5_MOL_2014_196_6_11,0.0125087678279168,6.74349758245612e-05,254.430563941009,FALSE
Lepidopus caudatus,6,1997,ESP_6_COR_1997_43_5_21,9.80852549817418,0.0080437185897117,252.629264221651,FALSE
Leptometra phalangium,6,2013,ESP_6_COR_2013_49_5_22,0.147936219053568,0.000389777734978654,252.46089949448,FALSE
Argentina sphyraena,6,1994,ESP_6_COR_1994_51_6_13,2.47185376487855,0.00460240203740297,251.5642683205,FALSE
Stylocidaris affinis,11,2012,ITA_11_GIS_2012_94_7_11,2.56769878088251,0.00393400703203757,250.81064892881,FALSE
Benthosema glaciale,1,1997,ESP_1_COR_1997_15_5_13,0.056057885115051,0.00020348813168964,250.499541677955,FALSE
Argentina sphyraena,9,2016,ITA_9_SAN_2016_75_5_27,10.9551085893676,0.00859354388572974,250.319700812885,FALSE
Argentina sphyraena,6,1998,ESP_6_COR_1998_77_5_28,2.4419494042813,0.00460240203740297,249.809403896671,FALSE
Lepidopus caudatus,6,2014,ESP_6_MOL_2014_67_5_13,9.514130583291,0.0080437185897117,249.68852638869,FALSE
Maurolicus muelleri,5,2015,ESP_5_MOL_2015_218_6_16,0.0115466479927414,9.14492933066701e-05,249.042341126175,FALSE
Desmacella annexa,5,2019,ESP_5_MOL_2019_197_6_17,0.0355968908310453,0.000113914677906248,247.229814333308,FALSE
Epigonus denticulatus,2,2014,ESP_2_MOL_2014_29_5_2,10.3534582991732,0.00745642831909101,246.325510186328,FALSE
Veretillum spp.,7,2013,FRA_7_LEU_2013_61_6_14,0.408102758181676,0.00114713371834393,246.312940053209,FALSE
Solenocera membranacea,8,2003,FRA_8_LEU_2003_2_6_3,0.156391227819799,0.000642846826083937,246.124466971765,FALSE
Glossanodon leioglossus,6,2000,ESP_6_COR_2000_88_6_17,0.365304857318453,0.000917810349368971,246.006015037156,FALSE
Gnathophis mystax,9,2023,ITA_9_SAN_2023_27_10_22,2.11416985856816,0.005608658057488,245.743917140029,FALSE
Epigonus denticulatus,2,2007,ESP_2_COR_2007_25_5_24,10.2721125212485,0.00745642831909101,245.59422663857,FALSE
Spicara smaris,6,2007,ESP_6_COR_2007_46_5_30,10.7209976588324,0.0090603906711984,242.904339492052,FALSE
Plesionika narval,6,2005,ESP_6_COR_2005_70_5_25,0.0438680036619894,0.000239463808328515,242.828441685742,FALSE
Pagurus prideaux,1,2016,ESP_1_MOL_2016_8_4_25,2.48300604229607,0.00411366247520472,242.596912145782,FALSE
Eusergestes arcticus,1,1997,ESP_1_COR_1997_27_5_17,0.131419520409236,0.000463006562747622,241.465057028287,FALSE
Maurolicus muelleri,1,1997,ESP_1_COR_1997_11_5_12,0.222368044533514,0.000675115295152837,240.952163148112,FALSE
Leptometra phalangium,6,2020,ESP_6_MOL_2020_8_5_31,0.140535023308248,0.000389777734978654,240.591212311889,FALSE
Munida intermedia,10,2013,ITA_10_PEC_2013_34_7_4,0.12455161418892,0.000523560209424084,240.545248940867,FALSE
Pagurus prideaux,6,2011,ESP_6_COR_2011_36_5_16,1.44694306808396,0.00286728864774256,239.709334121671,FALSE
Pasiphaea sivado,11,2002,ITA_11_NUS_2002_39_7_26,6.9071117157762,0.00714758322699517,239.365838300101,FALSE
Eusergestes arcticus,5,2013,ESP_5_COR_2013_149_6_16,0.0978149416158938,0.000385974013141643,238.730685695921,FALSE
Nemertesia ramosa,1,2016,ESP_1_MOL_2016_42_5_3,0.0403967181785232,0.00013064090865327,238.025711092969,FALSE
Maurolicus muelleri,6,2004,ESP_6_COR_2004_47_5_16,0.154179091758442,0.000528268476867673,237.888562263585,FALSE
Mora moro,9,1998,ITA_9_FRP_1998_72_6_25,0.0827230556398079,0.000355596987478164,237.683349765907,FALSE
Scorpaena notata,6,2009,ESP_6_COR_2009_60_4_23,4.9907310303494,0.00768043931420204,233.959116264073,FALSE
Crystallogobius linearis,6,1999,ESP_6_COR_1999_114_6_2,0.00546333813549613,0.000142795871678836,233.301592060217,FALSE
Glossanodon leioglossus,6,2011,ESP_6_COR_2011_104_6_2,0.34182382986794,0.000917810349368971,232.259625021385,FALSE
Spicara smaris,6,2018,ESP_6_MOL_2018_68_5_15,9.51365204066118,0.0090603906711984,232.136976824548,FALSE
Polycarpa spp.,6,2019,ESP_6_MOL_2019_72_5_16,0.296898462175737,0.00108618342567751,231.593132892636,FALSE
Thenea muricata,5,2019,ESP_5_MOL_2019_197_6_17,0.0463668355311497,0.000144856682419831,230.960397148804,FALSE
Glossanodon leioglossus,6,2021,ESP_6_MOL_2021_162_6_3,0.339039627642658,0.000917810349368971,230.613753948755,FALSE
Hyalinoecia tubicola,7,2013,FRA_7_LEU_2013_46_6_10,0.115422335992296,0.000470933956221979,230.481003870576,FALSE
Liocarcinus depurator,9,1996,ITA_9_FRP_1996_122_6_24,2.59226092284489,0.0047570487608178,230.30270517965,FALSE
Spicara smaris,6,2017,ESP_6_MOL_2017_73_5_13,9.25145504794692,0.0090603906711984,229.63549559088,FALSE
Munida intermedia,10,2012,ITA_10_PEC_2012_34_6_28,0.118519667800146,0.000523560209424084,229.474608518502,FALSE
Munida rutllanti,1,1997,ESP_1_COR_1997_33_5_19,0.233580052263537,0.000820527383704031,229.144114149926,FALSE
Posidonia oceanica,9,2020,ITA_9_SAN_2020_149_10_17,0.96700576335435,0.00256336773201939,228.695640840789,FALSE
Hoplostethus mediterraneus mediterraneus,2,2009,ESP_2_COR_2009_24_4_13,3.64120926191826,0.00540692262109687,227.624763385299,FALSE
Pasiphaea sivado,1,2005,ESP_1_COR_2005_12_5_12,2.54790429332951,0.00399127231484991,227.264656401006,FALSE
Epizoanthus spp.,6,2018,ESP_6_MOL_2018_120_5_28,0.0154198343554909,6.49109057347048e-05,226.436870739619,FALSE
Glossanodon leioglossus,6,2021,ESP_6_MOL_2021_78_5_16,0.331825374574311,0.000917810349368971,226.333100532813,FALSE
Spicara smaris,6,2017,ESP_6_MOL_2017_72_5_12,8.7606010592402,0.0090603906711984,224.775584051586,FALSE
Haliclona spp.,5,2019,ESP_5_MOL_2019_211_6_21,0.714317708064155,0.00197953164281331,223.996712077045,FALSE
Alcyonium palmatum,7,2014,FRA_7_LEU_2014_44_6_12,0.280277043077196,0.000961367128846403,223.64083614083,FALSE
Luidia sarsii,5,2014,ESP_5_MOL_2014_194_6_11,0.159611231101512,0.000571121413693476,223.023478574215,FALSE
Plesionika narval,6,2012,ESP_6_COR_2012_67_5_13,0.0399968002559795,0.000239463808328515,221.696296288101,FALSE
Plesionika narval,6,2015,ESP_6_MOL_2015_126_5_24,0.039603605691388,0.000239463808328515,219.545524871241,FALSE
Lepidopus caudatus,7,1994,FRA_7_LEU_1994_38_5_30,2.55152555972688,0.00555182361603847,218.852338358328,FALSE
Leptometra phalangium,6,2017,ESP_6_MOL_2017_138_5_28,0.127045825720282,0.000389777734978654,218.758394695216,FALSE
Hyalinoecia tubicola,7,2013,FRA_7_LEU_2013_75_6_20,0.1091829670947,0.000470933956221979,218.593911523385,FALSE
Annelida,7,2013,FRA_7_LEU_2013_59_6_14,0.0179721040815753,7.44605107840905e-05,217.666278713612,FALSE
Spicara smaris,9,1998,ITA_9_FRP_1998_150_6_4,4.67389973435826,0.00758445968299515,216.464680885961,FALSE
Calocaris macandreae,9,2012,ITA_9_LIB_2012_52_7_1,0.0565449803761098,0.000278365250425251,216.256781226533,FALSE
Alpheus glaber,6,1995,ESP_6_COR_1995_83_5_16,0.0676496703943436,0.000349524419027886,216.225906540354,FALSE
Spicara smaris,9,1994,ITA_9_FRP_1994_93_6_2,4.65684044238405,0.00758445968299515,216.08754685041,FALSE
Serpulidae,7,2012,FRA_7_LEU_2012_39_6_8,6.12352273754179,0.00658544616397761,214.161548540586,FALSE
Shell drebis,10,2013,ITA_10_PEC_2013_54_6_27,0.10918251999429,0.000526273687578678,213.62059078044,FALSE
Mora moro,11,2013,ITA_11_GIS_2013_28_7_8,1.74250053908811,0.00394167221891038,213.567038641416,FALSE
Plesionika edwardsii,9,2017,ITA_9_SAN_2017_77_9_28,0.908447625071181,0.00228562233839279,213.081234362744,FALSE
Leptogorgia sarmentosa,1,2019,ESP_1_MOL_2019_54_5_10,0.0573796201451599,0.000247791421712321,213.07358840619,FALSE
Eurynome aspera,5,2020,ESP_5_MOL_2020_80_6_17,0.154681863878075,0.000718949961833658,212.211831196315,FALSE
Ergasticus clouei,1,2006,ESP_1_COR_2006_32_5_12,0.0107880609478839,0.000121385492958288,211.63501988169,FALSE
Porifera,6,2016,ESP_6_MOL_2016_126_5_24,0.231802519968412,0.00076745129425179,211.456506302814,FALSE
Glossanodon leioglossus,7,2017,FRA_7_LEU_2017_45_6_11,6.21103793477176,0.00680210580675902,211.090203854555,FALSE
Microcosmus spp.,11,2021,ITA_11_GIS_2021_40_8_30,3.5421426420842,0.00605812416617455,210.737040851968,FALSE
Spicara smaris,6,2000,ESP_6_COR_2000_40_6_2,7.36911165831656,0.0090603906711984,209.541210911757,FALSE
Munida intermedia,9,2010,ITA_9_LIB_2010_94_5_20,0.392038994812017,0.00147535597900008,208.699129462053,FALSE
Leptopentacta elongata,7,2014,FRA_7_LEU_2014_70_6_19,0.352985119868271,0.00114538327112666,208.687920356834,FALSE
Munida intermedia,9,2011,ITA_9_LIB_2011_7_5_29,0.39074027802199,0.00147535597900008,208.107566711557,FALSE
Alcyonium spp.,7,2012,FRA_7_LEU_2012_34_6_7,0.533056420906888,0.002390260485276,207.869602252798,FALSE
Microcosmus spp.,6,2018,ESP_6_MOL_2018_69_5_16,0.353032719168476,0.00169533140806042,207.494812656258,FALSE
Alpheus glaber,6,1995,ESP_6_COR_1995_45_5_4,0.0648207945108791,0.000349524419027886,207.415015713434,FALSE
Ceratoscopelus maderensis,1,2000,ESP_1_COR_2000_16_5_26,0.0843486303747904,0.000375670390391521,207.294273460074,FALSE
Plesionika edwardsii,2,2007,ESP_2_COR_2007_21_5_23,0.689964847670941,0.00192995892956576,206.932076743073,FALSE
Spicara smaris,9,2011,ITA_9_LIB_2011_149_6_17,4.25067372725591,0.00758445968299515,206.755603839983,FALSE
Capros aper,9,2019,ITA_9_SAN_2019_107_6_2,5.71969011475134,0.00725507471097059,205.806233212709,FALSE
Eusergestes arcticus,6,2006,ESP_6_COR_2006_64_5_21,0.151689106912988,0.000587181131286655,204.464473507966,FALSE
Munida intermedia,9,2010,ITA_9_LIB_2010_65_5_28,0.381149022733906,0.00147535597900008,203.721589261174,FALSE
Argentina sphyraena,6,2007,ESP_6_COR_2007_88_6_9,1.71735862639208,0.00460240203740297,201.85816556303,FALSE
Hoplostethus mediterraneus mediterraneus,11,1996,ITA_11_NUS_1996_68_6_17,0.257084609115706,0.00109280875016338,201.459517685269,FALSE
Leptometra phalangium,6,2017,ESP_6_MOL_2017_136_5_28,0.11641571593832,0.000389777734978654,201.368229841481,FALSE
Leptopentacta elongata,6,2019,ESP_6_MOL_2019_122_5_28,0.0230951475879384,0.000137130194148929,201.125998259078,FALSE
Lepidopus caudatus,6,2001,ESP_6_COR_2001_44_5_23,5.63422670956888,0.0080437185897117,200.652123209894,FALSE
Spicara smaris,9,2023,ITA_9_SAN_2023_149_10_6,3.97813492238276,0.00758445968299515,200.079873675794,FALSE
Pasiphaea sivado,6,2006,ESP_6_COR_2006_64_5_21,0.956754688097972,0.00245923686439571,199.974678030147,FALSE
Maurolicus muelleri,10,2004,ITA_10_PEC_2004_34_5_31,0.172514457240588,0.000668832047993971,199.249331953956,FALSE
Leptometra phalangium,6,2014,ESP_6_MOL_2014_153_5_31,0.114343793672977,0.000389777734978654,197.959424846868,FALSE
Loligo forbesii,9,2021,ITA_9_SAN_2021_75_9_6,89.1278787729295,0.0217499484288842,197.826995207809,FALSE
Alcyonium palmatum,6,2017,ESP_6_MOL_2017_159_6_1,0.152228009141799,0.000572898352028258,197.616097063394,FALSE
Ophiothrix quinquemaculata,7,2015,FRA_7_LEU_2015_41_6_8,0.0199237356344588,8.64934411518664e-05,197.397438977075,FALSE
Pagurus forbesii,1,2019,ESP_1_MOL_2019_54_5_10,0.0182053076148634,0.000257056853264236,197.366074038772,FALSE
Microcosmus spp.,11,2015,ITA_11_GIS_2015_44_7_3,3.11455165250324,0.00605812416617455,196.914616917641,FALSE
Pagurus alatus,5,2018,ESP_5_MOL_2018_201_6_19,0.0621402801742341,0.000298568226936365,196.900673510514,FALSE
Argentina sphyraena,9,2006,ITA_9_LIB_2006_27_6_28,6.01690731745481,0.00859354388572974,196.376775494997,FALSE
Venus verrucosa,1,1998,ESP_1_COR_1998_2_5_4,8.81640698690629,0.0102628217163416,195.186274245802,FALSE
Maurolicus muelleri,1,2003,ESP_1_COR_2003_12_4_28,0.176744914186764,0.000675115295152837,195.151930192195,FALSE
Epigonus denticulatus,2,2013,ESP_2_COR_2013_26_5_14,5.86296653479837,0.00745642831909101,195.131792569045,FALSE
Pasiphaea sivado,10,2018,ITA_10_SAN_2018_64_7_18,1.11654246992593,0.00299157249835777,194.436554057487,FALSE
Leptometra phalangium,6,2020,ESP_6_MOL_2020_31_6_5,0.112187057156353,0.000389777734978654,194.404341077582,FALSE
Hygophum benoiti,10,2015,ITA_10_PEC_2015_14_6_13,0.0757674741341645,0.000343643470574659,194.22618663524,FALSE
Leptometra phalangium,6,2019,ESP_6_MOL_2019_160_6_6,0.112063433115396,0.000389777734978654,194.200354980217,FALSE
Meganyctiphanes norvegica,6,2003,ESP_6_COR_2003_106_5_18,0.157020882712852,0.000994311173877226,193.45698805247,FALSE
Goneplax rhomboides,6,2005,ESP_6_COR_2005_104_6_2,0.13566710966131,0.000651689433073904,193.414249421094,FALSE
Lepidopus caudatus,6,2006,ESP_6_COR_2006_147_6_13,5.19121464700541,0.0080437185897117,193.29249706861,FALSE
Eunicella filiformis,1,2016,ESP_1_MOL_2016_51_5_6,0.0611588338695234,0.000233375199429716,193.079787165326,FALSE
Chlorophthalmus agassizi,6,2004,ESP_6_COR_2004_68_5_20,0.376811340448874,0.00143187600559171,192.878256303375,FALSE
Macroramphosus scolopax,1,2018,ESP_1_MOL_2018_43_5_6,0.645465004671895,0.00206381905430098,192.625103926654,FALSE
Sergia robusta,11,1998,ITA_11_NUS_1998_86_6_24,0.352839109517109,0.00140099965528404,192.291161475257,FALSE
Munida rutllanti,7,1994,FRA_7_LEU_1994_16_5_20,0.155974321121767,0.000807038250021894,191.124806905045,FALSE
Phronima sedentaria,5,2014,ESP_5_MOL_2014_176_6_7,0.0301904557223706,0.000553539466411867,190.344017207304,FALSE
Capros aper,9,2017,ITA_9_SAN_2017_54_9_25,4.79980009284835,0.00725507471097059,189.841277316195,FALSE
Funiculina quadrangularis,10,2013,ITA_10_PEC_2013_45_6_28,0.0387288098083477,0.000201539845531291,189.802520036748,FALSE
Spicara smaris,6,2005,ESP_6_COR_2005_36_5_18,5.85469290612909,0.0090603906711984,189.769596106555,FALSE
Microcosmus spp.,8,2015,FRA_8_LEU_2015_9_5_26,0.364393545028631,0.00140477060844087,189.683078878309,FALSE
Ascidia spp.,6,2016,ESP_6_MOL_2016_132_5_26,0.579286077187965,0.00189923456430234,189.595263403087,FALSE
Chlorophthalmus agassizi,9,2019,ITA_9_SAN_2019_152_6_11,2.78897190541464,0.0053678494308144,189.46772353823,FALSE
Plesionika antigai,1,2003,ESP_1_COR_2003_136_5_25,0.254749331207187,0.0010072913155982,189.234381562422,FALSE
Capros aper,9,2023,ITA_9_SAN_2023_107_9_30,4.75455695917471,0.00725507471097059,188.992010450816,FALSE
Eusergestes arcticus,6,2004,ESP_6_COR_2004_61_5_19,0.13923995384919,0.000587181131286655,188.66424854835,FALSE
Lepidopus caudatus,6,1999,ESP_6_COR_1999_45_5_16,4.92368260097521,0.0080437185897117,188.588507013165,FALSE
Argentina sphyraena,10,2000,ITA_10_SAN_2000_73_6_16,3.55982213353594,0.00707437017847331,188.463418116093,FALSE
Argentina sphyraena,9,2017,ITA_9_SAN_2017_54_9_25,5.45431828732767,0.00859354388572974,187.916048925684,FALSE
Spatangus purpureus,9,2018,ITA_9_SAN_2018_93_6_19,2.1568768423323,0.00483592691315856,187.888608651828,FALSE
Spicara smaris,6,2016,ESP_6_MOL_2016_73_5_12,5.72237259067476,0.0090603906711984,187.838895198539,FALSE
Pasiphaea sivado,10,2013,ITA_10_PEC_2013_14_7_1,1.06031765420412,0.00299157249835777,187.426686058381,FALSE
Plesionika edwardsii,9,2018,ITA_9_SAN_2018_41_6_29,0.765729242550434,0.00228562233839279,187.364078030031,FALSE
Aphia minuta,6,2004,ESP_6_COR_2004_120_6_1,0.217725688630459,0.000844768264663794,187.063885513363,FALSE
Thenea muricata,5,2018,ESP_5_MOL_2018_205_6_20,0.0371993183330705,0.000144856682419831,185.974478640558,FALSE
Lepidopus caudatus,6,2002,ESP_6_COR_2002_121_6_10,4.71014218552332,0.0080437185897117,184.678783434205,FALSE
Eusergestes arcticus,9,2015,ITA_9_LIB_2015_55_7_22,0.464581470168062,0.00161162749267604,184.527379926815,FALSE
Argentina sphyraena,7,2000,FRA_7_LEU_2000_37_6_13,11.7182387574307,0.0121628195823316,184.17839605992,FALSE
Eusergestes arcticus,1,2000,ESP_1_COR_2000_36_5_31,0.0987428065865402,0.000463006562747622,183.937452051631,FALSE
Meganyctiphanes norvegica,1,1999,ESP_1_COR_1999_3_5_4,0.166331545507816,0.00104855031208632,183.922177091577,FALSE
Diazona violacea,5,2021,ESP_5_MOL_2021_214_6_18,3.491563204065,0.00614537492207647,183.804425295314,FALSE
Armina maculata,7,2015,FRA_7_LEU_2015_54_6_12,0.0396110911055095,0.000182255595246774,183.752341780001,FALSE
Antedon mediterranea,6,2012,ESP_6_COR_2012_100_5_21,0.0150866911538797,7.52686148693149e-05,183.725181462585,FALSE
Capros aper,9,2007,ITA_9_LIB_2007_107_9_23,4.46928453335872,0.00725507471097059,183.478262845222,FALSE
Crystallogobius linearis,6,1999,ESP_6_COR_1999_48_5_16,0.00431079215245161,0.000142795871678836,182.868279685183,FALSE
Ascidia spp.,6,2013,ESP_6_COR_2013_50_5_22,0.552547176458614,0.00189923456430234,182.481006710687,FALSE
Eusergestes arcticus,1,2005,ESP_1_COR_2005_12_5_12,0.0978542953235248,0.000463006562747622,182.349432419658,FALSE
Eusergestes arcticus,1,2017,ESP_1_MOL_2017_15_4_27,0.0975153656265963,0.000463006562747622,181.743331028459,FALSE
Aporrhais serresianus,1,2001,ESP_1_COR_2001_15_5_15,0.0133234641006662,7.52761206673658e-05,181.470112024402,FALSE
Cataetyx alleni,7,2015,FRA_7_LEU_2015_62_6_14,0.0601107711999346,0.000294217897881702,181.318642182433,FALSE
Paguristes eremita,6,1997,ESP_6_COR_1997_86_5_31,0.186906694210811,0.000867400487479074,181.139509981049,FALSE
Crystallogobius linearis,5,2010,ESP_5_COR_2010_108_6_18,0.0883110326205919,0.000446179265655969,180.386364730348,FALSE
Spicara smaris,6,2011,ESP_6_COR_2011_42_5_17,5.22714846415292,0.0090603906711984,180.25939484967,FALSE
Meganyctiphanes norvegica,6,2014,ESP_6_MOL_2014_95_5_18,0.144903272374577,0.000994311173877226,179.396128469788,FALSE
Macroramphosus scolopax,1,2019,ESP_1_MOL_2019_49_5_9,0.589563080063969,0.00206381905430098,179.200947503338,FALSE
Munida rutllanti,6,2005,ESP_6_COR_2005_68_5_25,0.546142182936757,0.00197514477811224,178.949181653829,FALSE
Argentina sphyraena,6,2016,ESP_6_MOL_2016_74_5_12,1.42339789807547,0.00460240203740297,178.632955066032,FALSE
Macroramphosus scolopax,10,2010,ITA_10_PEC_2010_15_6_1,4.16011425533292,0.00684581179526142,178.174385218212,FALSE
Alcyonium palmatum,7,2013,FRA_7_LEU_2013_40_6_9,0.217409220524485,0.000961367128846403,177.887343265136,FALSE
Plesionika narval,1,1999,ESP_1_COR_1999_35_5_13,0.0404470972013186,0.000269329750527731,177.655661973369,FALSE
Molgula appendiculata,1,2014,ESP_1_MOL_2014_45_5_6,0.356834072156447,0.00120488526206254,177.528829242172,FALSE
Molgula appendiculata,6,2016,ESP_6_MOL_2016_120_5_23,0.604563632086568,0.00188725720830189,177.48035540279,FALSE
Alpheus glaber,6,2015,ESP_6_MOL_2015_138_5_28,0.0552592071258255,0.000349524419027886,177.460011121638,FALSE
Pasiphaea sivado,6,2003,ESP_6_COR_2003_95_5_16,0.814689512981402,0.00245923686439571,177.438824230233,FALSE
Macroramphosus scolopax,7,2023,FRA_7_LEU_2023_35_6_6,1.01526353403627,0.00306555141380642,176.973739900028,FALSE
Porifera,5,2016,ESP_5_MOL_2016_192_6_11,5.85117001219918,0.00748761968078327,176.544484063159,FALSE
Maurolicus muelleri,1,1998,ESP_1_COR_1998_2_5_4,0.158383530219353,0.000675115295152837,176.216092056742,FALSE
Rhodymeniaceae,6,2013,ESP_6_COR_2013_48_5_22,0.75863990924471,0.00222402589958408,175.752128755295,FALSE
Lepidopus caudatus,6,1999,ESP_6_COR_1999_44_5_15,4.17604412490666,0.0080437185897117,174.221141404296,FALSE
Aegaeon lacazei,1,1999,ESP_1_COR_1999_36_5_13,0.0318657319385298,0.000216773029966704,174.076227951937,FALSE
Heteroteuthis dispar,11,2017,ITA_11_GIS_2017_67_11_21,0.0907689188360831,0.000536831743163028,173.788312478255,FALSE
Lesueurigobius friesii,1,2011,ESP_1_COR_2011_2_5_5,0.104294640279673,0.000581432677833986,173.785335287527,FALSE
Polychaeta,9,2017,ITA_9_SAN_2017_117_10_7,0.37486337568754,0.00254383019424687,173.563139932649,FALSE
Pasiphaea sivado,1,2017,ESP_1_MOL_2017_15_4_27,1.63130163236747,0.00399127231484991,173.457685795858,FALSE
Ceratoscopelus maderensis,9,2015,ITA_9_LIB_2015_4_8_2,0.17100215021351,0.000923763595937117,173.231646256618,FALSE
Symphurus nigrescens,1,2012,ESP_1_COR_2012_1_4_26,0.407480420925187,0.00166818328081021,173.03224099654,FALSE
Munida intermedia,9,2012,ITA_9_LIB_2012_38_7_18,0.315666227922495,0.00147535597900008,172.937488052205,FALSE
Sepietta oweniana,9,2016,ITA_9_SAN_2016_31_6_12,0.847529451648445,0.00279296322226029,172.910732243198,FALSE
Glossanodon leioglossus,6,2019,ESP_6_MOL_2019_162_6_6,0.24474330776273,0.000917810349368971,172.750717625745,FALSE
Ocnus planci,1,2018,ESP_1_MOL_2018_21_5_1,0.0837067954868589,0.000372647705089385,172.482857362986,FALSE
Pasiphaea sivado,9,2015,ITA_9_LIB_2015_67_7_22,6.86777574377153,0.00880709463308738,172.41081476383,FALSE
Macropodia longipes,6,2000,ESP_6_COR_2000_105_6_21,0.172132593736956,0.000857008184428161,172.005237718119,FALSE
Ophioderma longicauda,11,2013,ITA_11_GIS_2013_47_7_11,0.0732684748052014,0.000502157850676157,171.291891843141,FALSE
Argentina sphyraena,10,2021,ITA_10_SAN_2021_20_9_27,2.97330425805802,0.00707437017847331,171.281518526927,FALSE
Alpheus glaber,6,2006,ESP_6_COR_2006_95_6_1,0.0532322943212965,0.000349524419027886,171.075141373933,FALSE
Microcosmus spp.,11,2013,ITA_11_GIS_2013_47_7_11,2.40830291098836,0.00605812416617455,170.587094902282,FALSE
Liocarcinus vernalis,9,2018,ITA_9_SAN_2018_28_7_2,1.48707049400482,0.00508701104188032,169.886972233193,FALSE
Alcyonium palmatum,6,2019,ESP_6_MOL_2019_154_6_4,0.12960647686224,0.000572898352028258,169.850866269373,FALSE
Lepidopus caudatus,6,2000,ESP_6_COR_2000_84_6_16,3.96752005373469,0.0080437185897117,169.842226435389,FALSE
Pennatula phosphorea,11,2013,ITA_11_GIS_2013_24_7_5,0.0860800701161298,0.000632409734050627,169.639496943153,FALSE
Glossanodon leioglossus,6,2019,ESP_6_MOL_2019_140_6_1,0.239675310315234,0.000917810349368971,169.517895650839,FALSE
Argentina sphyraena,10,2009,ITA_10_PEC_2009_62_7_18,2.89621445367659,0.00707437017847331,168.836537824713,FALSE
Macroramphosus scolopax,1,2005,ESP_1_COR_2005_118_6_6,0.545359515825156,0.00206381905430098,168.24741206727,FALSE
Glossanodon leioglossus,6,2009,ESP_6_COR_2009_68_4_25,0.236865088116045,0.000917810349368971,167.719583807054,FALSE
Eusergestes arcticus,1,2005,ESP_1_COR_2005_21_5_14,0.0895516932580368,0.000463006562747622,167.447924281712,FALSE
Pyrosoma atlanticum,5,2017,ESP_5_MOL_2017_216_6_17,3.30906727687197,0.00644745325596389,167.062189342616,FALSE
Funchalia woodwardi,10,2014,ITA_10_PEC_2014_39_9_14,0.00246081242344105,0.000252650194075991,166.973119876948,FALSE
Spatangus purpureus,9,2015,ITA_9_LIB_2015_93_7_11,1.77912919712752,0.00483592691315856,166.971044305983,FALSE
Microcosmus spp.,11,2014,ITA_11_GIS_2014_38_8_1,2.32012688984881,0.00605812416617455,166.922585751382,FALSE
Mora moro,9,1999,ITA_9_FRP_1999_71_6_11,0.057440213322344,0.000355596987478164,166.705725080428,FALSE
Eusergestes arcticus,6,2016,ESP_6_MOL_2016_165_6_2,0.121983643872478,0.000587181131286655,166.474944268506,FALSE
Capros aper,9,2008,ITA_9_LIB_2008_107_5_14,3.65550380977854,0.00725507471097059,166.008204983748,FALSE
Argentina sphyraena,9,2006,ITA_9_LIB_2006_26_6_28,4.19692660994512,0.00859354388572974,165.979734387026,FALSE
Meganyctiphanes norvegica,6,2003,ESP_6_COR_2003_95_5_16,0.133272308780119,0.000994311173877226,165.759275311845,FALSE
Spatangus purpureus,6,2016,ESP_6_MOL_2016_172_6_4,0.644768075960737,0.00256461649542906,165.70979598459,FALSE
Munida rutllanti,6,2016,ESP_6_MOL_2016_167_6_3,0.496392747523969,0.00197514477811224,165.457323948558,FALSE
Spicara smaris,9,1996,ITA_9_FRP_1996_150_7_4,2.73284110895002,0.00758445968299515,164.023442869362,FALSE
Gryphus vitreus,5,2018,ESP_5_MOL_2018_208_6_21,0.492697119011001,0.00170770609422448,163.322937543644,FALSE
Hoplostethus mediterraneus mediterraneus,11,1996,ITA_11_NUS_1996_111_7_30,0.203998368013056,0.00109280875016338,163.285130667059,FALSE
Philocheras echinulatus,6,2006,ESP_6_COR_2006_66_5_21,0.0126067940922623,0.000145079764854717,163.259134733427,FALSE
Aporrhais serresianus,1,1998,ESP_1_COR_1998_11_5_7,0.0119824440077509,7.52761206673658e-05,163.209435255765,FALSE
Epigonus telescopus,11,2007,ITA_11_GIS_2007_34_8_5,0.803655316337302,0.00432578878597747,163.077640829802,FALSE
Macroramphosus scolopax,10,2020,ITA_10_SAN_2020_2_12_16,3.47359837268258,0.00684581179526142,162.608254236463,FALSE
Glossanodon leioglossus,6,2018,ESP_6_MOL_2018_145_6_3,0.228906481057798,0.000917810349368971,162.604469952496,FALSE
Maurolicus muelleri,10,2023,ITA_10_SAN_2023_35_12_15,0.138774316413049,0.000668832047993971,162.540495766,FALSE
Mora moro,6,2006,ESP_6_COR_2006_65_5_21,0.215371435903549,0.000937303967308832,162.056160253941,FALSE
Polycarpa pomaria,1,2013,ESP_1_COR_2013_35_5_17,0.125323307468736,0.000624709510077814,161.923584189681,FALSE
Ascidia mentula,6,2019,ESP_6_MOL_2019_72_5_16,0.280805674933982,0.0013046150123179,161.768178694567,FALSE
Liocarcinus depurator,9,1998,ITA_9_FRP_1998_122_5_30,1.45772594752187,0.0047570487608178,161.693731191477,FALSE
Meganyctiphanes norvegica,6,1998,ESP_6_COR_1998_48_5_18,0.129785460307929,0.000994311173877226,161.643803183081,FALSE
Capros aper,9,2017,ITA_9_SAN_2017_75_9_26,3.47013029642076,0.00725507471097059,161.60185040034,FALSE
Turritella spp.,6,1995,ESP_6_COR_1995_91_5_18,0.015653861807708,8.48442683454519e-05,161.246250960079,FALSE
Mullus surmuletus,10,2020,ITA_10_SAN_2020_9_12_17,2.24091060523826,0.0101502846358589,161.240183508981,FALSE
Munida intermedia,9,2015,ITA_9_LIB_2015_144_6_30,0.291502696399942,0.00147535597900008,161.18935749185,FALSE
Zonaria tournefortii,5,2021,ESP_5_MOL_2021_213_6_18,0.334782553017109,0.00159286396941701,160.953260073364,FALSE
Glossanodon leioglossus,6,2018,ESP_6_MOL_2018_95_5_22,0.225448360741347,0.000917810349368971,160.37155279959,FALSE
Leptometra phalangium,6,2013,ESP_6_COR_2013_130_6_9,0.0917348153310735,0.000389777734978654,160.344821362149,FALSE
Ascidiidae,6,2015,ESP_6_MOL_2015_75_5_12,0.186632189754894,0.000851621669465536,160.167025046427,FALSE
Leptometra phalangium,6,2019,ESP_6_MOL_2019_140_6_1,0.0913134112567809,0.000389777734978654,159.6363590799,FALSE
Callionymus maculatus,6,2000,ESP_6_COR_2000_74_6_12,0.400123665178712,0.00217785027968894,159.599671071387,FALSE
Lepidopus caudatus,6,2003,ESP_6_COR_2003_128_5_23,3.50279685167857,0.0080437185897117,159.382543660678,FALSE
Crystallogobius linearis,6,1999,ESP_6_COR_1999_102_5_31,0.00375904726697418,0.000142795871678836,158.704439803962,FALSE
Ceratoscopelus maderensis,6,2004,ESP_6_COR_2004_61_5_19,0.0588707363663835,0.000357414484055608,158.658328121258,FALSE
Pasiphaea sivado,1,2005,ESP_1_COR_2005_14_5_12,1.42223112222853,0.00399127231484991,158.553110997328,FALSE
Crystallogobius linearis,6,1999,ESP_6_COR_1999_95_5_30,0.00374462353188839,0.000142795871678836,158.072569675398,FALSE
Chlorophthalmus agassizi,6,2013,ESP_6_COR_2013_54_5_23,0.299531492157505,0.00143187600559171,157.878243624965,FALSE
Munida intermedia,9,2011,ITA_9_LIB_2011_94_6_12,0.28440161690684,0.00147535597900008,157.695052239976,FALSE
Glossanodon leioglossus,1,2004,ESP_1_COR_2004_32_5_13,0.0393748353717673,0.000221288935053292,157.678500778588,FALSE
Sergestes arachnipodus,8,2018,FRA_8_LEU_2018_10_5_26,0.0416731310228344,0.000274137836504194,157.586030154698,FALSE
Capros aper,9,2020,ITA_9_SAN_2020_107_10_25,3.30136653055568,0.00725507471097059,157.428410524032,FALSE
Plesionika antigai,1,2007,ESP_1_COR_2007_2_5_19,0.207608433885018,0.0010072913155982,157.160039419657,FALSE
Pyrosoma atlanticum,11,2012,ITA_11_GIS_2012_1_6_4,1.21300661795981,0.00661585688578385,156.729471617257,FALSE
Hygophum benoiti,1,2009,ESP_1_COR_2009_1_4_8,0.064474066567561,0.000334906372782142,156.460767400919,FALSE
Zeugopterus regius,11,1997,ITA_11_NUS_1997_93_7_23,0.826675491718115,0.00802359118925823,156.453906482299,FALSE
Eusergestes arcticus,1,2000,ESP_1_COR_2000_18_5_26,0.0833766657131195,0.000463006562747622,156.291167317453,FALSE
Polycarpa spp.,6,2018,ESP_6_MOL_2018_69_5_16,0.192006570731426,0.00108618342567751,156.147993153968,FALSE
Glossanodon leioglossus,1,2003,ESP_1_COR_2003_32_5_3,0.0389090359816032,0.000221288935053292,155.83778704027,FALSE
Macroramphosus scolopax,1,2017,ESP_1_MOL_2017_43_5_3,0.496230900098646,0.00206381905430098,155.699639588265,FALSE
Pasiphaea sivado,11,2010,ITA_11_GIS_2010_67_6_11,2.82887971872853,0.00714758322699517,155.127081152149,FALSE
Macroramphosus scolopax,10,2019,ITA_10_SAN_2019_57_7_6,3.13894613621827,0.00684581179526142,154.130750921096,FALSE
Microcosmus sabatieri,8,2000,FRA_8_LEU_2000_12_6_3,0.0872257002352712,0.0008471435378832,154.070215750728,FALSE
Plesionika antigai,1,1996,ESP_1_COR_1996_32_5_9,0.203078950707034,0.0010072913155982,154.012535599671,FALSE
Xenophora crispa,1,2012,ESP_1_COR_2012_18_4_30,0.185301897846503,0.000917730737617965,153.967050424169,FALSE
Munida intermedia,9,2011,ITA_9_LIB_2011_152_6_17,0.276797453463428,0.00147535597900008,153.931703403493,FALSE
Glossanodon leioglossus,6,2009,ESP_6_COR_2009_84_4_29,0.214661563594547,0.000917810349368971,153.365788464244,FALSE
Plesionika edwardsii,5,2017,ESP_5_MOL_2017_207_6_15,0.217521752175217,0.00097419624149752,153.15910816023,FALSE
Cymbulia peronii,5,2017,ESP_5_MOL_2017_216_6_17,0.018542573114237,0.000109923003164091,153.075571246886,FALSE
Maurolicus muelleri,6,2004,ESP_6_COR_2004_37_5_14,0.0968252450456846,0.000528268476867673,153.015586179876,FALSE
Ascidia spp.,6,2016,ESP_6_MOL_2016_75_5_13,0.446329862450186,0.00189923456430234,152.955835558283,FALSE
Pagurus excavatus,9,2013,ITA_9_LIB_2013_20_7_22,0.267483707810524,0.00188162189786406,152.885962378106,FALSE
Chauliodus sloani,9,2012,ITA_9_LIB_2012_2_7_24,0.231113459988478,0.00144263230246219,152.72192367948,FALSE
Munida intermedia,9,2012,ITA_9_LIB_2012_64_6_30,0.27385684329129,0.00147535597900008,152.470363848052,FALSE
Spicara smaris,6,1999,ESP_6_COR_1999_40_5_14,3.7035914151212,0.0090603906711984,152.466986157512,FALSE
Solenocera membranacea,10,2018,ITA_10_SAN_2018_44_7_14,0.258152401727259,0.00138516077755015,152.419618441111,FALSE
Argentina sphyraena,6,1994,ESP_6_COR_1994_57_6_14,1.12846031889078,0.00460240203740297,152.307637140974,FALSE
Plesionika antigai,2,2018,ESP_2_MOL_2018_34_5_4,0.184660867587697,0.000893954392056035,152.15441780365,FALSE
Adamsia palliata,7,2015,FRA_7_LEU_2015_54_6_12,0.0610276140477228,0.000290367475354419,151.669988167164,FALSE
Spicara smaris,9,1999,ITA_9_FRP_1999_130_6_22,2.37303952986649,0.00758445968299515,151.32912403424,FALSE
Plesionika acanthonotus,1,2003,ESP_1_COR_2003_23_5_1,1.86922103812184,0.00550985437454888,151.244753520934,FALSE
Pasiphaea spp.,10,2021,ITA_10_SAN_2021_3_9_24,0.145542103584062,0.0008684219210535,151.189451539534,FALSE
Mora moro,5,2012,ESP_5_COR_2012_169_6_9,0.128629760403485,0.000686141800825862,150.347200464787,FALSE
Spicara smaris,6,2021,ESP_6_MOL_2021_73_5_15,3.58277410001957,0.0090603906711984,149.889546255244,FALSE
Isidella elongata,8,2012,FRA_8_LEU_2012_14_5_28,0.166653334399915,0.000698522504468135,149.887810142998,FALSE
Argentina sphyraena,6,2006,ESP_6_COR_2006_120_6_6,1.1032068349331,0.00460240203740297,149.886394528763,FALSE
Meganyctiphanes norvegica,11,2019,ITA_11_GIS_2019_17_6_6,62.83964136184,0.0218861017935288,149.55238360941,FALSE
Spicara smaris,6,2016,ESP_6_MOL_2016_89_5_16,3.56632259522778,0.0090603906711984,149.533334280926,FALSE
Eusergestes arcticus,6,2011,ESP_6_COR_2011_109_6_3,0.108760998320456,0.000587181131286655,149.240217040014,FALSE
Beania cylindrica,5,2014,ESP_5_MOL_2014_204_6_13,0.743632645473136,0.00253490069602876,149.192271330423,FALSE
Glossanodon leioglossus,6,2005,ESP_6_COR_2005_73_5_26,0.208210842576806,0.000917810349368971,149.14641160222,FALSE
Aporrhais serresianus,8,2015,FRA_8_LEU_2015_11_5_26,0.020507138154197,0.000121075635949778,148.876410542761,FALSE
Pasiphaea sivado,5,2021,ESP_5_MOL_2021_250_8_20,0.0940388062680602,0.000528464107325564,148.801229570134,FALSE
Spicara smaris,9,2014,ITA_9_LIB_2014_149_9_4,2.30186409338056,0.00758445968299515,148.657998619878,FALSE
Calocaris macandreae,1,2005,ESP_1_COR_2005_6_5_10,0.022082720779201,0.000199032618675667,147.932138233985,FALSE
Argentina sphyraena,9,1994,ITA_9_FRP_1994_16_6_27,3.34053265012654,0.00859354388572974,147.749887000102,FALSE
Macroramphosus scolopax,1,2017,ESP_1_MOL_2017_70_5_10,0.464255247715878,0.00206381905430098,147.309516437994,FALSE
Glossanodon leioglossus,6,2017,ESP_6_MOL_2017_173_6_4,0.20511620970473,0.000917810349368971,147.114228826277,FALSE
Benthosema glaciale,1,1999,ESP_1_COR_1999_6_5_5,0.0326368094110651,0.00020348813168964,147.111307770647,FALSE
Funiculina quadrangularis,6,2017,ESP_6_MOL_2017_94_5_17,0.304664687854437,0.00125884529554254,146.614157642678,FALSE
Capros aper,1,1994,ESP_1_COR_1994_7_5_30,60.195386606318,0.019625793924878,146.415564361624,FALSE
Munida rutllanti,6,2001,ESP_6_COR_2001_74_6_2,0.428053258837047,0.00197514477811224,146.173744628858,FALSE
Gryphus vitreus,9,2017,ITA_9_SAN_2017_95_10_8,0.172793427925393,0.00075977125645948,146.146162344526,FALSE
Polycarpa pomaria,6,2015,ESP_6_MOL_2015_73_5_11,0.154168056378718,0.000818426654805814,146.101297293536,FALSE
Pagurus prideaux,6,2000,ESP_6_COR_2000_81_6_16,0.724747093462177,0.00286728864774256,145.715227160871,FALSE
Ascidia spp.,6,2014,ESP_6_MOL_2014_64_5_12,0.420915666901905,0.00189923456430234,145.570046204241,FALSE
Ceratoscopelus maderensis,6,1997,ESP_6_COR_1997_46_5_22,0.0538950519197464,0.000357414484055608,145.512197722812,FALSE
Spicara smaris,6,2014,ESP_6_MOL_2014_64_5_12,3.37530842844876,0.0090603906711984,145.300848129454,FALSE
Glossanodon leioglossus,1,2007,ESP_1_COR_2007_30_5_25,0.0362015373298316,0.000221288935053292,145.122114086611,FALSE
Plesionika edwardsii,1,1999,ESP_1_COR_1999_21_5_9,4.34954992572684,0.00810481239463326,145.026243935902,FALSE
Maurolicus muelleri,5,2006,ESP_5_COR_2006_72_5_23,0.00673986902056251,9.14492933066701e-05,144.885481834625,FALSE
Capros aper,9,2021,ITA_9_SAN_2021_107_8_26,2.82153286480105,0.00725507471097059,144.601542525265,FALSE
Funiculina quadrangularis,5,2016,ESP_5_MOL_2016_211_6_16,0.150994333152275,0.0007350127761563,144.475872188568,FALSE
Pasiphaea sivado,10,2019,ITA_10_SAN_2019_10_6_27,0.746281738017275,0.00299157249835777,144.370474461334,FALSE
Pasiphaea sivado,5,2013,ESP_5_COR_2013_179_6_23,0.0909949984599096,0.000528464107325564,144.161296107255,FALSE
Natatolana borealis,1,2013,ESP_1_COR_2013_15_5_11,0.0271803331472526,0.000221485665212908,144.136003427216,FALSE
Ascidia spp.,6,2014,ESP_6_MOL_2014_66_5_13,0.414919672879738,0.00189923456430234,143.808253169798,FALSE
Shell drebis,10,2012,ITA_10_PEC_2012_48_6_18,0.0723176718092567,0.000526273687578678,143.583994982205,FALSE
Lepidopus caudatus,6,2006,ESP_6_COR_2006_57_5_18,2.87493165528411,0.0080437185897117,143.390833079274,FALSE
Notoscopelus elongatus,1,2017,ESP_1_MOL_2017_39_5_3,0.19017002646241,0.00102968506078378,143.137064494997,FALSE
Lepidopus caudatus,6,2002,ESP_6_COR_2002_53_5_24,2.86453164896665,0.0080437185897117,143.10463762729,FALSE
Liocarcinus depurator,9,2003,ITA_9_CIR_2003_117_7_6,1.21462675623987,0.0047570487608178,142.866451708918,FALSE
Pagurus prideaux,1,2013,ESP_1_COR_2013_6_5_9,1.08826320784562,0.00411366247520472,142.818367746911,FALSE
Goneplax rhomboides,9,1996,ITA_9_FRP_1996_119_6_24,0.0925350641796767,0.000772797648741713,142.665343005435,FALSE
Maurolicus muelleri,9,2013,ITA_9_LIB_2013_94_7_5,0.103899158951659,0.000657211035073824,142.544930148993,FALSE
Pagurus prideaux,6,2000,ESP_6_COR_2000_79_6_15,0.704412754566943,0.00286728864774256,142.528029280175,FALSE
Spicara smaris,6,2016,ESP_6_MOL_2016_72_5_12,3.25026360808039,0.0090603906711984,142.428818849792,FALSE
Leptometra phalangium,6,2015,ESP_6_MOL_2015_74_5_11,0.0809636931772382,0.000389777734978654,142.15005969871,FALSE
Macroramphosus scolopax,10,2018,ITA_10_SAN_2018_29_7_11,2.6876099348624,0.00684581179526142,141.541537807207,FALSE
Lepidopus caudatus,1,2003,ESP_1_COR_2003_27_5_2,19.3847428127284,0.0159898236669525,141.404786576535,FALSE
Eusergestes arcticus,1,2003,ESP_1_COR_2003_6_4_27,0.0751873238468413,0.000463006562747622,141.396545881734,FALSE
Munida intermedia,9,2013,ITA_9_LIB_2013_144_6_28,0.251610305958132,0.00147535597900008,141.304379225257,FALSE
Microcosmus spp.,11,2019,ITA_11_GIS_2019_40_6_12,1.76029678982435,0.00605812416617455,141.105436326054,FALSE
Sepiola spp.,9,2019,ITA_9_SAN_2019_111_6_4,0.0925866944772407,0.000626528730101447,140.202248730544,FALSE
Bolinus brandaris,6,1995,ESP_6_COR_1995_90_5_18,0.0963095238095238,0.00075421061186364,139.97022276361,FALSE
Lepidopus caudatus,1,1997,ESP_1_COR_1997_9_5_12,18.7617662588394,0.0159898236669525,139.941304148158,FALSE
Spatangus purpureus,6,2019,ESP_6_MOL_2019_165_6_7,0.522538842053926,0.00256461649542906,139.861003163151,FALSE
Pagurus prideaux,6,2013,ESP_6_COR_2013_47_5_22,0.686550476171795,0.00286728864774256,139.696771581071,FALSE
Pasiphaea sivado,10,2010,ITA_10_PEC_2010_14_6_1,0.715185031081941,0.00299157249835777,139.692353838715,FALSE
Glossanodon leioglossus,6,2019,ESP_6_MOL_2019_151_6_4,0.193854999553049,0.000917810349368971,139.674916502235,FALSE
Symbolophorus veranyi,1,2000,ESP_1_COR_2000_3_5_22,0.0663152768527022,0.000390408806983971,139.544120158018,FALSE
Spicara smaris,9,2013,ITA_9_LIB_2013_93_7_7,2.06932403977525,0.00758445968299515,139.511329302726,FALSE
Leptopentacta tergestina,6,2013,ESP_6_COR_2013_100_6_3,0.015928315127178,0.000122458976242959,138.949159098725,FALSE
Spicara smaris,9,1995,ITA_9_FRP_1995_130_6_28,2.05087538563163,0.00758445968299515,138.756249054939,FALSE
Meganyctiphanes norvegica,1,2003,ESP_1_COR_2003_12_4_28,0.123130473149532,0.00104855031208632,138.495639629521,FALSE
Capros aper,1,2017,ESP_1_MOL_2017_60_5_8,47.9951198681381,0.019625793924878,138.464757075418,FALSE
Lepidopus caudatus,6,2015,ESP_6_MOL_2015_168_6_3,2.68031656574415,0.0080437185897117,137.903471674498,FALSE
Molgula appendiculata,6,2014,ESP_6_MOL_2014_121_5_24,0.442250334258974,0.00188725720830189,137.291104297312,FALSE
Microcosmus spp.,11,2019,ITA_11_GIS_2019_39_6_12,1.6848761950003,0.00605812416617455,137.232322846357,FALSE
Eusergestes arcticus,1,2005,ESP_1_COR_2005_26_5_15,0.072641538444084,0.000463006562747622,136.743196797977,FALSE
Macropodia rostrata,1,2016,ESP_1_MOL_2016_19_4_28,0.0114355933813111,0.000252565195288635,136.47396146646,FALSE
Chlorophthalmus agassizi,9,2019,ITA_9_SAN_2019_40_6_18,1.61283727166314,0.0053678494308144,136.392417160263,FALSE
Macroramphosus scolopax,10,2005,ITA_10_PEC_2005_17_7_1,2.51704391919303,0.00684581179526142,136.377997801863,FALSE
Lepas anatifera,10,2018,ITA_10_SAN_2018_68_7_19,0.00269289184269203,3.43143732017676e-05,136.154889368331,FALSE
Xenophora crispa,6,2012,ESP_6_COR_2012_124_5_26,0.159099160052146,0.000872529846171111,136.113117066941,FALSE
Polychaeta,1,2013,ESP_1_COR_2013_14_5_11,0.112562162454215,0.000639673487119959,135.98561133731,FALSE
Pasiphaea sivado,6,2003,ESP_6_COR_2003_85_5_14,0.579300138491353,0.00245923686439571,135.899190498444,FALSE
Capros aper,9,2018,ITA_9_SAN_2018_107_6_25,2.52175044247158,0.00725507471097059,135.742385752803,FALSE
Leptometra phalangium,10,2011,ITA_10_PEC_2011_17_6_12,0.101809719711608,0.000539453722531139,135.72836614264,FALSE
Spicara smaris,6,2017,ESP_6_MOL_2017_104_5_20,2.97011201717638,0.0090603906711984,135.674986302682,FALSE
Maurolicus muelleri,1,1998,ESP_1_COR_1998_1_5_3,0.119988633134535,0.000675115295152837,135.630591981014,FALSE
Lepidopus caudatus,1,2005,ESP_1_COR_2005_24_5_15,16.989675981526,0.0159898236669525,135.511338910456,FALSE
Cidaris cidaris,5,2016,ESP_5_MOL_2016_201_6_14,0.621253974044926,0.00330258644664875,135.335602559186,FALSE
Antedon spp.,8,2014,FRA_8_LEU_2014_10_5_29,0.0156697627406535,9.54570309640498e-05,135.185006496196,FALSE
Dardanus arrosor,11,2013,ITA_11_GIS_2013_24_7_5,10.3296084139356,0.0162038837468564,134.925217636432,FALSE
Chlorophthalmus agassizi,9,2017,ITA_9_SAN_2017_136_10_4,1.58468482147617,0.0053678494308144,134.845371573379,FALSE
Spicara smaris,9,1994,ITA_9_FRP_1994_130_6_18,1.95372930429594,0.00758445968299515,134.703297239904,FALSE
Chromis chromis,11,2008,ITA_11_GIS_2008_65_7_11,0.226939018065502,0.00131831739536866,134.679655480475,FALSE
Argentina sphyraena,7,2008,FRA_7_LEU_2008_78_6_16,5.40564292322475,0.0121628195823316,134.26816347149,FALSE
Chlorophthalmus agassizi,1,2000,ESP_1_COR_2000_35_5_31,0.163596661928591,0.00118286312542182,134.165431698103,FALSE
Epigonus denticulatus,6,2006,ESP_6_COR_2006_57_5_18,0.240448829351034,0.00134601361007624,133.970209867589,FALSE
Spatangus purpureus,9,2016,ITA_9_SAN_2016_93_6_9,1.27197039777983,0.00483592691315856,133.900581561987,FALSE
Ceratoscopelus maderensis,5,2021,ESP_5_MOL_2021_271_8_25,0.0378894299586201,0.000299806478728281,133.824474896713,FALSE
Chlorophthalmus agassizi,9,2006,ITA_9_LIB_2006_8_7_2,1.56559369570168,0.0053678494308144,133.786649855785,FALSE
Pasiphaea sivado,6,2000,ESP_6_COR_2000_80_6_15,0.56774458194726,0.00245923686439571,133.703463006486,FALSE
Goneplax rhomboides,6,1995,ESP_6_COR_1995_97_5_19,0.0921452902215995,0.000651689433073904,133.7003254784,FALSE
Lophogaster typicus,1,2016,ESP_1_MOL_2016_48_5_5,0.0137316741740061,0.000190433412171538,133.492762394994,FALSE
Botryllus schlosseri,10,2012,ITA_10_PEC_2012_32_6_23,0.450167628208925,0.00214258931919224,133.286791696027,FALSE
Goneplax rhomboides,6,1995,ESP_6_COR_1995_96_5_19,0.0918405231653064,0.000651689433073904,133.273834216907,FALSE
Pagellus acarne,9,2023,ITA_9_SAN_2023_14_10_30,9.85809497205098,0.0175848445330696,132.859910712448,FALSE
Crystallogobius linearis,6,1999,ESP_6_COR_1999_46_5_16,0.00316624113547425,0.000142795871678836,132.727503482308,FALSE
Aporrhais pespelecani,9,2005,ITA_9_LIB_2005_120_7_6,0.036921606741451,0.0002354350739953,132.690760645438,FALSE
Leptometra phalangium,6,2013,ESP_6_COR_2013_110_6_5,0.0753896339253353,0.000389777734978654,132.662949324897,FALSE
Eusergestes arcticus,5,2004,ESP_5_COR_2004_57_5_18,0.0533452237997693,0.000385974013141643,132.510197960058,FALSE
Spicara smaris,6,2018,ESP_6_MOL_2018_69_5_16,2.84046435109405,0.0090603906711984,132.386453737116,FALSE
Chlorophthalmus agassizi,6,2021,ESP_6_MOL_2021_162_6_3,0.245872640534351,0.00143187600559171,132.329360788382,FALSE
Leptometra phalangium,6,2021,ESP_6_MOL_2021_135_5_28,0.0750782465101097,0.000389777734978654,132.131515213189,FALSE
Dardanus arrosor,6,2013,ESP_6_COR_2013_141_6_12,0.544235458028561,0.00318961824826166,132.047338910513,FALSE
Sea ball of Posidonia oceanica,11,2013,ITA_11_GIS_2013_74_7_19,5.78564196518972,0.0109008535196526,131.860888794288,FALSE
Pagurus prideaux,6,2004,ESP_6_COR_2004_103_5_28,0.637492031349608,0.00286728864774256,131.763718623572,FALSE
Maurolicus muelleri,6,2003,ESP_6_COR_2003_45_5_6,0.0827763580015457,0.000528268476867673,131.549146441799,FALSE
Ceratoscopelus maderensis,1,2005,ESP_1_COR_2005_18_5_13,0.0526969243033763,0.000375670390391521,131.108035224867,FALSE
Mullus surmuletus,10,2020,ITA_10_SAN_2020_6_12_17,1.60627955723171,0.0101502846358589,131.09734716989,FALSE
Capros aper,7,2016,FRA_7_LEU_2016_36_6_5,6.88022342306729,0.011616779756433,130.708618747317,FALSE
Plesionika antigai,2,2007,ESP_2_COR_2007_25_5_24,0.156440935676151,0.000893954392056035,130.39190539527,FALSE
Venus nux,1,2014,ESP_1_MOL_2014_3_4_26,22.4386014248219,0.0189832267952749,129.46560108204,FALSE
Benthosema glaciale,6,2021,ESP_6_MOL_2021_93_5_19,0.0202178512014807,0.000167923875733076,129.425608485187,FALSE
Munida rutllanti,6,1995,ESP_6_COR_1995_60_5_9,0.371083432652723,0.00197514477811224,129.379471068442,FALSE
Porifera,5,2014,ESP_5_MOL_2014_196_6_11,3.07848180188606,0.00748761968078327,128.774739507667,FALSE
Serranus cabrilla,6,2007,ESP_6_COR_2007_108_6_12,2.46517682747364,0.0102289654344372,128.664258803951,FALSE
Spicara smaris,6,2013,ESP_6_COR_2013_50_5_22,2.68851894069845,0.0090603906711984,128.388011187751,FALSE
Munida intermedia,9,2013,ITA_9_LIB_2013_94_7_5,0.226290421126474,0.00147535597900008,128.351747083769,FALSE
Neopycnodonte cochlear,5,2021,ESP_5_MOL_2021_185_6_11,5.61934268877954,0.0121012725244389,128.320716879153,FALSE
Pagellus acarne,9,2020,ITA_9_SAN_2020_14_11_4,9.00636824568761,0.0175848445330696,128.275618261833,FALSE
Sepia elegans,9,1998,ITA_9_FRP_1998_120_5_28,0.289487330524048,0.00203465126175152,127.780734043959,FALSE
Gryphus vitreus,9,2018,ITA_9_SAN_2018_95_6_25,0.149534686571898,0.00075977125645948,127.691246473119,FALSE
Argentina sphyraena,7,1994,FRA_7_LEU_1994_4_5_17,4.84158059049222,0.0121628195823316,127.560329063654,FALSE
Lepidopus caudatus,1,1999,ESP_1_COR_1999_32_5_12,14.1322922423571,0.0159898236669525,127.35562400401,FALSE
Myctophum punctatum,11,2014,ITA_11_GIS_2014_51_8_4,0.087349353975023,0.00114714514512072,127.215034724629,FALSE
Trigloporus lastoviza,6,2018,ESP_6_MOL_2018_68_5_15,5.2827471110127,0.0154740909002172,127.132369600007,FALSE
Liocarcinus depurator,9,2016,ITA_9_SAN_2016_28_6_12,1.02771195047637,0.0047570487608178,126.927235871925,FALSE
Lepidopus caudatus,1,1997,ESP_1_COR_1997_28_5_18,13.9882053167701,0.0159898236669525,126.904501511378,FALSE
Pagurus prideaux,6,2009,ESP_6_COR_2009_40_4_19,0.607874434690077,0.00286728864774256,126.858484535639,FALSE
Macropipus tuberculatus,1,2014,ESP_1_MOL_2014_1_4_26,0.483868087917582,0.00316240821372945,126.843722788444,FALSE
Liocarcinus depurator,1,2014,ESP_1_MOL_2014_3_4_26,5.66823678290214,0.0118918918918919,126.680237223532,FALSE
Argentina sphyraena,10,1994,ITA_10_SAN_1994_115_7_13,1.77890355431762,0.00707437017847331,126.663593628319,FALSE
Processa nouveli,6,2000,ESP_6_COR_2000_80_6_15,0.0320788418499349,0.000281203235216034,126.599285116259,FALSE
Trigloporus lastoviza,6,2011,ESP_6_COR_2011_37_5_16,5.21514605696256,0.0154740909002172,126.377710180622,FALSE
Argentina sphyraena,5,1995,ESP_5_COR_1995_56_5_6,1.99311774678458,0.00801781153319577,126.306828997173,FALSE
Pasiphaea sivado,1,1999,ESP_1_COR_1999_6_5_5,1.02415819537043,0.00399127231484991,126.231466330889,FALSE
Glossanodon leioglossus,7,2013,FRA_7_LEU_2013_75_6_20,2.25865316832364,0.00680210580675902,125.928764369574,FALSE
Lepidopus caudatus,8,1999,FRA_8_LEU_1999_4_5_7,1.59429046499565,0.0063789572387243,125.91941402326,FALSE
Pasiphaea sivado,1,2000,ESP_1_COR_2000_20_5_27,1.02037751029194,0.00399127231484991,125.894895950692,FALSE
Maurolicus muelleri,10,2008,ITA_10_PEC_2008_12_7_31,0.105791166200945,0.000668832047993971,125.588474634498,FALSE
Capros aper,6,2017,ESP_6_MOL_2017_105_5_20,27.8682861365676,0.0191059591826416,125.57158812478,FALSE
Leptometra phalangium,10,2012,ITA_10_PEC_2012_17_6_29,0.0937031484257871,0.000539453722531139,125.332505048395,FALSE
Crystallogobius linearis,6,2018,ESP_6_MOL_2018_76_5_18,0.00299742804905516,0.000142795871678836,125.327256994847,FALSE
Macroramphosus scolopax,7,2022,FRA_7_LEU_2022_94_6_16,0.643504230158253,0.00306555141380642,125.248181993312,FALSE
Capros aper,1,2016,ESP_1_MOL_2016_70_5_10,32.8033607510197,0.019625793924878,125.192840288169,FALSE
Glossanodon leioglossus,6,2017,ESP_6_MOL_2017_168_6_3,0.172218091608968,0.000917810349368971,125.182235867574,FALSE
Rondeletiola minor,10,2005,ITA_10_PEC_2005_34_6_29,0.0762489579309083,0.000539403262660842,125.026010713628,FALSE
Munida rutllanti,6,2000,ESP_6_COR_2000_63_6_8,0.356310467982361,0.00197514477811224,124.910531308087,FALSE
Macroramphosus scolopax,10,2002,ITA_10_GAB_2002_31_7_30,2.16454287569621,0.00684581179526142,124.862805126806,FALSE
Ascidiella spp.,6,2018,ESP_6_MOL_2018_69_5_16,0.0245922111856136,0.000170828016278582,124.687210680056,FALSE
Argentina sphyraena,10,2006,ITA_10_PEC_2006_47_6_16,1.73391530711206,0.00707437017847331,124.626796551011,FALSE
Mora moro,9,1995,ITA_9_FRP_1995_81_6_2,0.0426467370916662,0.000355596987478164,124.384092515912,FALSE
Alpheus glaber,6,2000,ESP_6_COR_2000_72_6_12,0.038479790822495,0.000349524419027886,124.23052155121,FALSE
Ceratoscopelus maderensis,1,2017,ESP_1_MOL_2017_36_5_2,0.0496035614684984,0.000375670390391521,123.539744383523,FALSE
Funiculina quadrangularis,6,2015,ESP_6_MOL_2015_83_5_14,0.250715002042863,0.00125884529554254,123.222033758814,FALSE
Posidonia oceanica,9,2019,ITA_9_SAN_2019_127_6_1,0.441068056801164,0.00256336773201939,123.119042161865,FALSE
Pasiphaea sivado,10,2019,ITA_10_SAN_2019_65_7_7,0.608354514028796,0.00299157249835777,122.94872389188,FALSE
Capros aper,7,2014,FRA_7_LEU_2014_75_6_23,5.96814650752399,0.011616779756433,122.876378113656,FALSE
Lepidopus caudatus,6,2001,ESP_6_COR_2001_97_6_7,2.18909707293687,0.0080437185897117,122.64758258727,FALSE
Pasiphaea sivado,11,2009,ITA_11_GIS_2009_32_6_17,1.89215390003044,0.00714758322699517,122.535732347306,FALSE
Symphurus nigrescens,1,1995,ESP_1_COR_1995_1_4_22,0.273208899661002,0.00166818328081021,122.027856102012,FALSE
Echinus melo,6,2016,ESP_6_MOL_2016_163_6_2,0.386472149712686,0.00239580951136376,122.009636401509,FALSE
Lepidotrigla dieuzeidei,9,2003,ITA_9_CIR_2003_104_6_30,4.81501953322202,0.0109595083313883,121.829770282629,FALSE
Paguristes eremita,6,1996,ESP_6_COR_1996_88_5_23,0.122458976242959,0.000867400487479074,121.821236968704,FALSE
Chlorotocus crassicornis,9,2002,ITA_9_FRP_2002_7_8_8,0.365355386953659,0.00206719115440636,121.765804093797,FALSE
Glossanodon leioglossus,6,2011,ESP_6_COR_2011_61_5_22,0.166866662509497,0.000917810349368971,121.55651680313,FALSE
Alcyonium palmatum,6,2020,ESP_6_MOL_2020_28_6_4,0.0911176245698993,0.000572898352028258,121.307149387313,FALSE
Spicara smaris,9,2007,ITA_9_LIB_2007_149_9_18,1.65397360739551,0.00758445968299515,121.300690167525,FALSE
Lepidopus caudatus,1,2010,ESP_1_COR_2010_22_5_22,12.2746883777008,0.0159898236669525,121.180055310327,FALSE
Aporrhais serresianus,1,1995,ESP_1_COR_1995_5_4_23,0.00890184550171337,7.52761206673658e-05,121.169103032313,FALSE
Chlorophthalmus agassizi,9,1994,ITA_9_FRP_1994_135_6_14,1.34719533226275,0.0053678494308144,121.081300482689,FALSE
Lepidopus caudatus,1,2010,ESP_1_COR_2010_19_5_21,12.2258130542401,0.0159898236669525,121.006129201503,FALSE
Spicara smaris,6,2021,ESP_6_MOL_2021_76_5_15,2.41892346413133,0.0090603906711984,120.870253829292,FALSE
Pasiphaea sivado,5,1996,ESP_5_COR_1996_54_5_14,0.0758121310653751,0.000528464107325564,120.821715043942,FALSE
Gennadas elegans,9,2000,ITA_9_FRP_2000_23_7_18,0.0826573601702096,0.000657698396562878,120.534736391643,FALSE
Lepidopus caudatus,6,2002,ESP_6_COR_2002_90_6_3,2.122661023702,0.0080437185897117,120.405718908655,FALSE
Notoscopelus elongatus,1,2013,ESP_1_COR_2013_39_5_18,0.157852611312033,0.00102968506078378,120.368819939045,FALSE
Spicara smaris,6,2006,ESP_6_COR_2006_53_5_17,2.39853869363245,0.0090603906711984,120.27792206812,FALSE
Macroramphosus scolopax,6,1998,ESP_6_COR_1998_77_5_28,0.629175739368397,0.00305607371841293,119.986268402875,FALSE
Plesionika edwardsii,5,2001,ESP_5_COR_2001_71_6_1,0.166512596389633,0.00097419624149752,119.68838560487,FALSE
Spicara smaris,6,2011,ESP_6_COR_2011_37_5_16,2.36941761208152,0.0090603906711984,119.425542030342,FALSE
Munida intermedia,7,1999,FRA_7_LEU_1999_62_5_26,0.846002922005323,0.00388205455580669,119.368924628007,FALSE
Pisidia longicornis,1,2021,ESP_1_MOL_2021_35_5_4,0.00382092337640922,0.000243884593810209,119.217264348005,FALSE
Loligo forbesii,10,2019,ITA_10_SAN_2019_18_6_28,27.1339575917041,0.027109086965951,119.084792260067,FALSE
Munida rutllanti,6,1996,ESP_6_COR_1996_50_5_13,0.336688595515548,0.00197514477811224,118.898899260196,FALSE
Chlorophthalmus agassizi,9,2021,ITA_9_SAN_2021_136_8_29,1.31107624316737,0.0053678494308144,118.866678033659,FALSE
Monodaeus couchii,6,2006,ESP_6_COR_2006_90_5_29,0.0672995852379494,0.00054361711959033,118.748275937011,FALSE
Ceratoscopelus maderensis,6,2017,ESP_6_MOL_2017_75_5_13,0.0438037730826717,0.000357414484055608,118.658624623524,FALSE
Argentina sphyraena,10,2023,ITA_10_SAN_2023_28_12_13,1.6028653284108,0.00707437017847331,118.496835848043,FALSE
Molgula appendiculata,5,2012,ESP_5_COR_2012_144_6_2,0.587280701754386,0.00281021175539284,118.36343218925,FALSE
Lesueurigobius friesii,1,2011,ESP_1_COR_2011_3_5_5,0.0697946280559054,0.000581432677833986,117.856974082239,FALSE
Pagurus prideaux,1,2014,ESP_1_MOL_2014_45_5_6,0.836111208288146,0.00411366247520472,117.719234098458,FALSE
Venus casina,6,1995,ESP_6_COR_1995_105_5_20,2.00226518890057,0.00869477676851009,117.628719015452,FALSE
Spicara smaris,6,2015,ESP_6_MOL_2015_159_6_1,2.30333260764309,0.0090603906711984,117.463569644123,FALSE
Capros aper,1,1994,ESP_1_COR_1994_4_5_29,26.0753757126039,0.019625793924878,117.256892097598,FALSE
Pagurus cuanensis,6,2018,ESP_6_MOL_2018_120_5_28,0.0499832556093709,0.00049912777421456,117.160962009869,FALSE
Sea ball of Posidonia oceanica,11,2013,ITA_11_GIS_2013_53_7_15,4.48581953284148,0.0109008535196526,117.134154353818,FALSE
Laetmonice hystrix,5,2020,ESP_5_MOL_2020_93_6_20,0.256470436169815,0.00183248072077575,117.016645960892,FALSE
Meganyctiphanes norvegica,6,2004,ESP_6_COR_2004_51_5_17,0.0925964031441623,0.000994311173877226,116.942630855578,FALSE
Crystallogobius linearis,5,2013,ESP_5_COR_2013_161_6_19,0.056375195603029,0.000446179265655969,116.564900717516,FALSE
Spicara smaris,9,2000,ITA_9_FRP_2000_95_5_27,1.55384120371735,0.00758445968299515,116.483815851515,FALSE
Plesionika edwardsii,1,2021,ESP_1_MOL_2021_60_5_10,2.84957873429234,0.00810481239463326,116.432831290892,FALSE
Macroramphosus scolopax,11,2020,ITA_11_GIS_2020_27_10_27,18.7148777975457,0.0193622942815968,116.286212255923,FALSE
Capros aper,7,2015,FRA_7_LEU_2015_34_6_6,5.27719368441718,0.011616779756433,116.227231521827,FALSE
Hoplostethus mediterraneus mediterraneus,11,1998,ITA_11_NUS_1998_82_6_23,0.141297044065838,0.00109280875016338,115.966557015135,FALSE
Trigloporus lastoviza,6,2013,ESP_6_COR_2013_48_5_22,4.3484996137774,0.0154740909002172,115.901784796025,FALSE
Pasiphaea sivado,6,1998,ESP_6_COR_1998_48_5_18,0.475741361449257,0.00245923686439571,115.621207282,FALSE
Capros aper,1,2021,ESP_1_MOL_2021_2_4_27,24.7308855601395,0.019625793924878,115.435648638151,FALSE
Pasiphaea sivado,10,2004,ITA_10_PEC_2004_63_5_26,0.560763046132932,0.00299157249835777,115.128325129414,FALSE
Antedon mediterranea,6,2013,ESP_6_COR_2013_135_6_10,0.00944786667170553,7.52686148693149e-05,115.032058053505,FALSE
Polycarpa spp.,6,2018,ESP_6_MOL_2018_120_5_28,0.138453618037957,0.00108618342567751,115.027477091328,FALSE
Molgula appendiculata,6,2016,ESP_6_MOL_2016_73_5_12,0.358280989701235,0.00188725720830189,114.68629121226,FALSE
Bryozoa,6,2019,ESP_6_MOL_2019_165_6_7,0.0464478970714601,0.000295052346875865,114.626597963901,FALSE
Ascidiidae,7,2012,FRA_7_LEU_2012_39_6_8,0.562087696926491,0.00273532126249835,114.624517717643,FALSE
Calliostoma granulatum,5,2008,ESP_5_COR_2008_138_6_9,0.00255281128342587,3.43944005915837e-05,114.416780699744,FALSE
Macroramphosus scolopax,7,2004,FRA_7_LEU_2004_27_6_9,0.573762134861772,0.00306555141380642,114.249189834604,FALSE
Capros aper,9,2017,ITA_9_SAN_2017_107_10_8,1.8860661443704,0.00725507471097059,114.155136829983,FALSE
Macroramphosus scolopax,10,2017,ITA_10_SAN_2017_17_10_21,1.86789919319081,0.00684581179526142,114.130836879533,FALSE
Pasiphaea sivado,8,1995,FRA_8_LEU_1995_85_7_21,0.368956101078689,0.0021429872090604,114.068090211699,FALSE
Pagellus bogaraveo,7,2002,FRA_7_LEU_2002_5_6_12,6.90330318442549,0.018662444897715,114.002577804926,FALSE
Maurolicus muelleri,1,2000,ESP_1_COR_2000_2_5_22,0.0999557868069662,0.000675115295152837,113.898912522674,FALSE
Leptometra phalangium,6,2019,ESP_6_MOL_2019_167_6_7,0.0644464571866509,0.000389777734978654,113.893651762331,FALSE
Capros aper,1,2015,ESP_1_MOL_2015_70_5_9,23.5660302379485,0.019625793924878,113.779076978013,FALSE
Posidonia oceanica,11,2019,ITA_11_GIS_2019_99_6_27,67.81500067815,0.0259045745475632,113.724457144882,FALSE
Macropodia linaresi,5,2020,ESP_5_MOL_2020_57_6_12,0.145532129540637,0.00109486944166594,113.5942032403,FALSE
Munida rutllanti,6,2009,ESP_6_COR_2009_86_4_30,0.3194487298159,0.00197514477811224,113.543770578081,FALSE
Macroramphosus scolopax,1,2017,ESP_1_MOL_2017_60_5_8,0.341780298731801,0.00206381905430098,113.384100704423,FALSE
Capros aper,1,2019,ESP_1_MOL_2019_49_5_9,23.1806650926719,0.019625793924878,113.213699857736,FALSE
Pasiphaea sivado,1,2013,ESP_1_COR_2013_7_5_9,0.882906783408133,0.00399127231484991,113.208634878689,FALSE
Lepidopus caudatus,1,2011,ESP_1_COR_2011_24_5_11,10.199521675961,0.0159898236669525,113.164805516897,FALSE
Plesionika edwardsii,9,2008,ITA_9_LIB_2008_107_5_14,0.410939364968771,0.00228562233839279,113.147755240592,FALSE
Pagellus acarne,5,2019,ESP_5_MOL_2019_206_6_20,39.6436980654455,0.0269928150760772,113.126349407861,FALSE
Alcyonium palmatum,6,2012,ESP_6_COR_2012_119_5_25,0.0844824802196028,0.000572898352028258,112.765891571685,FALSE
Spicara smaris,9,2006,ITA_9_LIB_2006_149_6_3,1.4791361756116,0.00758445968299515,112.765473004139,FALSE
Macroramphosus scolopax,11,2013,ITA_11_GIS_2013_15_7_4,16.9933386774676,0.0193622942815968,112.699245999233,FALSE
Spicara smaris,9,1999,ITA_9_FRP_1999_150_6_21,1.46908817536939,0.00758445968299515,112.256817755256,FALSE
Pasiphaea sivado,1,2008,ESP_1_COR_2008_12_5_8,0.872946037332887,0.00399127231484991,112.253734074364,FALSE
Capros aper,1,2021,ESP_1_MOL_2021_21_5_1,22.4585097586902,0.019625793924878,112.129519360171,FALSE
Myctophum punctatum,9,2019,ITA_9_SAN_2019_66_6_15,0.0982181093053437,0.00079422771587151,112.054454314508,FALSE
Synchiropus phaeton,11,2004,ITA_11_GIS_2004_27_7_5,0.374533201179363,0.00299066531550353,111.995374601418,FALSE
Pisa armata,8,2015,FRA_8_LEU_2015_9_5_26,0.426112896539041,0.00281089009864389,111.89891941527,FALSE
Munida intermedia,9,2008,ITA_9_LIB_2008_152_5_5,0.194519226280326,0.00147535597900008,111.715209857364,FALSE
Glossanodon leioglossus,6,2018,ESP_6_MOL_2018_134_5_31,0.152462336138517,0.000917810349368971,111.714009321145,FALSE
Loligo spp.,8,2007,FRA_8_LEU_2007_20_6_13,0.681231821739509,0.00543953434901396,111.628654550791,FALSE
Microchirus boscanion,1,2009,ESP_1_COR_2009_10_4_10,82.1765520684172,0.0323446530762278,111.585876120875,FALSE
Porifera,5,2020,ESP_5_MOL_2020_80_6_17,2.38352055882376,0.00748761968078327,111.570448719357,FALSE
Pasiphaea sivado,10,2013,ITA_10_PEC_2013_68_6_26,0.539180018683045,0.00299157249835777,111.502797985946,FALSE
Crystallogobius linearis,5,2009,ESP_5_COR_2009_167_5_21,0.0538527835941286,0.000446179265655969,111.442105737784,FALSE
Eusergestes arcticus,5,2002,ESP_5_COR_2002_72_5_29,0.0447367362078295,0.000385974013141643,111.430633494613,FALSE
Spicara smaris,9,2005,ITA_9_LIB_2005_47_7_18,1.45222828452798,0.00758445968299515,111.398658593147,FALSE
Dardanus arrosor,1,2012,ESP_1_COR_2012_18_4_30,2.24137624940082,0.0089368347458267,111.25186618327,FALSE
Pagellus acarne,11,2020,ITA_11_GIS_2020_101_11_12,32.6044908687844,0.0295185107531455,111.144848612905,FALSE
Dardanus arrosor,6,2015,ESP_6_MOL_2015_127_5_25,0.441597243849268,0.00318961824826166,110.992580926519,FALSE
Microcosmus vulgaris,6,2019,ESP_6_MOL_2019_73_5_17,0.204233868317626,0.001563303507148,110.862278981182,FALSE
Macroramphosus scolopax,6,2021,ESP_6_MOL_2021_136_5_28,0.569459295393636,0.00305607371841293,110.74824393345,FALSE
Gryphus vitreus,8,2012,FRA_8_LEU_2012_10_5_27,0.550624180977998,0.0027596134580524,110.474683164188,FALSE
Munida rutllanti,6,2017,ESP_6_MOL_2017_82_5_15,0.309575233981282,0.00197514477811224,110.445217761095,FALSE
Pasiphaea sivado,9,2009,ITA_9_LIB_2009_55_6_11,2.75613636535895,0.00880709463308738,110.347784716852,FALSE
Leptometra phalangium,10,2013,ITA_10_PEC_2013_17_7_2,0.0820659735822171,0.000539453722531139,110.273503883592,FALSE
Mora moro,5,2009,ESP_5_COR_2009_122_5_10,0.0929430303750435,0.000686141800825862,110.198000046791,FALSE
Aporrhais serresianus,6,2005,ESP_6_COR_2005_68_5_25,0.0132835138309844,0.000113668655868144,110.176326925025,FALSE
Glossanodon leioglossus,6,2019,ESP_6_MOL_2019_131_5_31,0.149989973930866,0.000917810349368971,110.012277207603,FALSE
Heteroteuthis dispar,5,2019,ESP_5_MOL_2019_188_6_15,0.0170939331273547,0.000206918608590135,109.848028748765,FALSE
Glossanodon leioglossus,7,2012,FRA_7_LEU_2012_80_6_21,1.80287048411713,0.00680210580675902,109.774561351916,FALSE
Lepidopus caudatus,8,1995,FRA_8_LEU_1995_69_7_14,1.29641008707847,0.0063789572387243,109.701224574572,FALSE
Capros aper,7,2015,FRA_7_LEU_2015_26_6_2,4.65306424125281,0.011616779756433,109.55904517854,FALSE
Capros aper,7,2020,FRA_7_LEU_2020_31_10_18,4.65129900036368,0.011616779756433,109.539159331303,FALSE
Solenocera membranacea,9,2003,ITA_9_CIR_2003_144_7_8,0.178425476531626,0.00138832148804184,109.479265150821,FALSE
Pasiphaea sivado,11,1999,ITA_11_NUS_1999_1_5_17,1.5835183357805,0.00714758322699517,109.42705033005,FALSE
Pasiphaea sivado,10,2012,ITA_10_PEC_2012_14_6_27,0.525942170807536,0.00299157249835777,109.253858385241,FALSE
Pagurus prideaux,1,2009,ESP_1_COR_2009_11_4_10,0.757834110113296,0.00411366247520472,109.221562006849,FALSE
Pasiphaea sivado,9,1995,ITA_9_FRP_1995_2_7_10,2.69933378822506,0.00880709463308738,109.068715585516,FALSE
Glossanodon leioglossus,6,2017,ESP_6_MOL_2017_166_6_3,0.148544544892147,0.000917810349368971,109.015689841477,FALSE
Cyclothone pygmaea,6,2005,ESP_6_COR_2005_49_5_21,0.00133570556380119,7.10492840494943e-05,108.88766836794,FALSE
Eusergestes arcticus,5,1998,ESP_5_COR_1998_57_5_20,0.0436434526589525,0.000385974013141643,108.741093069992,FALSE
Pasiphaea sivado,5,2007,ESP_5_COR_2007_148_6_24,0.0679571307787567,0.000528464107325564,108.6171441445,FALSE
Pagellus bogaraveo,9,2021,ITA_9_SAN_2021_11_9_12,4.15619476692477,0.0163329372272372,108.469304482677,FALSE
Pagellus acarne,6,2014,ESP_6_MOL_2014_92_5_17,35.3947181700589,0.0305143503509034,108.295460447589,FALSE
Pagurus prideaux,1,1994,ESP_1_COR_1994_4_5_29,0.749228110925417,0.00411366247520472,108.264309020559,FALSE
Capros aper,7,2021,FRA_7_LEU_2021_28_5_31,4.53724726019871,0.011616779756433,108.240995460477,FALSE
Macroramphosus scolopax,1,2019,ESP_1_MOL_2019_69_5_14,0.323538956177393,0.00206381905430098,108.067801573581,FALSE
Pasiphaea sivado,11,2009,ITA_11_GIS_2009_92_7_9,1.55237364494635,0.00714758322699517,108.01820466863,FALSE
Leaves of Posidonia oceanica,10,2014,ITA_10_PEC_2014_49_9_5,0.617093489663684,0.00316648947648556,107.981697850685,FALSE
Xenophora crispa,1,2011,ESP_1_COR_2011_16_5_9,0.126723438767234,0.000917730737617965,107.813687969295,FALSE
Spicara smaris,9,2000,ITA_9_FRP_2000_130_6_14,1.38201796954039,0.00758445968299515,107.760384874326,FALSE
Alloteuthis subulata,6,2004,ESP_6_COR_2004_117_5_31,0.786626451325803,0.00522993845813246,107.551081795153,FALSE
Maurolicus muelleri,6,2003,ESP_6_COR_2003_49_5_6,0.0672733733806996,0.000528268476867673,107.53519973096,FALSE
Crystallogobius linearis,6,2018,ESP_6_MOL_2018_87_5_20,0.00258835950758365,0.000142795871678836,107.389783164528,FALSE
Plesionika edwardsii,9,2021,ITA_9_SAN_2021_41_9_9,0.386531829300849,0.00228562233839279,107.374060084324,FALSE
Spicara smaris,6,2014,ESP_6_MOL_2014_66_5_13,1.98224007990565,0.0090603906711984,107.335091737508,FALSE
Brissopsis atlantica mediterranea,1,2019,ESP_1_MOL_2019_24_5_3,0.0304432601519719,0.000277109451128481,107.28558885701,FALSE
Funiculina quadrangularis,5,2019,ESP_5_MOL_2019_197_6_17,0.110213078618663,0.0007350127761563,107.219429778262,FALSE
Sepietta oweniana,6,2013,ESP_6_COR_2013_59_5_24,0.198684534874002,0.00158011582248979,107.088341791047,FALSE
Chlorophthalmus agassizi,9,2020,ITA_9_SAN_2020_4_11_3,1.12710869982354,0.0053678494308144,107.020895876787,FALSE
Glossanodon leioglossus,6,2013,ESP_6_COR_2013_107_6_5,0.14565001292408,0.000917810349368971,107.016205946374,FALSE
Munida rutllanti,8,2022,FRA_8_LEU_2022_22_5_20,0.153133828135107,0.00113338641198546,106.902958205657,FALSE
Leptopentacta elongata,6,2018,ESP_6_MOL_2018_112_5_25,0.0122578631549273,0.000137130194148929,106.753431240106,FALSE
Lytocarpia myriophyllum,1,2012,ESP_1_COR_2012_12_4_28,0.0111872200232277,9.00608727186128e-05,106.740693442341,FALSE
Plesionika edwardsii,9,2016,ITA_9_SAN_2016_4_6_15,0.38373349527352,0.00228562233839279,106.705619430319,FALSE
Chlorophthalmus agassizi,9,2023,ITA_9_SAN_2023_136_10_2,1.12226564521395,0.0053678494308144,106.695378953541,FALSE
Capros aper,9,2010,ITA_9_LIB_2010_107_5_21,1.68831789016328,0.00725507471097059,106.457930710064,FALSE
Capros aper,7,2017,FRA_7_LEU_2017_45_6_11,4.38270135166787,0.011616779756433,106.438591484996,FALSE
Munida intermedia,6,2006,ESP_6_COR_2006_64_5_21,0.434192672998643,0.00261143576738491,106.35792496557,FALSE
Sergia robusta,9,2000,ITA_9_FRP_2000_33_7_9,0.0963415820475117,0.000824114213390967,106.253314714054,FALSE
Aporrhais serresianus,1,1995,ESP_1_COR_1995_21_4_27,0.00780157213499084,7.52761206673658e-05,106.122766904061,FALSE
Mimachlamys varia,7,2015,FRA_7_LEU_2015_54_6_12,0.0791274188351686,0.000693114150635981,106.042976948203,FALSE
Abralia veranyi,1,2013,ESP_1_COR_2013_19_5_12,0.206795496978816,0.00141027792031863,106.003091619116,FALSE
Ceratoscopelus maderensis,1,1999,ESP_1_COR_1999_2_5_4,0.0424359416116276,0.000375670390391521,105.917216378083,FALSE
Ceratoscopelus maderensis,1,2021,ESP_1_MOL_2021_26_5_2,0.0423837725911123,0.000375670390391521,105.788508359416,FALSE
Xenophora crispa,1,1998,ESP_1_COR_1998_15_5_8,0.124161190099444,0.000917730737617965,105.740525848596,FALSE
Macroramphosus scolopax,10,2019,ITA_10_SAN_2019_16_6_28,1.65440677944382,0.00684581179526142,105.696217466371,FALSE
Suberites domuncula,11,2013,ITA_11_GIS_2013_25_7_5,0.715475840439087,0.00416850247213445,105.5708988327,FALSE
Posidonia oceanica,11,2016,ITA_11_GIS_2016_1_6_7,49.8521269377587,0.0259045745475632,105.544980822622,FALSE
Pagellus bogaraveo,9,2019,ITA_9_SAN_2019_152_6_11,3.91254964329194,0.0163329372272372,105.236208546404,FALSE
Botryllus spp.,6,2016,ESP_6_MOL_2016_132_5_26,0.186454471896581,0.00127205483521635,105.122955561685,FALSE
Alcyonium palmatum,11,2014,ITA_11_GIS_2014_39_8_1,0.0421841252699784,0.000541147698507857,105.101478640771,FALSE
Capros aper,1,2011,ESP_1_COR_2011_16_5_9,18.0406830513542,0.019625793924878,104.668441124334,FALSE
Macroramphosus scolopax,1,2016,ESP_1_MOL_2016_70_5_10,0.31200268077898,0.00206381905430098,104.667686831294,FALSE
Dictyota dichotoma,1,2019,ESP_1_MOL_2019_54_5_10,1.37085966339922,0.00603901972078543,104.611929346323,FALSE
Argentina sphyraena,6,2007,ESP_6_COR_2007_73_6_5,0.681791602741121,0.00460240203740297,104.526490634679,FALSE
Peyssonnelia spp.,5,2020,ESP_5_MOL_2020_80_6_17,28.7800402464129,0.0228011015953903,104.384066730951,FALSE
Polychaeta,6,2021,ESP_6_MOL_2021_94_5_20,0.030912781214791,0.000393006836353918,104.130926660351,FALSE
Maurolicus muelleri,1,1994,ESP_1_COR_1994_6_5_29,0.0910605884768839,0.000675115295152837,104.122188826157,FALSE
Capros aper,7,1999,FRA_7_LEU_1999_28_5_14,4.17286879635437,0.011616779756433,103.906761084102,FALSE
Chlorophthalmus agassizi,9,1999,ITA_9_FRP_1999_40_6_27,1.07975259802384,0.0053678494308144,103.805643213153,FALSE
Spicara smaris,9,2012,ITA_9_LIB_2012_143_6_19,1.30797569466568,0.00758445968299515,103.805478004589,FALSE
Munida intermedia,5,2008,ESP_5_COR_2008_156_6_14,0.279136458700106,0.00199620720630801,103.782789187197,FALSE
Glossanodon leioglossus,6,2016,ESP_6_MOL_2016_130_5_25,0.140377352934579,0.000917810349368971,103.360942474313,FALSE
Venus casina,6,2007,ESP_6_COR_2007_78_6_6,1.62980065043072,0.00869477676851009,103.343540666067,FALSE
Macroramphosus scolopax,9,2019,ITA_9_SAN_2019_42_6_17,2.27347854415392,0.00835923207749687,103.281979217266,FALSE
Pagellus acarne,11,2021,ITA_11_GIS_2021_46_9_1,25.2230927068172,0.0295185107531455,103.236220025711,FALSE
Pasiphaea sivado,6,2011,ESP_6_COR_2011_75_5_26,0.414832846215864,0.00245923686439571,103.018997249009,FALSE
Alpheus glaber,6,1995,ESP_6_COR_1995_92_5_18,0.0318514029573612,0.000349524419027886,102.96587009916,FALSE
Astropecten irregularis pentacanthus,9,2017,ITA_9_SAN_2017_117_10_7,0.0267759554062528,0.000256508913684751,102.959057621507,FALSE
Veretillum cynomorium,7,2015,FRA_7_LEU_2015_54_6_12,0.0639415878551257,0.00051190777713353,102.940567361022,FALSE
Pasiphaea sivado,1,1998,ESP_1_COR_1998_8_5_6,0.774715480597834,0.00399127231484991,102.55508982832,FALSE
Pagellus acarne,9,2006,ITA_9_LIB_2006_149_6_3,5.32489023220174,0.0175848445330696,102.53232669142,FALSE
Macroramphosus scolopax,6,2018,ESP_6_MOL_2018_134_5_31,0.517680677870835,0.00305607371841293,102.449081711431,FALSE
Macroramphosus scolopax,11,1996,ITA_11_NUS_1996_104_7_29,12.8531923071036,0.0193622942815968,102.434157690567,FALSE
Myctophidae,5,2008,ESP_5_COR_2008_86_5_26,0.00782981080381263,0.000111985554469091,102.384785346298,FALSE
Plesionika narval,6,2013,ESP_6_COR_2013_98_6_2,0.0184065677882086,0.000239463808328515,102.377352383744,FALSE
Pagellus bogaraveo,1,1996,ESP_1_COR_1996_22_5_7,24.0677828344069,0.0309597924773338,102.360899754411,FALSE
Pagellus acarne,10,1998,ITA_10_SAN_1998_57_6_8,8.1366719323112,0.0203976454521066,102.318196228341,FALSE
Maurolicus muelleri,10,2009,ITA_10_PEC_2009_13_7_11,0.0854775235525516,0.000668832047993971,102.277968755357,FALSE
Eusergestes arcticus,1,2001,ESP_1_COR_2001_20_5_17,0.0539632979567454,0.000463006562747622,102.260307665652,FALSE
Ocnus planci,7,2013,FRA_7_LEU_2013_53_6_13,0.671886249100072,0.00380256673254447,102.256515240346,FALSE
Spicara smaris,9,1996,ITA_9_FRP_1996_130_7_5,1.27898607060703,0.00758445968299515,102.222350389651,FALSE
Desmacella annexa,5,2020,ESP_5_MOL_2020_70_6_15,0.0146321070234114,0.000113914677906248,102.200413760715,FALSE
Polychaeta,1,2013,ESP_1_COR_2013_15_5_11,0.0836317942992388,0.000639673487119959,102.193261702898,FALSE
Glossanodon leioglossus,6,2017,ESP_6_MOL_2017_129_5_25,0.138484558735091,0.000917810349368971,102.044641928762,FALSE
Spicara smaris,6,2017,ESP_6_MOL_2017_135_5_28,1.82162207468461,0.0090603906711984,101.851454938571,FALSE
Deltentosteus quadrimaculatus,11,2012,ITA_11_GIS_2012_22_6_11,0.665797731070133,0.00438564394739804,101.841789265656,FALSE
Munida intermedia,9,2012,ITA_9_LIB_2012_98_6_28,0.176050827830115,0.00147535597900008,101.839909324794,FALSE
Dardanus arrosor,5,2007,ESP_5_COR_2007_157_6_26,3.02332515474065,0.0102230933585012,101.797197189678,FALSE
Pasiphaea sivado,9,2003,ITA_9_CIR_2003_109_7_5,2.38928605508173,0.00880709463308738,101.72126521037,FALSE
Macroramphosus scolopax,10,2018,ITA_10_SAN_2018_68_7_19,1.55788471834324,0.00684581179526142,101.657583010316,FALSE
Carapus acus,9,2007,ITA_9_LIB_2007_26_9_1,0.0944352418779277,0.00101446592058997,101.642316140221,FALSE
Goneplax rhomboides,9,2005,ITA_9_LIB_2005_120_7_6,0.0651557766025606,0.000772797648741713,101.392414786334,FALSE
Pagurus prideaux,7,2023,FRA_7_LEU_2023_84_6_24,4.37998456393105,0.0119445771619685,101.367001988184,FALSE
Pagellus acarne,10,2001,ITA_10_SAN_2001_57_5_13,7.91199177421375,0.0203976454521066,101.156041751433,FALSE
Rondeletiola minor,10,2002,ITA_10_GAB_2002_9_8_3,0.0613575791171337,0.000539403262660842,101.144401240191,FALSE
Capros aper,6,2016,ESP_6_MOL_2016_95_5_17,14.0320608348612,0.0191059591826416,101.065832456803,FALSE
Ceratoscopelus maderensis,6,2018,ESP_6_MOL_2018_97_5_22,0.0371930563984112,0.000357414484055608,100.92594996987,FALSE
Pasiphaea sivado,1,2009,ESP_1_COR_2009_1_4_8,0.75848732142933,0.00399127231484991,100.901310024852,FALSE
Meganyctiphanes norvegica,6,2006,ESP_6_COR_2006_77_5_25,0.0794934044322342,0.000994311173877226,100.829494747552,FALSE
Eusergestes arcticus,1,1994,ESP_1_COR_1994_11_5_30,0.0531908426645269,0.000463006562747622,100.821110222418,FALSE
Chlorophthalmus agassizi,9,1999,ITA_9_FRP_1999_54_6_5,1.0342515294653,0.0053678494308144,100.646614368585,FALSE
Pasiphaea sivado,1,2009,ESP_1_COR_2009_39_4_16,0.755781730236308,0.00399127231484991,100.624104940358,FALSE
Capros aper,7,2023,FRA_7_LEU_2023_26_6_3,3.90750929919264,0.011616779756433,100.553677476351,FALSE
Pagellus acarne,9,2020,ITA_9_SAN_2020_149_10_17,5.09702556545777,0.0175848445330696,100.473238405464,FALSE
Bolinus brandaris,10,2015,ITA_10_PEC_2015_46_6_15,0.046662846824322,0.000479225571476494,100.413429927541,FALSE
Eutrigla gurnardus,6,2015,ESP_6_MOL_2015_97_5_18,3.71252010279467,0.0129078520482878,100.375792366613,FALSE
Spicara smaris,9,2021,ITA_9_SAN_2021_93_8_24,1.24361562286366,0.00758445968299515,100.263263266684,FALSE
Capros aper,9,1994,ITA_9_FRP_1994_98_6_3,1.53074505433061,0.00725507471097059,99.907710589697,FALSE
Pagellus acarne,9,2023,ITA_9_SAN_2023_87_9_28,5.0356821767014,0.0175848445330696,99.9057570857276,FALSE
Plesionika gigliolii,1,2002,ESP_1_COR_2002_42_5_21,0.865637841846958,0.00450861099614153,99.8937700582896,FALSE
Gracilechinus acutus,9,2017,ITA_9_SAN_2017_127_9_30,0.090815039551766,0.000663626876357591,99.87520915708,FALSE
Capros aper,7,2013,FRA_7_LEU_2013_75_6_20,3.84110821173141,0.011616779756433,99.6862661313071,FALSE
Peyssonnelia spp.,5,2016,ESP_5_MOL_2016_192_6_11,24.4908030862339,0.0228011015953903,99.5687401503343,FALSE
Lepidopus caudatus,6,2007,ESP_6_COR_2007_51_5_31,1.5672516818419,0.0080437185897117,99.5496536912113,FALSE
Ceratoscopelus maderensis,1,2017,ESP_1_MOL_2017_39_5_3,0.0398484294580051,0.000375670390391521,99.5256984793758,FALSE
Plesionika gigliolii,1,2000,ESP_1_COR_2000_36_5_31,0.860834724087786,0.00450861099614153,99.4778307461861,FALSE
Macroramphosus scolopax,7,2003,FRA_7_LEU_2003_30_6_12,0.484443733064926,0.00306555141380642,99.4282878296971,FALSE
Neopycnodonte cochlear,6,2018,ESP_6_MOL_2018_70_5_16,16.9249389027722,0.0218293848232232,99.3065799122303,FALSE
Ceratoscopelus maderensis,1,1999,ESP_1_COR_1999_6_5_5,0.0397564222748689,0.000375670390391521,99.2981351180928,FALSE
Spicara smaris,6,2005,ESP_6_COR_2005_37_5_18,1.74969679064103,0.0090603906711984,99.2938801912719,FALSE
Spicara smaris,9,1997,ITA_9_FRP_1997_102_6_19,1.22468478958084,0.00758445968299515,99.2020011927602,FALSE
Lepidopus caudatus,6,1996,ESP_6_COR_1996_82_5_20,1.55475890908503,0.0080437185897117,99.0301855253537,FALSE
Myctophum punctatum,10,2015,ITA_10_PEC_2015_60_6_7,0.0311258559645465,0.000332815442257493,98.9908776126816,FALSE
Adamsia palliata,5,2019,ESP_5_MOL_2019_181_6_13,0.0427908756788144,0.000366188919128642,98.9837180788567,FALSE
Adamsia palliata,7,2014,FRA_7_LEU_2014_67_6_18,0.0394894460737742,0.000290367475354419,98.903088229284,FALSE
Deltentosteus quadrimaculatus,9,1997,ITA_9_FRP_1997_28_7_21,0.125257284944175,0.00145367373753377,98.7949924336266,FALSE
Ostrea edulis,10,2018,ITA_10_SAN_2018_69_7_19,4.00833734167067,0.0138763167040277,98.7769330156418,FALSE
Pasiphaea sivado,5,2021,ESP_5_MOL_2021_270_8_25,0.061598828390284,0.000528464107325564,98.6721205566278,FALSE
Epigonus denticulatus,1,2013,ESP_1_COR_2013_38_5_18,0.4014991123764,0.0029492437264171,98.6477595855779,FALSE
Pagellus bogaraveo,7,2001,FRA_7_LEU_2001_23_6_10,4.99653934370674,0.018662444897715,98.6394078409902,FALSE
Epigonus denticulatus,1,1996,ESP_1_COR_1996_22_5_7,0.400694176758132,0.0029492437264171,98.4783813800763,FALSE
Munida rutllanti,6,2004,ESP_6_COR_2004_70_5_21,0.271429346940991,0.00197514477811224,98.2505204092556,FALSE
Macroramphosus scolopax,6,2019,ESP_6_MOL_2019_140_6_1,0.491965110647059,0.00305607371841293,98.2215128836056,FALSE
Capros aper,7,2009,FRA_7_LEU_2009_29_5_31,3.72215030837241,0.011616779756433,98.1021171337359,FALSE
Capros aper,6,2018,ESP_6_MOL_2018_93_5_21,12.828298278266,0.0191059591826416,97.9313206924467,FALSE
Myctophum punctatum,1,1999,ESP_1_COR_1999_2_5_4,0.0256495723032306,0.00029769463113498,97.9154141252626,FALSE
Maurolicus muelleri,1,2016,ESP_1_MOL_2016_20_4_28,0.0853259676597279,0.000675115295152837,97.7769113158674,FALSE
Macroramphosus scolopax,11,2000,ITA_11_NUS_2000_107_7_17,11.2955894621813,0.0193622942815968,97.7518052533391,FALSE
Epigonus denticulatus,1,2009,ESP_1_COR_2009_20_4_12,0.396726691215203,0.0029492437264171,97.6421002592365,FALSE
Pasiphaea sivado,1,1997,ESP_1_COR_1997_15_5_13,0.726018167878633,0.00399127231484991,97.546126184177,FALSE
Spicara smaris,6,2015,ESP_6_MOL_2015_73_5_11,1.70125993613915,0.0090603906711984,97.5335454318015,FALSE
Plesionika narval,6,2017,ESP_6_MOL_2017_129_5_25,0.0175270130427081,0.000239463808328515,97.4630040512133,FALSE
Squalus acanthias,6,2015,ESP_6_MOL_2015_97_5_18,2.57421417461933,0.0315174186350006,97.306709733851,FALSE
Capros aper,7,2010,FRA_7_LEU_2010_27_5_29,3.6531104778583,0.011616779756433,97.1643166963411,FALSE
Marionia blainvillea,7,2014,FRA_7_LEU_2014_44_6_12,0.00296446872485495,3.77388396816352e-05,97.1377294457356,FALSE
Lepidopus caudatus,6,2015,ESP_6_MOL_2015_133_5_27,1.50337650463289,0.0080437185897117,96.8665773207626,FALSE
Nudibranchia,7,2012,FRA_7_LEU_2012_34_6_7,0.045694417855437,0.000359971202303816,96.8034372788359,FALSE
Polycarpa mamillaris,1,2018,ESP_1_MOL_2018_40_5_6,0.158826475966296,0.00118358211060817,96.7922191138609,FALSE
Microcosmus spp.,11,2021,ITA_11_GIS_2021_39_8_30,1.0100453602189,0.00605812416617455,96.7618075604222,FALSE
Glossanodon leioglossus,7,2013,FRA_7_LEU_2013_66_6_15,1.48024035017266,0.00680210580675902,96.6632850448654,FALSE
Capros aper,9,2005,ITA_9_LIB_2005_107_7_3,1.45552693496198,0.00725507471097059,96.6357013704118,FALSE
Capros aper,10,2003,ITA_10_DAP_2003_34_8_10,0.911016261189721,0.00544828708443768,96.5326143583949,FALSE
Pagurus prideaux,6,1995,ESP_6_COR_1995_90_5_18,0.435952380952381,0.00286728864774256,96.4681321373861,FALSE
Capros aper,9,2020,ITA_9_SAN_2020_75_10_14,1.45153604261635,0.00725507471097059,96.4593074780954,FALSE
Macroramphosus scolopax,7,2022,FRA_7_LEU_2022_64_6_4,0.467024950159482,0.00306555141380642,96.4342205928341,FALSE
Trigloporus lastoviza,6,2021,ESP_6_MOL_2021_73_5_15,3.04580907232872,0.0154740909002172,96.4296455907253,FALSE
Epigonus denticulatus,6,2006,ESP_6_COR_2006_55_5_18,0.168201629397448,0.00134601361007624,96.4260860663862,FALSE
Lepidopus caudatus,6,2007,ESP_6_COR_2007_49_5_31,1.49191731683685,0.0080437185897117,96.3780000387733,FALSE
Funiculina quadrangularis,6,2019,ESP_6_MOL_2019_114_5_26,0.191237516996109,0.00125884529554254,96.23389589472,FALSE
Spicara smaris,9,1995,ITA_9_FRP_1995_149_6_27,1.17202991759241,0.00758445968299515,96.201984177722,FALSE
Lepidopus caudatus,6,2002,ESP_6_COR_2002_49_5_23,1.48658417370366,0.0080437185897117,96.1498479374033,FALSE
Euspira fusca,6,2006,ESP_6_COR_2006_90_5_29,0.0130818294900733,0.000173506735965257,96.0791092968644,FALSE
Funiculina quadrangularis,5,2015,ESP_5_MOL_2015_226_6_18,0.0982981512004289,0.0007350127761563,96.0757118741351,FALSE
Microcosmus vulgaris,6,2018,ESP_6_MOL_2018_68_5_15,0.17497600812901,0.001563303507148,96.0656158352105,FALSE
Luidia ciliaris,5,2020,ESP_5_MOL_2020_78_6_17,0.771593316943159,0.00623491130471292,96.0511416206502,FALSE
Macroramphosus scolopax,1,2021,ESP_1_MOL_2021_68_5_12,0.283013209253858,0.00206381905430098,95.989811434188,FALSE
Pagellus acarne,9,2023,ITA_9_SAN_2023_11_10_30,4.62640316862974,0.0175848445330696,95.9651830524233,FALSE
Pasiphaea sivado,1,2009,ESP_1_COR_2009_14_4_10,0.710543531751982,0.00399127231484991,95.9247896352997,FALSE
Heteroteuthis dispar,6,1997,ESP_6_COR_1997_64_5_26,0.0105380562286066,0.000182146116398552,95.770392186884,FALSE
Lepidopus caudatus,1,2007,ESP_1_COR_2007_43_5_29,6.73026226734738,0.0159898236669525,95.6842811882781,FALSE
Annelida,7,2013,FRA_7_LEU_2013_54_6_13,0.00789963146577057,7.44605107840905e-05,95.6429628742762,FALSE
Brissopsis atlantica mediterranea,1,2021,ESP_1_MOL_2021_7_4_28,0.027109086965951,0.000277109451128481,95.5831249168734,FALSE
Trigla lyra,10,2001,ITA_10_SAN_2001_62_5_16,1.71398843466545,0.0100865577709567,95.5553380304469,FALSE
Eusergestes arcticus,6,2006,ESP_6_COR_2006_55_5_18,0.0685468171535426,0.000587181131286655,95.532137973722,FALSE
Macroramphosus scolopax,9,1997,ITA_9_FRP_1997_104_6_25,1.99439656950099,0.00835923207749687,95.4660296957416,FALSE
Pagellus acarne,11,2020,ITA_11_GIS_2020_87_11_10,19.4958280002173,0.0295185107531455,95.3786179247827,FALSE
Spicara smaris,6,2008,ESP_6_COR_2008_46_5_17,1.64269380935118,0.0090603906711984,95.3624353864441,FALSE
Calocaris macandreae,6,2003,ESP_6_COR_2003_105_5_18,0.0137923135767452,0.000191045863769168,95.2422474228522,FALSE
Abralia veranyi,9,2019,ITA_9_SAN_2019_69_6_16,0.0798720013023715,0.000779080227313862,95.0052294863133,FALSE
Sea ball of Posidonia oceanica,11,2014,ITA_11_GIS_2014_96_8_13,2.98302028694847,0.0109008535196526,94.9635436993988,FALSE
Lepidopus caudatus,7,2002,FRA_7_LEU_2002_53_6_26,0.737184140911454,0.00555182361603847,94.8241072826696,FALSE
Aphia minuta,6,2004,ESP_6_COR_2004_117_5_31,0.105462304936056,0.000844768264663794,94.8184708917241,FALSE
Liocarcinus vernalis,9,2015,ITA_9_LIB_2015_122_7_4,0.665070497472732,0.00508701104188032,94.6521434204288,FALSE
Dardanus arrosor,1,1997,ESP_1_COR_1997_24_5_16,1.72147540568593,0.0089368347458267,94.5870862741112,FALSE
Macroramphosus scolopax,7,2021,FRA_7_LEU_2021_68_6_13,0.45604495903436,0.00306555141380642,94.5285768679077,FALSE
Pasiphaea sivado,5,2006,ESP_5_COR_2006_70_5_23,0.0589502093490934,0.000528464107325564,94.5118286092973,FALSE
Desmacella annexa,5,2021,ESP_5_MOL_2021_260_8_23,0.0135208299799529,0.000113914677906248,94.4294553726224,FALSE
Scalpellum scalpellum,7,2019,FRA_7_LEU_2019_74_6_17,0.00756868986207149,8.12849525295877e-05,94.3775479817256,FALSE
Maurolicus muelleri,1,2012,ESP_1_COR_2012_35_5_4,0.0821387193115784,0.000675115295152837,94.23575473599,FALSE
Xenophora crispa,1,2013,ESP_1_COR_2013_1_5_8,0.109980573728363,0.000917730737617965,94.1805946221644,FALSE
Macroramphosus scolopax,6,2013,ESP_6_COR_2013_115_6_6,0.467779258333245,0.00305607371841293,94.1783963806848,FALSE
Isidella elongata,8,2013,FRA_8_LEU_2013_1_5_24,0.101953427674238,0.000698522504468135,94.1541985587997,FALSE
Argentina sphyraena,6,1998,ESP_6_COR_1998_84_5_29,0.597811748572504,0.00460240203740297,94.1351376860247,FALSE
Maurolicus muelleri,9,2013,ITA_9_LIB_2013_64_7_16,0.0676765285881551,0.000657211035073824,94.1106666469127,FALSE
Argyropelecus hemigymnus,9,2011,ITA_9_LIB_2011_1_5_31,0.0137667498212239,0.000166362098061442,94.0562138855977,FALSE
Macroramphosus scolopax,6,2019,ESP_6_MOL_2019_114_5_26,0.466736130613877,0.00305607371841293,94.0025228394228,FALSE
Xenophora crispa,1,2018,ESP_1_MOL_2018_49_5_8,0.109576863241504,0.000917730737617965,93.8493348608596,FALSE
Capros aper,1,2014,ESP_1_MOL_2014_7_4_27,13.0654678737321,0.019625793924878,93.8389770817118,FALSE
Lepidopus caudatus,5,2001,ESP_5_COR_2001_71_6_1,1.53790686596193,0.00848829528950806,93.7789855882873,FALSE
Eupogodon planus,5,2019,ESP_5_MOL_2019_205_6_20,0.0211992731677771,0.00018200791127721,93.7269107060157,FALSE
Macropodia longipes,1,2007,ESP_1_COR_2007_3_5_19,0.0711793440334962,0.000690744029998026,93.6855048061178,FALSE
Capros aper,6,2017,ESP_6_MOL_2017_94_5_17,11.3495306066139,0.0191059591826416,93.6840721225074,FALSE
Philine aperta,10,2012,ITA_10_PEC_2012_46_6_28,0.00497736484084283,0.000105659494708933,93.6601488932567,FALSE
Inachus thoracicus,5,2019,ESP_5_MOL_2019_211_6_21,1.77166778644891,0.0086851950828434,93.5863048063365,FALSE
Munida intermedia,9,2009,ITA_9_LIB_2009_65_6_14,0.160794162367935,0.00147535597900008,93.5642809221443,FALSE
Capros aper,1,2019,ESP_1_MOL_2019_59_5_12,12.9225428901531,0.019625793924878,93.4737677861315,FALSE
Pagellus bogaraveo,6,2005,ESP_6_COR_2005_98_6_1,3.19887857053387,0.0174561613408235,93.4620338784304,FALSE
Capros aper,9,2006,ITA_9_LIB_2006_107_6_11,1.38104902434047,0.00725507471097059,93.2956059848813,FALSE
Cidaris cidaris,5,2019,ESP_5_MOL_2019_203_6_19,0.396310001563559,0.00330258644664875,93.2132058900224,FALSE
Lepidopus caudatus,1,2013,ESP_1_COR_2013_43_5_19,6.28674396065117,0.0159898236669525,92.8982674844472,FALSE
Macroramphosus scolopax,10,2020,ITA_10_SAN_2020_23_12_20,1.35794950352162,0.00684581179526142,92.7835976286532,FALSE
Pasiphaea sivado,9,2000,ITA_9_FRP_2000_67_6_20,2.03989658198724,0.00880709463308738,92.5890792707385,FALSE
Macroramphosus scolopax,1,1994,ESP_1_COR_1994_23_6_2,0.271706858435412,0.00206381905430098,92.5520396801631,FALSE
Argentina sphyraena,9,1994,ITA_9_FRP_1994_26_6_24,1.51167330647328,0.00859354388572974,92.3681997244794,FALSE
Pennatula rubra,6,2019,ESP_6_MOL_2019_106_5_24,0.0174760212731369,0.000170307185503452,92.3462855156915,FALSE
Pagurus cuanensis,6,2016,ESP_6_MOL_2016_132_5_26,0.0392808083849237,0.00049912777421456,92.2963161153583,FALSE
Pasiphaea sivado,1,2007,ESP_1_COR_2007_18_5_22,0.676364324238452,0.00399127231484991,92.2911045335295,FALSE
Sepiola spp.,9,1994,ITA_9_FRP_1994_7_6_29,0.0601614492652482,0.000626528730101447,92.1612579384156,FALSE
Glossanodon leioglossus,1,2005,ESP_1_COR_2005_28_5_16,0.0228652030147112,0.000221288935053292,91.9279092454722,FALSE
Lepidopus caudatus,5,2007,ESP_5_COR_2007_164_6_27,1.48947647653188,0.00848829528950806,91.8211496431059,FALSE
Dromia personata,5,2014,ESP_5_MOL_2014_204_6_13,0.0892359174567764,0.00126221480143087,91.6084672575174,FALSE
Pasiphaea sivado,9,2006,ITA_9_LIB_2006_25_6_28,2.00366430127417,0.00880709463308738,91.5826098500235,FALSE
Processa nouveli,5,2007,ESP_5_COR_2007_157_6_26,0.00782948956057312,0.000170625940644242,91.3861961268076,FALSE
Lepidotrigla dieuzeidei,1,2014,ESP_1_MOL_2014_62_5_10,0.558715950898046,0.0046480469424452,91.3566289181507,FALSE
Funiculina quadrangularis,6,2018,ESP_6_MOL_2018_110_5_25,0.180727388449948,0.00125884529554254,91.3251082212107,FALSE
Pagurus alatus,5,2007,ESP_5_COR_2007_120_6_17,0.0285114541668044,0.000298568226936365,91.2957793762427,FALSE
Pasiphaea sivado,1,2018,ESP_1_MOL_2018_23_5_2,0.66707381555977,0.00399127231484991,91.2905949424849,FALSE
Pasiphaea sivado,9,2006,ITA_9_LIB_2006_24_6_28,1.99289191255764,0.00880709463308738,91.2810294002913,FALSE
Plesionika edwardsii,9,2005,ITA_9_LIB_2005_25_7_25,0.320586288203867,0.00228562233839279,91.2509552339605,FALSE
Munida rutllanti,6,2001,ESP_6_COR_2001_79_6_3,0.249900081171172,0.00197514477811224,91.2053639779434,FALSE
Serranus hepatus,10,2011,ITA_10_PEC_2011_53_6_8,1.41700314738069,0.00790826449132202,91.1998617432921,FALSE
Spatangus purpureus,9,2019,ITA_9_SAN_2019_93_6_2,0.751285092922104,0.00483592691315856,91.1780873581159,FALSE
Capros aper,9,2011,ITA_9_LIB_2011_104_6_12,1.33410611466225,0.00725507471097059,91.1362540283607,FALSE
Eusergestes arcticus,6,2012,ESP_6_COR_2012_72_5_14,0.0653089624034357,0.000587181131286655,91.1202603003845,FALSE
Symphurus nigrescens,6,1995,ESP_6_COR_1995_45_5_4,0.210641031261924,0.0021622327503103,91.0520922940504,FALSE
Scorpaena notata,9,2002,ITA_9_FRP_2002_47_7_19,0.999560058861393,0.00721984323223767,91.0174158952665,FALSE
Lesueurigobius friesii,9,2019,ITA_9_SAN_2019_36_6_18,0.119651371893077,0.00114512214957684,91.0003480493608,FALSE
Echinus melo,9,2023,ITA_9_SAN_2023_95_9_30,0.268287120876762,0.00183687159187265,90.9866111934331,FALSE
Xenophora crispa,1,2019,ESP_1_MOL_2019_49_5_9,0.106059365281637,0.000917730737617965,90.9579839839143,FALSE
Macroramphosus scolopax,9,2017,ITA_9_SAN_2017_42_10_10,1.84192736649048,0.00835923207749687,90.8822407541981,FALSE
Macropodia rostrata,5,2020,ESP_5_MOL_2020_93_6_20,0.064287682275988,0.000748547804204455,90.878991138153,FALSE
Callionymus maculatus,6,1995,ESP_6_COR_1995_84_5_16,0.212227396297298,0.00217785027968894,90.821231982367,FALSE
Pagellus acarne,7,2001,FRA_7_LEU_2001_54_6_18,24.6064726057823,0.0372338809345429,90.4807746230163,FALSE
Pagellus acarne,9,2019,ITA_9_SAN_2019_138_6_13,4.0883897767695,0.0175848445330696,90.3247488855746,FALSE
Plesionika edwardsii,9,1994,ITA_9_FRP_1994_33_6_23,0.316446483203654,0.00228562233839279,90.2121138674727,FALSE
Pasiphaea sivado,1,2012,ESP_1_COR_2012_9_4_28,0.655386804376542,0.00399127231484991,90.024053671395,FALSE
Spatangus purpureus,1,2014,ESP_1_MOL_2014_45_5_6,0.349837325643576,0.00317456996087697,90.019459508835,FALSE
Pagellus acarne,11,2008,ITA_11_GIS_2008_44_7_3,16.3179434894102,0.0295185107531455,90.0063283363579,FALSE
Pteroeides spinosum,7,2013,FRA_7_LEU_2013_40_6_9,0.0738616280326215,0.000829907658941148,89.9797588227944,FALSE
Porifera,9,2021,ITA_9_SAN_2021_127_8_23,0.174530124238337,0.00142274779024804,89.9232251861093,FALSE
Plesionika antigai,11,2009,ITA_11_GIS_2009_84_7_7,1.24835822913796,0.00825162398443433,89.8835011158437,FALSE
Chlorophthalmus agassizi,9,2010,ITA_9_LIB_2010_4_6_3,0.886262160863358,0.0053678494308144,89.8603030635524,FALSE
Scomber colias,11,2017,ITA_11_GIS_2017_50_11_15,37.6188756470447,0.0426520900061656,89.8353884334337,FALSE
Goneplax rhomboides,1,2015,ESP_1_MOL_2015_15_4_26,0.064872843275543,0.000679828985663954,89.65235712269,FALSE
Lepidopus caudatus,6,2001,ESP_6_COR_2001_46_5_24,1.33787328810124,0.0080437185897117,89.5827787600432,FALSE
Hoplostethus mediterraneus mediterraneus,10,2011,ITA_10_PEC_2011_33_6_17,0.152716055038866,0.00124128000794419,89.5793991755161,FALSE
Capros aper,7,2021,FRA_7_LEU_2021_64_6_12,3.12960368714017,0.011616779756433,89.5646433588726,FALSE
Rhodymeniaceae,6,2015,ESP_6_MOL_2015_72_5_11,0.33464342674869,0.00222402589958408,89.5272642280692,FALSE
Pagellus acarne,9,2001,ITA_9_FRP_2001_129_6_14,4.01192821779569,0.0175848445330696,89.4750711476065,FALSE
Capros aper,6,2018,ESP_6_MOL_2018_79_5_18,10.037185663949,0.0191059591826416,89.4650287321419,FALSE
Pagellus bogaraveo,7,2008,FRA_7_LEU_2008_79_6_17,4.08190790265604,0.018662444897715,89.430586807113,FALSE
Sergia robusta,11,1998,ITA_11_NUS_1998_68_6_17,0.151707948768736,0.00140099965528404,89.3971579471263,FALSE
Microcosmus spp.,1,2021,ESP_1_MOL_2021_36_5_4,0.0815041038366101,0.000908603823304445,89.3888405929536,FALSE
Leptometra phalangium,6,2020,ESP_6_MOL_2020_7_5_31,0.0503165283563486,0.000389777734978654,89.3710771195025,FALSE
Mora moro,9,2017,ITA_9_SAN_2017_71_9_26,0.0305619207140733,0.000355596987478164,89.3634404774102,FALSE
Macroramphosus scolopax,9,2018,ITA_9_SAN_2018_95_6_25,1.79012220856796,0.00835923207749687,89.2686186830412,FALSE
Argentina sphyraena,7,2003,FRA_7_LEU_2003_30_6_12,2.44366778696571,0.0121628195823316,89.1037037357598,FALSE
Pagurus prideaux,6,2009,ESP_6_COR_2009_41_4_19,0.397093232541397,0.00286728864774256,89.0953982226141,FALSE
Echinus melo,9,2020,ITA_9_SAN_2020_95_10_25,0.261996323170244,0.00183687159187265,89.0681984734307,FALSE
Munida intermedia,9,2015,ITA_9_LIB_2015_83_7_14,0.15253650609266,0.00147535597900008,89.0396201609455,FALSE
Pagellus acarne,9,2019,ITA_9_SAN_2019_149_6_11,3.97234152201035,0.0175848445330696,89.0300577709443,FALSE
Deltentosteus quadrimaculatus,1,2006,ESP_1_COR_2006_47_5_16,0.168382378565621,0.00169673873794766,89.0070613964318,FALSE
Codium bursa,8,2015,FRA_8_LEU_2015_9_5_26,4.90559744643976,0.0142289046060864,88.9854332692518,FALSE
Trigloporus lastoviza,6,2010,ESP_6_COR_2010_29_5_25,2.63592161948327,0.0154740909002172,88.9780663165684,FALSE
Maurolicus muelleri,6,2018,ESP_6_MOL_2018_95_5_22,0.0553855193157887,0.000528268476867673,88.8835607268658,FALSE
Spicara smaris,9,1998,ITA_9_FRP_1998_93_5_21,1.04757648930053,0.00758445968299515,88.8118286418133,FALSE
Hygophum benoiti,10,2019,ITA_10_SAN_2019_3_6_26,0.0341272855846484,0.000343643470574659,88.746967230877,FALSE
Argentina sphyraena,6,2012,ESP_6_COR_2012_127_5_27,0.555705164731939,0.00460240203740297,88.717574238744,FALSE
Chelidonichthys cuculus,6,2016,ESP_6_MOL_2016_105_5_20,2.33199483200905,0.0134653798341856,88.6581125177555,FALSE
Lepidopus caudatus,1,1996,ESP_1_COR_1996_24_5_7,5.65764795153588,0.0159898236669525,88.6409014654076,FALSE
Gryphus vitreus,5,2019,ESP_5_MOL_2019_203_6_19,0.24379006619065,0.00170770609422448,88.6294931704399,FALSE
Nezumia sclerorhynchus,11,2003,ITA_11_NUS_2003_79_7_7,1.37731213499902,0.00831136633189066,88.5634305266639,FALSE
Spatangus purpureus,6,2021,ESP_6_MOL_2021_76_5_15,0.306091215182124,0.00256461649542906,88.5316160423249,FALSE
Pasiphaea sivado,6,2001,ESP_6_COR_2001_98_6_7,0.347747629628762,0.00245923686439571,88.4950115902716,FALSE
Spicara smaris,9,2017,ITA_9_SAN_2017_149_10_2,1.04201274669528,0.00758445968299515,88.4710437852978,FALSE
Ceratoscopelus maderensis,6,1998,ESP_6_COR_1998_48_5_18,0.0325443715216229,0.000357414484055608,88.3884413938235,FALSE
Liocarcinus depurator,1,2014,ESP_1_MOL_2014_15_4_28,2.77115360579928,0.0118918918918919,88.3863013951174,FALSE
Capros aper,9,1995,ITA_9_FRP_1995_98_6_15,1.27392220695126,0.00725507471097059,88.3033947223876,FALSE
Leptometra phalangium,6,2018,ESP_6_MOL_2018_126_5_30,0.0496730558751719,0.000389777734978654,88.2464872171432,FALSE
Macroramphosus scolopax,10,2003,ITA_10_DAP_2003_34_8_10,1.25991610590068,0.00684581179526142,88.1535546328905,FALSE
Leptometra phalangium,6,2021,ESP_6_MOL_2021_127_5_27,0.0496000520963348,0.000389777734978654,88.1188557602375,FALSE
Munida rutllanti,6,2013,ESP_6_COR_2013_107_6_5,0.24051743751422,0.00197514477811224,88.0969734725002,FALSE
Trigloporus lastoviza,6,2009,ESP_6_COR_2009_42_4_19,2.58303156849228,0.0154740909002172,87.955862182359,FALSE
Chlorophthalmus agassizi,9,2023,ITA_9_SAN_2023_40_10_17,0.86088894998114,0.0053678494308144,87.9262879262511,FALSE
Laetmonice hystrix,6,2013,ESP_6_COR_2013_50_5_22,0.0167019408177166,0.000787500787500787,87.7253766984306,FALSE
Sepietta oweniana,1,2012,ESP_1_COR_2012_1_4_26,0.153218265409491,0.00139390185362811,87.7109863932707,FALSE
Gennadas elegans,6,1998,ESP_6_COR_1998_46_5_18,0.00910848071648329,0.000161839007186173,87.6498045762498,FALSE
Meganyctiphanes norvegica,10,2000,ITA_10_SAN_2000_126_6_28,0.761804697043985,0.00537004352366576,87.6432504287477,FALSE
Processa canaliculata,1,2004,ESP_1_COR_2004_12_5_8,0.0875315015055418,0.000901155597098948,87.6410615117347,FALSE
Gloiocladia furcata,5,2016,ESP_5_MOL_2016_192_6_11,0.0335477431518243,0.000291242908235184,87.6130923735147,FALSE
Pagellus acarne,8,2015,FRA_8_LEU_2015_9_5_26,99.9960449954642,0.0448020624706383,87.6080033652978,FALSE
Deltentosteus quadrimaculatus,8,2013,FRA_8_LEU_2013_13_5_27,0.480627341036733,0.00369206301422368,87.6045188919357,FALSE
Plesionika gigliolii,10,2021,ITA_10_SAN_2021_23_9_28,0.616226380620543,0.00406422384054197,87.463427568256,FALSE
Spicara smaris,6,2011,ESP_6_COR_2011_36_5_16,1.43672559964604,0.0090603906711984,87.3252320209655,FALSE
Spicara smaris,6,2004,ESP_6_COR_2004_41_5_15,1.4304911983615,0.0090603906711984,87.0714885158732,FALSE
Lepidopus caudatus,1,2017,ESP_1_MOL_2017_60_5_8,5.43624868335115,0.0159898236669525,87.0462073135969,FALSE
Pasiphaea sivado,9,2021,ITA_9_SAN_2021_39_9_18,1.8448392664023,0.00880709463308738,87.0225178432162,FALSE
Nezumia sclerorhynchus,9,2018,ITA_9_SAN_2018_10_7_5,17.6269708133181,0.0253432152794561,86.9794842378934,FALSE
Ascidia spp.,7,2013,FRA_7_LEU_2013_59_6_14,0.109800519684976,0.000973242324362202,86.942857647022,FALSE
Spicara smaris,6,2013,ESP_6_COR_2013_48_5_22,1.42676520917226,0.0090603906711984,86.9195278172441,FALSE
Deltentosteus quadrimaculatus,11,2011,ITA_11_GIS_2011_15_6_6,0.546185750050212,0.00438564394739804,86.842540941116,FALSE
Medorippe lanata,6,1998,ESP_6_COR_1998_52_5_19,0.268273925562928,0.00304042360117126,86.8279501784162,FALSE
Plesionika narval,6,1997,ESP_6_COR_1997_48_5_23,0.0156138263555143,0.000239463808328515,86.7587439540838,FALSE
Argentina sphyraena,10,1994,ITA_10_SAN_1994_69_6_29,1.01800442954029,0.00707437017847331,86.7370915361576,FALSE
Spicara smaris,6,2016,ESP_6_MOL_2016_75_5_13,1.42210281430145,0.0090603906711984,86.7290477839837,FALSE
Munida tenuimana,7,2018,FRA_7_LEU_2018_43_6_7,0.0583076779550331,0.00074967014513614,86.6804705839502,FALSE
Porifera,6,2015,ESP_6_MOL_2015_172_6_4,0.0895982952108155,0.00076745129425179,86.5752682221024,FALSE
Pagellus bogaraveo,1,2002,ESP_1_COR_2002_38_5_21,14.300906134924,0.0309597924773338,86.5253705586983,FALSE
Pasiphaea sivado,9,1996,ITA_9_FRP_1996_25_7_14,1.82476138638071,0.00880709463308738,86.4280069580437,FALSE
Capros aper,6,2018,ESP_6_MOL_2018_81_5_19,9.16544445633168,0.0191059591826416,86.3752918507371,FALSE
Antedon mediterranea,6,2012,ESP_6_COR_2012_125_5_27,0.00709798236075873,7.52686148693149e-05,86.2920201895727,FALSE
Pagellus bogaraveo,7,1998,FRA_7_LEU_1998_35_5_29,3.80178630253206,0.018662444897715,86.2756492518654,FALSE
Funiculina quadrangularis,7,2013,FRA_7_LEU_2013_32_6_6,0.0566430189800542,0.000518885056826425,86.2465873926863,FALSE
Pasiphaea sivado,9,1999,ITA_9_FRP_1999_70_6_11,1.81848530510738,0.00880709463308738,86.2413035211614,FALSE
Sepietta oweniana,6,2004,ESP_6_COR_2004_91_5_25,0.157387616057712,0.00158011582248979,86.189197341757,FALSE
Abralia veranyi,5,2013,ESP_5_COR_2013_148_6_16,0.0988182559087205,0.000945982397476339,86.0720452593089,FALSE
Meganyctiphanes norvegica,9,1995,ITA_9_FRP_1995_134_6_22,2.48461028250002,0.0110421765207639,86.0525756645381,FALSE
Trigloporus lastoviza,1,2006,ESP_1_COR_2006_51_5_17,2.74170761207738,0.0176767159361308,86.0396411962465,FALSE
Crystallogobius linearis,6,2016,ESP_6_MOL_2016_152_5_30,0.00210118051431459,0.000142795871678836,86.017649909371,FALSE
Hygophum benoiti,1,2005,ESP_1_COR_2005_21_5_14,0.0350818894513578,0.000334906372782142,85.9663058362097,FALSE
Argentina sphyraena,10,1994,ITA_10_SAN_1994_68_7_3,1.00521944455392,0.00707437017847331,85.9439690618172,FALSE
Plesionika edwardsii,5,2011,ESP_5_COR_2011_138_6_12,0.117210546813892,0.00097419624149752,85.9167434823848,FALSE
Chlorophthalmus agassizi,9,2023,ITA_9_SAN_2023_54_10_12,0.83467710780635,0.0053678494308144,85.9004585382637,FALSE
Pagurus prideaux,6,2015,ESP_6_MOL_2015_159_6_1,0.380529526375158,0.00286728864774256,85.8902286305098,FALSE
Alcyonium palmatum,9,2017,ITA_9_SAN_2017_117_10_7,0.0428415286500045,0.000497149767294002,85.7917851245109,FALSE
Bolinus brandaris,10,2013,ITA_10_PEC_2013_46_7_3,0.0396833016506973,0.000479225571476494,85.5259740967792,FALSE
Chlorophthalmus agassizi,9,2020,ITA_9_SAN_2020_9_11_4,0.829720685874457,0.0053678494308144,85.5141405495956,FALSE
Pagellus acarne,10,2001,ITA_10_SAN_2001_59_5_14,5.37418309191877,0.0203976454521066,85.5130295406085,FALSE
Pagellus acarne,5,2018,ESP_5_MOL_2018_198_6_19,15.5586018792784,0.0269928150760772,85.5095227088561,FALSE
Argentina sphyraena,5,2004,ESP_5_COR_2004_58_5_18,1.1051290956436,0.00801781153319577,85.4623408426548,FALSE
Macroramphosus scolopax,6,2020,ESP_6_MOL_2020_15_6_1,0.416734617518439,0.00305607371841293,85.4220636801959,FALSE
Plesionika edwardsii,9,2019,ITA_9_SAN_2019_4_6_23,0.29737649943243,0.00228562233839279,85.3841236960419,FALSE
Diaphus rafinesquii,10,2020,ITA_10_SAN_2020_14_12_18,0.0281415138345697,0.000342440481599113,85.3741339762492,FALSE
Lepidopus caudatus,8,2016,FRA_8_LEU_2016_1_5_21,0.912397618820632,0.0063789572387243,85.3685757352708,FALSE
Notoscopelus bolini,9,2013,ITA_9_LIB_2013_66_7_16,0.133040156034451,0.00136597788647585,85.3572792774108,FALSE
Spicara smaris,6,2019,ESP_6_MOL_2019_153_6_4,1.38737430587213,0.0090603906711984,85.2985853668061,FALSE
Pagellus bogaraveo,10,2020,ITA_10_SAN_2020_2_12_16,2.89544617523312,0.0173847735732663,85.1782491741726,FALSE
Chlorophthalmus agassizi,9,2018,ITA_9_SAN_2018_105_6_25,0.825279759951024,0.0053678494308144,85.167111909925,FALSE
Aequipecten opercularis,5,2014,ESP_5_MOL_2014_166_6_5,0.84782691068925,0.00546158933961674,85.138261334325,FALSE
Argentina sphyraena,10,2023,ITA_10_SAN_2023_16_12_10,0.991571041231578,0.00707437017847331,85.091683904892,FALSE
Liocarcinus depurator,1,2011,ESP_1_COR_2011_2_5_5,2.59036853879666,0.0118918918918919,85.0857475760072,FALSE
Liocarcinus depurator,9,2003,ITA_9_CIR_2003_118_7_6,0.607014388489209,0.0047570487608178,84.893661423596,FALSE
Sea ball of Posidonia oceanica,11,2013,ITA_11_GIS_2013_66_7_17,2.4404827274835,0.0109008535196526,84.8225034082894,FALSE
Plesionika edwardsii,9,1995,ITA_9_FRP_1995_41_7_5,0.295039744607303,0.00228562233839279,84.7876475889126,FALSE
Epigonus denticulatus,10,2012,ITA_10_PEC_2012_45_6_22,0.127019258659455,0.00125836072254779,84.705952021657,FALSE
Pagellus acarne,9,2017,ITA_9_SAN_2017_14_10_16,3.60234135617313,0.0175848445330696,84.6906378021201,FALSE
Epigonus telescopus,10,2000,ITA_10_SAN_2000_119_6_22,0.22630297848907,0.00227701837501244,84.5257968756398,FALSE
Benthosema glaciale,5,2021,ESP_5_MOL_2021_238_8_18,0.00840238816995567,0.000127593605585705,84.4308120124257,FALSE
Alpheus glaber,1,2014,ESP_1_MOL_2014_3_4_26,0.038682063780489,0.000430427505763855,84.4173760627939,FALSE
Alcyonium palmatum,6,2019,ESP_6_MOL_2019_155_6_4,0.0627164899758581,0.000572898352028258,84.3755775393769,FALSE
Abralia veranyi,2,2018,ESP_2_MOL_2018_38_5_5,0.157393507692246,0.00128863322405724,84.3228245655665,FALSE
Munida rutllanti,1,2021,ESP_1_MOL_2021_29_5_3,0.0807554443263587,0.000820527383704031,84.205758503174,FALSE
Capros aper,7,2022,FRA_7_LEU_2022_65_6_5,2.790739925458,0.011616779756433,84.1129361550794,FALSE
Alpheus glaber,1,2015,ESP_1_MOL_2015_15_4_26,0.03853303440855,0.000430427505763855,84.0945545506689,FALSE
Centracanthus cirrus,8,1994,FRA_8_LEU_1994_79_6_12,24.8401915122447,0.0276390843357598,84.0696614619743,FALSE
Lepidopus caudatus,1,2008,ESP_1_COR_2008_23_5_12,5.03848325225343,0.0159898236669525,84.0382491119328,FALSE
Capros aper,1,2017,ESP_1_MOL_2017_49_5_5,9.69204734989036,0.019625793924878,84.0333587030228,FALSE
Mullus surmuletus,9,1999,ITA_9_FRP_1999_95_5_21,1.39541477867047,0.0123704963661667,84.0123459410434,FALSE
Pseudaphya ferreri,5,2009,ESP_5_COR_2009_158_5_18,0.0751407953019191,0.000773373457159373,83.9595548924206,FALSE
Astropecten bispinosus,10,2012,ITA_10_PEC_2012_49_6_18,0.0352976512284496,0.000388367613247996,83.9211225966604,FALSE
Capros aper,1,2018,ESP_1_MOL_2018_65_5_13,9.64299904930161,0.019625793924878,83.8689468715726,FALSE
Eusergestes arcticus,6,2015,ESP_6_MOL_2015_113_5_22,0.05995855995856,0.000587181131286655,83.8003696718561,FALSE
Munida intermedia,9,2011,ITA_9_LIB_2011_38_6_1,0.142975759783778,0.00147535597900008,83.7602783567696,FALSE
Mora moro,5,2012,ESP_5_COR_2012_174_6_10,0.0699405911385482,0.000686141800825862,83.6182772266411,FALSE
Ceratoscopelus maderensis,10,2015,ITA_10_PEC_2015_13_6_13,0.0466571271629441,0.000497164595729085,83.5626003590263,FALSE
Capros aper,9,2009,ITA_9_LIB_2009_107_6_22,1.1747203491127,0.00725507471097059,83.466135494896,FALSE
Dardanus arrosor,6,2010,ESP_6_COR_2010_49_6_3,0.317478361129606,0.00318961824826166,83.431073664809,FALSE
Antedon mediterranea,6,2014,ESP_6_MOL_2014_130_5_26,0.00686195104391649,7.52686148693149e-05,83.4015561973942,FALSE
Capros aper,1,2019,ESP_1_MOL_2019_6_4_29,9.49773142919725,0.019625793924878,83.3775214751177,FALSE
Macroramphosus scolopax,10,2011,ITA_10_PEC_2011_17_6_12,1.1619469797996,0.00684581179526142,83.3213866545482,FALSE
Serranus cabrilla,6,2018,ESP_6_MOL_2018_68_5_15,1.24176571698664,0.0102289654344372,83.2043603787731,FALSE
Alcyonium palmatum,6,2015,ESP_6_MOL_2015_156_5_31,0.0617939752555137,0.000572898352028258,83.1594933629868,FALSE
Heteroteuthis dispar,11,2017,ITA_11_GIS_2017_27_11_6,0.0427183083549892,0.000536831743163028,83.1128680821112,FALSE
Maurolicus muelleri,10,2019,ITA_10_SAN_2019_30_6_30,0.0690423059950716,0.000668832047993971,83.0965614097431,FALSE
Chlorophthalmus agassizi,9,2019,ITA_9_SAN_2019_136_6_10,0.798920994237195,0.0053678494308144,83.0898106207687,FALSE
Suberites domuncula,11,2014,ITA_11_GIS_2014_16_7_24,0.530382012389947,0.00416850247213445,83.0635819066873,FALSE
Capros aper,11,1999,ITA_11_NUS_1999_113_6_28,36.1094950105977,0.0326342110385639,83.0090116577416,FALSE
Mullus surmuletus,9,2012,ITA_9_LIB_2012_95_6_28,1.37086105911443,0.0123704963661667,83.0073139499436,FALSE
Gnathophis mystax,10,2013,ITA_10_PEC_2013_56_6_27,0.408521966221276,0.00385102905850211,82.9688243701136,FALSE
Pagellus acarne,9,2020,ITA_9_SAN_2020_11_11_5,3.45877934662148,0.0175848445330696,82.9122281843071,FALSE
Pasiphaea sivado,11,2018,ITA_11_GIS_2018_23_7_20,1.05593876608611,0.00714758322699517,82.8936245160061,FALSE
Capros aper,7,2016,FRA_7_LEU_2016_31_6_4,2.71417091018136,0.011616779756433,82.8136380194095,FALSE
Capros aper,7,2007,FRA_7_LEU_2007_30_6_16,2.71104035689826,0.011616779756433,82.759947385499,FALSE
Ceratoscopelus maderensis,10,2015,ITA_10_PEC_2015_45_6_22,0.0461996793501003,0.000497164595729085,82.7527113537876,FALSE
Scaphander lignarius,6,2015,ESP_6_MOL_2015_142_5_28,0.0200002620121661,0.00022070094679927,82.6942351653203,FALSE
Goneplax rhomboides,1,2018,ESP_1_MOL_2018_41_5_6,0.0597445323795451,0.000679828985663954,82.6914666536688,FALSE
Macroramphosus scolopax,11,1999,ITA_11_NUS_1999_122_7_1,7.37246142694302,0.0193622942815968,82.665721389566,FALSE
Hygophum benoiti,1,2004,ESP_1_COR_2004_6_5_7,0.0337086549332213,0.000334906372782142,82.6239662330906,FALSE
Ocnus planci,1,2019,ESP_1_MOL_2019_20_5_2,0.0393941342937998,0.000372647705089385,82.4863089135063,FALSE
Chlorophthalmus agassizi,9,2018,ITA_9_SAN_2018_40_6_30,0.791045300289179,0.0053678494308144,82.4632282581225,FALSE
Funiculina quadrangularis,5,2017,ESP_5_MOL_2017_199_6_13,0.0837363340421128,0.0007350127761563,82.2911007792753,FALSE
Sepietta oweniana,6,2013,ESP_6_COR_2013_51_5_23,0.149841408727989,0.00158011582248979,82.2898265212552,FALSE
Lesueurigobius friesii,7,1995,FRA_7_LEU_1995_64_7_9,0.575452986629853,0.00463190380651254,82.221629226849,FALSE
Synchiropus phaeton,6,2021,ESP_6_MOL_2021_78_5_16,0.536523589932394,0.0042273828692985,82.2099533446446,FALSE
Plesionika edwardsii,2,2012,ESP_2_COR_2012_26_5_2,0.233100233100233,0.00192995892956576,82.1757451198083,FALSE
Glossanodon leioglossus,6,2016,ESP_6_MOL_2016_98_5_18,0.110237135764379,0.000917810349368971,82.1362793156807,FALSE
Spondyliosoma cantharus,6,1998,ESP_6_COR_1998_69_5_26,3.32852887726609,0.0233903530404617,82.1248860964237,FALSE
Macroramphosus scolopax,10,2014,ITA_10_PEC_2014_17_9_9,1.13828898226532,0.00684581179526142,82.1216744377471,FALSE
Peyssonnelia spp.,5,2019,ESP_5_MOL_2019_191_6_16,13.5048651735575,0.0228011015953903,82.1109759058738,FALSE
Peyssonnelia spp.,5,2014,ESP_5_MOL_2014_196_6_11,13.481178396072,0.0228011015953903,82.0603719110827,FALSE
Maurolicus muelleri,6,2008,ESP_6_COR_2008_112_6_1,0.0510563620130508,0.000528268476867673,82.0390296149743,FALSE
Funiculina quadrangularis,5,2020,ESP_5_MOL_2020_70_6_15,0.0834110496526884,0.0007350127761563,81.9810670930434,FALSE
Macropodia rostrata,1,2016,ESP_1_MOL_2016_20_4_28,0.00695313586427479,0.000252565195288635,81.953609830781,FALSE
Dardanus arrosor,6,2013,ESP_6_COR_2013_50_5_22,0.311073647729971,0.00318961824826166,81.9392431914723,FALSE
Bolinus brandaris,6,1995,ESP_6_COR_1995_96_5_19,0.055603683174078,0.00075421061186364,81.8970726339829,FALSE
Spicara smaris,6,2007,ESP_6_COR_2007_108_6_12,1.30645472300769,0.0090603906711984,81.8831188307473,FALSE
Hyalinoecia tubicola,1,2016,ESP_1_MOL_2016_53_5_6,0.0611005518689131,0.000708494099627334,81.8709591215849,FALSE
Pteroeides spinosum,7,2012,FRA_7_LEU_2012_34_6_7,0.0670042987173463,0.000829907658941148,81.7955939136353,FALSE
Ceratoscopelus maderensis,6,2003,ESP_6_COR_2003_51_5_7,0.0300807421951923,0.000357414484055608,81.7211270829543,FALSE
Cidaris cidaris,5,2012,ESP_5_COR_2012_158_6_6,0.340532284103982,0.00330258644664875,81.7168575904152,FALSE
Capros aper,9,2013,ITA_9_LIB_2013_107_7_6,1.13771764170976,0.00725507471097059,81.6050926847811,FALSE
Capros aper,9,2019,ITA_9_SAN_2019_75_6_9,1.13706145218035,0.00725507471097059,81.5717998565939,FALSE
Ceratoscopelus maderensis,1,2000,ESP_1_COR_2000_8_5_24,0.0325891421297802,0.000375670390391521,81.5089783383138,FALSE
Ocnus planci,1,2012,ESP_1_COR_2012_13_4_29,0.0388951234441951,0.000372647705089385,81.4511438880282,FALSE
Munida intermedia,9,2009,ITA_9_LIB_2009_94_6_22,0.138798196885242,0.00147535597900008,81.4395946320296,FALSE
Peristedion cataphractum,11,1998,ITA_11_NUS_1998_76_6_19,1.57124507107435,0.010200595760922,81.4039814520714,FALSE
Pagurus prideaux,6,2006,ESP_6_COR_2006_53_5_17,0.357337266677202,0.00286728864774256,81.3371751728715,FALSE
Macroramphosus scolopax,11,2019,ITA_11_GIS_2019_7_6_5,7.09363779743737,0.0193622942815968,81.3361099543408,FALSE
Funiculina quadrangularis,5,2018,ESP_5_MOL_2018_205_6_20,0.0827078949494328,0.0007350127761563,81.3105610328191,FALSE
Thenea muricata,5,2014,ESP_5_MOL_2014_191_6_10,0.0161738284791244,0.000144856682419831,81.280242219707,FALSE
Mimachlamys varia,5,2020,ESP_5_MOL_2020_93_6_20,0.0622468034735757,0.000788258107234633,81.2228160365761,FALSE
Spongia officinalis,11,2013,ITA_11_GIS_2013_25_7_5,2.56378842824006,0.0133099230736472,81.199654169799,FALSE
Glossanodon leioglossus,6,2019,ESP_6_MOL_2019_84_5_19,0.108857038210558,0.000917810349368971,81.1506725326403,FALSE
Bolinus brandaris,10,2012,ITA_10_PEC_2012_6_6_28,0.0376227966278827,0.000479225571476494,81.1117799378205,FALSE
Pagellus acarne,11,2009,ITA_11_GIS_2009_42_6_22,12.0898546912116,0.0295185107531455,81.0809336318262,FALSE
Peristedion cataphractum,11,2005,ITA_11_GIS_2005_94_7_27,1.56051213981321,0.010200595760922,81.0395050218989,FALSE
Gryphus vitreus,8,2013,FRA_8_LEU_2013_5_5_25,0.380350496277916,0.0027596134580524,80.9945850066841,FALSE
Lytocarpia myriophyllum,1,2019,ESP_1_MOL_2019_8_4_29,0.00848799106449394,9.00608727186128e-05,80.8857141508274,FALSE
Ebalia tuberosa,5,2019,ESP_5_MOL_2019_181_6_13,0.00709814846103453,0.000363030337951621,80.6708412340946,FALSE
Macroramphosus scolopax,9,2016,ITA_9_SAN_2016_95_6_8,1.52873376760046,0.00835923207749687,80.640796606427,FALSE
Argentina sphyraena,10,2019,ITA_10_SAN_2019_29_6_30,0.92173965957627,0.00707437017847331,80.6375304012955,FALSE
Lepidorhombus boscii,6,2017,ESP_6_MOL_2017_117_5_23,39.0728636433575,0.0479144110843567,80.6333951442729,FALSE
Leptometra phalangium,6,2019,ESP_6_MOL_2019_130_5_31,0.0452729965779662,0.000389777734978654,80.5380266997568,FALSE
Macroramphosus scolopax,11,2023,ITA_11_GIS_2023_36_7_28,6.91805755372785,0.0193622942815968,80.4751159698311,FALSE
Alcyonium palmatum,6,2021,ESP_6_MOL_2021_150_5_31,0.0597526084598122,0.000572898352028258,80.4647476583589,FALSE
Macroramphosus scolopax,11,2018,ITA_11_GIS_2018_7_7_17,6.91189910007006,0.0193622942815968,80.4445712354061,FALSE
Capros aper,7,2010,FRA_7_LEU_2010_26_5_24,2.57832216789711,0.011616779756433,80.4410842610962,FALSE
Pasiphaea sivado,9,1996,ITA_9_FRP_1996_2_7_16,1.62883852085825,0.00880709463308738,80.3943390367495,FALSE
Pyrosoma atlanticum,5,2016,ESP_5_MOL_2016_196_6_12,1.02614434358902,0.00644745325596389,80.3789844762533,FALSE
Calocaris macandreae,6,2003,ESP_6_COR_2003_92_5_16,0.0116546028474041,0.000191045863769168,80.3579700746857,FALSE
Trigloporus lastoviza,6,2016,ESP_6_MOL_2016_73_5_12,2.2130722754935,0.0154740909002172,80.3534120128625,FALSE
Pandalina profunda,1,2006,ESP_1_COR_2006_34_5_13,0.00187213870344018,0.000132062951133644,80.2910519830478,FALSE
Ceratoscopelus maderensis,10,2019,ITA_10_SAN_2019_17_6_28,0.0446912744075649,0.000497164595729085,80.0796428167904,FALSE
Pagurus prideaux,1,2002,ESP_1_COR_2002_9_5_13,0.513534996293617,0.00411366247520472,80.0358929606697,FALSE
Alcyonium palmatum,1,2019,ESP_1_MOL_2019_21_5_2,0.0786164921116559,0.000671461955675228,80.0143203699486,FALSE
Pagellus bogaraveo,1,2002,ESP_1_COR_2002_36_5_20,11.4890388535571,0.0309597924773338,80.0117802228392,FALSE
Serranus hepatus,10,2009,ITA_10_PEC_2009_53_7_17,1.16604937045314,0.00790826449132202,79.7694263042042,FALSE
Cerianthus membranaceus,1,2019,ESP_1_MOL_2019_48_5_9,0.0412718022041998,0.000685480823682828,79.4536339597927,FALSE
Capros aper,6,2017,ESP_6_MOL_2017_100_5_19,7.45039621646172,0.0191059591826416,79.4361509258328,FALSE
Crystallogobius linearis,6,1999,ESP_6_COR_1999_105_6_1,0.00194990257314469,0.000142795871678836,79.3790995491748,FALSE
Lepidopus caudatus,1,2000,ESP_1_COR_2000_21_5_27,4.46184052020447,0.0159898236669525,79.3057575300198,FALSE
Pyura spp.,1,2014,ESP_1_MOL_2014_45_5_6,0.0218148560919173,0.000261856338021945,79.2592571958328,FALSE
Capros aper,9,2016,ITA_9_SAN_2016_107_6_8,1.09087044469819,0.00725507471097059,79.2021629873242,FALSE
Molgula appendiculata,6,2015,ESP_6_MOL_2015_123_5_24,0.236085009303152,0.00188725720830189,79.16100895209,FALSE
Aphia minuta,6,2005,ESP_6_COR_2005_114_6_4,0.0873960386635327,0.000844768264663794,79.1032574150165,FALSE
Echinus melo,9,2018,ITA_9_SAN_2018_127_6_20,0.229749276529101,0.00183687159187265,79.0816572775188,FALSE
Lepidopus caudatus,6,2019,ESP_6_MOL_2019_77_5_18,1.11821988744349,0.0080437185897117,79.0758570810716,FALSE
Epigonus denticulatus,5,2007,ESP_5_COR_2007_84_6_8,0.102941561071768,0.000976451926503862,79.0295027290516,FALSE
Suberites domuncula,11,2014,ITA_11_GIS_2014_38_8_1,0.499178815694744,0.00416850247213445,79.0026599524598,FALSE
Pyrosoma atlanticum,5,2017,ESP_5_MOL_2017_214_6_17,1.00057355534334,0.00644745325596389,78.9199871800518,FALSE
Lophogaster typicus,1,1994,ESP_1_COR_1994_11_5_30,0.00816859369490948,0.000190433412171538,78.8676814459179,FALSE
Macroramphosus scolopax,6,2018,ESP_6_MOL_2018_116_5_26,0.379325913975895,0.00305607371841293,78.8021641507807,FALSE
Liocarcinus vernalis,10,2000,ITA_10_SAN_2000_95_7_1,0.446365388174583,0.00560377808057177,78.7565802628653,FALSE
Chlorophthalmus agassizi,6,2005,ESP_6_COR_2005_32_5_17,0.140426279724954,0.00143187600559171,78.7481406488827,FALSE
Lepidopus caudatus,8,1996,FRA_8_LEU_1996_1_5_28,0.8195077973256,0.0063789572387243,78.7476173869493,FALSE
Maurolicus muelleri,5,1998,ESP_5_COR_1998_58_5_20,0.00369835720127042,9.14492933066701e-05,78.7225368989499,FALSE
Lepidopus caudatus,8,2010,FRA_8_LEU_2010_1_5_21,0.816463505141937,0.0063789572387243,78.5249484529041,FALSE
Munida rutllanti,1,1998,ESP_1_COR_1998_33_5_14,0.0751225083101561,0.000820527383704031,78.479175607912,FALSE
Alpheus glaber,1,1995,ESP_1_COR_1995_11_4_24,0.0359196906007059,0.000430427505763855,78.4260917301863,FALSE
Acanthocardia spinosa,11,2014,ITA_11_GIS_2014_11_7_24,0.843682505399568,0.0102174615162181,78.3578375231134,FALSE
Eusergestes arcticus,1,2004,ESP_1_COR_2004_127_6_3,0.0411987956510275,0.000463006562747622,78.3417524061192,FALSE
Gryphus vitreus,9,2015,ITA_9_LIB_2015_95_7_12,0.0895612874779542,0.00075977125645948,78.3256074715852,FALSE
Argentina sphyraena,6,2000,ESP_6_COR_2000_79_6_15,0.47794971159773,0.00460240203740297,78.3163809687095,FALSE
Eunicella filiformis,1,2015,ESP_1_MOL_2015_9_4_24,0.0245060748983894,0.000233375199429716,78.2964145088456,FALSE
Macroramphosus scolopax,6,2021,ESP_6_MOL_2021_160_6_3,0.376293891324312,0.00305607371841293,78.2577709223946,FALSE
Medorippe lanata,9,2005,ITA_9_LIB_2005_120_7_6,0.651557766025606,0.00593131645623306,78.1575273294242,FALSE
Shell drebis,11,2013,ITA_11_GIS_2013_41_7_10,0.0522466039707419,0.000589302972444193,78.0760421105637,FALSE
Spicara smaris,9,2001,ITA_9_FRP_2001_151_5_29,0.878622499439697,0.00758445968299515,78.025910652163,FALSE
Mora moro,5,2021,ESP_5_MOL_2021_237_6_23,0.0650745649665645,0.000686141800825862,77.9223089326175,FALSE
Spicara smaris,9,1998,ITA_9_FRP_1998_149_6_4,0.875122941160918,0.00758445968299515,77.7923814383754,FALSE
Spicara smaris,9,2005,ITA_9_LIB_2005_149_7_12,0.873713255190457,0.00758445968299515,77.698188442041,FALSE
Loligo vulgaris,9,1998,ITA_9_FRP_1998_124_5_27,4.01011619403591,0.0166718731140068,77.6909038498076,FALSE
Pagurus prideaux,1,2007,ESP_1_COR_2007_2_5_19,0.494800100759293,0.00411366247520472,77.6064947438287,FALSE
Plesionika edwardsii,9,2010,ITA_9_LIB_2010_8_6_3,0.267155240169889,0.00228562233839279,77.5856591301799,FALSE
Epigonus telescopus,10,1999,ITA_10_SAN_1999_129_5_13,0.206121885030888,0.00227701837501244,77.5729114629463,FALSE
Pagellus acarne,7,2005,FRA_7_LEU_2005_71_6_25,15.1909280555621,0.0372338809345429,77.544989088293,FALSE
Brissopsis atlantica,6,2013,ESP_6_COR_2013_79_5_29,0.0721293856920544,0.000808306772081521,77.5208311024293,FALSE
Crystallogobius linearis,5,2013,ESP_5_COR_2013_180_6_24,0.0372706209954098,0.000446179265655969,77.4568353257222,FALSE
Chlorophthalmus agassizi,6,2005,ESP_6_COR_2005_57_5_23,0.137960518987754,0.00143187600559171,77.4367062004687,FALSE
Pagellus bogaraveo,9,1998,ITA_9_FRP_1998_135_6_1,2.23922052174894,0.0163329372272372,77.4201832902669,FALSE
Dictyota dichotoma,11,2023,ITA_11_GIS_2023_28_7_27,0.269258459323254,0.00286681776482651,77.3932670908893,FALSE
Macroramphosus scolopax,6,2021,ESP_6_MOL_2021_109_5_23,0.370063683530727,0.00305607371841293,77.1353762661656,FALSE
Eusergestes arcticus,1,2003,ESP_1_COR_2003_2_4_26,0.0405231766273353,0.000463006562747622,77.0675967951095,FALSE
Pasiphaea sivado,11,2010,ITA_11_GIS_2010_33_5_27,0.955324375017838,0.00714758322699517,77.0650814890579,FALSE
Parastichopus regalis,1,2014,ESP_1_MOL_2014_59_5_10,1.19560538935433,0.00932655863821659,76.9957576197481,FALSE
Chlorophthalmus agassizi,1,2021,ESP_1_MOL_2021_57_5_10,0.091279566744817,0.00118286312542182,76.9014211766807,FALSE
Cnidaria,9,2017,ITA_9_SAN_2017_12_10_17,0.0611556588049777,0.00182876288912084,76.8278679927972,FALSE
Ophiacantha setosa,5,2016,ESP_5_MOL_2016_186_6_10,0.006728120364484,8.03961924363262e-05,76.6988350520839,FALSE
Chlorotocus crassicornis,6,1998,ESP_6_COR_1998_35_5_15,0.0787580609859895,0.000914601212214875,76.6972852158376,FALSE
Brissopsis atlantica mediterranea,1,2019,ESP_1_MOL_2019_29_5_4,0.0217508286568298,0.000277109451128481,76.6966006781878,FALSE
Macroramphosus scolopax,11,2021,ITA_11_GIS_2021_7_8_24,6.18406510965718,0.0193622942815968,76.6561984222733,FALSE
Pagurus prideaux,6,2019,ESP_6_MOL_2019_154_6_4,0.333739223216358,0.00286728864774256,76.6239010733909,FALSE
Veretillum spp.,7,2013,FRA_7_LEU_2013_55_6_13,0.113200975269941,0.00114713371834393,76.6120316810178,FALSE
Macropodia longipes,1,2018,ESP_1_MOL_2018_21_5_1,0.0577861662412385,0.000690744029998026,76.3686455166111,FALSE
Lepidotrigla dieuzeidei,9,1997,ITA_9_FRP_1997_104_6_25,2.02507959364716,0.0109595083313883,76.3227326992333,FALSE
Eusergestes arcticus,1,2006,ESP_1_COR_2006_26_5_11,0.0401142453708161,0.000463006562747622,76.2959879107769,FALSE
Amphipoda,5,2014,ESP_5_MOL_2014_217_6_16,0.0302073334705955,0.000721614305466725,76.2572338796029,FALSE
Lepidopus caudatus,6,2000,ESP_6_COR_2000_112_6_22,1.05918128393049,0.0080437185897117,76.0656351297307,FALSE
Lampanyctus crocodilus,11,2006,ITA_11_GIS_2006_73_6_30,1.81343888419506,0.0119457695774097,76.0481603969837,FALSE
Eusergestes arcticus,6,2002,ESP_6_COR_2002_100_6_5,0.0543062934315425,0.000587181131286655,76.0272544231058,FALSE
Capros aper,1,2018,ESP_1_MOL_2018_49_5_8,7.54543860706316,0.019625793924878,76.0199223000214,FALSE
Astropecten irregularis pentacanthus,6,2019,ESP_6_MOL_2019_129_5_30,0.0224431049547811,0.00026983088349377,76.0102341463895,FALSE
Cymbulia peronii,5,2017,ESP_5_MOL_2017_214_6_17,0.00921489126428308,0.000109923003164091,75.9624324241475,FALSE
Porifera,9,2017,ITA_9_SAN_2017_127_9_30,0.145304063282826,0.00142274779024804,75.7122666522617,FALSE
Argyropelecus hemigymnus,9,2021,ITA_9_SAN_2021_115_8_30,0.0110964832663407,0.000166362098061442,75.6894003535168,FALSE
Macroramphosus scolopax,9,2017,ITA_9_SAN_2017_95_10_8,1.38838889214978,0.00835923207749687,75.6325404282029,FALSE
Pagellus acarne,10,2017,ITA_10_SAN_2017_32_11_2,4.15641310522959,0.0203976454521066,75.6170722832763,FALSE
Argentina sphyraena,8,2010,FRA_8_LEU_2010_11_5_24,20.1413020811545,0.0334998833843646,75.5810709479206,FALSE
Spatangus purpureus,1,2017,ESP_1_MOL_2017_53_5_6,0.287060056040109,0.00317456996087697,75.575958252267,FALSE
Munida spp.,9,2012,ITA_9_LIB_2012_152_6_18,30.1605363091729,0.0335259774931588,75.5119859246309,FALSE
Epigonus denticulatus,10,1997,ITA_10_SAN_1997_119_6_28,0.112609531224488,0.00125836072254779,75.4934827035923,FALSE
Gaidropsarus biscayensis,6,2006,ESP_6_COR_2006_95_6_1,0.0850826332900247,0.00115722545953038,75.4346830276474,FALSE
Pasiphaea multidentata,8,1999,FRA_8_LEU_1999_7_5_7,0.0758525848277549,0.000858219476268254,75.4247529035921,FALSE
Munida intermedia,7,2012,FRA_7_LEU_2012_87_6_24,0.474772061799224,0.00388205455580669,75.37203627294,FALSE
Micromesistius poutassou,9,2005,ITA_9_LIB_2005_152_7_12,33.8528061224239,0.0394488623812343,75.319325869729,FALSE
Porifera,5,2016,ESP_5_MOL_2016_214_6_17,1.27990397710858,0.00748761968078327,75.212440930834,FALSE
Chauliodus sloani,5,2011,ESP_5_COR_2011_162_6_19,0.168809679863281,0.00224587747073003,75.1510862166287,FALSE
Stomias boa boa,8,1994,FRA_8_LEU_1994_91_6_15,0.0560969025827759,0.000761983492636874,75.0586129611708,FALSE
Capros aper,1,2021,ESP_1_MOL_2021_61_5_11,7.30675349009725,0.019625793924878,75.0069445396966,FALSE
Serranus cabrilla,6,1995,ESP_6_COR_1995_41_5_2,1.07213605408942,0.0102289654344372,74.9909034078301,FALSE
Gennadas elegans,9,2023,ITA_9_SAN_2023_33_10_18,0.0508624101412104,0.000657698396562878,74.9179886222203,FALSE
Halocynthia papillosa,8,2015,FRA_8_LEU_2015_9_5_26,0.036221154775301,0.000376136244906488,74.8619473150034,FALSE
Antedon spp.,7,2014,FRA_7_LEU_2014_28_6_6,0.0188668723744377,0.000203592272542189,74.8517205261149,FALSE
Serranus cabrilla,6,1996,ESP_6_COR_1996_43_5_11,1.06740195674675,0.0102289654344372,74.7521464958823,FALSE
Chlorophthalmus agassizi,9,2016,ITA_9_SAN_2016_136_5_29,0.696515869053322,0.0053678494308144,74.7198476160578,FALSE
Eusergestes arcticus,5,2015,ESP_5_MOL_2015_211_6_14,0.0298982519773423,0.000385974013141643,74.6846364757544,FALSE
Spatangus purpureus,9,2021,ITA_9_SAN_2021_93_8_24,0.583813763409472,0.00483592691315856,74.6807600163617,FALSE
Capros aper,1,2021,ESP_1_MOL_2021_29_5_3,7.22960321741888,0.019625793924878,74.6732856397676,FALSE
Capros aper,11,2007,ITA_11_GIS_2007_44_8_7,24.8828554097353,0.0326342110385639,74.6590691661817,FALSE
Gryphus vitreus,8,2013,FRA_8_LEU_2013_19_5_30,0.345956054230949,0.0027596134580524,74.5995815028053,FALSE
Lophius piscatorius,10,1997,ITA_10_SAN_1997_94_7_3,3.04311916231534,0.0155112587969089,74.5828231932946,FALSE
Chlorophthalmus agassizi,9,2021,ITA_9_SAN_2021_9_9_16,0.69419869998752,0.0053678494308144,74.5246630081033,FALSE
Chlorophthalmus agassizi,9,1999,ITA_9_FRP_1999_107_5_24,0.69406537861998,0.0053678494308144,74.5134246848999,FALSE
Antedon spp.,8,2012,FRA_8_LEU_2012_7_5_26,0.00864537644542719,9.54570309640498e-05,74.4718037285607,FALSE
Capros aper,11,1999,ITA_11_NUS_1999_46_6_1,24.6020125562828,0.0326342110385639,74.4062285402324,FALSE
Liocarcinus depurator,10,2000,ITA_10_SAN_2000_93_7_1,0.655503115306331,0.00651973056747735,74.3821597971578,FALSE
Macropodia longipes,1,2015,ESP_1_MOL_2015_15_4_26,0.0562429696287964,0.000690744029998026,74.3592808535675,FALSE
Pagurus spp.,11,2015,ITA_11_GIS_2015_44_7_3,1.49238933349114,0.0109540472177984,74.3267493929836,FALSE
Alcyonium palmatum,1,2019,ESP_1_MOL_2019_20_5_2,0.0728791484435297,0.000671461955675228,74.3249815145216,FALSE
Capros aper,6,2016,ESP_6_MOL_2016_82_5_14,6.36514567670265,0.0191059591826416,74.2742729577203,FALSE
Hymenocephalus italicus,11,2021,ITA_11_GIS_2021_82_9_6,3.57664256696573,0.0208713904361512,74.1931297809218,FALSE
Argentina sphyraena,10,1998,ITA_10_SAN_1998_73_6_9,0.824889688051501,0.00707437017847331,74.184431800649,FALSE
Plesionika gigliolii,1,1998,ESP_1_COR_1998_29_5_13,0.590027589690094,0.00450861099614153,74.1013849960248,FALSE
Scorpaena notata,7,2016,FRA_7_LEU_2016_73_6_19,0.981040411260129,0.00999650763186385,74.0796833723634,FALSE
Plesionika gigliolii,1,1999,ESP_1_COR_1999_36_5_13,0.589726291105717,0.00450861099614153,74.0708070711707,FALSE
Munida rutllanti,5,2020,ESP_5_MOL_2020_69_6_15,0.0689285008051075,0.000846368976131513,73.9940998568933,FALSE
Inachus dorsettensis,7,2013,FRA_7_LEU_2013_53_6_13,0.0611951043916487,0.000724818295815039,73.9835391781546,FALSE
Munida intermedia,9,2011,ITA_9_LIB_2011_64_6_4,0.125471301576547,0.00147535597900008,73.9790423613964,FALSE
Alcyonium palmatum,1,2015,ESP_1_MOL_2015_15_4_26,0.0724314222626934,0.000671461955675228,73.8797225201134,FALSE
Astropecten spinulosus,5,2017,ESP_5_MOL_2017_204_6_14,0.0357034100019266,0.000408027384005537,73.8744245515079,FALSE
Citharus linguatula,6,2000,ESP_6_COR_2000_74_6_12,0.918917361374279,0.0103310057211857,73.8672836318703,FALSE
Crystallogobius linearis,6,1999,ESP_6_COR_1999_52_5_18,0.00182379004941133,0.000142795871678836,73.8441204870279,FALSE
Argentina sphyraena,9,2002,ITA_9_FRP_2002_38_8_3,1.09023209306919,0.00859354388572974,73.7735197377189,FALSE
Macropodia linaresi,5,2021,ESP_5_MOL_2021_185_6_11,0.0926432173015005,0.00109486944166594,73.7533889700362,FALSE
Neopycnodonte cochlear,1,2016,ESP_1_MOL_2016_53_5_6,5.14095679099902,0.018499394267074,73.7049388833832,FALSE
Sepietta oweniana,6,1997,ESP_6_COR_1997_75_5_28,0.133333333333333,0.00158011582248979,73.6695772860919,FALSE
Spicara maena,9,2003,ITA_9_CIR_2003_150_7_9,1.19200104774461,0.0111890347649657,73.6561486556502,FALSE
Munida intermedia,9,2015,ITA_9_LIB_2015_1_7_31,0.124827369422061,0.00147535597900008,73.6163277483106,FALSE
Pasiphaea sivado,10,2007,ITA_10_PEC_2007_65_8_6,0.330634278002699,0.00299157249835777,73.5958125793682,FALSE
Liocarcinus depurator,1,1994,ESP_1_COR_1994_2_5_28,2.02239412572291,0.0118918918918919,73.5160560210679,FALSE
Macroramphosus scolopax,6,2006,ESP_6_COR_2006_126_6_9,0.349748854199202,0.00305607371841293,73.4398041782723,FALSE
Glossanodon leioglossus,1,2015,ESP_1_MOL_2015_40_5_2,0.0182607440973766,0.000221288935053292,73.4010529199348,FALSE
Glossanodon leioglossus,7,2019,FRA_7_LEU_2019_26_6_1,0.996378860977982,0.00680210580675902,73.3952462477051,FALSE
Pagurus alatus,7,2021,FRA_7_LEU_2021_86_6_22,0.0605076468082216,0.00086640711209969,73.3578014683991,FALSE
Capros aper,7,2019,FRA_7_LEU_2019_26_6_1,2.19814134508967,0.011616779756433,73.2890497452726,FALSE
Lepidotrigla dieuzeidei,9,1998,ITA_9_FRP_1998_104_5_24,1.89558113106014,0.0109595083313883,73.2760852976579,FALSE
Benthosema glaciale,5,2011,ESP_5_COR_2011_163_6_19,0.00730219924827885,0.000127593605585705,73.2451927185457,FALSE
Argentina sphyraena,5,2018,ESP_5_MOL_2018_188_6_15,0.894168096948638,0.00801781153319577,73.2072051040044,FALSE
Lepidopus caudatus,7,2002,FRA_7_LEU_2002_36_6_21,0.533265611108313,0.00555182361603847,73.1675409736264,FALSE
Maurolicus muelleri,6,2008,ESP_6_COR_2008_69_5_22,0.0454206935186345,0.000528268476867673,73.0865039192872,FALSE
Peyssonnelia spp.,5,2018,ESP_5_MOL_2018_197_6_18,9.82768919895574,0.0228011015953903,73.0582045609004,FALSE
Lepidopus caudatus,7,2001,FRA_7_LEU_2001_59_6_21,0.532193408963623,0.00555182361603847,73.0462138773716,FALSE
Galeodea echinophora,10,2012,ITA_10_PEC_2012_5_6_28,0.0451056939172716,0.000561382506557486,72.9754876256494,FALSE
Isidella elongata,10,2016,ITA_10_PEC_2016_37_8_31,0.0229449779428929,0.00029715444899641,72.9747648647259,FALSE
Macroramphosus scolopax,10,2019,ITA_10_SAN_2019_68_7_7,0.96584277747235,0.00684581179526142,72.9536634236906,FALSE
Echinaster sepositus,11,2014,ITA_11_GIS_2014_16_7_24,0.108030441471005,0.00124385349793993,72.9033421673517,FALSE
Polycarpa mamillaris,6,2018,ESP_6_MOL_2018_163_6_7,0.28296686470264,0.00252042926060845,72.9002763389494,FALSE
Micromesistius poutassou,9,2003,ITA_9_CIR_2003_84_6_16,30.1340170637558,0.0394488623812343,72.8997910759027,FALSE
Plesionika edwardsii,1,2017,ESP_1_MOL_2017_66_5_9,1.33171725905568,0.00810481239463326,72.8661617658385,FALSE
Sepietta oweniana,5,2013,ESP_5_COR_2013_179_6_23,0.32234978204423,0.00271790065604499,72.8422870755055,FALSE
Macroramphosus scolopax,10,2012,ITA_10_PEC_2012_17_6_29,0.963713767095329,0.00684581179526142,72.8355168088811,FALSE
Munida intermedia,9,2010,ITA_9_LIB_2010_152_5_10,0.123391666743786,0.00147535597900008,72.8068758581049,FALSE
Deltentosteus quadrimaculatus,9,2010,ITA_9_LIB_2010_15_6_5,0.0912152748890906,0.00145367373753377,72.7571034086072,FALSE
Macroramphosus scolopax,10,2018,ITA_10_SAN_2018_18_7_9,0.962286655316708,0.00684581179526142,72.7562493981878,FALSE
Macroramphosus scolopax,11,2014,ITA_11_GIS_2014_6_7_22,5.50036154460414,0.0193622942815968,72.7302248322554,FALSE
Sphaerechinus granularis,5,2012,ESP_5_COR_2012_151_6_4,7.61704108206821,0.0202582333559301,72.7177893098968,FALSE
Munida intermedia,10,2011,ITA_10_PEC_2011_12_6_14,0.0364968831661776,0.000523560209424084,72.7089081487351,FALSE
Centracanthus cirrus,8,2001,FRA_8_LEU_2001_15_6_6,15.7097998845955,0.0276390843357598,72.7044668839894,FALSE
Spicara smaris,6,2004,ESP_6_COR_2004_102_5_28,1.10186050087131,0.0090603906711984,72.6825755967689,FALSE
Astropecten irregularis pentacanthus,9,2019,ITA_9_SAN_2019_127_6_1,0.0189029167200499,0.000256508913684751,72.6729753590434,FALSE
Alloteuthis media,9,2007,ITA_9_LIB_2007_100_9_30,0.371446426871614,0.00406795105441291,72.6621797402741,FALSE
Ocnus planci,1,2019,ESP_1_MOL_2019_15_5_1,0.0346362534899647,0.000372647705089385,72.5961153600215,FALSE
Liocarcinus depurator,9,2003,ITA_9_CIR_2003_31_6_24,0.501165501165501,0.0047570487608178,72.5769305005311,FALSE
Callionymus maculatus,7,1994,FRA_7_LEU_1994_46_5_31,0.583147595370453,0.00594989356532345,72.5733974105073,FALSE
Macroramphosus scolopax,10,1997,ITA_10_SAN_1997_103_6_28,0.958413651336599,0.00684581179526142,72.5408366297739,FALSE
Ciona spp.,5,2014,ESP_5_MOL_2014_197_6_11,0.310616041841338,0.00262026714247391,72.486497652764,FALSE
Luidia sarsii,5,2014,ESP_5_MOL_2014_172_6_6,0.0497101270506969,0.000571121413693476,72.4842914640728,FALSE
Crystallogobius linearis,6,1999,ESP_6_COR_1999_47_5_16,0.00179028175244698,0.000142795871678836,72.3733506384643,FALSE
Plesionika antigai,9,2023,ITA_9_SAN_2023_41_10_16,0.294207865788,0.0027018420389537,72.3590282027026,FALSE
Capros aper,7,2018,FRA_7_LEU_2018_30_6_2,2.14967425198823,0.011616779756433,72.31671158305,FALSE
Plesionika martia,10,2019,ITA_10_SAN_2019_23_6_29,2.23919302223197,0.0159023974454389,72.2983510429285,FALSE
Macroramphosus scolopax,1,2007,ESP_1_COR_2007_30_5_25,0.206865927599038,0.00206381905430098,72.2265165075976,FALSE
Crystallogobius linearis,6,2018,ESP_6_MOL_2018_67_5_15,0.00178634138131554,0.000142795871678836,72.2003938517075,FALSE
Suberites domuncula,11,2015,ITA_11_GIS_2015_44_7_3,0.447716800047341,0.00416850247213445,72.1168335948323,FALSE
Pagurus prideaux,6,2018,ESP_6_MOL_2018_71_5_16,0.311147521991344,0.00286728864774256,72.0328298710807,FALSE
Ascidia mentula,6,2018,ESP_6_MOL_2018_68_5_15,0.117301431985398,0.0013046150123179,72.0262708859203,FALSE
Funiculina quadrangularis,6,2019,ESP_6_MOL_2019_97_5_22,0.140183301751808,0.00125884529554254,71.9704764666073,FALSE
Pagellus bogaraveo,2,2008,ESP_2_COR_2008_30_5_13,4.94264537050183,0.0292867836054043,71.9193189335648,FALSE
Abralia veranyi,1,2018,ESP_1_MOL_2018_60_5_12,0.136249969567652,0.00141027792031863,71.7774278148671,FALSE
Maurolicus muelleri,10,2010,ITA_10_PEC_2010_34_5_30,0.0594302036476132,0.000668832047993971,71.7412153052384,FALSE
Alpheus glaber,6,1995,ESP_6_COR_1995_97_5_19,0.0221936571360167,0.000349524419027886,71.7368971268845,FALSE
Argentina sphyraena,7,1996,FRA_7_LEU_1996_36_6_10,1.71243037086949,0.0121628195823316,71.733955645421,FALSE
Macroramphosus scolopax,6,2019,ESP_6_MOL_2019_109_5_25,0.340372005414194,0.00305607371841293,71.71521254662,FALSE
Fusinus rostratus,6,2006,ESP_6_COR_2006_90_5_29,0.00173920276457622,6.47500647500648e-05,71.6408873540535,FALSE
Glossanodon leioglossus,7,2016,FRA_7_LEU_2016_36_6_5,0.963966018086149,0.00680210580675902,71.6402231867682,FALSE
Capros aper,7,1998,FRA_7_LEU_1998_88_6_17,2.11591809683103,0.011616779756433,71.6306213107629,FALSE
Epigonus denticulatus,11,2003,ITA_11_NUS_2003_87_7_9,0.297138158960445,0.00414965923779155,71.6001798087965,FALSE
Serranus cabrilla,10,2002,ITA_10_GAB_2002_53_7_20,0.766096895767794,0.00744874713373255,71.5926224233472,FALSE
Porifera,5,2021,ESP_5_MOL_2021_185_6_11,1.19187777170281,0.00748761968078327,71.5861833582357,FALSE
Capros aper,9,2019,ITA_9_SAN_2019_152_6_11,0.948434808818935,0.00725507471097059,71.5510052747592,FALSE
Philocheras echinulatus,1,2004,ESP_1_COR_2004_14_5_9,0.00601695313233775,0.000141645692912957,71.5190258880826,FALSE
Argentina sphyraena,6,2000,ESP_6_COR_2000_88_6_17,0.428893172115334,0.00460240203740297,71.4687564628773,FALSE
Macropodia longipes,6,2019,ESP_6_MOL_2019_108_5_24,0.0687350382783058,0.000857008184428161,71.4500170287965,FALSE
Venus nux,1,2015,ESP_1_MOL_2015_15_4_26,4.74494259646116,0.0189832267952749,71.4103042447368,FALSE
Astropecten spinulosus,5,2016,ESP_5_MOL_2016_189_6_10,0.0344842436845538,0.000408027384005537,71.3649225548338,FALSE
Callionymus maculatus,6,2000,ESP_6_COR_2000_82_6_16,0.163785680869614,0.00217785027968894,71.3566104232639,FALSE
Dardanus arrosor,6,2000,ESP_6_COR_2000_78_6_13,0.266511886623618,0.00318961824826166,71.3533374669732,FALSE
Lepidopus caudatus,1,2013,ESP_1_COR_2013_6_5_9,3.61341654522052,0.0159898236669525,71.3457176798999,FALSE
Argentina sphyraena,10,2018,ITA_10_SAN_2018_28_7_11,0.783299330338744,0.00707437017847331,71.3074614753466,FALSE
Microcosmus spp.,11,2017,ITA_11_GIS_2017_44_11_10,0.675205668759681,0.00605812416617455,71.2862660334272,FALSE
Argentina sphyraena,6,2014,ESP_6_MOL_2014_93_5_18,0.426972996428297,0.00460240203740297,71.1959676650425,FALSE
Eusergestes arcticus,6,2021,ESP_6_MOL_2021_79_5_16,0.0507982583454282,0.000587181131286655,71.1819452925247,FALSE
Pasiphaea sivado,1,2005,ESP_1_COR_2005_123_6_7,0.489531850900347,0.00399127231484991,71.0178193636681,FALSE
Spicara smaris,9,2003,ITA_9_CIR_2003_149_7_9,0.776085446503798,0.00758445968299515,70.9962425209863,FALSE
Munida intermedia,9,2016,ITA_9_SAN_2016_2_6_13,0.120156758355516,0.00147535597900008,70.9792304824325,FALSE
Pasiphaea sivado,11,2007,ITA_11_GIS_2007_63_8_21,0.855445314601443,0.00714758322699517,70.974606366884,FALSE
Munida intermedia,9,2002,ITA_9_FRP_2002_152_7_29,0.119990400767939,0.00147535597900008,70.8850998105588,FALSE
Serranus hepatus,10,2005,ITA_10_PEC_2005_53_6_23,0.986920773365584,0.00790826449132202,70.7689620028927,FALSE
Argentina sphyraena,6,2001,ESP_6_COR_2001_79_6_3,0.423769281138265,0.00460240203740297,70.7400152798127,FALSE
Alpheus glaber,6,1999,ESP_6_COR_1999_89_5_27,0.0218637093884257,0.000349524419027886,70.6647835680595,FALSE
Gryphus vitreus,5,2014,ESP_5_MOL_2014_221_6_17,0.190343324648207,0.00170770609422448,70.6456151892579,FALSE
Capros aper,1,2014,ESP_1_MOL_2014_47_5_7,6.34647794574446,0.019625793924878,70.6141641286797,FALSE
Centracanthus cirrus,8,1996,FRA_8_LEU_1996_22_6_4,14.4215866914438,0.0276390843357598,70.6128817797306,FALSE
Lobianchia dofleini,10,2016,ITA_10_PEC_2016_60_8_28,0.0221007444456051,0.000321110184380718,70.6106797446234,FALSE
Gryphus vitreus,8,2015,FRA_8_LEU_2015_8_5_25,0.324802464072065,0.0027596134580524,70.5847926594516,FALSE
Alcyonium palmatum,6,2021,ESP_6_MOL_2021_151_5_31,0.0522691287842658,0.000572898352028258,70.5414459143604,FALSE
Capros aper,10,2000,ITA_10_SAN_2000_141_6_21,0.607435650161065,0.00544828708443768,70.5288478326732,FALSE
Ascidia spp.,6,2015,ESP_6_MOL_2015_75_5_12,0.186632189754894,0.00189923456430234,70.501814632534,FALSE
Argentina sphyraena,5,2018,ESP_5_MOL_2018_172_6_11,0.847737922793615,0.00801781153319577,70.3269824506476,FALSE
Capros aper,7,2004,FRA_7_LEU_2004_27_6_9,2.05150921601655,0.011616779756433,70.3006455577825,FALSE
Hoplostethus mediterraneus mediterraneus,11,2015,ITA_11_GIS_2015_78_7_14,0.0838635282353985,0.00109280875016338,70.2840950022001,FALSE
Spicara maena,6,2007,ESP_6_COR_2007_111_6_13,6.89340113408862,0.0327344082227593,70.2732129992127,FALSE
Gaidropsarus biscayensis,11,2011,ITA_11_GIS_2011_47_6_16,0.0957866520941754,0.00126973717951254,70.2560614654107,FALSE
Gryphus vitreus,5,2020,ESP_5_MOL_2020_60_6_13,0.189203228642212,0.00170770609422448,70.2532559068162,FALSE
Xenophora crispa,1,1996,ESP_1_COR_1996_24_5_7,0.08114957739797,0.000917730737617965,70.2153658903233,FALSE
Macroramphosus scolopax,9,2002,ITA_9_FRP_2002_26_8_5,1.24264619757453,0.00835923207749687,70.1100470252098,FALSE
Plesionika edwardsii,1,2016,ESP_1_MOL_2016_59_5_7,1.2578923227833,0.00810481239463326,70.0703972160341,FALSE
Sergia robusta,11,1999,ITA_11_NUS_1999_9_5_19,0.117303256778295,0.00140099965528404,70.0098282050509,FALSE
