GSA,Year,FG_num,FG_name,mean_density,n_strata_contributing,n_samples_total
1,1994,58,Benthic mollusc,0.0345527858211155,7,26
1,1994,55,Benthopelagic cephalopods,0.0366537232587319,7,26
1,1994,38,Flatfishes,0.0569488150890958,7,26
1,1994,66,Non-commercial decapods,0.150736932275228,7,26
1,1994,33,Sparidae+,0.614208999856665,5,18
1,1994,45,No commercial small demersal fish,1.14283573680498,5,18
1,1994,25,European conger,0.0371977719419446,7,26
1,1994,57,Other benthic cephalopods,0.0126208232631554,7,26
1,1994,35,Scorpaenidae,0.054408402557696,7,26
1,1994,26,European hake juv.,0.037585875813212,5,18
1,1994,43,Mullets,0.018161482131127,5,18
1,1994,54,Coastal benthic cephalopods,0.0571703574527405,4,11
1,1994,41,No commercial medium demersal fish,0.0266758891219957,5,18
1,1994,31,Common pandora,0.00873388900841384,3,8
1,1994,49,Rays and skates,0.0116020929126816,3,6
1,1994,18,Sardine,0.00314446005036503,2,3
1,1994,15,Mackerels,0.00272119129659423,3,8
1,1994,47,Small-spotted catshark,0.00201573742350959,5,18
1,1994,37,Labridae and serranidae+,0.0234925581253838,4,11
1,1994,65,Other commercial decapods,0.000229157712524492,2,3
1,1994,16,Horse mackerels,0.538933890253478,7,26
1,1994,39,Other commercial shallow medium demersal fish,0.000120406971176114,2,3
1,1995,55,Benthopelagic cephalopods,0.0256697766690617,7,29
1,1995,58,Benthic mollusc,0.0720408938169912,7,29
1,1995,38,Flatfishes,0.153673276945011,7,29
1,1995,66,Non-commercial decapods,0.34549868929832,7,29
1,1995,33,Sparidae+,0.259405167027449,6,28
1,1995,45,No commercial small demersal fish,0.0820733809407457,7,29
1,1995,25,European conger,0.0155157423468541,7,29
1,1995,57,Other benthic cephalopods,0.0212303888178963,7,29
1,1995,26,European hake juv.,0.0333260805904449,7,29
1,1995,54,Coastal benthic cephalopods,0.0441940329145664,4,16
1,1995,18,Sardine,0.00367973646008943,2,2
1,1995,35,Scorpaenidae,0.0576563486085211,7,29
1,1995,47,Small-spotted catshark,0.00552169239804032,5,19
1,1995,37,Labridae and serranidae+,0.0279241390863714,4,10
1,1995,65,Other commercial decapods,0.00343872344163053,4,12
1,1995,50,Torpedos,0.0179901445896839,5,23
1,1995,16,Horse mackerels,0.574538456453816,5,19
1,1996,55,Benthopelagic cephalopods,0.0347935712850194,7,35
1,1996,38,Flatfishes,0.0737117689560703,7,35
1,1996,66,Non-commercial decapods,0.257745132091491,7,35
1,1996,45,No commercial small demersal fish,0.0791666047149166,7,35
1,1996,58,Benthic mollusc,0.00509958341393894,7,35
1,1996,33,Sparidae+,0.486691305492747,6,34
1,1996,25,European conger,0.0615419218414645,7,35
1,1996,57,Other benthic cephalopods,0.0202738438926761,7,35
1,1996,26,European hake juv.,0.0744199399788019,7,35
1,1996,43,Mullets,0.021315181751796,5,22
1,1996,54,Coastal benthic cephalopods,0.0448618929751789,4,11
1,1996,41,No commercial medium demersal fish,0.0239062370474442,5,31
1,1996,31,Common pandora,0.00103246407211477,3,8
1,1996,67,Other macro-benthos,0.00168374120546957,7,35
1,1996,49,Rays and skates,0.00198503440401406,2,3
1,1996,15,Mackerels,0.018282117531992,3,8
1,1996,35,Scorpaenidae,0.175845914512414,7,35
1,1996,47,Small-spotted catshark,0.00952464224529682,5,22
1,1996,37,Labridae and serranidae+,0.0222819720536176,4,11
1,1996,21,Other small pelagic fish,0.0106919155287216,3,8
1,1996,16,Horse mackerels,0.355157529312405,5,22
1,1997,58,Benthic mollusc,0.00770840799973492,7,35
1,1997,55,Benthopelagic cephalopods,0.0677927464830671,7,35
1,1997,44,Commercial small demersal fish,3.1904906360975e-05,3,9
1,1997,38,Flatfishes,0.0310745847267715,7,35
1,1997,45,No commercial small demersal fish,0.0369675609151209,5,24
1,1997,33,Sparidae+,0.42560604283307,6,34
1,1997,66,Non-commercial decapods,0.480136126588207,7,35
1,1997,57,Other benthic cephalopods,0.0294994956325225,7,35
1,1997,22,Benthopelagic fishes,1.20978057430039,7,35
1,1997,35,Scorpaenidae,0.30758792162432,7,35
1,1997,26,European hake juv.,0.0475559763930224,7,35
1,1997,43,Mullets,0.00666154184642419,4,14
1,1997,54,Coastal benthic cephalopods,0.060216372930724,4,14
1,1997,31,Common pandora,0.00649788834269935,3,9
1,1997,67,Other macro-benthos,0.00443656826544845,7,35
1,1997,18,Sardine,0.0471975297262611,3,9
1,1997,15,Mackerels,0.00848790104286319,3,8
1,1997,37,Labridae and serranidae+,0.0131782715922876,4,14
1,1997,65,Other commercial decapods,0.00160360441008805,3,13
1,1997,50,Torpedos,0.00693814278467122,5,24
1,1997,41,No commercial medium demersal fish,0.032703474213136,5,24
1,1997,16,Horse mackerels,0.0981010189109352,5,24
1,1998,55,Benthopelagic cephalopods,0.0229616542008765,7,34
1,1998,17,Other medium pelagic fishes,0.0150062556192593,2,3
1,1998,37,Labridae and serranidae+,0.0505753449937262,4,14
1,1998,38,Flatfishes,0.0706906905066925,7,34
1,1998,58,Benthic mollusc,0.0797407120284766,7,34
1,1998,33,Sparidae+,0.464672967058862,6,33
1,1998,66,Non-commercial decapods,0.304416494959595,7,34
1,1998,45,No commercial small demersal fish,0.0092416994582404,7,34
1,1998,25,European conger,0.0243864807186156,7,34
1,1998,41,No commercial medium demersal fish,0.0209489922042079,5,21
1,1998,57,Other benthic cephalopods,0.0370478992132876,7,34
1,1998,35,Scorpaenidae,0.164831654472423,7,34
1,1998,43,Mullets,0.0163305973311544,4,14
1,1998,54,Coastal benthic cephalopods,0.0360464974436984,4,14
1,1998,67,Other macro-benthos,0.00222781910368093,5,21
1,1998,39,Other commercial shallow medium demersal fish,0.00145983520650043,3,9
1,1998,49,Rays and skates,0.0113314791892565,4,14
1,1998,20,Round sardinella,0.00369366902138965,2,3
1,1998,47,Small-spotted catshark,0.0246164899565236,7,34
1,1998,21,Other small pelagic fish,0.0128885221490879,3,9
1,1998,50,Torpedos,0.0124848756484106,5,28
1,1998,16,Horse mackerels,0.110074312492082,6,27
1,1999,55,Benthopelagic cephalopods,0.0525139463934137,7,41
1,1999,44,Commercial small demersal fish,2.58496250880936e-05,3,12
1,1999,38,Flatfishes,0.0431662220505413,7,41
1,1999,66,Non-commercial decapods,0.228195448331795,7,41
1,1999,45,No commercial small demersal fish,0.0356179858946852,7,41
1,1999,33,Sparidae+,0.0611093100987077,6,40
1,1999,25,European conger,0.0400374501919958,7,41
1,1999,58,Benthic mollusc,0.00191253029877991,7,41
1,1999,57,Other benthic cephalopods,0.0108632646906048,7,41
1,1999,19,Anchovy,0.000733117802063466,2,3
1,1999,35,Scorpaenidae,0.111063668067076,7,41
1,1999,26,European hake juv.,0.0131386805969129,5,28
1,1999,54,Coastal benthic cephalopods,0.00637356090058314,4,17
1,1999,41,No commercial medium demersal fish,0.0124340494159186,5,28
1,1999,37,Labridae and serranidae+,0.013516117167297,4,17
1,1999,21,Other small pelagic fish,0.0251476290478294,4,17
1,1999,65,Other commercial decapods,0.00038433351323919,2,3
1,1999,16,Horse mackerels,0.0626784757232907,5,28
1,2000,55,Benthopelagic cephalopods,0.0964495280738978,7,40
1,2000,44,Commercial small demersal fish,9.26982635277897e-06,3,9
1,2000,38,Flatfishes,0.0389359997072415,7,40
1,2000,66,Non-commercial decapods,0.250056860644008,7,40
1,2000,58,Benthic mollusc,0.00645023995879301,7,40
1,2000,45,No commercial small demersal fish,0.00817501167048411,7,40
1,2000,33,Sparidae+,0.258268482697236,6,39
1,2000,19,Anchovy,0.0212138475153765,3,9
1,2000,26,European hake juv.,0.0357494975082487,5,27
1,2000,54,Coastal benthic cephalopods,0.0615863430950092,5,27
1,2000,31,Common pandora,0.00415420421020018,3,9
1,2000,49,Rays and skates,0.00833799514028032,5,27
1,2000,18,Sardine,0.0259243220800207,3,9
1,2000,15,Mackerels,0.00976549464594587,3,9
1,2000,35,Scorpaenidae,0.0822342343879209,7,40
1,2000,47,Small-spotted catshark,0.0112828284293187,7,40
1,2000,37,Labridae and serranidae+,0.0167060168164134,4,14
1,2000,21,Other small pelagic fish,0.0151842764699235,3,9
1,2000,65,Other commercial decapods,0.0019339247523045,5,22
1,2000,41,No commercial medium demersal fish,0.0237263352031219,5,27
1,2000,39,Other commercial shallow medium demersal fish,0.00719961687974559,4,14
1,2000,16,Horse mackerels,0.219560232429662,7,40
1,2001,55,Benthopelagic cephalopods,0.101172333221518,7,40
1,2001,44,Commercial small demersal fish,1.0074471798865e-05,2,5
1,2001,38,Flatfishes,0.0339533566338264,7,40
1,2001,33,Sparidae+,1.56854027081447,6,39
1,2001,66,Non-commercial decapods,0.195511500961647,7,40
1,2001,45,No commercial small demersal fish,0.023255710814557,5,26
1,2001,35,Scorpaenidae,0.125397769369366,7,40
1,2001,25,European conger,0.0349782058661262,7,40
1,2001,26,European hake juv.,0.0470943367626662,7,40
1,2001,43,Mullets,0.0176692969738481,5,26
1,2001,54,Coastal benthic cephalopods,0.128811632166246,4,16
1,2001,41,No commercial medium demersal fish,0.0174637184771411,6,39
1,2001,31,Common pandora,0.007396551189935,3,11
1,2001,67,Other macro-benthos,0.00127558682083664,7,40
1,2001,49,Rays and skates,0.00484076910395504,4,20
1,2001,47,Small-spotted catshark,0.0189097774818943,7,40
1,2001,37,Labridae and serranidae+,0.0155572822205011,4,16
1,2001,21,Other small pelagic fish,0.0209343198554307,4,16
1,2001,50,Torpedos,0.0255387846569038,5,34
1,2001,16,Horse mackerels,0.290584732816896,6,39
1,2001,58,Benthic mollusc,0.000830371493963729,7,40
1,2001,39,Other commercial shallow medium demersal fish,0.00475479157231136,4,16
1,2002,58,Benthic mollusc,0.0349766018694226,7,46
1,2002,55,Benthopelagic cephalopods,0.0557351078554605,7,46
1,2002,17,Other medium pelagic fishes,0.0237912938470435,3,13
1,2002,37,Labridae and serranidae+,0.0190034593565202,4,21
1,2002,38,Flatfishes,0.118695885608766,7,46
1,2002,45,No commercial small demersal fish,0.0125552884806856,7,46
1,2002,33,Sparidae+,1.73463112583536,5,32
1,2002,41,No commercial medium demersal fish,0.0326370953667116,6,45
1,2002,25,European conger,0.0379130168810077,7,46
1,2002,66,Non-commercial decapods,0.167251111585458,7,46
1,2002,57,Other benthic cephalopods,0.0218845017833718,7,46
1,2002,24,Anglerfish,0.0515407117146463,7,46
1,2002,26,European hake juv.,0.0561057823518504,7,46
1,2002,43,Mullets,0.0255105359448999,5,32
1,2002,54,Coastal benthic cephalopods,0.095086650283774,4,21
1,2002,31,Common pandora,0.0119292398619373,3,13
1,2002,64,European lobster,0.00186589316119712,2,5
1,2002,67,Other macro-benthos,0.00191037936763655,7,46
1,2002,49,Rays and skates,0.0210146045170413,5,32
1,2002,18,Sardine,0.102544686832112,3,13
1,2002,35,Scorpaenidae,0.120773697967506,7,46
1,2002,47,Small-spotted catshark,0.0962451927125887,7,46
1,2002,21,Other small pelagic fish,0.060580630729109,4,21
1,2002,65,Other commercial decapods,0.000776302382161931,3,13
1,2002,50,Torpedos,0.00692350587009495,4,24
1,2002,16,Horse mackerels,0.136417325492161,6,35
1,2002,39,Other commercial shallow medium demersal fish,0.0073509193105419,3,13
1,2003,55,Benthopelagic cephalopods,0.0809597115583056,7,49
1,2003,39,Other commercial shallow medium demersal fish,0.00410038993419996,4,28
1,2003,38,Flatfishes,0.021007080659479,7,49
1,2003,45,No commercial small demersal fish,0.00838468655554673,7,49
1,2003,58,Benthic mollusc,0.00146891218470058,7,49
1,2003,33,Sparidae+,2.71840378482173,6,48
1,2003,66,Non-commercial decapods,0.167433179517164,7,49
1,2003,41,No commercial medium demersal fish,0.0173918325809221,6,48
1,2003,35,Scorpaenidae,0.112112602593266,7,49
1,2003,25,European conger,0.137426329133464,6,43
1,2003,19,Anchovy,0.00339070855045949,3,17
1,2003,26,European hake juv.,0.0395269237207487,5,34
1,2003,43,Mullets,0.00621716690868752,5,34
1,2003,48,Small demersal sharks,1.85793901150392,5,31
1,2003,54,Coastal benthic cephalopods,0.0535882058027267,5,34
1,2003,31,Common pandora,0.00564024162907006,3,17
1,2003,49,Rays and skates,0.013439387624877,5,34
1,2003,18,Sardine,1.33143447778152,4,28
1,2003,20,Round sardinella,0.00453865192242426,3,17
1,2003,15,Mackerels,0.0124886537135829,5,34
1,2003,47,Small-spotted catshark,0.0593778057140948,7,49
1,2003,37,Labridae and serranidae+,0.00379599219289111,5,34
1,2003,21,Other small pelagic fish,0.0404661841260471,3,17
1,2003,65,Other commercial decapods,0.000134215048473237,3,17
1,2003,50,Torpedos,0.00541851741068703,5,36
1,2003,16,Horse mackerels,0.687819077178415,5,34
1,2004,55,Benthopelagic cephalopods,0.0447001955491511,7,45
1,2004,44,Commercial small demersal fish,0.000410397335275701,4,18
1,2004,38,Flatfishes,0.0506487548851696,7,45
1,2004,45,No commercial small demersal fish,0.00921058640829173,7,45
1,2004,58,Benthic mollusc,0.0141740461058035,7,45
1,2004,33,Sparidae+,2.0767411990407,6,44
1,2004,66,Non-commercial decapods,0.176435407459638,7,45
1,2004,25,European conger,0.0350914563223081,7,45
1,2004,34,Common dentex,0.0362761900659293,2,5
1,2004,41,No commercial medium demersal fish,0.0185021904526789,6,44
1,2004,57,Other benthic cephalopods,0.0353305332487214,7,45
1,2004,19,Anchovy,0.00590455507176844,3,13
1,2004,35,Scorpaenidae,0.125868222115084,7,45
1,2004,26,European hake juv.,0.0190459609666749,7,45
1,2004,43,Mullets,0.0224987945176539,4,18
1,2004,49,Rays and skates,0.0360905074382577,5,27
1,2004,63,Norway lobster,0.0204389500188003,6,37
1,2004,54,Coastal benthic cephalopods,0.0612111101051462,4,18
1,2004,31,Common pandora,0.0287994958622636,3,13
1,2004,67,Other macro-benthos,0.00313218392928096,7,45
1,2004,18,Sardine,0.0497504421139664,3,13
1,2004,20,Round sardinella,0.000437271036935893,3,13
1,2004,15,Mackerels,0.202342860421486,4,18
1,2004,47,Small-spotted catshark,0.0309530920844109,7,45
1,2004,37,Labridae and serranidae+,0.0116932019888233,5,31
1,2004,17,Other medium pelagic fishes,0.00738915930585532,2,5
1,2004,21,Other small pelagic fish,0.0370608378446035,3,13
1,2004,65,Other commercial decapods,8.25116196264633e-05,2,5
1,2004,50,Torpedos,0.00512273041703387,5,31
1,2004,16,Horse mackerels,0.28778618639028,7,45
1,2004,39,Other commercial shallow medium demersal fish,0.00659403924315259,4,18
1,2005,55,Benthopelagic cephalopods,0.156979353857116,7,40
1,2005,38,Flatfishes,0.0499692199019705,7,40
1,2005,45,No commercial small demersal fish,0.00854929926197232,7,40
1,2005,58,Benthic mollusc,0.00604067967554806,7,40
1,2005,33,Sparidae+,0.715405367038464,5,28
1,2005,25,European conger,0.0208224308234052,7,40
1,2005,66,Non-commercial decapods,0.168155160277451,7,40
1,2005,57,Other benthic cephalopods,0.032179761127526,7,40
1,2005,35,Scorpaenidae,0.0890940462390739,7,40
1,2005,26,European hake juv.,0.0487310192082929,7,40
1,2005,43,Mullets,0.00934243696708091,4,17
1,2005,54,Coastal benthic cephalopods,0.0917315780031764,4,17
1,2005,41,No commercial medium demersal fish,0.0188792002064766,6,39
1,2005,31,Common pandora,0.0150497991900794,3,11
1,2005,67,Other macro-benthos,0.00128933530378289,7,40
1,2005,49,Rays and skates,0.0230134611938575,7,40
1,2005,18,Sardine,6.02828813012495,3,11
1,2005,15,Mackerels,0.0199006045046037,3,11
1,2005,47,Small-spotted catshark,0.0297106138453502,7,40
1,2005,37,Labridae and serranidae+,0.0108807848388548,4,17
1,2005,21,Other small pelagic fish,0.0390696181755289,3,11
1,2005,16,Horse mackerels,0.196794882114661,5,28
1,2005,39,Other commercial shallow medium demersal fish,0.00107059179678772,4,17
1,2006,55,Benthopelagic cephalopods,0.139777099746565,7,44
1,2006,38,Flatfishes,0.181224671864077,7,44
1,2006,33,Sparidae+,0.821291294898342,6,43
1,2006,45,No commercial small demersal fish,0.0503042030489819,5,28
1,2006,41,No commercial medium demersal fish,0.0471748125449193,6,43
1,2006,58,Benthic mollusc,0.00200572513552321,7,44
1,2006,35,Scorpaenidae,0.158553049920996,7,44
1,2006,25,European conger,0.0611170293509485,7,44
1,2006,37,Labridae and serranidae+,0.0331605509692603,5,28
1,2006,66,Non-commercial decapods,0.229740384604713,7,44
1,2006,57,Other benthic cephalopods,0.0865575297633811,7,44
1,2006,19,Anchovy,0.155094403413314,3,12
1,2006,26,European hake juv.,0.0481976582704394,7,44
1,2006,43,Mullets,0.0543255833051075,5,28
1,2006,54,Coastal benthic cephalopods,0.254530625315754,5,28
1,2006,31,Common pandora,0.0126074216920006,4,17
1,2006,67,Other macro-benthos,0.00246389880417635,7,44
1,2006,49,Rays and skates,0.0462487765928482,7,44
1,2006,18,Sardine,0.0322706535816595,4,17
1,2006,15,Mackerels,0.0514218867965049,5,28
1,2006,47,Small-spotted catshark,0.0618127440946417,7,44
1,2006,21,Other small pelagic fish,0.0364949786114861,3,12
1,2006,50,Torpedos,0.0155403788710792,6,43
1,2006,16,Horse mackerels,1.04462309939781,7,44
1,2006,39,Other commercial shallow medium demersal fish,0.00837256286206777,6,33
1,2007,55,Benthopelagic cephalopods,0.0814130396656664,7,39
1,2007,58,Benthic mollusc,0.0146980488009873,7,39
1,2007,38,Flatfishes,0.111118944371711,7,39
1,2007,66,Non-commercial decapods,0.210949420754461,7,39
1,2007,45,No commercial small demersal fish,0.0337931498131203,7,39
1,2007,33,Sparidae+,1.02776500944495,6,38
1,2007,41,No commercial medium demersal fish,0.0199721828342492,6,38
1,2007,25,European conger,0.0511607717649607,7,39
1,2007,22,Benthopelagic fishes,0.773662213510763,7,39
1,2007,35,Scorpaenidae,0.159068509599687,7,39
1,2007,26,European hake juv.,0.0483573560236736,7,39
1,2007,43,Mullets,0.0534009024672919,4,18
1,2007,54,Coastal benthic cephalopods,0.108310723913082,4,18
1,2007,31,Common pandora,0.0132543625260901,4,18
1,2007,67,Other macro-benthos,0.00721906114508144,7,39
1,2007,49,Rays and skates,0.0442444780148551,5,29
1,2007,18,Sardine,0.0229870851816537,3,12
1,2007,15,Mackerels,0.00144493216574912,2,5
1,2007,47,Small-spotted catshark,0.0705264653231323,7,39
1,2007,37,Labridae and serranidae+,0.0413405307932555,4,18
1,2007,21,Other small pelagic fish,0.0529182643853765,4,18
1,2007,39,Other commercial shallow medium demersal fish,0.0114508803330984,4,18
1,2007,16,Horse mackerels,2.03197734677895,5,29
1,2008,58,Benthic mollusc,0.00680866803693407,7,37
1,2008,55,Benthopelagic cephalopods,0.0665732043495952,7,37
1,2008,38,Flatfishes,0.0223840621808943,7,37
1,2008,45,No commercial small demersal fish,0.0708962516027211,7,37
1,2008,33,Sparidae+,1.3853927349281,6,36
1,2008,25,European conger,0.060502429528735,7,37
1,2008,66,Non-commercial decapods,0.135187421736817,7,37
1,2008,41,No commercial medium demersal fish,0.0210933488099925,7,37
1,2008,57,Other benthic cephalopods,0.0158113372453205,7,37
1,2008,35,Scorpaenidae,0.179460269211221,7,37
1,2008,26,European hake juv.,0.0418597486059671,7,37
1,2008,43,Mullets,0.0346792272567594,5,29
1,2008,54,Coastal benthic cephalopods,0.0865804938790051,5,29
1,2008,31,Common pandora,0.018973336124318,4,18
1,2008,67,Other macro-benthos,0.00244615299735803,5,29
1,2008,18,Sardine,0.0398362087717332,4,18
1,2008,15,Mackerels,0.00961577077534122,3,12
1,2008,47,Small-spotted catshark,0.0244719526106352,7,37
1,2008,37,Labridae and serranidae+,0.0130386099446551,4,18
1,2008,17,Other medium pelagic fishes,0.000669068875584748,2,5
1,2008,21,Other small pelagic fish,0.0260595453078257,3,12
1,2008,50,Torpedos,0.00557339334266021,5,25
1,2008,16,Horse mackerels,1.60121675826616,5,29
1,2009,55,Benthopelagic cephalopods,0.0873689226093554,7,33
1,2009,38,Flatfishes,0.660279356456596,7,33
1,2009,45,No commercial small demersal fish,0.0467370193617841,7,33
1,2009,58,Benthic mollusc,0.0064001824836863,7,33
1,2009,33,Sparidae+,2.19780622308947,6,32
1,2009,35,Scorpaenidae,0.203289940682403,7,33
1,2009,25,European conger,0.0732430197745594,7,33
1,2009,66,Non-commercial decapods,0.198992243518714,7,33
1,2009,57,Other benthic cephalopods,0.0166958075548266,7,33
1,2009,26,European hake juv.,0.0583733745343141,5,27
1,2009,43,Mullets,0.0296244062997345,5,27
1,2009,54,Coastal benthic cephalopods,0.0652273317389879,5,27
1,2009,41,No commercial medium demersal fish,0.016132200713228,5,27
1,2009,31,Common pandora,0.179491569106654,3,10
1,2009,67,Other macro-benthos,0.00470910487084197,7,33
1,2009,18,Sardine,0.0187003971585712,3,10
1,2009,47,Small-spotted catshark,0.0212370451056987,5,27
1,2009,37,Labridae and serranidae+,0.0257169974920193,5,27
1,2009,21,Other small pelagic fish,0.0231188180231334,3,10
1,2009,65,Other commercial decapods,0.000116597784252975,2,3
1,2009,50,Torpedos,0.014383473262355,6,32
1,2009,16,Horse mackerels,4.92237844240899,5,27
1,2009,39,Other commercial shallow medium demersal fish,0.00370765801820128,3,10
1,2010,55,Benthopelagic cephalopods,0.0617703742963672,7,27
1,2010,38,Flatfishes,0.0180296359833649,5,20
1,2010,45,No commercial small demersal fish,0.0485769380816339,7,27
1,2010,58,Benthic mollusc,0.00344840484028253,7,27
1,2010,33,Sparidae+,1.19302187831003,5,20
1,2010,25,European conger,0.0654116880932124,7,27
1,2010,66,Non-commercial decapods,0.123742534365152,7,27
1,2010,41,No commercial medium demersal fish,0.0116901204892818,5,20
1,2010,26,European hake juv.,0.0661571692380939,7,27
1,2010,43,Mullets,0.0209176451177935,5,20
1,2010,48,Small demersal sharks,3.4714264333232,5,17
1,2010,54,Coastal benthic cephalopods,0.0247171885438665,4,14
1,2010,31,Common pandora,0.0295794396814223,3,10
1,2010,67,Other macro-benthos,0.00124771780455688,5,20
1,2010,35,Scorpaenidae,0.107658046144474,7,27
1,2010,47,Small-spotted catshark,0.00368407954274863,7,27
1,2010,37,Labridae and serranidae+,0.00761555753334849,4,14
1,2010,21,Other small pelagic fish,0.0202730393959966,4,14
1,2010,65,Other commercial decapods,0.000317698480119977,2,4
1,2010,50,Torpedos,0.00325298357916192,3,8
1,2010,16,Horse mackerels,4.30727955880914,5,20
1,2011,55,Benthopelagic cephalopods,0.107030822112196,7,30
1,2011,38,Flatfishes,0.341852381318765,7,30
1,2011,33,Sparidae+,0.647622490741265,5,22
1,2011,45,No commercial small demersal fish,0.0391365811350772,7,30
1,2011,41,No commercial medium demersal fish,0.0254158429308929,5,22
1,2011,25,European conger,0.0232294331709244,7,30
1,2011,58,Benthic mollusc,0.0250513300859079,7,30
1,2011,66,Non-commercial decapods,0.191031600873571,7,30
1,2011,57,Other benthic cephalopods,0.0452196036185791,7,30
1,2011,10,Pelagic sharks,0.0152886618645931,2,4
1,2011,35,Scorpaenidae,0.133364323118456,7,30
1,2011,26,European hake juv.,0.0359187001377797,5,22
1,2011,43,Mullets,0.0299807672599757,5,22
1,2011,54,Coastal benthic cephalopods,0.134175762523836,5,22
1,2011,31,Common pandora,0.0453098891055094,4,18
1,2011,67,Other macro-benthos,0.00493395554346581,7,30
1,2011,49,Rays and skates,0.0714412253343553,7,30
1,2011,37,Labridae and serranidae+,0.0206348422978293,4,14
1,2011,21,Other small pelagic fish,0.004520108928037,3,10
1,2011,65,Other commercial decapods,0.000143581825952073,2,4
1,2011,16,Horse mackerels,0.683384904184055,5,22
1,2012,58,Benthic mollusc,0.0186323287038242,7,33
1,2012,70,Corals and gorgonians,0.00120599804325249,7,33
1,2012,55,Benthopelagic cephalopods,0.0452045135932209,7,33
1,2012,38,Flatfishes,0.316152414321254,7,33
1,2012,67,Other macro-benthos,0.0100306700952975,7,33
1,2012,66,Non-commercial decapods,0.200935337914018,7,33
1,2012,45,No commercial small demersal fish,0.0579883629550047,7,33
1,2012,33,Sparidae+,1.50549320895394,5,25
1,2012,41,No commercial medium demersal fish,0.0236769232275153,5,25
1,2012,76,Macroalgae,0.000680981666740336,3,12
1,2012,25,European conger,0.0533994387840171,7,33
1,2012,35,Scorpaenidae,0.137771567858968,7,33
1,2012,26,European hake juv.,0.0327302659393606,7,33
1,2012,54,Coastal benthic cephalopods,0.100650790081838,5,25
1,2012,31,Common pandora,0.0318857894722362,3,12
1,2012,69,Salps and other gelatinous zooplankton,0.065494961389281,6,32
1,2012,49,Rays and skates,0.0201340643635588,5,25
1,2012,18,Sardine,0.00264384802215957,2,4
1,2012,20,Round sardinella,0.00207758901221725,2,4
1,2012,47,Small-spotted catshark,0.0279206880134757,7,33
1,2012,57,Other benthic cephalopods,0.0258237059906653,7,33
1,2012,37,Labridae and serranidae+,0.0110994292968387,4,16
1,2012,21,Other small pelagic fish,0.00916997026633314,3,12
1,2012,65,Other commercial decapods,0.000523712695629144,2,4
1,2012,50,Torpedos,0.0198824676893294,6,32
1,2012,16,Horse mackerels,0.705731435974211,5,25
1,2012,39,Other commercial shallow medium demersal fish,0.00167737718607482,5,20
1,2013,58,Benthic mollusc,0.0170398851491079,7,41
1,2013,70,Corals and gorgonians,0.000888898228017752,7,41
1,2013,55,Benthopelagic cephalopods,0.0871715842794234,7,41
1,2013,38,Flatfishes,0.163501721609802,7,41
1,2013,67,Other macro-benthos,0.0108767182752265,7,41
1,2013,66,Non-commercial decapods,0.129812007077937,7,41
1,2013,45,No commercial small demersal fish,0.0372641007000497,6,40
1,2013,33,Sparidae+,0.88268858014772,6,40
1,2013,35,Scorpaenidae,0.132289738472116,7,41
1,2013,25,European conger,0.0426881949418771,7,41
1,2013,57,Other benthic cephalopods,0.0297637417968732,7,41
1,2013,19,Anchovy,0.306801738675886,4,20
1,2013,26,European hake juv.,0.0284204747057362,7,41
1,2013,43,Mullets,0.0166273039532265,4,20
1,2013,54,Coastal benthic cephalopods,0.162690047937232,4,20
1,2013,31,Common pandora,0.0100436066499969,4,20
1,2013,18,Sardine,0.644872271632872,4,20
1,2013,20,Round sardinella,0.00652865674412373,3,15
1,2013,15,Mackerels,0.0432996515950055,4,20
1,2013,47,Small-spotted catshark,0.028382327508356,7,41
1,2013,37,Labridae and serranidae+,0.0102913884506122,4,20
1,2013,17,Other medium pelagic fishes,0.00258196586770282,2,4
1,2013,21,Other small pelagic fish,0.00980972670669281,3,15
1,2013,65,Other commercial decapods,0.000695167949284459,2,4
1,2013,50,Torpedos,0.0452870184086093,6,40
1,2013,41,No commercial medium demersal fish,0.0181682234860914,7,41
1,2013,16,Horse mackerels,7.45441058438457,5,30
1,2014,70,Corals and gorgonians,0.0022143102560767,7,54
1,2014,55,Benthopelagic cephalopods,0.0975777356976032,7,54
1,2014,67,Other macro-benthos,0.0197049548304939,7,54
1,2014,38,Flatfishes,0.160773214937238,7,54
1,2014,66,Non-commercial decapods,0.187107207447828,7,54
1,2014,58,Benthic mollusc,0.102192064719491,7,54
1,2014,33,Sparidae+,0.902534657269504,6,53
1,2014,45,No commercial small demersal fish,0.0649350692981336,7,54
1,2014,41,No commercial medium demersal fish,0.0120834518312801,5,40
1,2014,76,Macroalgae,0.000823511359645414,4,25
1,2014,25,European conger,0.0158845998510401,7,54
1,2014,57,Other benthic cephalopods,0.0183101236507388,7,54
1,2014,35,Scorpaenidae,0.12058467753729,7,54
1,2014,26,European hake juv.,0.0679179853455867,7,54
1,2014,43,Mullets,0.0207577803956091,5,40
1,2014,54,Coastal benthic cephalopods,0.077813453375917,5,40
1,2014,31,Common pandora,0.0280158857783279,4,33
1,2014,68,Jellyfish,0.000149940835245953,2,5
1,2014,69,Salps and other gelatinous zooplankton,0.0430696854957843,6,53
1,2014,49,Rays and skates,0.0458831206401065,6,39
1,2014,18,Sardine,0.093414033201725,4,25
1,2014,20,Round sardinella,0.000575864938490307,2,5
1,2014,47,Small-spotted catshark,0.0275087139954736,7,54
1,2014,37,Labridae and serranidae+,0.0321331960947075,4,25
1,2014,17,Other medium pelagic fishes,0.00259501520149928,3,18
1,2014,21,Other small pelagic fish,0.0148555925638697,4,33
1,2014,65,Other commercial decapods,0.00242925079387715,6,47
1,2014,50,Torpedos,0.0316676787410709,6,53
1,2014,16,Horse mackerels,1.80019442116999,7,54
1,2015,55,Benthopelagic cephalopods,0.0722581708940679,7,63
1,2015,70,Corals and gorgonians,0.00121859573528031,7,63
1,2015,17,Other medium pelagic fishes,0.00414052463885341,2,5
1,2015,58,Benthic mollusc,0.0333138504572255,7,63
1,2015,67,Other macro-benthos,0.010219985656763,7,63
1,2015,38,Flatfishes,0.0681261499081227,7,63
1,2015,45,No commercial small demersal fish,0.143272126098212,7,63
1,2015,33,Sparidae+,0.918348305970196,5,47
1,2015,25,European conger,0.0226864760179102,7,63
1,2015,66,Non-commercial decapods,0.147895780126916,7,63
1,2015,41,No commercial medium demersal fish,0.00755716702172988,5,47
1,2015,57,Other benthic cephalopods,0.0206277387366983,7,63
1,2015,22,Benthopelagic fishes,0.556937743405259,7,63
1,2015,26,European hake juv.,0.0445254130720296,7,63
1,2015,43,Mullets,0.0185959122883328,5,47
1,2015,54,Coastal benthic cephalopods,0.0712835993140209,5,47
1,2015,31,Common pandora,0.0110356121709971,4,28
1,2015,68,Jellyfish,0.253393310801355,7,63
1,2015,49,Rays and skates,0.0164146629874723,7,63
1,2015,18,Sardine,0.00944326925505449,4,28
1,2015,20,Round sardinella,0.0073235501390363,3,19
1,2015,35,Scorpaenidae,0.101843636726672,7,63
1,2015,47,Small-spotted catshark,0.0674435677032107,7,63
1,2015,37,Labridae and serranidae+,0.0116844194522236,4,28
1,2015,21,Other small pelagic fish,0.006905374883524,4,28
1,2015,65,Other commercial decapods,0.000290719239064379,4,38
1,2015,50,Torpedos,0.00444906204355984,5,47
1,2015,16,Horse mackerels,3.11273149904748,5,47
1,2016,55,Benthopelagic cephalopods,0.0554639568400558,7,63
1,2016,70,Corals and gorgonians,0.00184330868726007,7,63
1,2016,58,Benthic mollusc,0.0300719019432595,7,63
1,2016,67,Other macro-benthos,0.0168836929241451,7,63
1,2016,44,Commercial small demersal fish,2.40629867313932e-06,3,19
1,2016,38,Flatfishes,0.121871382026391,7,63
1,2016,45,No commercial small demersal fish,0.148259396520284,7,63
1,2016,33,Sparidae+,1.3544614546936,5,50
1,2016,41,No commercial medium demersal fish,0.00992015344719248,5,50
1,2016,25,European conger,0.0284963428777935,7,63
1,2016,66,Non-commercial decapods,0.143539797561669,7,63
1,2016,35,Scorpaenidae,0.092878073933539,7,63
1,2016,26,European hake juv.,0.028137672342986,5,50
1,2016,43,Mullets,0.0197145409498671,5,50
1,2016,54,Coastal benthic cephalopods,0.0595652459541192,4,28
1,2016,31,Common pandora,0.0177639680329199,4,28
1,2016,68,Jellyfish,0.0952868930981121,7,63
1,2016,69,Salps and other gelatinous zooplankton,0.0240598839392431,6,62
1,2016,49,Rays and skates,0.0297255621713619,7,63
1,2016,18,Sardine,0.136780805667439,4,28
1,2016,47,Small-spotted catshark,0.0557057667008516,7,63
1,2016,37,Labridae and serranidae+,0.012703065655582,4,28
1,2016,21,Other small pelagic fish,0.0227287000666163,4,41
1,2016,65,Other commercial decapods,0.00119724069797999,4,41
1,2016,50,Torpedos,0.00481144495432301,4,34
1,2016,16,Horse mackerels,5.35415744817738,7,63
1,2017,55,Benthopelagic cephalopods,0.134405720250341,7,65
1,2017,70,Corals and gorgonians,0.000903634223241251,7,65
1,2017,58,Benthic mollusc,0.0168525603070284,7,65
1,2017,38,Flatfishes,0.0283659229499632,5,52
1,2017,67,Other macro-benthos,0.00710989136010092,7,65
1,2017,66,Non-commercial decapods,0.110220859230987,7,65
1,2017,45,No commercial small demersal fish,0.230820573232624,7,65
1,2017,33,Sparidae+,0.421767208215254,5,52
1,2017,41,No commercial medium demersal fish,0.0044848865966118,5,52
1,2017,76,Macroalgae,0.000755104670217077,5,52
1,2017,25,European conger,0.0229288659715024,7,65
1,2017,19,Anchovy,0.0731870656021808,4,29
1,2017,26,European hake juv.,0.054461572391626,7,65
1,2017,43,Mullets,0.0213932571889859,5,52
1,2017,48,Small demersal sharks,2.14261821169102,6,51
1,2017,54,Coastal benthic cephalopods,0.0646888175056362,5,52
1,2017,31,Common pandora,0.0327447830556566,4,29
1,2017,68,Jellyfish,0.0182290513733573,7,65
1,2017,49,Rays and skates,0.0221238127041167,6,51
1,2017,69,Salps and other gelatinous zooplankton,0.134888597293327,6,64
1,2017,18,Sardine,0.402031079824568,4,29
1,2017,15,Mackerels,0.988645752473434,6,64
1,2017,35,Scorpaenidae,0.105174041525567,7,65
1,2017,47,Small-spotted catshark,0.0249211026522241,7,65
1,2017,57,Other benthic cephalopods,0.00717329686221209,7,65
1,2017,37,Labridae and serranidae+,0.00363593548055903,5,52
1,2017,17,Other medium pelagic fishes,0.00622560131616303,3,19
1,2017,21,Other small pelagic fish,0.0242199557467203,4,29
1,2017,65,Other commercial decapods,0.000856202484359442,3,19
1,2017,50,Torpedos,0.0410394345189795,6,64
1,2017,16,Horse mackerels,6.60525239292164,7,65
1,2018,55,Benthopelagic cephalopods,0.0378776753393482,7,58
1,2018,58,Benthic mollusc,0.028144122686903,7,58
1,2018,70,Corals and gorgonians,0.00204690639846417,7,58
1,2018,67,Other macro-benthos,0.013255070243378,7,58
1,2018,44,Commercial small demersal fish,1.10827494091725e-06,2,5
1,2018,38,Flatfishes,0.147471973004846,7,58
1,2018,66,Non-commercial decapods,0.266899471556713,7,58
1,2018,45,No commercial small demersal fish,0.12577855252189,7,58
1,2018,33,Sparidae+,0.168413304357715,6,57
1,2018,41,No commercial medium demersal fish,0.0108770518066809,6,57
1,2018,76,Macroalgae,0.00324329380293164,4,26
1,2018,25,European conger,0.0604058468085343,7,58
1,2018,57,Other benthic cephalopods,0.0152572193495699,7,58
1,2018,35,Scorpaenidae,0.107117746528788,7,58
1,2018,26,European hake juv.,0.0586058532658729,7,58
1,2018,43,Mullets,0.0189698073844411,5,43
1,2018,54,Coastal benthic cephalopods,0.0791890990105324,5,43
1,2018,31,Common pandora,0.0195178030748943,4,26
1,2018,49,Rays and skates,0.0232655609942582,7,58
1,2018,69,Salps and other gelatinous zooplankton,0.00671079340528834,6,57
1,2018,18,Sardine,0.208124984452342,4,26
1,2018,20,Round sardinella,0.00353553613134504,3,18
1,2018,15,Mackerels,0.040723972797871,4,26
1,2018,47,Small-spotted catshark,0.0402334649362402,7,58
1,2018,37,Labridae and serranidae+,0.0187945043698124,4,26
1,2018,22,Benthopelagic fishes,0.417740980375615,7,58
1,2018,17,Other medium pelagic fishes,0.000494790709562483,2,5
1,2018,21,Other small pelagic fish,0.00588389687569677,3,18
1,2018,65,Other commercial decapods,0.000793818604188488,2,5
1,2018,50,Torpedos,0.00686676042956325,6,57
1,2018,16,Horse mackerels,2.77734586353992,7,58
1,2018,39,Other commercial shallow medium demersal fish,0.00212224480685875,6,41
1,2019,58,Benthic mollusc,0.0265835870737975,7,65
1,2019,70,Corals and gorgonians,0.00294917336124505,7,65
1,2019,55,Benthopelagic cephalopods,0.0282237828388369,7,65
1,2019,67,Other macro-benthos,0.0162867082453143,7,65
1,2019,38,Flatfishes,0.0604405640860465,7,65
1,2019,45,No commercial small demersal fish,0.225846071318292,5,49
1,2019,33,Sparidae+,0.534642099286289,5,49
1,2019,41,No commercial medium demersal fish,0.017307351526259,5,49
1,2019,35,Scorpaenidae,0.0756739723065077,7,65
1,2019,25,European conger,0.0240037319596084,7,65
1,2019,66,Non-commercial decapods,0.124792181324813,7,65
1,2019,76,Macroalgae,0.0067388001574993,4,27
1,2019,57,Other benthic cephalopods,0.0144961426966314,7,65
1,2019,19,Anchovy,0.184117291766421,4,27
1,2019,26,European hake juv.,0.0383162169978674,7,65
1,2019,43,Mullets,0.0144090976207699,5,49
1,2019,54,Coastal benthic cephalopods,0.0948007509349075,5,49
1,2019,31,Common pandora,0.0150957202900856,4,27
1,2019,49,Rays and skates,0.0131694006251097,7,65
1,2019,18,Sardine,0.175741221089989,5,49
1,2019,20,Round sardinella,0.0863225112656386,4,27
1,2019,15,Mackerels,0.376199800087671,5,49
1,2019,47,Small-spotted catshark,0.03786836486623,7,65
1,2019,37,Labridae and serranidae+,0.0089366861966753,5,49
1,2019,17,Other medium pelagic fishes,0.0155721859746055,3,18
1,2019,65,Other commercial decapods,0.000771625847138543,2,4
1,2019,50,Torpedos,0.0250926083844184,6,64
1,2019,16,Horse mackerels,13.1318570621391,5,49
1,2021,55,Benthopelagic cephalopods,0.053107324134339,7,62
1,2021,58,Benthic mollusc,0.00647530401638353,7,62
1,2021,70,Corals and gorgonians,0.000578509812301132,7,62
1,2021,67,Other macro-benthos,0.0076065241507267,7,62
1,2021,44,Commercial small demersal fish,1.43769554912221e-06,3,18
1,2021,38,Flatfishes,0.0899999531833794,7,62
1,2021,45,No commercial small demersal fish,0.245445701743972,7,62
1,2021,33,Sparidae+,1.16101637894254,5,49
1,2021,41,No commercial medium demersal fish,0.0135505104129416,6,61
1,2021,25,European conger,0.0247694126402248,7,62
1,2021,66,Non-commercial decapods,0.219890249955175,7,62
1,2021,57,Other benthic cephalopods,0.0124768025615458,7,62
1,2021,19,Anchovy,1.2328937172385,4,27
1,2021,35,Scorpaenidae,0.10260144807662,7,62
1,2021,26,European hake juv.,0.048123795781397,7,62
1,2021,43,Mullets,0.0605642270692505,5,49
1,2021,49,Rays and skates,0.0287508745470629,6,49
1,2021,54,Coastal benthic cephalopods,0.14320828255917,5,49
1,2021,31,Common pandora,0.020042467271884,4,27
1,2021,69,Salps and other gelatinous zooplankton,0.0274198420799563,6,61
1,2021,20,Round sardinella,0.015366898776991,3,18
1,2021,15,Mackerels,0.00544100050833175,5,49
1,2021,47,Small-spotted catshark,0.0436260418665603,7,62
1,2021,37,Labridae and serranidae+,0.0133243822906538,5,49
1,2021,17,Other medium pelagic fishes,0.00405216603803088,2,5
1,2021,21,Other small pelagic fish,0.0100825072206228,3,18
1,2021,65,Other commercial decapods,0.00068749637564956,2,5
1,2021,50,Torpedos,0.0174320665178636,6,61
1,2021,16,Horse mackerels,3.27943316050893,7,62
1,1994,24,Anglerfish,0.0296101194739391,6,25
1,1994,32,Blackspot seabream,0.0621921295555918,6,25
1,1994,21,Other small pelagic fish,0.00699233784041092,2,7
1,1995,43,Mullets,0.0357406207166806,4,18
1,1996,24,Anglerfish,0.070725873915946,6,34
1,1997,24,Anglerfish,0.21910756904534,6,34
1,1997,21,Other small pelagic fish,0.00302572027615836,2,8
1,1998,24,Anglerfish,0.0538291124374335,6,33
1,1998,32,Blackspot seabream,0.0222286951393391,6,33
1,1999,24,Anglerfish,0.0241654621062836,6,40
1,1999,43,Mullets,0.00722381319622334,3,16
1,2000,43,Mullets,0.0106295714499041,3,13
1,2000,57,Other benthic cephalopods,0.0199299329871672,6,39
1,2001,32,Blackspot seabream,0.094174346411499,6,39
1,2001,57,Other benthic cephalopods,0.00880002134316941,6,39
1,2002,32,Blackspot seabream,0.136636650084177,6,45
1,2003,32,Blackspot seabream,0.0419116994998276,6,48
1,2003,57,Other benthic cephalopods,0.0407551668616089,6,48
1,2004,24,Anglerfish,0.0478355113843813,6,44
1,2004,32,Blackspot seabream,0.00834891343876246,6,44
1,2005,24,Anglerfish,0.0828228857854893,6,39
1,2006,32,Blackspot seabream,0.0591884731693483,6,43
1,2006,29,Poor cod,7.42858702986432e-05,2,11
1,2007,57,Other benthic cephalopods,0.0273002654542601,6,38
1,2007,46,Bathydemersal (deep sea) fish,1.47872989745629,5,31
1,2007,24,Anglerfish,0.0986565531552136,6,38
1,2007,32,Blackspot seabream,0.0542945170931756,6,38
1,2008,24,Anglerfish,0.04351452473675,6,36
1,2008,32,Blackspot seabream,0.0233789652723666,6,36
1,2009,24,Anglerfish,0.072858913168846,6,32
1,2009,32,Blackspot seabream,0.0221222108962908,6,32
1,2010,57,Other benthic cephalopods,0.011505007782942,6,26
1,2012,43,Mullets,0.0210810207618061,4,24
1,2013,73,Suprabenthos,1.27758028650183e-05,4,25
1,2013,32,Blackspot seabream,0.085952879784762,5,35
1,2013,74,Posidonia,2.2978629723461e-05,1,3
1,2014,24,Anglerfish,0.123639461810765,6,53
1,2014,32,Blackspot seabream,0.00273095572751117,6,53
1,2014,74,Posidonia,0.00054718339618794,1,4
1,2015,40,Other commercial deep medium demersal fish,0.116252515233421,5,48
1,2015,32,Blackspot seabream,0.0145751881136165,5,48
1,2016,23,No commercial meso (bathy) pelagic fishes,0.081444604852693,6,62
1,2017,23,No commercial meso (bathy) pelagic fishes,0.114162946994663,6,64
1,2017,74,Posidonia,0.00107988682409986,2,14
1,2018,56,Mesopelagic cephalopods,0.00160383779471574,4,36
1,2018,24,Anglerfish,0.0517592304769093,6,57
1,2018,32,Blackspot seabream,0.00482217967767143,5,49
1,2018,74,Posidonia,0.00516966754406039,2,17
1,2019,24,Anglerfish,0.0682864566788729,6,64
1,2019,32,Blackspot seabream,0.0057662337896056,6,64
1,2021,56,Mesopelagic cephalopods,0.00145101966259947,5,52
1,2021,23,No commercial meso (bathy) pelagic fishes,0.0796947144341116,6,61
1,2021,32,Blackspot seabream,0.0117017711512842,6,61
1,2021,74,Posidonia,0.000740009548927952,2,17
1,1994,23,No commercial meso (bathy) pelagic fishes,0.0347933644030841,5,23
1,1994,40,Other commercial deep medium demersal fish,0.0556690504623669,5,23
1,1994,30,Blue whiting,0.0880346104013047,5,23
1,1994,11,Non-commercial large pelagic fishes,0.0616209082770848,1,5
1,1994,48,Small demersal sharks,0.185234889694737,5,23
1,1994,50,Torpedos,0.00349897782695345,2,8
1,1995,41,No commercial medium demersal fish,0.0174897895728546,3,17
1,1995,40,Other commercial deep medium demersal fish,0.124812503377315,5,27
1,1995,22,Benthopelagic fishes,0.301393061698294,5,27
1,1995,24,Anglerfish,0.0700914957114544,5,27
1,1995,32,Blackspot seabream,0.00939451397925462,5,27
1,1995,31,Common pandora,0.00980212707475006,2,8
1,1995,64,European lobster,0.00589657087943117,1,5
1,1995,59,Deep-water rose shrimp,0.00104856946762958,3,17
1,1995,67,Other macro-benthos,0.00211530319511075,3,17
1,1995,49,Rays and skates,0.00318002155088235,1,5
1,1995,15,Mackerels,0.00331558246067166,1,5
1,1995,21,Other small pelagic fish,0.0021984927236825,1,5
1,1995,39,Other commercial shallow medium demersal fish,0.00368218840940729,3,17
1,1996,40,Other commercial deep medium demersal fish,0.263930951168463,4,29
1,1996,22,Benthopelagic fishes,0.491549806023816,4,29
1,1996,32,Blackspot seabream,0.0112493353172864,5,32
1,1996,18,Sardine,7.44125425601572e-05,1,5
1,1997,17,Other medium pelagic fishes,0.0156234542711272,2,11
1,1997,25,European conger,0.0592057884309377,5,32
1,1997,40,Other commercial deep medium demersal fish,0.357313831078912,5,32
1,1997,30,Blue whiting,0.259654776885716,5,32
1,1997,32,Blackspot seabream,0.0121353742530045,5,32
1,1997,59,Deep-water rose shrimp,0.00853767129406391,3,21
1,1997,49,Rays and skates,0.0244417051740576,4,22
1,1997,47,Small-spotted catshark,0.0161526541918014,3,21
1,1997,39,Other commercial shallow medium demersal fish,0.000155101678730094,2,16
1,1998,19,Anchovy,0.00013144674189425,1,6
1,1998,40,Other commercial deep medium demersal fish,0.183845473997926,5,31
1,1998,23,No commercial meso (bathy) pelagic fishes,0.0212176784697305,5,31
1,1998,26,European hake juv.,0.0256861427585888,5,31
1,1998,11,Non-commercial large pelagic fishes,0.341072810550073,2,13
1,1998,31,Common pandora,0.00309154679380996,1,6
1,1998,59,Deep-water rose shrimp,0.0075852823702837,3,18
1,1998,68,Jellyfish,5.14753185200016e-05,1,6
1,1998,18,Sardine,0.00108807650951221,1,6
1,1998,15,Mackerels,0.000856009105823141,1,6
1,1999,22,Benthopelagic fishes,0.358925948314515,5,38
1,1999,23,No commercial meso (bathy) pelagic fishes,0.0465487650958088,5,38
1,1999,71,Macro zooplankton,0.000608585302388095,5,38
1,1999,31,Common pandora,0.00138810070184239,1,9
1,1999,64,European lobster,0.00346402417496304,1,9
1,1999,59,Deep-water rose shrimp,0.00345708291210545,3,25
1,1999,67,Other macro-benthos,0.000519782274691662,4,33
1,1999,47,Small-spotted catshark,0.00378732097224099,5,38
1,1999,39,Other commercial shallow medium demersal fish,0.00299289340974441,2,14
1,2000,25,European conger,0.0301584916480418,5,37
1,2000,40,Other commercial deep medium demersal fish,0.154703726272558,5,37
1,2000,22,Benthopelagic fishes,0.363972473692963,4,32
1,2000,24,Anglerfish,0.0377405770914329,5,37
1,2000,23,No commercial meso (bathy) pelagic fishes,0.0726414104467599,5,37
1,2000,32,Blackspot seabream,0.0086962884831517,5,37
1,2000,59,Deep-water rose shrimp,0.00713927506008282,5,37
1,2000,67,Other macro-benthos,0.00111704675634394,3,24
1,2000,50,Torpedos,0.00716240467203883,3,31
1,2001,56,Mesopelagic cephalopods,0.0112010379216739,4,30
1,2001,22,Benthopelagic fishes,0.332348361893472,5,35
1,2001,24,Anglerfish,0.0541052495061607,5,35
1,2001,23,No commercial meso (bathy) pelagic fishes,0.065200095428752,5,35
1,2001,73,Suprabenthos,8.00751113876554e-06,4,30
1,2001,59,Deep-water rose shrimp,0.00396665628298612,3,21
1,2001,18,Sardine,0.00296468521782081,1,6
1,2001,48,Small demersal sharks,1.41444276423102,4,30
1,2002,19,Anchovy,0.987644673988992,1,8
1,2002,23,No commercial meso (bathy) pelagic fishes,0.166160362975953,5,41
1,2002,40,Other commercial deep medium demersal fish,0.128866848609129,5,41
1,2002,22,Benthopelagic fishes,0.358776989586173,5,41
1,2002,59,Deep-water rose shrimp,0.0077027184746097,3,27
1,2002,15,Mackerels,0.00345372400900067,1,8
1,2003,44,Commercial small demersal fish,1.75176114480606e-06,2,18
1,2003,22,Benthopelagic fishes,0.542407638369886,5,44
1,2003,24,Anglerfish,0.052348535238007,5,44
1,2003,73,Suprabenthos,1.42140209619184e-05,3,27
1,2003,67,Other macro-benthos,0.000566926902356709,5,44
1,2004,11,Non-commercial large pelagic fishes,0.0704438870272357,1,8
1,2004,59,Deep-water rose shrimp,0.00373841110728746,3,26
1,2004,40,Other commercial deep medium demersal fish,0.122388794994427,5,40
1,2004,29,Poor cod,7.47117142476798e-05,1,8
1,2005,44,Commercial small demersal fish,6.14902539316415e-06,1,8
1,2005,19,Anchovy,1.14744676474287,1,8
1,2005,40,Other commercial deep medium demersal fish,0.144067959462107,5,37
1,2005,23,No commercial meso (bathy) pelagic fishes,0.0984165792361493,5,37
1,2005,73,Suprabenthos,1.40239497811648e-05,4,31
1,2005,17,Other medium pelagic fishes,0.00371730789160067,1,8
1,2005,50,Torpedos,0.00335587650395553,3,25
1,2006,44,Commercial small demersal fish,1.14952079096183e-05,1,7
1,2006,23,No commercial meso (bathy) pelagic fishes,0.176838455425116,5,39
1,2006,40,Other commercial deep medium demersal fish,0.222054107594171,5,39
1,2006,24,Anglerfish,0.0463759137498788,5,39
1,2006,30,Blue whiting,0.813598144769158,5,39
1,2006,59,Deep-water rose shrimp,0.00226093867330704,3,23
1,2006,65,Other commercial decapods,0.000213741595396146,4,34
1,2007,19,Anchovy,0.0265708024413664,1,7
1,2007,23,No commercial meso (bathy) pelagic fishes,0.0484784804030524,5,34
1,2007,40,Other commercial deep medium demersal fish,0.20775106814421,5,34
1,2007,11,Non-commercial large pelagic fishes,0.0679073604773163,1,7
1,2007,48,Small demersal sharks,3.21354919559417,4,28
1,2007,20,Round sardinella,0.00244307361530617,1,7
1,2007,17,Other medium pelagic fishes,0.0181216392235492,1,7
1,2007,50,Torpedos,0.00898182445117513,3,22
1,2007,29,Poor cod,0.000509632815032555,1,7
1,2008,44,Commercial small demersal fish,2.0458345933583e-06,1,7
1,2008,19,Anchovy,0.415984383128117,2,13
1,2008,40,Other commercial deep medium demersal fish,0.240480128545582,5,32
1,2008,73,Suprabenthos,2.70689226064878e-06,4,26
1,2008,22,Benthopelagic fishes,0.597586071521341,5,32
1,2008,59,Deep-water rose shrimp,0.00340567659632851,3,24
1,2008,23,No commercial meso (bathy) pelagic fishes,0.0362481587026188,5,32
1,2008,39,Other commercial shallow medium demersal fish,0.000491627751819676,2,13
1,2009,19,Anchovy,0.000180830158805853,1,7
1,2009,40,Other commercial deep medium demersal fish,0.193445017141524,4,24
1,2009,73,Suprabenthos,2.52594021704804e-07,2,18
1,2009,22,Benthopelagic fishes,0.851009288763418,5,30
1,2009,48,Small demersal sharks,3.15473679050844,4,24
1,2009,49,Rays and skates,0.0101861309922756,3,24
1,2009,15,Mackerels,0.0201021184617578,2,13
1,2009,29,Poor cod,6.19826135695193e-05,1,7
1,2010,56,Mesopelagic cephalopods,0.000158120306401183,3,13
1,2010,19,Anchovy,0.000826050257602417,1,6
1,2010,22,Benthopelagic fishes,0.796732057440021,5,23
1,2010,24,Anglerfish,0.112336002194076,5,23
1,2010,30,Blue whiting,0.176907572051224,5,23
1,2010,49,Rays and skates,0.0097556530982458,1,6
1,2010,18,Sardine,0.00724833735441112,1,6
1,2010,15,Mackerels,0.0246488406565029,1,6
1,2010,39,Other commercial shallow medium demersal fish,0.00145041861036826,1,6
1,2011,44,Commercial small demersal fish,1.33623604304706e-06,1,6
1,2011,34,Common dentex,0.00834978816332008,1,6
1,2011,40,Other commercial deep medium demersal fish,0.128858605051036,4,22
1,2011,24,Anglerfish,0.132131095873397,5,26
1,2011,32,Blackspot seabream,0.00986763597262693,5,26
1,2011,59,Deep-water rose shrimp,0.00584347227711902,3,18
1,2011,39,Other commercial shallow medium demersal fish,0.00305512875264333,1,6
1,2011,18,Sardine,0.000707184230344609,1,6
1,2011,47,Small-spotted catshark,0.0157001736137056,5,26
1,2011,50,Torpedos,0.00980705459457944,4,25
1,2012,56,Mesopelagic cephalopods,0.00355075958529803,4,25
1,2012,23,No commercial meso (bathy) pelagic fishes,0.0421420449547205,5,29
1,2012,40,Other commercial deep medium demersal fish,0.137068515781699,5,29
1,2012,24,Anglerfish,0.075440841731621,5,29
1,2012,32,Blackspot seabream,0.00413665620633493,4,25
1,2012,59,Deep-water rose shrimp,0.0163054161528367,3,21
1,2013,76,Macroalgae,9.38145072360634e-05,2,16
1,2013,24,Anglerfish,0.203395511930767,5,37
1,2013,59,Deep-water rose shrimp,0.00750021616238039,4,32
1,2013,39,Other commercial shallow medium demersal fish,0.00387028977003189,2,16
1,2013,69,Salps and other gelatinous zooplankton,0.00561441237731032,4,36
1,2013,29,Poor cod,9.20728357654169e-05,1,11
1,2014,56,Mesopelagic cephalopods,0.00239903014125667,4,42
1,2014,23,No commercial meso (bathy) pelagic fishes,0.122997185950336,5,49
1,2014,19,Anchovy,0.000114533651821898,1,13
1,2014,40,Other commercial deep medium demersal fish,0.135535889161494,5,49
1,2014,22,Benthopelagic fishes,0.941194223860631,5,49
1,2014,59,Deep-water rose shrimp,0.00518162017347942,3,35
1,2014,39,Other commercial shallow medium demersal fish,0.00256363826499838,2,20
1,2014,15,Mackerels,0.00143470986380104,1,13
1,2014,29,Poor cod,0.00403288490460672,2,20
1,2015,56,Mesopelagic cephalopods,0.00708395875153469,4,49
1,2015,76,Macroalgae,0.00134095924945306,2,23
1,2015,19,Anchovy,0.000408148212198626,1,14
1,2015,46,Bathydemersal (deep sea) fish,1.15564371471969,5,58
1,2015,24,Anglerfish,0.0552389912635576,5,58
1,2015,59,Deep-water rose shrimp,0.0049390894769146,5,58
1,2015,39,Other commercial shallow medium demersal fish,0.000758561307293941,3,42
1,2015,15,Mackerels,0.00999621256378338,2,23
1,2016,76,Macroalgae,0.00111264237055518,3,47
1,2016,57,Other benthic cephalopods,0.0166819882098969,5,60
1,2016,19,Anchovy,0.21824805477862,2,25
1,2016,48,Small demersal sharks,1.60263748198425,4,51
1,2016,24,Anglerfish,0.0532906555617821,5,60
1,2016,32,Blackspot seabream,0.00688993805308253,5,60
1,2016,17,Other medium pelagic fishes,0.00231969459185061,2,28
1,2016,39,Other commercial shallow medium demersal fish,0.00136524392090101,3,47
1,2017,40,Other commercial deep medium demersal fish,0.100851253620027,5,60
1,2017,22,Benthopelagic fishes,0.383811952868971,5,60
1,2017,24,Anglerfish,0.0365662404791928,5,60
1,2017,59,Deep-water rose shrimp,0.00543753399694409,3,47
1,2017,39,Other commercial shallow medium demersal fish,0.00209401600481951,2,24
1,2018,23,No commercial meso (bathy) pelagic fishes,0.0262808429565295,5,53
1,2018,19,Anchovy,0.448113822369715,2,21
1,2018,59,Deep-water rose shrimp,0.0211093846716984,3,38
1,2018,68,Jellyfish,0.022088790822926,5,53
1,2019,73,Suprabenthos,4.20892955725468e-07,4,52
1,2019,23,No commercial meso (bathy) pelagic fishes,0.0489221254942885,5,61
1,2019,59,Deep-water rose shrimp,0.00889727359715195,3,45
1,2019,68,Jellyfish,0.0199241922149912,5,61
1,2019,74,Posidonia,2.8377935025359e-06,1,14
1,2019,69,Salps and other gelatinous zooplankton,0.0742810442642445,4,60
1,2019,21,Other small pelagic fish,0.0148152127553038,2,23
1,2019,29,Poor cod,2.67541685833119e-05,2,23
1,2019,39,Other commercial shallow medium demersal fish,0.00283534742711828,3,45
1,2021,76,Macroalgae,0.00180329553459335,3,44
1,2021,40,Other commercial deep medium demersal fish,0.118922387563122,5,57
1,2021,22,Benthopelagic fishes,0.496776779224254,5,57
1,2021,24,Anglerfish,0.0663137654658172,5,57
1,2021,59,Deep-water rose shrimp,0.0256517131490975,5,57
1,2021,68,Jellyfish,0.0380297328882959,5,57
1,2021,18,Sardine,0.0140685210711585,2,22
1,2021,29,Poor cod,6.36755881498498e-05,2,22
1,2021,39,Other commercial shallow medium demersal fish,0.000450595609824877,3,44
1,1994,46,Bathydemersal (deep sea) fish,0.0758936161243396,4,18
1,1994,71,Macro zooplankton,1.03897243959884e-05,2,10
1,1994,22,Benthopelagic fishes,0.0975935213639775,4,18
1,1995,23,No commercial meso (bathy) pelagic fishes,0.055620942393685,4,22
1,1995,46,Bathydemersal (deep sea) fish,0.707948403529629,4,22
1,1995,71,Macro zooplankton,1.80840267306279e-06,2,12
1,1995,30,Blue whiting,0.018429908667691,4,22
1,1996,23,No commercial meso (bathy) pelagic fishes,0.0606311695735795,4,27
1,1996,71,Macro zooplankton,2.65259115588594e-06,4,27
1,1996,30,Blue whiting,0.0417271917397195,4,27
1,1996,59,Deep-water rose shrimp,0.00361906488319231,2,14
1,1996,50,Torpedos,0.0172395591469967,3,26
1,1997,46,Bathydemersal (deep sea) fish,3.36548639426664,4,26
1,1997,23,No commercial meso (bathy) pelagic fishes,0.136833910272827,4,26
1,1997,29,Poor cod,3.98089654661998e-05,1,5
1,1998,22,Benthopelagic fishes,0.321204915517485,4,25
1,1998,71,Macro zooplankton,0.00020547422190513,4,25
1,1998,30,Blue whiting,0.017106276798122,4,25
1,1998,29,Poor cod,6.05991562037684e-05,1,5
1,1999,49,Rays and skates,0.00562055657470555,2,16
1,1999,32,Blackspot seabream,0.00222367593363308,4,29
1,1999,40,Other commercial deep medium demersal fish,0.0870930529303307,4,29
1,1999,50,Torpedos,0.00154623523400509,2,16
1,1999,29,Poor cod,0.000290053700718468,1,5
1,2000,48,Small demersal sharks,1.99724393794428,4,31
1,2000,71,Macro zooplankton,1.67318437098699e-06,4,31
1,2000,30,Blue whiting,0.173724167918099,4,31
1,2001,46,Bathydemersal (deep sea) fish,0.615681122205575,4,29
1,2001,40,Other commercial deep medium demersal fish,0.118656481764444,4,29
1,2001,71,Macro zooplankton,9.15727024229076e-07,3,28
1,2001,30,Blue whiting,0.0667441427603676,4,29
1,2002,46,Bathydemersal (deep sea) fish,0.292330884761581,4,33
1,2002,71,Macro zooplankton,7.56385602383152e-06,4,33
1,2002,30,Blue whiting,0.127674463551238,4,33
1,2002,73,Suprabenthos,1.26080556851356e-06,3,22
1,2003,23,No commercial meso (bathy) pelagic fishes,0.172317076928596,4,32
1,2003,40,Other commercial deep medium demersal fish,0.104906173832454,4,32
1,2003,46,Bathydemersal (deep sea) fish,0.871630589449931,4,32
1,2003,71,Macro zooplankton,4.91955401285087e-06,4,32
1,2003,30,Blue whiting,0.0158799976372908,4,32
1,2003,59,Deep-water rose shrimp,0.00217800299131477,2,17
1,2004,23,No commercial meso (bathy) pelagic fishes,0.0766034524497846,4,32
1,2004,46,Bathydemersal (deep sea) fish,1.16602922863927,4,32
1,2004,22,Benthopelagic fishes,0.660098257945412,4,32
1,2004,30,Blue whiting,0.0490603785951466,4,32
1,2004,28,Other commercial large demersal fish,8.83697584619055e-05,2,18
1,2005,22,Benthopelagic fishes,0.632581321381225,4,29
1,2005,71,Macro zooplankton,9.82230784837338e-06,3,28
1,2005,46,Bathydemersal (deep sea) fish,1.2457237607697,4,29
1,2005,30,Blue whiting,0.0951631095042068,4,29
1,2005,32,Blackspot seabream,0.0105968685858936,4,29
1,2005,59,Deep-water rose shrimp,0.00256357004405856,2,17
1,2005,29,Poor cod,2.51170667168596e-06,1,6
1,2006,56,Mesopelagic cephalopods,0.0135335129591123,4,32
1,2006,22,Benthopelagic fishes,0.96095047731826,4,32
1,2006,46,Bathydemersal (deep sea) fish,2.4106398073682,4,32
1,2007,30,Blue whiting,0.275364610040378,4,27
1,2007,28,Other commercial large demersal fish,7.30160215599855e-05,4,27
1,2007,63,Norway lobster,0.0108039346148072,4,27
1,2007,59,Deep-water rose shrimp,0.00242499316870531,2,17
1,2008,46,Bathydemersal (deep sea) fish,2.41746895297419,4,25
1,2008,49,Rays and skates,0.00783032266461243,3,14
1,2008,29,Poor cod,0.000109556065217717,1,6
1,2009,23,No commercial meso (bathy) pelagic fishes,0.0286088609950578,4,23
1,2009,46,Bathydemersal (deep sea) fish,2.00938004649095,4,23
1,2009,30,Blue whiting,0.108236555337862,4,23
1,2009,63,Norway lobster,0.00449456426568076,4,23
1,2009,59,Deep-water rose shrimp,0.0219710594366037,4,23
1,2010,23,No commercial meso (bathy) pelagic fishes,0.1006708332323,4,17
1,2010,46,Bathydemersal (deep sea) fish,2.04904984676522,4,17
1,2010,32,Blackspot seabream,0.0102566173079706,4,17
1,2010,59,Deep-water rose shrimp,0.00697568494482168,2,10
1,2011,46,Bathydemersal (deep sea) fish,1.13905183488743,4,20
1,2011,23,No commercial meso (bathy) pelagic fishes,0.0362279769545386,4,20
1,2011,22,Benthopelagic fishes,0.684479059725025,4,20
1,2011,30,Blue whiting,0.0361409759838235,4,20
1,2011,11,Non-commercial large pelagic fishes,0.0368134751349863,1,4
1,2011,28,Other commercial large demersal fish,0.00218743718245668,3,12
1,2011,29,Poor cod,0.000188956318839957,1,4
1,2012,46,Bathydemersal (deep sea) fish,1.81650446498322,4,21
1,2012,48,Small demersal sharks,3.15128146818925,4,21
1,2012,22,Benthopelagic fishes,0.637231641136389,4,21
1,2012,71,Macro zooplankton,2.6068806369403e-07,2,13
1,2012,30,Blue whiting,0.00581820946045691,4,21
1,2012,29,Poor cod,7.51873931937296e-05,1,4
1,2013,46,Bathydemersal (deep sea) fish,2.25994782565788,4,26
1,2013,40,Other commercial deep medium demersal fish,0.146350563889237,4,26
1,2013,22,Benthopelagic fishes,0.841071300782916,4,26
1,2013,23,No commercial meso (bathy) pelagic fishes,0.0377908061670441,4,26
1,2013,30,Blue whiting,0.0145392810818295,4,26
1,2014,46,Bathydemersal (deep sea) fish,2.99851307258679,4,36
1,2014,30,Blue whiting,0.0529068243835682,4,36
1,2014,63,Norway lobster,0.00746248714686113,4,36
1,2015,44,Commercial small demersal fish,4.56908892762757e-07,1,9
1,2015,23,No commercial meso (bathy) pelagic fishes,0.0560450050164352,4,44
1,2015,30,Blue whiting,0.00695307774549298,4,44
1,2015,69,Salps and other gelatinous zooplankton,0.00262865725381838,3,43
1,2016,46,Bathydemersal (deep sea) fish,2.82984237336725,4,44
1,2016,22,Benthopelagic fishes,0.538665073892566,4,44
1,2016,40,Other commercial deep medium demersal fish,0.0839277326614194,4,44
1,2016,71,Macro zooplankton,3.6335614546825e-06,2,31
1,2016,30,Blue whiting,0.00424870635131149,4,44
1,2016,59,Deep-water rose shrimp,0.00497873558591318,2,31
1,2017,46,Bathydemersal (deep sea) fish,1.84219436338405,4,46
1,2017,56,Mesopelagic cephalopods,0.00616672143942072,4,46
1,2017,32,Blackspot seabream,0.00369873991468678,4,46
1,2018,46,Bathydemersal (deep sea) fish,2.20963575373191,4,40
1,2018,40,Other commercial deep medium demersal fish,0.0683584831643387,4,40
1,2018,48,Small demersal sharks,1.72416067903884,4,40
1,2019,46,Bathydemersal (deep sea) fish,0.867801562255486,4,47
1,2019,22,Benthopelagic fishes,0.486058634734991,4,47
1,2019,48,Small demersal sharks,0.537373869727279,4,47
1,2019,40,Other commercial deep medium demersal fish,0.0756184086254669,4,47
1,2019,63,Norway lobster,0.0050138531100054,4,47
1,2021,46,Bathydemersal (deep sea) fish,0.815844335235302,4,44
1,2021,30,Blue whiting,0.00517111178980058,4,44
1,2021,48,Small demersal sharks,2.01730215315882,4,44
1,2021,73,Suprabenthos,4.45226947170375e-07,4,44
1,1994,56,Mesopelagic cephalopods,0.00701750940467979,3,15
1,1994,73,Suprabenthos,2.25795413936021e-06,3,15
1,1994,63,Norway lobster,0.00230217358803666,3,15
1,1994,59,Deep-water rose shrimp,4.5777865082617e-05,1,7
1,1995,56,Mesopelagic cephalopods,0.000158493952317515,2,18
1,1995,48,Small demersal sharks,1.6552484531226,3,19
1,1995,63,Norway lobster,0.00373820084477288,3,19
1,1996,56,Mesopelagic cephalopods,0.00900840518836156,3,24
1,1996,60,Blue and red shrimp,0.0315473049762353,3,24
1,1996,48,Small demersal sharks,2.10486704234831,3,24
1,1996,46,Bathydemersal (deep sea) fish,0.680486314997657,3,24
1,1996,28,Other commercial large demersal fish,0.000161139437789554,1,11
1,1996,73,Suprabenthos,4.1247945547458e-06,3,24
1,1996,63,Norway lobster,0.00660474498887119,3,24
1,1996,65,Other commercial decapods,0.00210695378506492,1,11
1,1997,56,Mesopelagic cephalopods,0.00174649500131775,3,21
1,1997,60,Blue and red shrimp,0.0350007901624521,3,21
1,1997,48,Small demersal sharks,5.23502759679648,3,21
1,1997,71,Macro zooplankton,3.30561498840791e-06,1,10
1,1997,28,Other commercial large demersal fish,2.56749130119146e-05,1,10
1,1997,73,Suprabenthos,3.56452638167501e-06,1,10
1,1997,63,Norway lobster,0.0121384616660776,3,21
1,1998,46,Bathydemersal (deep sea) fish,0.252411511543117,3,20
1,1998,60,Blue and red shrimp,0.037193549829188,3,20
1,1998,48,Small demersal sharks,1.48731807580122,3,20
1,1998,73,Suprabenthos,1.5812319221858e-07,1,7
1,1998,63,Norway lobster,0.0022426674212758,3,20
1,1998,65,Other commercial decapods,4.43015787843081e-06,1,7
1,1999,60,Blue and red shrimp,0.0368127541339021,3,24
1,1999,56,Mesopelagic cephalopods,0.000255228322820398,3,24
1,1999,48,Small demersal sharks,1.08786184724974,3,24
1,1999,46,Bathydemersal (deep sea) fish,0.389338994482277,3,24
1,1999,30,Blue whiting,0.0195077542504283,3,24
1,1999,73,Suprabenthos,2.39713244224499e-05,3,24
1,1999,63,Norway lobster,0.00263331438247283,3,24
1,1999,15,Mackerels,0.00287819108092724,1,11
1,2000,56,Mesopelagic cephalopods,0.00244402218797598,3,26
1,2000,60,Blue and red shrimp,0.0955188635221285,3,26
1,2000,46,Bathydemersal (deep sea) fish,0.678757217070282,3,26
1,2000,63,Norway lobster,0.00377554325636813,3,26
1,2001,10,Pelagic sharks,0.0113203997048177,1,10
1,2001,28,Other commercial large demersal fish,3.49446209412824e-05,1,10
1,2001,63,Norway lobster,0.0042316183463925,3,24
1,2002,60,Blue and red shrimp,0.0205438278288926,3,25
1,2002,48,Small demersal sharks,2.26387014185621,3,25
1,2002,63,Norway lobster,0.0105335163785641,3,25
1,2003,11,Non-commercial large pelagic fishes,0.0310950257408946,1,11
1,2003,63,Norway lobster,0.0224929402446835,3,26
1,2004,56,Mesopelagic cephalopods,0.0272652455125906,3,27
1,2004,60,Blue and red shrimp,0.0385625302200468,3,27
1,2004,48,Small demersal sharks,2.61672594291934,3,27
1,2004,10,Pelagic sharks,0.0238688824280702,1,13
1,2004,71,Macro zooplankton,3.61048243626125e-06,3,27
1,2005,56,Mesopelagic cephalopods,0.0105001980007705,3,23
1,2005,48,Small demersal sharks,2.81598411307283,3,23
1,2005,10,Pelagic sharks,0.00542275626597169,1,11
1,2005,28,Other commercial large demersal fish,0.000283238525766124,3,23
1,2005,63,Norway lobster,0.00529647676952,3,23
1,2005,65,Other commercial decapods,0.0002514576329225,1,11
1,2006,48,Small demersal sharks,4.06524930303006,3,27
1,2006,71,Macro zooplankton,9.12000015681303e-07,2,26
1,2006,10,Pelagic sharks,0.00445210913910687,1,11
1,2006,73,Suprabenthos,1.26118625435442e-05,3,27
1,2006,63,Norway lobster,0.0195871111576557,3,27
1,2007,56,Mesopelagic cephalopods,0.00144958682396578,3,21
1,2007,10,Pelagic sharks,0.0274036758883089,1,11
1,2007,73,Suprabenthos,2.59939754500151e-06,3,21
1,2007,71,Macro zooplankton,2.40687701358085e-07,1,11
1,2008,56,Mesopelagic cephalopods,9.22918497560801e-05,3,19
1,2008,60,Blue and red shrimp,0.00413161798184317,3,19
1,2008,48,Small demersal sharks,2.10952897393684,3,19
1,2008,71,Macro zooplankton,6.45177972111468e-07,3,19
1,2008,10,Pelagic sharks,0.0409167698560398,1,11
1,2008,30,Blue whiting,0.172643680399784,3,19
1,2008,28,Other commercial large demersal fish,0.000100530806502918,1,11
1,2008,63,Norway lobster,0.00601977884552908,3,19
1,2008,65,Other commercial decapods,0.000124213956761148,1,11
1,2009,56,Mesopelagic cephalopods,0.000115782221123139,2,16
1,2009,71,Macro zooplankton,9.51119725178003e-08,1,11
1,2009,10,Pelagic sharks,0.0114369941882184,1,11
1,2010,40,Other commercial deep medium demersal fish,0.160007139805073,3,13
1,2010,10,Pelagic sharks,0.0397994374564787,1,6
1,2010,71,Macro zooplankton,1.96465638575958e-06,1,6
1,2010,63,Norway lobster,0.00558867540206759,3,13
1,2011,48,Small demersal sharks,4.02382704082551,3,16
1,2011,63,Norway lobster,0.00490517732135554,3,16
1,2012,60,Blue and red shrimp,0.0285673138084358,3,17
1,2012,63,Norway lobster,0.0021217539221842,1,9
1,2012,73,Suprabenthos,1.11847334255971e-07,1,9
1,2013,56,Mesopelagic cephalopods,0.00186608340316424,3,21
1,2013,48,Small demersal sharks,3.78195569253052,3,21
1,2013,10,Pelagic sharks,0.0496052959385489,1,10
1,2013,49,Rays and skates,0.027096179834099,3,21
1,2013,71,Macro zooplankton,1.01557660461901e-07,1,10
1,2013,28,Other commercial large demersal fish,2.48864257054023e-06,1,10
1,2013,63,Norway lobster,0.00270281447158392,3,21
1,2014,60,Blue and red shrimp,0.0227432093592701,3,29
1,2014,48,Small demersal sharks,3.37586238174297,3,29
1,2014,10,Pelagic sharks,0.041447370275113,3,29
1,2014,28,Other commercial large demersal fish,0.000194621587128209,1,15
1,2014,73,Suprabenthos,6.61042055585648e-08,1,15
1,2015,60,Blue and red shrimp,0.0355674831495002,3,35
1,2015,48,Small demersal sharks,1.53310023883887,3,35
1,2015,73,Suprabenthos,5.10956262039435e-07,2,34
1,2015,71,Macro zooplankton,5.99698636873869e-08,1,19
1,2015,28,Other commercial large demersal fish,1.22998683285715e-05,1,19
1,2015,63,Norway lobster,0.00720351502767336,3,35
1,2016,56,Mesopelagic cephalopods,0.00326925205105651,3,35
1,2016,60,Blue and red shrimp,0.0393717815006693,3,35
1,2016,10,Pelagic sharks,0.00954058781346099,1,22
1,2016,28,Other commercial large demersal fish,0.000871352453931776,3,35
1,2016,63,Norway lobster,0.00911234825259786,3,35
1,2016,73,Suprabenthos,5.11612746514815e-08,1,22
1,2016,15,Mackerels,0.000474006119190225,1,22
1,2017,60,Blue and red shrimp,0.0169543455224034,3,36
1,2017,10,Pelagic sharks,0.0168013320468508,1,23
1,2017,30,Blue whiting,0.0122648939463551,3,36
1,2017,63,Norway lobster,0.00668876571795127,3,36
1,2017,13,Swordfish,0.0549148108308283,1,23
1,2018,60,Blue and red shrimp,0.0305411018731784,3,32
1,2018,71,Macro zooplankton,2.79188446278028e-06,1,17
1,2018,30,Blue whiting,0.00199865003700754,3,32
1,2018,63,Norway lobster,0.00418290590000706,3,32
1,2018,73,Suprabenthos,5.29261365385926e-07,3,32
1,2019,56,Mesopelagic cephalopods,0.00325700182341258,3,38
1,2019,60,Blue and red shrimp,0.00808443831617928,3,38
1,2019,10,Pelagic sharks,0.00102276588673684,1,22
1,2019,30,Blue whiting,0.0302449391321927,3,38
1,2019,28,Other commercial large demersal fish,1.06727501053831e-06,1,22
1,2021,71,Macro zooplankton,4.21224511151531e-08,1,22
1,2021,11,Non-commercial large pelagic fishes,0.472824877874448,1,22
1,2021,28,Other commercial large demersal fish,8.35998822315317e-07,1,22
1,2021,63,Norway lobster,0.00744566846906677,3,35
1,2021,13,Swordfish,0.0807627736382309,1,22
1,1994,60,Blue and red shrimp,0.0153317150910545,2,8
1,1994,67,Other macro-benthos,0.000731582991744333,2,8
1,1995,60,Blue and red shrimp,0.0617153936866047,2,10
1,1995,73,Suprabenthos,7.92336114165112e-07,2,10
1,1998,56,Mesopelagic cephalopods,0.000939791106000476,2,13
1,1999,10,Pelagic sharks,0.00690923341327286,2,13
1,2000,73,Suprabenthos,2.96062069408613e-06,2,13
1,2001,60,Blue and red shrimp,0.0494175487742281,2,14
1,2002,56,Mesopelagic cephalopods,0.00103301949271043,2,14
1,2003,56,Mesopelagic cephalopods,0.000599274053202383,2,15
1,2003,60,Blue and red shrimp,0.0669542111586768,2,15
1,2004,73,Suprabenthos,8.43246100328603e-07,2,14
1,2005,60,Blue and red shrimp,0.0490585446091621,2,12
1,2006,60,Blue and red shrimp,0.0723036396868437,2,16
1,2007,60,Blue and red shrimp,0.0201818478263332,2,10
1,2009,60,Blue and red shrimp,0.000437241177591846,2,6
1,2009,28,Other commercial large demersal fish,0.0019446425635728,2,6
1,2010,60,Blue and red shrimp,0.02551757452151,2,7
1,2010,73,Suprabenthos,7.87755566643794e-07,2,7
1,2011,60,Blue and red shrimp,0.00100259360976891,2,8
1,2013,60,Blue and red shrimp,0.000256688339127821,2,11
1,2015,10,Pelagic sharks,0.0173313754890362,2,16
1,2018,61,Giant red shrimp,4.84815400927408e-05,2,15
1,2021,60,Blue and red shrimp,0.0162792462711775,2,13
2,2006,33,Sparidae+,2.59554363354706,3,4
2,2006,37,Labridae and serranidae+,0.0849020497930439,2,2
2,2006,66,Non-commercial decapods,0.193785696650534,5,9
2,2006,55,Benthopelagic cephalopods,0.299503871040348,5,9
2,2006,49,Rays and skates,0.3577791079408,3,4
2,2006,24,Anglerfish,0.339533138136003,4,8
2,2006,43,Mullets,0.0180971405072634,2,2
2,2006,41,No commercial medium demersal fish,0.0153015248057396,2,3
2,2006,54,Coastal benthic cephalopods,0.332295552720678,2,2
2,2006,31,Common pandora,0.00765859810029445,1,1
2,2006,64,European lobster,0.124006132321321,2,2
2,2006,35,Scorpaenidae,0.346183511255975,5,9
2,2006,47,Small-spotted catshark,0.271921386365639,3,4
2,2006,16,Horse mackerels,4.76222432349265,5,9
2,2007,58,Benthic mollusc,0.052522564299894,5,8
2,2007,33,Sparidae+,2.34536642242867,3,4
2,2007,37,Labridae and serranidae+,0.0117499181531186,2,2
2,2007,66,Non-commercial decapods,0.335768045508106,5,8
2,2007,24,Anglerfish,0.416512350268777,5,8
2,2007,54,Coastal benthic cephalopods,0.126104577304793,2,2
2,2007,31,Common pandora,0.0124921247049991,2,2
2,2007,64,European lobster,0.0256378929240747,1,1
2,2007,67,Other macro-benthos,0.00812180931179734,3,4
2,2007,47,Small-spotted catshark,0.230168389513655,3,4
2,2007,39,Other commercial shallow medium demersal fish,0.0932396115817818,3,4
2,2007,35,Scorpaenidae,0.474526907609812,5,8
2,2009,58,Benthic mollusc,0.0468208911782145,5,9
2,2009,33,Sparidae+,12.7942483061319,4,8
2,2009,66,Non-commercial decapods,0.231073543390928,5,9
2,2009,55,Benthopelagic cephalopods,0.114490557790945,5,9
2,2009,24,Anglerfish,0.0971385260114192,3,4
2,2009,43,Mullets,0.0159700956332347,1,1
2,2009,54,Coastal benthic cephalopods,0.148024414326679,2,2
2,2009,31,Common pandora,0.0183630406204711,2,2
2,2009,67,Other macro-benthos,0.0176426850071572,5,9
2,2009,35,Scorpaenidae,0.481182200315908,5,9
2,2009,47,Small-spotted catshark,0.352991541298973,5,9
2,2009,37,Labridae and serranidae+,0.0720964484105459,2,2
2,2009,21,Other small pelagic fish,0.00266779800536286,2,2
2,2009,16,Horse mackerels,12.7516340509784,3,4
2,2006,38,Flatfishes,0.069017206974823,2,3
2,2006,45,No commercial small demersal fish,0.14168534079726,4,8
2,2006,57,Other benthic cephalopods,0.0664970805795378,4,8
2,2006,32,Blackspot seabream,0.0161252565659315,3,6
2,2006,67,Other macro-benthos,0.0104243342057698,4,8
2,2006,58,Benthic mollusc,0.000552388088739367,3,6
2,2006,39,Other commercial shallow medium demersal fish,0.249639586437774,1,1
2,2007,38,Flatfishes,0.130293909480061,4,7
2,2007,45,No commercial small demersal fish,0.0603920858872518,4,7
2,2007,57,Other benthic cephalopods,0.0410883674267185,4,7
2,2007,49,Rays and skates,0.0806639268605964,3,6
2,2007,55,Benthopelagic cephalopods,0.0595095829252624,4,7
2,2007,43,Mullets,0.0130791071327853,1,1
2,2007,32,Blackspot seabream,0.0420179685313954,4,7
2,2007,18,Sardine,0.0634895120514218,1,1
2,2007,16,Horse mackerels,20.5579409866161,4,7
2,2008,38,Flatfishes,0.0662896133285492,4,6
2,2008,66,Non-commercial decapods,0.285845872794915,4,6
2,2008,45,No commercial small demersal fish,0.00577312121076424,4,6
2,2008,33,Sparidae+,0.385435929903932,2,3
2,2008,35,Scorpaenidae,0.221641827975893,4,6
2,2008,57,Other benthic cephalopods,0.0248716261320764,4,6
2,2008,73,Suprabenthos,3.6840865051586e-06,1,1
2,2008,49,Rays and skates,0.0530691019134751,2,3
2,2008,55,Benthopelagic cephalopods,0.0868918266185321,4,6
2,2008,24,Anglerfish,0.13488613369912,4,6
2,2008,26,European hake juv.,0.019042421156534,1,1
2,2008,58,Benthic mollusc,0.0811963888171121,4,6
2,2008,54,Coastal benthic cephalopods,0.0133548135811999,1,1
2,2008,31,Common pandora,0.000142087203465342,1,1
2,2008,67,Other macro-benthos,0.00976891444649504,3,4
2,2008,18,Sardine,0.0351662802765139,1,1
2,2008,47,Small-spotted catshark,0.110960280732304,2,3
2,2008,37,Labridae and serranidae+,0.00327984627999165,1,1
2,2008,16,Horse mackerels,5.94392614468208,2,3
2,2009,38,Flatfishes,0.218635599688053,4,8
2,2009,45,No commercial small demersal fish,0.0221069563087637,4,8
2,2009,57,Other benthic cephalopods,0.0172231671296501,4,8
2,2009,49,Rays and skates,0.188110683927493,3,7
2,2009,50,Torpedos,0.0377803766890617,2,5
2,2009,41,No commercial medium demersal fish,0.00109554074297529,1,1
2,2009,39,Other commercial shallow medium demersal fish,0.0728587775668031,1,1
2,2011,55,Benthopelagic cephalopods,0.101796223937629,4,8
2,2011,38,Flatfishes,0.247364883070243,4,8
2,2011,45,No commercial small demersal fish,0.013423762746921,4,8
2,2011,58,Benthic mollusc,1.34818041858818,4,8
2,2011,33,Sparidae+,3.88984832416069,2,3
2,2011,35,Scorpaenidae,0.162306055363619,4,8
2,2011,66,Non-commercial decapods,0.229606866896746,4,8
2,2011,57,Other benthic cephalopods,0.0565378273625607,4,8
2,2011,73,Suprabenthos,5.54823967766532e-06,1,1
2,2011,49,Rays and skates,0.285450161723577,4,8
2,2011,24,Anglerfish,0.101216196504287,4,8
2,2011,54,Coastal benthic cephalopods,0.0448482707277946,1,1
2,2011,41,No commercial medium demersal fish,0.00268668218325764,1,1
2,2011,64,European lobster,0.00706475852289383,1,1
2,2011,67,Other macro-benthos,0.00792007019664328,2,3
2,2011,47,Small-spotted catshark,0.278385107920586,2,3
2,2011,37,Labridae and serranidae+,0.0320975305079452,1,1
2,2011,16,Horse mackerels,15.3915830756538,2,3
2,2012,55,Benthopelagic cephalopods,0.350933540064169,4,7
2,2012,70,Corals and gorgonians,1.85338391612969e-05,2,3
2,2012,67,Other macro-benthos,0.0250166749945028,4,7
2,2012,38,Flatfishes,0.570388902036613,4,7
2,2012,66,Non-commercial decapods,0.336309109894231,4,7
2,2012,45,No commercial small demersal fish,0.0337545011419846,4,7
2,2012,33,Sparidae+,0.520960232158269,1,1
2,2012,35,Scorpaenidae,0.14321725838929,4,7
2,2012,57,Other benthic cephalopods,0.0888151441621126,4,7
2,2012,23,No commercial meso (bathy) pelagic fishes,0.203725226601668,4,7
2,2012,46,Bathydemersal (deep sea) fish,0.471922318388484,4,7
2,2012,49,Rays and skates,0.29542121890985,4,7
2,2012,24,Anglerfish,0.106596169277592,2,3
2,2012,26,European hake juv.,0.00348998047195339,1,1
2,2012,58,Benthic mollusc,0.00769138422457646,4,7
2,2012,54,Coastal benthic cephalopods,0.123235920867765,1,1
2,2012,69,Salps and other gelatinous zooplankton,0.0255874651204168,3,6
2,2012,15,Mackerels,0.0486043815239643,1,1
2,2012,47,Small-spotted catshark,0.255528632704841,2,3
2,2012,37,Labridae and serranidae+,0.0188316096136155,1,1
2,2012,41,No commercial medium demersal fish,0.00341236820235464,1,1
2,2012,16,Horse mackerels,7.97621118512346,2,3
2,2013,55,Benthopelagic cephalopods,0.216366211393539,4,7
2,2013,70,Corals and gorgonians,1.46577959593822e-05,2,3
2,2013,38,Flatfishes,0.0874081171324631,2,3
2,2013,67,Other macro-benthos,0.0269824950487198,4,7
2,2013,33,Sparidae+,5.23435747891168,1,1
2,2013,45,No commercial small demersal fish,0.0915116160543671,4,7
2,2013,41,No commercial medium demersal fish,0.000679699157882901,1,1
2,2013,58,Benthic mollusc,0.0223244189972067,4,7
2,2013,35,Scorpaenidae,0.317543420927062,4,7
2,2013,66,Non-commercial decapods,0.176745012147593,4,7
2,2013,57,Other benthic cephalopods,0.332112661150422,4,7
2,2013,49,Rays and skates,0.152062616124155,2,3
2,2013,54,Coastal benthic cephalopods,0.0101075821260439,1,1
2,2013,69,Salps and other gelatinous zooplankton,0.0221194020890887,3,6
2,2013,47,Small-spotted catshark,0.131028696732507,2,3
2,2013,37,Labridae and serranidae+,0.00407819494729741,1,1
2,2013,16,Horse mackerels,3.66635725838101,2,3
2,2013,39,Other commercial shallow medium demersal fish,0.0189915941173164,1,1
2,2014,55,Benthopelagic cephalopods,0.120179988277835,4,7
2,2014,58,Benthic mollusc,0.124116141600912,4,7
2,2014,38,Flatfishes,0.467735449011363,4,7
2,2014,67,Other macro-benthos,0.0438078568386159,4,7
2,2014,33,Sparidae+,3.16434847358019,2,3
2,2014,45,No commercial small demersal fish,0.0189901744041162,4,7
2,2014,35,Scorpaenidae,0.210458143993913,4,7
2,2014,66,Non-commercial decapods,0.132955207828465,4,7
2,2014,57,Other benthic cephalopods,0.0440964439038883,4,7
2,2014,22,Benthopelagic fishes,1.17476886125913,4,7
2,2014,49,Rays and skates,0.507366223567439,3,6
2,2014,24,Anglerfish,0.102618841853138,4,7
2,2014,26,European hake juv.,0.031098318381277,1,1
2,2014,23,No commercial meso (bathy) pelagic fishes,0.464756979198756,4,7
2,2014,54,Coastal benthic cephalopods,0.0235336988067852,2,3
2,2014,70,Corals and gorgonians,5.9616206172916e-05,3,6
2,2014,69,Salps and other gelatinous zooplankton,0.15016727967313,3,6
2,2014,47,Small-spotted catshark,0.217283551237083,2,3
2,2014,37,Labridae and serranidae+,0.00680217347969685,1,1
2,2014,41,No commercial medium demersal fish,0.0041409001696644,1,1
2,2014,16,Horse mackerels,79.3023225094498,4,7
2,2015,55,Benthopelagic cephalopods,0.140513382909246,4,8
2,2015,58,Benthic mollusc,0.009251386591915,3,6
2,2015,38,Flatfishes,0.121762887659644,4,8
2,2015,45,No commercial small demersal fish,0.166222628450763,4,8
2,2015,33,Sparidae+,0.328212919200348,2,3
2,2015,35,Scorpaenidae,0.0999575140903189,4,8
2,2015,22,Benthopelagic fishes,0.573655168707563,4,8
2,2015,66,Non-commercial decapods,0.112209725331371,4,8
2,2015,67,Other macro-benthos,0.00950501785490072,4,8
2,2015,57,Other benthic cephalopods,0.0608020112631589,4,8
2,2015,70,Corals and gorgonians,2.52800203403269e-05,4,8
2,2015,23,No commercial meso (bathy) pelagic fishes,0.31909316856292,4,8
2,2015,73,Suprabenthos,3.53764853935308e-06,1,1
2,2015,49,Rays and skates,0.219681131067474,2,3
2,2015,24,Anglerfish,0.171392184571127,2,3
2,2015,26,European hake juv.,0.0137371027696957,1,1
2,2015,43,Mullets,0.000604810989071014,1,1
2,2015,54,Coastal benthic cephalopods,0.0411251642699795,1,1
2,2015,31,Common pandora,0.000750416752980291,1,1
2,2015,64,European lobster,0.0322279781935066,1,1
2,2015,68,Jellyfish,3.38603414343914,4,8
2,2015,47,Small-spotted catshark,0.237531644189549,4,8
2,2015,37,Labridae and serranidae+,0.01177926903163,1,1
2,2015,16,Horse mackerels,24.4697573916163,2,3
2,2016,58,Benthic mollusc,0.0134524458436513,4,8
2,2016,38,Flatfishes,0.47020588483084,2,3
2,2016,45,No commercial small demersal fish,0.0359712697490195,2,3
2,2016,33,Sparidae+,2.03762806606352,2,3
2,2016,67,Other macro-benthos,0.0334996402556885,4,8
2,2016,35,Scorpaenidae,0.133198920752141,4,8
2,2016,66,Non-commercial decapods,0.088687368370987,4,8
2,2016,57,Other benthic cephalopods,0.0426644767645161,2,3
2,2016,49,Rays and skates,0.145747466683172,4,8
2,2016,55,Benthopelagic cephalopods,0.111130800830389,4,8
2,2016,24,Anglerfish,0.227015873944719,4,8
2,2016,26,European hake juv.,0.0143330031668257,1,1
2,2016,54,Coastal benthic cephalopods,0.0578296863883732,1,1
2,2016,64,European lobster,0.014129952288629,1,1
2,2016,68,Jellyfish,0.0245074199659831,3,6
2,2016,18,Sardine,2.52727764172628,1,1
2,2016,15,Mackerels,0.0349919922992566,1,1
2,2016,47,Small-spotted catshark,0.30413386435877,2,3
2,2016,37,Labridae and serranidae+,0.052758438385502,1,1
2,2016,41,No commercial medium demersal fish,0.00243825845140251,2,3
2,2016,16,Horse mackerels,68.0841265239521,2,3
2,2016,39,Other commercial shallow medium demersal fish,0.0109010219889908,1,1
2,2017,58,Benthic mollusc,0.0434590409653574,4,8
2,2017,38,Flatfishes,0.0528375583791283,2,3
2,2017,67,Other macro-benthos,0.017352659844074,4,8
2,2017,66,Non-commercial decapods,0.287401503441397,4,8
2,2017,45,No commercial small demersal fish,0.03088252728792,4,8
2,2017,33,Sparidae+,2.82786299349887,2,3
2,2017,57,Other benthic cephalopods,0.0730727153001171,4,8
2,2017,70,Corals and gorgonians,3.49112619028698e-05,3,6
2,2017,35,Scorpaenidae,0.0563526706327235,4,8
2,2017,49,Rays and skates,0.0543025483805849,3,7
2,2017,55,Benthopelagic cephalopods,0.0561892364007213,4,8
2,2017,24,Anglerfish,0.188204781461469,4,8
2,2017,54,Coastal benthic cephalopods,0.0571563777246738,1,1
2,2017,41,No commercial medium demersal fish,0.000382139182756116,1,1
2,2017,64,European lobster,0.0240628633313386,1,1
2,2017,20,Round sardinella,0.0306159306873677,1,1
2,2017,47,Small-spotted catshark,0.184043106526239,2,3
2,2017,37,Labridae and serranidae+,0.00807041559773036,1,1
2,2017,16,Horse mackerels,46.5480368229863,2,3
2,2017,39,Other commercial shallow medium demersal fish,0.0450378322533994,1,1
2,2019,70,Corals and gorgonians,4.10897562936211e-05,1,1
2,2019,55,Benthopelagic cephalopods,0.0920686735041226,4,7
2,2019,58,Benthic mollusc,0.0929038900842924,4,7
2,2019,38,Flatfishes,0.149764176413841,3,6
2,2019,67,Other macro-benthos,0.00747479689226302,4,7
2,2019,45,No commercial small demersal fish,0.0664061504196764,2,3
2,2019,33,Sparidae+,0.826014446523865,2,3
2,2019,35,Scorpaenidae,0.0409044491228148,2,3
2,2019,66,Non-commercial decapods,0.129256343231631,4,7
2,2019,57,Other benthic cephalopods,0.0385557095896491,4,7
2,2019,49,Rays and skates,0.168207326233836,4,7
2,2019,26,European hake juv.,0.0162064634393894,2,3
2,2019,43,Mullets,0.00112932933542427,1,1
2,2019,54,Coastal benthic cephalopods,0.0831736195943459,1,1
2,2019,31,Common pandora,0.00143990046930428,1,1
2,2019,47,Small-spotted catshark,0.0933352766385012,4,7
2,2019,37,Labridae and serranidae+,0.0179092945945419,1,1
2,2019,41,No commercial medium demersal fish,0.00799187361069474,1,1
2,2019,16,Horse mackerels,32.3929742423169,2,3
2,2019,39,Other commercial shallow medium demersal fish,0.0160689484325909,1,1
2,2021,55,Benthopelagic cephalopods,0.0958883737159359,4,9
2,2021,67,Other macro-benthos,0.00655966250604083,4,9
2,2021,58,Benthic mollusc,0.0215886489647478,4,9
2,2021,38,Flatfishes,0.148959776135567,2,3
2,2021,33,Sparidae+,2.57384372800073,2,3
2,2021,35,Scorpaenidae,0.0834706690811619,4,9
2,2021,66,Non-commercial decapods,0.159841552951457,4,9
2,2021,57,Other benthic cephalopods,0.0235451316083829,4,9
2,2021,49,Rays and skates,0.0912532056765386,4,9
2,2021,24,Anglerfish,0.152412282054383,4,9
2,2021,54,Coastal benthic cephalopods,0.0233077440679969,1,1
2,2021,68,Jellyfish,0.22892539274417,4,9
2,2021,18,Sardine,0.0306784962792051,1,1
2,2021,47,Small-spotted catshark,0.146055589817087,4,9
2,2021,37,Labridae and serranidae+,0.0148831583797874,1,1
2,2021,21,Other small pelagic fish,0.00039596604133616,1,1
2,2021,41,No commercial medium demersal fish,0.000903835529136888,1,1
2,2021,16,Horse mackerels,32.2980420495825,4,9
2,2006,23,No commercial meso (bathy) pelagic fishes,0.479406154684977,3,7
2,2006,22,Benthopelagic fishes,0.943169090314007,3,7
2,2006,25,European conger,0.0470232837288598,3,7
2,2006,46,Bathydemersal (deep sea) fish,0.327381789056783,3,7
2,2006,48,Small demersal sharks,1.1152149314972,3,7
2,2006,26,European hake juv.,0.00250677034138084,1,2
2,2006,30,Blue whiting,0.360749747319959,3,7
2,2006,63,Norway lobster,0.00369110757259293,3,7
2,2006,65,Other commercial decapods,0.0795859573629014,3,7
2,2006,59,Deep-water rose shrimp,0.00257812712732223,1,2
2,2006,40,Other commercial deep medium demersal fish,0.110035258266747,3,7
2,2006,50,Torpedos,0.00768994865388531,1,2
2,2007,23,No commercial meso (bathy) pelagic fishes,0.498715151162316,3,6
2,2007,48,Small demersal sharks,1.50714980368798,3,6
2,2007,22,Benthopelagic fishes,0.822509944862233,3,6
2,2007,25,European conger,0.0426648122130968,3,6
2,2007,46,Bathydemersal (deep sea) fish,0.700090116858359,3,6
2,2007,30,Blue whiting,0.217343957275496,3,6
2,2007,63,Norway lobster,0.00349239838413537,3,6
2,2007,65,Other commercial decapods,0.0213248173451651,3,6
2,2007,59,Deep-water rose shrimp,0.00542682073052797,1,2
2,2007,40,Other commercial deep medium demersal fish,0.172156732544194,3,6
2,2007,50,Torpedos,0.0730949482430995,2,5
2,2008,23,No commercial meso (bathy) pelagic fishes,0.00603519565829162,3,5
2,2008,22,Benthopelagic fishes,0.409650017877484,3,5
2,2008,25,European conger,0.0488896513363009,3,5
2,2008,46,Bathydemersal (deep sea) fish,0.0423927016175364,3,5
2,2008,48,Small demersal sharks,2.44890722325106,3,5
2,2008,40,Other commercial deep medium demersal fish,0.144513951630924,3,5
2,2008,30,Blue whiting,0.247255138553327,3,5
2,2008,63,Norway lobster,0.00272873832315869,3,5
2,2008,32,Blackspot seabream,0.335850206463693,3,5
2,2008,59,Deep-water rose shrimp,0.00403589039890664,1,2
2,2008,39,Other commercial shallow medium demersal fish,0.00582804575188795,1,2
2,2009,23,No commercial meso (bathy) pelagic fishes,0.0535380293758492,3,7
2,2009,48,Small demersal sharks,1.89624722286684,3,7
2,2009,22,Benthopelagic fishes,0.836671843570193,3,7
2,2009,25,European conger,0.0207586522729954,3,7
2,2009,46,Bathydemersal (deep sea) fish,0.307769583615455,3,7
2,2009,26,European hake juv.,0.0208018552461373,1,2
2,2009,30,Blue whiting,0.039787436531877,3,7
2,2009,63,Norway lobster,0.00256075277800102,3,7
2,2009,32,Blackspot seabream,0.00880996352526776,3,7
2,2009,65,Other commercial decapods,0.00692008287260273,1,2
2,2009,59,Deep-water rose shrimp,0.0306220527703678,1,2
2,2009,40,Other commercial deep medium demersal fish,0.142096659595552,3,7
2,2011,56,Mesopelagic cephalopods,4.85597193726823e-05,1,2
2,2011,23,No commercial meso (bathy) pelagic fishes,0.929365584185847,3,7
2,2011,48,Small demersal sharks,2.32259083984945,3,7
2,2011,22,Benthopelagic fishes,1.16523865693245,3,7
2,2011,25,European conger,0.00388244787324049,3,7
2,2011,46,Bathydemersal (deep sea) fish,0.0972725757319211,3,7
2,2011,30,Blue whiting,0.00224089103460449,3,7
2,2011,63,Norway lobster,0.00471981538683868,3,7
2,2011,32,Blackspot seabream,0.00137866916282041,3,7
2,2011,59,Deep-water rose shrimp,0.00177979061954175,1,2
2,2011,40,Other commercial deep medium demersal fish,0.0792908134030655,3,7
2,2011,50,Torpedos,0.00258535117799798,1,2
2,2012,22,Benthopelagic fishes,0.962296828997041,3,6
2,2012,25,European conger,0.0710433819308852,3,6
2,2012,48,Small demersal sharks,2.59082783929978,3,6
2,2012,40,Other commercial deep medium demersal fish,0.0920315810140433,3,6
2,2012,30,Blue whiting,0.00111706714416205,1,2
2,2012,63,Norway lobster,0.00611902976923294,3,6
2,2012,32,Blackspot seabream,0.00141831746759471,3,6
2,2012,65,Other commercial decapods,0.0249009801427937,3,6
2,2012,59,Deep-water rose shrimp,0.0234089490776765,1,2
2,2013,23,No commercial meso (bathy) pelagic fishes,0.692098389411343,3,6
2,2013,22,Benthopelagic fishes,0.815541526941025,3,6
2,2013,25,European conger,0.0457683732216838,3,6
2,2013,46,Bathydemersal (deep sea) fish,0.668742230559624,3,6
2,2013,48,Small demersal sharks,2.54449397362395,3,6
2,2013,76,Macroalgae,0.000182175666080604,1,2
2,2013,24,Anglerfish,0.0720725209772315,3,6
2,2013,30,Blue whiting,0.00130499550960532,1,2
2,2013,63,Norway lobster,0.00474485387804126,3,6
2,2013,59,Deep-water rose shrimp,0.000591287458878948,1,2
2,2013,40,Other commercial deep medium demersal fish,0.166528214044387,3,6
2,2014,25,European conger,0.0303575278461003,3,6
2,2014,46,Bathydemersal (deep sea) fish,0.924025143422774,3,6
2,2014,48,Small demersal sharks,3.16256408446552,3,6
2,2014,30,Blue whiting,0.00697942375358271,3,6
2,2014,63,Norway lobster,0.00309596834562315,3,6
2,2014,32,Blackspot seabream,0.00538528727658661,3,6
2,2014,65,Other commercial decapods,0.000141897868060295,1,2
2,2014,59,Deep-water rose shrimp,0.0039002873409595,1,2
2,2014,40,Other commercial deep medium demersal fish,0.14263264221268,3,6
2,2014,56,Mesopelagic cephalopods,0.0078455185081807,3,6
2,2014,50,Torpedos,0.00800499600701825,1,2
2,2015,25,European conger,0.0265495540248312,3,7
2,2015,48,Small demersal sharks,2.19079980728953,3,7
2,2015,46,Bathydemersal (deep sea) fish,1.7071442465744,3,7
2,2015,32,Blackspot seabream,0.00110214342863735,3,7
2,2015,59,Deep-water rose shrimp,0.000192463106450151,1,2
2,2015,69,Salps and other gelatinous zooplankton,0.00284303100586222,2,6
2,2015,50,Torpedos,0.00281404433995388,1,2
2,2016,46,Bathydemersal (deep sea) fish,0.678295911358985,3,7
2,2016,23,No commercial meso (bathy) pelagic fishes,0.0743123855932585,3,7
2,2016,48,Small demersal sharks,2.37872358852718,3,7
2,2016,22,Benthopelagic fishes,0.599537280951686,3,7
2,2016,25,European conger,0.0193026107516137,3,7
2,2016,71,Macro zooplankton,6.24510758749114e-07,1,2
2,2016,63,Norway lobster,0.00282739780353225,3,7
2,2016,32,Blackspot seabream,0.0100609809424608,3,7
2,2016,65,Other commercial decapods,0.0245784975977194,3,7
2,2016,59,Deep-water rose shrimp,0.00387516932352014,1,2
2,2016,40,Other commercial deep medium demersal fish,0.120541098915971,3,7
2,2016,69,Salps and other gelatinous zooplankton,0.00656688373860757,2,6
2,2017,23,No commercial meso (bathy) pelagic fishes,0.385485031856735,3,7
2,2017,22,Benthopelagic fishes,0.700430697359828,3,7
2,2017,25,European conger,0.0204269782133567,3,7
2,2017,40,Other commercial deep medium demersal fish,0.063806991557275,3,7
2,2017,10,Pelagic sharks,0.0257505053693918,1,2
2,2017,48,Small demersal sharks,1.33014839375702,3,7
2,2017,30,Blue whiting,0.000388955148440823,1,2
2,2017,63,Norway lobster,0.00453281782843519,3,7
2,2017,59,Deep-water rose shrimp,0.000510266153939916,3,7
2,2017,68,Jellyfish,0.00521218275872501,3,7
2,2018,55,Benthopelagic cephalopods,0.0752770330814679,3,9
2,2018,66,Non-commercial decapods,0.136701623852908,3,9
2,2018,56,Mesopelagic cephalopods,0.00810500874352502,3,9
2,2018,67,Other macro-benthos,0.0115380383236902,3,9
2,2018,58,Benthic mollusc,0.0520473821464039,3,9
2,2018,23,No commercial meso (bathy) pelagic fishes,0.144240824801007,3,9
2,2018,38,Flatfishes,0.137563283637169,1,3
2,2018,33,Sparidae+,0.46313857380482,1,3
2,2018,45,No commercial small demersal fish,0.00475453545731395,3,9
2,2018,35,Scorpaenidae,0.0707439710903873,3,9
2,2018,22,Benthopelagic fishes,0.297409177306917,3,9
2,2018,25,European conger,0.0130292570105298,3,9
2,2018,57,Other benthic cephalopods,0.0211976454349001,3,9
2,2018,46,Bathydemersal (deep sea) fish,0.70455419271398,3,9
2,2018,40,Other commercial deep medium demersal fish,0.0252710005219613,3,9
2,2018,48,Small demersal sharks,0.856676992669476,3,9
2,2018,49,Rays and skates,0.16821145107926,3,9
2,2018,24,Anglerfish,0.0961224969719798,3,9
2,2018,43,Mullets,0.000411781140054748,1,3
2,2018,63,Norway lobster,0.00513732824731287,3,9
2,2018,54,Coastal benthic cephalopods,0.00939446212992102,1,3
2,2018,41,No commercial medium demersal fish,0.000644427792662002,1,3
2,2018,59,Deep-water rose shrimp,0.00397649958727532,3,9
2,2018,68,Jellyfish,0.113769282641849,3,9
2,2018,69,Salps and other gelatinous zooplankton,0.00585625820786044,2,8
2,2018,47,Small-spotted catshark,0.116529159242254,3,9
2,2018,37,Labridae and serranidae+,0.00798312705220084,1,3
2,2018,50,Torpedos,0.0715773029399659,2,8
2,2018,16,Horse mackerels,34.2231586362276,3,9
2,2018,39,Other commercial shallow medium demersal fish,0.00833311800856037,1,3
2,2019,23,No commercial meso (bathy) pelagic fishes,0.266174468682829,3,6
2,2019,22,Benthopelagic fishes,0.376866564166101,3,6
2,2019,25,European conger,0.0276363045637782,3,6
2,2019,46,Bathydemersal (deep sea) fish,0.657132461011604,3,6
2,2019,48,Small demersal sharks,0.453023805385518,3,6
2,2019,24,Anglerfish,0.0852482259929314,3,6
2,2019,30,Blue whiting,0.00475509036318364,3,6
2,2019,63,Norway lobster,0.00277416231725614,1,2
2,2019,59,Deep-water rose shrimp,0.00181914717554669,1,2
2,2019,40,Other commercial deep medium demersal fish,0.029925225768087,3,6
2,2019,69,Salps and other gelatinous zooplankton,0.0120907200973748,2,5
2,2021,23,No commercial meso (bathy) pelagic fishes,0.106394842101688,3,8
2,2021,45,No commercial small demersal fish,0.0379444807051414,3,8
2,2021,22,Benthopelagic fishes,0.479450711333927,3,8
2,2021,25,European conger,0.0319923370976478,3,8
2,2021,46,Bathydemersal (deep sea) fish,0.48255404696567,3,8
2,2021,70,Corals and gorgonians,7.18698772096656e-05,3,8
2,2021,48,Small demersal sharks,2.1506121785478,3,8
2,2021,63,Norway lobster,0.00843968186973821,3,8
2,2021,59,Deep-water rose shrimp,0.00358469695960082,1,2
2,2021,40,Other commercial deep medium demersal fish,0.0651411479580677,3,8
2,2021,69,Salps and other gelatinous zooplankton,0.00977565293720219,2,7
2,2006,56,Mesopelagic cephalopods,0.00378911392035265,2,5
2,2006,60,Blue and red shrimp,0.0203902891321244,2,5
2,2006,73,Suprabenthos,1.39766883490762e-06,2,5
2,2007,60,Blue and red shrimp,0.00568227674240601,2,4
2,2007,56,Mesopelagic cephalopods,6.94728788404513e-06,1,3
2,2008,60,Blue and red shrimp,0.0507371338120847,2,3
2,2008,28,Other commercial large demersal fish,0.00180126992699385,2,3
2,2009,56,Mesopelagic cephalopods,0.000160093834303749,1,4
2,2009,60,Blue and red shrimp,0.0800898363505064,2,5
2,2011,60,Blue and red shrimp,0.027319413779847,2,5
2,2012,60,Blue and red shrimp,0.0321472265661934,2,4
2,2012,56,Mesopelagic cephalopods,7.04684213472642e-05,2,4
2,2012,50,Torpedos,0.0308466123642005,1,3
2,2013,56,Mesopelagic cephalopods,0.000805069120712055,2,4
2,2013,60,Blue and red shrimp,0.0106261507357521,2,4
2,2013,32,Blackspot seabream,0.00119304262149413,2,4
2,2013,65,Other commercial decapods,0.0102400964413615,2,4
2,2014,60,Blue and red shrimp,0.0253119638116193,2,4
2,2014,64,European lobster,0.0157745293825053,1,3
2,2015,60,Blue and red shrimp,0.0275643346113825,2,5
2,2015,56,Mesopelagic cephalopods,0.000924550634887327,2,5
2,2015,63,Norway lobster,0.00501641180692487,2,5
2,2015,65,Other commercial decapods,0.00732697486320533,2,5
2,2015,40,Other commercial deep medium demersal fish,0.0742601221246878,2,5
2,2015,17,Other medium pelagic fishes,0.0055994494582302,1,4
2,2016,60,Blue and red shrimp,0.0686406289783978,2,5
2,2016,70,Corals and gorgonians,1.05311379255685e-06,1,4
2,2016,17,Other medium pelagic fishes,0.000708084878666554,1,4
2,2017,46,Bathydemersal (deep sea) fish,0.0596273588438973,2,5
2,2017,56,Mesopelagic cephalopods,0.000429011335506923,2,5
2,2017,60,Blue and red shrimp,0.0550740052996522,2,5
2,2017,32,Blackspot seabream,0.0010370190381716,2,5
2,2017,65,Other commercial decapods,0.00896922145678596,2,5
2,2017,73,Suprabenthos,8.33275808155754e-07,2,5
2,2017,69,Salps and other gelatinous zooplankton,0.0331992871978215,1,4
2,2017,17,Other medium pelagic fishes,0.00573883128477303,1,4
2,2018,60,Blue and red shrimp,0.0212259130679588,2,6
2,2018,70,Corals and gorgonians,4.22498438720185e-05,2,6
2,2018,73,Suprabenthos,1.11387282503948e-06,2,6
2,2019,56,Mesopelagic cephalopods,6.82675168917647e-05,1,3
2,2019,60,Blue and red shrimp,0.0155008610193999,2,4
2,2019,32,Blackspot seabream,0.000492965034257714,2,4
2,2019,73,Suprabenthos,2.02933830938615e-06,2,4
2,2021,56,Mesopelagic cephalopods,0.0010759295775132,2,6
2,2021,60,Blue and red shrimp,0.098786654696503,2,6
2,2021,32,Blackspot seabream,0.00165915058744149,2,6
2,2021,65,Other commercial decapods,0.0016128524276208,2,6
2,2021,50,Torpedos,0.015782570015985,1,5
5,2012,67,Other macro-benthos,0.394665694046449,6,51
5,2012,58,Benthic mollusc,0.00258089767933435,6,51
5,2012,38,Flatfishes,0.0664677465186321,7,52
5,2012,45,No commercial small demersal fish,0.0284134011137628,7,52
5,2012,37,Labridae and serranidae+,0.0482257677088261,4,35
5,2012,66,Non-commercial decapods,0.238876539206478,7,52
5,2012,76,Macroalgae,0.182161974248735,5,43
5,2012,57,Other benthic cephalopods,0.0131813763149924,7,52
5,2012,49,Rays and skates,0.236477663591835,5,43
5,2012,54,Coastal benthic cephalopods,0.0739911531554525,4,35
5,2012,31,Common pandora,0.00754306262671695,4,35
5,2012,35,Scorpaenidae,0.123399033353783,7,52
5,2012,47,Small-spotted catshark,0.0994755995916114,5,43
5,2012,41,No commercial medium demersal fish,0.0526574421997232,5,43
5,2012,39,Other commercial shallow medium demersal fish,0.0212994225219646,4,35
5,2014,67,Other macro-benthos,0.250307957408104,7,59
5,2014,38,Flatfishes,0.268453773124257,7,59
5,2014,45,No commercial small demersal fish,0.0463782964582701,7,59
5,2014,33,Sparidae+,0.368064754697173,4,37
5,2014,76,Macroalgae,0.112297543175875,5,49
5,2014,37,Labridae and serranidae+,0.031745249831447,4,37
5,2014,66,Non-commercial decapods,0.192687578489509,7,59
5,2014,49,Rays and skates,0.457093590038839,7,59
5,2014,55,Benthopelagic cephalopods,0.156711961409829,7,59
5,2014,54,Coastal benthic cephalopods,0.0586456288220761,4,37
5,2014,31,Common pandora,0.00897255870519427,4,37
5,2014,35,Scorpaenidae,0.139117933078937,7,59
5,2014,47,Small-spotted catshark,0.134120710145183,7,59
5,2014,57,Other benthic cephalopods,0.0123089089393274,7,59
5,2014,21,Other small pelagic fish,0.481407714993709,4,37
5,2014,41,No commercial medium demersal fish,0.0644894188517893,4,37
5,2014,39,Other commercial shallow medium demersal fish,0.022078929299625,5,46
5,2015,67,Other macro-benthos,0.105264814397196,5,46
5,2015,55,Benthopelagic cephalopods,0.0367812244957776,7,58
5,2015,37,Labridae and serranidae+,0.0275584218529083,4,37
5,2015,38,Flatfishes,0.0478627943143526,7,58
5,2015,45,No commercial small demersal fish,0.0485210940025116,5,46
5,2015,33,Sparidae+,0.449153011316636,5,46
5,2015,76,Macroalgae,0.00587242808492297,3,23
5,2015,66,Non-commercial decapods,0.0380689973208704,7,58
5,2015,49,Rays and skates,0.336336298680768,6,57
5,2015,57,Other benthic cephalopods,0.0111108354876812,7,58
5,2015,43,Mullets,0.00995554668593444,5,46
5,2015,54,Coastal benthic cephalopods,0.0680366830037275,4,37
5,2015,31,Common pandora,0.00180894926713679,4,37
5,2015,35,Scorpaenidae,0.0624855754709895,7,58
5,2015,47,Small-spotted catshark,0.0830436812428235,7,58
5,2015,21,Other small pelagic fish,0.21125125120187,4,37
5,2015,41,No commercial medium demersal fish,0.02813135908435,4,37
5,2015,39,Other commercial shallow medium demersal fish,0.0172659319917727,4,37
5,2015,16,Horse mackerels,3.03462150606288,7,58
5,2016,67,Other macro-benthos,0.200751634335143,7,53
5,2016,58,Benthic mollusc,0.00242890951244843,6,52
5,2016,38,Flatfishes,0.134418955886987,7,53
5,2016,45,No commercial small demersal fish,0.128378691360601,7,53
5,2016,33,Sparidae+,0.208319219824206,5,43
5,2016,66,Non-commercial decapods,0.307378495749506,7,53
5,2016,49,Rays and skates,0.413049385837894,7,53
5,2016,76,Macroalgae,0.218270125089843,4,35
5,2016,57,Other benthic cephalopods,0.0129137616350733,7,53
5,2016,10,Pelagic sharks,0.0697471928700115,2,2
5,2016,54,Coastal benthic cephalopods,0.0420522989732182,4,35
5,2016,35,Scorpaenidae,0.163135986859165,7,53
5,2016,47,Small-spotted catshark,0.102014639746531,5,43
5,2016,37,Labridae and serranidae+,0.0413246992103552,4,35
5,2016,21,Other small pelagic fish,0.215944051559049,6,45
5,2016,41,No commercial medium demersal fish,0.0435419557392525,5,43
5,2016,39,Other commercial shallow medium demersal fish,0.0178624527270179,5,43
5,2016,16,Horse mackerels,3.00308602759646,5,43
5,2017,67,Other macro-benthos,0.126786629209152,7,53
5,2017,70,Corals and gorgonians,0.000781963745262547,7,53
5,2017,38,Flatfishes,0.150692974442563,7,53
5,2017,45,No commercial small demersal fish,0.049748303083604,7,53
5,2017,66,Non-commercial decapods,0.0659710178523052,7,53
5,2017,76,Macroalgae,0.22744397614275,6,52
5,2017,35,Scorpaenidae,0.206930309900835,7,53
5,2017,57,Other benthic cephalopods,0.0192239308577819,7,53
5,2017,55,Benthopelagic cephalopods,0.030651235590774,7,53
5,2017,49,Rays and skates,0.607015789298441,7,53
5,2017,54,Coastal benthic cephalopods,0.17428620539038,6,52
5,2017,31,Common pandora,0.0128481615707023,6,52
5,2017,47,Small-spotted catshark,0.168087762543531,7,53
5,2017,37,Labridae and serranidae+,0.0809676408539152,6,52
5,2017,41,No commercial medium demersal fish,0.056819225239152,7,53
5,2017,39,Other commercial shallow medium demersal fish,0.0202674366817601,6,52
5,2017,58,Benthic mollusc,0.00531060443336939,7,53
5,2021,38,Flatfishes,0.103983452582341,7,96
5,2021,67,Other macro-benthos,0.105062796987735,7,96
5,2021,76,Macroalgae,0.121960515151522,5,75
5,2021,66,Non-commercial decapods,0.217270968276874,7,96
5,2021,55,Benthopelagic cephalopods,0.0709524432207433,7,96
5,2021,49,Rays and skates,0.490276416466758,6,95
5,2021,54,Coastal benthic cephalopods,0.0426378130945268,5,74
5,2021,31,Common pandora,0.0155981253634168,4,52
5,2021,18,Sardine,0.3350844885841,4,52
5,2021,35,Scorpaenidae,0.110091277656183,7,96
5,2021,47,Small-spotted catshark,0.0959241375280179,7,96
5,2021,57,Other benthic cephalopods,0.00514873455067497,7,96
5,2021,37,Labridae and serranidae+,0.0318162196637049,5,74
5,2021,21,Other small pelagic fish,0.157553867457883,5,74
5,2021,41,No commercial medium demersal fish,0.0371728378371335,4,52
5,2021,39,Other commercial shallow medium demersal fish,0.0178037654053058,5,74
5,2021,16,Horse mackerels,0.705182285097909,7,96
5,2012,74,Posidonia,0.0198596619997644,2,20
5,2014,58,Benthic mollusc,0.00646722099924226,5,57
5,2016,43,Mullets,0.01127373630587,4,42
5,2016,74,Posidonia,0.0288506627055293,2,20
5,2017,74,Posidonia,0.00464153151078959,2,14
5,2021,45,No commercial small demersal fish,0.156521537301275,6,95
5,2021,58,Benthic mollusc,0.00330901701268628,5,94
5,2021,74,Posidonia,0.0128855762840153,2,31
5,2007,66,Non-commercial decapods,0.24197247809357,5,56
5,2007,55,Benthopelagic cephalopods,0.0617123185330486,5,56
5,2007,37,Labridae and serranidae+,0.0553592003067069,3,46
5,2007,58,Benthic mollusc,0.000766307993800111,4,55
5,2007,46,Bathydemersal (deep sea) fish,0.456813014405313,5,56
5,2007,38,Flatfishes,0.0625040261066135,5,56
5,2007,45,No commercial small demersal fish,0.0311450594917715,3,46
5,2007,33,Sparidae+,0.427767248907785,4,55
5,2007,41,No commercial medium demersal fish,0.0386045896401039,3,46
5,2007,35,Scorpaenidae,0.11196686509742,5,56
5,2007,25,European conger,0.0408307069510633,4,45
5,2007,49,Rays and skates,0.249038811133311,3,46
5,2007,57,Other benthic cephalopods,0.0202610934051512,5,56
5,2007,19,Anchovy,0.0509461030837057,2,35
5,2007,40,Other commercial deep medium demersal fish,0.0640432872364941,5,56
5,2007,44,Commercial small demersal fish,9.55078516815434e-05,1,21
5,2007,24,Anglerfish,0.063113890424597,5,56
5,2007,26,European hake juv.,0.0672060070979355,5,56
5,2007,43,Mullets,0.102485539895458,3,46
5,2007,48,Small demersal sharks,0.344488970040333,5,56
5,2007,54,Coastal benthic cephalopods,0.0514078203012874,2,35
5,2007,32,Blackspot seabream,0.000303714408977956,3,46
5,2007,31,Common pandora,0.0100810437011039,2,35
5,2007,64,European lobster,0.00168189987355482,2,35
5,2007,67,Other macro-benthos,0.00253297213039909,3,46
5,2007,39,Other commercial shallow medium demersal fish,0.0258465667332102,3,46
5,2007,18,Sardine,0.83950293623001,2,35
5,2007,20,Round sardinella,0.0184208093620228,2,35
5,2007,47,Small-spotted catshark,0.0926543017127185,3,46
5,2007,21,Other small pelagic fish,0.19888102546133,2,35
5,2007,50,Torpedos,0.000380806440931148,2,35
5,2007,16,Horse mackerels,5.07701987648678,5,56
5,2007,29,Poor cod,0.00683933671697569,3,46
5,2008,58,Benthic mollusc,0.000277060812374338,4,55
5,2008,55,Benthopelagic cephalopods,0.0152934434135356,5,56
5,2008,37,Labridae and serranidae+,0.0244966035984713,3,44
5,2008,44,Commercial small demersal fish,7.58340456654055e-06,2,34
5,2008,38,Flatfishes,0.0282055074280711,5,56
5,2008,66,Non-commercial decapods,0.214919337481425,5,56
5,2008,45,No commercial small demersal fish,0.111094148946905,5,56
5,2008,33,Sparidae+,0.384898804902814,4,55
5,2008,41,No commercial medium demersal fish,0.0168304751626094,2,34
5,2008,35,Scorpaenidae,0.0569248378384043,5,56
5,2008,49,Rays and skates,0.178377516103208,4,55
5,2008,57,Other benthic cephalopods,0.00899843669522652,5,56
5,2008,73,Suprabenthos,6.61060046420074e-06,5,56
5,2008,24,Anglerfish,0.046827349204415,5,56
5,2008,26,European hake juv.,0.0434897125266715,5,56
5,2008,28,Other commercial large demersal fish,0.000742069215212676,4,42
5,2008,43,Mullets,0.0402137869969392,3,44
5,2008,48,Small demersal sharks,0.135973530188802,5,56
5,2008,54,Coastal benthic cephalopods,0.0701640708762444,2,34
5,2008,31,Common pandora,0.00604083504235185,2,34
5,2008,65,Other commercial decapods,0.000413265006308476,3,32
5,2008,67,Other macro-benthos,0.00294394272460735,3,44
5,2008,39,Other commercial shallow medium demersal fish,0.0296508108981278,3,44
5,2008,18,Sardine,0.290148858097745,2,34
5,2008,20,Round sardinella,0.0389784475901649,2,34
5,2008,47,Small-spotted catshark,0.0732082154773753,3,44
5,2008,21,Other small pelagic fish,0.124073796988155,3,44
5,2008,16,Horse mackerels,3.06388633096226,5,56
5,2008,29,Poor cod,0.00148589757804385,2,34
5,2009,66,Non-commercial decapods,0.164830544963779,5,56
5,2009,55,Benthopelagic cephalopods,0.0630636210501224,5,56
5,2009,37,Labridae and serranidae+,0.0260045979544458,2,34
5,2009,44,Commercial small demersal fish,0.0695235685030289,1,20
5,2009,58,Benthic mollusc,0.000697551098793019,5,56
5,2009,38,Flatfishes,0.0380722697902685,5,56
5,2009,45,No commercial small demersal fish,0.0734474795866481,5,56
5,2009,33,Sparidae+,0.236213221212285,3,44
5,2009,41,No commercial medium demersal fish,0.0122091182567092,2,34
5,2009,35,Scorpaenidae,0.0831578514641822,5,56
5,2009,49,Rays and skates,0.195428956381283,5,56
5,2009,34,Common dentex,0.00367082464935536,1,20
5,2009,57,Other benthic cephalopods,0.0187622877916127,5,56
5,2009,24,Anglerfish,0.0386181139489354,5,56
5,2009,65,Other commercial decapods,3.79157193662379e-05,2,30
5,2009,26,European hake juv.,0.053634225951955,5,56
5,2009,11,Non-commercial large pelagic fishes,0.0634390485213939,1,20
5,2009,43,Mullets,0.147339582202678,3,44
5,2009,48,Small demersal sharks,0.170215027160504,5,56
5,2009,54,Coastal benthic cephalopods,0.0308843441335894,2,34
5,2009,31,Common pandora,0.00433363551808294,2,34
5,2009,64,European lobster,0.000811070544832373,3,44
5,2009,67,Other macro-benthos,0.0024621151851034,3,44
5,2009,21,Other small pelagic fish,0.376957645380525,3,44
5,2009,18,Sardine,0.0899657108302971,2,34
5,2009,20,Round sardinella,0.00262148204066858,2,34
5,2009,15,Mackerels,0.000863391025435288,1,20
5,2009,47,Small-spotted catshark,0.0642792546542403,3,44
5,2009,39,Other commercial shallow medium demersal fish,0.0292854956098322,3,44
5,2009,16,Horse mackerels,1.5336357669422,5,56
5,2009,29,Poor cod,0.000584430072453791,2,34
5,2010,66,Non-commercial decapods,0.140839702087662,5,51
5,2010,58,Benthic mollusc,0.000771820174757728,4,50
5,2010,55,Benthopelagic cephalopods,0.192723494035502,5,51
5,2010,37,Labridae and serranidae+,0.046596751354532,3,42
5,2010,38,Flatfishes,0.0595255899484755,5,51
5,2010,45,No commercial small demersal fish,0.113707387872985,5,51
5,2010,33,Sparidae+,0.384833408326515,3,42
5,2010,54,Coastal benthic cephalopods,0.0746730654869594,2,34
5,2010,41,No commercial medium demersal fish,0.0330949076216108,3,42
5,2010,35,Scorpaenidae,0.102605433106278,5,51
5,2010,25,European conger,0.0146714447079574,5,51
5,2010,49,Rays and skates,0.195916365306567,5,51
5,2010,57,Other benthic cephalopods,0.0180847548258195,5,51
5,2010,19,Anchovy,0.0197808808473806,2,34
5,2010,44,Commercial small demersal fish,1.57095917989187e-06,1,20
5,2010,73,Suprabenthos,3.01306093244422e-06,4,37
5,2010,24,Anglerfish,0.0775265563074828,5,51
5,2010,26,European hake juv.,0.0542364749810256,5,51
5,2010,43,Mullets,0.0226185345523487,3,42
5,2010,48,Small demersal sharks,0.300445995371162,5,51
5,2010,31,Common pandora,0.00470634236946669,2,34
5,2010,67,Other macro-benthos,0.00336366980455201,3,42
5,2010,18,Sardine,0.612448685809066,2,34
5,2010,20,Round sardinella,0.0349813974507383,1,20
5,2010,47,Small-spotted catshark,0.0782618764706605,3,42
5,2010,21,Other small pelagic fish,0.0845637630698148,3,42
5,2010,39,Other commercial shallow medium demersal fish,0.0134762537387432,3,42
5,2010,16,Horse mackerels,1.9858972746597,5,51
5,2010,29,Poor cod,0.0012944192999718,2,34
5,2011,55,Benthopelagic cephalopods,0.0928835665422992,5,57
5,2011,66,Non-commercial decapods,0.185907890531348,5,57
5,2011,58,Benthic mollusc,0.000601506571747908,4,56
5,2011,37,Labridae and serranidae+,0.048094340818053,2,36
5,2011,38,Flatfishes,0.0482723467567422,5,57
5,2011,45,No commercial small demersal fish,0.0621514607288717,5,57
5,2011,33,Sparidae+,0.287015335848813,3,46
5,2011,41,No commercial medium demersal fish,0.0255422289416725,2,36
5,2011,35,Scorpaenidae,0.109523960158297,5,57
5,2011,25,European conger,0.00400045433839094,4,42
5,2011,49,Rays and skates,0.261322328093193,5,57
5,2011,57,Other benthic cephalopods,0.0201998664799758,5,57
5,2011,19,Anchovy,0.129694087924749,2,36
5,2011,71,Macro zooplankton,7.46410160491146e-07,4,42
5,2011,73,Suprabenthos,3.02131930062056e-06,4,42
5,2011,24,Anglerfish,0.0525668076812,5,57
5,2011,26,European hake juv.,0.0470851515003508,5,57
5,2011,43,Mullets,0.0390457033601721,3,46
5,2011,48,Small demersal sharks,0.363220874725421,5,57
5,2011,54,Coastal benthic cephalopods,0.0766884077060826,2,36
5,2011,31,Common pandora,0.00350163967583811,2,36
5,2011,64,European lobster,0.000343818551125504,1,21
5,2011,67,Other macro-benthos,0.00614767333636899,3,46
5,2011,39,Other commercial shallow medium demersal fish,0.0161391943013659,3,46
5,2011,18,Sardine,1.42561610299491,2,36
5,2011,20,Round sardinella,0.0655764195055636,1,21
5,2011,47,Small-spotted catshark,0.0765192533219967,3,46
5,2011,21,Other small pelagic fish,0.122298768792777,3,46
5,2011,16,Horse mackerels,1.71310715215774,5,57
5,2011,29,Poor cod,0.0010062074846804,3,46
5,2012,70,Corals and gorgonians,4.5677406824492e-05,2,33
5,2012,55,Benthopelagic cephalopods,0.0602282699670553,5,50
5,2012,46,Bathydemersal (deep sea) fish,0.168294503994259,5,50
5,2012,33,Sparidae+,0.263382270203998,3,41
5,2012,19,Anchovy,0.306636973839493,2,33
5,2012,44,Commercial small demersal fish,0.0100306989909059,1,19
5,2012,24,Anglerfish,0.0485134064658369,5,50
5,2012,26,European hake juv.,0.0724836184791801,5,50
5,2012,43,Mullets,0.0206676029441268,3,41
5,2012,48,Small demersal sharks,0.321711263810456,5,50
5,2012,64,European lobster,0.00301977219760771,2,33
5,2012,68,Jellyfish,0.0246932549834378,5,50
5,2012,69,Salps and other gelatinous zooplankton,0.000650506705358945,3,35
5,2012,18,Sardine,0.072727531750673,3,41
5,2012,20,Round sardinella,0.000633588218757019,2,33
5,2012,21,Other small pelagic fish,0.112822494622934,2,33
5,2012,50,Torpedos,0.00212130913975029,1,19
5,2012,16,Horse mackerels,0.212114002798394,4,49
5,2012,29,Poor cod,0.00147367742769164,2,33
5,2013,67,Other macro-benthos,0.0808532554301165,5,54
5,2013,66,Non-commercial decapods,0.0838691444048438,5,54
5,2013,58,Benthic mollusc,0.000426552645759397,4,53
5,2013,70,Corals and gorgonians,4.04264598865545e-05,2,36
5,2013,55,Benthopelagic cephalopods,0.0684712954887401,5,54
5,2013,37,Labridae and serranidae+,0.0155767251403281,2,36
5,2013,38,Flatfishes,0.0351957477702714,5,54
5,2013,45,No commercial small demersal fish,0.0531301757994445,5,54
5,2013,33,Sparidae+,0.142004809600089,3,45
5,2013,41,No commercial medium demersal fish,0.0155928896056911,2,36
5,2013,35,Scorpaenidae,0.0635839019054789,5,54
5,2013,76,Macroalgae,0.0460177410946415,4,53
5,2013,25,European conger,0.0257524530417805,4,40
5,2013,49,Rays and skates,0.183997843239655,3,45
5,2013,57,Other benthic cephalopods,0.0103739184787182,5,54
5,2013,19,Anchovy,0.407690977180245,2,36
5,2013,44,Commercial small demersal fish,0.000406658031618617,1,22
5,2013,56,Mesopelagic cephalopods,0.0132025598460046,4,40
5,2013,24,Anglerfish,0.0352593265743248,5,54
5,2013,71,Macro zooplankton,6.90761087967675e-05,4,40
5,2013,26,European hake juv.,0.0944187761761301,5,54
5,2013,43,Mullets,0.00983256155211878,3,45
5,2013,48,Small demersal sharks,0.148679276689798,5,54
5,2013,54,Coastal benthic cephalopods,0.0515111956335293,2,36
5,2013,31,Common pandora,0.00276302213753594,2,36
5,2013,64,European lobster,0.00270157022590271,2,36
5,2013,68,Jellyfish,0.577188917988766,5,54
5,2013,74,Posidonia,0.000214895824092977,1,22
5,2013,18,Sardine,0.323975441355463,2,36
5,2013,20,Round sardinella,0.00178460241706675,1,22
5,2013,47,Small-spotted catshark,0.0526550622304046,3,45
5,2013,21,Other small pelagic fish,0.0999943446056206,2,36
5,2013,39,Other commercial shallow medium demersal fish,0.0127319881592525,3,45
5,2013,16,Horse mackerels,0.244790248722222,3,45
5,2014,70,Corals and gorgonians,0.000247421963180042,5,57
5,2014,73,Suprabenthos,8.36422195012567e-06,5,57
5,2014,46,Bathydemersal (deep sea) fish,0.180279597483372,5,57
5,2014,25,European conger,0.0170196567689964,5,57
5,2014,19,Anchovy,0.1193314167957,2,35
5,2014,40,Other commercial deep medium demersal fish,0.0503797048717677,5,57
5,2014,44,Commercial small demersal fish,0.00559750605039308,1,21
5,2014,24,Anglerfish,0.0326953698883784,5,57
5,2014,26,European hake juv.,0.0781285961665725,5,57
5,2014,43,Mullets,0.0230566214264569,3,44
5,2014,48,Small demersal sharks,0.144867828536762,5,57
5,2014,64,European lobster,0.000786344919150822,1,21
5,2014,68,Jellyfish,0.242213064977088,5,57
5,2014,69,Salps and other gelatinous zooplankton,0.0400148641706641,4,56
5,2014,18,Sardine,0.403773562150139,2,35
5,2014,20,Round sardinella,0.0627027581011174,2,35
5,2014,16,Horse mackerels,3.4610102552602,5,57
5,2014,29,Poor cod,0.00129879508136208,2,35
5,2015,58,Benthic mollusc,0.00203004194151598,3,40
5,2015,25,European conger,0.0121126179884119,4,46
5,2015,19,Anchovy,0.943854844937358,2,34
5,2015,46,Bathydemersal (deep sea) fish,0.10133540951554,5,55
5,2015,44,Commercial small demersal fish,0.0379353017066088,1,20
5,2015,24,Anglerfish,0.0162057907439304,3,43
5,2015,26,European hake juv.,0.043140193674242,5,55
5,2015,48,Small demersal sharks,0.10689145762904,5,55
5,2015,32,Blackspot seabream,0.000414869088864079,2,29
5,2015,64,European lobster,0.0066793966283038,2,34
5,2015,68,Jellyfish,0.0402909253689178,2,34
5,2015,18,Sardine,0.152067630116504,2,34
5,2015,17,Other medium pelagic fishes,0.00194820051080902,1,20
5,2015,29,Poor cod,0.00160483436749444,3,43
5,2016,70,Corals and gorgonians,0.000532967546373559,3,41
5,2016,55,Benthopelagic cephalopods,0.029874922475266,5,51
5,2016,46,Bathydemersal (deep sea) fish,0.231472985120094,5,51
5,2016,25,European conger,0.0199657876275973,5,51
5,2016,19,Anchovy,0.35847136898505,2,33
5,2016,44,Commercial small demersal fish,0.0460732994598124,1,19
5,2016,73,Suprabenthos,1.02773939522431e-05,4,37
5,2016,24,Anglerfish,0.101487039585354,5,51
5,2016,71,Macro zooplankton,1.00563724658869e-06,4,37
5,2016,26,European hake juv.,0.0377795810780111,5,51
5,2016,48,Small demersal sharks,0.251770312386759,5,51
5,2016,31,Common pandora,0.00626645390771612,2,33
5,2016,64,European lobster,0.00064838530175699,1,19
5,2016,68,Jellyfish,0.306563548358908,5,51
5,2016,18,Sardine,0.0623835999923557,2,33
5,2016,20,Round sardinella,0.00305867445546312,1,19
5,2016,15,Mackerels,0.000163209068604669,2,33
5,2016,50,Torpedos,0.000615065377472553,2,33
5,2016,29,Poor cod,0.000869240936097138,2,33
5,2017,56,Mesopelagic cephalopods,0.00187774208491082,4,44
5,2017,23,No commercial meso (bathy) pelagic fishes,0.0199821773045266,4,44
5,2017,46,Bathydemersal (deep sea) fish,0.146074374703674,5,51
5,2017,61,Giant red shrimp,0.000118289173574046,2,33
5,2017,60,Blue and red shrimp,0.0242488046571755,4,44
5,2017,33,Sparidae+,0.255515637389032,4,50
5,2017,48,Small demersal sharks,0.0281223214257563,4,44
5,2017,22,Benthopelagic fishes,0.0173811272815054,4,44
5,2017,25,European conger,0.00081921626234969,4,44
5,2017,21,Other small pelagic fish,0.933521398620504,4,50
5,2017,19,Anchovy,0.644357433179806,4,50
5,2017,40,Other commercial deep medium demersal fish,0.0167038965748338,4,44
5,2017,10,Pelagic sharks,0.000816495342067396,1,20
5,2017,44,Commercial small demersal fish,0.000228882166759777,4,50
5,2017,24,Anglerfish,0.0287518518390495,5,51
5,2017,71,Macro zooplankton,3.58001965897307e-07,4,44
5,2017,26,European hake juv.,0.0867290267249568,5,51
5,2017,30,Blue whiting,0.00112163216808955,2,33
5,2017,28,Other commercial large demersal fish,0.000757604610381641,4,44
5,2017,43,Mullets,0.148965602632304,4,50
5,2017,63,Norway lobster,0.00164799129886153,2,33
5,2017,64,European lobster,0.0101905147059724,3,40
5,2017,59,Deep-water rose shrimp,0.00574475657132654,4,44
5,2017,68,Jellyfish,0.850877545828524,5,51
5,2017,73,Suprabenthos,2.0331274590573e-07,2,33
5,2017,69,Salps and other gelatinous zooplankton,0.0174708246414626,3,43
5,2017,18,Sardine,0.305715607250515,4,50
5,2017,50,Torpedos,0.000934591456499593,3,40
5,2017,16,Horse mackerels,6.14602779615047,5,51
5,2017,29,Poor cod,0.000183476144175084,2,33
5,2018,67,Other macro-benthos,0.0610269653990756,5,52
5,2018,58,Benthic mollusc,0.00329147198034492,4,51
5,2018,70,Corals and gorgonians,0.000263723358802564,3,43
5,2018,55,Benthopelagic cephalopods,0.0580626623284278,5,52
5,2018,37,Labridae and serranidae+,0.0454354313672231,2,34
5,2018,44,Commercial small demersal fish,0.000138809265892977,1,20
5,2018,38,Flatfishes,0.0925470745297925,5,52
5,2018,66,Non-commercial decapods,0.163094590460382,5,52
5,2018,45,No commercial small demersal fish,0.0733414836203164,5,52
5,2018,33,Sparidae+,0.365142734368829,3,43
5,2018,76,Macroalgae,0.0730478538966036,3,43
5,2018,41,No commercial medium demersal fish,0.0311282416624148,2,34
5,2018,35,Scorpaenidae,0.158690971257862,5,52
5,2018,25,European conger,0.016704014147236,5,52
5,2018,49,Rays and skates,0.218371433328103,3,43
5,2018,57,Other benthic cephalopods,0.0110691304974282,5,52
5,2018,19,Anchovy,0.637601389651213,2,34
5,2018,10,Pelagic sharks,0.00751250332590574,1,20
5,2018,46,Bathydemersal (deep sea) fish,0.707253777984949,5,52
5,2018,40,Other commercial deep medium demersal fish,0.089457538876095,5,52
5,2018,73,Suprabenthos,2.56396285310242e-06,4,38
5,2018,24,Anglerfish,0.0608811386893144,5,52
5,2018,26,European hake juv.,0.0816404180247299,5,52
5,2018,43,Mullets,0.0618468676152615,3,43
5,2018,48,Small demersal sharks,0.278252667050569,5,52
5,2018,54,Coastal benthic cephalopods,0.101883450780853,3,43
5,2018,31,Common pandora,0.00624566607523873,2,34
5,2018,64,European lobster,0.00678322035290973,3,43
5,2018,68,Jellyfish,0.535293234824682,5,52
5,2018,74,Posidonia,1.63606924139485e-06,1,20
5,2018,18,Sardine,0.0378822910681738,2,34
5,2018,20,Round sardinella,0.00418625133426278,1,20
5,2018,47,Small-spotted catshark,0.0700984323216236,3,43
5,2018,21,Other small pelagic fish,0.100247485838362,2,34
5,2018,50,Torpedos,0.000718526743671583,3,43
5,2018,39,Other commercial shallow medium demersal fish,0.0138270121620982,3,43
5,2018,16,Horse mackerels,2.36282498911826,4,51
5,2018,29,Poor cod,0.000233273175771136,3,43
5,2019,67,Other macro-benthos,0.124572562865424,5,52
5,2019,58,Benthic mollusc,0.00404345292718311,4,51
5,2019,70,Corals and gorgonians,0.000522579634531183,5,52
5,2019,55,Benthopelagic cephalopods,0.0688972606876577,5,52
5,2019,37,Labridae and serranidae+,0.0341558431326335,2,34
5,2019,46,Bathydemersal (deep sea) fish,0.522325974557341,5,52
5,2019,38,Flatfishes,0.09218116832696,5,52
5,2019,66,Non-commercial decapods,0.208402199076995,5,52
5,2019,45,No commercial small demersal fish,0.061190928156295,3,43
5,2019,33,Sparidae+,0.329379224679466,3,43
5,2019,76,Macroalgae,0.0987390355119285,3,43
5,2019,35,Scorpaenidae,0.124607348030895,5,52
5,2019,49,Rays and skates,0.209029943771179,4,51
5,2019,41,No commercial medium demersal fish,0.0177350415714922,2,34
5,2019,57,Other benthic cephalopods,0.0123723124813148,5,52
5,2019,19,Anchovy,0.401656816923359,2,34
5,2019,40,Other commercial deep medium demersal fish,0.0828617133972133,5,52
5,2019,44,Commercial small demersal fish,0.0411340070406855,1,20
5,2019,73,Suprabenthos,1.09946964698661e-06,4,38
5,2019,24,Anglerfish,0.0340357016499769,5,52
5,2019,65,Other commercial decapods,4.15477075664256e-06,1,20
5,2019,26,European hake juv.,0.0498994053106237,5,52
5,2019,43,Mullets,0.0380660805785371,3,43
5,2019,48,Small demersal sharks,0.266842039271655,4,38
5,2019,54,Coastal benthic cephalopods,0.0459942696222904,2,34
5,2019,31,Common pandora,0.00915170452266153,2,34
5,2019,64,European lobster,0.00483081646612427,2,34
5,2019,68,Jellyfish,0.277114909502976,5,52
5,2019,74,Posidonia,1.47461342913876e-06,1,20
5,2019,69,Salps and other gelatinous zooplankton,0.00178193178408006,4,51
5,2019,18,Sardine,0.120400275844696,2,34
5,2019,20,Round sardinella,0.0276257122895131,2,34
5,2019,15,Mackerels,0.000158775446108578,1,20
5,2019,47,Small-spotted catshark,0.0675522636358308,3,43
5,2019,21,Other small pelagic fish,0.138055797281541,2,34
5,2019,50,Torpedos,0.000693901424249476,2,34
5,2019,39,Other commercial shallow medium demersal fish,0.0144988476577257,3,43
5,2019,16,Horse mackerels,0.883758567382172,5,52
5,2020,76,Macroalgae,0.100504527866183,2,29
5,2020,66,Non-commercial decapods,0.311125736297124,5,55
5,2020,58,Benthic mollusc,0.00495350028190125,4,54
5,2020,70,Corals and gorgonians,0.00046825122888274,3,42
5,2020,55,Benthopelagic cephalopods,0.055643086810497,5,55
5,2020,67,Other macro-benthos,0.0681606013405644,5,55
5,2020,37,Labridae and serranidae+,0.0286418843322666,2,33
5,2020,46,Bathydemersal (deep sea) fish,0.307623433180967,5,55
5,2020,38,Flatfishes,0.0782402484411157,5,55
5,2020,45,No commercial small demersal fish,0.112558763986636,5,55
5,2020,33,Sparidae+,0.208602549178017,4,54
5,2020,35,Scorpaenidae,0.146116535369417,5,55
5,2020,25,European conger,0.0298750079594421,4,42
5,2020,49,Rays and skates,0.343574420442415,5,55
5,2020,41,No commercial medium demersal fish,0.0189546526513707,2,33
5,2020,57,Other benthic cephalopods,0.00701241902080019,5,55
5,2020,19,Anchovy,0.654492845488995,2,33
5,2020,44,Commercial small demersal fish,0.00212170087976701,1,20
5,2020,24,Anglerfish,0.060179575891212,5,55
5,2020,26,European hake juv.,0.0509805768109757,5,55
5,2020,43,Mullets,0.0510117915992669,3,42
5,2020,48,Small demersal sharks,0.853301914679503,5,55
5,2020,54,Coastal benthic cephalopods,0.0370322373992388,2,33
5,2020,31,Common pandora,0.00655216203442359,2,33
5,2020,64,European lobster,0.00344747394394363,2,33
5,2020,68,Jellyfish,0.0374341494136356,5,55
5,2020,74,Posidonia,0.000537645865879048,1,20
5,2020,69,Salps and other gelatinous zooplankton,0.0129144989390361,4,54
5,2020,18,Sardine,0.0544948682381529,2,33
5,2020,20,Round sardinella,0.00502852950193122,2,33
5,2020,15,Mackerels,0.000331510910880271,2,33
5,2020,47,Small-spotted catshark,0.0782877894470251,3,42
5,2020,21,Other small pelagic fish,0.141648230693474,3,45
5,2020,50,Torpedos,0.00159158088368862,3,42
5,2020,39,Other commercial shallow medium demersal fish,0.0118975983379631,3,42
5,2020,16,Horse mackerels,1.13056460257384,3,42
5,2021,70,Corals and gorgonians,0.000220869496778244,4,93
5,2021,44,Commercial small demersal fish,0.000125294031782135,1,30
5,2021,33,Sparidae+,0.635721821131421,4,93
5,2021,19,Anchovy,0.206736210985669,2,50
5,2021,24,Anglerfish,0.0457790125479858,5,94
5,2021,26,European hake juv.,0.0293606749131041,5,94
5,2021,43,Mullets,0.049664885279171,3,72
5,2021,48,Small demersal sharks,0.480572050533931,5,94
5,2021,64,European lobster,0.00347572084168339,2,50
5,2021,68,Jellyfish,0.2419814009411,5,94
5,2021,69,Salps and other gelatinous zooplankton,0.00456996402361766,4,93
5,2021,20,Round sardinella,0.0139892465220394,1,30
5,2021,15,Mackerels,0.00812633127255216,2,50
5,2021,17,Other medium pelagic fishes,0.000176077693894077,1,30
5,2021,50,Torpedos,0.00133925642340058,3,72
5,2021,29,Poor cod,0.00209879801066854,2,50
5,1995,55,Benthopelagic cephalopods,0.0442578846213908,4,5
5,1995,38,Flatfishes,0.0627732878895817,4,5
5,1995,45,No commercial small demersal fish,0.00112514387066799,2,2
5,1995,33,Sparidae+,0.260919575414566,1,1
5,1995,58,Benthic mollusc,0.000709083191940645,1,1
5,1995,35,Scorpaenidae,0.0660242874637178,4,5
5,1995,57,Other benthic cephalopods,0.0123575143942919,4,5
5,1995,24,Anglerfish,0.0521812538641455,4,5
5,1995,66,Non-commercial decapods,0.294406390744118,4,5
5,1995,26,European hake juv.,0.00839647906099352,2,2
5,1995,43,Mullets,0.0517391538970144,1,1
5,1995,23,No commercial meso (bathy) pelagic fishes,0.0292095831588391,4,5
5,1995,49,Rays and skates,0.250986551410518,3,4
5,1995,18,Sardine,0.0918566584165534,1,1
5,1995,47,Small-spotted catshark,0.0149914831727396,2,2
5,1995,37,Labridae and serranidae+,0.0162896381932277,1,1
5,1995,21,Other small pelagic fish,0.27984763049904,1,1
5,1995,41,No commercial medium demersal fish,0.00834295485517253,2,2
5,1995,16,Horse mackerels,1.11256946537988,2,2
5,1995,39,Other commercial shallow medium demersal fish,0.0302820197181797,1,1
5,1999,55,Benthopelagic cephalopods,0.0253951292286708,4,5
5,1999,38,Flatfishes,0.0259798622686142,4,5
5,1999,45,No commercial small demersal fish,0.000269706493600167,2,2
5,1999,33,Sparidae+,0.0654379578460007,1,1
5,1999,35,Scorpaenidae,0.0185905573955752,2,2
5,1999,57,Other benthic cephalopods,0.00874295087294748,4,5
5,1999,49,Rays and skates,0.0446146616267323,1,1
5,1999,66,Non-commercial decapods,0.267245215051064,4,5
5,1999,43,Mullets,0.0116368789947554,1,1
5,1999,23,No commercial meso (bathy) pelagic fishes,0.239085827377051,4,5
5,1999,54,Coastal benthic cephalopods,0.00224386757453936,1,1
5,1999,47,Small-spotted catshark,0.00451521909137405,1,1
5,1999,37,Labridae and serranidae+,0.00351502203759157,1,1
5,1999,21,Other small pelagic fish,0.0848943125395703,1,1
5,1999,41,No commercial medium demersal fish,0.00283927466687526,1,1
5,1999,16,Horse mackerels,0.243276644616195,2,3
5,2001,55,Benthopelagic cephalopods,0.0139032793374546,4,9
5,2001,38,Flatfishes,0.0794687913259936,4,9
5,2001,45,No commercial small demersal fish,0.0264390698266409,4,9
5,2001,33,Sparidae+,0.0182083227272059,2,6
5,2001,35,Scorpaenidae,0.0924535640088176,2,6
5,2001,66,Non-commercial decapods,0.201996075104845,4,9
5,2001,49,Rays and skates,0.145774650536802,2,6
5,2001,26,European hake juv.,0.0207635223045152,2,6
5,2001,43,Mullets,0.00593453438717782,2,6
5,2001,32,Blackspot seabream,0.00090766008719206,2,6
5,2001,57,Other benthic cephalopods,0.0215297968218782,4,9
5,2001,58,Benthic mollusc,6.2456338873277e-06,2,6
5,2001,47,Small-spotted catshark,0.0233400818159379,2,6
5,2001,37,Labridae and serranidae+,0.00884605890469388,1,1
5,2001,21,Other small pelagic fish,0.133796640933495,1,1
5,2001,48,Small demersal sharks,0.184315972165744,4,9
5,2001,41,No commercial medium demersal fish,0.00616459729920855,1,1
5,2001,16,Horse mackerels,1.1426518464359,2,6
5,2004,55,Benthopelagic cephalopods,0.0096614855457589,2,3
5,2004,66,Non-commercial decapods,0.188517423327263,4,6
5,2004,38,Flatfishes,0.0213326442899998,2,3
5,2004,35,Scorpaenidae,0.0306828384767255,4,6
5,2004,57,Other benthic cephalopods,0.00801586047754369,4,6
5,2004,49,Rays and skates,0.180232822937492,2,3
5,2004,26,European hake juv.,0.0177543741169748,2,3
5,2004,47,Small-spotted catshark,0.0408124431905131,2,3
5,2004,37,Labridae and serranidae+,0.00317951747966926,1,1
5,2004,21,Other small pelagic fish,0.000467856926437819,1,1
5,2004,41,No commercial medium demersal fish,0.0071610754046605,1,1
5,2004,16,Horse mackerels,1.63990059670508,3,5
5,2006,55,Benthopelagic cephalopods,0.0181869680678762,2,5
5,2006,56,Mesopelagic cephalopods,0.000131329317920396,2,5
5,2006,38,Flatfishes,0.0533515858144066,2,5
5,2006,45,No commercial small demersal fish,0.0130185249948779,2,5
5,2006,35,Scorpaenidae,0.0775209211023026,2,5
5,2006,66,Non-commercial decapods,0.00464927289481178,2,5
5,2006,57,Other benthic cephalopods,0.0170103476574608,2,5
5,2006,49,Rays and skates,0.230896628161842,2,5
5,2006,26,European hake juv.,0.0376050204346221,2,5
5,2006,67,Other macro-benthos,0.000296619253563432,2,5
5,2006,47,Small-spotted catshark,0.0953745598852618,2,5
5,2006,37,Labridae and serranidae+,0.00374122967101109,1,1
5,2006,41,No commercial medium demersal fish,0.031854672923464,1,1
5,2007,22,Benthopelagic fishes,0.0620182652142392,4,35
5,2007,59,Deep-water rose shrimp,0.000517096779631772,2,25
5,2007,13,Swordfish,0.0256835902934668,1,14
5,2008,46,Bathydemersal (deep sea) fish,0.152421891360444,4,36
5,2008,25,European conger,0.00947529298110326,4,36
5,2008,19,Anchovy,6.71145991271281e-05,1,14
5,2008,23,No commercial meso (bathy) pelagic fishes,0.0806351674706396,4,36
5,2008,56,Mesopelagic cephalopods,0.0124026626223523,4,36
5,2008,40,Other commercial deep medium demersal fish,0.0422312648428616,4,36
5,2009,46,Bathydemersal (deep sea) fish,0.242314123754634,4,36
5,2009,25,European conger,0.0215206584582685,4,36
5,2009,23,No commercial meso (bathy) pelagic fishes,0.161604171383307,4,36
5,2009,30,Blue whiting,0.0146991988618951,4,36
5,2009,59,Deep-water rose shrimp,0.0014712777792547,2,24
5,2009,73,Suprabenthos,3.70433242463945e-06,4,36
5,2009,40,Other commercial deep medium demersal fish,0.0455825039062981,4,36
5,2009,50,Torpedos,4.79043465368466e-05,1,14
5,2010,46,Bathydemersal (deep sea) fish,0.172463290099126,4,31
5,2010,22,Benthopelagic fishes,0.0392127398466698,4,31
5,2010,30,Blue whiting,0.0154007184430662,4,31
5,2010,40,Other commercial deep medium demersal fish,0.0421912806805207,4,31
5,2010,50,Torpedos,0.00017814141237021,1,14
5,2011,46,Bathydemersal (deep sea) fish,0.494774843560943,4,36
5,2011,22,Benthopelagic fishes,0.0228113975963002,4,36
5,2011,32,Blackspot seabream,4.70205086876181e-05,1,15
5,2011,59,Deep-water rose shrimp,0.000403840876150732,2,25
5,2011,40,Other commercial deep medium demersal fish,0.0360958463193935,4,36
5,2011,50,Torpedos,5.74601932748832e-05,1,15
5,2012,25,European conger,0.0123626278283944,4,31
5,2012,22,Benthopelagic fishes,0.0496220181459748,4,31
5,2012,71,Macro zooplankton,4.26890037061981e-06,4,31
5,2012,32,Blackspot seabream,3.52865002326788e-05,1,14
5,2012,59,Deep-water rose shrimp,0.0017350355062585,2,22
5,2012,73,Suprabenthos,4.76027640484979e-06,4,31
5,2013,46,Bathydemersal (deep sea) fish,0.528406201012344,4,32
5,2013,23,No commercial meso (bathy) pelagic fishes,0.225842723794428,4,32
5,2013,73,Suprabenthos,1.22000165175115e-05,4,32
5,2013,22,Benthopelagic fishes,0.044417342039464,4,32
5,2013,30,Blue whiting,0.00418586315551433,4,32
5,2013,40,Other commercial deep medium demersal fish,0.0913819887364028,4,32
5,2013,50,Torpedos,0.00087586814976074,2,23
5,2013,29,Poor cod,0.00057444562851358,1,14
5,2014,23,No commercial meso (bathy) pelagic fishes,0.17981615460583,4,36
5,2014,30,Blue whiting,0.0531766230022841,4,36
5,2014,28,Other commercial large demersal fish,0.00242120649212425,4,36
5,2014,32,Blackspot seabream,0.000281330341763817,3,27
5,2014,59,Deep-water rose shrimp,0.0012278485647253,4,36
5,2014,50,Torpedos,0.000129954887982315,1,14
5,2015,70,Corals and gorgonians,0.000313749608921585,1,14
5,2015,40,Other commercial deep medium demersal fish,0.0319119201021637,4,35
5,2015,50,Torpedos,0.000221374110073533,2,23
5,2016,59,Deep-water rose shrimp,0.00256150943211687,2,22
5,2016,40,Other commercial deep medium demersal fish,0.0681751577680646,4,32
5,2016,69,Salps and other gelatinous zooplankton,0.0116756151976894,3,31
5,2017,75,Cymodocea,5.38655308987514e-07,1,13
5,2018,34,Common dentex,0.000919545328995751,1,14
5,2018,30,Blue whiting,0.0026107804741843,4,32
5,2018,32,Blackspot seabream,0.000263033732219245,4,32
5,2018,59,Deep-water rose shrimp,0.0142951748158593,4,32
5,2018,69,Salps and other gelatinous zooplankton,0.00739523448242867,3,31
5,2019,25,European conger,0.0155090843002041,3,23
5,2019,56,Mesopelagic cephalopods,0.0237010635696781,4,32
5,2019,59,Deep-water rose shrimp,0.0045141151372021,4,32
5,2019,29,Poor cod,0.000354915885043223,2,23
5,2020,32,Blackspot seabream,1.44849148331543e-05,1,13
5,2020,59,Deep-water rose shrimp,0.011931145999424,4,35
5,2020,40,Other commercial deep medium demersal fish,0.0794890194513562,4,35
5,2020,29,Poor cod,0.000101121617434976,2,22
5,2021,46,Bathydemersal (deep sea) fish,0.125645665483999,4,64
5,2021,56,Mesopelagic cephalopods,0.0265443109763927,4,64
5,2021,22,Benthopelagic fishes,0.0760727426896772,4,64
5,2021,25,European conger,0.0158495066681517,4,64
5,2021,59,Deep-water rose shrimp,0.00848681876939792,4,64
5,2021,40,Other commercial deep medium demersal fish,0.0360963411255431,4,64
5,1995,46,Bathydemersal (deep sea) fish,0.125473755554177,3,4
5,1995,28,Other commercial large demersal fish,7.1667096122345e-06,1,1
5,1995,63,Norway lobster,0.00862254289650048,3,4
5,1995,67,Other macro-benthos,0.00097333010063803,1,1
5,1995,29,Poor cod,2.15001288367035e-05,1,1
5,1996,66,Non-commercial decapods,0.460691645302621,3,5
5,1996,55,Benthopelagic cephalopods,0.0384958536197979,3,5
5,1996,58,Benthic mollusc,6.69931233754696e-05,2,4
5,1996,23,No commercial meso (bathy) pelagic fishes,0.695662191539364,3,5
5,1996,38,Flatfishes,0.00485051038637721,3,5
5,1996,41,No commercial medium demersal fish,0.000868414729669945,1,2
5,1996,57,Other benthic cephalopods,0.0129879058533539,3,5
5,1996,33,Sparidae+,0.0587875223212543,1,2
5,1996,45,No commercial small demersal fish,0.0215025552883894,3,5
5,1996,48,Small demersal sharks,0.176194078015653,3,5
5,1996,22,Benthopelagic fishes,0.0146393997768367,3,5
5,1996,46,Bathydemersal (deep sea) fish,0.0904967245824324,3,5
5,1996,40,Other commercial deep medium demersal fish,0.116170748170865,3,5
5,1996,35,Scorpaenidae,0.0157175280080751,3,5
5,1996,24,Anglerfish,0.0152096675007489,1,2
5,1996,26,European hake juv.,0.0892680672170375,3,5
5,1996,30,Blue whiting,0.00496433572775386,1,2
5,1996,28,Other commercial large demersal fish,2.70728812606937e-05,1,2
5,1996,43,Mullets,0.000906197635636613,1,2
5,1996,63,Norway lobster,0.00653580009872619,3,5
5,1996,32,Blackspot seabream,0.000603066147707983,1,2
5,1996,59,Deep-water rose shrimp,0.000328132855393047,1,2
5,1996,67,Other macro-benthos,0.000260155357780862,1,2
5,1996,49,Rays and skates,0.0125772997417453,1,2
5,1996,47,Small-spotted catshark,0.00964738285391878,1,2
5,1996,50,Torpedos,0.00160630085273147,1,2
5,1996,16,Horse mackerels,0.604761313230729,1,2
5,1996,39,Other commercial shallow medium demersal fish,0.00145777052942197,1,2
5,1997,66,Non-commercial decapods,0.473304269149351,3,4
5,1997,58,Benthic mollusc,1.69500791864857e-06,1,2
5,1997,46,Bathydemersal (deep sea) fish,0.00691505372429416,3,4
5,1997,23,No commercial meso (bathy) pelagic fishes,0.478036345559301,3,4
5,1997,38,Flatfishes,0.0120919335042402,3,4
5,1997,33,Sparidae+,0.00202305512413293,1,2
5,1997,56,Mesopelagic cephalopods,0.0633518737739378,3,4
5,1997,45,No commercial small demersal fish,0.0189673252860266,3,4
5,1997,48,Small demersal sharks,0.394999192758676,3,4
5,1997,22,Benthopelagic fishes,0.0491231607768164,3,4
5,1997,57,Other benthic cephalopods,0.0404622607599692,3,4
5,1997,40,Other commercial deep medium demersal fish,0.173515881293131,3,4
5,1997,35,Scorpaenidae,0.0122791764422174,3,4
5,1997,55,Benthopelagic cephalopods,0.0613850397206823,3,4
5,1997,24,Anglerfish,0.10206033746109,3,4
5,1997,71,Macro zooplankton,2.12073877875631e-06,3,4
5,1997,26,European hake juv.,0.00333929054540915,1,2
5,1997,30,Blue whiting,0.00159050926501171,1,2
5,1997,28,Other commercial large demersal fish,4.49594328873263e-05,1,2
5,1997,63,Norway lobster,0.014448081710514,3,4
5,1997,32,Blackspot seabream,0.000781437762089243,1,2
5,1997,59,Deep-water rose shrimp,0.00149369405975767,1,2
5,1997,67,Other macro-benthos,9.32579069417375e-05,1,2
5,1997,49,Rays and skates,0.000997455511700954,1,2
5,1997,47,Small-spotted catshark,0.0116202312617879,1,2
5,1997,16,Horse mackerels,0.181440222300768,1,2
5,1997,39,Other commercial shallow medium demersal fish,0.00149864776291088,1,2
5,1998,55,Benthopelagic cephalopods,0.00536436023190295,3,5
5,1998,46,Bathydemersal (deep sea) fish,0.00139600371432432,3,5
5,1998,23,No commercial meso (bathy) pelagic fishes,0.202857104724138,3,5
5,1998,38,Flatfishes,0.00502503335465542,3,5
5,1998,57,Other benthic cephalopods,0.0148906492629861,2,4
5,1998,66,Non-commercial decapods,0.361896843061659,3,5
5,1998,45,No commercial small demersal fish,0.00365702896394845,1,2
5,1998,22,Benthopelagic fishes,0.0201389919471083,3,5
5,1998,25,European conger,0.0149031047113634,3,5
5,1998,48,Small demersal sharks,0.148228653790435,3,5
5,1998,35,Scorpaenidae,0.0013826359736843,3,5
5,1998,24,Anglerfish,0.0124668302572659,1,2
5,1998,26,European hake juv.,0.00328383448804656,1,2
5,1998,30,Blue whiting,0.00890356011354692,3,5
5,1998,63,Norway lobster,0.0120206295653316,3,5
5,1998,33,Sparidae+,0.000564634366177229,2,4
5,1998,59,Deep-water rose shrimp,0.0005348861175722,1,2
5,1998,67,Other macro-benthos,3.79282883369378e-05,1,2
5,1998,40,Other commercial deep medium demersal fish,0.0395357486520056,3,5
5,1998,49,Rays and skates,0.00154254134018894,1,2
5,1998,47,Small-spotted catshark,0.00357210635254833,3,5
5,1998,16,Horse mackerels,0.463567968562573,1,2
5,1999,22,Benthopelagic fishes,0.0323831623609152,3,4
5,1999,46,Bathydemersal (deep sea) fish,0.00353951401327999,3,4
5,1999,48,Small demersal sharks,0.196666582761639,3,4
5,1999,24,Anglerfish,0.0355131684275358,1,1
5,1999,71,Macro zooplankton,8.83165528612261e-07,1,1
5,1999,30,Blue whiting,0.000898144232091115,3,4
5,1999,63,Norway lobster,0.0164791150209824,3,4
5,1999,59,Deep-water rose shrimp,0.00490836226478737,1,1
5,1999,40,Other commercial deep medium demersal fish,0.0495092745948628,3,4
5,2001,23,No commercial meso (bathy) pelagic fishes,0.213626375747399,3,8
5,2001,46,Bathydemersal (deep sea) fish,0.0215270768718291,3,8
5,2001,22,Benthopelagic fishes,0.108938935089443,3,8
5,2001,25,European conger,0.0072723759083293,3,8
5,2001,40,Other commercial deep medium demersal fish,0.108086994456868,3,8
5,2001,24,Anglerfish,0.0143225375377193,1,5
5,2001,71,Macro zooplankton,7.48131468635097e-07,2,7
5,2001,30,Blue whiting,0.0867425509757398,3,8
5,2001,28,Other commercial large demersal fish,0.000560720787466325,1,5
5,2001,63,Norway lobster,0.00557405625170317,3,8
5,2001,59,Deep-water rose shrimp,0.00674884348428626,3,8
5,2001,67,Other macro-benthos,8.99433838793321e-05,1,5
5,2001,18,Sardine,0.00104237533251971,1,5
5,2002,46,Bathydemersal (deep sea) fish,0.0197155615213556,3,5
5,2002,23,No commercial meso (bathy) pelagic fishes,0.0870034508238299,3,5
5,2002,38,Flatfishes,0.0126447850567462,3,5
5,2002,33,Sparidae+,0.0105078610421489,1,2
5,2002,45,No commercial small demersal fish,0.0217854264366282,3,5
5,2002,66,Non-commercial decapods,1.85832897097418,3,5
5,2002,22,Benthopelagic fishes,0.0940240175770462,3,5
5,2002,25,European conger,0.00744231191511299,3,5
5,2002,48,Small demersal sharks,0.434304598506022,3,5
5,2002,57,Other benthic cephalopods,0.012316919564364,3,5
5,2002,40,Other commercial deep medium demersal fish,0.0831240683747833,3,5
5,2002,35,Scorpaenidae,0.0105572161564489,3,5
5,2002,55,Benthopelagic cephalopods,0.00440125138367879,3,5
5,2002,49,Rays and skates,0.0315547214199794,1,2
5,2002,24,Anglerfish,0.0730111639875394,3,5
5,2002,71,Macro zooplankton,7.75081283076392e-06,1,2
5,2002,26,European hake juv.,0.0136744798439046,1,2
5,2002,30,Blue whiting,0.00616066243214072,3,5
5,2002,28,Other commercial large demersal fish,0.00241439200898139,3,5
5,2002,43,Mullets,0.00378748146206385,1,2
5,2002,63,Norway lobster,0.0240187989129316,3,5
5,2002,41,No commercial medium demersal fish,5.79105913252941e-05,1,2
5,2002,32,Blackspot seabream,0.000301554203009024,1,2
5,2002,59,Deep-water rose shrimp,0.00935875485972368,3,5
5,2002,67,Other macro-benthos,0.000221625235248959,1,2
5,2002,58,Benthic mollusc,0.000123277250151191,2,4
5,2002,47,Small-spotted catshark,0.0142144459825439,1,2
5,2002,16,Horse mackerels,1.27251581239946,1,2
5,2002,39,Other commercial shallow medium demersal fish,0.00188209421807206,1,2
5,2004,23,No commercial meso (bathy) pelagic fishes,0.0882892892531658,3,5
5,2004,46,Bathydemersal (deep sea) fish,0.0290865295877893,3,5
5,2004,61,Giant red shrimp,4.63969209341562e-05,1,2
5,2004,33,Sparidae+,0.200913596793456,1,2
5,2004,45,No commercial small demersal fish,0.00564895756569147,3,5
5,2004,22,Benthopelagic fishes,0.0350677075309486,3,5
5,2004,56,Mesopelagic cephalopods,0.000467413309182489,3,5
5,2004,24,Anglerfish,0.0062556733059189,3,5
5,2004,54,Coastal benthic cephalopods,0.000779755444214975,1,2
5,2004,30,Blue whiting,0.000915912798643179,1,2
5,2004,28,Other commercial large demersal fish,6.85470807538533e-05,1,2
5,2004,43,Mullets,0.00244817965047563,1,2
5,2004,63,Norway lobster,0.00674973268748008,3,5
5,2004,59,Deep-water rose shrimp,0.000654861068362499,1,2
5,2004,40,Other commercial deep medium demersal fish,0.0242239801001749,3,5
5,2004,58,Benthic mollusc,1.20548158076074e-05,1,2
5,2004,39,Other commercial shallow medium demersal fish,0.000172857855814065,1,2
5,2005,55,Benthopelagic cephalopods,0.0719183647305047,3,5
5,2005,66,Non-commercial decapods,0.42749240598134,3,5
5,2005,38,Flatfishes,0.0117299321532543,3,5
5,2005,33,Sparidae+,0.00569926543302163,1,2
5,2005,46,Bathydemersal (deep sea) fish,0.297829985330323,3,5
5,2005,58,Benthic mollusc,6.27645635034794e-06,2,4
5,2005,45,No commercial small demersal fish,0.00108344133162142,3,5
5,2005,23,No commercial meso (bathy) pelagic fishes,0.100565186431661,3,5
5,2005,35,Scorpaenidae,0.0163200390908667,3,5
5,2005,22,Benthopelagic fishes,0.019230705024922,3,5
5,2005,57,Other benthic cephalopods,0.0233879562587054,3,5
5,2005,48,Small demersal sharks,0.0931601933614424,3,5
5,2005,40,Other commercial deep medium demersal fish,0.0529858441534947,3,5
5,2005,56,Mesopelagic cephalopods,0.000486976273861771,3,5
5,2005,24,Anglerfish,0.00309938869480002,1,2
5,2005,26,European hake juv.,0.0114212777815,1,2
5,2005,30,Blue whiting,0.00864165816684004,3,5
5,2005,43,Mullets,0.00625949844255026,1,2
5,2005,63,Norway lobster,0.0251445448481399,3,5
5,2005,59,Deep-water rose shrimp,0.000532172103913197,1,2
5,2005,67,Other macro-benthos,0.000624418353636082,1,2
5,2005,49,Rays and skates,0.00980570633360995,1,2
5,2005,47,Small-spotted catshark,0.0109855437659084,1,2
5,2005,16,Horse mackerels,0.0964405091428557,3,5
5,2005,39,Other commercial shallow medium demersal fish,0.00478538654035175,1,2
5,2006,23,No commercial meso (bathy) pelagic fishes,0.0254915179162559,1,4
5,2006,33,Sparidae+,0.00206263088139677,1,4
5,2006,22,Benthopelagic fishes,0.0123504327480254,1,4
5,2006,25,European conger,0.000491634687149249,1,4
5,2006,46,Bathydemersal (deep sea) fish,0.081020451969019,1,4
5,2006,48,Small demersal sharks,0.0105780697814183,1,4
5,2006,40,Other commercial deep medium demersal fish,0.00801520221611954,1,4
5,2006,24,Anglerfish,0.00368875806563857,1,4
5,2006,71,Macro zooplankton,2.55773111798711e-07,1,4
5,2006,30,Blue whiting,0.00242056927570466,1,4
5,2006,28,Other commercial large demersal fish,0.000201102018278179,1,4
5,2006,43,Mullets,0.00151342162329666,1,4
5,2006,63,Norway lobster,0.00756644636061283,1,4
5,2006,59,Deep-water rose shrimp,0.000748762118520775,1,4
5,2006,58,Benthic mollusc,9.27465073628368e-07,1,4
5,2006,16,Horse mackerels,0.000774118254936312,1,4
5,2006,29,Poor cod,2.98316950458969e-05,1,4
5,2006,39,Other commercial shallow medium demersal fish,0.000625251316913157,1,4
5,2007,23,No commercial meso (bathy) pelagic fishes,0.137236291956038,3,21
5,2007,71,Macro zooplankton,1.1754019752693e-06,2,20
5,2007,56,Mesopelagic cephalopods,0.011506316798277,3,21
5,2007,73,Suprabenthos,9.28145848705532e-07,3,21
5,2007,30,Blue whiting,0.0827667880760552,3,21
5,2007,28,Other commercial large demersal fish,0.000616897840288614,1,11
5,2007,63,Norway lobster,0.012884573248344,3,21
5,2007,65,Other commercial decapods,4.58237175539686e-05,1,11
5,2008,22,Benthopelagic fishes,0.0368604891547926,3,22
5,2008,71,Macro zooplankton,4.71598828844615e-06,3,22
5,2008,30,Blue whiting,0.0515411695964824,3,22
5,2008,63,Norway lobster,0.0149607480997592,3,22
5,2008,32,Blackspot seabream,0.000213702221672874,3,22
5,2008,59,Deep-water rose shrimp,0.00116210546601234,1,10
5,2009,22,Benthopelagic fishes,0.0350799280302395,3,22
5,2009,71,Macro zooplankton,1.03060262006139e-05,3,22
5,2009,28,Other commercial large demersal fish,0.000859281130531114,3,22
5,2009,63,Norway lobster,0.00370904920380054,3,22
5,2010,23,No commercial meso (bathy) pelagic fishes,0.112259146886197,3,17
5,2010,61,Giant red shrimp,0.000506698521454193,3,17
5,2010,56,Mesopelagic cephalopods,0.0072569425538924,3,17
5,2010,71,Macro zooplankton,1.38832559643533e-06,3,17
5,2010,28,Other commercial large demersal fish,0.000978532764155006,1,8
5,2010,63,Norway lobster,0.00893672597147944,3,17
5,2010,65,Other commercial decapods,0.000187913852453787,1,8
5,2010,59,Deep-water rose shrimp,0.00176098207245091,1,8
5,2011,23,No commercial meso (bathy) pelagic fishes,0.0963650039211137,3,21
5,2011,61,Giant red shrimp,0.00170488367494774,3,21
5,2011,56,Mesopelagic cephalopods,0.00989419948040514,3,21
5,2011,30,Blue whiting,0.0125459920740266,3,21
5,2011,28,Other commercial large demersal fish,0.000413363074641336,3,21
5,2011,63,Norway lobster,0.00446531968537226,3,21
5,2012,56,Mesopelagic cephalopods,0.0268401498793519,3,17
5,2012,23,No commercial meso (bathy) pelagic fishes,0.131293037572772,3,17
5,2012,30,Blue whiting,0.0169187718274811,3,17
5,2012,28,Other commercial large demersal fish,0.00380261578489379,3,17
5,2012,63,Norway lobster,0.00585404686042306,3,17
5,2012,65,Other commercial decapods,0.00115900340784127,1,8
5,2012,40,Other commercial deep medium demersal fish,0.0644510412151977,3,17
5,2013,60,Blue and red shrimp,0.102744446985493,3,18
5,2013,28,Other commercial large demersal fish,0.000868936672358064,3,18
5,2013,63,Norway lobster,0.00946478901371198,3,18
5,2013,59,Deep-water rose shrimp,0.00219577658990608,1,9
5,2013,69,Salps and other gelatinous zooplankton,2.37759722157301e-05,2,17
5,2014,56,Mesopelagic cephalopods,0.0175674680841667,3,22
5,2014,60,Blue and red shrimp,0.0627598012289772,3,22
5,2014,22,Benthopelagic fishes,0.0215732872939685,3,22
5,2014,71,Macro zooplankton,3.77980938250179e-07,3,22
5,2014,63,Norway lobster,0.0055835649912653,3,22
5,2014,65,Other commercial decapods,0.00192052537305973,1,9
5,2015,56,Mesopelagic cephalopods,0.00570265522829023,3,21
5,2015,23,No commercial meso (bathy) pelagic fishes,0.0713052197150112,3,21
5,2015,61,Giant red shrimp,0.00445894345155339,3,21
5,2015,60,Blue and red shrimp,0.0686853754619132,3,21
5,2015,22,Benthopelagic fishes,0.0194879563618676,3,21
5,2015,30,Blue whiting,0.00655738672811859,3,21
5,2015,28,Other commercial large demersal fish,0.000833871730981413,3,21
5,2015,63,Norway lobster,0.00541610085160949,3,21
5,2015,65,Other commercial decapods,0.00103732398957354,1,9
5,2015,59,Deep-water rose shrimp,0.000447927792259389,1,9
5,2016,23,No commercial meso (bathy) pelagic fishes,0.267800444195413,3,18
5,2016,22,Benthopelagic fishes,0.0492804903907479,3,18
5,2016,56,Mesopelagic cephalopods,0.0165107439177654,3,18
5,2016,30,Blue whiting,0.00610223829504016,3,18
5,2016,28,Other commercial large demersal fish,0.00117844269007447,3,18
5,2016,63,Norway lobster,0.00906176232665465,3,18
5,2016,65,Other commercial decapods,0.00497883600680217,1,8
5,2017,20,Round sardinella,0.00179622059544777,1,7
5,2018,23,No commercial meso (bathy) pelagic fishes,0.0655839789521669,3,18
5,2018,22,Benthopelagic fishes,0.0569474993831825,3,18
5,2018,56,Mesopelagic cephalopods,0.0173881816172279,3,18
5,2018,71,Macro zooplankton,2.76951777725266e-07,3,18
5,2018,28,Other commercial large demersal fish,0.00325084095820448,3,18
5,2018,63,Norway lobster,0.00563320928876678,3,18
5,2019,23,No commercial meso (bathy) pelagic fishes,0.0688404749369042,3,18
5,2019,22,Benthopelagic fishes,0.0823931523502768,3,18
5,2019,71,Macro zooplankton,4.55356155609025e-08,1,9
5,2019,30,Blue whiting,0.0204787545629031,3,18
5,2019,28,Other commercial large demersal fish,0.000805761461894398,3,18
5,2019,63,Norway lobster,0.00468212351069772,3,18
5,2020,23,No commercial meso (bathy) pelagic fishes,0.0727974204332024,3,22
5,2020,60,Blue and red shrimp,0.114268153479768,3,22
5,2020,22,Benthopelagic fishes,0.12026717066632,3,22
5,2020,56,Mesopelagic cephalopods,0.0145006976169866,3,22
5,2020,30,Blue whiting,0.00251954628949486,1,9
5,2020,28,Other commercial large demersal fish,0.00170406205055421,3,22
5,2020,63,Norway lobster,0.00675726603775054,3,22
5,2021,23,No commercial meso (bathy) pelagic fishes,0.0948636271637868,3,44
5,2021,61,Giant red shrimp,0.00269899930756443,3,44
5,2021,71,Macro zooplankton,4.75399517426882e-08,2,43
5,2021,30,Blue whiting,0.0946765242811849,1,22
5,2021,28,Other commercial large demersal fish,0.0002276507467242,3,44
5,2021,63,Norway lobster,0.00349991080615345,3,44
5,2021,65,Other commercial decapods,0.00232907247419231,1,22
5,2021,73,Suprabenthos,1.30514334599137e-06,3,44
5,1995,61,Giant red shrimp,0.00141958083384453,2,3
5,1995,60,Blue and red shrimp,0.0173780988448547,2,3
5,1995,48,Small demersal sharks,0.267048534488598,2,3
5,1995,22,Benthopelagic fishes,0.082685595839979,2,3
5,1995,25,European conger,0.00151713777441722,2,3
5,1995,40,Other commercial deep medium demersal fish,0.0742161393161022,2,3
5,1995,56,Mesopelagic cephalopods,0.00261260190557502,2,3
5,1995,30,Blue whiting,0.0315361840471075,2,3
5,1995,32,Blackspot seabream,0.000452401639380676,2,3
5,1996,61,Giant red shrimp,0.00303952292884371,2,3
5,1996,60,Blue and red shrimp,0.0296500348524227,2,3
5,1996,25,European conger,0.773931839966811,2,3
5,1996,56,Mesopelagic cephalopods,0.016004775486738,2,3
5,1997,60,Blue and red shrimp,0.0393418615399265,2,2
5,1997,25,European conger,0.0165861928091951,2,2
5,1998,60,Blue and red shrimp,0.0450723720253477,2,3
5,1998,56,Mesopelagic cephalopods,0.0107471360503599,2,3
5,1998,71,Macro zooplankton,7.68824058492675e-07,2,3
5,1999,60,Blue and red shrimp,0.0824437022787692,2,3
5,1999,25,European conger,0.0112843849392853,2,3
5,1999,56,Mesopelagic cephalopods,1.39760510394682e-05,1,2
5,2001,56,Mesopelagic cephalopods,0.0163713416514437,2,3
5,2001,61,Giant red shrimp,0.0152040356848148,2,3
5,2001,60,Blue and red shrimp,0.0189373715031255,2,3
5,2002,61,Giant red shrimp,0.00038282104020171,2,3
5,2002,60,Blue and red shrimp,0.0452381224990222,2,3
5,2002,56,Mesopelagic cephalopods,0.0121015035270647,2,3
5,2004,60,Blue and red shrimp,0.0374798959836069,2,3
5,2004,48,Small demersal sharks,0.203161462500997,2,3
5,2004,32,Blackspot seabream,0.000803662445845795,2,3
5,2005,61,Giant red shrimp,0.0285708060765225,2,3
5,2005,60,Blue and red shrimp,0.0250630631810031,2,3
5,2005,25,European conger,0.00205927208757588,2,3
5,2005,71,Macro zooplankton,7.29597652906506e-07,1,2
5,2005,28,Other commercial large demersal fish,0.00133729790405694,2,3
5,2007,61,Giant red shrimp,0.000703469746534801,2,10
5,2007,60,Blue and red shrimp,0.0781641084127963,2,10
5,2008,61,Giant red shrimp,0.000157662070117395,2,12
5,2008,60,Blue and red shrimp,0.118468628008662,2,12
5,2009,56,Mesopelagic cephalopods,0.012247038428832,2,12
5,2009,61,Giant red shrimp,0.000559537471871058,2,12
5,2009,60,Blue and red shrimp,0.108222215027283,2,12
5,2009,17,Other medium pelagic fishes,0.000370541107335009,1,11
5,2010,60,Blue and red shrimp,0.0737580401080901,2,9
5,2010,32,Blackspot seabream,0.000162327163375464,2,9
5,2011,60,Blue and red shrimp,0.053866386819559,2,11
5,2012,61,Giant red shrimp,0.0136972108009142,2,9
5,2012,60,Blue and red shrimp,0.130712563352744,2,9
5,2013,61,Giant red shrimp,0.00596404393439907,2,9
5,2013,32,Blackspot seabream,0.000184483983998558,2,9
5,2013,17,Other medium pelagic fishes,0.000528644928520465,1,8
5,2014,61,Giant red shrimp,0.00246407247355704,2,13
5,2015,71,Macro zooplankton,9.59674084112282e-07,2,12
5,2016,61,Giant red shrimp,0.0139963796837894,2,10
5,2016,60,Blue and red shrimp,0.199406854279129,2,10
5,2018,61,Giant red shrimp,0.0128406469665711,2,9
5,2018,60,Blue and red shrimp,0.128182903572398,2,9
5,2019,61,Giant red shrimp,0.00334778862339162,2,9
5,2019,60,Blue and red shrimp,0.0960443719975979,2,9
5,2020,61,Giant red shrimp,0.00340306329677468,2,13
5,2020,73,Suprabenthos,4.37779332240999e-07,2,13
5,2021,60,Blue and red shrimp,0.0803737083249221,2,22
5,2021,32,Blackspot seabream,5.49151890878629e-05,2,22
6,1994,58,Benthic mollusc,0.00435129584167698,6,54
6,1994,55,Benthopelagic cephalopods,0.0343657768194869,7,55
6,1994,38,Flatfishes,0.0660453709310889,7,55
6,1994,33,Sparidae+,0.235831393186946,5,47
6,1994,66,Non-commercial decapods,0.211055567836862,7,55
6,1994,45,No commercial small demersal fish,0.0407084699048555,7,55
6,1994,41,No commercial medium demersal fish,0.0530371820744353,4,38
6,1994,35,Scorpaenidae,0.0198010232773286,7,55
6,1994,25,European conger,0.00518189905040079,7,55
6,1994,34,Common dentex,0.00178136470668922,2,8
6,1994,57,Other benthic cephalopods,0.0462358994739032,7,55
6,1994,19,Anchovy,0.892871536856588,4,38
6,1994,26,European hake juv.,0.0675729183096184,5,47
6,1994,43,Mullets,0.0175189903591156,4,38
6,1994,54,Coastal benthic cephalopods,0.022017348801245,3,28
6,1994,31,Common pandora,0.00946964194251122,3,28
6,1994,68,Jellyfish,3.4170494740682e-05,3,28
6,1994,14,Other large pelagic fishes,0.0219731024796743,2,8
6,1994,18,Sardine,0.241599051790493,4,38
6,1994,20,Round sardinella,0.0395138425939715,2,8
6,1994,15,Mackerels,0.0414477443310591,4,38
6,1994,37,Labridae and serranidae+,0.00658294775583815,4,38
6,1994,21,Other small pelagic fish,0.012140048822426,4,38
6,1994,65,Other commercial decapods,0.000972010246875589,5,47
6,1994,50,Torpedos,0.0108935384579757,5,47
6,1994,16,Horse mackerels,0.738268999734543,7,55
6,1995,58,Benthic mollusc,0.0594131850489402,7,76
6,1995,55,Benthopelagic cephalopods,0.0280730756372575,7,76
6,1995,44,Commercial small demersal fish,1.67546160648275e-05,3,34
6,1995,38,Flatfishes,0.154211392936646,7,76
6,1995,66,Non-commercial decapods,0.196110406413902,7,76
6,1995,33,Sparidae+,0.132158044306124,5,64
6,1995,45,No commercial small demersal fish,0.0179194671687357,5,64
6,1995,41,No commercial medium demersal fish,0.0348059489007513,4,50
6,1995,25,European conger,0.0158709381042632,7,76
6,1995,39,Other commercial shallow medium demersal fish,0.00132981897705857,4,50
6,1995,57,Other benthic cephalopods,0.0449919211267621,7,76
6,1995,19,Anchovy,0.0259747525759624,3,34
6,1995,35,Scorpaenidae,0.0197086493236183,7,76
6,1995,24,Anglerfish,0.0614200400438755,7,76
6,1995,26,European hake juv.,0.037807837930447,7,76
6,1995,43,Mullets,0.0286555252796675,5,64
6,1995,54,Coastal benthic cephalopods,0.0544875156973974,4,50
6,1995,31,Common pandora,0.00283886171809139,4,50
6,1995,67,Other macro-benthos,0.00221226135779083,5,64
6,1995,18,Sardine,0.0590016133152496,4,50
6,1995,20,Round sardinella,0.00120125792111468,2,9
6,1995,37,Labridae and serranidae+,0.0184698498883183,4,50
6,1995,21,Other small pelagic fish,0.00388393547940641,3,34
6,1995,65,Other commercial decapods,0.0019874426291655,3,34
6,1995,16,Horse mackerels,0.453228715903941,7,76
6,1996,58,Benthic mollusc,0.00992891825130934,6,69
6,1996,55,Benthopelagic cephalopods,0.0292283082116436,7,70
6,1996,37,Labridae and serranidae+,0.0132699916835078,5,59
6,1996,44,Commercial small demersal fish,0.000404157164628079,4,50
6,1996,38,Flatfishes,0.0475129360142838,7,70
6,1996,66,Non-commercial decapods,0.0976362929500406,7,70
6,1996,45,No commercial small demersal fish,0.0156588411161328,5,59
6,1996,33,Sparidae+,0.285480418884589,4,50
6,1996,17,Other medium pelagic fishes,0.00342827023431526,2,8
6,1996,41,No commercial medium demersal fish,0.0308613576142667,5,59
6,1996,35,Scorpaenidae,0.0174968959174695,7,70
6,1996,25,European conger,0.0209934225829845,7,70
6,1996,57,Other benthic cephalopods,0.0444527536921009,7,70
6,1996,19,Anchovy,0.239379060418079,4,50
6,1996,24,Anglerfish,0.0337088652486442,7,70
6,1996,26,European hake juv.,0.118518157318467,7,70
6,1996,43,Mullets,0.0221595066629212,5,59
6,1996,54,Coastal benthic cephalopods,0.0326362408440412,4,50
6,1996,31,Common pandora,0.00600212092286355,3,34
6,1996,67,Other macro-benthos,0.000776244583427546,6,61
6,1996,39,Other commercial shallow medium demersal fish,0.00296210441567877,4,50
6,1996,49,Rays and skates,0.010425288787346,4,50
6,1996,18,Sardine,0.883284751952845,4,50
6,1996,20,Round sardinella,0.0860587053032953,3,34
6,1996,21,Other small pelagic fish,0.00791835869615279,4,50
6,1996,65,Other commercial decapods,0.002364260566244,3,34
6,1996,50,Torpedos,0.0030851016227007,5,59
6,1996,16,Horse mackerels,0.650584090584988,7,70
6,1997,58,Benthic mollusc,0.0050140689205595,7,66
6,1997,55,Benthopelagic cephalopods,0.0426118163401783,7,66
6,1997,44,Commercial small demersal fish,8.06262987502249e-05,3,33
6,1997,38,Flatfishes,0.0545396259478253,7,66
6,1997,66,Non-commercial decapods,0.231769258693968,7,66
6,1997,33,Sparidae+,0.563002657967107,4,47
6,1997,17,Other medium pelagic fishes,0.0230689350239144,2,8
6,1997,41,No commercial medium demersal fish,0.0688047982386114,6,65
6,1997,35,Scorpaenidae,0.0185070890848779,7,66
6,1997,25,European conger,0.0145145801616828,7,66
6,1997,45,No commercial small demersal fish,0.00781951391392525,7,66
6,1997,39,Other commercial shallow medium demersal fish,0.0127179892338114,4,47
6,1997,57,Other benthic cephalopods,0.044675745168992,7,66
6,1997,19,Anchovy,0.148307556568613,4,47
6,1997,65,Other commercial decapods,0.00490497744163692,3,33
6,1997,22,Benthopelagic fishes,0.0945411896069298,7,66
6,1997,26,European hake juv.,0.0998781747747127,5,57
6,1997,11,Non-commercial large pelagic fishes,0.0801993779872158,2,8
6,1997,43,Mullets,0.0200961170939355,4,47
6,1997,54,Coastal benthic cephalopods,0.0413960657861133,4,47
6,1997,31,Common pandora,0.00726634379247765,3,33
6,1997,67,Other macro-benthos,0.0018579056904955,5,57
6,1997,49,Rays and skates,0.00997910987906127,4,47
6,1997,18,Sardine,1.135740987024,3,33
6,1997,20,Round sardinella,0.00375075976606118,2,8
6,1997,15,Mackerels,0.599476388736592,4,47
6,1997,37,Labridae and serranidae+,0.00992855562260101,4,47
6,1997,21,Other small pelagic fish,0.0180830754344021,4,47
6,1997,50,Torpedos,0.00404163658299728,4,47
6,1997,16,Horse mackerels,0.448824958155148,5,57
6,1998,55,Benthopelagic cephalopods,0.0389416430236304,7,58
6,1998,44,Commercial small demersal fish,0.00012605451201389,3,35
6,1998,38,Flatfishes,0.0471562748967071,7,58
6,1998,66,Non-commercial decapods,0.222708261763497,7,58
6,1998,45,No commercial small demersal fish,0.0122525448821056,5,53
6,1998,58,Benthic mollusc,0.00625072978123402,6,57
6,1998,33,Sparidae+,0.285869573295007,4,47
6,1998,41,No commercial medium demersal fish,0.0327320293206917,5,53
6,1998,35,Scorpaenidae,0.029186516291334,7,58
6,1998,25,European conger,0.0216967515253727,7,58
6,1998,57,Other benthic cephalopods,0.0524255227452406,5,53
6,1998,19,Anchovy,0.300642082094456,4,47
6,1998,26,European hake juv.,0.0991050248297393,5,53
6,1998,11,Non-commercial large pelagic fishes,0.00330180403213037,2,9
6,1998,43,Mullets,0.0293947357386383,5,53
6,1998,54,Coastal benthic cephalopods,0.0134711587270974,4,47
6,1998,31,Common pandora,0.00808740317799959,4,47
6,1998,68,Jellyfish,4.63037946287421e-05,3,35
6,1998,49,Rays and skates,0.00825439961142144,4,47
6,1998,18,Sardine,0.454647065717298,4,47
6,1998,20,Round sardinella,0.00589870992071298,3,35
6,1998,15,Mackerels,0.0205976103163139,4,47
6,1998,37,Labridae and serranidae+,0.00844901215713721,4,47
6,1998,17,Other medium pelagic fishes,0.00259568515966903,2,9
6,1998,21,Other small pelagic fish,0.0101043403144358,4,47
6,1998,65,Other commercial decapods,0.00441434745801317,4,47
6,1998,16,Horse mackerels,0.523752370120258,4,47
6,1998,39,Other commercial shallow medium demersal fish,0.00142883457259905,4,47
6,1999,55,Benthopelagic cephalopods,0.0353146231379294,7,75
6,1999,17,Other medium pelagic fishes,0.0164127056743541,2,9
6,1999,44,Commercial small demersal fish,0.000146393129026443,3,36
6,1999,38,Flatfishes,0.0178021943657383,7,75
6,1999,66,Non-commercial decapods,0.0691007989451416,7,75
6,1999,58,Benthic mollusc,0.00168923534181104,6,74
6,1999,33,Sparidae+,0.452753679313372,5,64
6,1999,41,No commercial medium demersal fish,0.0167243497497834,5,64
6,1999,35,Scorpaenidae,0.0182494942037436,7,75
6,1999,25,European conger,0.0139484387066046,7,75
6,1999,37,Labridae and serranidae+,0.00826301651690952,4,52
6,1999,45,No commercial small demersal fish,0.00543407317107239,7,75
6,1999,49,Rays and skates,0.00337242543350171,3,25
6,1999,19,Anchovy,0.0743166951798766,3,36
6,1999,24,Anglerfish,0.0120988257250219,7,75
6,1999,26,European hake juv.,0.086981072564975,5,64
6,1999,43,Mullets,0.0216300812740129,6,74
6,1999,54,Coastal benthic cephalopods,0.0609210202613215,4,52
6,1999,31,Common pandora,0.0201242422500965,4,52
6,1999,64,European lobster,0.00117211939567497,3,36
6,1999,67,Other macro-benthos,0.00104981400007845,5,64
6,1999,14,Other large pelagic fishes,0.0028156212234246,3,36
6,1999,18,Sardine,0.230913315848838,4,52
6,1999,20,Round sardinella,0.0183291659454097,3,36
6,1999,39,Other commercial shallow medium demersal fish,0.00347732651235991,4,52
6,1999,15,Mackerels,0.0261312856512007,3,36
6,1999,47,Small-spotted catshark,0.00942462591189406,7,75
6,1999,57,Other benthic cephalopods,0.0190696508963085,7,75
6,1999,21,Other small pelagic fish,0.0362787451023648,4,52
6,1999,65,Other commercial decapods,0.000861122604621288,3,36
6,1999,16,Horse mackerels,0.526064719127179,7,75
6,2000,58,Benthic mollusc,0.00216165981040078,7,75
6,2000,55,Benthopelagic cephalopods,0.0904746546674297,7,75
6,2000,44,Commercial small demersal fish,0.000146395098891793,4,56
6,2000,38,Flatfishes,0.12402614160874,7,75
6,2000,66,Non-commercial decapods,0.133635630158055,7,75
6,2000,45,No commercial small demersal fish,0.0137876497626211,7,75
6,2000,33,Sparidae+,1.24135513601321,5,67
6,2000,54,Coastal benthic cephalopods,0.122707862162473,4,56
6,2000,41,No commercial medium demersal fish,0.0710719091832927,4,56
6,2000,35,Scorpaenidae,0.0386905554947379,7,75
6,2000,25,European conger,0.0115984767544837,7,75
6,2000,37,Labridae and serranidae+,0.0100870001370973,4,56
6,2000,57,Other benthic cephalopods,0.033549481637898,7,75
6,2000,19,Anchovy,0.115848207818056,4,56
6,2000,24,Anglerfish,0.0390988044083512,7,75
6,2000,26,European hake juv.,0.14806946332018,7,75
6,2000,43,Mullets,0.0314668833280731,4,56
6,2000,31,Common pandora,0.0157770659538356,4,56
6,2000,64,European lobster,0.000148440390784888,2,10
6,2000,67,Other macro-benthos,0.00194023008430411,5,67
6,2000,49,Rays and skates,0.0030261494015466,4,56
6,2000,18,Sardine,0.683774895770352,3,39
6,2000,20,Round sardinella,0.0725398003370173,4,56
6,2000,15,Mackerels,0.0246301249779474,4,56
6,2000,17,Other medium pelagic fishes,0.0228076978329794,3,39
6,2000,21,Other small pelagic fish,0.103477028211731,4,56
6,2000,65,Other commercial decapods,0.000761005198629459,4,56
6,2000,22,Benthopelagic fishes,0.0373695046943574,7,75
6,2000,16,Horse mackerels,0.773257652501474,6,74
6,2000,39,Other commercial shallow medium demersal fish,0.00428627315687404,6,64
6,2001,55,Benthopelagic cephalopods,0.0406205765698211,7,79
6,2001,44,Commercial small demersal fish,0.000157595381886363,4,55
6,2001,38,Flatfishes,0.0624771918553256,7,79
6,2001,66,Non-commercial decapods,0.103679612707489,7,79
6,2001,45,No commercial small demersal fish,0.00937160736943637,5,70
6,2001,58,Benthic mollusc,0.00155359787708657,6,78
6,2001,33,Sparidae+,1.20989498599038,4,55
6,2001,54,Coastal benthic cephalopods,0.0715282269196132,4,55
6,2001,41,No commercial medium demersal fish,0.474613196154309,6,78
6,2001,35,Scorpaenidae,0.034730537644359,7,79
6,2001,25,European conger,0.0206707041176787,7,79
6,2001,39,Other commercial shallow medium demersal fish,0.0183850827553224,5,70
6,2001,57,Other benthic cephalopods,0.0217339442466096,7,79
6,2001,19,Anchovy,0.307780432278781,4,55
6,2001,26,European hake juv.,0.0990427985526675,7,79
6,2001,11,Non-commercial large pelagic fishes,0.200555165847663,2,8
6,2001,43,Mullets,0.0238627765937306,5,70
6,2001,31,Common pandora,0.0289310190190574,4,55
6,2001,67,Other macro-benthos,0.00120028236029723,7,79
6,2001,18,Sardine,0.437505399488153,4,55
6,2001,20,Round sardinella,0.0380357928106695,3,37
6,2001,15,Mackerels,0.0634921148743359,4,55
6,2001,47,Small-spotted catshark,0.013971099872212,7,79
6,2001,37,Labridae and serranidae+,0.0151452076181152,4,55
6,2001,17,Other medium pelagic fishes,0.0622189477915258,3,37
6,2001,21,Other small pelagic fish,0.0546214546705334,4,55
6,2001,65,Other commercial decapods,0.000717428320151988,3,37
6,2001,16,Horse mackerels,1.06209791492322,6,64
6,2002,55,Benthopelagic cephalopods,0.0217615558374336,7,88
6,2002,44,Commercial small demersal fish,0.000776686377719622,4,64
6,2002,38,Flatfishes,0.0148924170461769,7,88
6,2002,66,Non-commercial decapods,0.130996451159877,7,88
6,2002,58,Benthic mollusc,0.00112301001770388,6,87
6,2002,33,Sparidae+,0.681267502432934,5,80
6,2002,17,Other medium pelagic fishes,0.0341158217533198,3,45
6,2002,41,No commercial medium demersal fish,0.113161676515197,6,87
6,2002,35,Scorpaenidae,0.0200713499650984,7,88
6,2002,25,European conger,0.00930937996817918,7,88
6,2002,45,No commercial small demersal fish,0.00833735740127235,7,88
6,2002,34,Common dentex,0.00467236040132994,3,45
6,2002,57,Other benthic cephalopods,0.0368273652839245,7,88
6,2002,19,Anchovy,1.15268501760249,4,64
6,2002,26,European hake juv.,0.121999010914366,5,80
6,2002,11,Non-commercial large pelagic fishes,0.119033532424435,4,61
6,2002,43,Mullets,0.0252898198667917,5,80
6,2002,54,Coastal benthic cephalopods,0.0358601167628522,4,64
6,2002,31,Common pandora,0.0278598333420013,4,64
6,2002,67,Other macro-benthos,0.000371403879021565,5,80
6,2002,14,Other large pelagic fishes,0.0128041877434464,3,45
6,2002,18,Sardine,0.696156000565082,4,64
6,2002,20,Round sardinella,0.0446990190866677,5,80
6,2002,15,Mackerels,0.064626251261714,4,64
6,2002,47,Small-spotted catshark,0.0435137256000956,7,88
6,2002,37,Labridae and serranidae+,0.00767177450295214,4,64
6,2002,21,Other small pelagic fish,0.0408977746192982,4,64
6,2002,65,Other commercial decapods,0.000387416864074528,3,45
6,2002,50,Torpedos,0.00313690655488107,5,80
6,2002,16,Horse mackerels,0.472358064562436,5,80
6,2002,39,Other commercial shallow medium demersal fish,0.001943837066713,4,64
6,2003,55,Benthopelagic cephalopods,0.0344504858984225,7,94
6,2003,17,Other medium pelagic fishes,0.00317318190453027,3,45
6,2003,44,Commercial small demersal fish,0.00114591138024197,5,82
6,2003,23,No commercial meso (bathy) pelagic fishes,0.086633761783429,7,94
6,2003,38,Flatfishes,0.0109887534142974,7,94
6,2003,58,Benthic mollusc,0.0010907888078467,6,93
6,2003,33,Sparidae+,1.13770181384763,5,82
6,2003,66,Non-commercial decapods,0.187615308006634,7,94
6,2003,45,No commercial small demersal fish,0.00698574410165789,7,94
6,2003,41,No commercial medium demersal fish,0.0171841592985953,5,82
6,2003,25,European conger,0.00729737058429091,7,94
6,2003,34,Common dentex,0.000903814072185919,3,45
6,2003,57,Other benthic cephalopods,0.025586115527546,7,94
6,2003,19,Anchovy,0.372348143142534,5,82
6,2003,35,Scorpaenidae,0.0148928702784258,7,94
6,2003,24,Anglerfish,0.0218120042948341,7,94
6,2003,26,European hake juv.,0.203499187032269,7,94
6,2003,11,Non-commercial large pelagic fishes,0.0994348722337401,3,45
6,2003,43,Mullets,0.0419825417213888,5,82
6,2003,54,Coastal benthic cephalopods,0.0179882125000838,4,65
6,2003,31,Common pandora,0.0315054969516382,4,65
6,2003,67,Other macro-benthos,0.0009472536378273,5,82
6,2003,49,Rays and skates,0.0070196195913542,5,82
6,2003,18,Sardine,2.78358802140178,4,65
6,2003,20,Round sardinella,0.0227231008647145,3,45
6,2003,15,Mackerels,0.0086597718983004,4,65
6,2003,47,Small-spotted catshark,0.035206471095906,7,94
6,2003,37,Labridae and serranidae+,0.00442266235562908,5,82
6,2003,21,Other small pelagic fish,0.0305780846767534,4,65
6,2003,65,Other commercial decapods,0.000507424368785141,4,65
6,2003,16,Horse mackerels,0.381997652721956,7,94
6,2004,58,Benthic mollusc,0.00463253121075948,7,82
6,2004,55,Benthopelagic cephalopods,0.0478255979730079,7,82
6,2004,17,Other medium pelagic fishes,0.00270115959498969,3,39
6,2004,44,Commercial small demersal fish,0.00238711357779602,4,55
6,2004,38,Flatfishes,0.0194871157683462,7,82
6,2004,66,Non-commercial decapods,0.179054642992929,7,82
6,2004,45,No commercial small demersal fish,0.0126928707712374,7,82
6,2004,33,Sparidae+,0.919590713167374,5,70
6,2004,54,Coastal benthic cephalopods,0.013457483367442,5,70
6,2004,41,No commercial medium demersal fish,0.577103404135811,4,55
6,2004,25,European conger,0.00838528055150097,7,82
6,2004,57,Other benthic cephalopods,0.0525641688292242,7,82
6,2004,19,Anchovy,0.491154135865583,4,55
6,2004,35,Scorpaenidae,0.0308491426489685,7,82
6,2004,24,Anglerfish,0.061465470164463,7,82
6,2004,26,European hake juv.,0.246080311837599,7,82
6,2004,43,Mullets,0.035616419432952,5,70
6,2004,31,Common pandora,0.0180472423399674,4,55
6,2004,67,Other macro-benthos,0.00206072743338924,7,82
6,2004,49,Rays and skates,0.00738373222977206,5,70
6,2004,18,Sardine,0.561668949979399,4,55
6,2004,20,Round sardinella,0.0104674695423409,4,55
6,2004,15,Mackerels,0.0278000010136517,4,55
6,2004,47,Small-spotted catshark,0.0358462223495847,7,82
6,2004,37,Labridae and serranidae+,0.009866616662936,4,55
6,2004,21,Other small pelagic fish,0.0685174665298414,4,55
6,2004,65,Other commercial decapods,0.000478044719292139,5,70
6,2004,22,Benthopelagic fishes,0.0343064168507708,7,82
6,2004,16,Horse mackerels,0.816798140264963,7,82
6,2004,39,Other commercial shallow medium demersal fish,0.00208500844578924,6,81
6,2005,58,Benthic mollusc,0.00437151210214338,7,83
6,2005,55,Benthopelagic cephalopods,0.0502335460794287,7,83
6,2005,44,Commercial small demersal fish,0.00146596787496003,4,60
6,2005,38,Flatfishes,0.0341178524663167,7,83
6,2005,66,Non-commercial decapods,0.178919147989863,7,83
6,2005,45,No commercial small demersal fish,0.0112976847836936,5,74
6,2005,33,Sparidae+,1.12461686748042,4,60
6,2005,41,No commercial medium demersal fish,0.103809474410656,5,74
6,2005,25,European conger,0.00654646337642697,7,83
6,2005,57,Other benthic cephalopods,0.0492727034365335,7,83
6,2005,19,Anchovy,0.487352402444555,4,60
6,2005,35,Scorpaenidae,0.031760662971613,7,83
6,2005,24,Anglerfish,0.0466443407797418,7,83
6,2005,26,European hake juv.,0.159264661176481,7,83
6,2005,11,Non-commercial large pelagic fishes,0.0185338427025725,3,43
6,2005,43,Mullets,0.0299507580021182,5,74
6,2005,54,Coastal benthic cephalopods,0.0318166758621039,5,74
6,2005,31,Common pandora,0.0106268042072447,4,60
6,2005,67,Other macro-benthos,0.00287872607799578,5,74
6,2005,14,Other large pelagic fishes,0.0196481166658972,2,12
6,2005,49,Rays and skates,0.00829894306840144,5,74
6,2005,18,Sardine,1.98208523510375,4,60
6,2005,20,Round sardinella,0.095617119568829,3,43
6,2005,15,Mackerels,0.0421299546188941,4,60
6,2005,47,Small-spotted catshark,0.0549305392866413,7,83
6,2005,37,Labridae and serranidae+,0.011626822123621,4,60
6,2005,17,Other medium pelagic fishes,0.00974607786183632,3,43
6,2005,21,Other small pelagic fish,0.0751899969571666,4,60
6,2005,65,Other commercial decapods,0.000930328841241048,5,65
6,2005,50,Torpedos,0.0060728627375558,5,74
6,2005,16,Horse mackerels,0.7241433668242,7,83
6,2005,39,Other commercial shallow medium demersal fish,0.00427443428432544,5,74
6,2006,58,Benthic mollusc,0.00283451474652715,7,92
6,2006,55,Benthopelagic cephalopods,0.0593789204269888,7,92
6,2006,17,Other medium pelagic fishes,0.0182298333641293,4,61
6,2006,44,Commercial small demersal fish,0.000892941800518259,4,62
6,2006,38,Flatfishes,0.0473504216959314,7,92
6,2006,66,Non-commercial decapods,0.250336450416772,7,92
6,2006,45,No commercial small demersal fish,0.0116172501280025,7,92
6,2006,33,Sparidae+,1.51006991777411,5,79
6,2006,41,No commercial medium demersal fish,0.230068767548173,5,79
6,2006,35,Scorpaenidae,0.0414520499219301,7,92
6,2006,25,European conger,0.0262652560862108,7,92
6,2006,39,Other commercial shallow medium demersal fish,0.0161552309703897,5,79
6,2006,57,Other benthic cephalopods,0.0559687316865882,7,92
6,2006,19,Anchovy,0.389875344590462,4,62
6,2006,24,Anglerfish,0.105011762392495,7,92
6,2006,26,European hake juv.,0.293984690861359,7,92
6,2006,43,Mullets,0.0751673004515059,5,79
6,2006,48,Small demersal sharks,0.328889843420613,5,41
6,2006,54,Coastal benthic cephalopods,0.0944650958926975,5,79
6,2006,31,Common pandora,0.0387986031800636,3,44
6,2006,64,European lobster,0.000273043604917223,2,11
6,2006,67,Other macro-benthos,0.000688681406340379,4,62
6,2006,14,Other large pelagic fishes,0.00449465746429006,3,44
6,2006,49,Rays and skates,0.0125701703085697,5,79
6,2006,18,Sardine,1.97833983330389,4,62
6,2006,20,Round sardinella,0.0505611723395686,3,44
6,2006,15,Mackerels,0.0501079802012052,5,79
6,2006,47,Small-spotted catshark,0.0564476325529402,7,92
6,2006,37,Labridae and serranidae+,0.0166386055949418,4,62
6,2006,21,Other small pelagic fish,0.0719191162196868,5,79
6,2006,65,Other commercial decapods,0.00058603439889052,5,79
6,2006,16,Horse mackerels,3.17900202522175,7,92
6,2007,58,Benthic mollusc,0.00302679000791829,5,56
6,2007,55,Benthopelagic cephalopods,0.0471575433090909,7,66
6,2007,17,Other medium pelagic fishes,0.0395420615640211,3,32
6,2007,44,Commercial small demersal fish,0.000230398567581442,3,32
6,2007,38,Flatfishes,0.0448039152303592,7,66
6,2007,33,Sparidae+,1.19130505177987,4,46
6,2007,41,No commercial medium demersal fish,0.0696067972202481,5,55
6,2007,35,Scorpaenidae,0.0392899234537311,7,66
6,2007,25,European conger,0.0177972327567964,7,66
6,2007,66,Non-commercial decapods,0.40296218273914,7,66
6,2007,45,No commercial small demersal fish,0.0457391790471102,7,66
6,2007,34,Common dentex,0.0088952834561181,4,46
6,2007,39,Other commercial shallow medium demersal fish,0.0178275100640371,5,56
6,2007,57,Other benthic cephalopods,0.036735434230398,7,66
6,2007,19,Anchovy,0.190768517918902,4,46
6,2007,49,Rays and skates,0.0150608264005513,5,56
6,2007,26,European hake juv.,0.0727386814034934,7,66
6,2007,11,Non-commercial large pelagic fishes,0.157078556194356,2,6
6,2007,43,Mullets,0.11257263761584,5,56
6,2007,48,Small demersal sharks,0.397187944640496,5,26
6,2007,54,Coastal benthic cephalopods,0.0259742584243888,5,56
6,2007,31,Common pandora,0.0726484648046666,4,46
6,2007,67,Other macro-benthos,0.00215640481912591,6,56
6,2007,18,Sardine,1.11665812008854,4,46
6,2007,20,Round sardinella,0.111862884578534,3,32
6,2007,47,Small-spotted catshark,0.0562763193233349,7,66
6,2007,37,Labridae and serranidae+,0.0211978904822668,4,46
6,2007,21,Other small pelagic fish,0.211136836460909,4,46
6,2007,65,Other commercial decapods,0.00102065457342828,3,32
6,2007,16,Horse mackerels,5.6689897686744,5,56
6,2008,58,Benthic mollusc,0.00565119714819072,6,77
6,2008,55,Benthopelagic cephalopods,0.0385117135184889,7,78
6,2008,44,Commercial small demersal fish,9.9064686581801e-05,3,37
6,2008,38,Flatfishes,0.0158322007120947,7,78
6,2008,45,No commercial small demersal fish,0.0124911025111202,7,78
6,2008,33,Sparidae+,1.04311885493958,5,69
6,2008,66,Non-commercial decapods,0.0708300643890434,7,78
6,2008,17,Other medium pelagic fishes,0.0469028845414939,3,37
6,2008,41,No commercial medium demersal fish,0.00757342176531879,6,77
6,2008,25,European conger,0.0193458658204062,7,78
6,2008,37,Labridae and serranidae+,0.00248888585127858,5,69
6,2008,35,Scorpaenidae,0.0206874059432026,7,78
6,2008,34,Common dentex,0.0136668923968677,3,37
6,2008,57,Other benthic cephalopods,0.0131136041796767,7,78
6,2008,19,Anchovy,0.64057714743208,4,57
6,2008,24,Anglerfish,0.0250316828513188,5,69
6,2008,26,European hake juv.,0.092476446842689,7,78
6,2008,43,Mullets,0.0256393997790945,5,69
6,2008,48,Small demersal sharks,0.124397001151713,5,29
6,2008,49,Rays and skates,0.0515057109184954,5,69
6,2008,54,Coastal benthic cephalopods,0.059317014893111,5,69
6,2008,31,Common pandora,0.0296054654303253,4,57
6,2008,67,Other macro-benthos,0.00419565598741838,6,66
6,2008,18,Sardine,0.829127926963417,4,57
6,2008,20,Round sardinella,0.0348985867313382,3,37
6,2008,47,Small-spotted catshark,0.0417324072659646,7,78
6,2008,21,Other small pelagic fish,0.0592095963457602,4,57
6,2008,65,Other commercial decapods,0.000795946398439601,4,49
6,2008,39,Other commercial shallow medium demersal fish,0.00959687092862109,5,69
6,2008,16,Horse mackerels,2.69639930058613,7,78
6,2009,55,Benthopelagic cephalopods,0.0465557323066778,7,77
6,2009,44,Commercial small demersal fish,0.00129131940784338,4,55
6,2009,38,Flatfishes,0.0433669624608967,7,77
6,2009,58,Benthic mollusc,0.00200189880309595,7,77
6,2009,33,Sparidae+,0.857629397120778,4,55
6,2009,45,No commercial small demersal fish,0.0201792648033228,5,68
6,2009,17,Other medium pelagic fishes,0.00253850408224789,2,7
6,2009,41,No commercial medium demersal fish,0.0105002310371757,4,55
6,2009,35,Scorpaenidae,0.0646247879860818,7,77
6,2009,25,European conger,0.0174789181506751,7,77
6,2009,66,Non-commercial decapods,0.0862500400209741,7,77
6,2009,57,Other benthic cephalopods,0.0433677626300966,7,77
6,2009,24,Anglerfish,0.0650126055242316,7,77
6,2009,26,European hake juv.,0.128776218806994,7,77
6,2009,43,Mullets,0.0443493400808033,6,76
6,2009,54,Coastal benthic cephalopods,0.0470677146078979,4,55
6,2009,31,Common pandora,0.0227402531452818,4,55
6,2009,67,Other macro-benthos,0.00551356092962268,7,77
6,2009,18,Sardine,0.294261815505782,4,55
6,2009,20,Round sardinella,0.0522324708710081,3,35
6,2009,15,Mackerels,0.0608244219211499,4,55
6,2009,47,Small-spotted catshark,0.0568895974688961,7,77
6,2009,14,Other large pelagic fishes,0.00638939726572121,2,7
6,2009,37,Labridae and serranidae+,0.00724152826198576,4,55
6,2009,21,Other small pelagic fish,0.0315815581705162,5,68
6,2009,65,Other commercial decapods,0.00548568928720966,5,68
6,2009,16,Horse mackerels,1.43301077478935,7,77
6,2009,39,Other commercial shallow medium demersal fish,0.00865778032058483,5,68
6,2010,58,Benthic mollusc,0.00556706772405111,6,54
6,2010,55,Benthopelagic cephalopods,0.0613053655889276,7,55
6,2010,44,Commercial small demersal fish,4.22839696243493e-05,4,37
6,2010,38,Flatfishes,0.0212167500827804,7,55
6,2010,33,Sparidae+,0.720206989519015,4,37
6,2010,66,Non-commercial decapods,0.10004229615853,7,55
6,2010,41,No commercial medium demersal fish,0.012992911963441,4,37
6,2010,35,Scorpaenidae,0.0459163505633441,5,47
6,2010,25,European conger,0.0100692695303336,7,55
6,2010,45,No commercial small demersal fish,0.00821209012023545,7,55
6,2010,57,Other benthic cephalopods,0.0234297781524975,7,55
6,2010,19,Anchovy,0.874845764138867,4,37
6,2010,49,Rays and skates,0.0232128787616375,7,55
6,2010,24,Anglerfish,0.0672205343350824,7,55
6,2010,26,European hake juv.,0.133863193020202,7,55
6,2010,43,Mullets,0.0383103922804043,5,47
6,2010,54,Coastal benthic cephalopods,0.0612319359397558,4,37
6,2010,31,Common pandora,0.0773358820406391,4,37
6,2010,67,Other macro-benthos,0.000924212547889057,5,47
6,2010,18,Sardine,1.00425481451077,4,37
6,2010,20,Round sardinella,0.0479656626925438,3,25
6,2010,47,Small-spotted catshark,0.0410614698770336,7,55
6,2010,37,Labridae and serranidae+,0.00528691200828334,4,37
6,2010,17,Other medium pelagic fishes,0.023921821272495,4,37
6,2010,21,Other small pelagic fish,0.0843917310806948,4,37
6,2010,65,Other commercial decapods,0.00116617155069393,4,37
6,2010,39,Other commercial shallow medium demersal fish,0.00573514585271022,5,47
6,2010,16,Horse mackerels,0.949724910787581,5,47
6,2011,55,Benthopelagic cephalopods,0.0850342741478654,7,80
6,2011,58,Benthic mollusc,0.00169537682510507,6,79
6,2011,44,Commercial small demersal fish,2.19018339179381e-05,4,56
6,2011,38,Flatfishes,0.0496483660990478,7,80
6,2011,45,No commercial small demersal fish,0.0151375969754437,5,72
6,2011,33,Sparidae+,2.17557342694963,4,56
6,2011,66,Non-commercial decapods,0.181940222626761,7,80
6,2011,17,Other medium pelagic fishes,0.0249252380269058,3,36
6,2011,35,Scorpaenidae,0.0698872353318598,7,80
6,2011,25,European conger,0.00556866468578269,7,80
6,2011,57,Other benthic cephalopods,0.0512246763357323,7,80
6,2011,19,Anchovy,0.411493260415835,4,56
6,2011,24,Anglerfish,0.0524370378747314,7,80
6,2011,26,European hake juv.,0.111212515382118,7,80
6,2011,43,Mullets,0.0401850613527064,5,72
6,2011,54,Coastal benthic cephalopods,0.196975829754058,5,72
6,2011,41,No commercial medium demersal fish,0.00800207609222394,5,72
6,2011,31,Common pandora,0.0619351070354165,3,36
6,2011,67,Other macro-benthos,0.00234516478690035,5,72
6,2011,49,Rays and skates,0.0152525186938788,4,44
6,2011,18,Sardine,0.69009215598786,4,56
6,2011,20,Round sardinella,0.0541680438868769,2,8
6,2011,15,Mackerels,0.300564882773588,4,56
6,2011,47,Small-spotted catshark,0.0812070678844882,7,80
6,2011,48,Small demersal sharks,0.167899937307168,5,32
6,2011,37,Labridae and serranidae+,0.00566250203227812,4,56
6,2011,21,Other small pelagic fish,0.17579717407297,4,56
6,2011,65,Other commercial decapods,0.000139613427490983,4,56
6,2011,39,Other commercial shallow medium demersal fish,0.0131190486894514,5,72
6,2011,16,Horse mackerels,2.09844076876049,5,72
6,2012,58,Benthic mollusc,0.00204116954083056,7,91
6,2012,70,Corals and gorgonians,0.00112030164904413,6,90
6,2012,55,Benthopelagic cephalopods,0.0499315442450176,7,91
6,2012,67,Other macro-benthos,0.0141318500617373,7,91
6,2012,44,Commercial small demersal fish,0.000190831817992788,4,66
6,2012,38,Flatfishes,0.0336085944379536,7,91
6,2012,45,No commercial small demersal fish,0.0172066625070631,7,91
6,2012,33,Sparidae+,1.44524098366286,4,66
6,2012,54,Coastal benthic cephalopods,0.0761799629796524,5,82
6,2012,41,No commercial medium demersal fish,0.0101470272876644,4,66
6,2012,68,Jellyfish,0.00212770466362447,3,32
6,2012,25,European conger,0.0149341237724327,7,91
6,2012,66,Non-commercial decapods,0.169725159290348,7,91
6,2012,57,Other benthic cephalopods,0.030297927899691,7,91
6,2012,19,Anchovy,0.668957917961669,4,66
6,2012,35,Scorpaenidae,0.028151347560604,7,91
6,2012,24,Anglerfish,0.0630274112042988,7,91
6,2012,26,European hake juv.,0.1110020442511,7,91
6,2012,11,Non-commercial large pelagic fishes,0.0632168025376017,3,44
6,2012,43,Mullets,0.0566704512009362,6,90
6,2012,31,Common pandora,0.0493365603919725,4,66
6,2012,64,European lobster,0.00156730906491336,4,60
6,2012,14,Other large pelagic fishes,0.00334705063445428,3,44
6,2012,49,Rays and skates,0.0179640029482829,5,82
6,2012,18,Sardine,0.413463287903813,4,66
6,2012,20,Round sardinella,0.0155634676708063,3,44
6,2012,15,Mackerels,0.0657548438863625,4,66
6,2012,47,Small-spotted catshark,0.0386805726955518,7,91
6,2012,37,Labridae and serranidae+,0.00502986519028047,5,82
6,2012,17,Other medium pelagic fishes,0.04462440062154,4,66
6,2012,21,Other small pelagic fish,0.0262372145768762,4,66
6,2012,65,Other commercial decapods,0.00200209180052123,3,44
6,2012,50,Torpedos,0.00539114708104498,5,82
6,2012,16,Horse mackerels,1.09591163957571,5,82
6,2012,39,Other commercial shallow medium demersal fish,0.0124846436210804,6,90
6,2013,55,Benthopelagic cephalopods,0.153153689008617,7,99
6,2013,58,Benthic mollusc,0.00514331663379673,6,98
6,2013,70,Corals and gorgonians,0.000603659249576898,6,98
6,2013,67,Other macro-benthos,0.0623674371585374,7,99
6,2013,44,Commercial small demersal fish,0.000152719408592803,4,73
6,2013,38,Flatfishes,0.0695972419771729,7,99
6,2013,66,Non-commercial decapods,0.217210414395993,7,99
6,2013,45,No commercial small demersal fish,0.0208176195147507,7,99
6,2013,33,Sparidae+,1.55759944684883,5,90
6,2013,17,Other medium pelagic fishes,0.0295901962920907,3,49
6,2013,41,No commercial medium demersal fish,0.020814068195604,5,90
6,2013,35,Scorpaenidae,0.039991858093297,7,99
6,2013,25,European conger,0.0180420733616585,7,99
6,2013,57,Other benthic cephalopods,0.0614334325869762,7,99
6,2013,19,Anchovy,0.603143219814652,4,73
6,2013,49,Rays and skates,0.0317681448939855,5,90
6,2013,24,Anglerfish,0.0816541895206294,7,99
6,2013,26,European hake juv.,0.142278492031057,5,90
6,2013,43,Mullets,0.0490706223015096,5,90
6,2013,54,Coastal benthic cephalopods,0.118259860202252,5,90
6,2013,31,Common pandora,0.0451625688097049,4,73
6,2013,64,European lobster,0.00141599872987271,3,49
6,2013,69,Salps and other gelatinous zooplankton,0.00588772971940254,6,98
6,2013,18,Sardine,0.370169836784204,4,73
6,2013,20,Round sardinella,0.148951577282392,3,49
6,2013,15,Mackerels,0.0212510298357884,4,66
6,2013,47,Small-spotted catshark,0.0799660818180614,7,99
6,2013,37,Labridae and serranidae+,0.0086911310083231,4,73
6,2013,21,Other small pelagic fish,0.0670404732289395,4,73
6,2013,65,Other commercial decapods,0.00140341689921274,5,90
6,2013,50,Torpedos,0.00366845224158506,4,73
6,2013,16,Horse mackerels,0.867996154535488,5,90
6,2013,39,Other commercial shallow medium demersal fish,0.0106500266905135,5,90
6,2014,58,Benthic mollusc,0.00289900591927026,6,100
6,2014,70,Corals and gorgonians,0.000605303973233828,5,91
6,2014,55,Benthopelagic cephalopods,0.10025481505704,7,101
6,2014,17,Other medium pelagic fishes,0.0365235076882295,2,12
6,2014,67,Other macro-benthos,0.0548848609015904,7,101
6,2014,44,Commercial small demersal fish,0.000123136701657212,4,75
6,2014,38,Flatfishes,0.044237123750505,7,101
6,2014,45,No commercial small demersal fish,0.0157021081439126,7,101
6,2014,33,Sparidae+,0.67643968500981,5,91
6,2014,41,No commercial medium demersal fish,0.0286708923706165,5,91
6,2014,35,Scorpaenidae,0.0457288738239225,7,101
6,2014,25,European conger,0.0089275991224586,7,101
6,2014,66,Non-commercial decapods,0.218234137411208,7,101
6,2014,34,Common dentex,0.00912228681562116,3,50
6,2014,57,Other benthic cephalopods,0.0306785143258274,7,101
6,2014,19,Anchovy,2.0578883609209,5,91
6,2014,24,Anglerfish,0.0747479641500024,7,101
6,2014,26,European hake juv.,0.12767608756259,7,101
6,2014,43,Mullets,0.0673149788084012,5,91
6,2014,54,Coastal benthic cephalopods,0.0735575777411518,6,100
6,2014,31,Common pandora,0.0433251088104956,4,75
6,2014,14,Other large pelagic fishes,0.000931813674480082,2,12
6,2014,49,Rays and skates,0.0316688283015722,6,100
6,2014,18,Sardine,0.554719658893877,4,75
6,2014,20,Round sardinella,0.0503526285390783,3,50
6,2014,39,Other commercial shallow medium demersal fish,0.0111151992191949,4,75
6,2014,15,Mackerels,0.0434370481100229,3,50
6,2014,47,Small-spotted catshark,0.0692600856695671,7,101
6,2014,37,Labridae and serranidae+,0.00706987781401651,4,75
6,2014,21,Other small pelagic fish,0.0804536627326575,5,91
6,2014,65,Other commercial decapods,0.000761657247911779,4,75
6,2014,22,Benthopelagic fishes,0.0589510620465032,7,101
6,2014,50,Torpedos,0.00340761482538523,5,91
6,2014,16,Horse mackerels,0.741888575954993,7,101
6,2015,70,Corals and gorgonians,0.0020057075925022,5,90
6,2015,55,Benthopelagic cephalopods,0.0281300113352912,7,103
6,2015,17,Other medium pelagic fishes,0.0250842127816457,3,45
6,2015,58,Benthic mollusc,0.0110405585492661,7,103
6,2015,67,Other macro-benthos,0.187338943437136,7,103
6,2015,44,Commercial small demersal fish,5.30315889969023e-05,3,45
6,2015,38,Flatfishes,0.110631448211565,7,103
6,2015,45,No commercial small demersal fish,0.0311681128597397,7,103
6,2015,33,Sparidae+,0.399509974602675,5,90
6,2015,66,Non-commercial decapods,0.172871094592694,7,103
6,2015,41,No commercial medium demersal fish,0.023232777603407,4,71
6,2015,35,Scorpaenidae,0.0526728441790367,7,103
6,2015,25,European conger,0.0130471134701867,7,103
6,2015,57,Other benthic cephalopods,0.0339477047806631,7,103
6,2015,19,Anchovy,2.1054857608867,4,71
6,2015,49,Rays and skates,0.0458208676068609,7,103
6,2015,24,Anglerfish,0.121641516929095,7,103
6,2015,26,European hake juv.,0.0888767562412166,7,103
6,2015,43,Mullets,0.065016207121915,6,102
6,2015,48,Small demersal sharks,0.307717734081957,6,68
6,2015,54,Coastal benthic cephalopods,0.070798810718007,4,71
6,2015,31,Common pandora,0.0392999769137987,4,71
6,2015,69,Salps and other gelatinous zooplankton,0.0109566011945417,6,102
6,2015,18,Sardine,0.630206777784435,4,71
6,2015,20,Round sardinella,0.0200746462399449,3,45
6,2015,15,Mackerels,0.268761755524128,4,71
6,2015,47,Small-spotted catshark,0.0575353478040983,7,103
6,2015,37,Labridae and serranidae+,0.00828219283406439,4,71
6,2015,21,Other small pelagic fish,0.0822655393753819,5,90
6,2015,65,Other commercial decapods,0.00176979969091276,4,64
6,2015,16,Horse mackerels,0.556584202745115,7,103
6,2015,39,Other commercial shallow medium demersal fish,0.00626514602214329,5,90
6,2016,58,Benthic mollusc,0.00773856500019696,7,107
6,2016,70,Corals and gorgonians,0.00141702827551242,6,106
6,2016,55,Benthopelagic cephalopods,0.0964736770368353,7,107
6,2016,17,Other medium pelagic fishes,0.0185320815579608,3,47
6,2016,67,Other macro-benthos,0.32608442079184,7,107
6,2016,44,Commercial small demersal fish,7.99672940958736e-06,3,47
6,2016,38,Flatfishes,0.0784103184787663,7,107
6,2016,66,Non-commercial decapods,0.149588936487308,7,107
6,2016,45,No commercial small demersal fish,0.111676354046952,7,107
6,2016,33,Sparidae+,0.374579646090546,5,95
6,2016,54,Coastal benthic cephalopods,0.0611963521941295,5,95
6,2016,41,No commercial medium demersal fish,0.0154176850599132,5,95
6,2016,35,Scorpaenidae,0.070831004021489,7,107
6,2016,25,European conger,0.00896360660079509,7,107
6,2016,57,Other benthic cephalopods,0.0244329792957028,7,107
6,2016,19,Anchovy,2.02400913018738,4,74
6,2016,24,Anglerfish,0.0479832488021899,7,107
6,2016,26,European hake juv.,0.0746553713007494,7,107
6,2016,43,Mullets,0.0775914002062636,5,95
6,2016,31,Common pandora,0.0554483715911732,5,95
6,2016,49,Rays and skates,0.0342868725227965,5,95
6,2016,18,Sardine,0.429287294730761,4,74
6,2016,15,Mackerels,0.0789342453672192,4,74
6,2016,47,Small-spotted catshark,0.0763435443924939,7,107
6,2016,37,Labridae and serranidae+,0.0185303039976386,4,74
6,2016,21,Other small pelagic fish,0.142955126149959,7,107
6,2016,65,Other commercial decapods,0.00267779032101646,5,95
6,2016,50,Torpedos,0.00348834470660817,4,74
6,2016,39,Other commercial shallow medium demersal fish,0.00251524227030095,5,95
6,2016,16,Horse mackerels,1.96363158847626,7,107
6,2016,76,Macroalgae,0.0215513102124979,5,95
6,2017,58,Benthic mollusc,0.0033535103152978,6,106
6,2017,70,Corals and gorgonians,0.00172573905813853,6,106
6,2017,55,Benthopelagic cephalopods,0.0633799433902481,7,107
6,2017,17,Other medium pelagic fishes,0.0164671754992154,3,47
6,2017,44,Commercial small demersal fish,4.68014703373056e-05,4,74
6,2017,38,Flatfishes,0.0205977394620589,7,107
6,2017,67,Other macro-benthos,0.0629336197351765,7,107
6,2017,45,No commercial small demersal fish,0.149165151061398,7,107
6,2017,33,Sparidae+,0.497533891416341,6,106
6,2017,41,No commercial medium demersal fish,0.0353505439067505,5,95
6,2017,35,Scorpaenidae,0.0396471032149519,7,107
6,2017,76,Macroalgae,0.000342228074683266,6,106
6,2017,25,European conger,0.0140665922290398,7,107
6,2017,66,Non-commercial decapods,0.0798034182419343,7,107
6,2017,57,Other benthic cephalopods,0.0168866171574328,7,107
6,2017,19,Anchovy,3.59375099317325,4,74
6,2017,24,Anglerfish,0.0819074279563201,7,107
6,2017,26,European hake juv.,0.105539343537286,7,107
6,2017,11,Non-commercial large pelagic fishes,0.0337227807822567,3,47
6,2017,43,Mullets,0.0637418924504603,5,95
6,2017,49,Rays and skates,0.0474936109943745,6,106
6,2017,54,Coastal benthic cephalopods,0.0920589979025779,5,95
6,2017,31,Common pandora,0.0636174454520717,4,74
6,2017,69,Salps and other gelatinous zooplankton,0.0864788981860469,6,106
6,2017,18,Sardine,1.48011779222111,5,95
6,2017,20,Round sardinella,0.0668095129351045,3,47
6,2017,15,Mackerels,0.0649934405163228,5,95
6,2017,47,Small-spotted catshark,0.0390522322624084,7,107
6,2017,37,Labridae and serranidae+,0.00478799805518017,5,95
6,2017,21,Other small pelagic fish,0.249336066722274,5,95
6,2017,65,Other commercial decapods,0.00243474904320081,5,95
6,2017,16,Horse mackerels,1.76500911810482,7,107
6,2017,39,Other commercial shallow medium demersal fish,0.00552731750917931,5,95
6,2018,70,Corals and gorgonians,0.00456460474993826,5,93
6,2018,55,Benthopelagic cephalopods,0.0926971111833494,7,103
6,2018,17,Other medium pelagic fishes,0.00215237555555521,3,46
6,2018,67,Other macro-benthos,0.117549157647116,7,103
6,2018,44,Commercial small demersal fish,5.49024005142237e-05,4,72
6,2018,38,Flatfishes,0.0489127503956703,7,103
6,2018,66,Non-commercial decapods,0.0922929287034056,7,103
6,2018,45,No commercial small demersal fish,0.134694568705597,7,103
6,2018,58,Benthic mollusc,0.0595630794871613,6,102
6,2018,33,Sparidae+,0.256042374326572,5,93
6,2018,41,No commercial medium demersal fish,0.152136904449253,4,72
6,2018,76,Macroalgae,0.000186979123388566,3,46
6,2018,25,European conger,0.0125959542121081,7,103
6,2018,57,Other benthic cephalopods,0.0259282698743486,7,103
6,2018,19,Anchovy,1.67190423485954,4,72
6,2018,35,Scorpaenidae,0.077678238690669,7,103
6,2018,24,Anglerfish,0.0385712664845116,5,93
6,2018,26,European hake juv.,0.0818354336132028,7,103
6,2018,43,Mullets,0.0692927012272782,5,93
6,2018,54,Coastal benthic cephalopods,0.0566681080412697,5,93
6,2018,31,Common pandora,0.0329689955920685,4,72
6,2018,49,Rays and skates,0.0293587336761305,5,93
6,2018,69,Salps and other gelatinous zooplankton,0.0515242592775318,6,102
6,2018,18,Sardine,0.539742691881928,4,72
6,2018,20,Round sardinella,0.071625802933538,4,72
6,2018,15,Mackerels,0.0519540623368243,4,72
6,2018,47,Small-spotted catshark,0.0446742647579106,7,103
6,2018,37,Labridae and serranidae+,0.0147544853824273,4,72
6,2018,21,Other small pelagic fish,0.143496942417382,5,93
6,2018,65,Other commercial decapods,0.00430854314986701,4,72
6,2018,50,Torpedos,0.00617948415858835,5,93
6,2018,16,Horse mackerels,1.84563262824433,5,93
6,2018,39,Other commercial shallow medium demersal fish,0.0055204581552894,5,93
6,2019,58,Benthic mollusc,0.0169413704080967,7,106
6,2019,70,Corals and gorgonians,0.00227357057958705,6,105
6,2019,55,Benthopelagic cephalopods,0.0544710911835589,7,106
6,2019,67,Other macro-benthos,0.089490551364346,7,106
6,2019,44,Commercial small demersal fish,2.60019648251655e-05,5,96
6,2019,38,Flatfishes,0.0307535809103711,7,106
6,2019,45,No commercial small demersal fish,0.0318327965518758,7,106
6,2019,33,Sparidae+,0.970688706009198,5,96
6,2019,17,Other medium pelagic fishes,0.0155320203741084,3,47
6,2019,41,No commercial medium demersal fish,0.0145902818773841,5,96
6,2019,66,Non-commercial decapods,0.120342599122326,7,106
6,2019,57,Other benthic cephalopods,0.0166072373132121,7,106
6,2019,19,Anchovy,2.99043673527045,5,96
6,2019,35,Scorpaenidae,0.038859270744238,7,106
6,2019,24,Anglerfish,0.0474092511470768,7,106
6,2019,26,European hake juv.,0.0968794826459513,7,106
6,2019,43,Mullets,0.0663541449365166,5,96
6,2019,49,Rays and skates,0.0297152107913744,5,96
6,2019,54,Coastal benthic cephalopods,0.111671379898877,5,96
6,2019,31,Common pandora,0.0382627053383992,4,75
6,2019,18,Sardine,0.745191761897041,4,75
6,2019,20,Round sardinella,0.0191979468451667,3,47
6,2019,15,Mackerels,0.0627060665514611,5,96
6,2019,47,Small-spotted catshark,0.0431110366435054,7,106
6,2019,37,Labridae and serranidae+,0.00858897003063743,4,75
6,2019,21,Other small pelagic fish,0.420368470358745,4,75
6,2019,65,Other commercial decapods,0.000667129617750036,3,47
6,2019,16,Horse mackerels,4.52815802845494,5,96
6,2019,76,Macroalgae,0.0831823870869056,4,75
6,2019,39,Other commercial shallow medium demersal fish,0.00955889077909539,5,96
6,2020,70,Corals and gorgonians,0.00110305912509773,5,46
6,2020,55,Benthopelagic cephalopods,0.025886438516326,7,54
6,2020,67,Other macro-benthos,0.015988098554492,7,54
6,2020,44,Commercial small demersal fish,0.000205071930963231,3,25
6,2020,38,Flatfishes,0.0372490417325823,7,54
6,2020,58,Benthic mollusc,0.00383618997006474,6,53
6,2020,33,Sparidae+,0.470589984258732,5,46
6,2020,45,No commercial small demersal fish,0.0219151595050068,7,54
6,2020,41,No commercial medium demersal fish,0.0160129597867442,5,46
6,2020,35,Scorpaenidae,0.0301943266244588,7,54
6,2020,76,Macroalgae,0.000761528237063467,5,46
6,2020,25,European conger,0.0120175690406691,7,54
6,2020,66,Non-commercial decapods,0.104841677612349,7,54
6,2020,57,Other benthic cephalopods,0.0153931914413867,7,54
6,2020,19,Anchovy,8.80495064345973,5,46
6,2020,24,Anglerfish,0.0779640537846982,7,54
6,2020,26,European hake juv.,0.0852414752607806,7,54
6,2020,43,Mullets,0.104603229681527,5,46
6,2020,54,Coastal benthic cephalopods,0.00951081471265064,4,36
6,2020,31,Common pandora,0.0518277186721647,4,36
6,2020,68,Jellyfish,0.185456398719767,7,54
6,2020,18,Sardine,3.53940952657054,4,36
6,2020,20,Round sardinella,0.0142124641911056,2,7
6,2020,39,Other commercial shallow medium demersal fish,0.00484444511148502,5,46
6,2020,15,Mackerels,0.158709321026587,4,36
6,2020,47,Small-spotted catshark,0.0305096687930456,7,54
6,2020,37,Labridae and serranidae+,0.00442031186332314,4,36
6,2020,17,Other medium pelagic fishes,0.00464328206768399,2,7
6,2020,21,Other small pelagic fish,0.0848825840761113,4,36
6,2020,65,Other commercial decapods,0.00141076061480731,3,25
6,2020,16,Horse mackerels,8.13095317414743,7,54
6,2021,70,Corals and gorgonians,0.00148468547909282,6,107
6,2021,55,Benthopelagic cephalopods,0.0781341315903179,7,108
6,2021,67,Other macro-benthos,0.0634197818501364,7,108
6,2021,44,Commercial small demersal fish,3.0715920648332e-05,3,45
6,2021,38,Flatfishes,0.053575818362541,7,108
6,2021,45,No commercial small demersal fish,0.050480011753465,7,108
6,2021,58,Benthic mollusc,0.0110392200299155,6,107
6,2021,33,Sparidae+,0.218504192838426,5,96
6,2021,66,Non-commercial decapods,0.146371618446667,7,108
6,2021,41,No commercial medium demersal fish,0.0376965371665559,5,96
6,2021,25,European conger,0.00861397631218043,7,108
6,2021,57,Other benthic cephalopods,0.0121949767471242,7,108
6,2021,19,Anchovy,2.96701377873543,5,83
6,2021,35,Scorpaenidae,0.0562851119081961,7,108
6,2021,26,European hake juv.,0.136629832089071,7,108
6,2021,43,Mullets,0.0587666032671627,5,96
6,2021,48,Small demersal sharks,0.290181399328207,6,81
6,2021,54,Coastal benthic cephalopods,0.0612134265935721,5,96
6,2021,31,Common pandora,0.0300269650188068,4,72
6,2021,59,Deep-water rose shrimp,0.020471704583565,7,108
6,2021,49,Rays and skates,0.0287155016110788,5,96
6,2021,18,Sardine,5.3097991192298,4,72
6,2021,20,Round sardinella,0.0101208769602774,3,45
6,2021,15,Mackerels,0.0862739552510941,5,96
6,2021,47,Small-spotted catshark,0.0506454362965147,7,108
6,2021,37,Labridae and serranidae+,0.0106604179483504,5,96
6,2021,21,Other small pelagic fish,0.580613569160568,4,72
6,2021,65,Other commercial decapods,0.00155417112838354,4,72
6,2021,16,Horse mackerels,3.152082495672,7,108
6,2021,76,Macroalgae,0.0482117120208262,4,72
6,2021,39,Other commercial shallow medium demersal fish,0.00358672816527682,5,96
6,1994,40,Other commercial deep medium demersal fish,0.0529824931886943,6,54
6,1994,24,Anglerfish,0.0432635785353873,6,54
6,1995,40,Other commercial deep medium demersal fish,0.0560626966627207,6,75
6,1995,32,Blackspot seabream,0.000857911995641011,6,75
6,1995,49,Rays and skates,0.00377179350729223,4,63
6,1997,29,Poor cod,0.02501253471079,3,46
6,1998,40,Other commercial deep medium demersal fish,0.0448072934972197,6,57
6,1999,32,Blackspot seabream,0.00192604320260548,4,63
6,2000,32,Blackspot seabream,0.00447363336536818,6,74
6,2000,29,Poor cod,0.0343861686656924,4,66
6,2001,24,Anglerfish,0.0369525063576334,6,78
6,2001,32,Blackspot seabream,0.014183596123181,6,78
6,2002,24,Anglerfish,0.0217468901555599,6,87
6,2002,32,Blackspot seabream,0.00196772535985641,6,87
6,2002,29,Poor cod,0.0168389985723804,4,79
6,2003,32,Blackspot seabream,0.00193742200266592,6,93
6,2003,29,Poor cod,0.0139285573585312,3,64
6,2003,40,Other commercial deep medium demersal fish,0.059835600058858,6,93
6,2004,32,Blackspot seabream,0.00268250455040714,6,81
6,2004,29,Poor cod,0.0150868521006578,4,69
6,2005,32,Blackspot seabream,0.0157355852851037,6,82
6,2005,29,Poor cod,0.0783484760760159,4,73
6,2005,40,Other commercial deep medium demersal fish,0.0417342113952393,6,82
6,2006,32,Blackspot seabream,0.00468574323879676,6,91
6,2006,50,Torpedos,0.0070436757992626,4,78
6,2008,32,Blackspot seabream,0.00312957512610867,6,77
6,2009,29,Poor cod,0.0143581849183117,4,67
6,2010,32,Blackspot seabream,0.00805825527704085,5,42
6,2011,32,Blackspot seabream,0.00381735043827398,6,79
6,2011,29,Poor cod,0.0292261054100851,4,71
6,2012,76,Macroalgae,0.010977811690593,2,43
6,2012,62,Caramote prawn,9.3787854648123e-05,1,9
6,2013,76,Macroalgae,0.00487766111851772,5,97
6,2013,32,Blackspot seabream,0.00338884264969703,4,89
6,2013,29,Poor cod,0.0586036522400298,4,89
6,2014,32,Blackspot seabream,0.00510297619499614,6,100
6,2014,76,Macroalgae,0.0308677961483689,3,74
6,2014,29,Poor cod,0.0380629184654935,4,90
6,2015,76,Macroalgae,0.0550145961002533,4,89
6,2015,29,Poor cod,0.0176970710825491,4,89
6,2016,32,Blackspot seabream,0.00290578028162616,6,106
6,2016,29,Poor cod,0.0378324589801243,4,94
6,2017,32,Blackspot seabream,0.00278339216542463,6,106
6,2017,29,Poor cod,0.016632708810813,4,94
6,2017,40,Other commercial deep medium demersal fish,0.0540681496502625,5,70
6,2018,73,Suprabenthos,7.5525604557436e-06,6,102
6,2018,32,Blackspot seabream,0.00256764643700977,6,102
6,2018,29,Poor cod,0.0302314684810716,4,92
6,2018,40,Other commercial deep medium demersal fish,0.0497272038247916,6,102
6,2019,32,Blackspot seabream,0.00273535170305238,6,105
6,2019,29,Poor cod,0.0185070603818416,4,95
6,2020,73,Suprabenthos,1.80022613468969e-06,4,24
6,2020,32,Blackspot seabream,0.00997138622716928,6,53
6,2020,29,Poor cod,0.0288463553814997,4,45
6,2020,40,Other commercial deep medium demersal fish,0.0745927314124985,6,53
6,2021,24,Anglerfish,0.088363584303154,6,107
6,2021,32,Blackspot seabream,0.0088609143111883,6,107
6,2021,29,Poor cod,0.0331633974944145,4,95
6,2021,40,Other commercial deep medium demersal fish,0.0928456500126758,6,107
6,1994,30,Blue whiting,0.194653044278062,5,47
6,1994,28,Other commercial large demersal fish,0.000228181160033388,5,47
6,1994,63,Norway lobster,0.00884265306467941,5,47
6,1994,32,Blackspot seabream,0.00119137048527986,3,39
6,1994,59,Deep-water rose shrimp,0.000388702123102501,3,39
6,1994,62,Caramote prawn,6.55268421608195e-05,1,20
6,1994,49,Rays and skates,0.0065524519408218,3,39
6,1994,47,Small-spotted catshark,0.0110735559421671,5,47
6,1994,29,Poor cod,0.00306379813362385,2,30
6,1994,39,Other commercial shallow medium demersal fish,0.00430914100618941,2,30
6,1995,46,Bathydemersal (deep sea) fish,0.0459927350871132,5,67
6,1995,22,Benthopelagic fishes,0.0339458860787676,5,67
6,1995,71,Macro zooplankton,1.36039609726101e-06,5,67
6,1995,63,Norway lobster,0.0108380733688122,5,67
6,1995,64,European lobster,0.000209941189027176,1,25
6,1995,59,Deep-water rose shrimp,0.000731812734123906,3,55
6,1995,47,Small-spotted catshark,0.00886045928459169,5,67
6,1995,50,Torpedos,0.00413506003532793,2,41
6,1995,29,Poor cod,0.00194798561143661,2,41
6,1996,40,Other commercial deep medium demersal fish,0.0545391622818566,5,62
6,1996,22,Benthopelagic fishes,0.0521196338952403,5,62
6,1996,63,Norway lobster,0.0183660411176569,4,46
6,1996,32,Blackspot seabream,0.00158885639643941,5,62
6,1996,15,Mackerels,0.0160218639195611,2,42
6,1996,47,Small-spotted catshark,0.0235913105800937,5,62
6,1996,29,Poor cod,0.00402022657712756,2,42
6,1997,40,Other commercial deep medium demersal fish,0.0979990700338153,5,58
6,1997,24,Anglerfish,0.0881065204599049,5,58
6,1997,30,Blue whiting,0.397604329144459,5,58
6,1997,32,Blackspot seabream,0.00211088616261529,5,58
6,1997,47,Small-spotted catshark,0.0506270714232653,5,58
6,1998,46,Bathydemersal (deep sea) fish,0.020252894133458,5,49
6,1998,22,Benthopelagic fishes,0.0105770046135346,5,49
6,1998,24,Anglerfish,0.0264532696800815,3,44
6,1998,32,Blackspot seabream,0.00144417813457443,4,43
6,1998,64,European lobster,0.000768663939347206,1,26
6,1998,67,Other macro-benthos,0.00168363671647494,3,44
6,1998,47,Small-spotted catshark,0.00607257828806293,3,44
6,1998,50,Torpedos,0.00261256811266594,2,38
6,1998,29,Poor cod,0.0172175722888403,3,44
6,1999,40,Other commercial deep medium demersal fish,0.0398851502548458,5,66
6,1999,11,Non-commercial large pelagic fishes,0.0289183906677422,1,27
6,1999,48,Small demersal sharks,0.139392113933475,4,50
6,1999,63,Norway lobster,0.00222611820937949,5,66
6,1999,59,Deep-water rose shrimp,0.000827200665898942,3,55
6,1999,68,Jellyfish,2.42519884421669e-06,1,27
6,1999,50,Torpedos,0.000229507730741653,2,43
6,1999,29,Poor cod,0.0124710128680672,3,55
6,2000,46,Bathydemersal (deep sea) fish,0.0568935217721232,5,65
6,2000,40,Other commercial deep medium demersal fish,0.0891180822520617,5,65
6,2000,48,Small demersal sharks,0.15121110023592,4,48
6,2000,63,Norway lobster,0.0103392621935872,5,65
6,2000,59,Deep-water rose shrimp,0.00203138037425222,3,57
6,2000,47,Small-spotted catshark,0.0756325978712349,5,65
6,2000,14,Other large pelagic fishes,0.00160291101510415,1,29
6,2000,50,Torpedos,0.00165962165535848,2,46
6,2001,34,Common dentex,0.00252983094939806,1,29
6,2001,40,Other commercial deep medium demersal fish,0.0767553108985217,5,71
6,2001,22,Benthopelagic fishes,0.0522144077116391,5,71
6,2001,23,No commercial meso (bathy) pelagic fishes,0.0578294249766758,5,71
6,2001,63,Norway lobster,0.0296588135803725,5,71
6,2001,64,European lobster,0.00135786520103703,2,47
6,2001,49,Rays and skates,0.00459486791905919,2,47
6,2001,50,Torpedos,0.00124359139709535,2,47
6,2001,29,Poor cod,0.0173881290221965,2,47
6,2002,49,Rays and skates,0.00794595687465445,3,69
6,2002,40,Other commercial deep medium demersal fish,0.0600817611380319,5,77
6,2002,22,Benthopelagic fishes,0.0493133548082015,5,77
6,2002,23,No commercial meso (bathy) pelagic fishes,0.0958065687004867,5,77
6,2002,48,Small demersal sharks,0.477223243686133,4,58
6,2002,63,Norway lobster,0.012304873463046,5,77
6,2002,56,Mesopelagic cephalopods,0.00391948259168734,4,58
6,2002,59,Deep-water rose shrimp,0.000570809857209516,3,69
6,2003,22,Benthopelagic fishes,0.0151755567404079,5,85
6,2003,73,Suprabenthos,9.24491102118e-06,4,65
6,2003,59,Deep-water rose shrimp,0.000187026969613075,3,73
6,2003,39,Other commercial shallow medium demersal fish,0.00425485035933683,3,73
6,2003,50,Torpedos,0.000680089196685574,1,36
6,2004,40,Other commercial deep medium demersal fish,0.0668634231500204,5,73
6,2004,71,Macro zooplankton,1.05456106005921e-05,5,73
6,2004,30,Blue whiting,0.591707960569083,5,73
6,2004,23,No commercial meso (bathy) pelagic fishes,0.151390016557478,5,73
6,2004,63,Norway lobster,0.0109364747188309,5,73
6,2004,59,Deep-water rose shrimp,0.0019680982831539,3,61
6,2004,50,Torpedos,0.000725927353729903,1,30
6,2005,22,Benthopelagic fishes,0.125107902630077,5,71
6,2005,30,Blue whiting,1.33437337267022,5,71
6,2005,63,Norway lobster,0.00654425042270787,5,71
6,2005,46,Bathydemersal (deep sea) fish,0.145394585528883,5,71
6,2006,46,Bathydemersal (deep sea) fish,0.346971492076125,5,81
6,2006,40,Other commercial deep medium demersal fish,0.074302942018568,5,81
6,2006,22,Benthopelagic fishes,0.128357893902664,5,81
6,2006,63,Norway lobster,0.0126699340284893,5,81
6,2006,59,Deep-water rose shrimp,0.000558593629557086,3,68
6,2006,29,Poor cod,0.0907824546687712,3,68
6,2007,40,Other commercial deep medium demersal fish,0.0975026818138723,5,60
6,2007,22,Benthopelagic fishes,0.124821831462403,5,60
6,2007,24,Anglerfish,0.0485995293833402,5,60
6,2007,63,Norway lobster,0.0128549329938287,5,60
6,2007,32,Blackspot seabream,0.00557782800939304,5,60
6,2007,64,European lobster,0.00140922387974728,1,26
6,2007,59,Deep-water rose shrimp,0.000355183683357021,3,50
6,2007,15,Mackerels,0.152719521640182,2,40
6,2007,50,Torpedos,0.000637935129067161,1,26
6,2007,29,Poor cod,0.0188179595695833,2,40
6,2008,73,Suprabenthos,1.01773990405031e-05,5,70
6,2008,22,Benthopelagic fishes,0.00562602603070856,5,70
6,2008,23,No commercial meso (bathy) pelagic fishes,0.0602735123102127,5,70
6,2008,30,Blue whiting,0.0915817537660368,5,70
6,2008,15,Mackerels,0.16527213002303,3,61
6,2008,50,Torpedos,0.00447284280482996,3,61
6,2008,29,Poor cod,0.00855683385546573,3,61
6,2009,34,Common dentex,0.00896026353444287,1,28
6,2009,19,Anchovy,0.832644850268917,2,48
6,2009,71,Macro zooplankton,1.3266751585104e-05,3,61
6,2009,23,No commercial meso (bathy) pelagic fishes,0.109956613997615,5,70
6,2009,40,Other commercial deep medium demersal fish,0.0477051027986127,5,70
6,2009,22,Benthopelagic fishes,0.0113783048273782,4,50
6,2009,49,Rays and skates,0.0160730634031962,3,61
6,2009,30,Blue whiting,0.339846196442834,5,70
6,2009,73,Suprabenthos,4.96108898954875e-06,5,70
6,2009,63,Norway lobster,0.0212535428992555,5,70
6,2009,32,Blackspot seabream,0.00135574697205687,4,50
6,2009,59,Deep-water rose shrimp,0.00131886320266129,3,61
6,2009,50,Torpedos,0.00165957004740617,2,48
6,2010,46,Bathydemersal (deep sea) fish,0.029891148886887,5,49
6,2010,63,Norway lobster,0.00964103252004324,5,49
6,2010,59,Deep-water rose shrimp,0.00284205647234703,3,41
6,2010,40,Other commercial deep medium demersal fish,0.0566917222034535,5,49
6,2010,15,Mackerels,0.0597588652108907,1,19
6,2010,14,Other large pelagic fishes,0.00597365294232483,1,19
6,2010,22,Benthopelagic fishes,0.0125882537622972,5,49
6,2010,50,Torpedos,0.00451719979774877,3,41
6,2010,29,Poor cod,0.0742527233973527,3,41
6,2011,30,Blue whiting,0.144185368256604,5,72
6,2011,59,Deep-water rose shrimp,0.00148253889200046,3,64
6,2011,40,Other commercial deep medium demersal fish,0.0700489581044611,5,72
6,2011,50,Torpedos,0.00185592853456114,3,64
6,2012,46,Bathydemersal (deep sea) fish,0.0592330177676296,5,81
6,2012,34,Common dentex,0.00134117465363196,1,34
6,2012,40,Other commercial deep medium demersal fish,0.0824716479207691,5,81
6,2012,30,Blue whiting,0.0506492501306973,5,81
6,2012,63,Norway lobster,0.0158459910469803,5,81
6,2012,32,Blackspot seabream,0.00161833210000448,5,81
6,2012,74,Posidonia,1.43332162447917e-05,1,34
6,2012,69,Salps and other gelatinous zooplankton,0.00110730481553408,4,80
6,2012,29,Poor cod,0.0274166356545581,3,72
6,2013,56,Mesopelagic cephalopods,0.0242485495778236,4,64
6,2013,46,Bathydemersal (deep sea) fish,0.0583153350582821,5,88
6,2013,48,Small demersal sharks,0.395153812359143,4,64
6,2013,34,Common dentex,0.00425535201988186,1,38
6,2013,14,Other large pelagic fishes,0.0296099656505187,1,38
6,2013,30,Blue whiting,0.119675402364174,5,88
6,2013,63,Norway lobster,0.0162360207294702,5,88
6,2013,59,Deep-water rose shrimp,0.00284801523754815,3,79
6,2013,40,Other commercial deep medium demersal fish,0.0590215197476604,5,88
6,2014,56,Mesopelagic cephalopods,0.0127348573625141,4,64
6,2014,46,Bathydemersal (deep sea) fish,0.00943198587118714,5,89
6,2014,40,Other commercial deep medium demersal fish,0.071257049658173,5,89
6,2014,30,Blue whiting,0.0340496311913771,5,89
6,2014,63,Norway lobster,0.0143715255068782,5,89
6,2014,64,European lobster,0.000675822541316576,3,79
6,2014,59,Deep-water rose shrimp,0.00703240962953803,5,89
6,2014,69,Salps and other gelatinous zooplankton,0.0120519414839734,4,88
6,2015,23,No commercial meso (bathy) pelagic fishes,0.0622722246033866,5,93
6,2015,46,Bathydemersal (deep sea) fish,0.0453625819532459,5,93
6,2015,34,Common dentex,0.000230857800952367,1,35
6,2015,40,Other commercial deep medium demersal fish,0.0656925642635959,5,93
6,2015,22,Benthopelagic fishes,0.023558188075115,5,93
6,2015,63,Norway lobster,0.0182704307240982,5,93
6,2015,32,Blackspot seabream,0.00466120180560518,5,93
6,2015,64,European lobster,0.00300624940230631,1,35
6,2015,59,Deep-water rose shrimp,0.00347897962106166,5,93
6,2015,73,Suprabenthos,1.50587735018004e-06,5,93
6,2015,50,Torpedos,0.00227234758990656,3,80
6,2016,34,Common dentex,0.00137798184497264,1,36
6,2016,40,Other commercial deep medium demersal fish,0.0845216032171614,5,96
6,2016,30,Blue whiting,0.06944107762513,5,96
6,2016,28,Other commercial large demersal fish,0.00179600199299394,5,96
6,2016,63,Norway lobster,0.0125086091525434,5,96
6,2016,64,European lobster,0.00278782078691559,2,63
6,2016,59,Deep-water rose shrimp,0.0112188769678109,5,96
6,2016,73,Suprabenthos,1.47858714696106e-06,4,69
6,2016,69,Salps and other gelatinous zooplankton,0.0167582516674588,4,95
6,2016,20,Round sardinella,0.00137467074235999,1,36
6,2017,46,Bathydemersal (deep sea) fish,0.0274226130262325,5,96
6,2017,34,Common dentex,0.00499820910308058,1,36
6,2017,22,Benthopelagic fishes,0.0441134274523495,5,96
6,2017,63,Norway lobster,0.0117474571257038,5,96
6,2017,64,European lobster,0.00332507354168583,1,36
6,2017,59,Deep-water rose shrimp,0.00756483203239503,5,96
6,2017,73,Suprabenthos,1.27531825444402e-06,4,69
6,2017,50,Torpedos,0.00116973050830467,3,84
6,2018,46,Bathydemersal (deep sea) fish,0.0747573149345921,5,94
6,2018,34,Common dentex,0.000486114479583925,1,37
6,2018,71,Macro zooplankton,8.8254655362452e-07,3,84
6,2018,30,Blue whiting,0.033444906502862,5,94
6,2018,63,Norway lobster,0.00942057877215,5,94
6,2018,23,No commercial meso (bathy) pelagic fishes,0.0393587826198477,5,94
6,2018,64,European lobster,0.00622208302338993,2,63
6,2018,59,Deep-water rose shrimp,0.0186776728883291,3,84
6,2019,25,European conger,0.00555220575715247,5,97
6,2019,34,Common dentex,0.000821150690975179,1,38
6,2019,40,Other commercial deep medium demersal fish,0.0698622424644992,5,97
6,2019,56,Mesopelagic cephalopods,0.0132088354503116,4,69
6,2019,63,Norway lobster,0.00850700281036077,4,69
6,2019,64,European lobster,0.00304972340666566,1,38
6,2019,59,Deep-water rose shrimp,0.00998169133090893,5,97
6,2019,69,Salps and other gelatinous zooplankton,0.00249765814649043,4,96
6,2019,50,Torpedos,0.00427906687878222,3,87
6,2020,63,Norway lobster,0.0199785413605854,4,36
6,2020,64,European lobster,0.00316992866902383,1,18
6,2020,59,Deep-water rose shrimp,0.01615439879303,5,47
6,2020,74,Posidonia,2.10914537876709e-05,1,18
6,2020,49,Rays and skates,0.020517452077642,2,29
6,2020,69,Salps and other gelatinous zooplankton,0.00564303486615367,4,46
6,2020,50,Torpedos,0.000302776001297588,1,18
6,2021,30,Blue whiting,0.250214380286929,5,99
6,2021,11,Non-commercial large pelagic fishes,0.08771229792251,1,36
6,2021,64,European lobster,0.00423856208285798,1,36
6,2021,69,Salps and other gelatinous zooplankton,0.00653233536924526,4,98
6,2021,53,Expanding herbivore fish,5.52167316319939e-05,1,36
6,2021,50,Torpedos,0.00285619156625795,3,87
6,1994,46,Bathydemersal (deep sea) fish,0.0568746150452571,4,27
6,1994,23,No commercial meso (bathy) pelagic fishes,0.0924235627301133,4,27
6,1994,22,Benthopelagic fishes,0.0340839346729874,4,27
6,1994,56,Mesopelagic cephalopods,0.00302611436939291,4,27
6,1995,23,No commercial meso (bathy) pelagic fishes,0.0556423115725853,4,42
6,1995,30,Blue whiting,0.180611581694917,4,42
6,1995,28,Other commercial large demersal fish,0.000202036321656504,4,42
6,1995,56,Mesopelagic cephalopods,0.00555987082776305,4,42
6,1996,56,Mesopelagic cephalopods,0.0042558389722168,4,36
6,1996,46,Bathydemersal (deep sea) fish,0.224518863687616,4,36
6,1996,23,No commercial meso (bathy) pelagic fishes,0.0792382836860836,4,36
6,1996,30,Blue whiting,0.942775435491106,4,36
6,1996,28,Other commercial large demersal fish,0.00767089467828641,4,36
6,1996,59,Deep-water rose shrimp,0.0011922833741709,2,25
6,1997,46,Bathydemersal (deep sea) fish,0.104152914473732,4,33
6,1997,23,No commercial meso (bathy) pelagic fishes,0.108638423357958,4,33
6,1997,59,Deep-water rose shrimp,9.39568019923633e-05,2,24
6,1998,23,No commercial meso (bathy) pelagic fishes,0.325083746395212,4,23
6,1998,30,Blue whiting,0.00578714267055012,4,23
6,1998,28,Other commercial large demersal fish,3.67237257409469e-05,2,18
6,1998,63,Norway lobster,0.00616351492942905,4,23
6,1998,59,Deep-water rose shrimp,0.000687897345905831,4,23
6,1999,56,Mesopelagic cephalopods,0.0025157506767471,3,27
6,1999,46,Bathydemersal (deep sea) fish,0.0390682115198923,4,39
6,1999,23,No commercial meso (bathy) pelagic fishes,0.0229268549911921,4,39
6,1999,22,Benthopelagic fishes,0.0495448841031787,4,39
6,1999,71,Macro zooplankton,9.42875317515247e-07,4,39
6,1999,30,Blue whiting,0.462342980017916,4,39
6,1999,28,Other commercial large demersal fish,0.00217979939736108,4,39
6,2000,23,No commercial meso (bathy) pelagic fishes,0.0511498607797268,4,36
6,2000,30,Blue whiting,0.318550934429428,4,36
6,2000,28,Other commercial large demersal fish,0.000365104055708247,2,28
6,2001,46,Bathydemersal (deep sea) fish,0.172286364046079,4,42
6,2001,30,Blue whiting,0.122004222152296,4,42
6,2001,28,Other commercial large demersal fish,0.00242799811155127,4,42
6,2001,59,Deep-water rose shrimp,0.00494826925565478,2,33
6,2002,46,Bathydemersal (deep sea) fish,0.0156964680590299,4,43
6,2002,30,Blue whiting,0.280943432341214,4,43
6,2002,28,Other commercial large demersal fish,0.00102859471861657,4,43
6,2003,56,Mesopelagic cephalopods,0.00396184184000207,4,49
6,2003,46,Bathydemersal (deep sea) fish,0.0511329696849188,4,49
6,2003,48,Small demersal sharks,0.245907214554269,4,49
6,2003,71,Macro zooplankton,2.90684141799933e-05,4,49
6,2003,30,Blue whiting,0.0962257572379628,4,49
6,2003,28,Other commercial large demersal fish,0.00162852153993121,4,49
6,2003,63,Norway lobster,0.0125222041218777,4,49
6,2004,56,Mesopelagic cephalopods,0.00633697766800272,4,43
6,2004,46,Bathydemersal (deep sea) fish,0.0816353081224131,4,43
6,2004,28,Other commercial large demersal fish,0.000288417430248721,4,43
6,2004,11,Non-commercial large pelagic fishes,1.13300631402144e-05,1,16
6,2005,23,No commercial meso (bathy) pelagic fishes,0.0554712874816334,4,40
6,2005,28,Other commercial large demersal fish,0.000275779036570838,4,40
6,2005,59,Deep-water rose shrimp,0.000658651864358323,4,40
6,2006,23,No commercial meso (bathy) pelagic fishes,0.100259651468258,4,48
6,2006,30,Blue whiting,0.670306162354262,4,48
6,2006,28,Other commercial large demersal fish,0.00243817854542614,4,48
6,2006,11,Non-commercial large pelagic fishes,2.08937552716394e-06,1,18
6,2007,23,No commercial meso (bathy) pelagic fishes,0.100071047930092,4,34
6,2007,46,Bathydemersal (deep sea) fish,0.0566692312238387,4,34
6,2007,30,Blue whiting,0.059209931293297,4,34
6,2007,28,Other commercial large demersal fish,6.42418283433732e-05,2,24
6,2008,46,Bathydemersal (deep sea) fish,0.0615581907831803,4,41
6,2008,40,Other commercial deep medium demersal fish,0.0292693859146304,4,41
6,2008,71,Macro zooplankton,4.78878148723568e-06,4,41
6,2008,63,Norway lobster,0.00672636564642354,4,41
6,2008,59,Deep-water rose shrimp,0.000481512393923719,2,32
6,2009,46,Bathydemersal (deep sea) fish,0.0419531528722287,4,42
6,2010,56,Mesopelagic cephalopods,0.0269480029968425,4,30
6,2010,23,No commercial meso (bathy) pelagic fishes,0.140476208159202,4,30
6,2010,30,Blue whiting,0.196832770123482,4,30
6,2010,28,Other commercial large demersal fish,0.000880903750163827,2,22
6,2011,46,Bathydemersal (deep sea) fish,0.0113763838276026,4,44
6,2011,23,No commercial meso (bathy) pelagic fishes,0.168147259622822,4,44
6,2011,22,Benthopelagic fishes,0.00887649274748865,4,44
6,2011,28,Other commercial large demersal fish,0.000541963906286049,4,44
6,2011,63,Norway lobster,0.010817525391314,4,44
6,2012,23,No commercial meso (bathy) pelagic fishes,0.0396020764287126,4,47
6,2012,22,Benthopelagic fishes,0.0509212005321688,4,47
6,2012,71,Macro zooplankton,1.95412701370673e-05,4,47
6,2012,59,Deep-water rose shrimp,0.00228321278177534,2,38
6,2013,23,No commercial meso (bathy) pelagic fishes,0.180797062998137,4,50
6,2013,22,Benthopelagic fishes,0.0175026811034633,4,50
6,2013,28,Other commercial large demersal fish,0.00128072760838459,4,50
6,2013,73,Suprabenthos,2.14564024659626e-06,4,50
6,2014,23,No commercial meso (bathy) pelagic fishes,0.0981659102662663,4,51
6,2014,71,Macro zooplankton,9.67747428193236e-06,2,41
6,2014,28,Other commercial large demersal fish,0.000813720584204776,4,51
6,2015,71,Macro zooplankton,1.43084939744395e-06,4,58
6,2015,30,Blue whiting,0.114380003164666,4,58
6,2015,28,Other commercial large demersal fish,0.000831786619059073,4,58
6,2016,46,Bathydemersal (deep sea) fish,0.104559744697388,4,60
6,2016,23,No commercial meso (bathy) pelagic fishes,0.0969445910082434,4,60
6,2016,48,Small demersal sharks,0.388878445060731,4,60
6,2016,56,Mesopelagic cephalopods,0.0212838582914162,4,60
6,2016,22,Benthopelagic fishes,0.0171393382998089,4,60
6,2016,71,Macro zooplankton,1.55457098131303e-06,4,60
6,2017,23,No commercial meso (bathy) pelagic fishes,0.062434893568503,4,60
6,2017,71,Macro zooplankton,5.02673013476017e-07,2,48
6,2017,30,Blue whiting,0.0335580366675455,4,60
6,2017,28,Other commercial large demersal fish,0.000430593596377067,4,60
6,2017,48,Small demersal sharks,0.191001411240434,4,60
6,2018,22,Benthopelagic fishes,0.0279599759205406,4,57
6,2018,28,Other commercial large demersal fish,0.000906374517498541,4,57
6,2019,46,Bathydemersal (deep sea) fish,0.0252445453828384,4,59
6,2019,23,No commercial meso (bathy) pelagic fishes,0.0301881881922149,4,59
6,2019,22,Benthopelagic fishes,0.0274748207886618,4,59
6,2019,30,Blue whiting,0.05118002517558,4,59
6,2019,11,Non-commercial large pelagic fishes,0.0714487827174443,1,28
6,2019,28,Other commercial large demersal fish,0.0025118862750995,4,59
6,2020,46,Bathydemersal (deep sea) fish,0.0890294071401112,4,29
6,2020,23,No commercial meso (bathy) pelagic fishes,0.0316564714200946,4,29
6,2020,22,Benthopelagic fishes,0.0122979445373908,4,29
6,2020,30,Blue whiting,0.0488379723643833,4,29
6,2020,28,Other commercial large demersal fish,0.00614534698764319,4,29
6,2021,56,Mesopelagic cephalopods,0.00720393005156713,4,63
6,2021,46,Bathydemersal (deep sea) fish,0.0451795055445736,4,63
6,2021,23,No commercial meso (bathy) pelagic fishes,0.0740843558399239,4,63
6,2021,22,Benthopelagic fishes,0.0223603625864138,4,63
6,2021,28,Other commercial large demersal fish,0.00192676376616654,4,63
6,2021,63,Norway lobster,0.0113425260688918,4,63
6,2021,73,Suprabenthos,1.14878570657474e-06,4,63
6,1994,60,Blue and red shrimp,0.0441593246200021,3,17
6,1994,48,Small demersal sharks,0.0317447585850701,3,17
6,1994,71,Macro zooplankton,7.35525393295021e-07,3,17
6,1994,73,Suprabenthos,4.54468743479691e-07,2,16
6,1995,61,Giant red shrimp,0.000493577818925512,3,26
6,1995,48,Small demersal sharks,0.163036663035775,3,26
6,1995,73,Suprabenthos,2.48564516368875e-07,2,25
6,1996,61,Giant red shrimp,1.0782534149569e-05,1,9
6,1996,60,Blue and red shrimp,0.138291943171736,3,20
6,1996,48,Small demersal sharks,0.151249750707082,3,20
6,1996,71,Macro zooplankton,2.37250812506224e-07,3,20
6,1996,73,Suprabenthos,9.43385563328644e-07,3,20
6,1997,56,Mesopelagic cephalopods,0.010418636439451,3,19
6,1997,60,Blue and red shrimp,0.119794936784871,3,19
6,1997,48,Small demersal sharks,0.133870451895058,3,19
6,1997,71,Macro zooplankton,4.53888433312565e-06,3,19
6,1997,28,Other commercial large demersal fish,0.00355061798047245,3,19
6,1997,73,Suprabenthos,5.35207795613076e-06,3,19
6,1997,63,Norway lobster,0.010882994318667,3,19
6,1998,56,Mesopelagic cephalopods,0.0544617669041493,3,11
6,1998,48,Small demersal sharks,0.129168519446488,3,11
6,1998,71,Macro zooplankton,0.00131319457525587,3,11
6,1999,73,Suprabenthos,3.35799502936494e-06,3,23
6,2000,56,Mesopelagic cephalopods,0.00133913576781434,3,19
6,2000,71,Macro zooplankton,6.96420436491544e-07,3,19
6,2000,73,Suprabenthos,1.41135942389168e-05,3,19
6,2001,61,Giant red shrimp,1.70169953948498e-06,1,15
6,2001,48,Small demersal sharks,0.195818828967848,3,24
6,2001,56,Mesopelagic cephalopods,0.0112308943876243,3,24
6,2001,73,Suprabenthos,5.75913224764802e-06,3,24
6,2001,71,Macro zooplankton,8.53223315008891e-05,3,24
6,2002,71,Macro zooplankton,4.569845234319e-07,3,24
6,2002,73,Suprabenthos,1.35480087907039e-06,3,24
6,2003,60,Blue and red shrimp,0.0604301889976475,3,29
6,2004,60,Blue and red shrimp,0.0514467343672358,3,27
6,2004,48,Small demersal sharks,0.130430187594434,3,27
6,2005,56,Mesopelagic cephalopods,0.0130346316962988,3,23
6,2005,48,Small demersal sharks,0.475500938669827,3,23
6,2005,71,Macro zooplankton,1.16591841817465e-06,3,23
6,2005,73,Suprabenthos,5.84716406844263e-06,3,23
6,2006,56,Mesopelagic cephalopods,0.00382943892831176,3,30
6,2006,71,Macro zooplankton,8.71690509696093e-06,3,30
6,2006,73,Suprabenthos,5.99351570371249e-06,3,30
6,2007,56,Mesopelagic cephalopods,0.00130822374911392,3,20
6,2007,61,Giant red shrimp,3.12679871471377e-06,1,10
6,2008,60,Blue and red shrimp,0.111573678566479,3,21
6,2008,56,Mesopelagic cephalopods,0.0446271385390929,3,21
6,2008,28,Other commercial large demersal fish,0.00106514119165564,1,12
6,2009,56,Mesopelagic cephalopods,0.000218749839192072,3,22
6,2009,48,Small demersal sharks,0.0456814183772537,3,22
6,2009,28,Other commercial large demersal fish,0.00223597057556382,3,22
6,2010,60,Blue and red shrimp,0.0522479939945669,3,18
6,2010,48,Small demersal sharks,0.159522971374561,3,18
6,2010,71,Macro zooplankton,6.80609200843264e-07,1,10
6,2010,73,Suprabenthos,1.90147486040863e-06,3,18
6,2011,56,Mesopelagic cephalopods,0.0172063837587152,3,24
6,2011,71,Macro zooplankton,1.41277660431071e-07,3,24
6,2011,73,Suprabenthos,9.46225092300604e-07,3,24
6,2012,60,Blue and red shrimp,0.138601712525605,3,25
6,2012,48,Small demersal sharks,0.23185101100407,3,25
6,2012,56,Mesopelagic cephalopods,0.00161752873985432,3,25
6,2012,28,Other commercial large demersal fish,0.000460995965099531,3,25
6,2012,73,Suprabenthos,1.18962789519022e-06,3,25
6,2013,61,Giant red shrimp,2.65367507862278e-06,1,17
6,2013,60,Blue and red shrimp,0.115480880419872,3,26
6,2013,71,Macro zooplankton,3.36232010159819e-07,1,17
6,2014,60,Blue and red shrimp,0.0873318220758448,3,26
6,2014,48,Small demersal sharks,0.281991109603031,3,26
6,2015,61,Giant red shrimp,0.000566144354493664,3,32
6,2015,60,Blue and red shrimp,0.0747168922448175,3,32
6,2015,56,Mesopelagic cephalopods,0.00700650066608081,3,32
6,2016,61,Giant red shrimp,0.000893112987628958,3,33
6,2017,56,Mesopelagic cephalopods,0.00833399610956463,3,33
6,2018,60,Blue and red shrimp,0.0677353290842868,3,31
6,2018,48,Small demersal sharks,0.169501935876078,3,31
6,2018,56,Mesopelagic cephalopods,0.0415853158390171,3,31
6,2019,60,Blue and red shrimp,0.0661845972531771,3,31
6,2019,48,Small demersal sharks,0.194540179317846,3,31
6,2019,73,Suprabenthos,1.53233564893854e-06,3,31
6,2020,48,Small demersal sharks,0.232537152991534,3,18
6,2020,56,Mesopelagic cephalopods,0.00425864225504423,3,18
6,2020,71,Macro zooplankton,4.13239154919902e-08,1,10
6,2021,71,Macro zooplankton,1.36393974290466e-05,3,36
6,2021,13,Swordfish,0.015861295707606,1,24
6,1995,60,Blue and red shrimp,0.0619018310686669,2,12
6,1998,60,Blue and red shrimp,0.0701742266454768,2,5
6,1999,61,Giant red shrimp,0.000334270911656985,2,11
6,1999,60,Blue and red shrimp,0.033936728658806,2,11
6,2000,61,Giant red shrimp,0.000133935322969082,2,8
6,2000,60,Blue and red shrimp,0.0914473836283392,2,8
6,2001,60,Blue and red shrimp,0.0758060779650104,2,9
6,2002,61,Giant red shrimp,0.000263722840230637,2,8
6,2002,60,Blue and red shrimp,0.0778312342646356,2,8
6,2004,61,Giant red shrimp,4.60871604044532e-06,2,12
6,2005,61,Giant red shrimp,0.000340203105328316,2,9
6,2005,60,Blue and red shrimp,0.0364530013378193,2,9
6,2006,61,Giant red shrimp,0.0001270211896194,2,13
6,2006,60,Blue and red shrimp,0.0742626306752984,2,13
6,2007,60,Blue and red shrimp,0.0415465393660889,2,10
6,2009,60,Blue and red shrimp,0.0875202175186578,2,9
6,2010,61,Giant red shrimp,0.000195205995744777,2,8
6,2011,60,Blue and red shrimp,0.096631373140672,2,8
6,2012,61,Giant red shrimp,0.000224487408707274,2,9
6,2014,73,Suprabenthos,3.75671840201449e-07,2,10
6,2016,60,Blue and red shrimp,0.0748507903357099,2,12
6,2017,61,Giant red shrimp,0.00610434695940034,2,12
6,2017,60,Blue and red shrimp,0.0376963617905651,2,12
6,2018,61,Giant red shrimp,0.000283078429357791,2,10
6,2020,61,Giant red shrimp,0.000205843365801697,2,8
6,2020,60,Blue and red shrimp,0.0937102877914661,2,8
6,2021,61,Giant red shrimp,0.000851196475181531,2,12
6,2021,60,Blue and red shrimp,0.082885475254605,2,12
7,1994,55,Benthopelagic cephalopods,0.0385753453577516,7,71
7,1994,17,Other medium pelagic fishes,0.00391756701387235,3,45
7,1994,38,Flatfishes,0.182330380238104,7,71
7,1994,58,Benthic mollusc,0.00227175971148322,3,45
7,1994,33,Sparidae+,0.245314402201632,5,62
7,1994,45,No commercial small demersal fish,0.025127393113458,7,71
7,1994,41,No commercial medium demersal fish,0.0380549834169323,4,56
7,1994,35,Scorpaenidae,0.203009298163548,7,71
7,1994,25,European conger,0.0424480881930457,7,71
7,1994,39,Other commercial shallow medium demersal fish,0.00494233479393212,6,70
7,1994,57,Other benthic cephalopods,0.0559968619969285,7,71
7,1994,19,Anchovy,2.42520946731119,4,56
7,1994,66,Non-commercial decapods,0.0515636461750815,7,71
7,1994,24,Anglerfish,0.165596738167832,7,71
7,1994,26,European hake juv.,0.147767670087784,7,71
7,1994,67,Other macro-benthos,2.04519614070522e-05,2,13
7,1994,43,Mullets,0.0151997043329671,5,62
7,1994,65,Other commercial decapods,0.00192957195224443,4,51
7,1994,63,Norway lobster,0.0142764625207556,7,71
7,1994,54,Coastal benthic cephalopods,0.021926404594507,5,62
7,1994,31,Common pandora,0.00657234628338986,4,56
7,1994,59,Deep-water rose shrimp,0.00248926185610128,7,71
7,1994,40,Other commercial deep medium demersal fish,0.0620062028908402,7,71
7,1994,49,Rays and skates,0.0669134599663179,7,71
7,1994,18,Sardine,0.14384228234917,4,56
7,1994,20,Round sardinella,0.00366388233686713,3,45
7,1994,15,Mackerels,0.0182509040141032,4,56
7,1994,47,Small-spotted catshark,0.0386246963077962,7,71
7,1994,37,Labridae and serranidae+,0.0139532156247931,4,56
7,1994,21,Other small pelagic fish,0.0787703749409662,4,56
7,1994,16,Horse mackerels,0.528836161800447,7,71
7,1995,55,Benthopelagic cephalopods,0.0212689861900279,7,70
7,1995,17,Other medium pelagic fishes,0.00324146239888078,2,13
7,1995,38,Flatfishes,0.295838801572383,7,70
7,1995,45,No commercial small demersal fish,0.0293273016390082,7,70
7,1995,58,Benthic mollusc,0.00111648469262892,4,52
7,1995,33,Sparidae+,0.121484516966738,6,69
7,1995,41,No commercial medium demersal fish,0.0343417489006337,4,55
7,1995,35,Scorpaenidae,0.355637420952485,7,70
7,1995,25,European conger,0.0510588971993087,7,70
7,1995,39,Other commercial shallow medium demersal fish,0.00918744413723319,6,69
7,1995,57,Other benthic cephalopods,0.0821500929072649,7,70
7,1995,19,Anchovy,0.52861643893857,4,55
7,1995,24,Anglerfish,0.240655907436155,7,70
7,1995,26,European hake juv.,0.301479268885761,7,70
7,1995,43,Mullets,0.0125075957927633,6,69
7,1995,54,Coastal benthic cephalopods,0.0218480051057413,4,55
7,1995,31,Common pandora,0.000647722613942162,3,45
7,1995,49,Rays and skates,0.0936368919896029,7,70
7,1995,18,Sardine,0.293035268593012,5,62
7,1995,15,Mackerels,0.0317347109807656,4,55
7,1995,47,Small-spotted catshark,0.0387079912077391,7,70
7,1995,37,Labridae and serranidae+,0.0174690256438923,4,55
7,1995,66,Non-commercial decapods,0.035824347269297,7,70
7,1995,21,Other small pelagic fish,0.0231226979047392,4,52
7,1995,65,Other commercial decapods,0.00113697032923376,5,28
7,1995,50,Torpedos,0.00466486662417713,4,55
7,1995,16,Horse mackerels,2.65835718814676,7,70
7,1996,55,Benthopelagic cephalopods,0.0465449213659691,7,66
7,1996,44,Commercial small demersal fish,0.000191247978612377,2,13
7,1996,38,Flatfishes,0.231159436272609,7,66
7,1996,45,No commercial small demersal fish,0.0141547883729259,7,66
7,1996,58,Benthic mollusc,0.00070409560067237,3,45
7,1996,33,Sparidae+,0.128447521992959,5,61
7,1996,41,No commercial medium demersal fish,0.0137951734777044,4,55
7,1996,35,Scorpaenidae,0.236787586008134,7,66
7,1996,25,European conger,0.0252546617645618,7,66
7,1996,39,Other commercial shallow medium demersal fish,0.0138750849731736,4,55
7,1996,57,Other benthic cephalopods,0.035737829491499,7,66
7,1996,19,Anchovy,0.797180472497479,4,55
7,1996,26,European hake juv.,0.131929157706231,7,66
7,1996,67,Other macro-benthos,0.000137975763696158,2,13
7,1996,43,Mullets,0.0195799358960079,5,61
7,1996,54,Coastal benthic cephalopods,0.0182493268836452,5,61
7,1996,31,Common pandora,0.00246212956374065,4,55
7,1996,49,Rays and skates,0.0833674213568115,7,66
7,1996,18,Sardine,0.0865335045244341,4,55
7,1996,20,Round sardinella,0.000639819927403082,2,13
7,1996,15,Mackerels,0.0280203132669091,4,55
7,1996,47,Small-spotted catshark,0.0301309606955189,5,61
7,1996,37,Labridae and serranidae+,0.0108011484918904,4,55
7,1996,66,Non-commercial decapods,0.0433153554136514,7,66
7,1996,21,Other small pelagic fish,0.103782871570776,4,55
7,1996,65,Other commercial decapods,0.000893988264624183,3,19
7,1996,50,Torpedos,0.00287219414314823,3,45
7,1996,16,Horse mackerels,0.605071320224771,5,61
7,1997,55,Benthopelagic cephalopods,0.0309244942291264,7,73
7,1997,17,Other medium pelagic fishes,0.0182891734493616,3,50
7,1997,38,Flatfishes,0.0577363245117233,7,73
7,1997,33,Sparidae+,0.137531009831165,5,67
7,1997,45,No commercial small demersal fish,0.0123124011822794,7,73
7,1997,41,No commercial medium demersal fish,0.0114357694785467,4,60
7,1997,35,Scorpaenidae,0.148026289098398,7,73
7,1997,25,European conger,0.0202727935411568,7,73
7,1997,57,Other benthic cephalopods,0.0381412518734328,7,73
7,1997,19,Anchovy,0.725371260295033,4,60
7,1997,26,European hake juv.,0.0820923174117482,7,73
7,1997,43,Mullets,0.00871066941294618,5,67
7,1997,63,Norway lobster,0.006600798014347,6,63
7,1997,54,Coastal benthic cephalopods,0.00865212168637941,5,67
7,1997,31,Common pandora,0.00152918783303534,3,50
7,1997,58,Benthic mollusc,0.00232282782124785,3,50
7,1997,18,Sardine,0.0533483702110795,4,60
7,1997,20,Round sardinella,0.00216336427005867,2,15
7,1997,15,Mackerels,0.502686665808492,4,60
7,1997,37,Labridae and serranidae+,0.00788401607325989,4,60
7,1997,21,Other small pelagic fish,0.0503268865006959,4,60
7,1997,65,Other commercial decapods,0.000275507314200536,3,22
7,1997,50,Torpedos,0.00275172976339492,4,60
7,1997,16,Horse mackerels,0.266463750126331,5,67
7,1997,39,Other commercial shallow medium demersal fish,0.00569487411979809,5,67
7,1998,55,Benthopelagic cephalopods,0.0232442891111611,7,73
7,1998,17,Other medium pelagic fishes,0.00564545167521066,2,13
7,1998,38,Flatfishes,0.07674927355059,7,73
7,1998,45,No commercial small demersal fish,0.0241929445384216,7,73
7,1998,58,Benthic mollusc,4.74664030705528e-05,2,13
7,1998,33,Sparidae+,0.103265102679024,4,62
7,1998,41,No commercial medium demersal fish,0.0102722709734178,5,66
7,1998,35,Scorpaenidae,0.141983211897726,7,73
7,1998,25,European conger,0.0313233243086785,7,73
7,1998,39,Other commercial shallow medium demersal fish,0.0036112785111798,4,62
7,1998,57,Other benthic cephalopods,0.0498491189347426,7,73
7,1998,19,Anchovy,0.92142869519747,4,62
7,1998,24,Anglerfish,0.1238592028751,7,73
7,1998,26,European hake juv.,0.278539648772449,7,73
7,1998,43,Mullets,0.0179105881755766,5,68
7,1998,54,Coastal benthic cephalopods,0.00865028797599852,4,58
7,1998,31,Common pandora,0.00345473357163222,3,52
7,1998,64,European lobster,0.00106073047063703,3,19
7,1998,49,Rays and skates,0.016118371489312,5,68
7,1998,18,Sardine,0.525810863644939,4,62
7,1998,15,Mackerels,0.0660567735967366,3,52
7,1998,37,Labridae and serranidae+,0.00943738992997812,5,68
7,1998,21,Other small pelagic fish,0.00506639716204916,4,62
7,1998,65,Other commercial decapods,0.000298146620233456,2,13
7,1998,50,Torpedos,0.0112131651690786,4,62
7,1998,16,Horse mackerels,0.761368239000457,7,73
7,1999,55,Benthopelagic cephalopods,0.0340722239124702,7,66
7,1999,38,Flatfishes,0.129359269981664,7,66
7,1999,45,No commercial small demersal fish,0.0589049915608013,7,66
7,1999,58,Benthic mollusc,0.00098236181564175,4,55
7,1999,33,Sparidae+,0.195764234233393,5,61
7,1999,41,No commercial medium demersal fish,0.0239255000415565,4,55
7,1999,35,Scorpaenidae,0.302536941019591,7,66
7,1999,25,European conger,0.0301491093167386,7,66
7,1999,39,Other commercial shallow medium demersal fish,0.00236504993777062,4,55
7,1999,57,Other benthic cephalopods,0.0939481502247814,7,66
7,1999,19,Anchovy,0.627163426493881,4,55
7,1999,24,Anglerfish,0.439585164005104,7,66
7,1999,26,European hake juv.,0.153578402512126,7,66
7,1999,43,Mullets,0.0242178219955758,5,61
7,1999,54,Coastal benthic cephalopods,0.04906632511163,4,55
7,1999,31,Common pandora,0.00778856566922309,3,45
7,1999,68,Jellyfish,1.7188138523765,7,66
7,1999,49,Rays and skates,0.0108678098872323,5,61
7,1999,18,Sardine,0.139124818315141,4,55
7,1999,20,Round sardinella,0.000858887856084857,2,13
7,1999,15,Mackerels,0.00721014369964478,4,55
7,1999,47,Small-spotted catshark,0.0247276947354435,7,66
7,1999,37,Labridae and serranidae+,0.0188756596502505,4,55
7,1999,66,Non-commercial decapods,0.0370447842143067,6,56
7,1999,21,Other small pelagic fish,0.00155738536238427,3,45
7,1999,65,Other commercial decapods,0.0010721863181074,4,51
7,1999,50,Torpedos,0.000270020460224819,3,45
7,1999,16,Horse mackerels,1.04941802620662,6,65
7,2000,55,Benthopelagic cephalopods,0.0373904662216378,7,68
7,2000,17,Other medium pelagic fishes,0.0126833795711759,3,44
7,2000,38,Flatfishes,0.0794930904597155,7,68
7,2000,58,Benthic mollusc,0.00311639198345092,2,13
7,2000,33,Sparidae+,0.064595673023503,5,61
7,2000,45,No commercial small demersal fish,0.0189742265406539,7,68
7,2000,41,No commercial medium demersal fish,0.0348800198070114,4,55
7,2000,35,Scorpaenidae,0.262248228694828,7,68
7,2000,25,European conger,0.0155343576083537,7,68
7,2000,39,Other commercial shallow medium demersal fish,0.00256678650669474,4,55
7,2000,57,Other benthic cephalopods,0.0483085006879118,7,68
7,2000,19,Anchovy,1.20433651835204,4,55
7,2000,24,Anglerfish,0.161357602359657,7,68
7,2000,26,European hake juv.,0.201959867355833,7,68
7,2000,67,Other macro-benthos,5.14616028775701e-05,4,55
7,2000,43,Mullets,0.0168617549425709,5,61
7,2000,54,Coastal benthic cephalopods,0.0238386209936515,5,61
7,2000,31,Common pandora,0.00697550807335241,3,44
7,2000,49,Rays and skates,0.0411568864038963,7,68
7,2000,18,Sardine,0.0807023893569452,3,44
7,2000,15,Mackerels,0.0621565073005874,3,44
7,2000,47,Small-spotted catshark,0.0175242682876556,5,61
7,2000,37,Labridae and serranidae+,0.0159357404974981,4,55
7,2000,21,Other small pelagic fish,0.0132829736522258,4,55
7,2000,65,Other commercial decapods,0.00304897067353815,3,19
7,2000,50,Torpedos,0.000491419247157766,3,44
7,2000,16,Horse mackerels,1.0782094398727,7,68
7,2001,55,Benthopelagic cephalopods,0.0385767567400632,7,68
7,2001,38,Flatfishes,0.082815174262863,7,68
7,2001,58,Benthic mollusc,0.000344584066112255,2,13
7,2001,33,Sparidae+,0.144290354811742,5,62
7,2001,45,No commercial small demersal fish,0.0240648862929615,7,68
7,2001,41,No commercial medium demersal fish,0.0213216444896464,4,55
7,2001,35,Scorpaenidae,0.263277858198559,7,68
7,2001,25,European conger,0.0148346427728862,7,68
7,2001,39,Other commercial shallow medium demersal fish,0.00744911597864726,4,55
7,2001,57,Other benthic cephalopods,0.0439894406968255,7,68
7,2001,19,Anchovy,0.367526270192256,4,55
7,2001,24,Anglerfish,0.118736690211414,7,68
7,2001,26,European hake juv.,0.216524481356624,7,68
7,2001,43,Mullets,0.0149215445542223,5,62
7,2001,54,Coastal benthic cephalopods,0.0215945079490491,4,55
7,2001,31,Common pandora,0.00732205914523813,4,55
7,2001,49,Rays and skates,0.0328621721936255,7,68
7,2001,18,Sardine,0.113743863759902,4,55
7,2001,20,Round sardinella,0.0140518337806246,2,13
7,2001,15,Mackerels,0.077935180235306,5,62
7,2001,47,Small-spotted catshark,0.0178221968749524,5,62
7,2001,37,Labridae and serranidae+,0.0125290390104792,4,55
7,2001,21,Other small pelagic fish,0.00651335637691442,4,55
7,2001,65,Other commercial decapods,0.00193105713648939,4,52
7,2001,50,Torpedos,0.00167079307011738,4,55
7,2001,16,Horse mackerels,1.08217480462528,5,62
7,2002,55,Benthopelagic cephalopods,0.0250661908465672,7,64
7,2002,17,Other medium pelagic fishes,0.00085068200074582,2,13
7,2002,41,No commercial medium demersal fish,0.0484419411887206,6,63
7,2002,38,Flatfishes,0.118565928389293,7,64
7,2002,58,Benthic mollusc,0.0035936415168431,3,44
7,2002,33,Sparidae+,0.109461992297284,6,63
7,2002,45,No commercial small demersal fish,0.0168314528418297,7,64
7,2002,35,Scorpaenidae,0.2693627177113,7,64
7,2002,25,European conger,0.0335511981414071,7,64
7,2002,39,Other commercial shallow medium demersal fish,0.00455943449626359,4,54
7,2002,57,Other benthic cephalopods,0.0648728365158932,7,64
7,2002,19,Anchovy,0.706430833055343,4,54
7,2002,24,Anglerfish,0.10886100823871,7,64
7,2002,26,European hake juv.,0.358994717518946,7,64
7,2002,67,Other macro-benthos,0.000102870413503186,4,54
7,2002,54,Coastal benthic cephalopods,0.0180852496876785,6,63
7,2002,31,Common pandora,0.0019017529608783,3,44
7,2002,64,European lobster,0.000521877371983419,2,13
7,2002,49,Rays and skates,0.0344213505290726,5,59
7,2002,18,Sardine,0.5020445330394,3,44
7,2002,15,Mackerels,0.121924075710084,4,54
7,2002,47,Small-spotted catshark,0.0185254662104025,7,64
7,2002,37,Labridae and serranidae+,0.0128409509833514,4,54
7,2002,21,Other small pelagic fish,0.00130312575644476,4,54
7,2002,65,Other commercial decapods,0.00123283676682683,3,44
7,2002,50,Torpedos,0.00601635875394966,4,54
7,2002,16,Horse mackerels,0.544690736072758,7,64
7,2003,55,Benthopelagic cephalopods,0.0144643972030553,7,75
7,2003,17,Other medium pelagic fishes,0.0441816408550765,3,52
7,2003,38,Flatfishes,0.101647420832318,7,75
7,2003,58,Benthic mollusc,0.000430643448086361,4,58
7,2003,33,Sparidae+,0.0884125844121682,4,63
7,2003,45,No commercial small demersal fish,0.0277808375023659,7,75
7,2003,41,No commercial medium demersal fish,0.0159383141925179,6,74
7,2003,35,Scorpaenidae,0.264260781843455,7,75
7,2003,25,European conger,0.0303992129878122,7,75
7,2003,39,Other commercial shallow medium demersal fish,0.00830002771578655,4,63
7,2003,57,Other benthic cephalopods,0.0334161319078993,7,75
7,2003,19,Anchovy,1.25645382248147,4,63
7,2003,49,Rays and skates,0.0306164634928701,7,75
7,2003,24,Anglerfish,0.16752894473063,7,75
7,2003,26,European hake juv.,0.188556660980584,7,75
7,2003,43,Mullets,0.00947973039773505,5,69
7,2003,54,Coastal benthic cephalopods,0.0204241427727503,5,68
7,2003,31,Common pandora,0.004605860144629,4,63
7,2003,18,Sardine,0.704857108268867,4,63
7,2003,15,Mackerels,0.0635925258892325,4,63
7,2003,37,Labridae and serranidae+,0.0113085567871076,4,63
7,2003,66,Non-commercial decapods,0.0642451747704083,7,75
7,2003,21,Other small pelagic fish,0.0151995833753977,4,63
7,2003,65,Other commercial decapods,0.0012476382626729,3,52
7,2003,50,Torpedos,0.00275366719622013,4,63
7,2003,16,Horse mackerels,0.885768227242952,5,69
7,2004,55,Benthopelagic cephalopods,0.027070869623496,7,70
7,2004,17,Other medium pelagic fishes,0.00707226468070948,2,13
7,2004,38,Flatfishes,0.0578658598140912,7,70
7,2004,58,Benthic mollusc,0.000836292645381675,3,45
7,2004,33,Sparidae+,0.102733503222552,5,64
7,2004,45,No commercial small demersal fish,0.0273953333098085,7,70
7,2004,41,No commercial medium demersal fish,0.013614560063369,5,64
7,2004,25,European conger,0.0233303740987731,7,70
7,2004,39,Other commercial shallow medium demersal fish,0.00827844066601847,4,58
7,2004,57,Other benthic cephalopods,0.0401105159311939,7,70
7,2004,19,Anchovy,1.12682224201311,4,58
7,2004,35,Scorpaenidae,0.241228920534781,7,70
7,2004,24,Anglerfish,0.0908718893176598,7,70
7,2004,26,European hake juv.,0.116986296600806,7,70
7,2004,67,Other macro-benthos,2.78971432718492e-05,3,45
7,2004,43,Mullets,0.0133086217051385,5,64
7,2004,54,Coastal benthic cephalopods,0.0156453660942019,6,69
7,2004,31,Common pandora,0.00413654579855654,4,58
7,2004,49,Rays and skates,0.0402652644747925,6,69
7,2004,18,Sardine,0.360081176203704,4,58
7,2004,15,Mackerels,0.118474142870377,4,58
7,2004,37,Labridae and serranidae+,0.00780827264021794,4,58
7,2004,21,Other small pelagic fish,0.0237838609620695,4,58
7,2004,65,Other commercial decapods,0.000185244639566445,3,19
7,2004,16,Horse mackerels,0.858130562956477,7,70
7,2005,55,Benthopelagic cephalopods,0.0144541944646711,7,67
7,2005,17,Other medium pelagic fishes,0.0444847441751412,3,43
7,2005,38,Flatfishes,0.0553716781444551,7,67
7,2005,58,Benthic mollusc,0.00153047825213012,3,25
7,2005,33,Sparidae+,0.199865033892123,6,66
7,2005,45,No commercial small demersal fish,0.036243234994558,7,67
7,2005,41,No commercial medium demersal fish,0.0151610244144573,4,55
7,2005,25,European conger,0.00641291173162434,7,67
7,2005,39,Other commercial shallow medium demersal fish,0.00428698418913865,4,55
7,2005,57,Other benthic cephalopods,0.0403544427660393,7,67
7,2005,19,Anchovy,0.1272273860631,4,55
7,2005,35,Scorpaenidae,0.179066613796598,7,67
7,2005,24,Anglerfish,0.0784268953640574,7,67
7,2005,26,European hake juv.,0.121754565067423,7,67
7,2005,43,Mullets,0.0120423794526213,5,61
7,2005,54,Coastal benthic cephalopods,0.0108114769630361,5,61
7,2005,31,Common pandora,0.00326886744313024,4,55
7,2005,49,Rays and skates,0.0435556086326576,7,67
7,2005,18,Sardine,0.833351403741811,4,55
7,2005,20,Round sardinella,0.00379133794088249,3,43
7,2005,15,Mackerels,0.0675089100432928,4,55
7,2005,37,Labridae and serranidae+,0.00850758018096,6,66
7,2005,21,Other small pelagic fish,0.0918903115694989,4,55
7,2005,65,Other commercial decapods,0.000826827345829186,3,19
7,2005,50,Torpedos,0.000629239661564959,4,55
7,2005,16,Horse mackerels,0.993546458130308,7,67
7,2006,55,Benthopelagic cephalopods,0.0172769551937779,7,69
7,2006,17,Other medium pelagic fishes,0.0397737126032082,3,46
7,2006,41,No commercial medium demersal fish,0.0411928172171311,4,57
7,2006,38,Flatfishes,0.0782630953225997,7,69
7,2006,45,No commercial small demersal fish,0.0303582691729903,7,69
7,2006,33,Sparidae+,0.258464263211702,6,68
7,2006,35,Scorpaenidae,0.225318099599579,7,69
7,2006,25,European conger,0.0295480650114586,7,69
7,2006,39,Other commercial shallow medium demersal fish,0.00690517261490199,7,69
7,2006,57,Other benthic cephalopods,0.0577225378574272,7,69
7,2006,19,Anchovy,0.163897153115467,4,57
7,2006,26,European hake juv.,0.0655070871331927,5,63
7,2006,43,Mullets,0.00953334098985652,5,63
7,2006,54,Coastal benthic cephalopods,0.0342672170234443,4,57
7,2006,31,Common pandora,0.00423160618666443,4,57
7,2006,49,Rays and skates,0.0309391330796269,5,63
7,2006,18,Sardine,0.539708240076168,4,57
7,2006,15,Mackerels,0.10947829356641,4,57
7,2006,37,Labridae and serranidae+,0.0132572597787388,4,57
7,2006,21,Other small pelagic fish,0.214967350148396,4,57
7,2006,65,Other commercial decapods,0.000555955406184246,5,52
7,2006,50,Torpedos,0.00318773798202108,4,57
7,2006,16,Horse mackerels,2.69410497209448,5,63
7,2007,55,Benthopelagic cephalopods,0.0218974713798281,7,69
7,2007,17,Other medium pelagic fishes,0.0298758547398027,4,57
7,2007,41,No commercial medium demersal fish,0.048668546285799,6,68
7,2007,38,Flatfishes,0.0919273961634801,7,69
7,2007,58,Benthic mollusc,7.28816049930875e-05,3,46
7,2007,33,Sparidae+,0.182612325543618,5,63
7,2007,45,No commercial small demersal fish,0.0401650117176013,7,69
7,2007,35,Scorpaenidae,0.221481182601265,7,69
7,2007,25,European conger,0.0742551379995586,7,69
7,2007,39,Other commercial shallow medium demersal fish,0.0192918358953439,5,63
7,2007,57,Other benthic cephalopods,0.0512760106553795,7,69
7,2007,19,Anchovy,0.376669134123814,4,57
7,2007,26,European hake juv.,0.189878308597922,7,69
7,2007,43,Mullets,0.0266629464612105,5,63
7,2007,54,Coastal benthic cephalopods,0.0182250278418614,4,57
7,2007,31,Common pandora,0.00574183904206402,4,57
7,2007,49,Rays and skates,0.0149219083530174,5,57
7,2007,18,Sardine,0.884344233827925,4,57
7,2007,15,Mackerels,0.0947733494034102,4,57
7,2007,37,Labridae and serranidae+,0.0185079061509225,5,63
7,2007,21,Other small pelagic fish,0.104691519101057,3,46
7,2007,65,Other commercial decapods,0.00102499129512165,5,27
7,2007,50,Torpedos,0.00139946432051991,4,57
7,2007,16,Horse mackerels,3.26927039983331,7,69
7,2008,41,No commercial medium demersal fish,0.0452030770725494,4,44
7,2008,38,Flatfishes,0.164098254153651,7,55
7,2008,45,No commercial small demersal fish,0.0365125573192806,7,55
7,2008,33,Sparidae+,1.43718978172886,4,44
7,2008,25,European conger,0.0232549952559971,7,55
7,2008,39,Other commercial shallow medium demersal fish,0.0146136652643863,6,54
7,2008,57,Other benthic cephalopods,0.0359704873934187,7,55
7,2008,19,Anchovy,0.248882879552036,4,44
7,2008,35,Scorpaenidae,0.339809182670262,7,55
7,2008,55,Benthopelagic cephalopods,0.0268853880054302,5,49
7,2008,24,Anglerfish,0.235460938935197,7,55
7,2008,26,European hake juv.,0.51728842435759,7,55
7,2008,43,Mullets,0.0205013902630346,5,49
7,2008,54,Coastal benthic cephalopods,0.0184884346470173,4,41
7,2008,31,Common pandora,0.0106028261925129,4,44
7,2008,49,Rays and skates,0.0763097860430864,7,55
7,2008,18,Sardine,0.429297739705198,4,44
7,2008,15,Mackerels,0.0651774916927091,3,36
7,2008,47,Small-spotted catshark,0.0164993074288149,7,55
7,2008,37,Labridae and serranidae+,0.0211636821085911,5,49
7,2008,66,Non-commercial decapods,0.0119471013467484,6,47
7,2008,17,Other medium pelagic fishes,0.00828278961190926,2,12
7,2008,21,Other small pelagic fish,0.0692884096467398,4,44
7,2008,16,Horse mackerels,4.23944801585765,7,55
7,2009,55,Benthopelagic cephalopods,0.0381189005975781,7,64
7,2009,17,Other medium pelagic fishes,0.00640057963370218,3,41
7,2009,41,No commercial medium demersal fish,0.0503696693241766,4,52
7,2009,38,Flatfishes,0.124942168052892,7,64
7,2009,58,Benthic mollusc,0.000465666461251595,3,41
7,2009,33,Sparidae+,0.203521644969189,5,58
7,2009,45,No commercial small demersal fish,0.0384902656865777,7,64
7,2009,35,Scorpaenidae,0.359892105435502,7,64
7,2009,25,European conger,0.0394844528677387,7,64
7,2009,39,Other commercial shallow medium demersal fish,0.0220385953669894,6,63
7,2009,57,Other benthic cephalopods,0.0604634152741295,7,64
7,2009,19,Anchovy,0.61554963105959,4,52
7,2009,65,Other commercial decapods,0.00219273723848357,4,18
7,2009,24,Anglerfish,0.354440689049174,7,64
7,2009,26,European hake juv.,0.225328240798038,7,64
7,2009,43,Mullets,0.0271789675471795,5,58
7,2009,54,Coastal benthic cephalopods,0.0278335056059908,4,47
7,2009,31,Common pandora,0.00455519767324126,4,52
7,2009,49,Rays and skates,0.11852359130055,7,64
7,2009,18,Sardine,0.493251479781202,4,52
7,2009,15,Mackerels,0.0422303229803092,4,52
7,2009,37,Labridae and serranidae+,0.0202192341307096,5,57
7,2009,21,Other small pelagic fish,0.529855836995457,4,52
7,2009,50,Torpedos,0.00500337425265506,4,52
7,2009,16,Horse mackerels,2.39891119627022,7,64
7,2010,55,Benthopelagic cephalopods,0.0839342865854609,7,60
7,2010,17,Other medium pelagic fishes,0.00176572737727739,2,13
7,2010,38,Flatfishes,0.0835820677774082,7,60
7,2010,45,No commercial small demersal fish,0.0764338633772109,7,60
7,2010,58,Benthic mollusc,6.16579090826487e-05,3,42
7,2010,33,Sparidae+,1.23053549968707,6,59
7,2010,41,No commercial medium demersal fish,0.0173845684469125,5,54
7,2010,25,European conger,0.0106569692086214,7,60
7,2010,39,Other commercial shallow medium demersal fish,0.013459241016231,4,51
7,2010,57,Other benthic cephalopods,0.0401293471725363,7,60
7,2010,19,Anchovy,1.00123897122057,5,54
7,2010,35,Scorpaenidae,0.235180390714059,7,60
7,2010,24,Anglerfish,0.190570144988905,7,60
7,2010,26,European hake juv.,0.139996223019298,7,60
7,2010,54,Coastal benthic cephalopods,0.0178928795323294,4,51
7,2010,31,Common pandora,0.00743709705336155,4,51
7,2010,49,Rays and skates,0.0185889976875533,4,51
7,2010,18,Sardine,0.422885791165488,5,54
7,2010,15,Mackerels,0.0623072513185711,3,42
7,2010,37,Labridae and serranidae+,0.0176296674091612,4,51
7,2010,21,Other small pelagic fish,1.25250809844732,5,54
7,2010,65,Other commercial decapods,0.000993919605412763,4,51
7,2010,16,Horse mackerels,1.54393349388914,6,59
7,2011,17,Other medium pelagic fishes,0.0152054634126278,3,44
7,2011,38,Flatfishes,0.0689908407977769,7,67
7,2011,33,Sparidae+,0.538586499167467,5,61
7,2011,45,No commercial small demersal fish,0.04794977983074,7,67
7,2011,41,No commercial medium demersal fish,0.0171361525899299,5,61
7,2011,35,Scorpaenidae,0.181217082711623,7,67
7,2011,25,European conger,0.0428179270094822,7,67
7,2011,34,Common dentex,0.000259084140967278,2,13
7,2011,57,Other benthic cephalopods,0.0306122108694265,7,67
7,2011,19,Anchovy,2.68956231838366,4,55
7,2011,55,Benthopelagic cephalopods,0.0333740284963622,7,67
7,2011,24,Anglerfish,0.121693515749282,7,67
7,2011,26,European hake juv.,0.0838180104946827,7,67
7,2011,43,Mullets,0.0235978965992667,5,61
7,2011,54,Coastal benthic cephalopods,0.0324541609265292,5,61
7,2011,31,Common pandora,0.00878624022972613,4,55
7,2011,49,Rays and skates,0.0857132188523106,7,67
7,2011,18,Sardine,1.20648027799409,4,55
7,2011,15,Mackerels,0.0857882506672527,4,55
7,2011,37,Labridae and serranidae+,0.0160095379693774,5,61
7,2011,21,Other small pelagic fish,7.91521656841877,4,55
7,2011,65,Other commercial decapods,0.000199885773268079,3,44
7,2011,16,Horse mackerels,2.59459891733397,7,67
7,2011,39,Other commercial shallow medium demersal fish,0.00583598169664709,4,55
7,2012,58,Benthic mollusc,0.00348660637661305,7,67
7,2012,67,Other macro-benthos,0.0448106752714532,7,67
7,2012,17,Other medium pelagic fishes,0.0092049551759366,3,45
7,2012,38,Flatfishes,0.0793579395708121,7,67
7,2012,45,No commercial small demersal fish,0.0304913345924451,7,67
7,2012,33,Sparidae+,0.447402702899632,6,66
7,2012,41,No commercial medium demersal fish,0.0429831584420159,4,56
7,2012,25,European conger,0.0097029469480511,7,67
7,2012,66,Non-commercial decapods,0.12175607436221,7,67
7,2012,39,Other commercial shallow medium demersal fish,0.00857002822723343,7,67
7,2012,57,Other benthic cephalopods,0.0566440367194139,7,67
7,2012,19,Anchovy,0.149644857009156,4,56
7,2012,35,Scorpaenidae,0.191808006360701,7,67
7,2012,55,Benthopelagic cephalopods,0.0269403354973355,7,67
7,2012,24,Anglerfish,0.177894208936052,7,67
7,2012,26,European hake juv.,0.104443291250693,7,67
7,2012,54,Coastal benthic cephalopods,0.047840129157094,4,56
7,2012,31,Common pandora,0.0052930126178603,4,56
7,2012,49,Rays and skates,0.0351775049817406,7,67
7,2012,18,Sardine,0.178380224309745,4,56
7,2012,15,Mackerels,0.0177640971733386,3,45
7,2012,37,Labridae and serranidae+,0.0203005854244579,6,66
7,2012,21,Other small pelagic fish,1.49206155405608,4,56
7,2012,65,Other commercial decapods,0.00183066435230799,3,45
7,2012,50,Torpedos,0.000747917658060786,4,56
7,2012,16,Horse mackerels,1.36425941490977,6,66
7,2012,70,Corals and gorgonians,0.00415179258117214,4,56
7,2013,58,Benthic mollusc,0.00343762834303523,7,66
7,2013,67,Other macro-benthos,0.157020755307922,7,66
7,2013,70,Corals and gorgonians,0.00437124804028869,6,65
7,2013,38,Flatfishes,0.135471025731677,7,66
7,2013,45,No commercial small demersal fish,0.0359369621184678,7,66
7,2013,33,Sparidae+,0.242391557758438,5,61
7,2013,41,No commercial medium demersal fish,0.0335686498904153,5,61
7,2013,35,Scorpaenidae,0.166498129461907,7,66
7,2013,25,European conger,0.00749966250615216,7,66
7,2013,66,Non-commercial decapods,0.0616801651721289,7,66
7,2013,57,Other benthic cephalopods,0.0618528176067418,7,66
7,2013,19,Anchovy,0.286445943832906,4,54
7,2013,55,Benthopelagic cephalopods,0.0567318271663699,7,66
7,2013,24,Anglerfish,0.200801786631017,7,66
7,2013,65,Other commercial decapods,0.000242264278106224,3,17
7,2013,26,European hake juv.,0.183667882668949,7,66
7,2013,54,Coastal benthic cephalopods,0.0540044580239361,4,54
7,2013,31,Common pandora,0.0149077735907669,4,54
7,2013,49,Rays and skates,0.0325078169358356,7,66
7,2013,18,Sardine,0.545235614618603,4,54
7,2013,15,Mackerels,0.0958432972801648,3,43
7,2013,37,Labridae and serranidae+,0.0257241017976731,5,61
7,2013,21,Other small pelagic fish,5.24129601426116,4,54
7,2013,50,Torpedos,0.00257000170482792,3,43
7,2013,16,Horse mackerels,0.741345676054277,6,65
7,2014,58,Benthic mollusc,0.00524977122830487,7,66
7,2014,67,Other macro-benthos,0.127339450298803,7,66
7,2014,70,Corals and gorgonians,0.00200787624558171,7,66
7,2014,17,Other medium pelagic fishes,0.00726769680257152,3,44
7,2014,38,Flatfishes,0.0789741704980162,7,66
7,2014,68,Jellyfish,0.00192296930187368,4,55
7,2014,33,Sparidae+,0.580911094657922,5,60
7,2014,45,No commercial small demersal fish,0.067557451898336,7,66
7,2014,41,No commercial medium demersal fish,0.116615008576025,5,60
7,2014,35,Scorpaenidae,0.239967726292962,7,66
7,2014,25,European conger,0.00869383855084687,7,66
7,2014,66,Non-commercial decapods,0.0691085535750591,7,66
7,2014,57,Other benthic cephalopods,0.0461887254327621,7,66
7,2014,19,Anchovy,1.53920618517505,4,55
7,2014,55,Benthopelagic cephalopods,0.0541394963914796,7,66
7,2014,24,Anglerfish,0.245837645584578,7,66
7,2014,26,European hake juv.,0.182614700957438,7,66
7,2014,54,Coastal benthic cephalopods,0.0353741196806343,5,60
7,2014,31,Common pandora,0.0260951562997149,4,55
7,2014,49,Rays and skates,0.130286004675718,7,66
7,2014,18,Sardine,0.663101768054809,4,55
7,2014,15,Mackerels,0.0968775291800971,4,55
7,2014,37,Labridae and serranidae+,0.018148727697626,5,60
7,2014,21,Other small pelagic fish,3.97590996927892,4,55
7,2014,65,Other commercial decapods,0.00128507090415133,6,55
7,2014,50,Torpedos,0.000820414562672028,3,44
7,2014,16,Horse mackerels,1.27741123728521,5,60
7,2015,58,Benthic mollusc,0.00971902334295621,7,66
7,2015,67,Other macro-benthos,0.0638885670969964,7,66
7,2015,70,Corals and gorgonians,0.00174759908060122,6,65
7,2015,17,Other medium pelagic fishes,0.00445881986846518,2,13
7,2015,38,Flatfishes,0.0589640048452989,7,66
7,2015,66,Non-commercial decapods,0.104164367989941,7,66
7,2015,68,Jellyfish,0.0762180177145162,7,66
7,2015,45,No commercial small demersal fish,0.0960920273071153,7,66
7,2015,33,Sparidae+,0.454252683519272,6,65
7,2015,41,No commercial medium demersal fish,0.0590817984421446,4,55
7,2015,25,European conger,0.0418261876356661,7,66
7,2015,57,Other benthic cephalopods,0.0400383835980676,7,66
7,2015,19,Anchovy,0.3551046666367,4,55
7,2015,35,Scorpaenidae,0.187366832747978,7,66
7,2015,55,Benthopelagic cephalopods,0.0201919858722079,7,66
7,2015,24,Anglerfish,0.525717132956719,7,66
7,2015,26,European hake juv.,0.0892297001835355,7,66
7,2015,43,Mullets,0.0448464363354391,5,60
7,2015,54,Coastal benthic cephalopods,0.0337809805544131,4,55
7,2015,31,Common pandora,0.0224662198920816,4,55
7,2015,64,European lobster,0.0014991181791118,2,13
7,2015,49,Rays and skates,0.117396903492844,7,66
7,2015,18,Sardine,0.148294807920732,4,55
7,2015,15,Mackerels,0.0312920846097061,4,55
7,2015,37,Labridae and serranidae+,0.0190796098486723,5,60
7,2015,21,Other small pelagic fish,1.64242089674875,4,55
7,2015,65,Other commercial decapods,0.00137504233315002,4,55
7,2015,50,Torpedos,0.00447919453388025,3,43
7,2015,16,Horse mackerels,3.14288986363188,7,66
7,2015,29,Poor cod,0.0459733023250809,4,55
7,2015,39,Other commercial shallow medium demersal fish,0.0127721566186777,5,60
7,2016,17,Other medium pelagic fishes,0.00722018057745344,2,13
7,2016,38,Flatfishes,0.0491561923235066,7,64
7,2016,66,Non-commercial decapods,0.0440815499912987,7,64
7,2016,33,Sparidae+,0.140291345608938,5,60
7,2016,45,No commercial small demersal fish,0.076975229796735,7,64
7,2016,41,No commercial medium demersal fish,0.0163976606279364,4,55
7,2016,25,European conger,0.00833199473183925,7,64
7,2016,57,Other benthic cephalopods,0.0378253392586965,7,64
7,2016,19,Anchovy,2.23491185368038,4,55
7,2016,35,Scorpaenidae,0.187978472525966,7,64
7,2016,55,Benthopelagic cephalopods,0.0282007884694366,7,64
7,2016,24,Anglerfish,0.389362268106978,7,64
7,2016,26,European hake juv.,0.0902882763974128,7,64
7,2016,43,Mullets,0.0535719324802049,5,60
7,2016,54,Coastal benthic cephalopods,0.0363515604944011,4,55
7,2016,31,Common pandora,0.0109316691677251,4,55
7,2016,59,Deep-water rose shrimp,0.0148380587044192,7,64
7,2016,49,Rays and skates,0.0865676414216035,6,33
7,2016,18,Sardine,0.858984855285902,4,55
7,2016,67,Other macro-benthos,4.67109809683088e-06,4,55
7,2016,15,Mackerels,0.121156455048046,4,55
7,2016,37,Labridae and serranidae+,0.0158072706883929,4,55
7,2016,21,Other small pelagic fish,5.47850293360693,4,55
7,2016,65,Other commercial decapods,0.00187510270820146,4,49
7,2016,16,Horse mackerels,2.21796614633084,5,60
7,2017,17,Other medium pelagic fishes,0.0015531681933692,2,13
7,2017,38,Flatfishes,0.0376158234927271,7,67
7,2017,33,Sparidae+,0.196032318616993,6,66
7,2017,45,No commercial small demersal fish,0.0575393622714256,7,67
7,2017,41,No commercial medium demersal fish,0.0273629962358483,4,55
7,2017,25,European conger,0.00687701750658118,7,67
7,2017,66,Non-commercial decapods,0.0502627694393785,7,67
7,2017,57,Other benthic cephalopods,0.0371217593668317,7,67
7,2017,19,Anchovy,0.913982041765152,4,55
7,2017,35,Scorpaenidae,0.147617180689561,7,67
7,2017,55,Benthopelagic cephalopods,0.0666438593260689,7,67
7,2017,24,Anglerfish,0.387106629213382,7,67
7,2017,26,European hake juv.,0.0782114297819569,7,67
7,2017,43,Mullets,0.0398627977990147,5,61
7,2017,54,Coastal benthic cephalopods,0.0205024376239037,4,55
7,2017,31,Common pandora,0.0175397068858171,5,60
7,2017,49,Rays and skates,0.0548698659072972,7,67
7,2017,18,Sardine,0.295821226407605,4,55
7,2017,67,Other macro-benthos,3.09810016287271e-06,4,55
7,2017,15,Mackerels,0.116080546473686,4,55
7,2017,37,Labridae and serranidae+,0.00850603770224678,4,55
7,2017,21,Other small pelagic fish,6.47978855836693,5,61
7,2017,65,Other commercial decapods,0.00464595653553973,4,51
7,2017,16,Horse mackerels,2.63449258331321,6,66
7,2018,17,Other medium pelagic fishes,0.00110582364785025,2,13
7,2018,38,Flatfishes,0.0778645230241227,7,66
7,2018,66,Non-commercial decapods,0.0802954512234925,7,66
7,2018,33,Sparidae+,0.242919825753919,6,65
7,2018,23,No commercial meso (bathy) pelagic fishes,0.0200468253244417,5,24
7,2018,45,No commercial small demersal fish,0.0410167262236459,7,66
7,2018,41,No commercial medium demersal fish,0.0116724369268766,6,65
7,2018,35,Scorpaenidae,0.168009774269176,7,66
7,2018,25,European conger,0.0112338598305734,7,66
7,2018,57,Other benthic cephalopods,0.0367427221169068,7,66
7,2018,19,Anchovy,0.216314139130379,4,55
7,2018,55,Benthopelagic cephalopods,0.0493951186118327,7,66
7,2018,24,Anglerfish,0.0994470659401746,7,66
7,2018,26,European hake juv.,0.0924668162436005,7,66
7,2018,43,Mullets,0.0453214781972123,5,61
7,2018,54,Coastal benthic cephalopods,0.0431067132213798,4,55
7,2018,31,Common pandora,0.00796874140523255,4,55
7,2018,49,Rays and skates,0.0390161373178041,7,66
7,2018,18,Sardine,0.415683826192132,4,55
7,2018,67,Other macro-benthos,2.5776362628592e-05,4,55
7,2018,15,Mackerels,0.0388902189658279,4,55
7,2018,37,Labridae and serranidae+,0.011383670769917,4,55
7,2018,21,Other small pelagic fish,3.89739779511986,4,55
7,2018,65,Other commercial decapods,0.00244039610013633,4,18
7,2018,50,Torpedos,0.000976086032564348,4,55
7,2018,16,Horse mackerels,1.74843811953023,7,66
7,2018,39,Other commercial shallow medium demersal fish,0.00106289425639499,5,61
7,2019,17,Other medium pelagic fishes,0.00287069856683308,3,49
7,2019,38,Flatfishes,0.137166465738566,7,71
7,2019,45,No commercial small demersal fish,0.0356936411045733,7,71
7,2019,33,Sparidae+,0.136522696644004,5,66
7,2019,66,Non-commercial decapods,0.0884701611745267,7,71
7,2019,41,No commercial medium demersal fish,0.103431895749559,4,61
7,2019,35,Scorpaenidae,0.175892278918307,7,71
7,2019,25,European conger,0.0120964556121379,7,71
7,2019,57,Other benthic cephalopods,0.0470088769898345,7,71
7,2019,19,Anchovy,0.392847954379327,4,61
7,2019,55,Benthopelagic cephalopods,0.0634773866666495,7,71
7,2019,24,Anglerfish,0.285352190211704,7,71
7,2019,26,European hake juv.,0.111241062200561,7,71
7,2019,54,Coastal benthic cephalopods,0.0313446257810323,3,49
7,2019,31,Common pandora,0.0121396999981153,4,61
7,2019,49,Rays and skates,0.0599493314636544,5,66
7,2019,18,Sardine,0.232546998362993,4,61
7,2019,67,Other macro-benthos,8.02612308400632e-05,5,66
7,2019,15,Mackerels,0.176965752162278,4,61
7,2019,37,Labridae and serranidae+,0.0137978096288554,4,61
7,2019,21,Other small pelagic fish,3.17132743754613,4,61
7,2019,65,Other commercial decapods,0.00148713986109205,3,49
7,2019,50,Torpedos,0.00130719944431567,3,49
7,2019,16,Horse mackerels,5.00345063392491,7,71
7,2019,39,Other commercial shallow medium demersal fish,0.000137863508412186,4,61
7,2020,17,Other medium pelagic fishes,0.00187202288974183,2,12
7,2020,38,Flatfishes,0.095357654353211,7,40
7,2020,45,No commercial small demersal fish,0.223650386409203,7,40
7,2020,33,Sparidae+,0.139871687434309,5,38
7,2020,41,No commercial medium demersal fish,0.0371600988237734,4,37
7,2020,35,Scorpaenidae,0.142230770252047,7,40
7,2020,25,European conger,0.0440464879081227,6,39
7,2020,66,Non-commercial decapods,0.0527069469771419,5,15
7,2020,57,Other benthic cephalopods,0.0258348559915502,7,40
7,2020,19,Anchovy,2.03956270328044,4,37
7,2020,55,Benthopelagic cephalopods,0.0878752802802026,7,40
7,2020,26,European hake juv.,0.0808158335601196,5,38
7,2020,43,Mullets,0.0690537597392452,4,37
7,2020,54,Coastal benthic cephalopods,0.00621235524253336,2,12
7,2020,31,Common pandora,0.00377124338538334,4,37
7,2020,59,Deep-water rose shrimp,0.00734122633609169,6,39
7,2020,18,Sardine,0.559375961946493,4,37
7,2020,15,Mackerels,0.164434010889259,4,37
7,2020,47,Small-spotted catshark,0.00996651941012425,5,38
7,2020,37,Labridae and serranidae+,0.0079418199441477,5,38
7,2020,21,Other small pelagic fish,3.11843354727944,4,37
7,2020,65,Other commercial decapods,0.00160286975023332,4,14
7,2020,50,Torpedos,0.000958458551273685,3,31
7,2020,16,Horse mackerels,2.80366145450971,7,40
7,2021,17,Other medium pelagic fishes,0.00283832188608466,3,20
7,2021,38,Flatfishes,0.0586837891873669,7,68
7,2021,45,No commercial small demersal fish,0.0561171230430181,7,68
7,2021,33,Sparidae+,0.197687690985784,5,63
7,2021,41,No commercial medium demersal fish,0.0305373485640531,5,63
7,2021,25,European conger,0.0238110974509323,7,68
7,2021,66,Non-commercial decapods,0.0557099872574333,7,68
7,2021,39,Other commercial shallow medium demersal fish,0.00403170813988133,5,63
7,2021,57,Other benthic cephalopods,0.050929305290591,7,68
7,2021,19,Anchovy,0.52207576171537,4,56
7,2021,35,Scorpaenidae,0.107043294648013,7,68
7,2021,55,Benthopelagic cephalopods,0.0330013211139512,7,68
7,2021,24,Anglerfish,0.125451448754183,7,68
7,2021,26,European hake juv.,0.0877478003410888,7,68
7,2021,43,Mullets,0.090905016611014,5,63
7,2021,54,Coastal benthic cephalopods,0.0252225733585882,4,56
7,2021,31,Common pandora,0.0328061531464604,4,56
7,2021,49,Rays and skates,0.0391991468686343,5,63
7,2021,18,Sardine,0.478581639547075,4,56
7,2021,15,Mackerels,0.318563733491571,4,56
7,2021,47,Small-spotted catshark,0.0143796442040993,7,68
7,2021,37,Labridae and serranidae+,0.00989862815829205,5,63
7,2021,21,Other small pelagic fish,4.87546419568602,4,56
7,2021,65,Other commercial decapods,0.00448719732785763,4,52
7,2021,50,Torpedos,0.00253560938102716,3,45
7,2021,16,Horse mackerels,4.65260775214121,5,63
7,2022,38,Flatfishes,0.0925519963134079,7,75
7,2022,33,Sparidae+,0.816831008610525,5,68
7,2022,45,No commercial small demersal fish,0.0650735086634778,7,75
7,2022,41,No commercial medium demersal fish,0.104912830139207,6,74
7,2022,35,Scorpaenidae,0.114420031938038,7,75
7,2022,25,European conger,0.00312484426483934,5,68
7,2022,66,Non-commercial decapods,0.105711127287209,7,75
7,2022,57,Other benthic cephalopods,0.0583286697201893,7,75
7,2022,19,Anchovy,1.92248871101,4,63
7,2022,55,Benthopelagic cephalopods,0.0631055278297524,7,75
7,2022,24,Anglerfish,0.23349244258442,7,75
7,2022,26,European hake juv.,0.175693272860343,7,75
7,2022,43,Mullets,0.11913339713883,5,68
7,2022,54,Coastal benthic cephalopods,0.0291561537888435,4,63
7,2022,31,Common pandora,0.0550835444801742,4,63
7,2022,49,Rays and skates,0.0618497344296226,7,75
7,2022,18,Sardine,0.983341528812216,4,63
7,2022,67,Other macro-benthos,1.35697305719651e-05,4,63
7,2022,15,Mackerels,0.603979183425797,4,63
7,2022,37,Labridae and serranidae+,0.0101940924168142,4,63
7,2022,21,Other small pelagic fish,4.79645553794014,4,63
7,2022,65,Other commercial decapods,0.00249601619020681,5,56
7,2022,16,Horse mackerels,3.34931605932423,7,75
7,2023,17,Other medium pelagic fishes,0.00225411793744296,3,44
7,2023,38,Flatfishes,0.0897233809568863,7,67
7,2023,45,No commercial small demersal fish,0.0628798225524029,7,67
7,2023,33,Sparidae+,0.415300501718494,5,61
7,2023,41,No commercial medium demersal fish,0.0663773476104903,4,55
7,2023,35,Scorpaenidae,0.132866140631467,7,67
7,2023,25,European conger,0.00700050495461804,7,67
7,2023,66,Non-commercial decapods,0.0733363953307796,7,67
7,2023,57,Other benthic cephalopods,0.0535880185707016,7,67
7,2023,19,Anchovy,0.524448043283064,4,55
7,2023,65,Other commercial decapods,0.00719010313204327,6,56
7,2023,55,Benthopelagic cephalopods,0.0482432473757655,7,67
7,2023,24,Anglerfish,0.228515240521761,7,67
7,2023,26,European hake juv.,0.0963330048701889,7,67
7,2023,43,Mullets,0.120985734153499,5,61
7,2023,54,Coastal benthic cephalopods,0.0261248421906528,3,44
7,2023,31,Common pandora,0.0207222990600404,4,55
7,2023,49,Rays and skates,0.0925900467459302,5,61
7,2023,18,Sardine,0.797801457227863,4,55
7,2023,20,Round sardinella,0.00592081307981077,2,13
7,2023,67,Other macro-benthos,1.222696363406e-05,4,55
7,2023,15,Mackerels,0.0607055447412868,4,55
7,2023,37,Labridae and serranidae+,0.013615737430418,4,55
7,2023,21,Other small pelagic fish,2.15761221906102,4,55
7,2023,50,Torpedos,0.00242373995504383,5,60
7,2023,16,Horse mackerels,2.72535709555572,7,67
7,2023,39,Other commercial shallow medium demersal fish,0.0120115501702557,6,66
7,1994,61,Giant red shrimp,0.00432870273589771,3,55
7,1994,60,Blue and red shrimp,0.231758458458949,5,64
7,1994,30,Blue whiting,0.0986576392767302,6,70
7,1994,32,Blackspot seabream,0.00499599300750971,6,70
7,1994,50,Torpedos,0.00249879358862455,3,55
7,1994,29,Poor cod,0.172653697624388,3,55
7,1995,29,Poor cod,0.200176407506978,4,61
7,1996,40,Other commercial deep medium demersal fish,0.0500921800713789,6,65
7,1996,32,Blackspot seabream,0.0032510236328748,5,59
7,1996,29,Poor cod,0.13606237029617,3,54
7,1997,24,Anglerfish,0.0922634644742155,6,72
7,1997,32,Blackspot seabream,0.000861972387260379,4,66
7,1997,29,Poor cod,0.0953668153173246,4,66
7,1998,66,Non-commercial decapods,0.0221032273310387,6,72
7,1998,29,Poor cod,0.066933775904897,3,61
7,1999,40,Other commercial deep medium demersal fish,0.107010014539645,6,65
7,1999,32,Blackspot seabream,0.00245654901510964,6,65
7,1999,29,Poor cod,0.145078266026566,3,54
7,2000,29,Poor cod,0.147220575437732,3,54
7,2001,40,Other commercial deep medium demersal fish,0.116228859083267,6,67
7,2001,29,Poor cod,0.165483139390488,3,54
7,2002,43,Mullets,0.0142753048071006,4,58
7,2002,29,Poor cod,0.147714898055681,5,62
7,2003,29,Poor cod,0.10625050612664,5,73
7,2004,32,Blackspot seabream,0.00195068449426953,6,69
7,2004,29,Poor cod,0.101215069149428,4,63
7,2005,29,Poor cod,0.182370170959896,5,65
7,2006,29,Poor cod,0.188944610632614,4,61
7,2007,29,Poor cod,0.191803087856113,3,56
7,2008,32,Blackspot seabream,0.00161021372501535,6,54
7,2008,29,Poor cod,0.161777432133566,3,43
7,2009,66,Non-commercial decapods,0.0730641329808114,5,52
7,2009,32,Blackspot seabream,0.0112467105890248,5,52
7,2009,29,Poor cod,0.0953033984468163,5,62
7,2010,66,Non-commercial decapods,0.104318460997201,6,59
7,2010,40,Other commercial deep medium demersal fish,0.068221086442802,6,59
7,2010,43,Mullets,0.0299311975060768,4,53
7,2010,32,Blackspot seabream,0.00884401499982283,6,59
7,2010,50,Torpedos,0.00584768227847196,3,50
7,2010,29,Poor cod,0.0723422846683813,5,58
7,2011,66,Non-commercial decapods,0.0281471045951595,6,66
7,2011,32,Blackspot seabream,0.00809023298322605,6,66
7,2011,29,Poor cod,0.0925273488560043,4,59
7,2012,40,Other commercial deep medium demersal fish,0.0397104808738742,6,66
7,2012,43,Mullets,0.0246945136601092,4,60
7,2012,32,Blackspot seabream,0.00534393866344316,6,66
7,2012,29,Poor cod,0.0780393765432896,4,60
7,2013,40,Other commercial deep medium demersal fish,0.0286547795164056,6,65
7,2013,43,Mullets,0.0395914207096314,4,60
7,2013,32,Blackspot seabream,0.0106317402830891,4,60
7,2013,29,Poor cod,0.150597080416999,4,60
7,2014,43,Mullets,0.0378880897842302,4,59
7,2014,32,Blackspot seabream,0.0119573139519165,6,65
7,2014,29,Poor cod,0.104741699196136,3,54
7,2015,32,Blackspot seabream,0.0233765290939697,6,65
7,2016,40,Other commercial deep medium demersal fish,0.0435558835561369,6,63
7,2016,32,Blackspot seabream,0.0175794464654818,6,63
7,2016,29,Poor cod,0.0624442699333854,3,54
7,2017,32,Blackspot seabream,0.00159415288515475,6,66
7,2017,29,Poor cod,0.0583665109460862,4,60
7,2018,32,Blackspot seabream,0.00974617109416116,6,65
7,2018,29,Poor cod,0.0553383262541795,4,60
7,2019,40,Other commercial deep medium demersal fish,0.0672923571062009,6,70
7,2019,43,Mullets,0.0410690399077338,3,60
7,2019,32,Blackspot seabream,0.00354821704631291,6,70
7,2019,29,Poor cod,0.0732134274110844,5,69
7,2020,40,Other commercial deep medium demersal fish,0.00417153767348134,6,39
7,2020,24,Anglerfish,0.0782068624723571,4,37
7,2020,32,Blackspot seabream,0.000960086513970231,1,11
7,2020,29,Poor cod,0.0599595419125139,3,36
7,2021,32,Blackspot seabream,0.0188788462481385,6,67
7,2021,29,Poor cod,0.049524812288478,3,55
7,2022,40,Other commercial deep medium demersal fish,0.0510368288167146,6,74
7,2022,32,Blackspot seabream,0.0033984843359395,6,74
7,2022,62,Caramote prawn,8.94370394123944e-05,1,12
7,2022,29,Poor cod,0.0615402126575104,3,62
7,2023,32,Blackspot seabream,0.0131522883213021,6,66
7,2023,29,Poor cod,0.0523248734556054,3,54
7,1994,46,Bathydemersal (deep sea) fish,0.422505560438587,5,58
7,1994,48,Small demersal sharks,0.718351948979708,5,58
7,1994,22,Benthopelagic fishes,0.0996718168576423,5,58
7,1994,28,Other commercial large demersal fish,0.0417051947616292,4,47
7,1995,46,Bathydemersal (deep sea) fish,0.51372541925905,5,57
7,1995,40,Other commercial deep medium demersal fish,0.0550928384585982,5,57
7,1995,22,Benthopelagic fishes,0.0586691747153524,5,57
7,1995,30,Blue whiting,0.439256510645358,5,57
7,1995,11,Non-commercial large pelagic fishes,0.0859375106967919,1,32
7,1995,63,Norway lobster,0.0203530090160038,4,47
7,1995,32,Blackspot seabream,0.00502069689364358,5,57
7,1996,17,Other medium pelagic fishes,0.00446994994861065,1,32
7,1996,46,Bathydemersal (deep sea) fish,0.561294551454187,5,53
7,1996,10,Pelagic sharks,4.83958577109078e-05,1,32
7,1996,48,Small demersal sharks,0.798501758304101,4,43
7,1996,22,Benthopelagic fishes,0.0730745769284846,5,53
7,1996,24,Anglerfish,0.20433577018171,5,53
7,1996,28,Other commercial large demersal fish,0.0531382959619135,5,53
7,1996,63,Norway lobster,0.0160133787488074,4,43
7,1997,66,Non-commercial decapods,0.0278774840367314,4,48
7,1997,46,Bathydemersal (deep sea) fish,0.722402883352525,5,58
7,1997,40,Other commercial deep medium demersal fish,0.0322631806953205,5,58
7,1997,22,Benthopelagic fishes,0.0633263941281901,5,58
7,1997,28,Other commercial large demersal fish,0.0539834807314669,4,48
7,1997,48,Small demersal sharks,0.586661099171969,5,58
7,1997,49,Rays and skates,0.168731207711958,5,58
7,1997,47,Small-spotted catshark,0.0247740908444306,5,58
7,1998,46,Bathydemersal (deep sea) fish,0.237499310026236,5,60
7,1998,40,Other commercial deep medium demersal fish,0.0203259859516977,5,60
7,1998,22,Benthopelagic fishes,0.0522640760899865,5,60
7,1998,30,Blue whiting,0.0232144380339181,3,55
7,1998,63,Norway lobster,0.00561118686341717,4,50
7,1998,48,Small demersal sharks,0.524868417568595,5,60
7,1998,59,Deep-water rose shrimp,1.50933861447045e-05,2,45
7,1998,47,Small-spotted catshark,0.0231457121570007,5,60
7,1999,46,Bathydemersal (deep sea) fish,0.363081810157486,5,53
7,1999,23,No commercial meso (bathy) pelagic fishes,0.0400506481474501,4,43
7,1999,34,Common dentex,0.000509610245396691,1,32
7,1999,22,Benthopelagic fishes,0.132472066199887,5,53
7,1999,30,Blue whiting,0.528895079713359,5,53
7,1999,63,Norway lobster,0.0308488314683857,4,43
7,1999,48,Small demersal sharks,0.685514755217306,5,53
7,1999,59,Deep-water rose shrimp,0.000927499118074814,5,53
7,2000,46,Bathydemersal (deep sea) fish,0.57030977828957,5,55
7,2000,40,Other commercial deep medium demersal fish,0.0813914882363364,5,55
7,2000,22,Benthopelagic fishes,0.113398540412809,5,55
7,2000,63,Norway lobster,0.0471334970040856,4,44
7,2000,48,Small demersal sharks,0.611412637589912,5,55
7,2000,32,Blackspot seabream,0.00163705015316321,4,44
7,2000,64,European lobster,0.000267032549273232,1,31
7,2000,66,Non-commercial decapods,0.0269425766561123,5,55
7,2001,17,Other medium pelagic fishes,0.00221266401902255,1,32
7,2001,46,Bathydemersal (deep sea) fish,0.727652859471092,5,55
7,2001,22,Benthopelagic fishes,0.115514731651274,5,55
7,2001,67,Other macro-benthos,7.3355755514073e-05,2,42
7,2001,63,Norway lobster,0.0764973541987589,4,45
7,2001,32,Blackspot seabream,0.0031255808086646,5,55
7,2001,59,Deep-water rose shrimp,0.000266491876073486,2,39
7,2001,66,Non-commercial decapods,0.0290327700997147,5,55
7,2002,66,Non-commercial decapods,0.0214294183300978,4,41
7,2002,46,Bathydemersal (deep sea) fish,0.854015840403113,5,51
7,2002,40,Other commercial deep medium demersal fish,0.126216176376221,5,51
7,2002,22,Benthopelagic fishes,0.104866063631931,5,51
7,2002,30,Blue whiting,0.272834284739767,5,51
7,2002,28,Other commercial large demersal fish,0.0106082531200633,5,51
7,2002,63,Norway lobster,0.0342622453981023,4,41
7,2002,59,Deep-water rose shrimp,0.000127562576375401,5,51
7,2003,46,Bathydemersal (deep sea) fish,0.411374498135906,5,61
7,2003,40,Other commercial deep medium demersal fish,0.0845283513176696,5,61
7,2003,23,No commercial meso (bathy) pelagic fishes,0.0442261329295833,4,50
7,2003,22,Benthopelagic fishes,0.0996159920587382,4,50
7,2003,67,Other macro-benthos,7.88070641641685e-05,2,49
7,2003,30,Blue whiting,0.0529496274698359,5,61
7,2003,63,Norway lobster,0.0482396585191096,4,50
7,2003,47,Small-spotted catshark,0.034398989765392,5,61
7,2003,48,Small demersal sharks,0.459463489210653,5,61
7,2004,46,Bathydemersal (deep sea) fish,0.341704131517789,5,57
7,2004,40,Other commercial deep medium demersal fish,0.0849512102515267,5,57
7,2004,22,Benthopelagic fishes,0.210620703079777,5,57
7,2004,30,Blue whiting,0.0734123787924493,5,57
7,2004,28,Other commercial large demersal fish,0.0239389352172087,4,44
7,2004,63,Norway lobster,0.0110416721505685,4,44
7,2004,59,Deep-water rose shrimp,0.00100258191063508,5,57
7,2004,47,Small-spotted catshark,0.0131202067286037,5,57
7,2004,66,Non-commercial decapods,0.0485161209969793,4,44
7,2004,48,Small demersal sharks,0.549373064152275,4,44
7,2004,50,Torpedos,0.000531493581125493,2,45
7,2005,46,Bathydemersal (deep sea) fish,0.179835361653282,5,54
7,2005,40,Other commercial deep medium demersal fish,0.0674145690690691,5,54
7,2005,48,Small demersal sharks,0.502369838004164,5,54
7,2005,22,Benthopelagic fishes,0.162014773159944,5,54
7,2005,30,Blue whiting,0.286878349143112,5,54
7,2005,63,Norway lobster,0.00901458815636593,4,42
7,2005,32,Blackspot seabream,0.00136580581546097,5,54
7,2005,66,Non-commercial decapods,0.0324090895268695,4,42
7,2005,47,Small-spotted catshark,0.0150781212323206,5,54
7,2006,46,Bathydemersal (deep sea) fish,0.470323762423919,5,56
7,2006,40,Other commercial deep medium demersal fish,0.0910174335908926,5,56
7,2006,22,Benthopelagic fishes,0.143345016382993,5,56
7,2006,24,Anglerfish,0.165023363598685,5,56
7,2006,67,Other macro-benthos,1.33770374611303e-05,1,33
7,2006,30,Blue whiting,0.214510731455578,5,56
7,2006,63,Norway lobster,0.0333694377165866,4,45
7,2006,32,Blackspot seabream,0.000800298375924052,3,50
7,2006,64,European lobster,0.000401343241152592,1,33
7,2006,59,Deep-water rose shrimp,0.000413304646546959,4,45
7,2006,66,Non-commercial decapods,0.0784751068173991,4,45
7,2006,47,Small-spotted catshark,0.0239624364383993,5,56
7,2007,46,Bathydemersal (deep sea) fish,0.419901935277856,5,54
7,2007,40,Other commercial deep medium demersal fish,0.105656491638645,5,54
7,2007,22,Benthopelagic fishes,0.0919758201647218,4,43
7,2007,24,Anglerfish,0.105985578222581,5,54
7,2007,63,Norway lobster,0.0352902797452794,4,43
7,2007,32,Blackspot seabream,0.00382065116084749,5,54
7,2007,66,Non-commercial decapods,0.0219922512995026,4,43
7,2007,47,Small-spotted catshark,0.027535421302142,5,54
7,2007,48,Small demersal sharks,0.416909135076341,4,43
7,2008,46,Bathydemersal (deep sea) fish,0.531747347386164,5,43
7,2008,23,No commercial meso (bathy) pelagic fishes,0.0269287614031271,5,43
7,2008,40,Other commercial deep medium demersal fish,0.073164539384785,5,43
7,2008,30,Blue whiting,0.0552644953450183,5,43
7,2008,28,Other commercial large demersal fish,0.00167007347700614,2,29
7,2008,63,Norway lobster,0.0297372147303609,5,43
7,2008,59,Deep-water rose shrimp,0.00011039265285706,2,29
7,2008,48,Small demersal sharks,0.47003744576934,4,35
7,2008,50,Torpedos,0.00307555411250798,2,32
7,2009,46,Bathydemersal (deep sea) fish,0.104345667703732,5,52
7,2009,23,No commercial meso (bathy) pelagic fishes,0.0238297139349204,4,41
7,2009,40,Other commercial deep medium demersal fish,0.038016354343565,5,52
7,2009,22,Benthopelagic fishes,0.109372774183485,5,52
7,2009,30,Blue whiting,0.0763651150433241,5,52
7,2009,63,Norway lobster,0.0379628408513699,4,41
7,2009,59,Deep-water rose shrimp,0.000418376463780816,5,52
7,2009,47,Small-spotted catshark,0.0177914898577183,5,52
7,2010,46,Bathydemersal (deep sea) fish,0.0610254162842647,5,47
7,2010,22,Benthopelagic fishes,0.133346953821323,4,38
7,2010,30,Blue whiting,0.0317481735347259,5,47
7,2010,28,Other commercial large demersal fish,0.00713557554747921,4,38
7,2010,63,Norway lobster,0.0328109541706611,4,38
7,2010,59,Deep-water rose shrimp,0.000941689125421954,5,47
7,2010,47,Small-spotted catshark,0.0164768371887322,5,47
7,2011,46,Bathydemersal (deep sea) fish,0.317026100145817,5,54
7,2011,40,Other commercial deep medium demersal fish,0.0534589801009561,5,54
7,2011,22,Benthopelagic fishes,0.0687669693586542,5,54
7,2011,30,Blue whiting,0.197273359482663,5,54
7,2011,63,Norway lobster,0.0272912730003208,4,43
7,2011,48,Small demersal sharks,0.430365705171368,5,54
7,2011,59,Deep-water rose shrimp,0.00280409793785786,5,54
7,2011,47,Small-spotted catshark,0.0234159757201771,5,54
7,2011,50,Torpedos,0.000301273959049767,2,42
7,2012,46,Bathydemersal (deep sea) fish,0.23051282085872,5,54
7,2012,22,Benthopelagic fishes,0.161576890702638,4,43
7,2012,30,Blue whiting,0.0643699365732829,5,54
7,2012,63,Norway lobster,0.0140385554989525,4,43
7,2012,59,Deep-water rose shrimp,0.000762468932620207,5,54
7,2012,47,Small-spotted catshark,0.0231473106478386,5,54
7,2012,48,Small demersal sharks,0.2843773862667,5,54
7,2013,46,Bathydemersal (deep sea) fish,0.185321191569071,5,53
7,2013,39,Other commercial shallow medium demersal fish,0.0136784374814844,5,53
7,2013,56,Mesopelagic cephalopods,0.00415471484805144,4,42
7,2013,22,Benthopelagic fishes,0.029341120192666,4,42
7,2013,30,Blue whiting,0.0257597750127632,5,53
7,2013,63,Norway lobster,0.0161816155804355,4,42
7,2013,48,Small demersal sharks,0.344912832570054,5,53
7,2013,59,Deep-water rose shrimp,0.00108848563865335,5,53
7,2013,73,Suprabenthos,4.96582535243758e-07,2,34
7,2013,47,Small-spotted catshark,0.0471944660022077,3,48
7,2014,46,Bathydemersal (deep sea) fish,0.123694870501093,5,53
7,2014,40,Other commercial deep medium demersal fish,0.0252247134039264,5,53
7,2014,39,Other commercial shallow medium demersal fish,0.00856283132183902,5,53
7,2014,22,Benthopelagic fishes,0.0829082759757864,5,53
7,2014,63,Norway lobster,0.027369738593288,4,42
7,2014,64,European lobster,3.2199117945938e-05,1,31
7,2014,59,Deep-water rose shrimp,0.00225899576492362,5,53
7,2014,69,Salps and other gelatinous zooplankton,2.68700671492138e-05,1,31
7,2014,47,Small-spotted catshark,0.0350205237517689,5,53
7,2014,48,Small demersal sharks,0.817715766817527,5,53
7,2015,44,Commercial small demersal fish,4.42119781709621e-07,1,30
7,2015,46,Bathydemersal (deep sea) fish,0.446134519131032,5,53
7,2015,40,Other commercial deep medium demersal fish,0.0304809726261763,5,53
7,2015,22,Benthopelagic fishes,0.135390269295872,5,53
7,2015,30,Blue whiting,0.529385113851459,5,53
7,2015,63,Norway lobster,0.0314993612288753,4,41
7,2015,59,Deep-water rose shrimp,0.0049107137669856,5,53
7,2015,47,Small-spotted catshark,0.0233251553602498,3,47
7,2016,46,Bathydemersal (deep sea) fish,0.311392592151222,5,51
7,2016,22,Benthopelagic fishes,0.100073217677692,5,51
7,2016,30,Blue whiting,0.103457111556313,5,51
7,2016,63,Norway lobster,0.0312689856379601,5,51
7,2016,47,Small-spotted catshark,0.0119460729259268,5,51
7,2016,48,Small demersal sharks,1.26205243149953,4,40
7,2016,50,Torpedos,0.00090681610626601,2,42
7,2016,39,Other commercial shallow medium demersal fish,0.00504787058310008,3,47
7,2017,46,Bathydemersal (deep sea) fish,0.418024236606554,5,54
7,2017,40,Other commercial deep medium demersal fish,0.0350746745278386,5,54
7,2017,22,Benthopelagic fishes,0.0972710310910267,5,54
7,2017,63,Norway lobster,0.0252423465753719,4,44
7,2017,64,European lobster,0.000639862192135861,2,42
7,2017,59,Deep-water rose shrimp,0.0134844124433846,5,54
7,2017,47,Small-spotted catshark,0.0116819322119354,3,48
7,2017,50,Torpedos,0.000164038001151697,1,32
7,2017,39,Other commercial shallow medium demersal fish,0.00263305792284471,3,48
7,2018,46,Bathydemersal (deep sea) fish,0.145063740458521,5,53
7,2018,40,Other commercial deep medium demersal fish,0.0280880604720434,5,53
7,2018,22,Benthopelagic fishes,0.105057691693097,5,53
7,2018,30,Blue whiting,0.0768915091262713,5,53
7,2018,28,Other commercial large demersal fish,0.00183825527072914,4,41
7,2018,63,Norway lobster,0.0161456131678944,4,41
7,2018,59,Deep-water rose shrimp,0.00612568505960593,5,53
7,2018,47,Small-spotted catshark,0.014081490732352,5,53
7,2018,48,Small demersal sharks,0.379722426672005,4,41
7,2019,46,Bathydemersal (deep sea) fish,0.634752718504238,5,58
7,2019,30,Blue whiting,0.112478366146233,5,58
7,2019,63,Norway lobster,0.0235505515715234,4,46
7,2019,59,Deep-water rose shrimp,0.00803676853764642,5,58
7,2019,47,Small-spotted catshark,0.0176423603331896,5,58
7,2020,46,Bathydemersal (deep sea) fish,0.00379177753790315,5,28
7,2020,61,Giant red shrimp,0.000866960185208534,1,19
7,2020,48,Small demersal sharks,0.269089990162665,5,28
7,2020,63,Norway lobster,0.00988895077181572,3,21
7,2020,49,Rays and skates,0.222529735652315,5,28
7,2020,39,Other commercial shallow medium demersal fish,0.00435828854600844,2,25
7,2021,46,Bathydemersal (deep sea) fish,0.107683451970409,5,55
7,2021,40,Other commercial deep medium demersal fish,0.0268054194375946,5,55
7,2021,30,Blue whiting,0.035053529958856,5,55
7,2021,63,Norway lobster,0.00592414833276235,4,44
7,2021,59,Deep-water rose shrimp,0.0164556416431473,5,55
7,2021,67,Other macro-benthos,5.95184999047299e-06,2,43
7,2021,48,Small demersal sharks,0.283129259086039,4,44
7,2022,46,Bathydemersal (deep sea) fish,0.382161783093853,5,62
7,2022,22,Benthopelagic fishes,0.109523580166896,4,48
7,2022,30,Blue whiting,0.0670873316080464,5,62
7,2022,63,Norway lobster,0.0162204228774402,4,48
7,2022,48,Small demersal sharks,0.55330352067308,5,62
7,2022,59,Deep-water rose shrimp,0.0123102970416419,5,62
7,2022,73,Suprabenthos,2.0488933227783e-06,2,50
7,2022,39,Other commercial shallow medium demersal fish,0.00502017089843559,3,55
7,2022,47,Small-spotted catshark,0.0182117282682863,5,62
7,2022,50,Torpedos,0.000582786827636566,2,50
7,2023,46,Bathydemersal (deep sea) fish,0.429392947658493,5,54
7,2023,48,Small demersal sharks,0.367432131091742,4,43
7,2023,40,Other commercial deep medium demersal fish,0.0400439237858697,5,54
7,2023,22,Benthopelagic fishes,0.117742879555127,4,43
7,2023,63,Norway lobster,0.0167127779795341,4,43
7,2023,59,Deep-water rose shrimp,0.00684941004671224,5,54
7,2023,47,Small-spotted catshark,0.0217318107121875,3,48
7,1995,23,No commercial meso (bathy) pelagic fishes,0.0810836295547943,4,25
7,1995,59,Deep-water rose shrimp,0.00163412536112342,4,25
7,1996,30,Blue whiting,0.0600347141790255,4,21
7,1997,30,Blue whiting,0.0808533970625183,4,23
7,1997,23,No commercial meso (bathy) pelagic fishes,0.0381205484983609,4,23
7,1998,23,No commercial meso (bathy) pelagic fishes,0.0285551232061755,4,21
7,1998,32,Blackspot seabream,0.0213170949323449,4,21
7,1999,42,Salema,6.06638832008053e-05,1,10
7,2000,23,No commercial meso (bathy) pelagic fishes,0.0293144790846436,4,24
7,2000,30,Blue whiting,0.215807079483718,4,24
7,2000,59,Deep-water rose shrimp,0.000326318333945843,4,24
7,2001,30,Blue whiting,0.0713510869703105,4,23
7,2002,23,No commercial meso (bathy) pelagic fishes,0.051960855184016,4,20
7,2002,32,Blackspot seabream,0.0452540994714767,2,15
7,2002,48,Small demersal sharks,0.548579391557959,4,20
7,2003,32,Blackspot seabream,0.00104455058219596,3,17
7,2003,59,Deep-water rose shrimp,0.000324903331271322,4,23
7,2006,23,No commercial meso (bathy) pelagic fishes,0.0308537468544006,4,23
7,2006,11,Non-commercial large pelagic fishes,0.0793502515364819,1,11
7,2007,30,Blue whiting,0.267154080647819,4,23
7,2007,64,European lobster,0.000691623701021196,1,11
7,2008,34,Common dentex,0.000365481693539048,1,8
7,2008,22,Benthopelagic fishes,0.118977171672345,4,19
7,2008,64,European lobster,0.00186122131692028,2,13
7,2010,48,Small demersal sharks,0.623502284233996,4,18
7,2010,23,No commercial meso (bathy) pelagic fishes,0.0294729985210855,4,18
7,2011,28,Other commercial large demersal fish,0.0134363185165283,4,23
7,2012,56,Mesopelagic cephalopods,8.31881278174089e-05,3,21
7,2013,76,Macroalgae,3.81554059170996e-05,1,11
7,2014,76,Macroalgae,4.61633494389649e-05,1,11
7,2014,23,No commercial meso (bathy) pelagic fishes,0.0201146005921499,4,22
7,2014,30,Blue whiting,0.281569069221411,4,22
7,2015,76,Macroalgae,1.52417498657826e-05,1,12
7,2015,23,No commercial meso (bathy) pelagic fishes,0.0310731531775296,4,23
7,2015,48,Small demersal sharks,0.90302595284687,4,23
7,2015,28,Other commercial large demersal fish,0.0234001636380532,4,23
7,2016,23,No commercial meso (bathy) pelagic fishes,0.0275306504120752,4,20
7,2017,23,No commercial meso (bathy) pelagic fishes,0.0611857109145738,4,22
7,2017,30,Blue whiting,0.145561897154799,4,22
7,2018,73,Suprabenthos,4.77270104297047e-06,4,23
7,2019,48,Small demersal sharks,0.212848960659382,4,22
7,2019,22,Benthopelagic fishes,0.122710265862796,4,22
7,2023,30,Blue whiting,0.021147800242409,4,23
7,1994,23,No commercial meso (bathy) pelagic fishes,0.0472391750661681,3,15
7,1995,48,Small demersal sharks,0.645948540718926,3,15
7,1995,56,Mesopelagic cephalopods,0.00787190536842088,3,15
7,1995,28,Other commercial large demersal fish,0.0520704128954639,3,15
7,1996,23,No commercial meso (bathy) pelagic fishes,0.0330502292870548,3,11
7,1996,56,Mesopelagic cephalopods,1.04949300977716e-05,3,11
7,1996,59,Deep-water rose shrimp,2.28739147958675e-05,1,6
7,1997,64,European lobster,0.0041131723984643,1,7
7,1997,59,Deep-water rose shrimp,6.46019143360471e-07,1,7
7,1998,60,Blue and red shrimp,0.0496292140732213,3,11
7,1998,28,Other commercial large demersal fish,0.0213892609081831,3,11
7,1999,60,Blue and red shrimp,0.0401708076551735,3,11
7,1999,28,Other commercial large demersal fish,0.0132754097191709,3,11
7,2000,28,Other commercial large demersal fish,0.0161626418239911,3,13
7,2001,23,No commercial meso (bathy) pelagic fishes,0.0986040552662943,3,13
7,2001,48,Small demersal sharks,0.676575940306481,3,13
7,2001,56,Mesopelagic cephalopods,4.53551772621696e-06,1,7
7,2001,28,Other commercial large demersal fish,0.0207732859770266,3,13
7,2003,28,Other commercial large demersal fish,0.0107968325487347,3,12
7,2004,23,No commercial meso (bathy) pelagic fishes,0.0308044189711367,3,12
7,2005,23,No commercial meso (bathy) pelagic fishes,0.0891557267082716,3,12
7,2005,28,Other commercial large demersal fish,0.0370761802935903,3,12
7,2005,59,Deep-water rose shrimp,0.000434203584456002,3,12
7,2006,48,Small demersal sharks,0.489981497195285,3,12
7,2006,28,Other commercial large demersal fish,0.00253361262293852,1,6
7,2007,23,No commercial meso (bathy) pelagic fishes,0.0323327530005522,3,12
7,2007,28,Other commercial large demersal fish,0.00768361647066014,3,12
7,2007,59,Deep-water rose shrimp,0.000205017255407377,3,12
7,2008,60,Blue and red shrimp,0.0786199554629863,3,11
7,2008,56,Mesopelagic cephalopods,1.02628286092581e-05,1,5
7,2008,65,Other commercial decapods,2.7907162432237e-05,1,5
7,2009,48,Small demersal sharks,0.402820717296105,3,12
7,2009,28,Other commercial large demersal fish,0.0216836566508948,3,12
7,2011,23,No commercial meso (bathy) pelagic fishes,0.0180613267130307,3,12
7,2011,56,Mesopelagic cephalopods,0.00010430038871755,1,6
7,2011,64,European lobster,0.000507813280567777,1,6
7,2012,23,No commercial meso (bathy) pelagic fishes,0.0333751842706995,3,11
7,2012,28,Other commercial large demersal fish,0.0109166733893544,3,11
7,2013,23,No commercial meso (bathy) pelagic fishes,0.0543394287836163,3,12
7,2013,60,Blue and red shrimp,0.0575416101621287,3,12
7,2013,28,Other commercial large demersal fish,0.00067288308694788,1,7
7,2013,64,European lobster,0.00149299196097967,1,7
7,2014,60,Blue and red shrimp,0.0444283937440268,3,11
7,2014,28,Other commercial large demersal fish,0.0103213749145928,3,11
7,2015,56,Mesopelagic cephalopods,0.00121931803599504,3,11
7,2015,71,Macro zooplankton,1.35570504948898e-06,2,10
7,2016,60,Blue and red shrimp,0.112614070600774,3,9
7,2016,56,Mesopelagic cephalopods,0.00147505681539807,3,9
7,2016,28,Other commercial large demersal fish,0.0326823821653133,3,9
7,2017,60,Blue and red shrimp,0.117501554079511,3,12
7,2017,48,Small demersal sharks,0.7824956243085,3,12
7,2017,56,Mesopelagic cephalopods,0.000804326187218812,3,12
7,2017,28,Other commercial large demersal fish,0.0213896731585998,3,12
7,2018,60,Blue and red shrimp,0.0744688273766488,3,11
7,2018,56,Mesopelagic cephalopods,0.00557574651177483,3,11
7,2018,64,European lobster,0.000249825018064459,1,6
7,2019,23,No commercial meso (bathy) pelagic fishes,0.0358846504487404,3,10
7,2019,56,Mesopelagic cephalopods,0.00199568212214769,3,10
7,2019,28,Other commercial large demersal fish,0.00450406735112089,3,10
7,2019,64,European lobster,0.00102342960951276,1,5
7,2020,22,Benthopelagic fishes,0.116620267856777,3,3
7,2020,23,No commercial meso (bathy) pelagic fishes,0.00049654687022635,3,3
7,2020,28,Other commercial large demersal fish,0.000381590226976589,1,1
7,2021,23,No commercial meso (bathy) pelagic fishes,0.0367841109232285,3,12
7,2021,60,Blue and red shrimp,0.100350744500787,3,12
7,2021,22,Benthopelagic fishes,0.0550795432937455,3,12
7,2021,56,Mesopelagic cephalopods,0.00868619365864889,3,12
7,2021,28,Other commercial large demersal fish,0.00741924739832414,3,12
7,2021,64,European lobster,0.000674912586635816,1,7
7,2021,73,Suprabenthos,1.30355562383918e-07,2,11
7,2022,23,No commercial meso (bathy) pelagic fishes,0.0375062096468274,3,12
7,2022,56,Mesopelagic cephalopods,0.0150190451220654,3,12
7,2022,28,Other commercial large demersal fish,0.0076645285029272,3,12
7,2023,23,No commercial meso (bathy) pelagic fishes,0.0508618591433895,3,12
7,2023,56,Mesopelagic cephalopods,0.0017348416768263,3,12
7,2023,28,Other commercial large demersal fish,0.014000022749285,3,12
7,1994,56,Mesopelagic cephalopods,0.000181405806146938,2,9
7,1995,61,Giant red shrimp,0.0021708955211311,2,8
7,1995,60,Blue and red shrimp,0.145408381092142,2,8
7,1996,60,Blue and red shrimp,0.111235911541904,2,5
7,1997,60,Blue and red shrimp,0.0442233401782496,2,6
7,1998,56,Mesopelagic cephalopods,0.000184115703128336,2,5
7,2000,61,Giant red shrimp,0.000325869505639698,2,7
7,2000,60,Blue and red shrimp,0.0534546254795774,2,7
7,2000,11,Non-commercial large pelagic fishes,3.3857736849242e-05,2,7
7,2001,60,Blue and red shrimp,0.175497619489717,2,6
7,2002,60,Blue and red shrimp,0.186709802099074,2,5
7,2002,56,Mesopelagic cephalopods,0.000462485808776747,2,5
7,2003,56,Mesopelagic cephalopods,0.000365837952479313,2,6
7,2003,60,Blue and red shrimp,0.132457863375181,2,6
7,2004,56,Mesopelagic cephalopods,0.0273942688438851,2,6
7,2004,61,Giant red shrimp,0.000156808954002675,2,6
7,2004,60,Blue and red shrimp,0.255262060166066,2,6
7,2004,64,European lobster,0.000403941790179437,1,5
7,2005,60,Blue and red shrimp,0.012617387725582,2,6
7,2005,56,Mesopelagic cephalopods,0.000202514461916628,2,6
7,2006,60,Blue and red shrimp,0.00417185698773329,2,6
7,2006,56,Mesopelagic cephalopods,0.00408700500607507,2,6
7,2007,60,Blue and red shrimp,0.0395891712511766,2,6
7,2009,61,Giant red shrimp,0.000759438522413248,2,6
7,2009,60,Blue and red shrimp,0.0417161595106807,2,6
7,2010,60,Blue and red shrimp,0.0428956006597952,2,6
7,2011,60,Blue and red shrimp,0.0739853065201973,2,6
7,2012,60,Blue and red shrimp,0.0292482544336023,2,6
7,2014,56,Mesopelagic cephalopods,2.89035713378541e-05,2,6
7,2015,60,Blue and red shrimp,0.0929531734948405,2,6
7,2016,61,Giant red shrimp,0.000519282765965801,2,4
7,2017,73,Suprabenthos,1.35239812842802e-07,1,5
7,2019,60,Blue and red shrimp,0.0955841145239901,2,5
7,2020,30,Blue whiting,0.558290653687134,2,2
7,2022,60,Blue and red shrimp,0.0810276354777613,2,7
7,2023,60,Blue and red shrimp,0.084340999909433,2,6
8,1994,45,No commercial small demersal fish,0.349111387266367,5,19
8,1994,33,Sparidae+,0.757026045539188,3,13
8,1994,35,Scorpaenidae,0.148826711675804,5,19
8,1994,57,Other benthic cephalopods,0.015823179377014,5,19
8,1994,55,Benthopelagic cephalopods,0.0305927870596991,5,19
8,1994,24,Anglerfish,0.0773338658210312,5,19
8,1994,26,European hake juv.,0.0489662534708234,5,19
8,1994,43,Mullets,0.0907183619628356,3,13
8,1994,54,Coastal benthic cephalopods,0.00816440116048052,2,7
8,1994,31,Common pandora,0.0236619010426457,2,7
8,1994,49,Rays and skates,0.271217905740618,4,18
8,1994,18,Sardine,1.48942957997061,2,7
8,1994,47,Small-spotted catshark,0.107010688316187,3,13
8,1994,37,Labridae and serranidae+,0.0220883010354279,2,7
8,1994,21,Other small pelagic fish,2.44869892118287,2,7
8,1994,50,Torpedos,0.00222954924532345,1,4
8,1994,41,No commercial medium demersal fish,0.0021935559602393,3,13
8,1994,39,Other commercial shallow medium demersal fish,0.0184689728540204,2,10
8,1994,16,Horse mackerels,0.772220036163101,3,13
8,1995,38,Flatfishes,0.0402902533379264,5,23
8,1995,45,No commercial small demersal fish,0.249090365226076,5,23
8,1995,33,Sparidae+,0.106901844139939,4,22
8,1995,41,No commercial medium demersal fish,0.0162966443656526,3,17
8,1995,35,Scorpaenidae,0.167192967667563,5,23
8,1995,34,Common dentex,0.0353587148199125,1,5
8,1995,57,Other benthic cephalopods,0.0244161257491288,5,23
8,1995,19,Anchovy,0.0136249159369563,2,9
8,1995,24,Anglerfish,0.0670711925303777,5,23
8,1995,26,European hake juv.,0.0896529020169396,5,23
8,1995,43,Mullets,0.0496500772107923,3,17
8,1995,54,Coastal benthic cephalopods,0.00491066122347329,2,9
8,1995,31,Common pandora,0.0284829816737768,2,9
8,1995,64,European lobster,0.0218830052923678,2,9
8,1995,49,Rays and skates,0.169687071973323,4,22
8,1995,18,Sardine,0.244461929966531,2,9
8,1995,47,Small-spotted catshark,0.0818708296182784,3,17
8,1995,37,Labridae and serranidae+,0.0227912806205966,3,17
8,1995,21,Other small pelagic fish,1.55931787871782,2,9
8,1995,16,Horse mackerels,2.16887143732726,3,17
8,1995,39,Other commercial shallow medium demersal fish,0.0170570381082282,3,17
8,1996,37,Labridae and serranidae+,0.0233316051740584,3,18
8,1996,46,Bathydemersal (deep sea) fish,0.0111376071110093,5,23
8,1996,38,Flatfishes,0.0462215162462405,5,23
8,1996,45,No commercial small demersal fish,0.207455173456577,5,23
8,1996,33,Sparidae+,0.496090895711929,3,18
8,1996,35,Scorpaenidae,0.138164049493823,5,23
8,1996,34,Common dentex,0.000878718192868003,1,6
8,1996,57,Other benthic cephalopods,0.0301203200423545,5,23
8,1996,19,Anchovy,0.0441063396009921,1,6
8,1996,55,Benthopelagic cephalopods,0.0458156329039065,5,23
8,1996,49,Rays and skates,0.164885026220271,5,23
8,1996,24,Anglerfish,0.0869043210077146,5,23
8,1996,26,European hake juv.,0.0406015540470408,5,23
8,1996,43,Mullets,0.0908209951889129,3,18
8,1996,54,Coastal benthic cephalopods,0.00867951699199925,3,18
8,1996,32,Blackspot seabream,0.00238619780752732,4,20
8,1996,31,Common pandora,0.0341623334104508,3,18
8,1996,64,European lobster,0.0204477978150977,1,6
8,1996,18,Sardine,0.398009853241869,3,18
8,1996,47,Small-spotted catshark,0.10043914070122,3,18
8,1996,21,Other small pelagic fish,0.733759208027306,2,9
8,1996,41,No commercial medium demersal fish,0.0193870784761827,2,9
8,1996,16,Horse mackerels,0.952341939850541,5,23
8,1996,39,Other commercial shallow medium demersal fish,0.00916456607463839,3,18
8,1997,38,Flatfishes,0.0158911369539388,4,13
8,1997,33,Sparidae+,0.0507226931122985,2,9
8,1997,41,No commercial medium demersal fish,0.00476531548133571,1,2
8,1997,35,Scorpaenidae,0.0716133867207415,4,13
8,1997,57,Other benthic cephalopods,0.0104693573698592,3,12
8,1997,55,Benthopelagic cephalopods,0.0059422620057542,3,12
8,1997,24,Anglerfish,0.100545941059133,4,13
8,1997,43,Mullets,0.0022758150248527,2,9
8,1997,54,Coastal benthic cephalopods,0.00306168780146204,1,2
8,1997,31,Common pandora,0.010056465986576,2,9
8,1997,64,European lobster,0.0037449829331188,1,2
8,1997,49,Rays and skates,0.254312053833586,4,13
8,1997,18,Sardine,0.104979324539253,1,2
8,1997,47,Small-spotted catshark,0.0349741652536234,4,13
8,1997,37,Labridae and serranidae+,0.0123388562941766,2,9
8,1997,21,Other small pelagic fish,0.905772835155602,1,2
8,1997,39,Other commercial shallow medium demersal fish,0.0530852710752659,2,9
8,1997,16,Horse mackerels,0.739780265515877,2,9
8,1998,55,Benthopelagic cephalopods,0.0109141116009107,5,24
8,1998,37,Labridae and serranidae+,0.0173851774113483,3,20
8,1998,38,Flatfishes,0.0113338843894022,5,24
8,1998,45,No commercial small demersal fish,0.0782117275946937,5,24
8,1998,33,Sparidae+,0.186098342113384,3,20
8,1998,41,No commercial medium demersal fish,0.00682161458329074,2,10
8,1998,35,Scorpaenidae,0.0768684953534759,5,24
8,1998,57,Other benthic cephalopods,0.00794846458492293,5,24
8,1998,19,Anchovy,0.0716273132265338,2,10
8,1998,65,Other commercial decapods,0.00410553794169479,1,6
8,1998,26,European hake juv.,0.0177823956824293,3,20
8,1998,43,Mullets,0.240488219245244,2,10
8,1998,48,Small demersal sharks,0.0799970601565296,4,20
8,1998,54,Coastal benthic cephalopods,0.000812898289230058,3,20
8,1998,31,Common pandora,0.0169801275813179,3,20
8,1998,64,European lobster,0.00855285659715339,2,10
8,1998,49,Rays and skates,0.163672197668056,4,23
8,1998,18,Sardine,0.0131597628756173,2,10
8,1998,47,Small-spotted catshark,0.0848337451761189,3,20
8,1998,21,Other small pelagic fish,2.43729508960795,2,10
8,1998,39,Other commercial shallow medium demersal fish,0.0108067507442355,3,20
8,1998,16,Horse mackerels,0.839666443626961,3,20
8,1999,55,Benthopelagic cephalopods,0.0488623661002454,5,24
8,1999,37,Labridae and serranidae+,0.0317463104256499,3,18
8,1999,38,Flatfishes,0.0389856036040825,5,24
8,1999,45,No commercial small demersal fish,0.153794568572088,5,24
8,1999,33,Sparidae+,0.101410416743927,4,23
8,1999,35,Scorpaenidae,0.129481814194083,5,24
8,1999,49,Rays and skates,0.149321625114422,4,23
8,1999,34,Common dentex,0.00535329222525983,2,10
8,1999,57,Other benthic cephalopods,0.0122941133296447,5,24
8,1999,19,Anchovy,0.00465833271518735,1,6
8,1999,24,Anglerfish,0.0956653793932756,4,20
8,1999,26,European hake juv.,0.0501070170203625,5,24
8,1999,67,Other macro-benthos,0.00920589982639781,1,6
8,1999,43,Mullets,0.0634290650613773,3,18
8,1999,54,Coastal benthic cephalopods,0.0212027129395992,3,18
8,1999,31,Common pandora,0.0188605452825798,3,18
8,1999,15,Mackerels,0.0113014016918939,1,6
8,1999,47,Small-spotted catshark,0.10660140716618,5,24
8,1999,21,Other small pelagic fish,0.334415783600777,2,10
8,1999,41,No commercial medium demersal fish,0.00789476234161762,2,10
8,1999,16,Horse mackerels,0.614504623328204,3,18
8,1999,39,Other commercial shallow medium demersal fish,0.0115791645395762,2,10
8,2000,55,Benthopelagic cephalopods,0.0769794793173094,5,23
8,2000,38,Flatfishes,0.0448418139918471,5,23
8,2000,45,No commercial small demersal fish,0.0734021533664803,5,23
8,2000,33,Sparidae+,0.136787879589589,3,18
8,2000,66,Non-commercial decapods,0.150045407316081,4,20
8,2000,41,No commercial medium demersal fish,0.00825781951003641,2,9
8,2000,35,Scorpaenidae,0.127625239059488,5,23
8,2000,57,Other benthic cephalopods,0.0363903248410274,5,23
8,2000,19,Anchovy,0.00611336051485984,1,6
8,2000,24,Anglerfish,0.057240030512982,3,18
8,2000,26,European hake juv.,0.134934085498468,5,23
8,2000,67,Other macro-benthos,0.00107909486360807,1,6
8,2000,43,Mullets,0.0277496203279084,3,18
8,2000,48,Small demersal sharks,0.154763401364371,4,20
8,2000,63,Norway lobster,0.0771043184824665,5,23
8,2000,54,Coastal benthic cephalopods,0.00507034734601652,3,18
8,2000,31,Common pandora,0.0204256213787171,2,9
8,2000,64,European lobster,0.00344979125171242,1,6
8,2000,49,Rays and skates,0.245312145116548,4,22
8,2000,18,Sardine,0.00229611279163458,1,6
8,2000,47,Small-spotted catshark,0.221805811162659,5,23
8,2000,37,Labridae and serranidae+,0.0170112914662033,2,9
8,2000,21,Other small pelagic fish,0.953430353459702,2,9
8,2000,16,Horse mackerels,0.361719364689989,3,18
8,2000,39,Other commercial shallow medium demersal fish,0.0125741914881149,3,18
8,2001,55,Benthopelagic cephalopods,0.0429064271976607,5,23
8,2001,38,Flatfishes,0.0210675203412496,5,23
8,2001,45,No commercial small demersal fish,0.209052182707854,5,23
8,2001,33,Sparidae+,0.76960219367614,3,17
8,2001,35,Scorpaenidae,0.156887113322638,5,23
8,2001,57,Other benthic cephalopods,0.0305465425943979,5,23
8,2001,49,Rays and skates,0.274519759200632,4,22
8,2001,24,Anglerfish,0.0546526742286549,3,17
8,2001,26,European hake juv.,0.113687669980694,5,23
8,2001,67,Other macro-benthos,0.00349020592514134,1,5
8,2001,43,Mullets,0.0716480559401258,3,17
8,2001,54,Coastal benthic cephalopods,0.0055582094870329,3,17
8,2001,31,Common pandora,0.0165397481457686,2,9
8,2001,58,Benthic mollusc,5.0146636855479e-05,1,5
8,2001,47,Small-spotted catshark,0.203512921659087,5,23
8,2001,37,Labridae and serranidae+,0.0189894697160662,3,17
8,2001,21,Other small pelagic fish,1.8068759923757,2,9
8,2001,41,No commercial medium demersal fish,0.00529069427537432,2,9
8,2001,39,Other commercial shallow medium demersal fish,0.01375448206921,3,17
8,2001,16,Horse mackerels,1.94306835689435,4,22
8,2003,38,Flatfishes,0.0392800628982144,5,24
8,2003,45,No commercial small demersal fish,0.345203551337449,5,24
8,2003,33,Sparidae+,0.707817308416477,3,19
8,2003,35,Scorpaenidae,0.142419760474878,5,24
8,2003,49,Rays and skates,0.313488487715494,4,23
8,2003,57,Other benthic cephalopods,0.0154555061748512,5,24
8,2003,19,Anchovy,0.1904036706569,2,10
8,2003,48,Small demersal sharks,0.31113300783614,4,20
8,2003,55,Benthopelagic cephalopods,0.0325464282272032,5,24
8,2003,24,Anglerfish,0.0322850669761042,4,20
8,2003,65,Other commercial decapods,0.00212640100733886,3,19
8,2003,26,European hake juv.,0.149541592432569,5,24
8,2003,67,Other macro-benthos,5.33909005247779e-06,1,6
8,2003,43,Mullets,0.137245363072328,4,23
8,2003,54,Coastal benthic cephalopods,0.00461938949949325,3,19
8,2003,31,Common pandora,0.0247715829753813,2,10
8,2003,18,Sardine,1.05801216212068,2,10
8,2003,15,Mackerels,0.00463123427146592,2,10
8,2003,47,Small-spotted catshark,0.116268005843628,5,24
8,2003,37,Labridae and serranidae+,0.013582364542646,3,14
8,2003,21,Other small pelagic fish,1.70588737593997,2,10
8,2003,50,Torpedos,0.00207366979618833,2,10
8,2003,41,No commercial medium demersal fish,0.00291489990499788,2,10
8,2003,39,Other commercial shallow medium demersal fish,0.0111813099223219,3,19
8,2003,16,Horse mackerels,1.40199040060318,3,19
8,2004,55,Benthopelagic cephalopods,0.0297307430265879,5,23
8,2004,38,Flatfishes,0.0301803831377285,5,23
8,2004,45,No commercial small demersal fish,0.166049275528712,5,23
8,2004,58,Benthic mollusc,0.000114183249501369,2,10
8,2004,33,Sparidae+,0.488737625065004,4,22
8,2004,35,Scorpaenidae,0.118081895096586,5,23
8,2004,41,No commercial medium demersal fish,0.00912330894167195,2,10
8,2004,57,Other benthic cephalopods,0.00523510067168851,5,23
8,2004,22,Benthopelagic fishes,0.154724026741097,4,19
8,2004,24,Anglerfish,0.0439597793971554,5,23
8,2004,26,European hake juv.,0.0823170354265413,5,23
8,2004,43,Mullets,0.153110708991975,3,18
8,2004,54,Coastal benthic cephalopods,0.00335729436275631,2,10
8,2004,31,Common pandora,0.033112709054305,2,10
8,2004,49,Rays and skates,0.250838213569275,5,23
8,2004,47,Small-spotted catshark,0.1559161531114,5,23
8,2004,37,Labridae and serranidae+,0.0162587473051826,3,18
8,2004,21,Other small pelagic fish,1.56771765693567,2,10
8,2004,50,Torpedos,0.00113401396922344,1,6
8,2004,39,Other commercial shallow medium demersal fish,0.0243632317494279,3,18
8,2004,16,Horse mackerels,0.502741689059181,3,18
8,2005,55,Benthopelagic cephalopods,0.0648116750553802,5,24
8,2005,38,Flatfishes,0.0190147675272833,5,24
8,2005,45,No commercial small demersal fish,0.972795172494748,5,24
8,2005,33,Sparidae+,0.476881058145883,3,18
8,2005,35,Scorpaenidae,0.1393342930601,5,24
8,2005,57,Other benthic cephalopods,0.0209712111057987,5,24
8,2005,19,Anchovy,0.0295485552428234,2,10
8,2005,26,European hake juv.,0.086379818463602,5,24
8,2005,67,Other macro-benthos,1.64484994256652e-05,1,6
8,2005,43,Mullets,0.0861947565480935,3,18
8,2005,54,Coastal benthic cephalopods,0.00358579829218197,2,10
8,2005,31,Common pandora,0.0151284297174994,2,10
8,2005,49,Rays and skates,0.183341815417349,4,23
8,2005,47,Small-spotted catshark,0.102745938456341,5,24
8,2005,37,Labridae and serranidae+,0.0127097127007785,2,10
8,2005,21,Other small pelagic fish,0.940839125573998,2,10
8,2005,50,Torpedos,0.00204864470769422,1,6
8,2005,41,No commercial medium demersal fish,0.00449665300926443,2,10
8,2005,39,Other commercial shallow medium demersal fish,0.0163339526496327,3,18
8,2005,16,Horse mackerels,1.86251535027907,5,24
8,2006,55,Benthopelagic cephalopods,0.0337322449970295,5,24
8,2006,38,Flatfishes,0.0393667200938733,5,24
8,2006,45,No commercial small demersal fish,0.217973329742677,5,24
8,2006,33,Sparidae+,0.0843982840772618,4,23
8,2006,35,Scorpaenidae,0.138039576320253,5,24
8,2006,25,European conger,0.00213354359346837,2,15
8,2006,57,Other benthic cephalopods,0.0239924349563625,5,24
8,2006,19,Anchovy,0.00605695357607617,1,6
8,2006,24,Anglerfish,0.0651366284088128,5,24
8,2006,26,European hake juv.,0.107368703738608,5,24
8,2006,43,Mullets,0.175779694177742,3,19
8,2006,31,Common pandora,0.0118913573657906,3,14
8,2006,49,Rays and skates,0.345343336100451,4,23
8,2006,47,Small-spotted catshark,0.142272797555501,5,24
8,2006,37,Labridae and serranidae+,0.0115547211800221,3,19
8,2006,21,Other small pelagic fish,1.52213957618595,3,19
8,2006,41,No commercial medium demersal fish,0.0147282755391316,2,10
8,2006,39,Other commercial shallow medium demersal fish,0.0202397589105027,3,19
8,2006,16,Horse mackerels,1.17772838601407,5,24
8,2006,29,Poor cod,0.000996708374646758,1,6
8,2007,55,Benthopelagic cephalopods,0.0473104421282717,5,21
8,2007,61,Giant red shrimp,0.0345171887841247,3,11
8,2007,38,Flatfishes,0.0505059335815785,5,21
8,2007,45,No commercial small demersal fish,0.375848699110353,5,21
8,2007,33,Sparidae+,0.713810152582118,3,15
8,2007,35,Scorpaenidae,0.137516734654184,5,21
8,2007,57,Other benthic cephalopods,0.0234360563714311,5,21
8,2007,49,Rays and skates,0.364794259968083,4,20
8,2007,24,Anglerfish,0.111699192786228,5,21
8,2007,26,European hake juv.,0.179488167083186,5,21
8,2007,43,Mullets,0.0204167824922856,3,15
8,2007,48,Small demersal sharks,0.330564100190065,4,18
8,2007,54,Coastal benthic cephalopods,0.0145589511931547,2,8
8,2007,31,Common pandora,0.0192087774682862,2,8
8,2007,47,Small-spotted catshark,0.0662123777756114,5,21
8,2007,37,Labridae and serranidae+,0.0215823183309961,3,15
8,2007,21,Other small pelagic fish,2.1953236644038,2,8
8,2007,41,No commercial medium demersal fish,0.00301148839705882,1,5
8,2007,39,Other commercial shallow medium demersal fish,0.0438107659157002,4,20
8,2007,16,Horse mackerels,6.64226611864526,5,21
8,2008,55,Benthopelagic cephalopods,0.0552353320332871,5,26
8,2008,46,Bathydemersal (deep sea) fish,0.0381856480614397,5,26
8,2008,38,Flatfishes,0.0430235089921097,5,26
8,2008,45,No commercial small demersal fish,0.0574027135096288,5,26
8,2008,33,Sparidae+,2.01997866280896,3,21
8,2008,35,Scorpaenidae,0.113272241225246,5,26
8,2008,34,Common dentex,0.0475273336787079,1,7
8,2008,57,Other benthic cephalopods,0.00927815605719474,5,26
8,2008,19,Anchovy,0.00349906877831514,2,11
8,2008,24,Anglerfish,0.0622360723052889,3,21
8,2008,26,European hake juv.,0.123989742834038,5,26
8,2008,43,Mullets,0.0537095812369848,3,21
8,2008,54,Coastal benthic cephalopods,0.00295471019649243,2,11
8,2008,31,Common pandora,0.0339117226908751,2,11
8,2008,49,Rays and skates,1.61134199624879,4,25
8,2008,18,Sardine,0.0303886741976692,1,7
8,2008,47,Small-spotted catshark,0.116496326030802,5,26
8,2008,37,Labridae and serranidae+,0.0217668761595279,3,21
8,2008,21,Other small pelagic fish,2.25585728881794,4,25
8,2008,48,Small demersal sharks,0.215268358754215,4,22
8,2008,41,No commercial medium demersal fish,0.016419504403748,3,21
8,2008,50,Torpedos,0.00447831425833019,2,11
8,2008,39,Other commercial shallow medium demersal fish,0.039732257812701,3,21
8,2008,16,Horse mackerels,1.52670919738449,5,26
8,2008,29,Poor cod,0.00326646676580952,2,11
8,2009,37,Labridae and serranidae+,0.0171044649071284,3,19
8,2009,46,Bathydemersal (deep sea) fish,0.00930590327210675,5,23
8,2009,38,Flatfishes,0.0446212407222337,5,23
8,2009,45,No commercial small demersal fish,0.165439284166795,5,23
8,2009,33,Sparidae+,0.478704747528652,3,19
8,2009,35,Scorpaenidae,0.151364988623904,5,23
8,2009,49,Rays and skates,0.303928457228219,4,22
8,2009,57,Other benthic cephalopods,0.00984213919978029,5,23
8,2009,24,Anglerfish,0.0521283009871368,5,23
8,2009,26,European hake juv.,0.0575006651833637,5,23
8,2009,43,Mullets,0.0248897243435968,3,19
8,2009,31,Common pandora,0.0321392536472417,3,19
8,2009,18,Sardine,0.0476000413140136,1,5
8,2009,47,Small-spotted catshark,0.0827492332285247,5,23
8,2009,54,Coastal benthic cephalopods,0.00169613095201649,2,9
8,2009,21,Other small pelagic fish,1.38716684613562,2,9
8,2009,48,Small demersal sharks,0.341375335166702,4,19
8,2009,55,Benthopelagic cephalopods,0.0715095201039557,5,23
8,2009,50,Torpedos,0.00118936772781572,2,9
8,2009,41,No commercial medium demersal fish,0.00925216716434831,2,9
8,2009,39,Other commercial shallow medium demersal fish,0.0605646398628272,3,19
8,2009,16,Horse mackerels,1.0104602863919,3,19
8,2010,55,Benthopelagic cephalopods,0.0475900785827902,5,23
8,2010,17,Other medium pelagic fishes,0.01518678182482,1,6
8,2010,46,Bathydemersal (deep sea) fish,0.344094442231764,3,19
8,2010,38,Flatfishes,0.0325904239768426,4,20
8,2010,45,No commercial small demersal fish,0.240358642452748,5,23
8,2010,33,Sparidae+,0.457932238677163,3,19
8,2010,35,Scorpaenidae,0.0746971212482442,5,23
8,2010,49,Rays and skates,0.209946603747934,3,19
8,2010,41,No commercial medium demersal fish,0.00856596674107486,2,9
8,2010,57,Other benthic cephalopods,0.00446238900291311,5,23
8,2010,36,Groupers,0.0090866008098816,1,6
8,2010,24,Anglerfish,0.0726697050784669,4,20
8,2010,26,European hake juv.,0.0578787638561761,5,23
8,2010,43,Mullets,0.116142777610605,3,19
8,2010,54,Coastal benthic cephalopods,0.0019923876293488,2,9
8,2010,31,Common pandora,0.0375613068942997,3,19
8,2010,18,Sardine,0.0169045910881221,1,6
8,2010,47,Small-spotted catshark,0.0682928511221291,5,23
8,2010,37,Labridae and serranidae+,0.0112115482637821,2,9
8,2010,21,Other small pelagic fish,0.560321263758936,2,9
8,2010,39,Other commercial shallow medium demersal fish,0.0417929590809839,4,22
8,2010,16,Horse mackerels,1.87004513360303,5,23
8,2011,38,Flatfishes,0.0343123912806566,5,24
8,2011,45,No commercial small demersal fish,0.257928705853412,5,24
8,2011,33,Sparidae+,0.52074506230074,4,23
8,2011,35,Scorpaenidae,0.0918625850342402,5,24
8,2011,41,No commercial medium demersal fish,0.015190674845283,3,19
8,2011,57,Other benthic cephalopods,0.0154707461103176,5,24
8,2011,19,Anchovy,0.0555183552712515,2,10
8,2011,55,Benthopelagic cephalopods,0.0228046121445953,5,24
8,2011,24,Anglerfish,0.0468168727319779,5,24
8,2011,26,European hake juv.,0.0668360450206212,5,24
8,2011,43,Mullets,0.402693395152882,3,19
8,2011,54,Coastal benthic cephalopods,0.00936903385487551,3,19
8,2011,31,Common pandora,0.0315294800167777,3,19
8,2011,49,Rays and skates,0.288578294020009,4,23
8,2011,18,Sardine,0.244328264160857,2,10
8,2011,47,Small-spotted catshark,0.103987908573329,5,24
8,2011,37,Labridae and serranidae+,0.0123195474183023,3,19
8,2011,21,Other small pelagic fish,2.08515367366785,2,10
8,2011,50,Torpedos,0.00292785745042431,1,6
8,2011,39,Other commercial shallow medium demersal fish,0.0693325820660034,3,19
8,2011,16,Horse mackerels,4.03411126882344,4,23
8,2012,58,Benthic mollusc,0.00187986913635163,4,23
8,2012,67,Other macro-benthos,0.123721502075366,5,24
8,2012,66,Non-commercial decapods,0.163467214812558,5,24
8,2012,55,Benthopelagic cephalopods,0.0478140001338709,5,24
8,2012,38,Flatfishes,0.0717833128583297,5,24
8,2012,45,No commercial small demersal fish,0.251775919778288,5,24
8,2012,33,Sparidae+,0.541500967409913,3,20
8,2012,35,Scorpaenidae,0.110457944623594,5,24
8,2012,41,No commercial medium demersal fish,0.0202171521822545,2,10
8,2012,57,Other benthic cephalopods,0.0167806220209916,5,24
8,2012,19,Anchovy,0.183633239289996,2,10
8,2012,24,Anglerfish,0.133294872668192,5,24
8,2012,65,Other commercial decapods,0.0105416908621824,2,10
8,2012,26,European hake juv.,0.0320456542767544,5,24
8,2012,43,Mullets,0.04629318336041,3,20
8,2012,54,Coastal benthic cephalopods,0.010856540853584,3,20
8,2012,31,Common pandora,0.0358926859958147,2,10
8,2012,70,Corals and gorgonians,0.00538956595871842,3,19
8,2012,49,Rays and skates,0.257413830531032,4,23
8,2012,18,Sardine,0.0668048922491356,2,10
8,2012,47,Small-spotted catshark,0.192315290348619,3,20
8,2012,37,Labridae and serranidae+,0.0254876525039145,3,20
8,2012,21,Other small pelagic fish,1.34239729299756,2,10
8,2012,50,Torpedos,0.00295349057312191,1,6
8,2012,39,Other commercial shallow medium demersal fish,0.0820980188291095,3,20
8,2012,16,Horse mackerels,1.77502031099475,3,20
8,2013,67,Other macro-benthos,0.11374238180518,5,24
8,2013,55,Benthopelagic cephalopods,0.0617664173207347,5,24
8,2013,37,Labridae and serranidae+,0.0198617702223759,2,10
8,2013,38,Flatfishes,0.074832625809827,5,24
8,2013,45,No commercial small demersal fish,0.176306142571366,5,24
8,2013,58,Benthic mollusc,6.21181800763069e-05,2,17
8,2013,33,Sparidae+,0.449184478753078,3,21
8,2013,66,Non-commercial decapods,0.0748210628143634,5,24
8,2013,35,Scorpaenidae,0.0857267816320444,5,24
8,2013,76,Macroalgae,0.00547910045141001,3,21
8,2013,34,Common dentex,0.00546524716117994,1,6
8,2013,57,Other benthic cephalopods,0.0251766512679798,5,24
8,2013,19,Anchovy,0.778560164552988,2,10
8,2013,24,Anglerfish,0.0638075959013454,3,21
8,2013,26,European hake juv.,0.0253077595440247,3,21
8,2013,43,Mullets,0.106293368958547,3,21
8,2013,54,Coastal benthic cephalopods,0.0028956265901099,2,10
8,2013,31,Common pandora,0.0318826419662685,3,21
8,2013,70,Corals and gorgonians,0.00522672885489431,4,23
8,2013,49,Rays and skates,0.265925398911609,4,23
8,2013,47,Small-spotted catshark,0.176753521111706,3,21
8,2013,21,Other small pelagic fish,1.57742033305997,2,10
8,2013,50,Torpedos,0.0168942435440485,1,6
8,2013,41,No commercial medium demersal fish,0.00543683630930465,2,10
8,2013,39,Other commercial shallow medium demersal fish,0.0833124699658202,3,21
8,2013,16,Horse mackerels,0.66275284008839,3,21
8,2014,58,Benthic mollusc,0.000166748824775112,5,24
8,2014,67,Other macro-benthos,0.103252627850817,5,24
8,2014,55,Benthopelagic cephalopods,0.0334245556217552,5,24
8,2014,38,Flatfishes,0.0438371709595311,5,24
8,2014,45,No commercial small demersal fish,0.319631679954359,5,24
8,2014,33,Sparidae+,0.741011898919736,3,20
8,2014,66,Non-commercial decapods,0.0974517387633941,5,24
8,2014,35,Scorpaenidae,0.106687847982501,5,24
8,2014,76,Macroalgae,0.00249989813349365,2,16
8,2014,25,European conger,0.000166560196661034,1,6
8,2014,49,Rays and skates,0.290905513796077,5,24
8,2014,57,Other benthic cephalopods,0.0137972409808539,5,24
8,2014,19,Anchovy,0.00911217652190232,1,6
8,2014,24,Anglerfish,0.0266554749081732,3,20
8,2014,26,European hake juv.,0.100933407921235,5,24
8,2014,43,Mullets,0.104404228517324,3,20
8,2014,54,Coastal benthic cephalopods,0.00050384940466849,3,13
8,2014,32,Blackspot seabream,0.0398668240632243,5,24
8,2014,31,Common pandora,0.0269741116049511,2,10
8,2014,70,Corals and gorgonians,0.00015119186222284,4,23
8,2014,18,Sardine,0.109261515913535,2,10
8,2014,47,Small-spotted catshark,0.0879876378589275,5,24
8,2014,37,Labridae and serranidae+,0.0101832346508554,3,20
8,2014,21,Other small pelagic fish,1.77668145620685,3,20
8,2014,50,Torpedos,0.0170572770154883,1,6
8,2014,41,No commercial medium demersal fish,0.0148263260402749,2,10
8,2014,39,Other commercial shallow medium demersal fish,0.0738915573777321,3,20
8,2014,16,Horse mackerels,4.39891802304767,3,20
8,2015,58,Benthic mollusc,0.00046007747248271,3,21
8,2015,67,Other macro-benthos,0.209064742255349,5,24
8,2015,66,Non-commercial decapods,0.182176502557035,5,24
8,2015,55,Benthopelagic cephalopods,0.0350643215642899,5,24
8,2015,46,Bathydemersal (deep sea) fish,0.00814120603715672,4,23
8,2015,38,Flatfishes,0.0592336109198302,5,24
8,2015,45,No commercial small demersal fish,0.158062975373586,5,24
8,2015,33,Sparidae+,1.8884925640683,3,21
8,2015,35,Scorpaenidae,0.0924624993741781,5,24
8,2015,76,Macroalgae,0.0530775826839819,2,18
8,2015,49,Rays and skates,0.253672171714762,4,23
8,2015,57,Other benthic cephalopods,0.00812128705773282,5,24
8,2015,19,Anchovy,0.361182931246862,2,10
8,2015,70,Corals and gorgonians,0.0200275507056302,3,20
8,2015,24,Anglerfish,0.055730189439567,5,24
8,2015,26,European hake juv.,0.0170355794832444,3,21
8,2015,43,Mullets,0.209584813398165,3,21
8,2015,54,Coastal benthic cephalopods,0.00110670221125462,2,18
8,2015,31,Common pandora,0.016899583723266,3,21
8,2015,68,Jellyfish,0.0264685800960434,5,24
8,2015,40,Other commercial deep medium demersal fish,0.0362712560166508,4,21
8,2015,69,Salps and other gelatinous zooplankton,0.018376195199077,4,23
8,2015,18,Sardine,0.536448802512473,2,10
8,2015,47,Small-spotted catshark,0.0513217200856944,3,21
8,2015,37,Labridae and serranidae+,0.029691748619636,3,21
8,2015,21,Other small pelagic fish,2.21433166141804,2,10
8,2015,50,Torpedos,0.0113725060209314,1,7
8,2015,41,No commercial medium demersal fish,0.00296894455507486,2,10
8,2015,39,Other commercial shallow medium demersal fish,0.0470744682661113,3,21
8,2015,16,Horse mackerels,2.52365550778812,3,21
8,2016,55,Benthopelagic cephalopods,0.0249112725018063,5,23
8,2016,38,Flatfishes,0.0326802657238927,5,23
8,2016,45,No commercial small demersal fish,0.295632144499887,5,23
8,2016,33,Sparidae+,0.852335591891833,4,22
8,2016,66,Non-commercial decapods,0.12312057988293,5,23
8,2016,35,Scorpaenidae,0.0913073003723426,5,23
8,2016,49,Rays and skates,0.269662084358238,4,22
8,2016,34,Common dentex,0.127596229058801,1,6
8,2016,57,Other benthic cephalopods,0.00693952833057393,5,23
8,2016,19,Anchovy,0.0046854050738968,2,10
8,2016,24,Anglerfish,0.0241065815677971,3,19
8,2016,26,European hake juv.,0.0586399680528996,5,23
8,2016,43,Mullets,0.0555881085330398,3,19
8,2016,54,Coastal benthic cephalopods,0.00933157784801315,1,6
8,2016,31,Common pandora,0.018548372267698,3,19
8,2016,18,Sardine,0.0361373314778974,2,10
8,2016,47,Small-spotted catshark,0.0774648001905857,5,23
8,2016,37,Labridae and serranidae+,0.00438351981455408,3,19
8,2016,21,Other small pelagic fish,0.983390141916935,2,10
8,2016,50,Torpedos,0.0105853971989244,2,10
8,2016,41,No commercial medium demersal fish,0.00282066331003761,3,19
8,2016,39,Other commercial shallow medium demersal fish,0.0235475623037725,3,19
8,2016,16,Horse mackerels,2.27194073147249,3,19
8,2017,55,Benthopelagic cephalopods,0.013499941730473,5,24
8,2017,38,Flatfishes,0.0286006086004944,5,24
8,2017,45,No commercial small demersal fish,0.185039358703048,5,24
8,2017,33,Sparidae+,0.131844360100875,3,21
8,2017,66,Non-commercial decapods,0.0774472536767372,5,24
8,2017,35,Scorpaenidae,0.0990547866074638,5,24
8,2017,49,Rays and skates,0.159514453817778,4,23
8,2017,57,Other benthic cephalopods,0.00774027479201436,5,24
8,2017,19,Anchovy,0.148538793045209,2,10
8,2017,26,European hake juv.,0.0113323817745905,3,21
8,2017,43,Mullets,0.0690737773806244,3,21
8,2017,48,Small demersal sharks,0.383089972183669,5,24
8,2017,54,Coastal benthic cephalopods,0.00123391757646963,2,10
8,2017,32,Blackspot seabream,0.15955554697522,4,20
8,2017,31,Common pandora,0.00938676489352497,3,21
8,2017,64,European lobster,0.000560071937105976,1,6
8,2017,18,Sardine,0.0428201769764063,2,10
8,2017,67,Other macro-benthos,2.37121329836878e-06,3,12
8,2017,15,Mackerels,0.00119021536485168,1,6
8,2017,47,Small-spotted catshark,0.0779641195979357,3,21
8,2017,37,Labridae and serranidae+,0.0050678236228107,3,21
8,2017,21,Other small pelagic fish,1.05138344086426,2,10
8,2017,50,Torpedos,0.00374133369296156,1,6
8,2017,41,No commercial medium demersal fish,0.00455478735486557,2,10
8,2017,39,Other commercial shallow medium demersal fish,0.0296918376343337,3,21
8,2017,16,Horse mackerels,0.77315143135806,3,21
8,2017,29,Poor cod,0.00067676417866006,2,10
8,2018,55,Benthopelagic cephalopods,0.0729750236306079,5,24
8,2018,38,Flatfishes,0.0374274400301187,5,24
8,2018,45,No commercial small demersal fish,0.314181660423118,5,24
8,2018,33,Sparidae+,0.213683843165619,3,21
8,2018,66,Non-commercial decapods,0.083408595658055,5,24
8,2018,35,Scorpaenidae,0.10416765710011,5,24
8,2018,49,Rays and skates,0.225666121658332,4,23
8,2018,41,No commercial medium demersal fish,0.00167613035794401,2,10
8,2018,57,Other benthic cephalopods,0.00625020939938568,5,24
8,2018,19,Anchovy,0.00848785024244338,2,10
8,2018,24,Anglerfish,0.0475259699252952,3,21
8,2018,26,European hake juv.,0.0853024924664178,5,24
8,2018,43,Mullets,0.0795819014333125,3,21
8,2018,54,Coastal benthic cephalopods,0.00378457320411321,2,10
8,2018,31,Common pandora,0.0148816776151748,2,10
8,2018,18,Sardine,0.505346606275937,1,6
8,2018,47,Small-spotted catshark,0.0381992729096495,3,21
8,2018,37,Labridae and serranidae+,0.00733810870540006,3,21
8,2018,21,Other small pelagic fish,0.892768791175682,2,10
8,2018,48,Small demersal sharks,0.352111877506877,4,20
8,2018,50,Torpedos,0.00927284103669209,1,6
8,2018,39,Other commercial shallow medium demersal fish,0.0140910819524648,3,21
8,2018,16,Horse mackerels,0.802214580235404,3,21
8,2019,55,Benthopelagic cephalopods,0.0408670396185602,5,24
8,2019,37,Labridae and serranidae+,0.00899535017811356,3,21
8,2019,38,Flatfishes,0.034952876369971,5,24
8,2019,45,No commercial small demersal fish,0.225293507667077,5,24
8,2019,33,Sparidae+,1.0542099250058,4,23
8,2019,35,Scorpaenidae,0.116753174884883,5,24
8,2019,66,Non-commercial decapods,0.177912480289272,5,24
8,2019,49,Rays and skates,0.304260522124289,4,23
8,2019,57,Other benthic cephalopods,0.0122138273911525,5,24
8,2019,19,Anchovy,0.00021296586715965,1,6
8,2019,24,Anglerfish,0.0399524150097904,3,21
8,2019,26,European hake juv.,0.0751827168179429,5,24
8,2019,43,Mullets,0.0834225991338105,3,21
8,2019,54,Coastal benthic cephalopods,0.00215007700122685,2,10
8,2019,31,Common pandora,0.0234417624585111,3,21
8,2019,18,Sardine,0.0315861673442016,1,6
8,2019,47,Small-spotted catshark,0.048562447410811,5,24
8,2019,21,Other small pelagic fish,0.973788476859424,2,10
8,2019,50,Torpedos,0.00270153774429057,1,6
8,2019,41,No commercial medium demersal fish,0.00304276972984351,2,10
8,2019,39,Other commercial shallow medium demersal fish,0.0306178266091151,3,21
8,2019,16,Horse mackerels,0.7063883950896,3,21
8,2019,29,Poor cod,0.000847529519805232,1,6
8,2021,55,Benthopelagic cephalopods,0.0336654380184935,5,24
8,2021,38,Flatfishes,0.0243480928772649,5,24
8,2021,45,No commercial small demersal fish,0.319220199074976,5,24
8,2021,33,Sparidae+,0.641035494802539,3,19
8,2021,35,Scorpaenidae,0.124306190375358,5,24
8,2021,22,Benthopelagic fishes,0.154555418087274,4,21
8,2021,66,Non-commercial decapods,0.124682508438784,5,24
8,2021,49,Rays and skates,0.462601621264798,4,23
8,2021,34,Common dentex,0.00651617469059823,2,11
8,2021,41,No commercial medium demersal fish,0.00571063976719805,3,15
8,2021,57,Other benthic cephalopods,0.00845854169288519,5,24
8,2021,48,Small demersal sharks,0.193351717433019,4,21
8,2021,23,No commercial meso (bathy) pelagic fishes,0.00549622844909306,4,21
8,2021,24,Anglerfish,0.0376717740387634,5,24
8,2021,26,European hake juv.,0.0971054366746646,5,24
8,2021,30,Blue whiting,0.0214634263535747,4,21
8,2021,43,Mullets,0.0157426818970731,3,19
8,2021,63,Norway lobster,0.0716351587246445,4,21
8,2021,54,Coastal benthic cephalopods,0.00135523277930969,1,8
8,2021,32,Blackspot seabream,0.0353856465780489,5,24
8,2021,31,Common pandora,0.0222846327497372,3,19
8,2021,59,Deep-water rose shrimp,0.017433758690915,4,21
8,2021,40,Other commercial deep medium demersal fish,0.00811057877969106,4,21
8,2021,18,Sardine,0.000285520065203987,1,8
8,2021,15,Mackerels,0.00285603790148644,2,16
8,2021,47,Small-spotted catshark,0.0456782717753127,5,24
8,2021,37,Labridae and serranidae+,0.00401553621559813,3,19
8,2021,21,Other small pelagic fish,0.939263246876071,2,11
8,2021,50,Torpedos,0.00479453118238929,1,8
8,2021,39,Other commercial shallow medium demersal fish,0.0242397928893866,3,19
8,2021,16,Horse mackerels,2.09248743524976,3,19
8,2021,29,Poor cod,4.85335898773783e-05,1,8
8,2022,55,Benthopelagic cephalopods,0.0458018348658045,5,24
8,2022,37,Labridae and serranidae+,0.0104120107400349,3,19
8,2022,38,Flatfishes,0.0488245153690276,5,24
8,2022,45,No commercial small demersal fish,0.103509046223783,5,24
8,2022,33,Sparidae+,0.411614797105354,3,19
8,2022,35,Scorpaenidae,0.112042606093062,5,24
8,2022,66,Non-commercial decapods,0.0653999567084087,5,24
8,2022,49,Rays and skates,0.515761436935027,4,23
8,2022,34,Common dentex,0.0567273048821876,1,6
8,2022,41,No commercial medium demersal fish,0.00901846307776799,3,19
8,2022,57,Other benthic cephalopods,0.00764991047375533,5,24
8,2022,19,Anchovy,0.000626152972477424,1,6
8,2022,24,Anglerfish,0.0475185960779658,3,19
8,2022,26,European hake juv.,0.0215321667046738,3,19
8,2022,43,Mullets,0.0560540452269302,3,19
8,2022,54,Coastal benthic cephalopods,0.00396289687199102,1,6
8,2022,31,Common pandora,0.0213233449270226,2,10
8,2022,64,European lobster,0.00354067720202422,1,6
8,2022,18,Sardine,0.000648896146230096,1,6
8,2022,47,Small-spotted catshark,0.0295286810165134,5,24
8,2022,21,Other small pelagic fish,0.62117576336277,2,10
8,2022,48,Small demersal sharks,0.205666250654134,4,20
8,2022,50,Torpedos,0.00160039344985451,1,6
8,2022,39,Other commercial shallow medium demersal fish,0.057267087983147,3,19
8,2022,16,Horse mackerels,0.0628236334428831,5,24
8,2023,55,Benthopelagic cephalopods,0.0670940816688756,5,24
8,2023,37,Labridae and serranidae+,0.0227542645715134,3,19
8,2023,38,Flatfishes,0.0450707945293241,5,24
8,2023,45,No commercial small demersal fish,0.234974341285819,5,24
8,2023,33,Sparidae+,1.75370015600566,3,19
8,2023,35,Scorpaenidae,0.193912959065953,5,24
8,2023,66,Non-commercial decapods,0.110158296514878,5,24
8,2023,49,Rays and skates,0.557075909328755,4,23
8,2023,57,Other benthic cephalopods,0.0260258768462701,4,23
8,2023,24,Anglerfish,0.0916873121760675,5,24
8,2023,26,European hake juv.,0.0686120107652497,5,24
8,2023,43,Mullets,0.0722737005944326,3,19
8,2023,41,No commercial medium demersal fish,0.0344461541406864,2,10
8,2023,54,Coastal benthic cephalopods,0.0110492245486767,2,10
8,2023,31,Common pandora,0.0182177124562568,2,10
8,2023,18,Sardine,0.0028481270876742,1,6
8,2023,67,Other macro-benthos,4.32256064028699e-06,1,6
8,2023,47,Small-spotted catshark,0.065675179528544,5,24
8,2023,21,Other small pelagic fish,2.59655582976519,2,10
8,2023,50,Torpedos,0.00506646803445594,2,10
8,2023,39,Other commercial shallow medium demersal fish,0.0429892199350619,3,19
8,2023,16,Horse mackerels,2.71071684964223,5,24
8,1994,46,Bathydemersal (deep sea) fish,0.0674993668921733,4,15
8,1994,38,Flatfishes,0.0119852784419073,4,15
8,1994,19,Anchovy,0.0216459859308871,1,3
8,1994,65,Other commercial decapods,0.00127130946564093,1,3
8,1994,15,Mackerels,0.00109426785116649,1,3
8,1995,55,Benthopelagic cephalopods,0.0726047943591058,4,18
8,1995,46,Bathydemersal (deep sea) fish,0.0127650400895859,4,18
8,1995,65,Other commercial decapods,0.00306149088517527,2,12
8,1995,66,Non-commercial decapods,0.086979967567827,4,18
8,1995,15,Mackerels,0.00158488407185625,1,4
8,1995,48,Small demersal sharks,0.219537563154744,4,18
8,1995,50,Torpedos,0.000230592544177711,1,4
8,1996,22,Benthopelagic fishes,0.151519308180506,4,17
8,1996,66,Non-commercial decapods,0.0911638025518954,4,17
8,1996,40,Other commercial deep medium demersal fish,0.0487259951690575,4,17
8,1996,50,Torpedos,0.000127907541191955,1,3
8,1996,29,Poor cod,0.000205052661933988,1,3
8,1998,46,Bathydemersal (deep sea) fish,0.00595263463182471,4,18
8,1998,24,Anglerfish,0.236374964366548,4,18
8,1998,63,Norway lobster,0.0554405742213837,4,18
8,1999,46,Bathydemersal (deep sea) fish,0.0110277475536187,4,18
8,1999,64,European lobster,0.00297662337483054,1,4
8,2000,46,Bathydemersal (deep sea) fish,0.0723723166018128,4,17
8,2001,46,Bathydemersal (deep sea) fish,0.0243597556154416,4,18
8,2001,18,Sardine,0.0311530944333118,1,4
8,2003,46,Bathydemersal (deep sea) fish,0.0135136769354558,4,18
8,2003,44,Commercial small demersal fish,0.000190648718673859,1,4
8,2003,66,Non-commercial decapods,0.0966960153228985,4,18
8,2003,32,Blackspot seabream,0.0269525541290152,4,18
8,2003,59,Deep-water rose shrimp,0.00539089686633866,2,13
8,2004,46,Bathydemersal (deep sea) fish,0.00730094590373168,4,17
8,2004,48,Small demersal sharks,0.348518089649471,4,17
8,2005,46,Bathydemersal (deep sea) fish,0.0103052989660234,4,18
8,2005,34,Common dentex,0.00156224753840329,1,4
8,2005,24,Anglerfish,0.0826702796535945,4,18
8,2006,46,Bathydemersal (deep sea) fish,0.0682215314191047,4,18
8,2006,65,Other commercial decapods,0.00296009123256477,1,4
8,2006,54,Coastal benthic cephalopods,0.00312989665568782,1,4
8,2006,40,Other commercial deep medium demersal fish,0.0299329345143745,4,18
8,2007,46,Bathydemersal (deep sea) fish,0.0829740428839959,4,16
8,2007,18,Sardine,0.0332620471311769,1,3
8,2008,44,Commercial small demersal fish,0.000249072826329438,1,4
8,2008,28,Other commercial large demersal fish,0.0210938479530592,4,19
8,2009,66,Non-commercial decapods,0.0719273854961501,4,18
8,2011,46,Bathydemersal (deep sea) fish,0.00990879925905869,4,18
8,2011,48,Small demersal sharks,0.357593856603873,4,18
8,2011,15,Mackerels,0.00181929134523,1,4
8,2012,46,Bathydemersal (deep sea) fish,0.00597623272005642,4,18
8,2013,46,Bathydemersal (deep sea) fish,0.0140121343096275,4,18
8,2013,64,European lobster,0.0012115209649093,1,4
8,2013,29,Poor cod,0.000345353946162895,1,4
8,2014,46,Bathydemersal (deep sea) fish,0.00559058522595725,4,18
8,2014,15,Mackerels,0.0126797237766079,1,4
8,2014,29,Poor cod,3.32207313915712e-05,1,4
8,2016,46,Bathydemersal (deep sea) fish,0.0184197678143983,4,17
8,2016,23,No commercial meso (bathy) pelagic fishes,0.401723266303484,4,17
8,2016,48,Small demersal sharks,0.424582910847582,4,17
8,2017,40,Other commercial deep medium demersal fish,0.0454388703308124,4,18
8,2017,24,Anglerfish,0.0461294381935028,2,15
8,2017,65,Other commercial decapods,0.00322065626359976,1,4
8,2018,46,Bathydemersal (deep sea) fish,0.00650670407623921,4,18
8,2019,46,Bathydemersal (deep sea) fish,0.0373530346127797,4,18
8,2019,56,Mesopelagic cephalopods,0.0010953394117027,4,18
8,2019,32,Blackspot seabream,0.0283702382691831,4,18
8,2019,67,Other macro-benthos,3.37692534353549e-06,2,15
8,2022,46,Bathydemersal (deep sea) fish,0.0108030849855975,4,18
8,2022,67,Other macro-benthos,4.9276583382005e-06,2,13
8,2023,25,European conger,0.00116257092472978,2,13
8,2023,48,Small demersal sharks,0.267866385558573,4,18
8,1994,66,Non-commercial decapods,0.118969456087512,3,12
8,1994,23,No commercial meso (bathy) pelagic fishes,0.106861621431133,3,12
8,1994,48,Small demersal sharks,0.175603604486541,3,12
8,1994,22,Benthopelagic fishes,0.144491674611817,3,12
8,1994,30,Blue whiting,0.059651479618686,3,12
8,1994,63,Norway lobster,0.0450888326856236,3,12
8,1994,32,Blackspot seabream,0.0016505636924044,3,12
8,1994,59,Deep-water rose shrimp,0.00128110625931927,3,12
8,1994,40,Other commercial deep medium demersal fish,0.0398004201903294,3,12
8,1995,61,Giant red shrimp,0.00966667814234674,3,14
8,1995,23,No commercial meso (bathy) pelagic fishes,0.0826439696441535,3,14
8,1995,22,Benthopelagic fishes,0.131949856999455,3,14
8,1995,25,European conger,0.0273808260076765,3,14
8,1995,56,Mesopelagic cephalopods,0.000557091498198686,3,14
8,1995,30,Blue whiting,0.0773017990747655,3,14
8,1995,28,Other commercial large demersal fish,0.0276202805962851,3,14
8,1995,63,Norway lobster,0.0318030481697599,3,14
8,1995,32,Blackspot seabream,0.000308133681301439,1,8
8,1995,59,Deep-water rose shrimp,0.00140841774657885,1,8
8,1995,40,Other commercial deep medium demersal fish,0.0403338985562049,3,14
8,1995,29,Poor cod,9.28040890343095e-05,1,8
8,1996,23,No commercial meso (bathy) pelagic fishes,0.16615075803278,3,14
8,1996,48,Small demersal sharks,0.248402132736751,3,14
8,1996,25,European conger,0.00611281587804613,3,14
8,1996,65,Other commercial decapods,0.000239540149895972,1,9
8,1996,30,Blue whiting,0.0667988198358226,3,14
8,1996,28,Other commercial large demersal fish,0.00611251164696794,3,14
8,1996,63,Norway lobster,0.0680302949032952,3,14
8,1996,59,Deep-water rose shrimp,0.00149396856710353,3,14
8,1997,66,Non-commercial decapods,0.0306962416361094,3,11
8,1997,46,Bathydemersal (deep sea) fish,0.0109830638077383,3,11
8,1997,23,No commercial meso (bathy) pelagic fishes,0.0286610056290767,3,11
8,1997,61,Giant red shrimp,0.010454753602829,3,11
8,1997,45,No commercial small demersal fish,0.0915515131785146,3,11
8,1997,22,Benthopelagic fishes,0.0368279089098584,3,11
8,1997,48,Small demersal sharks,0.0684914078586901,3,11
8,1997,26,European hake juv.,0.0649728356970854,3,11
8,1997,30,Blue whiting,0.0311870952873731,3,11
8,1997,63,Norway lobster,0.0351178513938537,3,11
8,1997,32,Blackspot seabream,0.000223444164471871,1,7
8,1997,59,Deep-water rose shrimp,0.000739787288259024,1,7
8,1997,40,Other commercial deep medium demersal fish,0.0172120644659367,3,11
8,1998,66,Non-commercial decapods,0.0419022815427931,3,14
8,1998,23,No commercial meso (bathy) pelagic fishes,0.051657517763877,3,14
8,1998,61,Giant red shrimp,0.0163842673517449,3,14
8,1998,22,Benthopelagic fishes,0.0411051337417731,3,14
8,1998,25,European conger,0.00630499904088607,1,10
8,1998,67,Other macro-benthos,7.31979743387082e-07,1,10
8,1998,30,Blue whiting,0.0446856187175407,3,14
8,1998,32,Blackspot seabream,0.0950327334319158,3,14
8,1998,59,Deep-water rose shrimp,0.000815072507629232,1,10
8,1998,40,Other commercial deep medium demersal fish,0.0291851824121138,3,14
8,1999,61,Giant red shrimp,0.0244163192519129,3,14
8,1999,23,No commercial meso (bathy) pelagic fishes,0.10591236113808,3,14
8,1999,48,Small demersal sharks,0.258806291879252,3,14
8,1999,66,Non-commercial decapods,0.123806473342174,3,14
8,1999,22,Benthopelagic fishes,0.120201109373864,3,14
8,1999,25,European conger,0.00015074171644682,1,8
8,1999,56,Mesopelagic cephalopods,0.00432654260437163,3,14
8,1999,65,Other commercial decapods,0.000340380878075365,1,8
8,1999,30,Blue whiting,0.0405074983121621,3,14
8,1999,63,Norway lobster,0.0524984086162902,3,14
8,1999,32,Blackspot seabream,0.0192371139848695,3,14
8,1999,59,Deep-water rose shrimp,0.00475086611793527,1,8
8,1999,40,Other commercial deep medium demersal fish,0.0805722615133604,3,14
8,2000,61,Giant red shrimp,0.00364472138891946,3,14
8,2000,23,No commercial meso (bathy) pelagic fishes,0.0972284032435583,3,14
8,2000,22,Benthopelagic fishes,0.0921237200425255,3,14
8,2000,25,European conger,0.00212041659625053,3,14
8,2000,30,Blue whiting,0.0566570101273838,3,14
8,2000,32,Blackspot seabream,0.000498358859271473,1,9
8,2000,59,Deep-water rose shrimp,0.0076403685264999,3,14
8,2000,40,Other commercial deep medium demersal fish,0.0406796486553094,3,14
8,2001,48,Small demersal sharks,0.380612615479092,3,14
8,2001,23,No commercial meso (bathy) pelagic fishes,0.0412197002008131,3,14
8,2001,66,Non-commercial decapods,0.0927716671993756,3,14
8,2001,22,Benthopelagic fishes,0.0930381945949788,3,14
8,2001,25,European conger,0.000149648560573032,1,8
8,2001,40,Other commercial deep medium demersal fish,0.0330949505915345,3,14
8,2001,30,Blue whiting,0.141043318321594,3,14
8,2001,63,Norway lobster,0.0711097132077058,3,14
8,2001,32,Blackspot seabream,0.0702603136143561,3,14
8,2001,59,Deep-water rose shrimp,0.00445935477271103,3,14
8,2003,23,No commercial meso (bathy) pelagic fishes,0.11684392729436,3,14
8,2003,60,Blue and red shrimp,0.00258736949877746,3,14
8,2003,22,Benthopelagic fishes,0.177479799402174,3,14
8,2003,25,European conger,0.0138907358345825,3,14
8,2003,56,Mesopelagic cephalopods,0.00121944913403091,3,14
8,2003,30,Blue whiting,0.0414687094292504,3,14
8,2003,28,Other commercial large demersal fish,0.000341926532757477,3,14
8,2003,63,Norway lobster,0.128130251707856,3,14
8,2003,40,Other commercial deep medium demersal fish,0.0947390939307023,3,14
8,2004,23,No commercial meso (bathy) pelagic fishes,0.110623147948095,3,13
8,2004,56,Mesopelagic cephalopods,0.000112775536626799,3,13
8,2004,30,Blue whiting,0.331712097452852,3,13
8,2004,28,Other commercial large demersal fish,0.00109642796009541,1,8
8,2004,63,Norway lobster,0.139928446428596,3,13
8,2004,32,Blackspot seabream,0.00516954585799363,3,13
8,2004,59,Deep-water rose shrimp,0.00359283702223187,3,13
8,2004,66,Non-commercial decapods,0.143171620493249,3,13
8,2004,40,Other commercial deep medium demersal fish,0.052623765550949,3,13
8,2005,23,No commercial meso (bathy) pelagic fishes,0.116806584859111,3,14
8,2005,48,Small demersal sharks,0.348244229715813,3,14
8,2005,66,Non-commercial decapods,0.209864301412476,3,14
8,2005,22,Benthopelagic fishes,0.145705377619347,3,14
8,2005,30,Blue whiting,0.179397831440253,3,14
8,2005,28,Other commercial large demersal fish,0.0509032224350144,3,14
8,2005,63,Norway lobster,0.105514075697136,3,14
8,2005,32,Blackspot seabream,0.060680789719321,3,14
8,2005,65,Other commercial decapods,0.00466781773031281,1,8
8,2005,59,Deep-water rose shrimp,0.00306674337773557,3,14
8,2005,40,Other commercial deep medium demersal fish,0.0543947372281897,3,14
8,2006,23,No commercial meso (bathy) pelagic fishes,0.445464472640445,3,14
8,2006,48,Small demersal sharks,0.481194699849848,3,14
8,2006,66,Non-commercial decapods,0.142796937268557,3,14
8,2006,22,Benthopelagic fishes,0.131231053120594,3,14
8,2006,56,Mesopelagic cephalopods,0.00147928805900561,3,14
8,2006,30,Blue whiting,0.408385154514416,3,14
8,2006,28,Other commercial large demersal fish,0.0176114618412767,3,14
8,2006,63,Norway lobster,0.0787479127448957,3,14
8,2006,32,Blackspot seabream,0.0278218769605073,3,14
8,2006,59,Deep-water rose shrimp,0.00318496288639373,3,14
8,2007,22,Benthopelagic fishes,0.172345985530876,3,13
8,2007,23,No commercial meso (bathy) pelagic fishes,0.109632604408279,3,13
8,2007,30,Blue whiting,0.200090736367246,3,13
8,2007,28,Other commercial large demersal fish,0.0267842432294673,3,13
8,2007,63,Norway lobster,0.0574146746156566,3,13
8,2007,32,Blackspot seabream,0.00557895721849023,3,13
8,2007,59,Deep-water rose shrimp,0.00289141057792168,3,13
8,2007,66,Non-commercial decapods,0.0861797943973656,3,13
8,2007,40,Other commercial deep medium demersal fish,0.0239862114845189,3,13
8,2007,15,Mackerels,0.00938612360870386,1,7
8,2008,66,Non-commercial decapods,0.0261346172982254,3,15
8,2008,23,No commercial meso (bathy) pelagic fishes,0.0390588453885273,3,15
8,2008,61,Giant red shrimp,0.0123258507794656,3,15
8,2008,22,Benthopelagic fishes,0.0765595054381593,3,15
8,2008,30,Blue whiting,0.0647858048805705,3,15
8,2008,63,Norway lobster,0.106188049367868,3,15
8,2008,32,Blackspot seabream,0.0168826467871189,3,15
8,2008,59,Deep-water rose shrimp,0.00414679181828318,3,15
8,2008,40,Other commercial deep medium demersal fish,0.0207789073531511,3,15
8,2009,61,Giant red shrimp,0.00391175840420551,3,14
8,2009,23,No commercial meso (bathy) pelagic fishes,0.0421005301926609,3,14
8,2009,22,Benthopelagic fishes,0.122826525753878,3,14
8,2009,25,European conger,0.012524779032771,3,14
8,2009,65,Other commercial decapods,0.000153820711383884,1,10
8,2009,30,Blue whiting,0.102129618970828,3,14
8,2009,28,Other commercial large demersal fish,0.0202041449117377,3,14
8,2009,63,Norway lobster,0.121568184103594,3,14
8,2009,32,Blackspot seabream,0.0999256560048791,3,14
8,2009,59,Deep-water rose shrimp,0.00213285777373978,1,10
8,2009,40,Other commercial deep medium demersal fish,0.0328301967716154,3,14
8,2010,61,Giant red shrimp,0.00569868725678083,3,14
8,2010,48,Small demersal sharks,0.170463309397806,3,14
8,2010,22,Benthopelagic fishes,0.109030873636163,3,14
8,2010,25,European conger,0.000182629522019597,1,10
8,2010,23,No commercial meso (bathy) pelagic fishes,0.0503153318541029,3,14
8,2010,56,Mesopelagic cephalopods,0.00102525836370877,3,14
8,2010,30,Blue whiting,0.0582535687442,1,10
8,2010,28,Other commercial large demersal fish,0.0345982458316013,3,14
8,2010,63,Norway lobster,0.088336603987983,3,14
8,2010,32,Blackspot seabream,0.0138466519513097,3,14
8,2010,59,Deep-water rose shrimp,0.0108211780693836,3,14
8,2010,66,Non-commercial decapods,0.0497346895522149,3,14
8,2010,40,Other commercial deep medium demersal fish,0.0281972496469467,3,14
8,2011,23,No commercial meso (bathy) pelagic fishes,0.117899274316819,3,14
8,2011,60,Blue and red shrimp,0.0292430589957382,3,14
8,2011,66,Non-commercial decapods,0.0955994625107749,3,14
8,2011,22,Benthopelagic fishes,0.141679386154002,3,14
8,2011,25,European conger,0.000387125699688503,1,9
8,2011,40,Other commercial deep medium demersal fish,0.0197301629200729,3,14
8,2011,30,Blue whiting,0.0331034784731258,3,14
8,2011,28,Other commercial large demersal fish,0.00312878175992098,3,14
8,2011,63,Norway lobster,0.087076959934232,3,14
8,2011,32,Blackspot seabream,0.0675170586249794,3,14
8,2011,65,Other commercial decapods,0.000446172493528864,1,9
8,2011,59,Deep-water rose shrimp,0.00642718415139849,3,14
8,2012,61,Giant red shrimp,0.00735444699167832,3,14
8,2012,23,No commercial meso (bathy) pelagic fishes,0.0235323949081217,3,14
8,2012,48,Small demersal sharks,0.348703141990863,3,14
8,2012,22,Benthopelagic fishes,0.136467168718643,3,14
8,2012,25,European conger,6.10221177700675e-05,1,10
8,2012,40,Other commercial deep medium demersal fish,0.0212572358251551,3,14
8,2012,56,Mesopelagic cephalopods,0.00035254046721897,3,14
8,2012,30,Blue whiting,0.0299317196175668,1,10
8,2012,63,Norway lobster,0.0939016283990642,3,14
8,2012,32,Blackspot seabream,0.0451188443783868,3,14
8,2012,59,Deep-water rose shrimp,0.00995662167273477,3,14
8,2013,23,No commercial meso (bathy) pelagic fishes,0.0378604963939057,3,14
8,2013,61,Giant red shrimp,0.0206458649352691,3,14
8,2013,48,Small demersal sharks,0.216778561843538,3,14
8,2013,22,Benthopelagic fishes,0.0750494190639759,3,14
8,2013,25,European conger,0.0891762944880483,3,14
8,2013,40,Other commercial deep medium demersal fish,0.0119012746385948,3,14
8,2013,56,Mesopelagic cephalopods,0.000312532665375282,3,14
8,2013,30,Blue whiting,0.0139986610701175,1,11
8,2013,28,Other commercial large demersal fish,0.000396149427931443,1,11
8,2013,63,Norway lobster,0.0393197749826372,3,14
8,2013,32,Blackspot seabream,0.0362907526434991,3,14
8,2013,65,Other commercial decapods,0.000570551891951576,1,11
8,2013,59,Deep-water rose shrimp,0.00587964882758344,3,14
8,2014,23,No commercial meso (bathy) pelagic fishes,0.0145943818085516,3,14
8,2014,61,Giant red shrimp,0.0135229015654618,3,14
8,2014,48,Small demersal sharks,0.395480085246655,3,14
8,2014,22,Benthopelagic fishes,0.160091117540888,3,14
8,2014,30,Blue whiting,0.0582824757811471,3,14
8,2014,28,Other commercial large demersal fish,0.0137438615920685,3,14
8,2014,63,Norway lobster,0.0683947423721445,3,14
8,2014,65,Other commercial decapods,0.000849035219912457,1,10
8,2014,59,Deep-water rose shrimp,0.0082525665692787,3,14
8,2014,40,Other commercial deep medium demersal fish,0.0164954158195424,3,14
8,2015,23,No commercial meso (bathy) pelagic fishes,0.00896187192612609,3,14
8,2015,48,Small demersal sharks,0.42914552956333,3,14
8,2015,22,Benthopelagic fishes,0.130696316823335,3,14
8,2015,56,Mesopelagic cephalopods,0.000132801024354537,3,14
8,2015,65,Other commercial decapods,0.000288180536454629,1,11
8,2015,30,Blue whiting,0.00869654710291622,1,11
8,2015,28,Other commercial large demersal fish,0.00203264691872918,1,11
8,2015,63,Norway lobster,0.0423950903345054,3,14
8,2015,32,Blackspot seabream,0.19126575535859,3,14
8,2015,59,Deep-water rose shrimp,0.00943805079805368,3,14
8,2016,22,Benthopelagic fishes,0.147180350653989,3,13
8,2016,25,European conger,0.00899241002051048,3,13
8,2016,56,Mesopelagic cephalopods,1.12167019572772e-05,1,9
8,2016,71,Macro zooplankton,1.46230308978295e-06,1,9
8,2016,30,Blue whiting,0.0216338666455991,3,13
8,2016,28,Other commercial large demersal fish,0.00531222967418243,3,13
8,2016,63,Norway lobster,0.0633647847616782,3,13
8,2016,32,Blackspot seabream,0.00967477262203445,3,13
8,2016,59,Deep-water rose shrimp,0.0179538204517727,3,13
8,2016,40,Other commercial deep medium demersal fish,0.0328284472238414,3,13
8,2016,67,Other macro-benthos,1.11662132821408e-06,2,12
8,2017,46,Bathydemersal (deep sea) fish,0.00884805608012567,3,14
8,2017,23,No commercial meso (bathy) pelagic fishes,0.0300464407748829,3,14
8,2017,61,Giant red shrimp,0.033604550411355,3,14
8,2017,22,Benthopelagic fishes,0.123235698264902,3,14
8,2017,25,European conger,0.00010553718772467,1,11
8,2017,56,Mesopelagic cephalopods,0.00211277259164509,3,14
8,2017,30,Blue whiting,0.0412552100125694,1,11
8,2017,28,Other commercial large demersal fish,0.0199727348562759,3,14
8,2017,63,Norway lobster,0.0618545514429972,3,14
8,2017,59,Deep-water rose shrimp,0.0151428792341306,3,14
8,2018,23,No commercial meso (bathy) pelagic fishes,0.0146381142388978,3,14
8,2018,61,Giant red shrimp,0.0719433140014811,3,14
8,2018,22,Benthopelagic fishes,0.0920998878371093,3,14
8,2018,25,European conger,0.00858706327317928,3,14
8,2018,56,Mesopelagic cephalopods,0.000157977709868002,3,14
8,2018,30,Blue whiting,0.00887155726853564,1,11
8,2018,28,Other commercial large demersal fish,0.0607516691342057,3,14
8,2018,63,Norway lobster,0.0707456764613892,3,14
8,2018,32,Blackspot seabream,0.116152511875306,3,14
8,2018,59,Deep-water rose shrimp,0.0149377589398041,3,14
8,2018,40,Other commercial deep medium demersal fish,0.0344054873289779,3,14
8,2018,15,Mackerels,0.00228660206769484,1,11
8,2019,23,No commercial meso (bathy) pelagic fishes,0.062296281638541,3,14
8,2019,61,Giant red shrimp,0.0311444067036235,3,14
8,2019,48,Small demersal sharks,0.319676605446017,3,14
8,2019,22,Benthopelagic fishes,0.18424914660975,3,14
8,2019,25,European conger,0.00048725185727903,1,11
8,2019,30,Blue whiting,0.028995923967852,3,14
8,2019,63,Norway lobster,0.0945228109909686,3,14
8,2019,59,Deep-water rose shrimp,0.0199660136371007,3,14
8,2019,40,Other commercial deep medium demersal fish,0.0152426755375646,3,14
8,2021,46,Bathydemersal (deep sea) fish,0.00532157578874608,3,13
8,2021,61,Giant red shrimp,0.0106241009277354,3,13
8,2021,28,Other commercial large demersal fish,0.0338603594222429,3,13
8,2022,23,No commercial meso (bathy) pelagic fishes,0.0563335994355103,3,14
8,2022,61,Giant red shrimp,0.0417018636928183,3,14
8,2022,22,Benthopelagic fishes,0.0817717456568643,3,14
8,2022,25,European conger,0.000666525170131892,1,9
8,2022,40,Other commercial deep medium demersal fish,0.0251129689436301,3,14
8,2022,56,Mesopelagic cephalopods,4.16864617028398e-06,1,9
8,2022,71,Macro zooplankton,3.51801456554083e-07,1,9
8,2022,30,Blue whiting,0.0116783616948526,1,9
8,2022,28,Other commercial large demersal fish,0.0139214463516803,3,14
8,2022,63,Norway lobster,0.0804411005682553,3,14
8,2022,32,Blackspot seabream,0.00697867140707809,3,14
8,2022,59,Deep-water rose shrimp,0.00850102802980423,3,14
8,2023,46,Bathydemersal (deep sea) fish,0.00833868105465136,3,14
8,2023,61,Giant red shrimp,0.0765639723486492,3,14
8,2023,23,No commercial meso (bathy) pelagic fishes,0.0907050576056003,3,14
8,2023,22,Benthopelagic fishes,0.151089875600496,3,14
8,2023,30,Blue whiting,0.0285799049956183,3,14
8,2023,28,Other commercial large demersal fish,0.00357511404541742,3,14
8,2023,63,Norway lobster,0.0309392489767072,3,14
8,2023,32,Blackspot seabream,0.0555855554335991,3,14
8,2023,59,Deep-water rose shrimp,0.0100171125416754,3,14
8,2023,40,Other commercial deep medium demersal fish,0.0105850002426849,3,14
8,1994,61,Giant red shrimp,0.0397680008691066,2,6
8,1994,25,European conger,0.0328075030944334,2,6
8,1994,56,Mesopelagic cephalopods,0.000931941632582629,2,6
8,1994,28,Other commercial large demersal fish,0.00381529064189403,2,6
8,1996,60,Blue and red shrimp,0.00559220720410099,2,5
8,1997,56,Mesopelagic cephalopods,0.00476594866642128,2,4
8,1997,28,Other commercial large demersal fish,0.0032671685870265,2,4
8,1997,65,Other commercial decapods,3.93932666951625e-06,1,3
8,1998,58,Benthic mollusc,3.02272331086437e-06,1,3
8,1998,56,Mesopelagic cephalopods,0.000121332100392693,2,4
8,1998,28,Other commercial large demersal fish,0.0192174556555309,2,4
8,1999,28,Other commercial large demersal fish,0.0131478261119136,2,6
8,2000,60,Blue and red shrimp,0.00295262805058361,2,5
8,2001,61,Giant red shrimp,0.028986551758517,2,6
8,2001,28,Other commercial large demersal fish,0.0200838037111912,2,6
8,2001,50,Torpedos,0.00023736755630401,1,5
8,2003,61,Giant red shrimp,0.00560084789507503,2,5
8,2004,61,Giant red shrimp,0.0239756612652496,2,5
8,2004,25,European conger,0.041021302570418,2,5
8,2005,61,Giant red shrimp,0.00311264265041201,2,6
8,2005,60,Blue and red shrimp,0.000537799574606741,2,6
8,2005,25,European conger,0.0455220935549711,2,6
8,2007,25,European conger,0.0279656265881761,2,6
8,2007,56,Mesopelagic cephalopods,0.000114140768624742,2,6
8,2012,28,Other commercial large demersal fish,0.00907133250602832,2,4
8,2015,61,Giant red shrimp,0.0251665309718299,2,3
8,2016,73,Suprabenthos,8.81140170041219e-07,2,4
8,2019,28,Other commercial large demersal fish,0.0245053492271757,2,3
8,2021,56,Mesopelagic cephalopods,0.000203025110189758,2,5
8,2022,60,Blue and red shrimp,0.00598961651078545,2,5
8,2023,56,Mesopelagic cephalopods,0.000186461257586052,2,5
9,1994,55,Benthopelagic cephalopods,0.0217421549612692,7,155
9,1994,17,Other medium pelagic fishes,0.00449821558391856,2,22
9,1994,44,Commercial small demersal fish,8.67018193546298e-06,2,22
9,1994,38,Flatfishes,0.0327225831213023,7,155
9,1994,41,No commercial medium demersal fish,0.0129646078960206,5,114
9,1994,45,No commercial small demersal fish,0.0285833962304842,7,155
9,1994,33,Sparidae+,0.319682325236683,5,121
9,1994,35,Scorpaenidae,0.0412886292396449,7,155
9,1994,25,European conger,0.0103531513773999,7,155
9,1994,37,Labridae and serranidae+,0.00890364813536416,5,121
9,1994,34,Common dentex,0.000335654006521875,2,22
9,1994,39,Other commercial shallow medium demersal fish,0.0221548125477029,7,155
9,1994,57,Other benthic cephalopods,0.086161565453284,7,155
9,1994,19,Anchovy,1.06701254820279,5,114
9,1994,66,Non-commercial decapods,0.114809697044605,7,155
9,1994,26,European hake juv.,0.159760445388202,7,155
9,1994,43,Mullets,0.0218110427121231,5,121
9,1994,49,Rays and skates,0.0304569177958109,6,154
9,1994,54,Coastal benthic cephalopods,0.0122958804731191,3,43
9,1994,31,Common pandora,0.0108266529092629,5,121
9,1994,18,Sardine,1.70405555284098,6,154
9,1994,20,Round sardinella,0.0301268934580745,3,43
9,1994,15,Mackerels,0.000178621204367623,2,22
9,1994,21,Other small pelagic fish,0.0496583698032543,6,154
9,1994,65,Other commercial decapods,0.00463961204794397,4,81
9,1994,50,Torpedos,0.00128536402932651,5,121
9,1994,16,Horse mackerels,0.895948017503332,7,155
9,1995,55,Benthopelagic cephalopods,0.0554822875497251,7,155
9,1995,17,Other medium pelagic fishes,0.0105645598281399,3,42
9,1995,44,Commercial small demersal fish,2.41588853827518e-06,2,21
9,1995,38,Flatfishes,0.0464679577456512,7,155
9,1995,58,Benthic mollusc,0.00121926566139722,7,155
9,1995,33,Sparidae+,0.22426685077589,6,154
9,1995,45,No commercial small demersal fish,0.0217091961300758,7,155
9,1995,41,No commercial medium demersal fish,0.0681477415343375,5,121
9,1995,35,Scorpaenidae,0.0518395160068745,7,155
9,1995,25,European conger,0.00813547616604735,7,155
9,1995,34,Common dentex,0.000478381997039352,2,21
9,1995,39,Other commercial shallow medium demersal fish,0.0183894809485648,5,121
9,1995,57,Other benthic cephalopods,0.0574611478309212,7,155
9,1995,19,Anchovy,0.622380709550561,5,121
9,1995,66,Non-commercial decapods,0.0771293820583258,7,155
9,1995,24,Anglerfish,0.0445901730733301,7,155
9,1995,26,European hake juv.,0.272538811485843,7,155
9,1995,43,Mullets,0.039277910480694,6,154
9,1995,54,Coastal benthic cephalopods,0.00952084924822417,4,81
9,1995,31,Common pandora,0.0126954315362146,4,81
9,1995,49,Rays and skates,0.0229771001498789,6,154
9,1995,18,Sardine,1.35912133520855,4,81
9,1995,20,Round sardinella,0.0108707376489777,4,81
9,1995,42,Salema,0.000323309486276779,2,21
9,1995,15,Mackerels,0.0268126660829464,4,81
9,1995,37,Labridae and serranidae+,0.00821433420039873,5,121
9,1995,21,Other small pelagic fish,0.0270647345838575,6,154
9,1995,65,Other commercial decapods,0.00324037318667699,6,115
9,1995,50,Torpedos,0.000791619855880236,4,81
9,1995,16,Horse mackerels,0.823222593256327,7,155
9,1996,17,Other medium pelagic fishes,0.0190600370868154,3,41
9,1996,44,Commercial small demersal fish,2.08372276044643e-06,2,21
9,1996,38,Flatfishes,0.0438153682084452,7,155
9,1996,45,No commercial small demersal fish,0.0192905865991973,7,155
9,1996,58,Benthic mollusc,0.00135201986238753,7,155
9,1996,33,Sparidae+,0.20341789483192,5,121
9,1996,41,No commercial medium demersal fish,0.393263339102937,5,114
9,1996,35,Scorpaenidae,0.0536313109494106,7,155
9,1996,25,European conger,0.0231876140083578,7,155
9,1996,34,Common dentex,8.12649652309391e-05,2,21
9,1996,57,Other benthic cephalopods,0.0546557040022327,7,155
9,1996,19,Anchovy,0.948971105956151,4,81
9,1996,66,Non-commercial decapods,0.0792001895651411,7,155
9,1996,55,Benthopelagic cephalopods,0.0292000722107811,7,155
9,1996,22,Benthopelagic fishes,0.168223015238463,7,155
9,1996,65,Other commercial decapods,0.0139233203437832,7,155
9,1996,26,European hake juv.,0.1814739845637,7,155
9,1996,43,Mullets,0.0464693854961238,5,121
9,1996,54,Coastal benthic cephalopods,0.0208954443929209,4,81
9,1996,31,Common pandora,0.0172765733343125,4,81
9,1996,49,Rays and skates,0.0291273921411629,7,155
9,1996,18,Sardine,1.82131922269062,5,121
9,1996,20,Round sardinella,0.0249707549750383,4,81
9,1996,37,Labridae and serranidae+,0.00823541205983286,5,121
9,1996,21,Other small pelagic fish,0.0315064666095223,5,121
9,1996,50,Torpedos,0.00142358857993718,4,81
9,1996,16,Horse mackerels,0.853713246782006,5,121
9,1996,39,Other commercial shallow medium demersal fish,0.00988541250607249,5,121
9,1997,55,Benthopelagic cephalopods,0.0330831111653906,7,155
9,1997,17,Other medium pelagic fishes,0.0114019897108445,3,43
9,1997,44,Commercial small demersal fish,3.65886078757201e-05,2,21
9,1997,38,Flatfishes,0.0709320369180233,7,155
9,1997,45,No commercial small demersal fish,0.0249380865835773,7,155
9,1997,58,Benthic mollusc,0.00030270227509449,7,155
9,1997,33,Sparidae+,0.12832354253723,5,122
9,1997,41,No commercial medium demersal fish,0.0570041404194747,4,81
9,1997,35,Scorpaenidae,0.0567696017317701,7,155
9,1997,25,European conger,0.01901793055837,7,155
9,1997,34,Common dentex,9.34926368976607e-05,2,21
9,1997,57,Other benthic cephalopods,0.0338267876077681,7,155
9,1997,19,Anchovy,0.324016042554729,4,81
9,1997,66,Non-commercial decapods,0.0664869520262035,7,155
9,1997,26,European hake juv.,0.279435338410099,7,155
9,1997,43,Mullets,0.0381973341029263,5,122
9,1997,54,Coastal benthic cephalopods,0.00929367123636505,4,81
9,1997,31,Common pandora,0.0103146376030281,4,81
9,1997,67,Other macro-benthos,0.00275241305761506,7,155
9,1997,14,Other large pelagic fishes,0.000825265321904603,2,21
9,1997,49,Rays and skates,0.0537667668528849,7,155
9,1997,18,Sardine,0.899381181777326,4,81
9,1997,20,Round sardinella,0.00312800927517787,3,43
9,1997,15,Mackerels,0.0181973334277575,4,81
9,1997,37,Labridae and serranidae+,0.00953568353867116,4,81
9,1997,21,Other small pelagic fish,0.0226025167552824,5,122
9,1997,65,Other commercial decapods,0.00210066804072326,5,122
9,1997,50,Torpedos,0.00175796907476866,5,122
9,1997,16,Horse mackerels,0.607790982893639,5,122
9,1997,39,Other commercial shallow medium demersal fish,0.0116467085038771,5,122
9,1998,58,Benthic mollusc,0.000441272809994775,7,155
9,1998,17,Other medium pelagic fishes,0.0200136568949975,4,81
9,1998,44,Commercial small demersal fish,5.41878546984643e-06,2,22
9,1998,38,Flatfishes,0.0534322395069569,7,155
9,1998,45,No commercial small demersal fish,0.022161080402111,7,155
9,1998,33,Sparidae+,0.238642378480799,5,121
9,1998,41,No commercial medium demersal fish,0.163718314703817,4,81
9,1998,35,Scorpaenidae,0.0576812748211597,7,155
9,1998,25,European conger,0.0249944411151402,7,155
9,1998,66,Non-commercial decapods,0.0712045377354266,7,155
9,1998,39,Other commercial shallow medium demersal fish,0.00854507106665373,5,121
9,1998,57,Other benthic cephalopods,0.0476979680943674,7,155
9,1998,19,Anchovy,0.283501494604134,4,81
9,1998,55,Benthopelagic cephalopods,0.0442273186509883,7,155
9,1998,24,Anglerfish,0.0352088335184636,7,155
9,1998,26,European hake juv.,0.409533119091508,7,155
9,1998,43,Mullets,0.0501722463292306,6,154
9,1998,48,Small demersal sharks,0.174159739810846,6,135
9,1998,54,Coastal benthic cephalopods,0.00929077254502987,5,121
9,1998,31,Common pandora,0.0168044614655701,5,121
9,1998,64,European lobster,0.000525847148521291,3,61
9,1998,49,Rays and skates,0.0265706027168411,7,155
9,1998,18,Sardine,0.881786408047908,5,121
9,1998,20,Round sardinella,0.0253547737654378,3,61
9,1998,42,Salema,2.97755482657467e-05,2,22
9,1998,15,Mackerels,0.0112128907215996,4,81
9,1998,37,Labridae and serranidae+,0.0123483660352717,4,81
9,1998,21,Other small pelagic fish,0.039119107177125,4,81
9,1998,65,Other commercial decapods,0.00397831443314592,5,121
9,1998,50,Torpedos,0.00219676591804061,5,121
9,1998,16,Horse mackerels,0.698271717997569,6,154
9,1999,58,Benthic mollusc,0.000654296375335929,7,155
9,1999,55,Benthopelagic cephalopods,0.0664633315929826,7,155
9,1999,17,Other medium pelagic fishes,0.00705947083798863,3,42
9,1999,44,Commercial small demersal fish,5.55601153783949e-06,2,21
9,1999,38,Flatfishes,0.0416028119215363,7,155
9,1999,45,No commercial small demersal fish,0.0320436583303695,7,155
9,1999,33,Sparidae+,0.172957609129392,5,122
9,1999,41,No commercial medium demersal fish,0.0434653058746927,4,81
9,1999,35,Scorpaenidae,0.0503998514159143,7,155
9,1999,25,European conger,0.0138122045328938,7,155
9,1999,34,Common dentex,0.000550595341069155,3,42
9,1999,57,Other benthic cephalopods,0.0377487208191264,7,155
9,1999,19,Anchovy,1.53232827634195,5,122
9,1999,66,Non-commercial decapods,0.0862716986670561,7,155
9,1999,24,Anglerfish,0.0519042883969325,7,155
9,1999,26,European hake juv.,0.425538033655245,7,155
9,1999,43,Mullets,0.0762440635069234,6,154
9,1999,48,Small demersal sharks,0.227991438963568,5,95
9,1999,54,Coastal benthic cephalopods,0.0106189830035041,5,122
9,1999,31,Common pandora,0.0231853073432792,5,122
9,1999,49,Rays and skates,0.0494881269843037,7,155
9,1999,18,Sardine,1.24032702739974,4,81
9,1999,20,Round sardinella,0.0246442940679514,3,42
9,1999,15,Mackerels,0.00764185717487061,3,42
9,1999,37,Labridae and serranidae+,0.0109643050584438,4,81
9,1999,21,Other small pelagic fish,0.0457476310334566,5,122
9,1999,65,Other commercial decapods,0.00224676648818696,5,122
9,1999,50,Torpedos,0.00303164827388489,4,81
9,1999,16,Horse mackerels,1.53535452315867,5,122
9,1999,39,Other commercial shallow medium demersal fish,0.00984270517032175,6,154
9,2000,55,Benthopelagic cephalopods,0.0771927457416365,7,155
9,2000,17,Other medium pelagic fishes,0.0905462571149062,2,21
9,2000,44,Commercial small demersal fish,3.06692022650733e-05,2,21
9,2000,38,Flatfishes,0.0677018033617958,7,155
9,2000,45,No commercial small demersal fish,0.0189019652064898,7,155
9,2000,58,Benthic mollusc,0.000379658841449582,7,155
9,2000,33,Sparidae+,0.15646103085909,5,123
9,2000,41,No commercial medium demersal fish,0.146426207544295,5,123
9,2000,35,Scorpaenidae,0.0623860203744903,7,155
9,2000,25,European conger,0.0303607886477767,7,155
9,2000,39,Other commercial shallow medium demersal fish,0.0152199023632522,5,123
9,2000,57,Other benthic cephalopods,0.053812348214103,7,155
9,2000,19,Anchovy,0.602784149990326,4,81
9,2000,66,Non-commercial decapods,0.0761638678330971,7,155
9,2000,54,Coastal benthic cephalopods,0.012745428120716,4,81
9,2000,65,Other commercial decapods,0.00285295375063139,5,123
9,2000,26,European hake juv.,0.162062199521199,7,155
9,2000,43,Mullets,0.0481085668293914,5,123
9,2000,31,Common pandora,0.0145373912273166,5,123
9,2000,49,Rays and skates,0.0312123944018711,6,154
9,2000,18,Sardine,0.696991226652517,4,81
9,2000,20,Round sardinella,0.0118824309451043,3,43
9,2000,15,Mackerels,0.00349377006965564,4,81
9,2000,37,Labridae and serranidae+,0.00954664233732877,5,123
9,2000,21,Other small pelagic fish,0.100853507522404,5,123
9,2000,50,Torpedos,0.000835585201412697,4,81
9,2000,16,Horse mackerels,2.19187229421597,7,155
9,2001,55,Benthopelagic cephalopods,0.024238741253471,7,155
9,2001,58,Benthic mollusc,0.000322114948533066,7,155
9,2001,38,Flatfishes,0.0495852864752745,7,155
9,2001,33,Sparidae+,0.226252635664573,6,154
9,2001,45,No commercial small demersal fish,0.0149283175810665,7,155
9,2001,41,No commercial medium demersal fish,0.00551629725032118,6,154
9,2001,35,Scorpaenidae,0.0443509973544398,7,155
9,2001,25,European conger,0.0257926540447166,7,155
9,2001,66,Non-commercial decapods,0.0763602144785255,7,155
9,2001,34,Common dentex,0.0199719642635285,3,43
9,2001,57,Other benthic cephalopods,0.0288003189165808,7,155
9,2001,19,Anchovy,1.77545615193539,4,81
9,2001,22,Benthopelagic fishes,0.126917583228023,7,155
9,2001,26,European hake juv.,0.145855851773907,7,155
9,2001,43,Mullets,0.0639731959141612,5,123
9,2001,48,Small demersal sharks,0.223310889635886,6,133
9,2001,54,Coastal benthic cephalopods,0.0156736108516651,5,123
9,2001,31,Common pandora,0.0176032767481652,4,81
9,2001,64,European lobster,0.000630721851818181,3,59
9,2001,49,Rays and skates,0.0297600315704256,7,155
9,2001,18,Sardine,0.549878702072314,4,81
9,2001,20,Round sardinella,0.0441080614043414,3,43
9,2001,15,Mackerels,0.00651269561682516,5,123
9,2001,37,Labridae and serranidae+,0.00967841299282176,4,81
9,2001,17,Other medium pelagic fishes,0.0457569274771788,4,81
9,2001,21,Other small pelagic fish,0.0145652246646284,5,123
9,2001,65,Other commercial decapods,0.00107558113009256,5,123
9,2001,16,Horse mackerels,1.39786747369973,5,123
9,2001,39,Other commercial shallow medium demersal fish,0.0140818128947989,5,123
9,2002,55,Benthopelagic cephalopods,0.0504567224856932,7,122
9,2002,44,Commercial small demersal fish,1.25215686506344e-05,2,16
9,2002,38,Flatfishes,0.0586298086554473,7,122
9,2002,66,Non-commercial decapods,0.0610038377266582,7,122
9,2002,58,Benthic mollusc,0.000226819447806924,7,122
9,2002,33,Sparidae+,0.0623383707237455,5,96
9,2002,45,No commercial small demersal fish,0.0278310257735453,7,122
9,2002,41,No commercial medium demersal fish,0.0153510624964262,5,96
9,2002,35,Scorpaenidae,0.0569025560875445,7,122
9,2002,25,European conger,0.00995263154555749,7,122
9,2002,34,Common dentex,0.000115449081027154,2,16
9,2002,57,Other benthic cephalopods,0.0609556987110505,7,122
9,2002,19,Anchovy,1.73041765418584,5,96
9,2002,65,Other commercial decapods,0.0029460501165821,3,33
9,2002,26,European hake juv.,0.306672075735071,7,122
9,2002,43,Mullets,0.0771721080104398,5,96
9,2002,49,Rays and skates,0.0452306529969569,5,96
9,2002,54,Coastal benthic cephalopods,0.00559534948211422,4,63
9,2002,31,Common pandora,0.0259598126324962,4,63
9,2002,67,Other macro-benthos,0.00312202514077994,5,96
9,2002,14,Other large pelagic fishes,0.0003880070984906,2,16
9,2002,18,Sardine,0.556511420146979,4,63
9,2002,20,Round sardinella,0.014568405545904,3,33
9,2002,15,Mackerels,0.025850844698593,4,63
9,2002,37,Labridae and serranidae+,0.0124137334077441,4,63
9,2002,17,Other medium pelagic fishes,0.00726566791514233,2,16
9,2002,21,Other small pelagic fish,0.0361478445658079,4,63
9,2002,22,Benthopelagic fishes,0.0731794342540929,7,122
9,2002,50,Torpedos,0.00107995656018376,4,63
9,2002,16,Horse mackerels,0.441507900707268,5,96
9,2002,39,Other commercial shallow medium demersal fish,0.00453895444116777,6,121
9,2003,55,Benthopelagic cephalopods,0.0312964250239414,7,122
9,2003,44,Commercial small demersal fish,0.000109013720784019,3,47
9,2003,38,Flatfishes,0.0576225955646121,7,122
9,2003,45,No commercial small demersal fish,0.0270640219922482,7,122
9,2003,58,Benthic mollusc,0.00032444913131436,6,121
9,2003,33,Sparidae+,0.112889213512879,5,94
9,2003,54,Coastal benthic cephalopods,0.0135274534819936,5,94
9,2003,41,No commercial medium demersal fish,0.00588260414932794,4,63
9,2003,35,Scorpaenidae,0.0666936577897028,7,122
9,2003,25,European conger,0.0264877835854346,7,122
9,2003,39,Other commercial shallow medium demersal fish,0.0195881528841702,6,121
9,2003,57,Other benthic cephalopods,0.0403519753729335,7,122
9,2003,19,Anchovy,2.52350720288285,5,94
9,2003,66,Non-commercial decapods,0.0897164353081778,7,122
9,2003,22,Benthopelagic fishes,0.0648509403243263,7,122
9,2003,24,Anglerfish,0.0362472314699415,7,122
9,2003,26,European hake juv.,0.239233229901333,7,122
9,2003,43,Mullets,0.0886599149471783,6,121
9,2003,31,Common pandora,0.00690016202579704,4,63
9,2003,49,Rays and skates,0.0603112786241136,6,121
9,2003,18,Sardine,0.384168217916198,4,63
9,2003,20,Round sardinella,0.00150717382152473,2,16
9,2003,15,Mackerels,0.00786320121529818,5,94
9,2003,37,Labridae and serranidae+,0.00635999620424478,5,94
9,2003,17,Other medium pelagic fishes,0.0156049228649186,2,16
9,2003,21,Other small pelagic fish,0.0311215018293655,5,90
9,2003,65,Other commercial decapods,0.00295644252813475,5,94
9,2003,67,Other macro-benthos,0.000303364116762319,4,63
9,2003,50,Torpedos,0.00510205822725478,3,46
9,2003,16,Horse mackerels,0.779208487437199,5,94
9,2004,55,Benthopelagic cephalopods,0.0205034829156301,7,122
9,2004,17,Other medium pelagic fishes,0.00657851259622793,3,33
9,2004,44,Commercial small demersal fish,4.58549966814588e-05,2,16
9,2004,38,Flatfishes,0.0591974203787688,7,122
9,2004,58,Benthic mollusc,0.000490311420721114,7,122
9,2004,33,Sparidae+,0.0809809425366124,5,97
9,2004,41,No commercial medium demersal fish,0.130237135797452,5,97
9,2004,35,Scorpaenidae,0.0484160138654616,7,122
9,2004,25,European conger,0.0181103510539282,7,122
9,2004,66,Non-commercial decapods,0.066602299097414,7,122
9,2004,45,No commercial small demersal fish,0.0175366844140002,7,122
9,2004,57,Other benthic cephalopods,0.033488095146795,7,122
9,2004,19,Anchovy,0.202052612914197,4,63
9,2004,24,Anglerfish,0.0303997453268239,7,122
9,2004,26,European hake juv.,0.253523922522801,7,122
9,2004,54,Coastal benthic cephalopods,0.0110258061772574,6,121
9,2004,31,Common pandora,0.0110473688828414,4,63
9,2004,59,Deep-water rose shrimp,0.0186500068999286,7,122
9,2004,49,Rays and skates,0.0387352962225875,7,122
9,2004,18,Sardine,0.49786211637822,4,63
9,2004,20,Round sardinella,0.00214934823050769,2,16
9,2004,15,Mackerels,0.00392995285522116,3,33
9,2004,37,Labridae and serranidae+,0.00671406332386014,4,63
9,2004,21,Other small pelagic fish,0.0185708523931782,5,97
9,2004,65,Other commercial decapods,0.00169217163582516,4,63
9,2004,16,Horse mackerels,0.302459999361917,5,97
9,2004,39,Other commercial shallow medium demersal fish,0.00690043017385347,5,97
9,2005,70,Corals and gorgonians,3.65667496615097e-05,3,48
9,2005,55,Benthopelagic cephalopods,0.0417412698155372,7,122
9,2005,44,Commercial small demersal fish,7.52053043747431e-05,3,48
9,2005,38,Flatfishes,0.0495329811505784,7,122
9,2005,58,Benthic mollusc,0.00292424018559944,5,98
9,2005,33,Sparidae+,0.0421872607441171,5,98
9,2005,45,No commercial small demersal fish,0.0152254068053427,7,122
9,2005,41,No commercial medium demersal fish,0.0207203418832896,4,64
9,2005,35,Scorpaenidae,0.0342034926749004,7,122
9,2005,25,European conger,0.0197856529200434,7,122
9,2005,66,Non-commercial decapods,0.067357019580228,7,122
9,2005,57,Other benthic cephalopods,0.0275510353185608,7,122
9,2005,19,Anchovy,0.1967615433322,4,64
9,2005,24,Anglerfish,0.0274612725526124,7,122
9,2005,26,European hake juv.,0.205506717310634,7,122
9,2005,43,Mullets,0.0477364473799504,5,98
9,2005,54,Coastal benthic cephalopods,0.00862933787596605,4,67
9,2005,31,Common pandora,0.0098587032865913,4,64
9,2005,64,European lobster,0.000784395790351585,3,48
9,2005,49,Rays and skates,0.0289903452499123,6,121
9,2005,18,Sardine,0.388386144004584,4,64
9,2005,20,Round sardinella,0.00194166779838475,2,17
9,2005,15,Mackerels,0.00275143474591758,4,64
9,2005,37,Labridae and serranidae+,0.00498858588617974,4,64
9,2005,17,Other medium pelagic fishes,0.00281045012247659,3,33
9,2005,21,Other small pelagic fish,0.0240612047312938,5,98
9,2005,65,Other commercial decapods,0.00597507407697912,4,67
9,2005,67,Other macro-benthos,0.000660801540741126,7,122
9,2005,50,Torpedos,0.000254835316123645,3,48
9,2005,16,Horse mackerels,0.460836650507854,7,122
9,2005,39,Other commercial shallow medium demersal fish,0.0149369778624503,5,98
9,2006,58,Benthic mollusc,0.00125892775846861,6,121
9,2006,70,Corals and gorgonians,9.46386014928367e-05,5,98
9,2006,55,Benthopelagic cephalopods,0.0426284407195975,7,122
9,2006,17,Other medium pelagic fishes,0.0137045490596158,3,34
9,2006,44,Commercial small demersal fish,2.40448253875485e-05,3,51
9,2006,38,Flatfishes,0.0256062832455894,7,122
9,2006,33,Sparidae+,0.0939382477416049,5,98
9,2006,54,Coastal benthic cephalopods,0.00588791238202923,5,86
9,2006,41,No commercial medium demersal fish,0.240166398580484,4,63
9,2006,35,Scorpaenidae,0.0319481479498561,7,122
9,2006,25,European conger,0.0279522189921502,7,122
9,2006,66,Non-commercial decapods,0.0764851551999862,7,122
9,2006,45,No commercial small demersal fish,0.0234805881076191,7,122
9,2006,57,Other benthic cephalopods,0.0417300994458159,7,122
9,2006,19,Anchovy,0.488297562684107,4,63
9,2006,26,European hake juv.,0.255066552768194,7,122
9,2006,31,Common pandora,0.0134816893910314,4,63
9,2006,67,Other macro-benthos,0.00234566776588794,5,98
9,2006,49,Rays and skates,0.0408952842777007,5,98
9,2006,18,Sardine,0.140672064378916,4,63
9,2006,20,Round sardinella,0.00512639074671323,3,34
9,2006,37,Labridae and serranidae+,0.00265761815287294,4,63
9,2006,21,Other small pelagic fish,0.0347855963149757,5,98
9,2006,65,Other commercial decapods,0.000853724647114404,3,34
9,2006,16,Horse mackerels,0.460138493119746,7,122
9,2006,39,Other commercial shallow medium demersal fish,0.0162624331657163,5,98
9,2007,58,Benthic mollusc,0.00109855367212382,6,121
9,2007,70,Corals and gorgonians,2.11822992488614e-05,5,98
9,2007,55,Benthopelagic cephalopods,0.0566211555413156,7,122
9,2007,17,Other medium pelagic fishes,0.0232341609305031,3,34
9,2007,44,Commercial small demersal fish,2.430021121673e-05,3,34
9,2007,45,No commercial small demersal fish,0.0270031564585457,7,122
9,2007,38,Flatfishes,0.0559680903772693,7,122
9,2007,41,No commercial medium demersal fish,0.0591543919795454,7,122
9,2007,33,Sparidae+,0.166071467267415,5,98
9,2007,35,Scorpaenidae,0.0307007518300782,7,122
9,2007,25,European conger,0.00617274761927056,7,122
9,2007,66,Non-commercial decapods,0.0596722022411692,7,122
9,2007,34,Common dentex,0.000999257343112278,2,16
9,2007,57,Other benthic cephalopods,0.0171551532327318,7,122
9,2007,19,Anchovy,0.123675407740567,4,63
9,2007,26,European hake juv.,0.197230147071367,7,122
9,2007,43,Mullets,0.0688175208852395,5,98
9,2007,49,Rays and skates,0.0514374438671082,7,122
9,2007,54,Coastal benthic cephalopods,0.0156077777562467,4,63
9,2007,31,Common pandora,0.0228619598358991,4,63
9,2007,67,Other macro-benthos,0.00212565083997411,5,98
9,2007,18,Sardine,0.246462130287952,4,63
9,2007,20,Round sardinella,0.00422961653706306,2,16
9,2007,15,Mackerels,0.00338767547258851,4,69
9,2007,14,Other large pelagic fishes,0.0423297608579061,2,16
9,2007,37,Labridae and serranidae+,0.00571304286862584,4,63
9,2007,21,Other small pelagic fish,0.0247963615203449,4,63
9,2007,65,Other commercial decapods,0.00425169000424884,5,98
9,2007,22,Benthopelagic fishes,0.084371714942705,6,104
9,2007,50,Torpedos,0.00179045616525685,5,98
9,2007,16,Horse mackerels,0.71614477269551,5,98
9,2007,39,Other commercial shallow medium demersal fish,0.011870994372803,5,98
9,2008,70,Corals and gorgonians,4.14763141252265e-05,5,98
9,2008,55,Benthopelagic cephalopods,0.0370806959852468,7,122
9,2008,44,Commercial small demersal fish,2.74521158408957e-05,3,48
9,2008,38,Flatfishes,0.0258177542496598,7,122
9,2008,58,Benthic mollusc,0.000523340170134623,7,122
9,2008,33,Sparidae+,0.15311199438771,5,98
9,2008,45,No commercial small demersal fish,0.0245188680656144,7,122
9,2008,41,No commercial medium demersal fish,0.0130659427934856,4,64
9,2008,35,Scorpaenidae,0.042385125792607,7,122
9,2008,25,European conger,0.0361114100803258,7,122
9,2008,66,Non-commercial decapods,0.0630846195741667,7,122
9,2008,49,Rays and skates,0.0601064491131943,7,122
9,2008,34,Common dentex,0.000982023945529828,3,48
9,2008,39,Other commercial shallow medium demersal fish,0.0104365672926892,7,122
9,2008,57,Other benthic cephalopods,0.0328255575311687,7,122
9,2008,19,Anchovy,0.206537245096066,4,64
9,2008,24,Anglerfish,0.0972447456809208,7,122
9,2008,26,European hake juv.,0.324125570132284,7,122
9,2008,43,Mullets,0.0420330446525765,5,98
9,2008,54,Coastal benthic cephalopods,0.0107298576893692,5,98
9,2008,31,Common pandora,0.0189991133881926,5,98
9,2008,64,European lobster,0.00281394487752101,4,64
9,2008,67,Other macro-benthos,0.00173447510383587,7,122
9,2008,18,Sardine,0.410256232746789,4,64
9,2008,20,Round sardinella,0.708194895684486,3,33
9,2008,15,Mackerels,0.0151936902222682,4,64
9,2008,17,Other medium pelagic fishes,0.0074665576845268,2,17
9,2008,37,Labridae and serranidae+,0.00825473146349142,5,98
9,2008,21,Other small pelagic fish,0.017223985833043,5,98
9,2008,65,Other commercial decapods,0.00316053079387691,4,67
9,2008,16,Horse mackerels,0.896261228116656,5,98
9,2009,58,Benthic mollusc,0.000564691573550172,7,122
9,2009,55,Benthopelagic cephalopods,0.0259583571701569,7,122
9,2009,44,Commercial small demersal fish,1.74651773774696e-05,2,17
9,2009,38,Flatfishes,0.0365144086985646,7,122
9,2009,45,No commercial small demersal fish,0.017593283309934,7,122
9,2009,33,Sparidae+,0.0667782686277262,5,98
9,2009,41,No commercial medium demersal fish,0.0110658666527554,5,98
9,2009,35,Scorpaenidae,0.0530924757647818,7,122
9,2009,25,European conger,0.00926231293779632,7,122
9,2009,66,Non-commercial decapods,0.0675218576716291,7,122
9,2009,57,Other benthic cephalopods,0.0315200795924566,7,122
9,2009,19,Anchovy,0.622021769135519,4,64
9,2009,26,European hake juv.,0.303150075107779,7,122
9,2009,43,Mullets,0.0512029397569669,5,98
9,2009,49,Rays and skates,0.0629511062202122,7,122
9,2009,54,Coastal benthic cephalopods,0.0128743013939135,5,98
9,2009,67,Other macro-benthos,0.00222378457133125,7,122
9,2009,31,Common pandora,0.021143067276914,4,64
9,2009,59,Deep-water rose shrimp,0.0237991440826009,7,122
9,2009,70,Corals and gorgonians,9.77982474877135e-05,4,64
9,2009,18,Sardine,0.5746640275339,4,64
9,2009,20,Round sardinella,0.00184622105521797,3,48
9,2009,15,Mackerels,0.0105578663636569,4,64
9,2009,37,Labridae and serranidae+,0.00522185461319735,5,98
9,2009,21,Other small pelagic fish,0.00713481985439668,4,64
9,2009,65,Other commercial decapods,0.0031826298568478,5,98
9,2009,50,Torpedos,0.0035691405868075,5,98
9,2009,16,Horse mackerels,0.751386221079771,5,98
9,2009,39,Other commercial shallow medium demersal fish,0.0122747966702534,5,98
9,2010,58,Benthic mollusc,0.000465671048415159,6,121
9,2010,70,Corals and gorgonians,8.93835123104254e-05,5,87
9,2010,55,Benthopelagic cephalopods,0.0242795558438353,7,122
9,2010,44,Commercial small demersal fish,6.74087240267322e-05,3,35
9,2010,38,Flatfishes,0.0500490658809446,7,122
9,2010,41,No commercial medium demersal fish,0.0492230324872638,5,98
9,2010,45,No commercial small demersal fish,0.022275767149945,7,122
9,2010,33,Sparidae+,0.199320385520796,5,98
9,2010,35,Scorpaenidae,0.0525691793139147,7,122
9,2010,25,European conger,0.0159867781679837,7,122
9,2010,66,Non-commercial decapods,0.0748298989881503,7,122
9,2010,57,Other benthic cephalopods,0.0421757607639444,7,122
9,2010,19,Anchovy,0.223175123978492,4,64
9,2010,24,Anglerfish,0.0367393259406675,7,122
9,2010,26,European hake juv.,0.174417675281305,7,122
9,2010,43,Mullets,0.0454284881869767,5,98
9,2010,54,Coastal benthic cephalopods,0.0148515870418584,5,98
9,2010,31,Common pandora,0.0143993146176777,4,64
9,2010,59,Deep-water rose shrimp,0.0722991439602494,7,122
9,2010,49,Rays and skates,0.0562166198836217,7,122
9,2010,18,Sardine,0.132457004786455,4,64
9,2010,37,Labridae and serranidae+,0.00882611565651816,5,98
9,2010,17,Other medium pelagic fishes,0.0112105366903581,4,64
9,2010,21,Other small pelagic fish,0.00868458895525667,5,98
9,2010,65,Other commercial decapods,0.00124797403099522,4,64
9,2010,67,Other macro-benthos,0.000606494157173882,6,88
9,2010,50,Torpedos,0.00514746384946951,5,98
9,2010,16,Horse mackerels,0.499906408903583,7,122
9,2010,39,Other commercial shallow medium demersal fish,0.0189195987827267,5,98
9,2011,70,Corals and gorgonians,9.26338410901637e-05,5,97
9,2011,55,Benthopelagic cephalopods,0.0183284188109338,7,122
9,2011,44,Commercial small demersal fish,2.36829872332289e-05,3,34
9,2011,38,Flatfishes,0.0461343260000963,7,122
9,2011,58,Benthic mollusc,0.0008932898269349,6,121
9,2011,33,Sparidae+,0.158325585703255,5,97
9,2011,45,No commercial small demersal fish,0.0243587298758981,7,122
9,2011,41,No commercial medium demersal fish,0.0107638711621445,5,88
9,2011,35,Scorpaenidae,0.0356420030204793,7,122
9,2011,25,European conger,0.0171982360150347,7,122
9,2011,66,Non-commercial decapods,0.0634918857393506,7,122
9,2011,34,Common dentex,0.00515279940209057,2,16
9,2011,57,Other benthic cephalopods,0.0271453326106824,7,122
9,2011,19,Anchovy,0.23967094346665,5,97
9,2011,26,European hake juv.,0.078098686993391,7,122
9,2011,43,Mullets,0.0503883589931813,5,97
9,2011,54,Coastal benthic cephalopods,0.00688333525200219,4,64
9,2011,31,Common pandora,0.0149350949441419,4,64
9,2011,67,Other macro-benthos,0.00147190029147676,7,122
9,2011,39,Other commercial shallow medium demersal fish,0.0109218417217797,5,97
9,2011,49,Rays and skates,0.0553927502865969,6,121
9,2011,18,Sardine,0.0699928599854979,4,64
9,2011,20,Round sardinella,0.00546669113003614,3,34
9,2011,37,Labridae and serranidae+,0.00500597529450235,4,64
9,2011,17,Other medium pelagic fishes,0.0149005342576077,3,34
9,2011,21,Other small pelagic fish,0.0258014912562978,6,121
9,2011,65,Other commercial decapods,0.00234857361301905,4,64
9,2011,50,Torpedos,0.000963324061500864,5,97
9,2011,16,Horse mackerels,0.484117863717235,6,121
9,2012,58,Benthic mollusc,0.00328460260164371,6,121
9,2012,70,Corals and gorgonians,0.000292609837280782,4,64
9,2012,55,Benthopelagic cephalopods,0.0190899776983459,7,122
9,2012,17,Other medium pelagic fishes,0.00535226379153386,2,16
9,2012,38,Flatfishes,0.0776742894572254,7,122
9,2012,45,No commercial small demersal fish,0.0245941985744433,7,122
9,2012,33,Sparidae+,0.0738257923155921,5,99
9,2012,41,No commercial medium demersal fish,0.163341355895323,5,99
9,2012,35,Scorpaenidae,0.0323449809110206,7,122
9,2012,25,European conger,0.00403471976628174,7,122
9,2012,66,Non-commercial decapods,0.18900325182306,7,122
9,2012,57,Other benthic cephalopods,0.0493299643960554,7,122
9,2012,19,Anchovy,2.77536939157612,5,99
9,2012,26,European hake juv.,0.107297334670502,7,122
9,2012,43,Mullets,0.0763911228519956,5,99
9,2012,54,Coastal benthic cephalopods,0.0204479467569886,5,99
9,2012,31,Common pandora,0.016588415668759,4,64
9,2012,67,Other macro-benthos,0.00241870471761002,5,99
9,2012,49,Rays and skates,0.031522528900275,7,122
9,2012,18,Sardine,0.285923732315622,4,64
9,2012,20,Round sardinella,0.0103347771143317,3,33
9,2012,37,Labridae and serranidae+,0.00612448222899915,4,64
9,2012,21,Other small pelagic fish,0.0243576737270696,5,99
9,2012,65,Other commercial decapods,0.0028190054214985,4,68
9,2012,50,Torpedos,0.00514079762932553,5,99
9,2012,16,Horse mackerels,1.1053717241019,6,121
9,2012,39,Other commercial shallow medium demersal fish,0.00745422088701617,5,99
9,2013,58,Benthic mollusc,0.00157581926410198,6,121
9,2013,70,Corals and gorgonians,0.000335616210558204,6,121
9,2013,55,Benthopelagic cephalopods,0.0397726624490153,7,122
9,2013,17,Other medium pelagic fishes,0.00334813678257948,2,17
9,2013,44,Commercial small demersal fish,7.33038068863683e-05,3,47
9,2013,38,Flatfishes,0.042907900726175,7,122
9,2013,45,No commercial small demersal fish,0.020098255615069,7,122
9,2013,33,Sparidae+,0.0757701318373913,5,99
9,2013,41,No commercial medium demersal fish,0.34218646696166,5,99
9,2013,35,Scorpaenidae,0.0395881087498265,7,122
9,2013,25,European conger,0.00835968447793407,7,122
9,2013,66,Non-commercial decapods,0.0656229074702756,7,122
9,2013,49,Rays and skates,0.0609090742673002,7,122
9,2013,57,Other benthic cephalopods,0.0413196737905901,7,122
9,2013,19,Anchovy,1.29077861239527,5,99
9,2013,26,European hake juv.,0.197932908111083,7,122
9,2013,43,Mullets,0.0546457509880714,5,99
9,2013,48,Small demersal sharks,0.21214292164204,6,105
9,2013,54,Coastal benthic cephalopods,0.0054735309115382,3,34
9,2013,31,Common pandora,0.0101943696584,4,64
9,2013,59,Deep-water rose shrimp,0.0562898545292976,7,122
9,2013,67,Other macro-benthos,0.00296667602226971,7,122
9,2013,14,Other large pelagic fishes,0.00255894320130452,2,17
9,2013,18,Sardine,0.437560161435925,4,64
9,2013,20,Round sardinella,0.00214112960966577,3,34
9,2013,37,Labridae and serranidae+,0.00547306296509082,4,64
9,2013,21,Other small pelagic fish,0.00990993903772946,5,99
9,2013,65,Other commercial decapods,0.000672145584502805,3,34
9,2013,22,Benthopelagic fishes,0.0561452968967762,7,122
9,2013,50,Torpedos,0.00131198214193938,5,99
9,2013,16,Horse mackerels,0.801747050665935,7,122
9,2013,39,Other commercial shallow medium demersal fish,0.00402337632047078,5,99
9,2014,55,Benthopelagic cephalopods,0.128006726810518,7,122
9,2014,17,Other medium pelagic fishes,0.00729190775336867,3,35
9,2014,44,Commercial small demersal fish,7.55441375563085e-06,2,16
9,2014,38,Flatfishes,0.0574076965187579,7,122
9,2014,33,Sparidae+,0.10956589207032,5,100
9,2014,45,No commercial small demersal fish,0.0258593288837132,7,122
9,2014,41,No commercial medium demersal fish,0.039780830567751,5,100
9,2014,35,Scorpaenidae,0.0279169508443415,7,122
9,2014,25,European conger,0.00106380856001326,7,122
9,2014,39,Other commercial shallow medium demersal fish,0.0137237787259453,5,100
9,2014,57,Other benthic cephalopods,0.0122463251345856,7,122
9,2014,19,Anchovy,0.582938535095862,5,100
9,2014,66,Non-commercial decapods,0.0560761252622234,7,122
9,2014,26,European hake juv.,0.142210836873245,7,122
9,2014,43,Mullets,0.132794780639935,5,100
9,2014,54,Coastal benthic cephalopods,0.0115730444902353,5,100
9,2014,31,Common pandora,0.0125620573246665,4,64
9,2014,14,Other large pelagic fishes,0.000745004080934404,2,16
9,2014,49,Rays and skates,0.0468106990001978,5,100
9,2014,18,Sardine,0.282047899784839,4,64
9,2014,20,Round sardinella,0.00124793176115448,3,45
9,2014,15,Mackerels,0.00631605578764965,5,100
9,2014,37,Labridae and serranidae+,0.0072134896059621,4,64
9,2014,21,Other small pelagic fish,0.00457363909631321,4,64
9,2014,65,Other commercial decapods,0.00252612707898709,4,64
9,2014,22,Benthopelagic fishes,0.0712025583254523,6,103
9,2014,50,Torpedos,0.00210021112891479,5,100
9,2014,16,Horse mackerels,0.900289784099719,5,100
9,2015,58,Benthic mollusc,0.0138151527155616,7,122
9,2015,70,Corals and gorgonians,0.000115863698277381,5,86
9,2015,55,Benthopelagic cephalopods,0.0699826963848346,7,122
9,2015,17,Other medium pelagic fishes,0.00711682270293572,2,15
9,2015,44,Commercial small demersal fish,1.02087406140251e-05,3,34
9,2015,38,Flatfishes,0.0248790984963057,7,122
9,2015,67,Other macro-benthos,0.0171083542138351,7,122
9,2015,33,Sparidae+,0.0718374168186826,6,121
9,2015,54,Coastal benthic cephalopods,0.00639634445855173,5,99
9,2015,41,No commercial medium demersal fish,0.0174385730529502,4,64
9,2015,35,Scorpaenidae,0.0393726636524673,7,122
9,2015,25,European conger,0.00930517496495907,7,122
9,2015,66,Non-commercial decapods,0.0835254590147969,7,122
9,2015,45,No commercial small demersal fish,0.0304259502236065,7,122
9,2015,57,Other benthic cephalopods,0.0283592987493979,7,122
9,2015,19,Anchovy,1.99562993968267,5,99
9,2015,36,Groupers,0.00484341079207709,2,15
9,2015,26,European hake juv.,0.135601976987995,7,122
9,2015,43,Mullets,0.0749864921578462,5,99
9,2015,31,Common pandora,0.015595707962842,4,64
9,2015,68,Jellyfish,1.00529583636793,5,99
9,2015,49,Rays and skates,0.0487406306399436,6,121
9,2015,18,Sardine,1.04262562333811,4,64
9,2015,20,Round sardinella,0.0189263623222376,3,34
9,2015,15,Mackerels,0.0114070425443927,4,64
9,2015,37,Labridae and serranidae+,0.00410863757702947,4,64
9,2015,21,Other small pelagic fish,0.0249004407442382,5,99
9,2015,65,Other commercial decapods,0.00102290369683578,5,99
9,2015,50,Torpedos,0.00193787803942526,6,121
9,2015,16,Horse mackerels,1.43675626293789,7,122
9,2016,55,Benthopelagic cephalopods,0.0425912543900921,7,122
9,2016,58,Benthic mollusc,0.00328842504898274,6,121
9,2016,67,Other macro-benthos,0.0119968608484761,7,122
9,2016,70,Corals and gorgonians,0.000214989068264048,7,122
9,2016,44,Commercial small demersal fish,6.30455447364911e-06,2,15
9,2016,38,Flatfishes,0.0221726443083769,7,122
9,2016,45,No commercial small demersal fish,0.0290535454099845,7,122
9,2016,33,Sparidae+,0.158793703014623,6,121
9,2016,54,Coastal benthic cephalopods,0.00398336762646931,5,100
9,2016,41,No commercial medium demersal fish,0.533394397163447,4,64
9,2016,35,Scorpaenidae,0.0331904178829884,7,122
9,2016,25,European conger,0.0150984477747857,7,122
9,2016,66,Non-commercial decapods,0.0758413901199653,7,122
9,2016,57,Other benthic cephalopods,0.0266860343965602,7,122
9,2016,19,Anchovy,5.08456516506134,5,100
9,2016,26,European hake juv.,0.111777816056769,7,122
9,2016,31,Common pandora,0.0238923505156531,4,64
9,2016,14,Other large pelagic fishes,0.000259986969149713,2,15
9,2016,49,Rays and skates,0.077469553470715,7,122
9,2016,18,Sardine,1.34938127387283,4,64
9,2016,20,Round sardinella,0.0980447689340025,3,33
9,2016,15,Mackerels,0.00415895952816831,3,46
9,2016,37,Labridae and serranidae+,0.0043807269360926,4,64
9,2016,17,Other medium pelagic fishes,0.0682027382527077,2,15
9,2016,21,Other small pelagic fish,0.0204613452827925,6,121
9,2016,65,Other commercial decapods,0.00228976193932593,5,100
9,2016,50,Torpedos,0.00166562923883638,5,100
9,2016,16,Horse mackerels,2.01757292862405,5,100
9,2017,55,Benthopelagic cephalopods,0.0816321819408609,7,122
9,2017,17,Other medium pelagic fishes,0.00030430218368783,2,15
9,2017,38,Flatfishes,0.0282455893317705,7,122
9,2017,67,Other macro-benthos,0.0128512881246146,7,122
9,2017,41,No commercial medium demersal fish,0.00804276359667876,5,100
9,2017,58,Benthic mollusc,0.000778219631832705,6,121
9,2017,33,Sparidae+,0.18289161397592,5,100
9,2017,35,Scorpaenidae,0.0238596910664591,7,122
9,2017,25,European conger,0.0124154153923661,6,93
9,2017,66,Non-commercial decapods,0.0495498403450897,7,122
9,2017,49,Rays and skates,0.200639381798537,6,121
9,2017,45,No commercial small demersal fish,0.0732092044941468,7,122
9,2017,34,Common dentex,0.000344042568128761,2,15
9,2017,57,Other benthic cephalopods,0.00926378990270441,7,122
9,2017,19,Anchovy,2.89401969859347,5,100
9,2017,26,European hake juv.,0.116845206130799,7,122
9,2017,43,Mullets,0.113849499048475,5,100
9,2017,54,Coastal benthic cephalopods,0.017733705156819,4,64
9,2017,31,Common pandora,0.0230212496683171,5,100
9,2017,59,Deep-water rose shrimp,0.0614792975235277,7,122
9,2017,68,Jellyfish,0.0328285235479141,7,122
9,2017,18,Sardine,1.38663039437477,5,100
9,2017,20,Round sardinella,0.00468286397216398,4,64
9,2017,15,Mackerels,0.00913509732359403,4,64
9,2017,37,Labridae and serranidae+,0.00287167485226492,4,64
9,2017,21,Other small pelagic fish,0.0111663672048411,5,100
9,2017,65,Other commercial decapods,0.00281251700516995,5,100
9,2017,50,Torpedos,0.00308901874958707,5,100
9,2017,16,Horse mackerels,0.935549372709287,5,100
9,2017,39,Other commercial shallow medium demersal fish,0.157108936785882,5,100
9,2018,70,Corals and gorgonians,0.00077046971873834,7,121
9,2018,55,Benthopelagic cephalopods,0.0826849401381854,7,121
9,2018,17,Other medium pelagic fishes,0.00575563023119102,4,63
9,2018,38,Flatfishes,0.0231947085183717,7,121
9,2018,67,Other macro-benthos,0.019716141007652,7,121
9,2018,45,No commercial small demersal fish,0.0545152772793093,7,121
9,2018,58,Benthic mollusc,0.000902780910275639,6,120
9,2018,33,Sparidae+,19.2129034757636,5,99
9,2018,54,Coastal benthic cephalopods,0.00801505870092521,5,99
9,2018,41,No commercial medium demersal fish,6.46043374824105,5,99
9,2018,35,Scorpaenidae,0.0359946433591777,7,121
9,2018,76,Macroalgae,0.000141357609405522,2,15
9,2018,25,European conger,0.0200971011256152,7,121
9,2018,66,Non-commercial decapods,0.120178441801151,7,121
9,2018,49,Rays and skates,0.0612925505955331,7,121
9,2018,57,Other benthic cephalopods,0.0273104030113517,7,121
9,2018,19,Anchovy,4.93048421445537,5,99
9,2018,22,Benthopelagic fishes,0.143353079835156,6,103
9,2018,26,European hake juv.,0.150763717724106,7,121
9,2018,43,Mullets,0.102195847801029,5,99
9,2018,31,Common pandora,0.0285033598014853,5,99
9,2018,18,Sardine,0.657288879344521,4,63
9,2018,20,Round sardinella,0.0145486644349614,3,33
9,2018,15,Mackerels,0.00850848913549988,5,99
9,2018,37,Labridae and serranidae+,0.00440961057745459,4,63
9,2018,21,Other small pelagic fish,0.0224434123262364,5,99
9,2018,65,Other commercial decapods,0.0011709189202883,5,99
9,2018,50,Torpedos,0.00170093355993309,4,81
9,2018,16,Horse mackerels,0.852506577063497,5,99
9,2018,39,Other commercial shallow medium demersal fish,0.0104034009172825,4,81
9,2019,58,Benthic mollusc,0.000388680197251089,6,121
9,2019,70,Corals and gorgonians,0.000203079140498535,6,121
9,2019,55,Benthopelagic cephalopods,0.116724141705076,7,122
9,2019,44,Commercial small demersal fish,0.000104802183835855,2,16
9,2019,38,Flatfishes,0.0252262738009041,7,122
9,2019,67,Other macro-benthos,0.0114969747910163,7,122
9,2019,41,No commercial medium demersal fish,0.197771070787706,5,101
9,2019,33,Sparidae+,0.216158897932107,5,101
9,2019,45,No commercial small demersal fish,0.0764494797980599,7,122
9,2019,35,Scorpaenidae,0.042290985167663,7,122
9,2019,25,European conger,0.00503769025845971,7,122
9,2019,66,Non-commercial decapods,0.0565026084890945,7,122
9,2019,49,Rays and skates,0.0685935614261599,6,121
9,2019,57,Other benthic cephalopods,0.0377931248688333,7,122
9,2019,19,Anchovy,1.52967348653061,5,101
9,2019,26,European hake juv.,0.195776599101873,7,122
9,2019,43,Mullets,0.229492394477116,5,101
9,2019,54,Coastal benthic cephalopods,0.0207352957089065,4,64
9,2019,31,Common pandora,0.0395942323885442,5,101
9,2019,59,Deep-water rose shrimp,0.0723134321286347,7,122
9,2019,39,Other commercial shallow medium demersal fish,0.0119366072671052,5,101
9,2019,14,Other large pelagic fishes,0.000416727609267864,2,16
9,2019,18,Sardine,0.39118071479732,4,64
9,2019,20,Round sardinella,0.0156442712765551,2,16
9,2019,15,Mackerels,0.00922274882131627,4,64
9,2019,37,Labridae and serranidae+,0.00656204014248628,4,64
9,2019,17,Other medium pelagic fishes,0.00819849920599102,3,34
9,2019,21,Other small pelagic fish,0.0180445071131162,5,101
9,2019,65,Other commercial decapods,0.00141059660302853,4,64
9,2019,50,Torpedos,0.00213277860654243,5,101
9,2019,16,Horse mackerels,4.09535693177158,7,122
9,2020,70,Corals and gorgonians,0.000116149853421789,6,121
9,2020,55,Benthopelagic cephalopods,0.130874400959034,7,122
9,2020,38,Flatfishes,0.0351228938556408,7,122
9,2020,67,Other macro-benthos,0.00743940513808134,7,122
9,2020,41,No commercial medium demersal fish,0.0313961495698018,4,64
9,2020,58,Benthic mollusc,0.000376396632211625,6,121
9,2020,33,Sparidae+,0.765033327667265,5,99
9,2020,35,Scorpaenidae,0.0402633318019876,7,122
9,2020,25,European conger,0.000979828548346358,5,99
9,2020,66,Non-commercial decapods,0.0453116957459876,7,122
9,2020,49,Rays and skates,0.101244504848906,7,122
9,2020,45,No commercial small demersal fish,0.0604041660351551,7,122
9,2020,34,Common dentex,3.61277269666945e-05,2,16
9,2020,57,Other benthic cephalopods,0.00683861309936334,7,122
9,2020,19,Anchovy,4.82256507199159,4,64
9,2020,26,European hake juv.,0.214962244541464,7,122
9,2020,43,Mullets,0.293273380381483,5,99
9,2020,54,Coastal benthic cephalopods,0.0136698537309151,5,99
9,2020,31,Common pandora,0.0614363512433687,5,99
9,2020,59,Deep-water rose shrimp,0.119121008926754,7,122
9,2020,14,Other large pelagic fishes,0.000958287091033984,3,44
9,2020,18,Sardine,1.00513126069589,4,64
9,2020,20,Round sardinella,0.0527320760090628,2,16
9,2020,15,Mackerels,0.00783372772933459,5,99
9,2020,37,Labridae and serranidae+,0.00372063406689662,4,64
9,2020,17,Other medium pelagic fishes,0.00398004947344096,2,16
9,2020,21,Other small pelagic fish,0.00825814635691278,5,99
9,2020,65,Other commercial decapods,0.00120412562919511,3,36
9,2020,22,Benthopelagic fishes,0.0529628759038682,6,102
9,2020,50,Torpedos,0.00163192777660319,4,64
9,2020,16,Horse mackerels,4.16540268487281,5,99
9,2020,39,Other commercial shallow medium demersal fish,0.0156333525171677,5,99
9,2021,70,Corals and gorgonians,0.000261817143618556,6,121
9,2021,55,Benthopelagic cephalopods,0.124448272218043,7,122
9,2021,17,Other medium pelagic fishes,0.0194150955109032,3,53
9,2021,44,Commercial small demersal fish,1.20270319836928e-05,4,64
9,2021,38,Flatfishes,0.0111878100947883,7,122
9,2021,67,Other macro-benthos,0.00861965179718835,7,122
9,2021,41,No commercial medium demersal fish,0.0168849013565618,5,101
9,2021,33,Sparidae+,0.240495862204606,5,101
9,2021,35,Scorpaenidae,0.0201695228545654,7,122
9,2021,76,Macroalgae,8.01336168748855e-05,3,36
9,2021,25,European conger,0.00255423358432821,7,122
9,2021,66,Non-commercial decapods,5.74316772980797,7,122
9,2021,57,Other benthic cephalopods,0.00422726855764307,7,122
9,2021,19,Anchovy,0.976219212307172,4,64
9,2021,36,Groupers,0.00539239317689031,2,16
9,2021,45,No commercial small demersal fish,0.0477736661494349,7,122
9,2021,26,European hake juv.,0.225741455698695,7,122
9,2021,58,Benthic mollusc,0.000443301572005986,6,121
9,2021,43,Mullets,0.148907175135278,5,101
9,2021,49,Rays and skates,0.0793972795928195,5,101
9,2021,54,Coastal benthic cephalopods,0.00515532901805628,4,64
9,2021,31,Common pandora,0.0356224445658763,4,64
9,2021,59,Deep-water rose shrimp,0.0745629199873171,7,122
9,2021,18,Sardine,1.08021509183181,4,64
9,2021,20,Round sardinella,0.00653498345540874,2,16
9,2021,15,Mackerels,0.00896905530311173,5,101
9,2021,14,Other large pelagic fishes,0.00159063260386267,2,16
9,2021,37,Labridae and serranidae+,0.00224845314132867,4,64
9,2021,21,Other small pelagic fish,0.0178502380956367,5,101
9,2021,65,Other commercial decapods,0.0013570462115403,4,64
9,2021,22,Benthopelagic fishes,0.0590310633425739,6,102
9,2021,50,Torpedos,0.00148693499024744,4,81
9,2021,16,Horse mackerels,1.23259332373741,5,101
9,2021,39,Other commercial shallow medium demersal fish,0.0177338000283971,5,101
9,2023,70,Corals and gorgonians,0.000518546287858595,6,121
9,2023,17,Other medium pelagic fishes,0.00778119891402544,3,34
9,2023,38,Flatfishes,0.0317384256272511,7,122
9,2023,67,Other macro-benthos,0.00392774097680258,7,122
9,2023,41,No commercial medium demersal fish,0.038084385745835,6,121
9,2023,58,Benthic mollusc,0.00039939985985646,6,121
9,2023,33,Sparidae+,0.499033157590733,5,99
9,2023,35,Scorpaenidae,0.033551091736525,7,122
9,2023,25,European conger,0.00800150209443464,7,122
9,2023,66,Non-commercial decapods,0.0349007268216157,7,122
9,2023,45,No commercial small demersal fish,0.0500410035328041,7,122
9,2023,34,Common dentex,0.000157927544746031,2,16
9,2023,57,Other benthic cephalopods,0.00705696405239827,7,122
9,2023,19,Anchovy,1.95420498293171,4,64
9,2023,55,Benthopelagic cephalopods,0.13061094972864,7,122
9,2023,26,European hake juv.,0.249619923941265,7,122
9,2023,43,Mullets,0.290529342776209,5,99
9,2023,49,Rays and skates,0.0857555035699708,7,122
9,2023,54,Coastal benthic cephalopods,0.00889342260809455,5,99
9,2023,31,Common pandora,0.0379535362780132,4,64
9,2023,59,Deep-water rose shrimp,0.074526438976049,7,122
9,2023,68,Jellyfish,0.0727922393476575,6,87
9,2023,18,Sardine,0.460935394824,4,64
9,2023,20,Round sardinella,0.129247649469973,4,64
9,2023,15,Mackerels,0.00784161602115241,4,64
9,2023,47,Small-spotted catshark,0.0248673769139409,7,122
9,2023,37,Labridae and serranidae+,0.0043585204410627,4,64
9,2023,21,Other small pelagic fish,0.0324732998419493,4,64
9,2023,65,Other commercial decapods,0.0020865986787662,5,99
9,2023,50,Torpedos,0.00781566498644197,3,46
9,2023,16,Horse mackerels,0.812615402493849,5,99
9,2023,39,Other commercial shallow medium demersal fish,0.0175865317879167,7,122
9,1994,58,Benthic mollusc,0.0011395204037753,5,153
9,1994,32,Blackspot seabream,0.00566019943104366,6,154
9,1994,62,Caramote prawn,0.00049133740318452,1,21
9,1995,62,Caramote prawn,7.31340706832847e-05,1,20
9,1996,32,Blackspot seabream,0.0107507094572637,6,154
9,1996,62,Caramote prawn,0.000212774311638955,1,20
9,1997,24,Anglerfish,0.0397769613029048,6,154
9,1997,32,Blackspot seabream,0.00520641459708364,6,154
9,1997,62,Caramote prawn,0.000201685178392147,1,20
9,1998,62,Caramote prawn,3.37077028545091e-05,1,21
9,1998,29,Poor cod,0.0166309868026491,4,120
9,1999,32,Blackspot seabream,0.00761200340147909,6,154
9,1999,62,Caramote prawn,1.77577972120103e-05,1,20
9,2000,32,Blackspot seabream,0.00827267697634412,6,154
9,2000,62,Caramote prawn,0.000182010544262092,1,20
9,2000,29,Poor cod,0.0164034775469244,4,122
9,2001,67,Other macro-benthos,0.00022258978852933,4,122
9,2002,24,Anglerfish,0.0215014996490282,6,121
9,2002,32,Blackspot seabream,0.000909050020200648,4,71
9,2002,62,Caramote prawn,9.82726650532762e-05,1,15
9,2003,40,Other commercial deep medium demersal fish,0.0292789701108821,5,104
9,2003,32,Blackspot seabream,0.00363513162471995,6,121
9,2003,62,Caramote prawn,0.00192190857782194,1,15
9,2003,29,Poor cod,0.0130366282403931,4,93
9,2004,67,Other macro-benthos,0.000377455502594514,3,62
9,2004,43,Mullets,0.0518433403741382,4,96
9,2004,62,Caramote prawn,0.000138396330421067,1,15
9,2005,32,Blackspot seabream,0.00617865672353724,6,121
9,2005,62,Caramote prawn,5.27919123144171e-05,1,16
9,2005,29,Poor cod,0.0184887733985724,4,97
9,2006,24,Anglerfish,0.0430364994398832,6,121
9,2006,43,Mullets,0.0402545483711485,4,97
9,2006,32,Blackspot seabream,0.00735519216514878,6,121
9,2007,32,Blackspot seabream,0.000335729469268728,2,50
9,2007,62,Caramote prawn,0.000207177045466519,1,15
9,2008,62,Caramote prawn,0.000111681925633412,1,16
9,2009,46,Bathydemersal (deep sea) fish,0.022196958750345,6,121
9,2009,40,Other commercial deep medium demersal fish,0.0509577408946825,6,121
9,2009,32,Blackspot seabream,0.010211490205662,6,121
9,2009,62,Caramote prawn,0.00011991916452555,1,16
9,2010,32,Blackspot seabream,0.00336946947712526,6,121
9,2010,62,Caramote prawn,0.000377129666952888,1,15
9,2011,40,Other commercial deep medium demersal fish,0.0410459313413577,6,121
9,2011,62,Caramote prawn,2.14965000981383e-05,1,15
9,2012,24,Anglerfish,0.060417198832707,6,121
9,2012,46,Bathydemersal (deep sea) fish,0.0670148569248319,6,121
9,2012,62,Caramote prawn,0.000785456756575717,1,15
9,2013,24,Anglerfish,0.0503302179570118,6,121
9,2013,32,Blackspot seabream,0.00483951885051684,6,121
9,2013,62,Caramote prawn,0.000250506383135939,1,16
9,2014,40,Other commercial deep medium demersal fish,0.0429531534881405,6,121
9,2014,24,Anglerfish,0.0444328757384717,6,121
9,2014,32,Blackspot seabream,0.000765795982651887,4,99
9,2015,40,Other commercial deep medium demersal fish,0.0611110539498929,6,121
9,2015,32,Blackspot seabream,0.0126048907084643,6,121
9,2015,62,Caramote prawn,6.50032693900669e-05,1,14
9,2016,24,Anglerfish,0.0293763681088413,6,121
9,2016,43,Mullets,0.0826351190461914,4,99
9,2016,68,Jellyfish,0.214399669190082,4,99
9,2017,40,Other commercial deep medium demersal fish,0.0209322645573719,6,121
9,2017,32,Blackspot seabream,0.00234976335278546,4,99
9,2017,62,Caramote prawn,0.00041028706633597,2,34
9,2017,29,Poor cod,0.0193063890566961,4,99
9,2018,40,Other commercial deep medium demersal fish,0.0508552649470795,6,120
9,2018,24,Anglerfish,0.0397226061329576,6,120
9,2018,32,Blackspot seabream,0.0137688401983696,6,120
9,2018,62,Caramote prawn,7.05951554369441e-05,1,14
9,2018,74,Posidonia,0.000109188103480184,5,119
9,2018,68,Jellyfish,0.301360068884214,6,120
9,2018,29,Poor cod,0.00894042439888388,4,98
9,2019,40,Other commercial deep medium demersal fish,0.0366223276220668,5,103
9,2019,24,Anglerfish,0.0185338513536533,4,100
9,2019,32,Blackspot seabream,0.0242989155910534,6,121
9,2019,74,Posidonia,0.00243471401898017,5,120
9,2019,68,Jellyfish,1.28483594966964,6,121
9,2019,29,Poor cod,0.0153784876188302,4,100
9,2020,40,Other commercial deep medium demersal fish,0.0186172537309517,6,121
9,2020,32,Blackspot seabream,0.0046436331459069,4,98
9,2020,62,Caramote prawn,0.000379943386239776,1,15
9,2020,74,Posidonia,0.00433984375305507,4,92
9,2020,68,Jellyfish,0.00423096203032939,4,98
9,2021,32,Blackspot seabream,0.00842451136382262,6,121
9,2021,74,Posidonia,4.21245768657925e-05,3,55
9,2021,68,Jellyfish,0.0577595947022817,6,121
9,2023,40,Other commercial deep medium demersal fish,0.0276281748632468,5,103
9,2023,24,Anglerfish,0.029566207834218,6,121
9,2023,32,Blackspot seabream,0.00369969437678899,4,98
9,2023,23,No commercial meso (bathy) pelagic fishes,0.0253876890938526,4,73
9,2023,62,Caramote prawn,0.00299931220970898,2,33
9,2023,29,Poor cod,0.0096835720965712,4,98
9,1994,46,Bathydemersal (deep sea) fish,0.0393934328700394,5,133
9,1994,40,Other commercial deep medium demersal fish,0.0321788487162493,5,133
9,1994,22,Benthopelagic fishes,0.198792780947004,5,133
9,1994,24,Anglerfish,0.0377491903530873,5,133
9,1994,59,Deep-water rose shrimp,0.00425685404926012,5,133
9,1994,47,Small-spotted catshark,0.00511782588161751,3,99
9,1994,29,Poor cod,0.0231741314005543,3,99
9,1995,46,Bathydemersal (deep sea) fish,0.089749164749831,5,134
9,1995,40,Other commercial deep medium demersal fish,0.0338995025049186,5,134
9,1995,22,Benthopelagic fishes,0.118398949889471,5,134
9,1995,48,Small demersal sharks,0.17598272496222,5,134
9,1995,59,Deep-water rose shrimp,0.00419782660518936,3,100
9,1995,29,Poor cod,0.0309946423062871,3,100
9,1996,46,Bathydemersal (deep sea) fish,0.0600019836458267,5,134
9,1996,40,Other commercial deep medium demersal fish,0.0413668280269966,5,134
9,1996,24,Anglerfish,0.0559548641512131,5,134
9,1996,48,Small demersal sharks,0.142088692054906,5,134
9,1996,59,Deep-water rose shrimp,0.00336375468578145,5,134
9,1996,15,Mackerels,0.010506488250286,3,100
9,1996,47,Small-spotted catshark,0.00435948720577754,3,100
9,1996,29,Poor cod,0.0119294549510925,3,100
9,1997,46,Bathydemersal (deep sea) fish,0.0247215614725186,5,134
9,1997,40,Other commercial deep medium demersal fish,0.0392313003948238,5,134
9,1997,22,Benthopelagic fishes,0.0453720524802243,5,134
9,1997,11,Non-commercial large pelagic fishes,0.0226666897696288,1,22
9,1997,64,European lobster,0.000188385848693794,1,22
9,1997,59,Deep-water rose shrimp,0.00551821311310704,5,134
9,1997,29,Poor cod,0.0155863596989043,3,101
9,1998,46,Bathydemersal (deep sea) fish,0.0430285671729261,5,133
9,1998,34,Common dentex,0.0015647680313756,2,59
9,1998,40,Other commercial deep medium demersal fish,0.0399219306936733,5,133
9,1998,22,Benthopelagic fishes,0.105842215746392,5,133
9,1998,32,Blackspot seabream,0.0128837094730774,5,133
9,1998,59,Deep-water rose shrimp,0.0155279631115359,5,133
9,1998,67,Other macro-benthos,1.71386472038255e-05,2,59
9,1998,47,Small-spotted catshark,0.00477662118794112,3,99
9,1999,70,Corals and gorgonians,6.99126676026082e-06,2,60
9,1999,46,Bathydemersal (deep sea) fish,0.0875224564864422,5,134
9,1999,40,Other commercial deep medium demersal fish,0.0652471833490277,5,134
9,1999,22,Benthopelagic fishes,0.10619671794107,5,134
9,1999,59,Deep-water rose shrimp,0.028401090812166,5,134
9,1999,67,Other macro-benthos,0.00147598148055322,3,101
9,1999,29,Poor cod,0.0190555170636444,3,101
9,2000,70,Corals and gorgonians,3.74589647955016e-05,1,22
9,2000,46,Bathydemersal (deep sea) fish,0.0993807607633839,5,134
9,2000,40,Other commercial deep medium demersal fish,0.0679282796559538,5,134
9,2000,22,Benthopelagic fishes,0.0741494404890496,5,134
9,2000,24,Anglerfish,0.0368822907956711,5,134
9,2000,59,Deep-water rose shrimp,0.0193613221123623,5,134
9,2000,67,Other macro-benthos,0.000484799568075606,2,60
9,2001,70,Corals and gorgonians,1.57995813231094e-05,3,102
9,2001,46,Bathydemersal (deep sea) fish,0.0675908508669717,5,134
9,2001,24,Anglerfish,0.0659343449980667,5,134
9,2001,32,Blackspot seabream,0.00856622479524652,5,134
9,2001,59,Deep-water rose shrimp,0.00979468891204159,5,134
9,2001,50,Torpedos,0.000547285259356397,2,60
9,2001,29,Poor cod,0.0178468708124792,3,102
9,2002,46,Bathydemersal (deep sea) fish,0.040711045280944,5,106
9,2002,63,Norway lobster,0.0182135752606571,5,106
9,2002,64,European lobster,0.000353648552083032,1,17
9,2002,59,Deep-water rose shrimp,0.0112543798320834,5,106
9,2002,47,Small-spotted catshark,0.000930316191188415,5,106
9,2002,29,Poor cod,0.0224063948139531,3,80
9,2003,70,Corals and gorgonians,3.19603067346909e-05,2,47
9,2003,64,European lobster,0.000201870267330921,1,17
9,2003,59,Deep-water rose shrimp,0.00999987977681719,5,106
9,2004,70,Corals and gorgonians,3.12885878751611e-06,1,17
9,2004,46,Bathydemersal (deep sea) fish,0.0317402654922904,5,106
9,2004,40,Other commercial deep medium demersal fish,0.0479077369266167,5,106
9,2004,22,Benthopelagic fishes,0.0563201172090812,5,106
9,2004,32,Blackspot seabream,0.00121483996490358,5,106
9,2004,14,Other large pelagic fishes,0.00275871002457258,1,17
9,2004,47,Small-spotted catshark,0.00358360570093451,3,81
9,2004,50,Torpedos,0.00219946478277956,3,81
9,2004,29,Poor cod,0.0113999668067529,3,81
9,2005,46,Bathydemersal (deep sea) fish,0.0272231379444486,5,105
9,2005,40,Other commercial deep medium demersal fish,0.0306442460653262,5,105
9,2005,22,Benthopelagic fishes,0.0444998599050004,5,105
9,2005,59,Deep-water rose shrimp,0.0233278338749933,5,105
9,2005,47,Small-spotted catshark,0.0022681454025875,3,81
9,2006,46,Bathydemersal (deep sea) fish,0.165251075585792,5,106
9,2006,40,Other commercial deep medium demersal fish,0.0584506337279363,5,106
9,2006,22,Benthopelagic fishes,0.0841564869955272,5,106
9,2006,59,Deep-water rose shrimp,0.0241742324994043,5,106
9,2006,15,Mackerels,0.00305976868013289,3,82
9,2006,47,Small-spotted catshark,0.00528947339186045,5,106
9,2006,29,Poor cod,0.0155658471349272,3,82
9,2007,46,Bathydemersal (deep sea) fish,0.221634020803198,5,106
9,2007,24,Anglerfish,0.0822463780083291,5,106
9,2007,59,Deep-water rose shrimp,0.0123622066047863,5,106
9,2007,47,Small-spotted catshark,0.0146631575341965,3,82
9,2007,29,Poor cod,0.0165078526318216,3,82
9,2008,46,Bathydemersal (deep sea) fish,0.0659951880578901,5,105
9,2008,22,Benthopelagic fishes,0.0883520130063059,5,105
9,2008,59,Deep-water rose shrimp,0.0248490327478002,5,105
9,2008,40,Other commercial deep medium demersal fish,0.0380409189200118,5,105
9,2008,47,Small-spotted catshark,0.0147881054302656,3,81
9,2008,50,Torpedos,0.000812477773737683,3,81
9,2008,29,Poor cod,0.00812636770728192,3,81
9,2009,22,Benthopelagic fishes,0.0896397199257027,5,105
9,2009,24,Anglerfish,0.0745888878307769,5,105
9,2009,47,Small-spotted catshark,0.0104180419724385,5,105
9,2009,29,Poor cod,0.00862603021754571,3,81
9,2010,46,Bathydemersal (deep sea) fish,0.0681257950408166,5,106
9,2010,34,Common dentex,0.000284908011259906,1,19
9,2010,40,Other commercial deep medium demersal fish,0.0501630830011712,5,106
9,2010,22,Benthopelagic fishes,0.0529255685190664,5,106
9,2010,20,Round sardinella,0.000524167945479408,1,19
9,2010,47,Small-spotted catshark,0.0183240093744932,3,82
9,2010,29,Poor cod,0.010738771200517,3,82
9,2011,46,Bathydemersal (deep sea) fish,0.0859891256764056,5,106
9,2011,24,Anglerfish,0.041343942254982,5,106
9,2011,32,Blackspot seabream,0.00226711883684428,5,106
9,2011,64,European lobster,0.00133872334100379,1,18
9,2011,59,Deep-water rose shrimp,0.0543689325359757,5,106
9,2011,47,Small-spotted catshark,0.017098968474762,3,81
9,2011,29,Poor cod,0.00827169911909319,3,81
9,2012,40,Other commercial deep medium demersal fish,0.0321221612794218,5,106
9,2012,64,European lobster,0.000278415811258361,2,52
9,2012,59,Deep-water rose shrimp,0.0531065912818162,5,106
9,2012,15,Mackerels,0.00822994900167824,2,48
9,2012,47,Small-spotted catshark,0.0211766088856803,3,83
9,2012,29,Poor cod,0.0181516903760603,4,105
9,2013,46,Bathydemersal (deep sea) fish,0.167727230501727,5,105
9,2013,40,Other commercial deep medium demersal fish,0.0533142320642558,5,105
9,2013,15,Mackerels,0.00224620539854188,2,47
9,2013,47,Small-spotted catshark,0.0155534060427258,3,82
9,2013,29,Poor cod,0.0116683800425707,3,82
9,2014,58,Benthic mollusc,0.000220569712466247,4,105
9,2014,46,Bathydemersal (deep sea) fish,0.122920312055096,5,106
9,2014,59,Deep-water rose shrimp,0.0352653341546071,5,106
9,2014,47,Small-spotted catshark,0.0187506140682511,3,84
9,2014,29,Poor cod,0.0111542500863844,3,84
9,2015,46,Bathydemersal (deep sea) fish,0.160103581946362,5,107
9,2015,34,Common dentex,0.00217089349716755,1,19
9,2015,24,Anglerfish,0.0643968177731093,5,107
9,2015,63,Norway lobster,0.0258356833119844,5,107
9,2015,59,Deep-water rose shrimp,0.0693595920546206,5,107
9,2015,39,Other commercial shallow medium demersal fish,0.010262530852759,3,84
9,2015,74,Posidonia,0.018174964529103,1,19
9,2015,47,Small-spotted catshark,0.0260652567871081,3,84
9,2015,29,Poor cod,0.0125450169827289,3,84
9,2016,46,Bathydemersal (deep sea) fish,0.0959123593995495,5,107
9,2016,23,No commercial meso (bathy) pelagic fishes,0.0442722196915469,4,76
9,2016,32,Blackspot seabream,0.00708369873546247,5,107
9,2016,59,Deep-water rose shrimp,0.0813055684745543,5,107
9,2016,40,Other commercial deep medium demersal fish,0.030381470570445,5,107
9,2016,47,Small-spotted catshark,0.0203056819746487,3,85
9,2016,29,Poor cod,0.00755590434709139,3,85
9,2016,39,Other commercial shallow medium demersal fish,0.00974972079965532,3,85
9,2017,70,Corals and gorgonians,0.000519555764456609,4,106
9,2017,46,Bathydemersal (deep sea) fish,0.0807997609263468,5,107
9,2017,24,Anglerfish,0.0460031478795025,5,107
9,2017,74,Posidonia,2.48703315625181e-05,2,56
9,2017,69,Salps and other gelatinous zooplankton,0.000320620310303715,2,41
9,2017,47,Small-spotted catshark,0.0148730735411717,5,107
9,2018,46,Bathydemersal (deep sea) fish,0.0946694087562188,5,106
9,2018,64,European lobster,0.000445499043656911,2,48
9,2018,59,Deep-water rose shrimp,0.0927071607633556,5,106
9,2018,47,Small-spotted catshark,0.0191277218256836,3,84
9,2019,46,Bathydemersal (deep sea) fish,0.0669162494356191,5,106
9,2019,76,Macroalgae,0.00177524557771906,1,18
9,2019,36,Groupers,0.000775284988678853,1,18
9,2019,22,Benthopelagic fishes,0.116716720309354,5,106
9,2019,64,European lobster,0.000449939222238213,2,48
9,2019,47,Small-spotted catshark,0.0215038663755729,5,106
9,2020,46,Bathydemersal (deep sea) fish,0.0790262954728738,5,106
9,2020,76,Macroalgae,2.81541785949075e-05,1,20
9,2020,24,Anglerfish,0.0456948756524976,5,106
9,2020,63,Norway lobster,0.0117297755220139,5,106
9,2020,64,European lobster,0.000371210755927679,2,48
9,2020,47,Small-spotted catshark,0.0195247972042977,5,106
9,2020,29,Poor cod,0.0104648803101947,3,83
9,2021,46,Bathydemersal (deep sea) fish,0.0474807238047674,5,106
9,2021,23,No commercial meso (bathy) pelagic fishes,0.0418011111321045,4,78
9,2021,40,Other commercial deep medium demersal fish,0.0238109112331612,5,106
9,2021,24,Anglerfish,0.0317275996741797,5,106
9,2021,47,Small-spotted catshark,0.0108724984997212,3,85
9,2021,29,Poor cod,0.00729033506355321,3,85
9,2023,46,Bathydemersal (deep sea) fish,0.0533807182202165,5,106
9,2023,48,Small demersal sharks,0.108558866444694,5,106
9,2023,64,European lobster,0.000616690697488584,2,48
9,2023,74,Posidonia,5.92920464468966e-05,1,18
9,2023,69,Salps and other gelatinous zooplankton,0.000657676033869501,1,18
9,1994,23,No commercial meso (bathy) pelagic fishes,0.0572313820890776,4,112
9,1994,30,Blue whiting,0.0333373062931137,4,112
9,1994,48,Small demersal sharks,0.145641122970979,4,112
9,1995,23,No commercial meso (bathy) pelagic fishes,0.0803068082473794,4,113
9,1995,56,Mesopelagic cephalopods,0.0106846838480512,4,113
9,1995,30,Blue whiting,0.093332553538743,4,113
9,1995,28,Other commercial large demersal fish,0.000637965494906821,4,113
9,1995,63,Norway lobster,0.0197485845655357,4,113
9,1995,32,Blackspot seabream,0.00566907860982267,4,113
9,1995,64,European lobster,0.000564108503779336,1,39
9,1995,67,Other macro-benthos,0.000106432760504728,1,39
9,1995,47,Small-spotted catshark,0.00456229201936247,2,79
9,1996,23,No commercial meso (bathy) pelagic fishes,0.0940849440434577,4,114
9,1996,30,Blue whiting,0.0156694125007672,4,114
9,1996,63,Norway lobster,0.0327394120130187,4,114
9,1996,64,European lobster,0.000418939461355301,1,40
9,1997,23,No commercial meso (bathy) pelagic fishes,0.0447462600352798,4,112
9,1997,30,Blue whiting,0.00622880448837649,4,112
9,1997,63,Norway lobster,0.0256810536142913,4,112
9,1997,47,Small-spotted catshark,0.00519262500035317,2,79
9,1997,48,Small demersal sharks,0.188261376063122,4,112
9,1998,23,No commercial meso (bathy) pelagic fishes,0.0820360556704999,4,113
9,1998,30,Blue whiting,0.01097798578803,4,113
9,1998,63,Norway lobster,0.0350137203529538,4,113
9,1999,23,No commercial meso (bathy) pelagic fishes,0.0804982893343704,4,113
9,1999,30,Blue whiting,0.0716213404834521,4,113
9,1999,63,Norway lobster,0.0247108244072155,4,113
9,1999,64,European lobster,0.000493361444293359,1,39
9,1999,47,Small-spotted catshark,0.00482393941051117,2,80
9,2000,23,No commercial meso (bathy) pelagic fishes,0.0491611886804657,4,112
9,2000,30,Blue whiting,0.057128327071038,4,112
9,2000,63,Norway lobster,0.032911659346559,4,112
9,2000,47,Small-spotted catshark,0.00636343639443407,2,80
9,2001,23,No commercial meso (bathy) pelagic fishes,0.0775701063785478,4,112
9,2001,40,Other commercial deep medium demersal fish,0.0509294549579704,4,112
9,2001,30,Blue whiting,0.0179304400508138,4,112
9,2001,63,Norway lobster,0.0362230386808506,4,112
9,2001,47,Small-spotted catshark,0.00497358215532687,4,112
9,2002,70,Corals and gorgonians,1.4873012139998e-06,1,30
9,2002,23,No commercial meso (bathy) pelagic fishes,0.072463449445791,4,89
9,2002,40,Other commercial deep medium demersal fish,0.0450184585829972,4,89
9,2002,30,Blue whiting,0.00618966577058095,4,89
9,2002,48,Small demersal sharks,0.210643625207508,4,89
9,2003,46,Bathydemersal (deep sea) fish,0.0586944396827499,4,89
9,2003,23,No commercial meso (bathy) pelagic fishes,0.0599965258561263,4,89
9,2003,30,Blue whiting,0.189245460844421,4,89
9,2003,28,Other commercial large demersal fish,0.000257166876582648,2,61
9,2003,47,Small-spotted catshark,0.0032831404930849,4,89
9,2004,23,No commercial meso (bathy) pelagic fishes,0.0706758394575144,4,89
9,2004,30,Blue whiting,0.05642730491924,4,89
9,2004,63,Norway lobster,0.0261494756378256,4,89
9,2004,64,European lobster,0.00119321303785518,1,30
9,2005,23,No commercial meso (bathy) pelagic fishes,0.0493922701309264,4,89
9,2005,30,Blue whiting,0.178566433746995,4,89
9,2005,63,Norway lobster,0.0192612004660462,4,89
9,2006,71,Macro zooplankton,2.66799351318788e-05,4,88
9,2006,30,Blue whiting,0.0659438118511983,4,88
9,2006,63,Norway lobster,0.0278068082462472,4,88
9,2007,23,No commercial meso (bathy) pelagic fishes,0.0747602537213871,4,88
9,2007,40,Other commercial deep medium demersal fish,0.0311075874962566,4,88
9,2007,63,Norway lobster,0.0306950546001156,4,88
9,2007,48,Small demersal sharks,0.314482676293945,4,88
9,2008,23,No commercial meso (bathy) pelagic fishes,0.102255484968198,4,89
9,2008,30,Blue whiting,0.0603179948200846,4,89
9,2008,63,Norway lobster,0.0313266151274537,4,89
9,2008,32,Blackspot seabream,0.00348295196277752,4,89
9,2009,23,No commercial meso (bathy) pelagic fishes,0.0355242664165473,4,89
9,2009,30,Blue whiting,0.00955309970241968,4,89
9,2009,28,Other commercial large demersal fish,0.00503133488177612,4,89
9,2009,63,Norway lobster,0.0421106167452625,4,89
9,2009,64,European lobster,0.0019984497435166,1,31
9,2009,17,Other medium pelagic fishes,5.43627463648867e-06,1,31
9,2010,23,No commercial meso (bathy) pelagic fishes,0.0531154131447082,4,87
9,2010,30,Blue whiting,0.00456753044814922,2,63
9,2010,63,Norway lobster,0.0299311483349987,4,87
9,2011,23,No commercial meso (bathy) pelagic fishes,0.0413761983591916,4,88
9,2011,22,Benthopelagic fishes,0.0554216758478114,4,88
9,2011,30,Blue whiting,0.00342991576412851,4,88
9,2011,63,Norway lobster,0.022711856822786,4,88
9,2011,48,Small demersal sharks,0.158048105333759,4,88
9,2012,44,Commercial small demersal fish,1.17161889671599e-05,1,31
9,2012,23,No commercial meso (bathy) pelagic fishes,0.0525734984852359,4,89
9,2012,22,Benthopelagic fishes,0.0559733538980836,4,89
9,2012,32,Blackspot seabream,0.0012925701850075,4,89
9,2013,23,No commercial meso (bathy) pelagic fishes,0.0412975045160554,4,88
9,2013,30,Blue whiting,0.00164380064222625,2,65
9,2013,63,Norway lobster,0.0184609220405836,4,88
9,2014,23,No commercial meso (bathy) pelagic fishes,0.0867228535024115,4,87
9,2014,56,Mesopelagic cephalopods,0.00413747494624803,4,87
9,2014,30,Blue whiting,0.00727607664208456,4,87
9,2014,48,Small demersal sharks,0.218609784819292,4,87
9,2015,23,No commercial meso (bathy) pelagic fishes,0.0403579534137915,4,88
9,2015,22,Benthopelagic fishes,0.0810951293884354,4,88
9,2016,34,Common dentex,0.00024326216161386,1,31
9,2016,22,Benthopelagic fishes,0.062366152544981,4,89
9,2016,30,Blue whiting,0.0087604120851354,4,89
9,2016,63,Norway lobster,0.0270397125410297,4,89
9,2017,48,Small demersal sharks,0.171865430168315,4,87
9,2017,23,No commercial meso (bathy) pelagic fishes,0.0582603583838895,4,87
9,2017,63,Norway lobster,0.0148504168522749,4,87
9,2017,64,European lobster,0.000216744854861298,1,29
9,2018,23,No commercial meso (bathy) pelagic fishes,0.0497354784738407,4,88
9,2018,56,Mesopelagic cephalopods,0.00173138448470575,4,88
9,2018,30,Blue whiting,0.00688411898840436,4,88
9,2018,63,Norway lobster,0.0311430955958345,4,88
9,2018,48,Small demersal sharks,0.362228732549094,4,88
9,2019,48,Small demersal sharks,0.200848689230444,4,88
9,2019,30,Blue whiting,0.00524262770735257,4,88
9,2019,63,Norway lobster,0.0229567267077278,4,88
9,2019,69,Salps and other gelatinous zooplankton,0.000479511477256053,2,50
9,2020,23,No commercial meso (bathy) pelagic fishes,0.823935706737187,4,86
9,2020,30,Blue whiting,0.0172049749476426,4,86
9,2020,42,Salema,0.00021170084330421,1,28
9,2020,48,Small demersal sharks,0.115656320045538,4,86
9,2021,30,Blue whiting,0.0101892215243315,4,86
9,2021,63,Norway lobster,0.0103227868808112,4,86
9,2021,48,Small demersal sharks,0.151214857962646,4,86
9,2021,69,Salps and other gelatinous zooplankton,3.15229628738796e-05,2,65
9,2023,30,Blue whiting,0.0130629117538555,4,88
9,2023,63,Norway lobster,0.0129508840503978,4,88
9,1994,61,Giant red shrimp,0.0166342735919023,3,74
9,1994,60,Blue and red shrimp,0.0163823245635512,3,74
9,1994,56,Mesopelagic cephalopods,0.00197390527635073,3,74
9,1994,28,Other commercial large demersal fish,0.00138956622887237,3,74
9,1994,63,Norway lobster,0.0187602239723561,3,74
9,1995,61,Giant red shrimp,0.0116499609436943,3,74
9,1996,61,Giant red shrimp,0.029702271448707,3,74
9,1996,60,Blue and red shrimp,0.0134744447388769,3,74
9,1996,56,Mesopelagic cephalopods,0.00469610760648081,3,74
9,1996,28,Other commercial large demersal fish,0.00282702526762039,3,74
9,1997,60,Blue and red shrimp,0.0278849115900161,3,74
9,1997,56,Mesopelagic cephalopods,0.00438809320710008,3,74
9,1997,28,Other commercial large demersal fish,0.00265629252969368,3,74
9,1998,61,Giant red shrimp,0.0484199305752929,3,74
9,1998,56,Mesopelagic cephalopods,0.00366234558829067,3,74
9,1998,28,Other commercial large demersal fish,0.00483831521183056,3,74
9,1999,56,Mesopelagic cephalopods,0.00536131711224619,3,74
9,1999,61,Giant red shrimp,0.0435924373933646,3,74
9,1999,71,Macro zooplankton,2.48980710945342e-05,1,41
9,1999,28,Other commercial large demersal fish,0.00140927255924931,3,74
9,2000,61,Giant red shrimp,0.0474329186968963,3,74
9,2000,60,Blue and red shrimp,0.0190995464229306,3,74
9,2000,48,Small demersal sharks,0.221198127792965,3,74
9,2000,56,Mesopelagic cephalopods,0.00339354191053027,3,74
9,2000,28,Other commercial large demersal fish,0.00112723233416981,3,74
9,2001,61,Giant red shrimp,0.0339628265833265,3,74
9,2001,60,Blue and red shrimp,0.00811475123533566,3,74
9,2001,56,Mesopelagic cephalopods,0.00530709452993211,3,74
9,2001,71,Macro zooplankton,1.14681642391942e-06,3,74
9,2001,28,Other commercial large demersal fish,0.00230636483157222,3,74
9,2002,61,Giant red shrimp,0.0177931272918986,3,59
9,2002,60,Blue and red shrimp,0.00507939864703056,3,59
9,2002,56,Mesopelagic cephalopods,0.00704195951232619,3,59
9,2002,28,Other commercial large demersal fish,0.000915296353036386,3,59
9,2003,61,Giant red shrimp,0.0265640611768411,3,59
9,2003,48,Small demersal sharks,0.115398480708272,3,59
9,2003,56,Mesopelagic cephalopods,0.00227396091618144,3,59
9,2003,63,Norway lobster,0.0260127539305932,3,59
9,2004,61,Giant red shrimp,0.0370985505250115,3,59
9,2004,48,Small demersal sharks,0.133714468733293,3,59
9,2004,56,Mesopelagic cephalopods,0.00279679742343407,3,59
9,2004,28,Other commercial large demersal fish,0.00281562025105699,3,59
9,2005,61,Giant red shrimp,0.0447353214546271,3,58
9,2005,48,Small demersal sharks,0.14407643014545,3,58
9,2005,56,Mesopelagic cephalopods,0.0067985812324312,3,58
9,2005,71,Macro zooplankton,2.86236351137025e-07,1,34
9,2005,28,Other commercial large demersal fish,0.000271437528952111,1,34
9,2006,23,No commercial meso (bathy) pelagic fishes,0.0598044853425929,3,59
9,2006,61,Giant red shrimp,0.0297304346166758,3,59
9,2006,60,Blue and red shrimp,0.0201127585297712,3,59
9,2006,48,Small demersal sharks,0.166893993879563,3,59
9,2006,56,Mesopelagic cephalopods,0.00549681822786489,3,59
9,2006,28,Other commercial large demersal fish,0.00174676278090129,3,59
9,2007,61,Giant red shrimp,0.0184608099236364,3,59
9,2007,56,Mesopelagic cephalopods,0.00821616278151097,3,59
9,2007,71,Macro zooplankton,7.51826735637168e-08,1,35
9,2007,30,Blue whiting,0.0166378548203078,3,59
9,2007,28,Other commercial large demersal fish,0.00136678223574678,3,59
9,2008,61,Giant red shrimp,0.0119724423202847,3,58
9,2008,48,Small demersal sharks,0.169197405630534,3,58
9,2008,56,Mesopelagic cephalopods,0.0125880768084044,3,58
9,2008,71,Macro zooplankton,3.3714771704565e-05,1,34
9,2008,28,Other commercial large demersal fish,0.00288777757863657,3,58
9,2009,61,Giant red shrimp,0.0216865057294395,3,58
9,2009,48,Small demersal sharks,0.143649782660285,3,58
9,2009,56,Mesopelagic cephalopods,0.000975980256980973,3,58
9,2010,61,Giant red shrimp,0.060836259625486,3,58
9,2010,60,Blue and red shrimp,0.0939303102669028,3,58
9,2010,48,Small demersal sharks,0.128484461785724,3,58
9,2010,56,Mesopelagic cephalopods,0.00550332537890318,3,58
9,2010,71,Macro zooplankton,1.85020121790691e-06,1,34
9,2010,28,Other commercial large demersal fish,0.000391267100364839,3,58
9,2011,61,Giant red shrimp,0.0476902337977645,3,58
9,2011,60,Blue and red shrimp,0.074388866686897,3,58
9,2011,56,Mesopelagic cephalopods,0.00531798499232477,3,58
9,2011,28,Other commercial large demersal fish,0.000410392677706009,3,58
9,2012,61,Giant red shrimp,0.0314485354443909,3,58
9,2012,48,Small demersal sharks,0.11706995198227,3,58
9,2012,30,Blue whiting,0.00478924810896614,3,58
9,2012,28,Other commercial large demersal fish,9.03668218020803e-05,1,35
9,2012,63,Norway lobster,0.0277816091366082,3,58
9,2013,61,Giant red shrimp,0.0444091522191638,3,58
9,2013,60,Blue and red shrimp,0.0119702775697679,3,58
9,2013,56,Mesopelagic cephalopods,0.00464715186326752,3,58
9,2013,71,Macro zooplankton,2.11669135561094e-05,3,58
9,2013,28,Other commercial large demersal fish,0.000310913436885768,1,35
9,2013,42,Salema,2.18646774193694e-05,1,35
9,2014,61,Giant red shrimp,0.0316813844259667,3,58
9,2014,60,Blue and red shrimp,0.0219874939131314,3,58
9,2014,71,Macro zooplankton,2.8889620684792e-06,1,36
9,2014,28,Other commercial large demersal fish,0.00109812947548763,3,58
9,2014,63,Norway lobster,0.0245936552660345,3,58
9,2015,61,Giant red shrimp,0.0369026317313269,3,58
9,2015,48,Small demersal sharks,0.248358144546339,3,58
9,2015,56,Mesopelagic cephalopods,0.00693460986243881,3,58
9,2015,71,Macro zooplankton,1.5618099759421e-06,1,35
9,2015,30,Blue whiting,0.00343274326003503,3,58
9,2015,28,Other commercial large demersal fish,0.000637544328676714,3,58
9,2016,61,Giant red shrimp,0.0245451257745385,3,58
9,2016,60,Blue and red shrimp,0.0116084693792372,3,58
9,2016,48,Small demersal sharks,0.181374431819648,3,58
9,2016,56,Mesopelagic cephalopods,0.0037151477300347,3,58
9,2016,28,Other commercial large demersal fish,0.000382429431938547,3,58
9,2017,61,Giant red shrimp,0.0215283007163497,3,58
9,2017,22,Benthopelagic fishes,0.0429053245150811,3,58
9,2017,56,Mesopelagic cephalopods,0.00339408132258422,3,58
9,2017,71,Macro zooplankton,0.000215083110551757,3,58
9,2017,30,Blue whiting,0.00594615872253189,3,58
9,2017,28,Other commercial large demersal fish,0.000298766469283494,3,58
9,2018,61,Giant red shrimp,0.0657295122577666,3,58
9,2018,71,Macro zooplankton,3.31329061733987e-06,3,58
9,2018,28,Other commercial large demersal fish,0.00266266813078712,3,58
9,2018,69,Salps and other gelatinous zooplankton,0.00175302479619062,2,57
9,2019,56,Mesopelagic cephalopods,0.00209224651277622,3,58
9,2019,23,No commercial meso (bathy) pelagic fishes,0.064608151779163,3,58
9,2019,61,Giant red shrimp,0.0671948033315218,3,58
9,2019,60,Blue and red shrimp,0.00484399187408894,3,58
9,2019,28,Other commercial large demersal fish,0.000864821221718812,3,58
9,2020,61,Giant red shrimp,0.0245079722472649,3,58
9,2020,60,Blue and red shrimp,0.00641492117944399,3,58
9,2020,56,Mesopelagic cephalopods,0.00105500482146935,3,58
9,2020,28,Other commercial large demersal fish,2.78781315162482e-05,1,35
9,2021,61,Giant red shrimp,0.0528113665168813,3,58
9,2021,60,Blue and red shrimp,0.00810573658650616,3,58
9,2021,56,Mesopelagic cephalopods,0.0123631077968769,3,58
9,2021,71,Macro zooplankton,1.62435276564802e-06,3,58
9,2021,28,Other commercial large demersal fish,0.000870128882797813,3,58
9,2023,61,Giant red shrimp,0.0573489736479149,3,58
9,2023,22,Benthopelagic fishes,0.0322342582843502,3,58
9,2023,28,Other commercial large demersal fish,0.0017006478756585,3,58
9,1995,60,Blue and red shrimp,0.0228876815580199,2,34
9,1995,71,Macro zooplankton,0.0002027490735521,2,34
9,1997,61,Giant red shrimp,0.0256467284027336,2,33
9,1998,60,Blue and red shrimp,0.0249155147653366,2,34
9,1998,71,Macro zooplankton,1.84703399450279e-07,2,34
9,1999,60,Blue and red shrimp,0.0126245164150357,2,33
9,2001,44,Commercial small demersal fish,2.82842620833707e-05,2,32
9,2003,60,Blue and red shrimp,0.00586435784461963,2,28
9,2004,60,Blue and red shrimp,0.0266619924302229,2,25
9,2005,60,Blue and red shrimp,0.0153445368514294,2,24
9,2007,60,Blue and red shrimp,0.0116943054319841,2,24
9,2008,60,Blue and red shrimp,0.034876920522967,2,24
9,2009,60,Blue and red shrimp,0.00954098324685059,2,24
9,2009,71,Macro zooplankton,4.50559013363163e-06,2,24
9,2012,56,Mesopelagic cephalopods,0.00668813310667652,2,23
9,2012,60,Blue and red shrimp,0.0449358537823326,2,23
9,2012,71,Macro zooplankton,6.02922830726449e-08,2,23
9,2015,60,Blue and red shrimp,0.0134142410338348,2,23
9,2016,71,Macro zooplankton,1.33946676872463e-06,2,22
9,2017,60,Blue and red shrimp,0.0104764724896489,2,22
9,2018,60,Blue and red shrimp,0.0218241897072219,2,22
9,2020,71,Macro zooplankton,3.86682770057272e-06,2,23
9,2023,56,Mesopelagic cephalopods,0.00720280507495163,2,23
9,2023,60,Blue and red shrimp,0.0128592655277323,2,23
10,1994,33,Sparidae+,0.0510138955848947,5,57
10,1994,41,No commercial medium demersal fish,0.00313275817212347,5,57
10,1994,35,Scorpaenidae,0.0119356214646105,7,86
10,1994,38,Flatfishes,0.0034573204534145,7,86
10,1994,25,European conger,0.0190966971522274,6,69
10,1994,57,Other benthic cephalopods,0.0190330493178894,7,86
10,1994,19,Anchovy,0.111638523348514,4,35
10,1994,55,Benthopelagic cephalopods,0.0117933842642436,7,86
10,1994,26,European hake juv.,0.0606277510144149,7,86
10,1994,43,Mullets,0.0182739823342799,5,57
10,1994,54,Coastal benthic cephalopods,0.0020330148695534,5,57
10,1994,31,Common pandora,0.00329453443679679,4,35
10,1994,49,Rays and skates,0.00367457125987552,4,47
10,1994,18,Sardine,0.220373004628087,4,35
10,1994,20,Round sardinella,0.0145841134382689,4,35
10,1994,37,Labridae and serranidae+,0.00163649726896895,5,57
10,1994,21,Other small pelagic fish,0.0165332841630837,4,35
10,1994,65,Other commercial decapods,0.000390511446797471,4,35
10,1994,50,Torpedos,0.000416984816347811,4,35
10,1994,16,Horse mackerels,0.723544715225514,5,57
10,1995,55,Benthopelagic cephalopods,0.0382096948963978,7,87
10,1995,17,Other medium pelagic fishes,0.00621241346042233,3,26
10,1995,38,Flatfishes,0.0192513681307146,7,87
10,1995,33,Sparidae+,0.0386139976492732,5,59
10,1995,41,No commercial medium demersal fish,0.0037007706320265,4,36
10,1995,35,Scorpaenidae,0.0177688562567639,7,87
10,1995,25,European conger,0.0019737421916453,7,87
10,1995,57,Other benthic cephalopods,0.0118383745728815,7,87
10,1995,19,Anchovy,0.0386846733385308,4,36
10,1995,45,No commercial small demersal fish,0.079928904443039,7,87
10,1995,66,Non-commercial decapods,0.0748930909790597,7,87
10,1995,26,European hake juv.,0.0850597965225627,7,87
10,1995,43,Mullets,0.0142539831186438,5,59
10,1995,49,Rays and skates,0.00312784310785766,5,59
10,1995,54,Coastal benthic cephalopods,0.00138109414231736,5,59
10,1995,31,Common pandora,0.00614546763559052,4,36
10,1995,18,Sardine,0.20962490408656,4,36
10,1995,20,Round sardinella,0.000463167859432101,3,26
10,1995,37,Labridae and serranidae+,0.00319628942962922,4,36
10,1995,21,Other small pelagic fish,0.0164933299388357,5,59
10,1995,65,Other commercial decapods,0.000469106719758328,3,19
10,1995,16,Horse mackerels,0.372944282441119,5,59
10,1995,39,Other commercial shallow medium demersal fish,0.0020701679471095,5,59
10,1996,55,Benthopelagic cephalopods,0.0240927344631763,7,87
10,1996,38,Flatfishes,0.0156238550791066,7,87
10,1996,45,No commercial small demersal fish,0.0462724206949303,7,87
10,1996,33,Sparidae+,0.0444791323681096,5,58
10,1996,41,No commercial medium demersal fish,0.00197046314575095,4,36
10,1996,35,Scorpaenidae,0.0141430330956827,7,87
10,1996,57,Other benthic cephalopods,0.0138310211414016,7,87
10,1996,19,Anchovy,0.144637819238327,4,36
10,1996,36,Groupers,0.00488333395245475,2,9
10,1996,26,European hake juv.,0.055274210682586,7,87
10,1996,43,Mullets,0.0124940257395733,5,58
10,1996,49,Rays and skates,0.00488565456439996,4,41
10,1996,54,Coastal benthic cephalopods,0.00199090167111351,5,58
10,1996,31,Common pandora,0.00855147729364021,4,36
10,1996,18,Sardine,0.403560181578046,4,36
10,1996,20,Round sardinella,0.172584317480877,4,36
10,1996,15,Mackerels,0.00037026862969381,3,26
10,1996,37,Labridae and serranidae+,0.00233216363645088,4,36
10,1996,65,Other commercial decapods,0.000942704124639526,5,58
10,1996,16,Horse mackerels,0.220075776436749,5,58
10,1996,39,Other commercial shallow medium demersal fish,0.00189892279628478,5,58
10,1997,55,Benthopelagic cephalopods,0.05961819712432,7,87
10,1997,17,Other medium pelagic fishes,0.00114824198075592,2,9
10,1997,38,Flatfishes,0.017525946111621,7,87
10,1997,33,Sparidae+,0.03575803407299,6,86
10,1997,45,No commercial small demersal fish,0.0380544388650668,7,87
10,1997,41,No commercial medium demersal fish,0.00360605068321355,4,36
10,1997,35,Scorpaenidae,0.0133473981109864,7,87
10,1997,25,European conger,0.00519379414556603,7,87
10,1997,49,Rays and skates,0.00491410384923617,4,41
10,1997,57,Other benthic cephalopods,0.0110729206736271,7,87
10,1997,19,Anchovy,0.085637241467946,4,36
10,1997,36,Groupers,0.0018580817374038,2,9
10,1997,66,Non-commercial decapods,0.106088427464857,7,87
10,1997,26,European hake juv.,0.0682165621854235,7,87
10,1997,43,Mullets,0.0139316527650311,5,58
10,1997,54,Coastal benthic cephalopods,0.00371504109428605,4,36
10,1997,31,Common pandora,0.010373737260381,4,36
10,1997,18,Sardine,0.490367327213863,4,36
10,1997,20,Round sardinella,0.00350686035655964,2,9
10,1997,15,Mackerels,0.00063402241565682,2,9
10,1997,37,Labridae and serranidae+,0.00245487967923672,5,58
10,1997,21,Other small pelagic fish,0.0259607995500583,4,36
10,1997,65,Other commercial decapods,0.00141545983331808,5,58
10,1997,16,Horse mackerels,0.159449519437785,5,58
10,1997,39,Other commercial shallow medium demersal fish,0.00158469998733749,7,87
10,1998,55,Benthopelagic cephalopods,0.039859228638488,7,87
10,1998,17,Other medium pelagic fishes,0.00674760494435563,2,9
10,1998,38,Flatfishes,0.0235134912887771,7,87
10,1998,45,No commercial small demersal fish,0.0756177272255261,7,87
10,1998,33,Sparidae+,0.131127704521666,5,58
10,1998,54,Coastal benthic cephalopods,0.00561209988254952,4,36
10,1998,41,No commercial medium demersal fish,0.00543867381309539,4,36
10,1998,35,Scorpaenidae,0.0165652611593436,7,87
10,1998,25,European conger,0.0121987767757649,6,65
10,1998,39,Other commercial shallow medium demersal fish,0.00772002685951063,5,58
10,1998,57,Other benthic cephalopods,0.0161345128256921,7,87
10,1998,19,Anchovy,0.0300774746689091,4,36
10,1998,26,European hake juv.,0.0469752890444067,7,87
10,1998,43,Mullets,0.0187497494476687,4,36
10,1998,49,Rays and skates,0.00822914937760557,4,48
10,1998,31,Common pandora,0.00671663072774586,4,36
10,1998,18,Sardine,0.321201014795852,4,36
10,1998,20,Round sardinella,0.0235913451143747,2,9
10,1998,37,Labridae and serranidae+,0.00521545898680848,5,58
10,1998,21,Other small pelagic fish,0.0160795928632293,5,64
10,1998,65,Other commercial decapods,0.00138102787608059,5,64
10,1998,16,Horse mackerels,0.132881539796942,6,86
10,1999,55,Benthopelagic cephalopods,0.0307763469251966,7,86
10,1999,17,Other medium pelagic fishes,0.00800722233080166,5,68
10,1999,38,Flatfishes,0.0244869517654586,7,86
10,1999,45,No commercial small demersal fish,0.0912302884888037,7,86
10,1999,33,Sparidae+,0.0488599686910232,5,58
10,1999,23,No commercial meso (bathy) pelagic fishes,0.0762496430283383,6,76
10,1999,41,No commercial medium demersal fish,0.00351157394210726,5,58
10,1999,35,Scorpaenidae,0.0143644545743536,7,86
10,1999,25,European conger,0.00396338723238168,6,76
10,1999,57,Other benthic cephalopods,0.00557006737620294,7,86
10,1999,19,Anchovy,0.154080007544783,4,36
10,1999,36,Groupers,0.00368536924619166,3,19
10,1999,66,Non-commercial decapods,0.0875458049249977,7,86
10,1999,26,European hake juv.,0.0844391464530086,7,86
10,1999,43,Mullets,0.0114129883823565,5,58
10,1999,49,Rays and skates,0.016691990801877,5,75
10,1999,54,Coastal benthic cephalopods,0.00311553294627918,4,36
10,1999,31,Common pandora,0.00539757658680395,4,36
10,1999,18,Sardine,0.289875744507762,4,36
10,1999,20,Round sardinella,0.0585996142059816,3,19
10,1999,15,Mackerels,0.000599697745282327,3,19
10,1999,37,Labridae and serranidae+,0.00527154125499357,5,58
10,1999,21,Other small pelagic fish,0.0156046225171773,5,58
10,1999,65,Other commercial decapods,0.0024467864623146,4,36
10,1999,50,Torpedos,0.000709500843454852,3,31
10,1999,16,Horse mackerels,0.229191832076889,5,58
10,1999,39,Other commercial shallow medium demersal fish,0.00206595182505917,4,36
10,2000,55,Benthopelagic cephalopods,0.0177557672324616,7,87
10,2000,38,Flatfishes,0.0366265565400201,7,87
10,2000,45,No commercial small demersal fish,0.0515806070509883,7,87
10,2000,33,Sparidae+,0.103087682814217,5,58
10,2000,41,No commercial medium demersal fish,0.00332370514902854,4,36
10,2000,35,Scorpaenidae,0.0184307761415735,7,87
10,2000,25,European conger,0.0114026546451565,7,87
10,2000,34,Common dentex,0.00054564412657025,2,9
10,2000,57,Other benthic cephalopods,0.0120687636121409,7,87
10,2000,19,Anchovy,0.0536141093968491,4,36
10,2000,66,Non-commercial decapods,0.0982325776995391,7,87
10,2000,65,Other commercial decapods,0.00113259257862587,4,36
10,2000,26,European hake juv.,0.0639345309971052,7,87
10,2000,43,Mullets,0.0122587134493076,4,36
10,2000,49,Rays and skates,0.0147427693793553,5,58
10,2000,54,Coastal benthic cephalopods,0.00230960706506157,5,58
10,2000,31,Common pandora,0.00505912157153269,4,36
10,2000,18,Sardine,0.12185730518116,4,36
10,2000,20,Round sardinella,0.000498668593362803,3,26
10,2000,14,Other large pelagic fishes,1.16731854158927e-05,2,9
10,2000,37,Labridae and serranidae+,0.0023468655304507,4,36
10,2000,17,Other medium pelagic fishes,0.0167736468882997,4,36
10,2000,21,Other small pelagic fish,0.0185289722414811,4,36
10,2000,16,Horse mackerels,0.133264003527464,5,58
10,2000,39,Other commercial shallow medium demersal fish,0.00334979441171187,5,58
10,2001,55,Benthopelagic cephalopods,0.018006780254979,7,87
10,2001,38,Flatfishes,0.0212076095547142,7,87
10,2001,41,No commercial medium demersal fish,0.00334916435134632,5,60
10,2001,45,No commercial small demersal fish,0.0542707311985855,7,87
10,2001,33,Sparidae+,0.170890926997229,5,60
10,2001,54,Coastal benthic cephalopods,0.00263466594935347,3,19
10,2001,35,Scorpaenidae,0.0166744838062717,7,87
10,2001,25,European conger,0.0030631313404922,7,87
10,2001,57,Other benthic cephalopods,0.00903680235972413,7,87
10,2001,19,Anchovy,0.383718280541742,4,36
10,2001,36,Groupers,0.00303785679166282,3,19
10,2001,22,Benthopelagic fishes,0.102524068664576,7,87
10,2001,24,Anglerfish,0.0115280264619685,6,77
10,2001,26,European hake juv.,0.0450962858910168,7,87
10,2001,43,Mullets,0.0195696849449279,5,60
10,2001,49,Rays and skates,0.00984094267531828,4,43
10,2001,31,Common pandora,0.0138279595246336,4,36
10,2001,18,Sardine,0.318469713935395,4,36
10,2001,20,Round sardinella,0.0199908001525545,3,26
10,2001,15,Mackerels,0.000334097622977126,3,26
10,2001,37,Labridae and serranidae+,0.00378638523100922,4,36
10,2001,17,Other medium pelagic fishes,0.000635625899801759,2,9
10,2001,21,Other small pelagic fish,0.0226866536577608,4,36
10,2001,65,Other commercial decapods,0.000501214898528507,4,36
10,2001,16,Horse mackerels,0.172983350903256,5,60
10,2001,39,Other commercial shallow medium demersal fish,0.00527627273181912,6,63
10,2002,55,Benthopelagic cephalopods,0.0196065320731511,7,72
10,2002,38,Flatfishes,0.0153563575496807,7,72
10,2002,33,Sparidae+,0.0577706017229497,5,48
10,2002,41,No commercial medium demersal fish,0.00388473751812772,5,48
10,2002,35,Scorpaenidae,0.0118452072232036,7,72
10,2002,25,European conger,0.00124402638603122,7,72
10,2002,45,No commercial small demersal fish,0.0154090016483621,7,72
10,2002,57,Other benthic cephalopods,0.00609360904232175,7,72
10,2002,19,Anchovy,0.0379705444828194,4,30
10,2002,66,Non-commercial decapods,0.0289679368084675,7,72
10,2002,26,European hake juv.,0.0333721890526216,7,72
10,2002,43,Mullets,0.0119673023119835,5,48
10,2002,54,Coastal benthic cephalopods,0.00272417526406304,4,30
10,2002,31,Common pandora,0.00704866732419272,3,16
10,2002,49,Rays and skates,0.00625074839259955,3,26
10,2002,18,Sardine,0.0314593627449237,3,16
10,2002,20,Round sardinella,0.00119817552306452,3,16
10,2002,37,Labridae and serranidae+,0.00853194178169506,4,30
10,2002,21,Other small pelagic fish,0.0179402017618664,4,30
10,2002,65,Other commercial decapods,0.000392146741657592,3,16
10,2002,16,Horse mackerels,0.0439267311810093,5,48
10,2002,39,Other commercial shallow medium demersal fish,0.00166859843096294,5,48
10,2003,55,Benthopelagic cephalopods,0.0411578980763002,7,72
10,2003,38,Flatfishes,0.0211264739410029,7,72
10,2003,45,No commercial small demersal fish,0.0572670534540416,7,72
10,2003,33,Sparidae+,0.0157850965972748,5,48
10,2003,54,Coastal benthic cephalopods,0.00200041818732896,4,30
10,2003,41,No commercial medium demersal fish,0.00215970732559329,5,48
10,2003,35,Scorpaenidae,0.014009761591925,7,72
10,2003,57,Other benthic cephalopods,0.0107853254804688,7,72
10,2003,19,Anchovy,0.0339467354601554,4,30
10,2003,66,Non-commercial decapods,0.0476597079609689,7,72
10,2003,24,Anglerfish,0.00648772437206233,7,72
10,2003,26,European hake juv.,0.0780444824670182,7,72
10,2003,43,Mullets,0.00491687929919957,5,48
10,2003,49,Rays and skates,0.00665751145228674,3,26
10,2003,31,Common pandora,0.00305944581309314,4,30
10,2003,18,Sardine,0.138876579175933,5,48
10,2003,20,Round sardinella,0.000714305606285757,3,16
10,2003,37,Labridae and serranidae+,0.00268393796061691,5,48
10,2003,21,Other small pelagic fish,0.00521419733680528,5,48
10,2003,65,Other commercial decapods,0.000395624219815579,4,30
10,2003,16,Horse mackerels,0.226710100301449,5,48
10,2003,39,Other commercial shallow medium demersal fish,0.0024523686964305,6,71
10,2004,55,Benthopelagic cephalopods,0.0327568842371371,7,72
10,2004,17,Other medium pelagic fishes,0.00620607964418579,3,16
10,2004,38,Flatfishes,0.0107219201964869,7,72
10,2004,45,No commercial small demersal fish,0.0706805366524882,7,72
10,2004,33,Sparidae+,0.108019091149901,5,48
10,2004,54,Coastal benthic cephalopods,0.00314299982362966,4,30
10,2004,41,No commercial medium demersal fish,0.0032288398035687,4,30
10,2004,35,Scorpaenidae,0.00838127603768846,7,72
10,2004,25,European conger,0.000993534951456009,6,64
10,2004,57,Other benthic cephalopods,0.0126850780349866,7,72
10,2004,19,Anchovy,0.57526490065715,4,30
10,2004,66,Non-commercial decapods,0.0719348568454776,7,72
10,2004,14,Other large pelagic fishes,0.000389842623278765,2,8
10,2004,24,Anglerfish,0.0173135241936928,7,72
10,2004,26,European hake juv.,0.0563780001962752,7,72
10,2004,43,Mullets,0.0063836716467219,5,48
10,2004,31,Common pandora,0.00450711847199409,4,30
10,2004,18,Sardine,0.0435343403388433,4,30
10,2004,20,Round sardinella,0.000717882844962025,3,16
10,2004,37,Labridae and serranidae+,0.000696613147726127,4,30
10,2004,21,Other small pelagic fish,0.00981139417718659,5,53
10,2004,65,Other commercial decapods,0.00167440032240812,3,22
10,2004,16,Horse mackerels,0.29189795637836,5,48
10,2005,55,Benthopelagic cephalopods,0.0310515563354372,7,72
10,2005,38,Flatfishes,0.0168205376966668,7,72
10,2005,33,Sparidae+,0.0582451765911477,5,48
10,2005,45,No commercial small demersal fish,0.0988526180791005,7,72
10,2005,41,No commercial medium demersal fish,0.0160476205523576,4,30
10,2005,35,Scorpaenidae,0.0131326865625091,7,72
10,2005,57,Other benthic cephalopods,0.0132218276084211,7,72
10,2005,19,Anchovy,0.229990022993823,4,30
10,2005,26,European hake juv.,0.127144278410793,7,72
10,2005,43,Mullets,0.00479394582617366,5,48
10,2005,54,Coastal benthic cephalopods,0.00185348747226122,4,30
10,2005,31,Common pandora,0.0031510394710439,5,48
10,2005,64,European lobster,0.000192788245817551,2,8
10,2005,49,Rays and skates,0.0107495594807321,7,72
10,2005,18,Sardine,0.0131525363906669,4,30
10,2005,20,Round sardinella,8.66109308701801e-05,2,8
10,2005,17,Other medium pelagic fishes,3.80534332484757e-06,2,8
10,2005,37,Labridae and serranidae+,0.00261706367897318,4,30
10,2005,21,Other small pelagic fish,0.00852323868726064,4,30
10,2005,65,Other commercial decapods,0.000340643208756063,4,30
10,2005,16,Horse mackerels,0.58712471408935,5,48
10,2005,39,Other commercial shallow medium demersal fish,0.00230704496218144,6,71
10,2006,55,Benthopelagic cephalopods,0.0200805797096704,7,72
10,2006,38,Flatfishes,0.0220893080957464,7,72
10,2006,33,Sparidae+,0.103675104426111,5,48
10,2006,41,No commercial medium demersal fish,0.00307728750642589,4,30
10,2006,35,Scorpaenidae,0.0152728380074299,7,72
10,2006,45,No commercial small demersal fish,0.0529008686051834,7,72
10,2006,57,Other benthic cephalopods,0.0105572402217509,7,72
10,2006,19,Anchovy,0.256878738164132,4,30
10,2006,66,Non-commercial decapods,0.0761852264665048,7,72
10,2006,26,European hake juv.,0.0980270213338664,7,72
10,2006,48,Small demersal sharks,0.111359964398476,6,64
10,2006,54,Coastal benthic cephalopods,0.00298827705811648,4,30
10,2006,31,Common pandora,0.004706534578167,5,48
10,2006,49,Rays and skates,0.00851991670428695,6,64
10,2006,18,Sardine,0.108942380183014,4,30
10,2006,20,Round sardinella,0.000250370713333704,3,16
10,2006,37,Labridae and serranidae+,0.0014669646135921,4,30
10,2006,21,Other small pelagic fish,0.0257308441075463,5,48
10,2006,65,Other commercial decapods,0.000129070008230209,4,30
10,2006,50,Torpedos,0.000480420989710372,3,26
10,2006,16,Horse mackerels,0.291960195848442,5,48
10,2006,39,Other commercial shallow medium demersal fish,0.00438302426740921,5,48
10,2007,55,Benthopelagic cephalopods,0.047979707832493,7,72
10,2007,38,Flatfishes,0.0182574057265874,7,72
10,2007,45,No commercial small demersal fish,0.029714517276599,7,72
10,2007,33,Sparidae+,0.0132596586810355,5,48
10,2007,41,No commercial medium demersal fish,0.00540316955812415,4,30
10,2007,35,Scorpaenidae,0.0183968075448619,7,72
10,2007,25,European conger,0.00340321169679535,7,72
10,2007,57,Other benthic cephalopods,0.00675274167716338,7,72
10,2007,19,Anchovy,0.0340701775479329,4,30
10,2007,36,Groupers,0.000994079709657093,2,8
10,2007,66,Non-commercial decapods,0.0793508496788318,7,72
10,2007,26,European hake juv.,0.0843634155899702,7,72
10,2007,43,Mullets,0.013536287206558,5,48
10,2007,49,Rays and skates,0.0193425986531911,6,64
10,2007,54,Coastal benthic cephalopods,0.00440825683302291,4,30
10,2007,31,Common pandora,0.00211819839502685,4,30
10,2007,18,Sardine,0.0140561697210604,4,30
10,2007,20,Round sardinella,0.000645826741850821,2,8
10,2007,37,Labridae and serranidae+,0.00160209519442284,4,30
10,2007,21,Other small pelagic fish,0.0127276201506309,4,30
10,2007,65,Other commercial decapods,0.00072662814468807,4,30
10,2007,16,Horse mackerels,1.10584630827609,5,48
10,2007,39,Other commercial shallow medium demersal fish,0.00280000623457347,5,48
10,2008,55,Benthopelagic cephalopods,0.0661412829511856,7,72
10,2008,17,Other medium pelagic fishes,0.00190073483016373,2,8
10,2008,38,Flatfishes,0.00532669305890872,7,72
10,2008,33,Sparidae+,0.0458004960458005,5,49
10,2008,45,No commercial small demersal fish,0.0193373862936176,7,72
10,2008,41,No commercial medium demersal fish,0.00225470664064089,4,30
10,2008,35,Scorpaenidae,0.0147377011230039,7,72
10,2008,57,Other benthic cephalopods,0.00894835557968009,7,72
10,2008,19,Anchovy,0.0315312212808504,4,30
10,2008,24,Anglerfish,0.00553737353955118,5,49
10,2008,26,European hake juv.,0.138879737389601,7,72
10,2008,43,Mullets,0.00312956734525286,4,30
10,2008,54,Coastal benthic cephalopods,0.0052294372308427,4,30
10,2008,31,Common pandora,0.00232385514115834,4,30
10,2008,18,Sardine,0.576030478021729,4,30
10,2008,15,Mackerels,0.00304445098102987,3,16
10,2008,37,Labridae and serranidae+,0.00137126202056997,4,30
10,2008,21,Other small pelagic fish,0.0271807314291366,4,30
10,2008,65,Other commercial decapods,0.000165922597572901,3,16
10,2008,50,Torpedos,0.001168509755553,2,8
10,2008,16,Horse mackerels,0.35368819365017,7,72
10,2008,39,Other commercial shallow medium demersal fish,0.00228018159489007,5,49
10,2009,55,Benthopelagic cephalopods,0.0430404733749422,7,72
10,2009,44,Commercial small demersal fish,2.01750384412002e-05,2,8
10,2009,38,Flatfishes,0.014951395765956,7,72
10,2009,45,No commercial small demersal fish,0.0706099873780656,7,72
10,2009,33,Sparidae+,0.148542375475239,5,48
10,2009,41,No commercial medium demersal fish,0.0115294619176469,4,30
10,2009,35,Scorpaenidae,0.0212769314357982,7,72
10,2009,25,European conger,0.00543830993602158,7,72
10,2009,57,Other benthic cephalopods,0.0102566411898844,7,72
10,2009,19,Anchovy,0.0145890358792083,4,30
10,2009,66,Non-commercial decapods,0.152171756399305,7,72
10,2009,26,European hake juv.,0.152628640215313,7,72
10,2009,43,Mullets,0.00642394713466488,5,48
10,2009,54,Coastal benthic cephalopods,0.00442549263618137,4,30
10,2009,31,Common pandora,0.00263454837617227,5,48
10,2009,18,Sardine,0.252948698784303,4,30
10,2009,15,Mackerels,0.00146565252875512,4,30
10,2009,37,Labridae and serranidae+,0.00405521561206123,4,30
10,2009,21,Other small pelagic fish,0.0142073555946084,4,30
10,2009,65,Other commercial decapods,0.000136406877627603,3,22
10,2009,16,Horse mackerels,0.461954063717859,5,48
10,2009,39,Other commercial shallow medium demersal fish,0.00405585121201978,5,48
10,2010,38,Flatfishes,0.0368247531548383,7,72
10,2010,58,Benthic mollusc,9.4716674517392e-05,2,8
10,2010,33,Sparidae+,0.13064291325114,5,48
10,2010,41,No commercial medium demersal fish,0.00284017405096258,4,30
10,2010,35,Scorpaenidae,0.0167211181052104,7,72
10,2010,25,European conger,0.00527671125373279,7,72
10,2010,49,Rays and skates,0.0309079517905935,6,64
10,2010,57,Other benthic cephalopods,0.017427617994638,7,72
10,2010,19,Anchovy,0.218498092331022,5,48
10,2010,45,No commercial small demersal fish,0.100764333532699,7,72
10,2010,55,Benthopelagic cephalopods,0.0508123762008923,7,72
10,2010,24,Anglerfish,0.0255014928976594,7,72
10,2010,26,European hake juv.,0.0888110532333894,7,72
10,2010,43,Mullets,0.00741520254952251,5,48
10,2010,54,Coastal benthic cephalopods,0.00361193184904929,4,30
10,2010,31,Common pandora,0.00482314767468426,5,48
10,2010,18,Sardine,0.0113293137626425,4,30
10,2010,20,Round sardinella,0.00158469818543368,3,16
10,2010,37,Labridae and serranidae+,0.00295076212403144,4,30
10,2010,21,Other small pelagic fish,0.0117588350651433,4,30
10,2010,65,Other commercial decapods,0.000823640158281878,5,48
10,2010,16,Horse mackerels,0.609247227172276,5,48
10,2011,55,Benthopelagic cephalopods,0.0715951707110974,7,72
10,2011,70,Corals and gorgonians,0.000133570162556455,7,72
10,2011,67,Other macro-benthos,0.00178546888532882,7,72
10,2011,44,Commercial small demersal fish,7.33669909404391e-05,4,40
10,2011,38,Flatfishes,0.0322204804996282,7,72
10,2011,58,Benthic mollusc,0.000538348958652655,7,72
10,2011,33,Sparidae+,0.228826351564036,5,48
10,2011,45,No commercial small demersal fish,0.0851662659841306,7,72
10,2011,41,No commercial medium demersal fish,0.00590741722495941,5,48
10,2011,35,Scorpaenidae,0.0207213544827539,7,72
10,2011,66,Non-commercial decapods,0.196523047105215,7,72
10,2011,57,Other benthic cephalopods,0.013305378533036,7,72
10,2011,19,Anchovy,0.560972379062145,4,30
10,2011,24,Anglerfish,0.0243774113132902,7,72
10,2011,26,European hake juv.,0.0819361802746998,7,72
10,2011,49,Rays and skates,0.0105943340971365,5,48
10,2011,54,Coastal benthic cephalopods,0.00491649770786918,5,48
10,2011,31,Common pandora,0.0129200916005939,5,48
10,2011,68,Jellyfish,0.0128113215171343,7,72
10,2011,18,Sardine,0.0199957070881183,4,30
10,2011,20,Round sardinella,0.0037495264330042,4,30
10,2011,37,Labridae and serranidae+,0.00828155065284153,5,48
10,2011,21,Other small pelagic fish,0.0164816212908355,6,71
10,2011,65,Other commercial decapods,0.000653134866602292,4,34
10,2011,16,Horse mackerels,0.492563324759853,7,72
10,2012,58,Benthic mollusc,0.0083528059067783,7,72
10,2012,67,Other macro-benthos,0.00393246504527106,7,72
10,2012,70,Corals and gorgonians,0.000227271996992522,7,72
10,2012,55,Benthopelagic cephalopods,0.0335843053932807,7,72
10,2012,44,Commercial small demersal fish,3.5411630956104e-05,4,30
10,2012,38,Flatfishes,0.0184404018206252,7,72
10,2012,45,No commercial small demersal fish,0.0431854437395455,7,72
10,2012,33,Sparidae+,0.178076567908312,5,48
10,2012,41,No commercial medium demersal fish,0.00357546894788455,4,30
10,2012,35,Scorpaenidae,0.0158370976683606,7,72
10,2012,25,European conger,0.00353454220373329,7,72
10,2012,66,Non-commercial decapods,0.135733773627163,7,72
10,2012,39,Other commercial shallow medium demersal fish,0.0100638856236179,5,48
10,2012,57,Other benthic cephalopods,0.0173391305070746,7,72
10,2012,19,Anchovy,0.0987061864991832,4,30
10,2012,26,European hake juv.,0.0685447771004802,7,72
10,2012,43,Mullets,0.0159298590693179,5,48
10,2012,48,Small demersal sharks,0.129232223647019,6,64
10,2012,49,Rays and skates,0.014260896095032,5,48
10,2012,54,Coastal benthic cephalopods,0.00304949717143345,4,30
10,2012,31,Common pandora,0.0105672813483978,4,30
10,2012,18,Sardine,0.0160582066708347,4,30
10,2012,20,Round sardinella,0.000263391091785523,2,8
10,2012,37,Labridae and serranidae+,0.00282481808080622,4,30
10,2012,17,Other medium pelagic fishes,0.000594127357412965,2,8
10,2012,21,Other small pelagic fish,0.0257506376239992,4,30
10,2012,65,Other commercial decapods,0.000160681359026145,4,30
10,2012,16,Horse mackerels,0.279374863751289,5,48
10,2013,58,Benthic mollusc,0.000770567722471056,7,71
10,2013,70,Corals and gorgonians,0.000137770917202611,7,71
10,2013,55,Benthopelagic cephalopods,0.0229483958446665,7,71
10,2013,17,Other medium pelagic fishes,0.0211211116370035,2,8
10,2013,67,Other macro-benthos,0.00146863049736059,7,71
10,2013,44,Commercial small demersal fish,1.26317726066016e-05,3,15
10,2013,38,Flatfishes,0.0629756827904912,7,71
10,2013,45,No commercial small demersal fish,0.0727168862323215,7,71
10,2013,33,Sparidae+,0.117796922469739,5,47
10,2013,41,No commercial medium demersal fish,0.068764400488772,5,47
10,2013,35,Scorpaenidae,0.018297405958742,7,71
10,2013,66,Non-commercial decapods,0.198541627913366,7,71
10,2013,57,Other benthic cephalopods,0.00947852426882359,7,71
10,2013,19,Anchovy,1.37947987571215,4,29
10,2013,36,Groupers,0.00595748147337302,3,15
10,2013,26,European hake juv.,0.0933729036917135,7,71
10,2013,43,Mullets,0.0104071863028963,5,47
10,2013,54,Coastal benthic cephalopods,0.00325337678145341,4,29
10,2013,31,Common pandora,0.00553718406246904,4,29
10,2013,68,Jellyfish,0.351682513573302,7,71
10,2013,49,Rays and skates,0.0141693941883511,7,71
10,2013,18,Sardine,0.79058962564792,4,29
10,2013,15,Mackerels,0.00324678319461312,4,29
10,2013,37,Labridae and serranidae+,0.0016492805568179,4,29
10,2013,21,Other small pelagic fish,0.0157849380996553,4,29
10,2013,65,Other commercial decapods,0.000309766824990036,4,29
10,2013,16,Horse mackerels,0.255600058464016,5,47
10,2013,39,Other commercial shallow medium demersal fish,0.00189475224673036,5,47
10,2014,58,Benthic mollusc,0.000273023562087317,6,71
10,2014,70,Corals and gorgonians,0.000133197998600367,7,72
10,2014,55,Benthopelagic cephalopods,0.05985769559646,7,72
10,2014,17,Other medium pelagic fishes,0.00271833309210585,2,8
10,2014,38,Flatfishes,0.109651540986153,7,72
10,2014,67,Other macro-benthos,0.000904115228659016,7,72
10,2014,41,No commercial medium demersal fish,0.0267816215367436,4,30
10,2014,45,No commercial small demersal fish,0.0685825390983165,7,72
10,2014,33,Sparidae+,0.0855727566032718,5,48
10,2014,35,Scorpaenidae,0.0133857191935643,7,72
10,2014,66,Non-commercial decapods,0.145995451243689,7,72
10,2014,49,Rays and skates,0.0143603817794019,6,64
10,2014,57,Other benthic cephalopods,0.00359137636426009,7,72
10,2014,19,Anchovy,0.674266896433817,4,30
10,2014,26,European hake juv.,0.0785154341878671,7,72
10,2014,43,Mullets,0.0144846497456935,4,30
10,2014,54,Coastal benthic cephalopods,0.00289711400793247,4,30
10,2014,31,Common pandora,0.00407307770986681,5,48
10,2014,59,Deep-water rose shrimp,0.010493655485904,7,72
10,2014,68,Jellyfish,0.0389972644103688,7,72
10,2014,18,Sardine,0.0717947181402407,4,30
10,2014,20,Round sardinella,0.00534012391900699,3,22
10,2014,15,Mackerels,0.0048430039660434,4,30
10,2014,14,Other large pelagic fishes,0.00202945548830753,2,8
10,2014,37,Labridae and serranidae+,0.000785950845983318,4,30
10,2014,21,Other small pelagic fish,0.00708454351054211,4,30
10,2014,65,Other commercial decapods,0.0010802800364086,4,30
10,2014,50,Torpedos,0.0005833632319923,2,8
10,2014,16,Horse mackerels,0.37845827849479,5,48
10,2014,39,Other commercial shallow medium demersal fish,0.00479505726475626,5,48
10,2015,58,Benthic mollusc,0.00519971926363816,7,72
10,2015,70,Corals and gorgonians,8.97873447518748e-05,7,72
10,2015,55,Benthopelagic cephalopods,0.0837033730667976,7,72
10,2015,17,Other medium pelagic fishes,0.00142224321911068,3,16
10,2015,38,Flatfishes,0.0122195770388461,7,72
10,2015,67,Other macro-benthos,0.000659947126901829,7,72
10,2015,45,No commercial small demersal fish,0.0249719538996817,7,72
10,2015,33,Sparidae+,0.0849530515539234,5,48
10,2015,41,No commercial medium demersal fish,0.00290206268888833,4,30
10,2015,35,Scorpaenidae,0.00985486789954128,7,72
10,2015,66,Non-commercial decapods,0.107718622117267,7,72
10,2015,49,Rays and skates,0.00931193289729898,5,57
10,2015,57,Other benthic cephalopods,0.00826164106875247,7,72
10,2015,19,Anchovy,0.720776416649389,5,48
10,2015,36,Groupers,2.64440948261091e-05,2,8
10,2015,26,European hake juv.,0.0653254468527336,7,72
10,2015,43,Mullets,0.0129099822873581,5,48
10,2015,54,Coastal benthic cephalopods,0.000426658883911571,3,16
10,2015,31,Common pandora,0.00800370630351341,5,48
10,2015,18,Sardine,0.467686868196746,4,30
10,2015,20,Round sardinella,0.00188792354559847,4,30
10,2015,37,Labridae and serranidae+,0.00295899787288143,4,30
10,2015,65,Other commercial decapods,0.000127630050565987,4,30
10,2015,16,Horse mackerels,0.376826846231796,5,48
10,2015,39,Other commercial shallow medium demersal fish,0.00225224156480244,5,48
10,2016,70,Corals and gorgonians,0.000134237704969389,6,71
10,2016,55,Benthopelagic cephalopods,0.0545761979961449,7,72
10,2016,44,Commercial small demersal fish,3.86484059007039e-07,2,8
10,2016,38,Flatfishes,0.0769945012526731,7,72
10,2016,67,Other macro-benthos,0.00117776792115468,7,72
10,2016,41,No commercial medium demersal fish,0.0133765536612534,5,48
10,2016,45,No commercial small demersal fish,0.0686677713830003,7,72
10,2016,58,Benthic mollusc,0.00752094431727599,7,72
10,2016,33,Sparidae+,0.14282677840687,5,48
10,2016,35,Scorpaenidae,0.0123762295851151,7,72
10,2016,25,European conger,0.00377051602391954,7,72
10,2016,66,Non-commercial decapods,0.0822967203682254,7,72
10,2016,49,Rays and skates,0.0187025428615438,5,48
10,2016,57,Other benthic cephalopods,0.00277692667275361,7,72
10,2016,19,Anchovy,0.167320940936261,4,30
10,2016,26,European hake juv.,0.0973577809812603,7,72
10,2016,43,Mullets,0.0299659680534257,5,48
10,2016,54,Coastal benthic cephalopods,0.00200349750010471,4,30
10,2016,31,Common pandora,0.0066071107649692,5,48
10,2016,18,Sardine,0.0513044158928171,4,30
10,2016,20,Round sardinella,0.0025985283525113,2,8
10,2016,15,Mackerels,0.00554964443484077,3,22
10,2016,37,Labridae and serranidae+,0.00160103307870509,4,30
10,2016,21,Other small pelagic fish,0.0113292383372471,4,30
10,2016,65,Other commercial decapods,0.000603608586263228,4,30
10,2016,50,Torpedos,0.000692148670098013,2,8
10,2016,16,Horse mackerels,0.32661164304183,5,48
10,2016,39,Other commercial shallow medium demersal fish,0.002412002534264,5,48
10,2017,58,Benthic mollusc,0.00267005459790835,7,72
10,2017,70,Corals and gorgonians,9.4017020009301e-05,7,72
10,2017,55,Benthopelagic cephalopods,0.0473026753436912,7,72
10,2017,67,Other macro-benthos,0.00104689547222446,7,72
10,2017,38,Flatfishes,0.0686428059227725,7,72
10,2017,41,No commercial medium demersal fish,0.020652479226864,7,72
10,2017,33,Sparidae+,0.132200099552348,5,48
10,2017,35,Scorpaenidae,0.0156527061162911,7,72
10,2017,25,European conger,0.00234545346375848,7,72
10,2017,66,Non-commercial decapods,0.0586963200165324,7,72
10,2017,45,No commercial small demersal fish,0.0607241830903862,7,72
10,2017,57,Other benthic cephalopods,0.00422977989259703,7,72
10,2017,19,Anchovy,0.89299545022419,4,30
10,2017,26,European hake juv.,0.0534812179587404,7,72
10,2017,43,Mullets,0.0145584104081618,5,48
10,2017,49,Rays and skates,0.0101368006100205,6,71
10,2017,54,Coastal benthic cephalopods,0.00790294961661846,5,53
10,2017,31,Common pandora,0.0077258985493188,4,30
10,2017,59,Deep-water rose shrimp,0.0135181822901026,7,72
10,2017,18,Sardine,0.045611057814775,4,30
10,2017,20,Round sardinella,0.00160094714405764,2,8
10,2017,42,Salema,8.95827889007426e-05,3,22
10,2017,15,Mackerels,0.000743114151523319,2,8
10,2017,37,Labridae and serranidae+,0.00132374220999033,4,30
10,2017,17,Other medium pelagic fishes,0.0144296880361318,3,16
10,2017,21,Other small pelagic fish,0.0110048556978846,5,48
10,2017,65,Other commercial decapods,0.00126517969515152,5,48
10,2017,16,Horse mackerels,0.688286341529193,5,48
10,2017,39,Other commercial shallow medium demersal fish,0.00358149311062663,7,72
10,2018,70,Corals and gorgonians,0.000128850124793065,7,72
10,2018,55,Benthopelagic cephalopods,0.0428024696121222,7,72
10,2018,17,Other medium pelagic fishes,0.00135578407457876,3,16
10,2018,67,Other macro-benthos,0.00316599383065756,7,72
10,2018,58,Benthic mollusc,0.0159006268298636,6,71
10,2018,38,Flatfishes,0.0595376325284665,7,72
10,2018,45,No commercial small demersal fish,0.116424813072017,7,72
10,2018,33,Sparidae+,0.166270763630565,6,71
10,2018,54,Coastal benthic cephalopods,0.0051320507205586,5,48
10,2018,41,No commercial medium demersal fish,0.00381457301742865,6,71
10,2018,35,Scorpaenidae,0.0153627408855976,7,72
10,2018,25,European conger,0.0235179414086674,7,72
10,2018,57,Other benthic cephalopods,0.00891782515258281,7,72
10,2018,19,Anchovy,0.487326982824961,5,48
10,2018,66,Non-commercial decapods,0.0736868527675473,7,72
10,2018,26,European hake juv.,0.0731573957629559,7,72
10,2018,43,Mullets,0.0174350970615073,5,48
10,2018,48,Small demersal sharks,0.0972880697413796,5,52
10,2018,49,Rays and skates,0.0175533017363514,7,72
10,2018,31,Common pandora,0.00838728530258735,6,71
10,2018,18,Sardine,0.0531938475809069,4,36
10,2018,20,Round sardinella,0.000271731641700277,2,8
10,2018,37,Labridae and serranidae+,0.00398630737460008,5,48
10,2018,21,Other small pelagic fish,0.0185212926043769,6,71
10,2018,65,Other commercial decapods,0.000157476791012205,4,43
10,2018,16,Horse mackerels,0.372247964506519,7,72
10,2018,39,Other commercial shallow medium demersal fish,0.00925567071384181,7,72
10,2019,58,Benthic mollusc,0.00230505674936531,7,72
10,2019,70,Corals and gorgonians,8.61031831998477e-05,7,72
10,2019,55,Benthopelagic cephalopods,0.166949109663623,7,72
10,2019,38,Flatfishes,0.0706532578317848,7,72
10,2019,67,Other macro-benthos,0.000724453457546623,7,72
10,2019,66,Non-commercial decapods,0.0712076734156136,7,72
10,2019,45,No commercial small demersal fish,0.104744897812905,7,72
10,2019,33,Sparidae+,0.182686058414405,6,71
10,2019,41,No commercial medium demersal fish,0.00234595224994773,5,48
10,2019,35,Scorpaenidae,0.0125705383944894,7,72
10,2019,39,Other commercial shallow medium demersal fish,0.0115686512027501,7,72
10,2019,76,Macroalgae,1.47923188275057e-05,4,30
10,2019,57,Other benthic cephalopods,0.007154378782957,7,72
10,2019,19,Anchovy,0.541831099843438,4,30
10,2019,26,European hake juv.,0.431513592409182,7,72
10,2019,43,Mullets,0.0197967738860557,5,48
10,2019,54,Coastal benthic cephalopods,0.00344971446782179,5,48
10,2019,31,Common pandora,0.0124990230308237,4,30
10,2019,49,Rays and skates,0.014087024101978,6,71
10,2019,18,Sardine,0.0385482218220739,4,30
10,2019,20,Round sardinella,0.0036028657218312,4,30
10,2019,37,Labridae and serranidae+,0.00295907268842603,5,48
10,2019,17,Other medium pelagic fishes,0.0214441204882433,2,8
10,2019,21,Other small pelagic fish,0.0713456922777951,5,48
10,2019,16,Horse mackerels,0.501626402101425,5,48
10,2020,55,Benthopelagic cephalopods,0.0274189287178943,7,39
10,2020,41,No commercial medium demersal fish,0.00561156586063692,6,38
10,2020,33,Sparidae+,0.343542499624856,5,26
10,2020,54,Coastal benthic cephalopods,0.00912591401984568,5,26
10,2020,57,Other benthic cephalopods,0.00119123118638938,5,26
10,2020,19,Anchovy,0.258760109402275,4,17
10,2020,38,Flatfishes,0.015425677675725,5,29
10,2020,26,European hake juv.,0.0546958297966954,7,39
10,2020,43,Mullets,0.080649196166189,5,26
10,2020,31,Common pandora,0.0184003588926062,4,17
10,2020,18,Sardine,0.459799782376321,3,8
10,2020,20,Round sardinella,0.13645454556913,3,8
10,2020,15,Mackerels,0.0138778567091247,3,8
10,2020,21,Other small pelagic fish,0.0266082264254405,4,17
10,2020,16,Horse mackerels,1.95705199661934,5,26
10,2021,58,Benthic mollusc,1.17811801554669e-05,4,40
10,2021,70,Corals and gorgonians,4.0642897728548e-05,6,71
10,2021,67,Other macro-benthos,0.000386193827729345,7,72
10,2021,45,No commercial small demersal fish,0.0382678207170591,7,72
10,2021,33,Sparidae+,0.119900516992429,5,48
10,2021,38,Flatfishes,0.047236611284748,5,50
10,2021,35,Scorpaenidae,0.010509373266587,7,72
10,2021,25,European conger,0.00656304028431611,6,54
10,2021,66,Non-commercial decapods,0.0407272997773274,5,50
10,2021,57,Other benthic cephalopods,0.00135435968601403,7,72
10,2021,19,Anchovy,0.0330279724351477,4,30
10,2021,22,Benthopelagic fishes,0.0319875307272338,6,64
10,2021,55,Benthopelagic cephalopods,0.076070963694615,7,72
10,2021,26,European hake juv.,0.0978741266489356,7,72
10,2021,43,Mullets,0.0184289604866962,5,48
10,2021,49,Rays and skates,0.019144982045499,5,63
10,2021,54,Coastal benthic cephalopods,0.00441162865736064,4,30
10,2021,31,Common pandora,0.0073121164635609,5,48
10,2021,69,Salps and other gelatinous zooplankton,5.17144684885183e-05,4,49
10,2021,18,Sardine,0.132172236350682,5,48
10,2021,20,Round sardinella,0.00530036170654644,4,30
10,2021,37,Labridae and serranidae+,0.00146299449052348,4,30
10,2021,17,Other medium pelagic fishes,0.00106797014516338,2,8
10,2021,21,Other small pelagic fish,0.0383556444095797,5,48
10,2021,65,Other commercial decapods,0.000405489443793423,5,63
10,2021,41,No commercial medium demersal fish,0.00134110653674068,4,30
10,2021,16,Horse mackerels,0.222449518729588,5,48
10,2021,39,Other commercial shallow medium demersal fish,0.00848006615748208,7,72
10,2023,55,Benthopelagic cephalopods,0.0646913409079173,7,58
10,2023,44,Commercial small demersal fish,0.000126316352023919,6,51
10,2023,67,Other macro-benthos,0.000786641411521806,7,58
10,2023,41,No commercial medium demersal fish,0.0619514831931863,5,41
10,2023,33,Sparidae+,0.189907173823791,5,41
10,2023,54,Coastal benthic cephalopods,0.00160734352398834,5,41
10,2023,35,Scorpaenidae,0.0136347256676411,7,58
10,2023,25,European conger,0.00368552072717199,7,58
10,2023,34,Common dentex,0.000295733427332161,3,14
10,2023,19,Anchovy,3.37085229358841,4,26
10,2023,45,No commercial small demersal fish,0.0184693232006081,7,58
10,2023,26,European hake juv.,0.118937517812641,7,58
10,2023,43,Mullets,0.0160216906649373,5,41
10,2023,49,Rays and skates,0.0109222598662291,4,34
10,2023,31,Common pandora,0.0156513425590714,4,26
10,2023,59,Deep-water rose shrimp,0.00895528844332395,7,58
10,2023,58,Benthic mollusc,0.000160856005624645,7,58
10,2023,57,Other benthic cephalopods,0.00183151136366305,7,58
10,2023,18,Sardine,0.147945735609922,3,14
10,2023,20,Round sardinella,0.206792566023321,3,14
10,2023,14,Other large pelagic fishes,0.00839114911988223,3,14
10,2023,37,Labridae and serranidae+,0.00026092605054051,5,41
10,2023,38,Flatfishes,0.00323677255587182,7,58
10,2023,17,Other medium pelagic fishes,0.00311381545514773,3,14
10,2023,21,Other small pelagic fish,0.00764678359879935,4,26
10,2023,65,Other commercial decapods,0.000637492814726326,5,42
10,2023,16,Horse mackerels,0.707307128726438,5,41
10,2023,39,Other commercial shallow medium demersal fish,0.00639323297358602,5,41
10,1995,24,Anglerfish,0.0247634678238447,6,86
10,1995,32,Blackspot seabream,0.00144160796716967,5,76
10,1996,24,Anglerfish,0.00702262866900051,6,86
10,1996,32,Blackspot seabream,0.0027987019066231,4,57
10,1996,21,Other small pelagic fish,0.0118884614234452,3,35
10,1997,32,Blackspot seabream,0.00075878787205906,5,76
10,1998,32,Blackspot seabream,0.000914004079947961,5,76
10,1999,40,Other commercial deep medium demersal fish,0.0258949546864645,6,85
10,1999,24,Anglerfish,0.00347789076152809,6,85
10,1999,32,Blackspot seabream,0.00674429771480743,6,85
10,1999,62,Caramote prawn,0.000399027061680065,1,8
10,2000,32,Blackspot seabream,0.00533056054144242,6,86
10,2001,66,Non-commercial decapods,0.0435527904584204,6,86
10,2001,32,Blackspot seabream,0.00141792823375074,6,86
10,2002,24,Anglerfish,0.00458628119280516,6,71
10,2002,32,Blackspot seabream,0.00182818340802091,4,47
10,2002,62,Caramote prawn,9.49528484711239e-05,1,7
10,2003,32,Blackspot seabream,0.000286463441655462,6,71
10,2004,32,Blackspot seabream,0.00169356293852047,6,71
10,2005,66,Non-commercial decapods,0.0930159985498462,6,71
10,2005,32,Blackspot seabream,0.00688118608883994,6,71
10,2006,43,Mullets,0.00831132669555424,4,47
10,2007,32,Blackspot seabream,0.00131932694746538,6,71
10,2008,32,Blackspot seabream,0.0060463638644439,6,71
10,2009,24,Anglerfish,0.017599557290279,6,71
10,2009,32,Blackspot seabream,0.00383256919499632,6,71
10,2009,29,Poor cod,0.000298521184056705,3,29
10,2010,66,Non-commercial decapods,0.166413097940797,6,71
10,2010,32,Blackspot seabream,0.0100675360840409,6,71
10,2011,43,Mullets,0.0058489741325204,4,47
10,2011,32,Blackspot seabream,0.00901986325916602,6,71
10,2011,79,Detritus,3.25052666532431e-05,5,70
10,2012,79,Detritus,0.000723927160378542,5,70
10,2013,32,Blackspot seabream,0.00383813365243775,6,70
10,2013,79,Detritus,0.000464159212036615,4,62
10,2014,32,Blackspot seabream,0.000724705213067515,4,47
10,2015,74,Posidonia,1.76310437659985e-06,1,7
10,2015,21,Other small pelagic fish,0.0172055434556504,5,70
10,2016,75,Cymodocea,5.49215263979283e-06,1,7
10,2016,40,Other commercial deep medium demersal fish,0.0152997096955098,5,63
10,2016,32,Blackspot seabream,0.00416950518148973,6,71
10,2016,74,Posidonia,5.36191570107891e-05,4,47
10,2016,68,Jellyfish,0.0121454648370845,4,47
10,2017,62,Caramote prawn,2.44800170995972e-05,1,7
10,2018,46,Bathydemersal (deep sea) fish,0.00734967537924892,5,63
10,2019,60,Blue and red shrimp,0.021526571090025,3,31
10,2019,24,Anglerfish,0.00812637184657758,6,71
10,2019,46,Bathydemersal (deep sea) fish,0.00182465116815831,5,63
10,2019,32,Blackspot seabream,0.00293178791074586,6,71
10,2020,35,Scorpaenidae,0.0109753412078084,6,38
10,2023,66,Non-commercial decapods,0.0145039429114919,6,57
10,1994,17,Other medium pelagic fishes,0.00123408122822754,1,10
10,1994,45,No commercial small demersal fish,0.0699210091171284,4,61
10,1994,22,Benthopelagic fishes,0.0949362345988025,5,78
10,1994,24,Anglerfish,0.0117794739960512,5,78
10,1994,32,Blackspot seabream,0.00219675934408295,5,78
10,1994,39,Other commercial shallow medium demersal fish,0.00114687622422466,4,77
10,1994,29,Poor cod,0.000652015654204644,2,27
10,1995,58,Benthic mollusc,0.000264787979028425,1,10
10,1995,46,Bathydemersal (deep sea) fish,0.0695602419237068,5,78
10,1995,40,Other commercial deep medium demersal fish,0.0216184475313925,5,78
10,1995,22,Benthopelagic fishes,0.0807951761808102,5,78
10,1995,59,Deep-water rose shrimp,0.00536495363116516,5,78
10,1995,15,Mackerels,0.000368158661532014,1,10
10,1995,29,Poor cod,0.000587914340330375,2,27
10,1996,46,Bathydemersal (deep sea) fish,0.00746448736478685,5,78
10,1996,25,European conger,0.00137465331037652,5,78
10,1996,22,Benthopelagic fishes,0.0770690599986595,5,78
10,1996,66,Non-commercial decapods,0.0625125007628899,5,78
10,1996,59,Deep-water rose shrimp,0.00330788745245365,5,78
10,1996,40,Other commercial deep medium demersal fish,0.0191204834810163,5,78
10,1996,29,Poor cod,0.000539938676485252,2,27
10,1997,46,Bathydemersal (deep sea) fish,0.0057235486557174,5,78
10,1997,34,Common dentex,0.00109763950340791,1,10
10,1997,40,Other commercial deep medium demersal fish,0.0295444346430088,5,78
10,1997,22,Benthopelagic fishes,0.113821714269591,5,78
10,1997,24,Anglerfish,0.0182517336663667,5,78
10,1997,59,Deep-water rose shrimp,0.00837168072788758,5,78
10,1997,29,Poor cod,0.0017032284519824,2,27
10,1998,40,Other commercial deep medium demersal fish,0.0322567370677885,5,78
10,1998,66,Non-commercial decapods,0.0882858286226585,5,78
10,1998,22,Benthopelagic fishes,0.088491137821396,5,78
10,1998,24,Anglerfish,0.020192466580464,5,78
10,1998,59,Deep-water rose shrimp,0.0124090049356179,5,78
10,1998,29,Poor cod,0.00104732441316049,2,27
10,1999,46,Bathydemersal (deep sea) fish,0.0229734460686432,5,77
10,1999,22,Benthopelagic fishes,0.082716617324182,5,77
10,1999,59,Deep-water rose shrimp,0.0211513105452353,5,77
10,1999,29,Poor cod,0.00191208707989207,2,27
10,2000,46,Bathydemersal (deep sea) fish,0.0242124816705585,5,78
10,2000,36,Groupers,0.00244039213215559,1,10
10,2000,22,Benthopelagic fishes,0.106903796565885,5,78
10,2000,24,Anglerfish,0.00924167275586469,3,49
10,2000,59,Deep-water rose shrimp,0.0168282381092149,5,78
10,2000,40,Other commercial deep medium demersal fish,0.0233612636047411,5,78
10,2000,15,Mackerels,0.000575466836742799,2,27
10,2000,50,Torpedos,0.000730640660254497,3,49
10,2000,29,Poor cod,0.00277428471492591,2,27
10,2001,46,Bathydemersal (deep sea) fish,0.0168952585871202,5,78
10,2001,40,Other commercial deep medium demersal fish,0.0262346364157073,5,78
10,2001,59,Deep-water rose shrimp,0.0144670970803076,5,78
10,2001,29,Poor cod,0.00136765023531113,2,27
10,2002,36,Groupers,0.0050138684262423,1,8
10,2002,46,Bathydemersal (deep sea) fish,0.0515602569168177,5,64
10,2002,59,Deep-water rose shrimp,0.0053394053417396,5,64
10,2002,40,Other commercial deep medium demersal fish,0.0148005292847827,5,64
10,2002,15,Mackerels,0.000348325314962911,1,8
10,2002,29,Poor cod,0.00088373689163834,3,40
10,2003,25,European conger,0.00340250236844313,5,64
10,2003,40,Other commercial deep medium demersal fish,0.0166375501954596,5,64
10,2003,59,Deep-water rose shrimp,0.00959992294628377,5,64
10,2003,14,Other large pelagic fishes,0.00809314075669463,1,8
10,2003,29,Poor cod,0.000499777238159739,2,22
10,2004,46,Bathydemersal (deep sea) fish,0.0328383453080249,5,64
10,2004,22,Benthopelagic fishes,0.0502913031795078,5,64
10,2004,59,Deep-water rose shrimp,0.0155628656654773,5,64
10,2004,40,Other commercial deep medium demersal fish,0.0210900881693706,5,64
10,2004,29,Poor cod,0.000296786015370831,2,22
10,2004,39,Other commercial shallow medium demersal fish,0.00382472327985725,3,40
10,2005,44,Commercial small demersal fish,9.20248499121511e-06,1,8
10,2005,25,European conger,0.00527693189831212,5,64
10,2005,46,Bathydemersal (deep sea) fish,0.0162508348096688,5,64
10,2005,24,Anglerfish,0.00728980530156361,5,64
10,2005,59,Deep-water rose shrimp,0.0250509793087769,5,64
10,2005,40,Other commercial deep medium demersal fish,0.0408980688003745,5,64
10,2005,15,Mackerels,0.00220510555724345,1,8
10,2005,29,Poor cod,0.00230171996044543,2,22
10,2006,46,Bathydemersal (deep sea) fish,0.0500419967848009,5,64
10,2006,44,Commercial small demersal fish,4.28046616385973e-05,3,40
10,2006,25,European conger,0.0121488641769741,4,46
10,2006,40,Other commercial deep medium demersal fish,0.0371963440800964,5,64
10,2006,24,Anglerfish,0.0119394771624891,5,64
10,2006,32,Blackspot seabream,0.00620644805666851,5,64
10,2006,59,Deep-water rose shrimp,0.0316116832813886,5,64
10,2006,29,Poor cod,0.00219238795165609,3,40
10,2007,46,Bathydemersal (deep sea) fish,0.00704421405639925,5,64
10,2007,40,Other commercial deep medium demersal fish,0.0253741760955399,5,64
10,2007,22,Benthopelagic fishes,0.0392093376380922,5,64
10,2007,24,Anglerfish,0.0160238789197416,5,64
10,2007,63,Norway lobster,0.00297459379040935,4,50
10,2007,64,European lobster,0.00032910225569396,1,8
10,2007,59,Deep-water rose shrimp,0.00967876883952946,5,64
10,2007,29,Poor cod,0.00192088907849249,3,40
10,2008,25,European conger,0.00173867734158661,5,64
10,2008,59,Deep-water rose shrimp,0.0134590499761245,5,64
10,2008,49,Rays and skates,0.00707628732634387,3,41
10,2008,66,Non-commercial decapods,0.0528865232411318,5,64
10,2008,29,Poor cod,0.00165787117945372,3,41
10,2009,40,Other commercial deep medium demersal fish,0.0443818659030291,5,64
10,2009,46,Bathydemersal (deep sea) fish,0.0336221425755967,5,64
10,2009,59,Deep-water rose shrimp,0.017071539963608,5,64
10,2009,49,Rays and skates,0.0100223406675415,3,40
10,2010,46,Bathydemersal (deep sea) fish,0.346507282704137,5,64
10,2010,36,Groupers,0.002793873731663,1,8
10,2010,59,Deep-water rose shrimp,0.0290677235611303,5,64
10,2010,29,Poor cod,0.00193135918189929,2,22
10,2010,39,Other commercial shallow medium demersal fish,0.00474203338820725,3,40
10,2011,46,Bathydemersal (deep sea) fish,0.111840012246444,5,64
10,2011,25,European conger,0.00178408564151268,5,64
10,2011,40,Other commercial deep medium demersal fish,0.0309797622829699,5,64
10,2011,22,Benthopelagic fishes,0.0977076787349852,5,64
10,2011,30,Blue whiting,0.00318185192829955,5,64
10,2011,59,Deep-water rose shrimp,0.0170531729322601,5,64
10,2011,15,Mackerels,0.000387094563490436,1,8
10,2011,29,Poor cod,0.00151296131249784,2,22
10,2011,39,Other commercial shallow medium demersal fish,0.00254026554003765,3,40
10,2012,46,Bathydemersal (deep sea) fish,0.0934655590832402,5,64
10,2012,40,Other commercial deep medium demersal fish,0.0231441484969752,5,64
10,2012,22,Benthopelagic fishes,0.0831490342063465,5,64
10,2012,24,Anglerfish,0.0185560534377141,5,64
10,2012,32,Blackspot seabream,0.0102097764618723,5,64
10,2012,59,Deep-water rose shrimp,0.0332086853999033,5,64
10,2012,68,Jellyfish,0.215415291720312,5,64
10,2012,29,Poor cod,0.00145838565016249,2,22
10,2013,46,Bathydemersal (deep sea) fish,0.0699798259030249,5,63
10,2013,25,European conger,0.00507162610923898,5,63
10,2013,40,Other commercial deep medium demersal fish,0.0365761651654961,5,63
10,2013,24,Anglerfish,0.00883337642599439,5,63
10,2013,48,Small demersal sharks,0.145357667485353,4,49
10,2013,59,Deep-water rose shrimp,0.0364306822130418,5,63
10,2013,29,Poor cod,0.000640157995621235,2,21
10,2014,44,Commercial small demersal fish,2.49874918236116e-06,1,8
10,2014,46,Bathydemersal (deep sea) fish,0.0637650515857099,5,64
10,2014,76,Macroalgae,8.242827990496e-06,2,26
10,2014,25,European conger,0.0125418887353268,3,32
10,2014,40,Other commercial deep medium demersal fish,0.0259835173221288,5,64
10,2014,24,Anglerfish,0.00535611969095587,5,64
10,2014,48,Small demersal sharks,0.134761812326167,4,50
10,2014,29,Poor cod,0.00139239893259395,2,22
10,2015,24,Anglerfish,0.0216200705900238,5,64
10,2015,32,Blackspot seabream,0.00306405825255498,5,64
10,2015,59,Deep-water rose shrimp,0.0080681848982063,5,64
10,2015,68,Jellyfish,0.10887211245507,5,64
10,2015,23,No commercial meso (bathy) pelagic fishes,0.0733882737247605,4,50
10,2015,29,Poor cod,0.000310470726860898,2,22
10,2016,24,Anglerfish,0.0423502502486089,5,64
10,2016,48,Small demersal sharks,0.193769294303341,5,64
10,2016,59,Deep-water rose shrimp,0.0196006454801697,5,64
10,2017,23,No commercial meso (bathy) pelagic fishes,0.027385985239479,5,64
10,2017,46,Bathydemersal (deep sea) fish,0.0298552237776443,5,64
10,2017,40,Other commercial deep medium demersal fish,0.0192730456180709,5,64
10,2017,73,Suprabenthos,2.97926408164607e-07,2,26
10,2017,24,Anglerfish,0.0182669910598356,5,64
10,2017,32,Blackspot seabream,0.00532313106966117,5,64
10,2017,69,Salps and other gelatinous zooplankton,9.69807955632826e-06,3,49
10,2017,68,Jellyfish,0.00834168815625409,1,8
10,2017,29,Poor cod,0.00175732234645364,2,22
10,2018,76,Macroalgae,3.04954147545718e-05,3,40
10,2018,24,Anglerfish,0.00627540216456907,3,40
10,2018,32,Blackspot seabream,0.00641641437260237,5,64
10,2018,59,Deep-water rose shrimp,0.012072887374515,5,64
10,2018,15,Mackerels,0.00135376530694729,2,20
10,2018,29,Poor cod,0.000675978425429151,3,40
10,2019,44,Commercial small demersal fish,0.00035634668394994,3,40
10,2019,25,European conger,0.00751628033926991,4,46
10,2019,75,Cymodocea,6.34298118901972e-06,3,40
10,2019,36,Groupers,0.00321896664179507,1,8
10,2019,73,Suprabenthos,8.57288644120496e-07,1,8
10,2019,22,Benthopelagic fishes,0.13093600416901,5,64
10,2019,28,Other commercial large demersal fish,0.000144651817354575,5,64
10,2019,74,Posidonia,7.89001759352532e-06,2,22
10,2019,29,Poor cod,0.000958093064770921,2,22
10,2020,25,European conger,0.0285672292842058,5,35
10,2020,22,Benthopelagic fishes,0.0229969163256969,5,35
10,2020,45,No commercial small demersal fish,0.0454860898147803,5,35
10,2020,30,Blue whiting,0.000277820620168713,2,13
10,2020,63,Norway lobster,0.000746264145525921,4,26
10,2020,32,Blackspot seabream,0.0218134994118522,2,13
10,2020,59,Deep-water rose shrimp,0.00725205916750424,5,35
10,2020,66,Non-commercial decapods,0.0104092614937241,4,26
10,2020,37,Labridae and serranidae+,0.00426813422306093,2,13
10,2020,65,Other commercial decapods,0.0023985838306002,3,25
10,2020,29,Poor cod,0.0030168216079877,3,25
10,2020,39,Other commercial shallow medium demersal fish,0.0176001249228419,3,22
10,2021,36,Groupers,0.00419003824980859,1,8
10,2021,24,Anglerfish,0.00934128242688168,3,40
10,2021,32,Blackspot seabream,0.00115876362084322,4,50
10,2021,59,Deep-water rose shrimp,0.00875095621854063,5,64
10,2021,29,Poor cod,0.000563932029104764,2,22
10,2023,70,Corals and gorgonians,3.99365753761773e-05,5,51
10,2023,22,Benthopelagic fishes,0.256251723100115,5,51
10,2023,24,Anglerfish,0.0107409257648592,5,51
10,2023,32,Blackspot seabream,0.000450985946325639,2,22
10,2023,29,Poor cod,0.000677554922537334,2,19
10,1994,46,Bathydemersal (deep sea) fish,0.0261126286119629,4,68
10,1994,56,Mesopelagic cephalopods,0.00312011918617666,3,46
10,1994,59,Deep-water rose shrimp,0.00523680860699926,4,68
10,1994,66,Non-commercial decapods,0.118305769880558,4,68
10,1994,40,Other commercial deep medium demersal fish,0.028471980267395,4,68
10,1994,47,Small-spotted catshark,0.000439311617218562,4,68
10,1995,30,Blue whiting,0.0122229300554456,4,68
10,1995,47,Small-spotted catshark,0.00112434472839045,4,68
10,1995,50,Torpedos,0.00013870991554843,1,17
10,1996,63,Norway lobster,0.00214015415268211,4,68
10,1996,50,Torpedos,0.000341848694952736,1,17
10,1997,23,No commercial meso (bathy) pelagic fishes,0.0542687149651137,4,68
10,1997,50,Torpedos,0.000287081068729712,2,45
10,1998,46,Bathydemersal (deep sea) fish,0.0266792898845736,4,68
10,1998,23,No commercial meso (bathy) pelagic fishes,0.103065275276626,4,68
10,1998,48,Small demersal sharks,0.208262098077149,4,68
10,1999,30,Blue whiting,0.00145465977580005,2,39
10,2000,56,Mesopelagic cephalopods,0.0112358286959684,4,68
10,2000,23,No commercial meso (bathy) pelagic fishes,0.0317456589311097,4,68
10,2001,56,Mesopelagic cephalopods,0.00909073005255779,4,68
10,2001,23,No commercial meso (bathy) pelagic fishes,0.0653355548469235,4,68
10,2002,23,No commercial meso (bathy) pelagic fishes,0.0274762332845291,4,56
10,2002,22,Benthopelagic fishes,0.0350186751276864,4,56
10,2002,58,Benthic mollusc,7.1259641956337e-07,1,14
10,2002,47,Small-spotted catshark,0.000775789319870494,2,32
10,2002,48,Small demersal sharks,0.0489088556560255,4,56
10,2002,50,Torpedos,0.000264078365525198,1,14
10,2003,46,Bathydemersal (deep sea) fish,0.0397280438262485,4,56
10,2003,22,Benthopelagic fishes,0.0320250050236349,4,56
10,2003,30,Blue whiting,0.00197050044699619,4,56
10,2003,15,Mackerels,0.00146747604726837,1,14
10,2004,23,No commercial meso (bathy) pelagic fishes,0.0413433998634509,4,56
10,2004,30,Blue whiting,0.00463851075094576,2,32
10,2004,49,Rays and skates,0.00319879649168674,2,32
10,2005,23,No commercial meso (bathy) pelagic fishes,0.0632284014422935,4,56
10,2005,56,Mesopelagic cephalopods,0.00813106630089529,4,56
10,2005,22,Benthopelagic fishes,0.0740455097687469,4,56
10,2005,30,Blue whiting,0.00735176910398635,4,56
10,2006,23,No commercial meso (bathy) pelagic fishes,0.0639615848588639,4,56
10,2006,22,Benthopelagic fishes,0.0528260122736384,4,56
10,2006,30,Blue whiting,0.0141966067512553,4,56
10,2006,28,Other commercial large demersal fish,0.0022514445895358,4,56
10,2006,15,Mackerels,0.000994228325921272,1,14
10,2006,47,Small-spotted catshark,0.00081375488045925,2,32
10,2007,23,No commercial meso (bathy) pelagic fishes,0.0383784794591559,4,56
10,2007,58,Benthic mollusc,1.97389791643221e-05,1,14
10,2007,15,Mackerels,0.000549973128363701,1,14
10,2007,48,Small demersal sharks,0.176445846500972,4,56
10,2008,46,Bathydemersal (deep sea) fish,0.0192855501507842,4,56
10,2008,40,Other commercial deep medium demersal fish,0.0328521786773472,4,56
10,2008,22,Benthopelagic fishes,0.0591181958559388,4,56
10,2008,23,No commercial meso (bathy) pelagic fishes,0.0507284873000043,4,56
10,2009,17,Other medium pelagic fishes,0.00209021534999767,1,14
10,2009,23,No commercial meso (bathy) pelagic fishes,0.0401994589736227,4,56
10,2009,22,Benthopelagic fishes,0.0588976621753181,4,56
10,2009,30,Blue whiting,0.0022090399511574,2,32
10,2009,47,Small-spotted catshark,0.00114347970872813,2,32
10,2010,44,Commercial small demersal fish,4.72533447601314e-06,1,14
10,2010,23,No commercial meso (bathy) pelagic fishes,0.0910105650509105,4,56
10,2010,40,Other commercial deep medium demersal fish,0.0399210948946881,4,56
10,2010,22,Benthopelagic fishes,0.11937142612932,4,56
10,2010,30,Blue whiting,0.00699844635903961,4,56
10,2010,50,Torpedos,9.32669513065175e-05,1,14
10,2011,63,Norway lobster,0.0037058058590468,4,56
10,2011,47,Small-spotted catshark,0.00170154507287487,2,32
10,2011,14,Other large pelagic fishes,0.000105645253869877,1,14
10,2011,50,Torpedos,0.000233422402552614,1,14
10,2012,23,No commercial meso (bathy) pelagic fishes,0.0431297213099504,4,56
10,2012,63,Norway lobster,0.00412110566797395,4,56
10,2012,15,Mackerels,0.000760384603109677,2,32
10,2012,50,Torpedos,0.000239108217256664,2,32
10,2013,76,Macroalgae,1.074249425385e-05,1,14
10,2013,23,No commercial meso (bathy) pelagic fishes,0.0551876750725964,4,56
10,2013,22,Benthopelagic fishes,0.0591733515051372,4,56
10,2013,30,Blue whiting,0.000733443080561029,2,32
10,2013,47,Small-spotted catshark,0.000862405936734305,2,32
10,2013,50,Torpedos,0.000239904250306064,1,14
10,2014,56,Mesopelagic cephalopods,0.0150729528500644,4,56
10,2014,23,No commercial meso (bathy) pelagic fishes,0.0268515936226136,4,56
10,2014,22,Benthopelagic fishes,0.052611852455719,4,56
10,2014,69,Salps and other gelatinous zooplankton,4.12521715048499e-05,2,37
10,2014,47,Small-spotted catshark,0.00160836316104913,2,32
10,2015,46,Bathydemersal (deep sea) fish,0.0633349155766662,4,56
10,2015,25,European conger,0.0106536269675101,4,56
10,2015,40,Other commercial deep medium demersal fish,0.0304248616298684,4,56
10,2015,22,Benthopelagic fishes,0.0958937340139858,4,56
10,2015,63,Norway lobster,0.00250128535307276,4,56
10,2015,15,Mackerels,0.000330907607839751,1,14
10,2015,47,Small-spotted catshark,0.00107120352586917,2,32
10,2016,46,Bathydemersal (deep sea) fish,0.0238295187874221,4,56
10,2016,17,Other medium pelagic fishes,4.96964406078473e-06,1,14
10,2016,23,No commercial meso (bathy) pelagic fishes,0.0808629078777029,4,56
10,2016,76,Macroalgae,1.29371163563773e-05,2,32
10,2016,22,Benthopelagic fishes,0.0595227145945332,4,56
10,2016,30,Blue whiting,0.000136281628883481,2,32
10,2016,47,Small-spotted catshark,0.00171909102210853,2,32
10,2016,29,Poor cod,0.000819205552325134,2,32
10,2017,22,Benthopelagic fishes,0.061796034262171,4,56
10,2017,64,European lobster,0.000151968605552348,1,14
10,2017,47,Small-spotted catshark,0.00323997398891969,2,32
10,2017,48,Small demersal sharks,0.22703074035281,4,56
10,2017,50,Torpedos,0.000411513338758944,2,32
10,2018,40,Other commercial deep medium demersal fish,0.0205966956806838,4,56
10,2018,22,Benthopelagic fishes,0.0633513176859831,4,56
10,2018,74,Posidonia,4.05573779920494e-06,1,12
10,2018,47,Small-spotted catshark,0.00168371548767706,4,56
10,2018,50,Torpedos,9.07764118010112e-06,1,12
10,2019,48,Small demersal sharks,0.066186267779598,4,56
10,2019,63,Norway lobster,0.00273747517623029,4,56
10,2019,59,Deep-water rose shrimp,0.0123014231239657,4,56
10,2019,40,Other commercial deep medium demersal fish,0.0169952975218805,4,56
10,2019,15,Mackerels,0.00238919203355553,1,14
10,2019,47,Small-spotted catshark,0.00104515021317752,4,56
10,2019,65,Other commercial decapods,2.03641186747655e-05,1,14
10,2019,50,Torpedos,3.08613950172285e-05,1,14
10,2020,46,Bathydemersal (deep sea) fish,0.00795433508776138,4,31
10,2020,44,Commercial small demersal fish,0.000346090737283804,4,31
10,2020,23,No commercial meso (bathy) pelagic fishes,0.0108818828613051,4,31
10,2020,48,Small demersal sharks,0.0385532842964061,4,31
10,2020,67,Other macro-benthos,8.74598919613964e-05,3,30
10,2020,24,Anglerfish,0.00126846372476132,2,18
10,2020,40,Other commercial deep medium demersal fish,0.00271470671203243,4,31
10,2020,49,Rays and skates,0.000323056005163672,1,9
10,2020,47,Small-spotted catshark,0.00201228700936264,2,18
10,2020,50,Torpedos,9.08223615435701e-05,1,9
10,2021,46,Bathydemersal (deep sea) fish,0.0161248111842152,4,56
10,2021,56,Mesopelagic cephalopods,0.00832395432089065,3,38
10,2021,40,Other commercial deep medium demersal fish,0.0149979692882021,4,56
10,2021,47,Small-spotted catshark,0.00168468928521888,4,56
10,2021,48,Small demersal sharks,0.0904789839750127,4,56
10,2021,23,No commercial meso (bathy) pelagic fishes,0.0542676187357318,4,56
10,2021,50,Torpedos,0.0010326287341069,1,14
10,2023,46,Bathydemersal (deep sea) fish,0.0185645150738397,4,44
10,2023,23,No commercial meso (bathy) pelagic fishes,0.0106432854188118,4,44
10,2023,48,Small demersal sharks,0.0293267349895804,4,44
10,2023,47,Small-spotted catshark,0.00388216469035141,2,27
10,1994,61,Giant red shrimp,0.152042862319727,3,51
10,1994,60,Blue and red shrimp,0.0743117185235489,3,51
10,1994,48,Small demersal sharks,0.0721500349709608,3,51
10,1994,23,No commercial meso (bathy) pelagic fishes,0.00256732635601075,3,51
10,1994,30,Blue whiting,0.008996808255323,3,51
10,1994,63,Norway lobster,0.00330044322188184,3,51
10,1995,61,Giant red shrimp,0.0755432062023648,3,51
10,1995,48,Small demersal sharks,0.051407508300065,3,51
10,1995,23,No commercial meso (bathy) pelagic fishes,0.0879667522937483,3,51
10,1995,10,Pelagic sharks,1.70621000446554e-05,1,23
10,1995,56,Mesopelagic cephalopods,0.00531275681968843,3,51
10,1995,28,Other commercial large demersal fish,0.00190471870180421,3,51
10,1995,63,Norway lobster,0.00238777825252616,3,51
10,1996,23,No commercial meso (bathy) pelagic fishes,0.052537342379897,3,51
10,1996,48,Small demersal sharks,0.0641583383923542,3,51
10,1996,30,Blue whiting,0.00561802293485868,3,51
10,1996,28,Other commercial large demersal fish,0.000696521266729473,3,51
10,1996,47,Small-spotted catshark,0.000263933853491129,1,22
10,1997,61,Giant red shrimp,0.144302784667289,3,51
10,1997,48,Small demersal sharks,0.156932470241041,3,51
10,1997,30,Blue whiting,0.00471441826445863,3,51
10,1997,63,Norway lobster,0.0025494193720008,3,51
10,1997,56,Mesopelagic cephalopods,0.00864973683398735,3,51
10,1997,47,Small-spotted catshark,0.000201387261658286,1,22
10,1998,44,Commercial small demersal fish,7.33497691020111e-07,1,22
10,1998,61,Giant red shrimp,0.11034826074175,3,51
10,1998,56,Mesopelagic cephalopods,0.00401855676326943,3,51
10,1998,30,Blue whiting,0.00304959444200156,3,51
10,1998,63,Norway lobster,0.00548879647206899,3,51
10,1998,47,Small-spotted catshark,7.77635454153035e-05,1,22
10,1999,61,Giant red shrimp,0.16881877305985,3,50
10,1999,48,Small demersal sharks,0.0974231105412223,3,50
10,1999,56,Mesopelagic cephalopods,0.00626612666162339,3,50
10,1999,28,Other commercial large demersal fish,0.000109573017130281,3,50
10,1999,63,Norway lobster,0.00460742334387924,3,50
10,1999,47,Small-spotted catshark,0.000531141722189297,1,22
10,2000,61,Giant red shrimp,0.143906669627029,3,51
10,2000,60,Blue and red shrimp,0.025600202924518,3,51
10,2000,48,Small demersal sharks,0.0609899409522993,3,51
10,2000,30,Blue whiting,0.0172055176286979,3,51
10,2000,28,Other commercial large demersal fish,7.00245754173571e-05,1,22
10,2000,63,Norway lobster,0.00246662930881597,3,51
10,2000,47,Small-spotted catshark,0.000576723707293966,3,51
10,2001,61,Giant red shrimp,0.095632608543939,3,51
10,2001,60,Blue and red shrimp,0.050864225633934,3,51
10,2001,48,Small demersal sharks,0.0895652679687636,3,51
10,2001,10,Pelagic sharks,0.00210471322997617,1,24
10,2001,30,Blue whiting,0.00829136878655957,3,51
10,2001,28,Other commercial large demersal fish,0.0020563194319238,3,51
10,2001,63,Norway lobster,0.00326563971127104,3,51
10,2001,47,Small-spotted catshark,0.000280304727565537,3,51
10,2001,50,Torpedos,9.42854153266736e-05,1,24
10,2002,56,Mesopelagic cephalopods,0.00385828736044467,3,42
10,2002,30,Blue whiting,0.00305133069995839,3,42
10,2002,63,Norway lobster,0.000719108440614091,3,42
10,2003,61,Giant red shrimp,0.115568644725331,3,42
10,2003,23,No commercial meso (bathy) pelagic fishes,0.0446332250141242,3,42
10,2003,48,Small demersal sharks,0.108843682972465,3,42
10,2003,28,Other commercial large demersal fish,0.000277480574253897,3,42
10,2003,63,Norway lobster,0.00152610661471281,3,42
10,2003,47,Small-spotted catshark,0.000435284616701892,1,18
10,2003,50,Torpedos,0.000221722298620445,1,18
10,2004,44,Commercial small demersal fish,2.96301167573791e-06,1,18
10,2004,61,Giant red shrimp,0.0774919428438408,3,42
10,2004,48,Small demersal sharks,0.116437434617896,3,42
10,2004,56,Mesopelagic cephalopods,0.0189561842201864,3,42
10,2004,28,Other commercial large demersal fish,0.000456226978430244,3,42
10,2004,63,Norway lobster,0.00317709437977802,3,42
10,2004,47,Small-spotted catshark,0.000574732368817439,1,18
10,2004,50,Torpedos,0.0001057788116622,1,18
10,2005,61,Giant red shrimp,0.199721653373066,3,42
10,2005,48,Small demersal sharks,0.141604523676279,3,42
10,2005,28,Other commercial large demersal fish,0.000495855916061133,3,42
10,2005,63,Norway lobster,0.00352970545291986,3,42
10,2005,47,Small-spotted catshark,0.00100172810695809,3,42
10,2005,50,Torpedos,0.000109053340770308,1,18
10,2006,61,Giant red shrimp,0.220167398430218,3,42
10,2006,56,Mesopelagic cephalopods,0.0021287625861013,3,42
10,2006,63,Norway lobster,0.00386118965901983,3,42
10,2007,61,Giant red shrimp,0.0877099361220138,3,42
10,2007,56,Mesopelagic cephalopods,0.0283048077544368,3,42
10,2007,30,Blue whiting,0.0147265838861742,3,42
10,2007,28,Other commercial large demersal fish,0.000747981658656043,3,42
10,2007,47,Small-spotted catshark,0.00119756945902121,1,18
10,2007,50,Torpedos,8.77282930867945e-05,1,18
10,2008,61,Giant red shrimp,0.132813458305369,3,42
10,2008,60,Blue and red shrimp,0.0212225475257407,3,42
10,2008,48,Small demersal sharks,0.157629979102956,3,42
10,2008,56,Mesopelagic cephalopods,0.00657809189303446,3,42
10,2008,30,Blue whiting,0.0094476826162516,3,42
10,2008,28,Other commercial large demersal fish,0.000770034685746957,3,42
10,2008,63,Norway lobster,0.00404243339025159,3,42
10,2008,47,Small-spotted catshark,0.000855887607523892,1,19
10,2009,61,Giant red shrimp,0.151959627704092,3,42
10,2009,48,Small demersal sharks,0.269936737723712,3,42
10,2009,56,Mesopelagic cephalopods,0.00425711431626484,3,42
10,2009,28,Other commercial large demersal fish,0.00337594325483502,3,42
10,2009,63,Norway lobster,0.0030475855891103,3,42
10,2009,50,Torpedos,0.000166225971133241,1,18
10,2010,61,Giant red shrimp,0.188554067147665,3,42
10,2010,60,Blue and red shrimp,0.0215774689460755,3,42
10,2010,48,Small demersal sharks,0.640046560849703,3,42
10,2010,56,Mesopelagic cephalopods,0.00441889465785663,3,42
10,2010,28,Other commercial large demersal fish,0.00133479370443559,3,42
10,2010,63,Norway lobster,0.00364512328722946,3,42
10,2010,47,Small-spotted catshark,0.00184693352357537,3,42
10,2011,23,No commercial meso (bathy) pelagic fishes,0.0427986325006837,3,42
10,2011,61,Giant red shrimp,0.167183550006848,3,42
10,2011,48,Small demersal sharks,0.178627100310614,3,42
10,2011,56,Mesopelagic cephalopods,0.0146166214147723,3,42
10,2011,71,Macro zooplankton,6.96601111153006e-07,1,18
10,2011,28,Other commercial large demersal fish,0.000573570371228872,3,42
10,2012,61,Giant red shrimp,0.123689927006228,3,42
10,2012,56,Mesopelagic cephalopods,0.006085308703441,3,42
10,2012,30,Blue whiting,0.000379517260084968,1,18
10,2012,28,Other commercial large demersal fish,0.000767129651586732,3,42
10,2012,47,Small-spotted catshark,0.000913183169514479,1,18
10,2013,61,Giant red shrimp,0.145639264968241,3,42
10,2013,56,Mesopelagic cephalopods,0.0273185880208196,3,42
10,2013,71,Macro zooplankton,0.000482131882859066,3,42
10,2013,28,Other commercial large demersal fish,0.000277678913031387,3,42
10,2013,63,Norway lobster,0.00305622068778916,3,42
10,2014,61,Giant red shrimp,0.064035701210998,3,42
10,2014,71,Macro zooplankton,6.97271117573872e-07,3,42
10,2014,30,Blue whiting,0.00049257485672772,1,18
10,2014,28,Other commercial large demersal fish,0.000992870298004211,3,42
10,2014,63,Norway lobster,0.00175495913640601,3,42
10,2014,13,Swordfish,0.00181868441440594,1,18
10,2015,61,Giant red shrimp,0.0759742578565994,3,42
10,2015,56,Mesopelagic cephalopods,0.0177293458060321,3,42
10,2015,48,Small demersal sharks,0.0909305139127406,3,42
10,2015,71,Macro zooplankton,4.38573626056929e-06,1,18
10,2015,30,Blue whiting,0.000136506137388884,1,18
10,2015,28,Other commercial large demersal fish,4.09392253456232e-05,1,18
10,2015,50,Torpedos,0.000568314137549288,1,18
10,2016,61,Giant red shrimp,0.0930307587537247,3,42
10,2016,60,Blue and red shrimp,0.0265727753557248,3,42
10,2016,56,Mesopelagic cephalopods,0.0134184887723758,3,42
10,2016,71,Macro zooplankton,1.28436148776725e-05,3,42
10,2016,28,Other commercial large demersal fish,0.000544437890439405,3,42
10,2016,63,Norway lobster,0.00166100750216082,3,42
10,2017,61,Giant red shrimp,0.0873048112315191,3,42
10,2017,30,Blue whiting,5.88530686107825e-05,1,18
10,2017,28,Other commercial large demersal fish,6.08917975569633e-05,1,18
10,2017,63,Norway lobster,0.000848829858760904,3,42
10,2017,56,Mesopelagic cephalopods,0.0101342905691185,3,42
10,2018,56,Mesopelagic cephalopods,0.00771161177422652,3,44
10,2018,61,Giant red shrimp,0.158590841698216,3,44
10,2018,23,No commercial meso (bathy) pelagic fishes,0.0215971394252858,3,44
10,2018,63,Norway lobster,0.0024513154726147,3,44
10,2019,23,No commercial meso (bathy) pelagic fishes,0.0838928287598102,3,42
10,2019,61,Giant red shrimp,0.094420747271188,3,42
10,2019,56,Mesopelagic cephalopods,0.00955404222929836,3,42
10,2019,69,Salps and other gelatinous zooplankton,1.45368937318403e-05,1,18
10,2020,61,Giant red shrimp,0.0400017316986601,3,22
10,2020,60,Blue and red shrimp,0.0599181537773167,3,22
10,2020,58,Benthic mollusc,1.48837513259934e-06,1,9
10,2020,56,Mesopelagic cephalopods,0.0100074114042882,3,22
10,2020,70,Corals and gorgonians,2.10123548131671e-06,1,9
10,2021,61,Giant red shrimp,0.0856528905587425,3,42
10,2021,60,Blue and red shrimp,0.0248933181747455,3,42
10,2021,63,Norway lobster,0.00157915994901194,3,42
10,2023,61,Giant red shrimp,0.0328341582695921,3,32
10,2023,63,Norway lobster,0.000892947541423514,3,32
10,2023,73,Suprabenthos,5.38600719863523e-07,1,15
10,2023,40,Other commercial deep medium demersal fish,0.00221969538549482,3,32
10,2023,69,Salps and other gelatinous zooplankton,1.4755694261578e-05,1,15
10,1995,60,Blue and red shrimp,0.0031438636734641,2,28
10,1996,61,Giant red shrimp,0.0703759499718924,2,29
10,1996,60,Blue and red shrimp,0.00941256852886657,2,29
10,1996,56,Mesopelagic cephalopods,0.00631957302201359,2,29
10,1997,60,Blue and red shrimp,0.0241553463266429,2,29
10,1997,28,Other commercial large demersal fish,0.000680880059164493,2,29
10,1998,60,Blue and red shrimp,0.035410587743745,2,29
10,1998,28,Other commercial large demersal fish,0.000826126713626611,2,29
10,1999,60,Blue and red shrimp,0.0181499725228678,2,28
10,2000,71,Macro zooplankton,5.84710249367702e-05,2,29
10,2002,61,Giant red shrimp,0.065150818432097,2,24
10,2002,60,Blue and red shrimp,0.015719078228225,2,24
10,2003,60,Blue and red shrimp,0.0273202097267182,2,24
10,2003,56,Mesopelagic cephalopods,0.00995009490712795,2,24
10,2004,60,Blue and red shrimp,0.0205711158496235,2,24
10,2005,60,Blue and red shrimp,0.0314267195634398,2,24
10,2006,60,Blue and red shrimp,0.0414157860758242,2,24
10,2007,60,Blue and red shrimp,0.0275554468259439,2,24
10,2009,60,Blue and red shrimp,0.0372953826159114,2,24
10,2011,60,Blue and red shrimp,0.0489400210938524,2,24
10,2012,60,Blue and red shrimp,0.0515402936511586,2,24
10,2012,71,Macro zooplankton,4.91771211548132e-06,2,24
10,2013,60,Blue and red shrimp,0.0446274835902463,2,24
10,2014,60,Blue and red shrimp,0.0555107777556911,2,24
10,2015,60,Blue and red shrimp,0.00645614910893513,2,24
10,2017,60,Blue and red shrimp,0.0359986003218546,2,24
10,2018,60,Blue and red shrimp,0.0157290834946831,2,24
10,2018,28,Other commercial large demersal fish,0.000646200379356088,2,24
10,2021,64,European lobster,1.76482442784011e-05,1,23
10,2023,60,Blue and red shrimp,0.0155271419877689,2,17
10,2023,56,Mesopelagic cephalopods,0.00932626157146018,2,17
10,2023,30,Blue whiting,0.000350970956351997,2,17
10,2023,50,Torpedos,0.00137463857068673,1,16
11,1994,38,Flatfishes,0.133457250644521,7,118
11,1994,45,No commercial small demersal fish,0.022344089596075,7,118
11,1994,33,Sparidae+,0.238280775808938,5,94
11,1994,66,Non-commercial decapods,0.083820685884103,7,118
11,1994,41,No commercial medium demersal fish,0.00984496236622544,4,62
11,1994,35,Scorpaenidae,0.061081270287386,7,118
11,1994,37,Labridae and serranidae+,0.021373097840641,6,117
11,1994,49,Rays and skates,0.152445684509909,6,117
11,1994,34,Common dentex,0.00250466291288683,3,42
11,1994,57,Other benthic cephalopods,0.0306670119680444,7,118
11,1994,19,Anchovy,0.0416874439172196,4,62
11,1994,55,Benthopelagic cephalopods,0.0237975879178515,7,118
11,1994,24,Anglerfish,0.0570845292751525,7,118
11,1994,65,Other commercial decapods,0.000121125984195237,3,49
11,1994,26,European hake juv.,0.193787799469205,7,118
11,1994,43,Mullets,0.0310419284811655,5,94
11,1994,54,Coastal benthic cephalopods,0.0241141930528541,6,117
11,1994,31,Common pandora,0.00544475079854175,4,62
11,1994,18,Sardine,0.195257483399494,4,62
11,1994,42,Salema,0.000252858320273127,2,17
11,1994,21,Other small pelagic fish,0.356921409158001,4,62
11,1994,50,Torpedos,0.0011322547340785,6,117
11,1994,39,Other commercial shallow medium demersal fish,0.0299438479357701,7,118
11,1994,16,Horse mackerels,0.139229716342014,5,94
11,1995,55,Benthopelagic cephalopods,0.0396079305905986,7,109
11,1995,37,Labridae and serranidae+,0.0185167344856147,5,91
11,1995,38,Flatfishes,0.0883062510394957,7,109
11,1995,45,No commercial small demersal fish,0.0188536788793632,7,109
11,1995,33,Sparidae+,0.203057250542742,5,91
11,1995,66,Non-commercial decapods,0.108791903289866,7,109
11,1995,35,Scorpaenidae,0.0400356105843385,7,109
11,1995,25,European conger,0.016920075002219,5,61
11,1995,49,Rays and skates,0.181258207284289,7,109
11,1995,57,Other benthic cephalopods,0.0310073756188724,7,109
11,1995,19,Anchovy,0.188526890419784,4,63
11,1995,24,Anglerfish,0.0197003252204567,5,91
11,1995,65,Other commercial decapods,0.000597198683255669,3,43
11,1995,26,European hake juv.,0.138049947448063,7,109
11,1995,43,Mullets,0.0349149259662759,5,91
11,1995,54,Coastal benthic cephalopods,0.0188912584194353,5,91
11,1995,31,Common pandora,0.00275699482430456,4,63
11,1995,18,Sardine,0.840787703986919,4,63
11,1995,42,Salema,0.000288830967867476,2,20
11,1995,47,Small-spotted catshark,0.0164450282968036,7,109
11,1995,21,Other small pelagic fish,0.0769341857237402,4,63
11,1995,50,Torpedos,0.00174712663412067,4,65
11,1995,41,No commercial medium demersal fish,0.0138218086051854,5,91
11,1995,39,Other commercial shallow medium demersal fish,0.0173138438818703,5,91
11,1995,16,Horse mackerels,0.276626646085617,7,109
11,1996,55,Benthopelagic cephalopods,0.0195352821590322,7,127
11,1996,38,Flatfishes,0.0836034438135133,7,127
11,1996,66,Non-commercial decapods,0.180619708691553,6,97
11,1996,45,No commercial small demersal fish,0.163154174222639,7,127
11,1996,33,Sparidae+,0.178549458324161,5,104
11,1996,41,No commercial medium demersal fish,0.00802415721744152,5,104
11,1996,35,Scorpaenidae,0.114181466209186,7,127
11,1996,25,European conger,0.000679345359746189,7,127
11,1996,37,Labridae and serranidae+,0.0210876435946935,5,104
11,1996,49,Rays and skates,0.156637299987007,6,126
11,1996,57,Other benthic cephalopods,0.0204520571002956,7,127
11,1996,65,Other commercial decapods,0.00162630363005844,4,82
11,1996,24,Anglerfish,0.0827878162254628,7,127
11,1996,26,European hake juv.,0.222950703338785,7,127
11,1996,43,Mullets,0.020984364102071,5,104
11,1996,54,Coastal benthic cephalopods,0.0220278301008868,5,104
11,1996,31,Common pandora,0.00694745567117554,4,75
11,1996,18,Sardine,0.584639617826441,5,104
11,1996,20,Round sardinella,0.00117212605162273,3,45
11,1996,47,Small-spotted catshark,0.0248209726274471,5,104
11,1996,21,Other small pelagic fish,0.0898117794628612,4,75
11,1996,50,Torpedos,0.00164150449276789,5,104
11,1996,39,Other commercial shallow medium demersal fish,0.0197170466789766,5,104
11,1996,16,Horse mackerels,0.0751083657137712,5,104
11,1997,55,Benthopelagic cephalopods,0.0311418375125402,7,128
11,1997,38,Flatfishes,0.148488612634947,7,128
11,1997,45,No commercial small demersal fish,0.126609599952209,7,128
11,1997,33,Sparidae+,0.111630817250729,6,127
11,1997,41,No commercial medium demersal fish,0.0103371737280856,5,101
11,1997,35,Scorpaenidae,0.0652335556093855,7,128
11,1997,37,Labridae and serranidae+,0.0258035314815025,4,76
11,1997,49,Rays and skates,0.176194361717266,6,127
11,1997,34,Common dentex,0.00178566607938466,3,45
11,1997,57,Other benthic cephalopods,0.0258406440910586,7,128
11,1997,24,Anglerfish,0.0509937169249995,7,128
11,1997,66,Non-commercial decapods,0.0826058876590536,7,128
11,1997,26,European hake juv.,0.150942677800142,7,128
11,1997,43,Mullets,0.0254947146684603,5,102
11,1997,54,Coastal benthic cephalopods,0.0287393576082319,5,102
11,1997,31,Common pandora,0.00426721183558879,3,45
11,1997,18,Sardine,0.651655800266032,4,76
11,1997,47,Small-spotted catshark,0.0213222175699402,7,128
11,1997,21,Other small pelagic fish,0.169175222973481,4,76
11,1997,50,Torpedos,0.00304017782352155,5,102
11,1997,39,Other commercial shallow medium demersal fish,0.018766448830155,5,102
11,1997,16,Horse mackerels,0.0245795808755332,5,102
11,1998,45,No commercial small demersal fish,0.120696839817205,7,125
11,1998,33,Sparidae+,0.245529616186599,5,99
11,1998,38,Flatfishes,0.0846502546752983,7,125
11,1998,35,Scorpaenidae,0.0930969551717061,7,125
11,1998,37,Labridae and serranidae+,0.0204694031849298,5,99
11,1998,49,Rays and skates,0.140572923878116,7,125
11,1998,41,No commercial medium demersal fish,0.00966909737300693,4,74
11,1998,57,Other benthic cephalopods,0.0343843861055063,7,125
11,1998,55,Benthopelagic cephalopods,0.0656569498882716,7,125
11,1998,24,Anglerfish,0.0523660186540068,7,125
11,1998,65,Other commercial decapods,0.000536140417422094,5,70
11,1998,26,European hake juv.,0.117560332125812,7,125
11,1998,43,Mullets,0.0390928288043713,5,99
11,1998,48,Small demersal sharks,0.385151732774152,5,73
11,1998,54,Coastal benthic cephalopods,0.0345546187073368,5,99
11,1998,31,Common pandora,0.0064937997232079,4,74
11,1998,18,Sardine,0.786938571400753,4,74
11,1998,47,Small-spotted catshark,0.0274102203283028,5,99
11,1998,21,Other small pelagic fish,0.116956831764907,4,74
11,1998,39,Other commercial shallow medium demersal fish,0.030504527942443,5,99
11,1998,16,Horse mackerels,0.0423841529468526,7,125
11,1999,55,Benthopelagic cephalopods,0.064226274480306,7,125
11,1999,38,Flatfishes,0.114019477364597,7,125
11,1999,45,No commercial small demersal fish,0.29396519829106,7,125
11,1999,33,Sparidae+,0.203792338385551,5,100
11,1999,66,Non-commercial decapods,0.0986766682386816,7,125
11,1999,41,No commercial medium demersal fish,0.0117408066764292,4,73
11,1999,35,Scorpaenidae,0.0868931484137081,7,125
11,1999,37,Labridae and serranidae+,0.0326401081228773,5,100
11,1999,49,Rays and skates,0.201911411391956,6,124
11,1999,34,Common dentex,0.000101555473421889,2,21
11,1999,57,Other benthic cephalopods,0.0342296888269339,7,125
11,1999,22,Benthopelagic fishes,0.0872496675765381,6,103
11,1999,24,Anglerfish,0.0920245463882559,7,125
11,1999,26,European hake juv.,0.41325377159123,7,125
11,1999,43,Mullets,0.0656637549645554,6,124
11,1999,54,Coastal benthic cephalopods,0.0706848152093916,6,124
11,1999,31,Common pandora,0.00559225920241886,4,73
11,1999,64,European lobster,0.00141532156619581,4,73
11,1999,39,Other commercial shallow medium demersal fish,0.0613133607390962,5,100
11,1999,18,Sardine,0.374393046631028,4,73
11,1999,20,Round sardinella,0.000163291789550589,2,21
11,1999,15,Mackerels,0.000481481483520191,2,21
11,1999,47,Small-spotted catshark,0.0422953310660597,5,100
11,1999,21,Other small pelagic fish,0.0756239385665961,4,73
11,1999,16,Horse mackerels,0.15324800385722,5,100
11,2000,55,Benthopelagic cephalopods,0.063498794227086,7,125
11,2000,38,Flatfishes,0.123905084009849,7,125
11,2000,45,No commercial small demersal fish,0.0573786371739396,7,125
11,2000,33,Sparidae+,0.0712397258151993,5,97
11,2000,41,No commercial medium demersal fish,0.0128978874424915,4,73
11,2000,35,Scorpaenidae,0.0636291565290624,7,125
11,2000,37,Labridae and serranidae+,0.0312820033408555,4,73
11,2000,49,Rays and skates,0.137291612821799,7,125
11,2000,57,Other benthic cephalopods,0.0337281417171855,7,125
11,2000,24,Anglerfish,0.0929182726162215,7,125
11,2000,65,Other commercial decapods,0.000921835360490179,5,93
11,2000,26,European hake juv.,0.220069697349898,7,125
11,2000,43,Mullets,0.0359215213137994,5,97
11,2000,54,Coastal benthic cephalopods,0.0690545019607763,4,73
11,2000,31,Common pandora,0.00509384871497749,4,73
11,2000,18,Sardine,0.362313739069516,4,73
11,2000,42,Salema,0.000328334248775706,2,20
11,2000,47,Small-spotted catshark,0.0346090977554331,5,97
11,2000,21,Other small pelagic fish,0.0249317033613676,5,97
11,2000,39,Other commercial shallow medium demersal fish,0.0245430785980311,5,97
11,2000,16,Horse mackerels,0.160318820252885,5,97
11,2001,38,Flatfishes,0.251485494601169,7,124
11,2001,45,No commercial small demersal fish,0.069737073340668,7,124
11,2001,33,Sparidae+,0.122272327449545,5,97
11,2001,54,Coastal benthic cephalopods,0.0750743732795404,5,97
11,2001,35,Scorpaenidae,0.121147537623446,7,124
11,2001,37,Labridae and serranidae+,0.0450668091645569,5,98
11,2001,49,Rays and skates,0.333737022579422,6,123
11,2001,57,Other benthic cephalopods,0.0488717193997418,7,124
11,2001,39,Other commercial shallow medium demersal fish,0.0422383307808688,6,123
11,2001,55,Benthopelagic cephalopods,0.0523446228497368,7,124
11,2001,24,Anglerfish,0.0982340132676415,7,124
11,2001,65,Other commercial decapods,0.00269600019929261,6,123
11,2001,26,European hake juv.,0.418743457176885,7,124
11,2001,43,Mullets,0.0315598651312783,5,97
11,2001,31,Common pandora,0.00636523035570015,4,72
11,2001,18,Sardine,0.0909497503231729,4,72
11,2001,47,Small-spotted catshark,0.0597160843843524,7,124
11,2001,21,Other small pelagic fish,0.0358003552758023,4,72
11,2001,50,Torpedos,0.00135009868734775,4,72
11,2001,41,No commercial medium demersal fish,0.0241485126611645,4,72
11,2001,16,Horse mackerels,0.216871626755676,5,97
11,2002,38,Flatfishes,0.151868631516785,7,101
11,2002,45,No commercial small demersal fish,0.0432382750741801,7,101
11,2002,33,Sparidae+,0.0834165768860428,6,100
11,2002,35,Scorpaenidae,0.0787201236090728,7,101
11,2002,25,European conger,0.00607532073942213,5,58
11,2002,37,Labridae and serranidae+,0.0156128271104895,4,64
11,2002,57,Other benthic cephalopods,0.0242945124324012,7,101
11,2002,67,Other macro-benthos,0.00413187597624603,5,62
11,2002,55,Benthopelagic cephalopods,0.0395050624885173,7,101
11,2002,26,European hake juv.,0.157750101403673,7,101
11,2002,43,Mullets,0.0181686024702238,5,84
11,2002,49,Rays and skates,0.122189651973306,6,100
11,2002,54,Coastal benthic cephalopods,0.0262170975425912,5,80
11,2002,31,Common pandora,0.006672995082991,4,64
11,2002,18,Sardine,0.394763739229567,5,84
11,2002,21,Other small pelagic fish,0.174596535558487,4,64
11,2002,41,No commercial medium demersal fish,0.00735073749691805,4,64
11,2002,39,Other commercial shallow medium demersal fish,0.0242237783194262,5,84
11,2002,16,Horse mackerels,0.0952987709482523,5,84
11,2003,37,Labridae and serranidae+,0.0253274442682484,4,62
11,2003,38,Flatfishes,0.107110781547025,7,101
11,2003,45,No commercial small demersal fish,0.108266983817391,7,101
11,2003,33,Sparidae+,0.176144425158289,5,86
11,2003,35,Scorpaenidae,0.0700600641390852,7,101
11,2003,49,Rays and skates,0.206757614898981,7,101
11,2003,41,No commercial medium demersal fish,0.0118257249279738,4,62
11,2003,57,Other benthic cephalopods,0.0267430109713678,7,101
11,2003,19,Anchovy,0.0691602602999528,4,62
11,2003,55,Benthopelagic cephalopods,0.0596031142123216,7,101
11,2003,24,Anglerfish,0.0185144933020957,5,86
11,2003,26,European hake juv.,0.325332674833513,7,101
11,2003,43,Mullets,0.028161127519636,6,100
11,2003,54,Coastal benthic cephalopods,0.0318135180672939,6,100
11,2003,31,Common pandora,0.0051697258449695,4,62
11,2003,39,Other commercial shallow medium demersal fish,0.0272842045335412,5,86
11,2003,18,Sardine,0.125956099575032,4,62
11,2003,47,Small-spotted catshark,0.0232636449253497,5,86
11,2003,67,Other macro-benthos,0.0182826406368751,4,62
11,2003,21,Other small pelagic fish,0.0326419539761241,4,62
11,2003,16,Horse mackerels,0.278416224286563,5,86
11,2004,17,Other medium pelagic fishes,0.00042728337389478,2,19
11,2004,38,Flatfishes,0.0526912052898768,7,97
11,2004,44,Commercial small demersal fish,0.014851869726783,4,57
11,2004,45,No commercial small demersal fish,0.040476611641028,7,97
11,2004,33,Sparidae+,0.141437165852573,5,81
11,2004,35,Scorpaenidae,0.0537990084947713,7,97
11,2004,37,Labridae and serranidae+,0.0132197968644844,5,81
11,2004,57,Other benthic cephalopods,0.0140953546104617,7,97
11,2004,66,Non-commercial decapods,0.190915087641306,6,73
11,2004,55,Benthopelagic cephalopods,0.0338094154218046,7,97
11,2004,24,Anglerfish,0.0380917195041916,7,97
11,2004,65,Other commercial decapods,0.000548828493365391,4,55
11,2004,26,European hake juv.,0.194601849513038,7,97
11,2004,43,Mullets,0.0191686402529901,5,81
11,2004,41,No commercial medium demersal fish,0.00982830084438685,4,60
11,2004,54,Coastal benthic cephalopods,0.0246846915436062,6,96
11,2004,31,Common pandora,0.00496876152057042,4,60
11,2004,64,European lobster,0.00109266126621499,2,19
11,2004,49,Rays and skates,0.143208176802701,6,96
11,2004,18,Sardine,0.459395473046679,4,60
11,2004,47,Small-spotted catshark,0.0221233669590247,5,81
11,2004,21,Other small pelagic fish,0.043465031633238,5,81
11,2004,67,Other macro-benthos,0.00175488414666439,4,64
11,2004,50,Torpedos,8.62450657215504e-05,3,40
11,2004,39,Other commercial shallow medium demersal fish,0.0197261351808733,7,97
11,2004,16,Horse mackerels,0.106796262731838,6,96
11,2005,55,Benthopelagic cephalopods,0.062548163412599,7,99
11,2005,45,No commercial small demersal fish,0.0467557218952629,7,99
11,2005,33,Sparidae+,0.0838984935061438,5,84
11,2005,38,Flatfishes,0.254285469592018,7,99
11,2005,41,No commercial medium demersal fish,0.0174476787703151,7,99
11,2005,35,Scorpaenidae,0.0690375945511753,7,99
11,2005,25,European conger,0.0319999673382357,7,99
11,2005,37,Labridae and serranidae+,0.0300754752328596,4,64
11,2005,49,Rays and skates,0.295060615288678,6,98
11,2005,57,Other benthic cephalopods,0.0225706220145426,7,99
11,2005,24,Anglerfish,0.117466365185663,7,99
11,2005,26,European hake juv.,0.31386433457083,7,99
11,2005,43,Mullets,0.0674684831605045,5,84
11,2005,54,Coastal benthic cephalopods,0.0444320589096087,5,78
11,2005,31,Common pandora,0.00567441244700558,4,64
11,2005,18,Sardine,0.170729307945487,4,64
11,2005,20,Round sardinella,0.000301438413846741,2,18
11,2005,42,Salema,0.00235038186697491,2,18
11,2005,15,Mackerels,0.0032275580246073,5,84
11,2005,47,Small-spotted catshark,0.0203373099578572,5,84
11,2005,21,Other small pelagic fish,0.0320610938942024,5,84
11,2005,50,Torpedos,0.00192181824405292,4,62
11,2005,39,Other commercial shallow medium demersal fish,0.022064743792047,5,84
11,2005,16,Horse mackerels,0.162425088990369,5,84
11,2006,55,Benthopelagic cephalopods,0.0257646720095505,7,100
11,2006,45,No commercial small demersal fish,0.0269626024112069,7,100
11,2006,33,Sparidae+,0.182729087296326,5,83
11,2006,38,Flatfishes,0.223471367773535,7,100
11,2006,41,No commercial medium demersal fish,0.0145579919355047,5,79
11,2006,35,Scorpaenidae,0.0542745122561438,7,100
11,2006,25,European conger,0.00293325352358208,6,81
11,2006,37,Labridae and serranidae+,0.0238223806255012,5,83
11,2006,49,Rays and skates,0.225397770462375,6,99
11,2006,34,Common dentex,0.0379512975498415,3,39
11,2006,57,Other benthic cephalopods,0.0367634979286941,7,100
11,2006,22,Benthopelagic fishes,0.0371480585570427,7,100
11,2006,24,Anglerfish,0.0609554814672911,7,100
11,2006,66,Non-commercial decapods,0.132853470014122,7,100
11,2006,65,Other commercial decapods,0.00220982322020567,4,59
11,2006,26,European hake juv.,0.413543170242423,7,100
11,2006,43,Mullets,0.0218031227823331,5,83
11,2006,54,Coastal benthic cephalopods,0.0560464038905417,6,99
11,2006,31,Common pandora,0.00360679146935727,4,63
11,2006,18,Sardine,0.181542894879423,4,63
11,2006,42,Salema,0.000334302757607385,2,20
11,2006,47,Small-spotted catshark,0.0177911464339111,5,83
11,2006,21,Other small pelagic fish,0.040256984551075,4,63
11,2006,39,Other commercial shallow medium demersal fish,0.0237272279428373,5,83
11,2006,16,Horse mackerels,0.506187696669967,6,99
11,2007,44,Commercial small demersal fish,0.194448649272356,3,40
11,2007,38,Flatfishes,0.208521749236907,7,102
11,2007,45,No commercial small demersal fish,0.173161225264369,7,102
11,2007,33,Sparidae+,0.366027500364047,5,84
11,2007,66,Non-commercial decapods,0.0731449411258327,7,102
11,2007,41,No commercial medium demersal fish,0.0209331389985308,4,64
11,2007,35,Scorpaenidae,0.0961782848515881,7,102
11,2007,25,European conger,0.0113347564248437,7,102
11,2007,37,Labridae and serranidae+,0.0213383145018395,5,81
11,2007,49,Rays and skates,0.244984983719513,7,102
11,2007,34,Common dentex,0.00331693255473919,2,21
11,2007,57,Other benthic cephalopods,0.015773423621387,7,102
11,2007,19,Anchovy,0.00933495440582475,4,64
11,2007,55,Benthopelagic cephalopods,0.0247533104545219,7,102
11,2007,24,Anglerfish,0.0827383562463169,7,102
11,2007,26,European hake juv.,0.194265011716907,7,102
11,2007,43,Mullets,0.0958463673994778,5,84
11,2007,54,Coastal benthic cephalopods,0.0165462132795683,6,101
11,2007,31,Common pandora,0.0235264158562584,4,64
11,2007,40,Other commercial deep medium demersal fish,0.0520756621439148,7,102
11,2007,18,Sardine,0.473510631205228,4,64
11,2007,20,Round sardinella,0.0543671333026999,2,21
11,2007,42,Salema,0.00102496421193511,3,45
11,2007,47,Small-spotted catshark,0.0457470064914855,7,102
11,2007,21,Other small pelagic fish,0.0346197751067298,4,64
11,2007,50,Torpedos,0.00637307877605714,3,40
11,2007,39,Other commercial shallow medium demersal fish,0.0263745923339223,5,84
11,2007,16,Horse mackerels,2.04953866163005,5,84
11,2008,37,Labridae and serranidae+,0.0163421950458681,4,59
11,2008,45,No commercial small demersal fish,0.051141874981849,7,97
11,2008,33,Sparidae+,0.550514653953427,5,80
11,2008,38,Flatfishes,0.0667293991256694,7,97
11,2008,66,Non-commercial decapods,0.100774221651649,7,97
11,2008,41,No commercial medium demersal fish,0.0117725852763186,4,59
11,2008,35,Scorpaenidae,0.0397991057908346,7,97
11,2008,49,Rays and skates,0.155306122883713,6,96
11,2008,34,Common dentex,0.00626293716641081,3,38
11,2008,57,Other benthic cephalopods,0.0254314039147057,7,97
11,2008,55,Benthopelagic cephalopods,0.0327758479362657,7,97
11,2008,65,Other commercial decapods,0.000258820299796879,3,38
11,2008,26,European hake juv.,0.160854298041243,7,97
11,2008,43,Mullets,0.038459727334393,5,80
11,2008,54,Coastal benthic cephalopods,0.0180645678849885,6,96
11,2008,31,Common pandora,0.0135811937886938,4,59
11,2008,42,Salema,0.00180644250476486,2,20
11,2008,47,Small-spotted catshark,0.0241571740031331,5,80
11,2008,21,Other small pelagic fish,0.100517147698062,4,59
11,2008,50,Torpedos,0.00118594312671219,3,41
11,2008,39,Other commercial shallow medium demersal fish,0.0256383409558061,6,96
11,2008,16,Horse mackerels,0.424696398634013,5,80
11,2009,55,Benthopelagic cephalopods,0.0483365619011837,7,99
11,2009,17,Other medium pelagic fishes,0.00257634796704897,3,39
11,2009,38,Flatfishes,0.101674735966577,7,99
11,2009,45,No commercial small demersal fish,0.0523648823828269,7,99
11,2009,33,Sparidae+,0.223603253050867,5,82
11,2009,41,No commercial medium demersal fish,0.0138420990353525,5,82
11,2009,35,Scorpaenidae,0.0610284667493955,7,99
11,2009,25,European conger,0.00179518994115344,4,58
11,2009,37,Labridae and serranidae+,0.0146426050775489,4,63
11,2009,49,Rays and skates,0.259119009881152,7,99
11,2009,34,Common dentex,0.0115864668058459,2,19
11,2009,57,Other benthic cephalopods,0.0221854362276432,7,99
11,2009,19,Anchovy,0.0114130348469486,4,63
11,2009,24,Anglerfish,0.103835094550932,7,99
11,2009,26,European hake juv.,0.157323741062912,7,99
11,2009,43,Mullets,0.041720709752604,5,82
11,2009,54,Coastal benthic cephalopods,0.0250046748698764,4,55
11,2009,31,Common pandora,0.00809173568728627,4,63
11,2009,39,Other commercial shallow medium demersal fish,0.0297091961479085,6,98
11,2009,47,Small-spotted catshark,0.0290914132350646,5,82
11,2009,21,Other small pelagic fish,0.0729718232804064,4,63
11,2009,50,Torpedos,0.0012808508077572,4,62
11,2009,16,Horse mackerels,0.0972990549302421,5,82
11,2010,55,Benthopelagic cephalopods,0.0606950093714486,7,101
11,2010,38,Flatfishes,0.213088803916737,7,101
11,2010,45,No commercial small demersal fish,0.0488136066825304,7,101
11,2010,33,Sparidae+,0.60331948206306,5,83
11,2010,41,No commercial medium demersal fish,0.0179571145970204,4,63
11,2010,35,Scorpaenidae,0.0531402929201593,7,101
11,2010,25,European conger,0.00348798834321302,5,59
11,2010,37,Labridae and serranidae+,0.0160959736950828,4,63
11,2010,49,Rays and skates,0.284083486157995,7,101
11,2010,57,Other benthic cephalopods,0.0376106562020505,7,101
11,2010,24,Anglerfish,0.0735971468270905,7,101
11,2010,26,European hake juv.,0.403617194020037,7,101
11,2010,43,Mullets,0.0638495851295198,6,100
11,2010,54,Coastal benthic cephalopods,0.0345397558142654,5,83
11,2010,31,Common pandora,0.00675036543341255,4,63
11,2010,64,European lobster,0.010450444251039,5,83
11,2010,18,Sardine,0.12786276003022,4,63
11,2010,20,Round sardinella,0.0019080723338924,2,21
11,2010,15,Mackerels,0.000950293867565655,2,21
11,2010,47,Small-spotted catshark,0.0393418725675508,7,101
11,2010,21,Other small pelagic fish,0.0756080398610334,4,63
11,2010,50,Torpedos,0.000500371490056167,4,59
11,2010,39,Other commercial shallow medium demersal fish,0.0378417162095948,7,101
11,2010,16,Horse mackerels,1.16932491840456,5,83
11,2011,55,Benthopelagic cephalopods,0.0227447089544539,7,103
11,2011,38,Flatfishes,0.14373541860127,7,103
11,2011,45,No commercial small demersal fish,0.0422325173344605,7,103
11,2011,33,Sparidae+,0.258939674833647,5,85
11,2011,41,No commercial medium demersal fish,0.0208295693442333,5,85
11,2011,35,Scorpaenidae,0.0554392907198636,7,103
11,2011,37,Labridae and serranidae+,0.0264823354155988,5,85
11,2011,49,Rays and skates,0.341873988234726,7,103
11,2011,57,Other benthic cephalopods,0.0310798356630045,7,103
11,2011,24,Anglerfish,0.0581583308275833,7,103
11,2011,26,European hake juv.,0.195660483371466,7,103
11,2011,43,Mullets,0.030971939881193,5,85
11,2011,54,Coastal benthic cephalopods,0.0468026085899264,4,64
11,2011,31,Common pandora,0.00811601380170826,4,64
11,2011,18,Sardine,0.236555968474049,4,64
11,2011,47,Small-spotted catshark,0.0266255586907959,7,103
11,2011,21,Other small pelagic fish,0.0583231422842481,4,64
11,2011,50,Torpedos,0.00226996467663772,4,64
11,2011,39,Other commercial shallow medium demersal fish,0.0289819181228428,5,85
11,2011,16,Horse mackerels,0.685907621396222,6,102
11,2012,67,Other macro-benthos,0.192936863122592,7,103
11,2012,44,Commercial small demersal fish,0.00137160680631131,4,64
11,2012,38,Flatfishes,0.404375041952669,7,103
11,2012,45,No commercial small demersal fish,0.0579977810579366,7,103
11,2012,33,Sparidae+,0.149742235676347,5,85
11,2012,41,No commercial medium demersal fish,0.0243537811976564,5,85
11,2012,35,Scorpaenidae,0.0608586767452978,7,103
11,2012,76,Macroalgae,0.101795452948437,4,61
11,2012,25,European conger,0.00358446552313123,6,79
11,2012,37,Labridae and serranidae+,0.026412877871499,5,85
11,2012,66,Non-commercial decapods,0.110295775926187,7,103
11,2012,49,Rays and skates,0.403332933409712,6,102
11,2012,57,Other benthic cephalopods,0.0228737070452609,7,103
11,2012,55,Benthopelagic cephalopods,0.0324438323601831,7,103
11,2012,24,Anglerfish,0.0453110563971901,7,103
11,2012,65,Other commercial decapods,0.00123737946035752,4,61
11,2012,26,European hake juv.,0.122488910533095,7,103
11,2012,43,Mullets,0.0437099842597969,5,85
11,2012,54,Coastal benthic cephalopods,0.026935693095118,4,64
11,2012,31,Common pandora,0.0108451408958079,4,64
11,2012,64,European lobster,0.00337531561505807,4,66
11,2012,18,Sardine,0.0505340050218337,4,64
11,2012,47,Small-spotted catshark,0.037571674376786,7,103
11,2012,21,Other small pelagic fish,0.0243657222637136,4,64
11,2012,50,Torpedos,0.00362095431411093,5,85
11,2012,39,Other commercial shallow medium demersal fish,0.0279894386890663,5,85
11,2012,16,Horse mackerels,0.129449551664765,5,85
11,2013,58,Benthic mollusc,0.000315229994268555,6,102
11,2013,67,Other macro-benthos,0.295126677574976,7,103
11,2013,38,Flatfishes,0.0555748893103343,7,103
11,2013,45,No commercial small demersal fish,0.0429125763727276,7,103
11,2013,33,Sparidae+,0.111794082036819,5,85
11,2013,41,No commercial medium demersal fish,0.0116213125814812,4,64
11,2013,35,Scorpaenidae,0.0301337230097204,7,103
11,2013,76,Macroalgae,0.0333279803096231,6,102
11,2013,37,Labridae and serranidae+,0.00960129079716494,5,85
11,2013,66,Non-commercial decapods,0.0645620896848189,7,103
11,2013,49,Rays and skates,0.207034318108857,7,103
11,2013,57,Other benthic cephalopods,0.0132348003798549,7,103
11,2013,55,Benthopelagic cephalopods,0.0726607846529942,7,103
11,2013,65,Other commercial decapods,0.00217592499587253,4,64
11,2013,26,European hake juv.,0.400839270990473,7,103
11,2013,43,Mullets,0.0286029166159337,5,85
11,2013,48,Small demersal sharks,0.192547464542598,7,103
11,2013,54,Coastal benthic cephalopods,0.0179428315771818,4,64
11,2013,31,Common pandora,0.0054101338170615,3,40
11,2013,68,Jellyfish,0.166114912557399,7,103
11,2013,18,Sardine,0.769094050209491,4,64
11,2013,47,Small-spotted catshark,0.0306691103529415,5,85
11,2013,21,Other small pelagic fish,0.0241014998138351,4,64
11,2013,50,Torpedos,0.000964930325478914,3,45
11,2013,39,Other commercial shallow medium demersal fish,0.0322377937888681,5,85
11,2013,16,Horse mackerels,0.214033398719367,5,85
11,2014,58,Benthic mollusc,0.00179696897609543,6,103
11,2014,70,Corals and gorgonians,0.000108389241079776,4,65
11,2014,55,Benthopelagic cephalopods,0.0747351870171814,7,104
11,2014,67,Other macro-benthos,0.145234671544031,7,104
11,2014,38,Flatfishes,0.0531780594097997,7,104
11,2014,45,No commercial small demersal fish,0.0773652568523493,7,104
11,2014,33,Sparidae+,0.145323024133493,5,86
11,2014,41,No commercial medium demersal fish,0.00851828673587781,4,65
11,2014,35,Scorpaenidae,0.0342211817053561,7,104
11,2014,76,Macroalgae,0.26603399294079,5,86
11,2014,37,Labridae and serranidae+,0.00814497752997798,4,65
11,2014,66,Non-commercial decapods,0.0815735776174988,7,104
11,2014,49,Rays and skates,0.189242476919192,6,103
11,2014,57,Other benthic cephalopods,0.00827909971271339,7,104
11,2014,19,Anchovy,0.0966200237040743,4,65
11,2014,65,Other commercial decapods,0.000690484481344188,3,41
11,2014,26,European hake juv.,0.152372027815599,7,104
11,2014,43,Mullets,0.0177508044182945,5,86
11,2014,54,Coastal benthic cephalopods,0.00767603401475443,3,41
11,2014,31,Common pandora,0.00558024246161018,4,65
11,2014,68,Jellyfish,0.086359854488868,7,104
11,2014,18,Sardine,0.761009754011262,4,65
11,2014,42,Salema,2.89841252134604e-05,3,39
11,2014,47,Small-spotted catshark,0.0239784080644972,5,86
11,2014,21,Other small pelagic fish,0.0317028308913842,4,65
11,2014,50,Torpedos,0.00188900944411651,3,41
11,2014,39,Other commercial shallow medium demersal fish,0.0163842220284036,5,86
11,2014,16,Horse mackerels,0.477092556846665,6,103
11,2015,70,Corals and gorgonians,6.61738578991519e-05,5,83
11,2015,55,Benthopelagic cephalopods,0.0355435472745162,7,101
11,2015,67,Other macro-benthos,0.132377600958446,7,101
11,2015,38,Flatfishes,0.0576007957407917,7,101
11,2015,45,No commercial small demersal fish,0.042449700721914,7,101
11,2015,33,Sparidae+,0.110543596983724,5,83
11,2015,41,No commercial medium demersal fish,0.00758361209312899,6,100
11,2015,35,Scorpaenidae,0.0552321696946976,7,101
11,2015,76,Macroalgae,0.0595831748222523,6,100
11,2015,37,Labridae and serranidae+,0.00704061402758959,4,62
11,2015,66,Non-commercial decapods,0.111686914238626,7,101
11,2015,49,Rays and skates,0.165856311705849,7,101
11,2015,34,Common dentex,0.000276291792807631,2,19
11,2015,57,Other benthic cephalopods,0.0149831296003747,7,101
11,2015,58,Benthic mollusc,0.000176113616680147,5,79
11,2015,24,Anglerfish,0.0239260730832013,7,101
11,2015,26,European hake juv.,0.267969988156298,7,101
11,2015,43,Mullets,0.0677267620700351,5,83
11,2015,48,Small demersal sharks,0.0854170629023397,6,82
11,2015,54,Coastal benthic cephalopods,0.0158608402738437,4,62
11,2015,31,Common pandora,0.00500834379120635,4,62
11,2015,64,European lobster,0.0010785351748001,3,43
11,2015,68,Jellyfish,0.121336552112149,5,83
11,2015,18,Sardine,0.419536257244267,4,62
11,2015,20,Round sardinella,0.000487636555966752,2,19
11,2015,47,Small-spotted catshark,0.0202575877759697,5,83
11,2015,21,Other small pelagic fish,0.0287131780114606,4,62
11,2015,50,Torpedos,0.00211385600235282,4,62
11,2015,39,Other commercial shallow medium demersal fish,0.0366764667583357,5,83
11,2015,16,Horse mackerels,0.219704521005573,5,83
11,2016,58,Benthic mollusc,0.000922597121771424,6,100
11,2016,70,Corals and gorgonians,7.60554016410371e-05,5,83
11,2016,55,Benthopelagic cephalopods,0.0339853970934882,7,101
11,2016,38,Flatfishes,0.0302502762631055,7,101
11,2016,67,Other macro-benthos,0.0665860514585851,7,101
11,2016,45,No commercial small demersal fish,0.0474946032197343,7,101
11,2016,33,Sparidae+,0.181256837301153,6,100
11,2016,66,Non-commercial decapods,0.0527139704103115,7,101
11,2016,41,No commercial medium demersal fish,0.00538607103893499,5,83
11,2016,35,Scorpaenidae,0.0224532843976396,7,101
11,2016,76,Macroalgae,0.112093432399282,4,55
11,2016,37,Labridae and serranidae+,0.00708124716357137,4,62
11,2016,49,Rays and skates,0.160510571632884,7,101
11,2016,57,Other benthic cephalopods,0.0123953310181331,7,101
11,2016,19,Anchovy,0.124605133545573,4,62
11,2016,65,Other commercial decapods,0.000709187848928087,4,59
11,2016,26,European hake juv.,0.102818546967006,7,101
11,2016,43,Mullets,0.0217027415301998,6,100
11,2016,54,Coastal benthic cephalopods,0.0202518225742161,4,62
11,2016,31,Common pandora,0.00492858196155035,4,62
11,2016,68,Jellyfish,0.0522847651568671,7,101
11,2016,69,Salps and other gelatinous zooplankton,0.00110784007990632,4,57
11,2016,47,Small-spotted catshark,0.0282200407845767,7,101
11,2016,21,Other small pelagic fish,0.0840316146367145,4,62
11,2016,50,Torpedos,0.00118904486803874,4,64
11,2016,39,Other commercial shallow medium demersal fish,0.0248819094923148,5,83
11,2016,16,Horse mackerels,0.323964124988707,5,83
11,2017,67,Other macro-benthos,0.029901518751628,7,104
11,2017,55,Benthopelagic cephalopods,0.0938471911493874,7,104
11,2017,38,Flatfishes,0.0483530648876187,7,104
11,2017,41,No commercial medium demersal fish,0.0206320573484349,5,86
11,2017,45,No commercial small demersal fish,0.0346767963969558,7,104
11,2017,33,Sparidae+,0.31678820257042,5,86
11,2017,76,Macroalgae,0.11689081496645,6,103
11,2017,35,Scorpaenidae,0.0351008668328613,7,104
11,2017,37,Labridae and serranidae+,0.00393909580253657,5,86
11,2017,66,Non-commercial decapods,0.0705208221242877,7,104
11,2017,49,Rays and skates,0.140890309610967,5,86
11,2017,57,Other benthic cephalopods,0.010356677701562,7,104
11,2017,19,Anchovy,0.436712606753581,4,65
11,2017,26,European hake juv.,0.131968386764335,7,104
11,2017,43,Mullets,0.0296988748360928,5,86
11,2017,54,Coastal benthic cephalopods,0.026598251973451,5,86
11,2017,31,Common pandora,0.0138416448285519,4,65
11,2017,68,Jellyfish,0.0160063244240745,7,104
11,2017,69,Salps and other gelatinous zooplankton,0.000652095659472989,4,60
11,2017,18,Sardine,0.070247228033763,4,65
11,2017,20,Round sardinella,0.0260579895544718,4,65
11,2017,15,Mackerels,0.0734456097112131,4,65
11,2017,17,Other medium pelagic fishes,8.46814854711962e-05,3,41
11,2017,47,Small-spotted catshark,0.0306268830344399,5,86
11,2017,21,Other small pelagic fish,0.0683515041500923,4,65
11,2017,50,Torpedos,0.00290729166382925,5,86
11,2017,39,Other commercial shallow medium demersal fish,0.0212859482071239,7,104
11,2017,16,Horse mackerels,0.548833966188502,5,86
11,2017,58,Benthic mollusc,0.000371268588735314,5,79
11,2018,67,Other macro-benthos,0.064177153894832,7,101
11,2018,70,Corals and gorgonians,1.2813998985337e-05,5,83
11,2018,38,Flatfishes,0.021462286449416,7,101
11,2018,45,No commercial small demersal fish,0.0573757469061867,7,101
11,2018,33,Sparidae+,0.289394742721454,6,100
11,2018,54,Coastal benthic cephalopods,0.013911766350605,4,59
11,2018,76,Macroalgae,0.0323781543218718,6,100
11,2018,41,No commercial medium demersal fish,0.00368891751079332,6,100
11,2018,35,Scorpaenidae,0.022477269734003,7,101
11,2018,25,European conger,0.00638562133664913,5,59
11,2018,37,Labridae and serranidae+,0.0032616930566194,4,62
11,2018,66,Non-commercial decapods,0.0412839310143629,7,101
11,2018,49,Rays and skates,0.0793939004422368,7,101
11,2018,57,Other benthic cephalopods,0.00532651405012542,7,101
11,2018,19,Anchovy,0.268004864400764,4,62
11,2018,55,Benthopelagic cephalopods,0.0731064333816453,7,101
11,2018,24,Anglerfish,0.0187471325272447,6,77
11,2018,65,Other commercial decapods,0.00206961201496431,4,59
11,2018,26,European hake juv.,0.178933936720423,7,101
11,2018,43,Mullets,0.0201731081767106,5,83
11,2018,48,Small demersal sharks,0.0420801402983211,6,83
11,2018,31,Common pandora,0.00365905620709026,4,62
11,2018,58,Benthic mollusc,9.00408955309362e-05,6,100
11,2018,68,Jellyfish,0.0262102007340084,7,101
11,2018,69,Salps and other gelatinous zooplankton,0.00131177271000227,4,58
11,2018,18,Sardine,0.154154593878071,4,62
11,2018,20,Round sardinella,0.00674661026287589,3,38
11,2018,47,Small-spotted catshark,0.0179993893034332,7,101
11,2018,21,Other small pelagic fish,0.0984375423820836,4,62
11,2018,50,Torpedos,0.00126163552180745,2,20
11,2018,39,Other commercial shallow medium demersal fish,0.0250702138173641,5,83
11,2018,16,Horse mackerels,0.246572603377701,5,83
11,2019,67,Other macro-benthos,0.0652301288945146,7,103
11,2019,55,Benthopelagic cephalopods,0.0805076604793754,7,103
11,2019,38,Flatfishes,0.0218180934892001,7,103
11,2019,45,No commercial small demersal fish,0.094202782159253,7,103
11,2019,33,Sparidae+,0.279461824103741,6,102
11,2019,41,No commercial medium demersal fish,0.0057783835464351,5,85
11,2019,76,Macroalgae,0.00754414973408539,4,64
11,2019,37,Labridae and serranidae+,0.00373063733174974,5,85
11,2019,35,Scorpaenidae,0.0259790766835557,7,103
11,2019,66,Non-commercial decapods,0.061205508635871,7,103
11,2019,49,Rays and skates,0.121309846231228,6,102
11,2019,57,Other benthic cephalopods,0.0106338738102887,7,103
11,2019,70,Corals and gorgonians,2.86467130424286e-05,6,102
11,2019,24,Anglerfish,0.0169588456979709,7,103
11,2019,65,Other commercial decapods,0.000283682325284195,3,43
11,2019,26,European hake juv.,0.275886595903004,7,103
11,2019,43,Mullets,0.0553436984197874,5,85
11,2019,48,Small demersal sharks,0.0533305625470069,7,103
11,2019,54,Coastal benthic cephalopods,0.0214805865292466,4,64
11,2019,31,Common pandora,0.00600705105086139,4,64
11,2019,68,Jellyfish,0.0676357556505602,7,103
11,2019,14,Other large pelagic fishes,0.000500928355669736,2,22
11,2019,18,Sardine,0.145672360304059,4,64
11,2019,20,Round sardinella,0.0201979235129357,3,40
11,2019,47,Small-spotted catshark,0.0256608537442666,5,85
11,2019,21,Other small pelagic fish,0.0997163060650423,4,64
11,2019,50,Torpedos,0.000753897318928087,4,64
11,2019,39,Other commercial shallow medium demersal fish,0.0259113868011109,5,85
11,2019,16,Horse mackerels,2.17638812865143,5,85
11,2019,58,Benthic mollusc,0.00531682510024218,5,81
11,2020,67,Other macro-benthos,0.0195777321146795,7,102
11,2020,55,Benthopelagic cephalopods,0.111428265459528,7,102
11,2020,38,Flatfishes,0.0223065839699234,7,102
11,2020,41,No commercial medium demersal fish,0.0135178750826767,5,84
11,2020,45,No commercial small demersal fish,0.0834633100582605,7,102
11,2020,33,Sparidae+,0.149743807412537,5,84
11,2020,54,Coastal benthic cephalopods,0.0151704662013446,6,101
11,2020,76,Macroalgae,0.0309934710800869,5,84
11,2020,35,Scorpaenidae,0.0244235244318172,7,102
11,2020,66,Non-commercial decapods,0.0614146153961092,7,102
11,2020,49,Rays and skates,0.12621863604573,7,102
11,2020,57,Other benthic cephalopods,0.00849131655009611,7,102
11,2020,19,Anchovy,0.0117506117956918,4,63
11,2020,65,Other commercial decapods,0.000481546717123064,3,41
11,2020,26,European hake juv.,0.122315117423803,7,102
11,2020,43,Mullets,0.0986921961756584,6,101
11,2020,31,Common pandora,0.00551115355531845,4,63
11,2020,68,Jellyfish,0.0181223154642131,7,102
11,2020,18,Sardine,0.156581727022553,4,63
11,2020,20,Round sardinella,0.0235158720668382,4,63
11,2020,17,Other medium pelagic fishes,0.000133537386920803,3,39
11,2020,14,Other large pelagic fishes,0.00264386860051392,2,20
11,2020,37,Labridae and serranidae+,0.00308035586258402,4,63
11,2020,21,Other small pelagic fish,0.0358596785712615,4,63
11,2020,50,Torpedos,0.00275165930158157,4,63
11,2020,39,Other commercial shallow medium demersal fish,0.0252407946202086,5,84
11,2020,16,Horse mackerels,0.312820095927178,7,102
11,2020,58,Benthic mollusc,0.000119149198122524,5,77
11,2021,55,Benthopelagic cephalopods,0.0691817551002654,7,103
11,2021,67,Other macro-benthos,0.029985408172522,7,103
11,2021,38,Flatfishes,0.0483531925143504,7,103
11,2021,45,No commercial small demersal fish,0.0503903626164461,7,103
11,2021,33,Sparidae+,0.148082106278973,5,85
11,2021,76,Macroalgae,0.0179759333314115,6,102
11,2021,37,Labridae and serranidae+,0.00285826806418709,4,64
11,2021,35,Scorpaenidae,0.0440338429594477,7,103
11,2021,66,Non-commercial decapods,0.056123095510993,7,103
11,2021,49,Rays and skates,0.211889014382784,7,103
11,2021,34,Common dentex,0.00226135029212003,2,21
11,2021,57,Other benthic cephalopods,0.00420317955039916,7,103
11,2021,70,Corals and gorgonians,4.07168540361969e-05,6,102
11,2021,26,European hake juv.,0.1413213577211,7,103
11,2021,43,Mullets,0.0204504791010273,5,85
11,2021,54,Coastal benthic cephalopods,0.00742216607169076,4,64
11,2021,31,Common pandora,0.00524106235997434,4,64
11,2021,68,Jellyfish,0.0223192116775804,7,103
11,2021,69,Salps and other gelatinous zooplankton,0.00262644299696651,4,59
11,2021,18,Sardine,0.0451535857222335,4,64
11,2021,20,Round sardinella,0.00164271619875158,2,21
11,2021,47,Small-spotted catshark,0.021286932913722,5,85
11,2021,21,Other small pelagic fish,0.093640695405116,4,64
11,2021,50,Torpedos,0.00117914293827657,3,45
11,2021,41,No commercial medium demersal fish,0.00406855246475188,5,85
11,2021,39,Other commercial shallow medium demersal fish,0.0183503537518499,5,85
11,2021,16,Horse mackerels,0.146224153556554,5,85
11,2021,58,Benthic mollusc,3.94299126634504e-05,4,57
11,2023,67,Other macro-benthos,0.0466387105668063,7,101
11,2023,55,Benthopelagic cephalopods,0.0574453417747537,7,101
11,2023,38,Flatfishes,0.0885999653104535,7,101
11,2023,44,Commercial small demersal fish,0.00243005416536832,3,38
11,2023,45,No commercial small demersal fish,0.0645419122313463,7,101
11,2023,33,Sparidae+,0.343495367009372,5,83
11,2023,35,Scorpaenidae,0.0375127590780081,7,101
11,2023,76,Macroalgae,0.182986618197464,5,83
11,2023,37,Labridae and serranidae+,0.00574953665443363,4,62
11,2023,66,Non-commercial decapods,0.0498583965302315,7,101
11,2023,49,Rays and skates,0.236552127567094,6,100
11,2023,34,Common dentex,0.00847221528081643,2,19
11,2023,57,Other benthic cephalopods,0.00646968268156377,7,101
11,2023,19,Anchovy,0.00213170148801741,4,62
11,2023,24,Anglerfish,0.0133671413446725,5,83
11,2023,65,Other commercial decapods,5.2595771682163e-06,2,19
11,2023,26,European hake juv.,0.12949587824973,7,101
11,2023,43,Mullets,0.0315609990958875,5,83
11,2023,54,Coastal benthic cephalopods,0.00949465084804393,4,62
11,2023,31,Common pandora,0.00630330013238833,3,38
11,2023,64,European lobster,0.00107004380950242,3,43
11,2023,20,Round sardinella,0.00332005706204967,2,19
11,2023,42,Salema,0.000297313844817542,2,19
11,2023,15,Mackerels,0.00182267228407468,4,62
11,2023,17,Other medium pelagic fishes,0.00120615793011005,3,38
11,2023,47,Small-spotted catshark,0.0231235051405199,7,101
11,2023,21,Other small pelagic fish,0.0766180764964179,4,62
11,2023,50,Torpedos,0.00253301367236287,3,40
11,2023,41,No commercial medium demersal fish,0.00482389200106653,4,62
11,2023,39,Other commercial shallow medium demersal fish,0.0226802259967875,5,83
11,2023,16,Horse mackerels,2.09570557852398,7,101
11,2023,58,Benthic mollusc,1.4206597291521e-05,4,55
11,1994,44,Commercial small demersal fish,0.00641446300205143,2,41
11,1994,62,Caramote prawn,1.43930267676312e-05,1,16
11,1995,46,Bathydemersal (deep sea) fish,0.184724295870019,6,108
11,1995,40,Other commercial deep medium demersal fish,0.0719607735079033,5,88
11,1995,44,Commercial small demersal fish,0.446008985764206,2,39
11,1995,62,Caramote prawn,1.36827641401301e-05,1,19
11,1995,29,Poor cod,0.00914331013479348,4,90
11,1996,44,Commercial small demersal fish,0.00682849704514759,2,44
11,1996,32,Blackspot seabream,0.00823463086170132,6,126
11,1997,40,Other commercial deep medium demersal fish,0.0655268443581171,5,104
11,1997,44,Commercial small demersal fish,0.00590881855654848,2,44
11,1997,22,Benthopelagic fishes,0.0477774877245986,5,104
11,1997,29,Poor cod,0.00552780202405039,4,101
11,1998,44,Commercial small demersal fish,0.00952734850802008,2,43
11,1998,50,Torpedos,0.00108391995610272,4,98
11,1998,29,Poor cod,0.00544587976502795,4,98
11,1999,46,Bathydemersal (deep sea) fish,0.199394435290823,6,124
11,1999,44,Commercial small demersal fish,0.00830273366430975,2,42
11,1999,32,Blackspot seabream,0.00299615847226949,5,102
11,1999,50,Torpedos,0.00178032921231015,4,99
11,1999,29,Poor cod,0.0198727371220576,4,99
11,2000,44,Commercial small demersal fish,0.0132726112741234,2,41
11,2000,66,Non-commercial decapods,0.163189149138376,5,102
11,2000,50,Torpedos,0.00150324588664405,4,96
11,2000,29,Poor cod,0.0237815752903402,4,96
11,2001,44,Commercial small demersal fish,0.0141211028318566,2,41
11,2001,66,Non-commercial decapods,0.178228893192856,6,123
11,2002,44,Commercial small demersal fish,0.0022055378847545,1,20
11,2003,40,Other commercial deep medium demersal fish,0.12373332887455,5,81
11,2003,46,Bathydemersal (deep sea) fish,0.45447787898058,6,100
11,2003,44,Commercial small demersal fish,0.00338748198095492,4,85
11,2003,32,Blackspot seabream,0.00165664924611248,5,81
11,2003,29,Poor cod,0.0316257111514568,4,85
11,2004,40,Other commercial deep medium demersal fish,0.0753358911523217,5,79
11,2004,29,Poor cod,0.0270031489190357,4,80
11,2005,40,Other commercial deep medium demersal fish,0.0878121711390397,5,76
11,2005,44,Commercial small demersal fish,0.0118505832652899,2,39
11,2005,29,Poor cod,0.0449602800232597,4,83
11,2006,46,Bathydemersal (deep sea) fish,0.195986908576602,6,99
11,2006,44,Commercial small demersal fish,0.010245558999457,2,38
11,2006,17,Other medium pelagic fishes,0.000463058554788982,1,19
11,2006,29,Poor cod,0.0438629281947986,4,82
11,2007,32,Blackspot seabream,0.00221124854683546,6,101
11,2007,29,Poor cod,0.0387724163175129,4,83
11,2008,22,Benthopelagic fishes,0.0269367587575449,5,78
11,2008,46,Bathydemersal (deep sea) fish,0.0873960480411647,6,96
11,2009,44,Commercial small demersal fish,0.159407504946618,2,38
11,2009,29,Poor cod,0.0156398634781711,4,81
11,2010,44,Commercial small demersal fish,0.0440764134411116,3,62
11,2010,32,Blackspot seabream,0.00185872736434405,6,100
11,2011,40,Other commercial deep medium demersal fish,0.0569658203973843,6,102
11,2011,44,Commercial small demersal fish,0.018089862954058,2,39
11,2011,32,Blackspot seabream,0.000743331778046833,6,102
11,2011,29,Poor cod,0.0189507292506052,4,84
11,2012,46,Bathydemersal (deep sea) fish,0.115729145606361,6,102
11,2012,40,Other commercial deep medium demersal fish,0.0514834914752838,5,83
11,2012,74,Posidonia,0.000864653969252115,5,101
11,2012,29,Poor cod,0.0126058585953113,4,84
11,2013,44,Commercial small demersal fish,0.0154300568581076,2,39
11,2013,74,Posidonia,0.00824386545553328,2,39
11,2013,79,Detritus,0.000491585753751344,4,82
11,2014,44,Commercial small demersal fish,0.00725364428912266,2,40
11,2014,62,Caramote prawn,7.09221167850428e-05,1,21
11,2014,74,Posidonia,0.01635464619249,5,102
11,2014,46,Bathydemersal (deep sea) fish,0.13539237464691,6,103
11,2015,44,Commercial small demersal fish,0.00312416389155706,2,37
11,2015,74,Posidonia,0.000800739659359337,2,37
11,2015,15,Mackerels,6.00922588004254e-05,2,37
11,2016,44,Commercial small demersal fish,0.0184020747714398,4,82
11,2016,24,Anglerfish,0.0343369790458178,5,81
11,2016,62,Caramote prawn,0.000395686496272971,1,18
11,2016,74,Posidonia,0.0853426014009898,2,37
11,2017,46,Bathydemersal (deep sea) fish,0.0282692502340063,5,84
11,2017,44,Commercial small demersal fish,0.00199205329844095,2,40
11,2017,62,Caramote prawn,0.000916844235752015,1,21
11,2017,74,Posidonia,0.0131268832781518,3,59
11,2018,44,Commercial small demersal fish,0.00681325688304749,1,19
11,2018,62,Caramote prawn,0.000469875364162569,1,19
11,2018,74,Posidonia,0.000621210157640078,3,60
11,2019,44,Commercial small demersal fish,0.0382899427488229,2,39
11,2019,32,Blackspot seabream,0.00240276752618136,5,84
11,2019,62,Caramote prawn,0.000683720246941278,1,21
11,2019,74,Posidonia,0.00101715101108696,4,77
11,2019,79,Detritus,8.59976681888915e-07,1,21
11,2020,44,Commercial small demersal fish,0.0163276171485022,2,38
11,2020,74,Posidonia,6.80169621510334e-05,1,19
11,2021,22,Benthopelagic fishes,0.024502762806024,4,59
11,2021,44,Commercial small demersal fish,0.0116350700163684,2,39
11,2021,23,No commercial meso (bathy) pelagic fishes,0.030751480415658,5,78
11,2021,32,Blackspot seabream,0.000807898958871955,5,83
11,2021,74,Posidonia,0.000502135127812998,4,77
11,2021,15,Mackerels,0.00264386422985802,3,63
11,2023,46,Bathydemersal (deep sea) fish,0.180480169007991,6,100
11,2023,40,Other commercial deep medium demersal fish,0.0252644777357014,5,81
11,2023,22,Benthopelagic fishes,0.0409772147226818,4,57
11,2023,70,Corals and gorgonians,6.2378251361442e-05,6,100
11,2023,74,Posidonia,0.00747964949687712,2,37
11,1994,46,Bathydemersal (deep sea) fish,0.355980938567152,5,101
11,1994,67,Other macro-benthos,1.44292452071157e-05,1,25
11,1994,25,European conger,0.00232534720262786,5,101
11,1994,20,Round sardinella,0.00559888288637104,2,45
11,1994,47,Small-spotted catshark,0.0202945737817904,3,77
11,1994,29,Poor cod,0.0145568940204733,3,77
11,1995,22,Benthopelagic fishes,0.0757895969678545,4,66
11,1995,32,Blackspot seabream,0.00194929633888831,4,66
11,1995,64,European lobster,0.00215873449795005,3,71
11,1995,20,Round sardinella,0.000248668228892885,1,20
11,1996,46,Bathydemersal (deep sea) fish,0.270227839039215,5,104
11,1996,19,Anchovy,0.00815642278743309,2,52
11,1996,40,Other commercial deep medium demersal fish,0.0633785859901521,5,104
11,1996,64,European lobster,0.00189062378068937,2,52
11,1996,29,Poor cod,0.0166053933455478,3,81
11,1997,17,Other medium pelagic fishes,0.00120581231542986,1,23
11,1997,25,European conger,0.000935370354124674,5,106
11,1997,19,Anchovy,0.0721933423969187,2,54
11,1997,32,Blackspot seabream,0.000239956644064261,5,106
11,1997,64,European lobster,0.000198959032045926,1,23
11,1998,46,Bathydemersal (deep sea) fish,0.123094196378092,5,103
11,1998,66,Non-commercial decapods,0.127043364393632,5,103
11,1998,25,European conger,0.0210289182727594,5,103
11,1998,19,Anchovy,0.146249708283223,2,52
11,1998,20,Round sardinella,0.00262236074665669,1,22
11,1999,25,European conger,0.0255730203923122,5,104
11,1999,19,Anchovy,0.0200077967066181,2,52
11,1999,40,Other commercial deep medium demersal fish,0.0895880486041742,5,104
11,1999,65,Other commercial decapods,0.000848308619716907,3,73
11,2000,46,Bathydemersal (deep sea) fish,0.506935893606185,5,105
11,2000,48,Small demersal sharks,0.190992920110972,4,74
11,2000,25,European conger,0.00333527303262153,5,105
11,2000,19,Anchovy,0.0190582709761903,2,53
11,2000,30,Blue whiting,0.0217656541811909,4,74
11,2000,32,Blackspot seabream,0.000754507621460395,4,74
11,2000,64,European lobster,0.000529039127373703,2,53
11,2001,46,Bathydemersal (deep sea) fish,0.291095822396434,5,106
11,2001,22,Benthopelagic fishes,0.0673290658117362,5,106
11,2001,25,European conger,0.0122605203749202,4,76
11,2001,19,Anchovy,0.0310676822071193,2,54
11,2001,48,Small demersal sharks,0.426463487397253,5,106
11,2001,29,Poor cod,0.0307425916143733,3,79
11,2002,19,Anchovy,0.0125922238078718,2,43
11,2002,24,Anglerfish,0.058618481450057,5,80
11,2002,47,Small-spotted catshark,0.0394820624206869,5,80
11,2002,50,Torpedos,0.000387532571174836,2,39
11,2003,66,Non-commercial decapods,0.0829843600318215,5,82
11,2003,25,European conger,0.0113668488606687,4,58
11,2003,48,Small demersal sharks,0.357563789932852,5,82
11,2003,15,Mackerels,0.00099115070575252,2,43
11,2003,50,Torpedos,2.83342276050515e-05,1,19
11,2004,46,Bathydemersal (deep sea) fish,0.12387238409111,5,78
11,2004,19,Anchovy,0.0634633360599493,2,41
11,2004,23,No commercial meso (bathy) pelagic fishes,0.0283160502068778,5,78
11,2005,46,Bathydemersal (deep sea) fish,0.163337559918884,5,81
11,2005,34,Common dentex,0.0012308764350113,1,22
11,2005,19,Anchovy,0.102868902011304,2,46
11,2005,66,Non-commercial decapods,0.0929179992897847,5,81
11,2005,65,Other commercial decapods,0.000258883412706661,2,46
11,2005,32,Blackspot seabream,0.000280533688218238,3,66
11,2005,17,Other medium pelagic fishes,0.000548355754840592,2,46
11,2006,19,Anchovy,0.0423959468355948,2,43
11,2006,40,Other commercial deep medium demersal fish,0.0786408243128935,5,80
11,2006,28,Other commercial large demersal fish,0.00106670040270599,4,56
11,2006,32,Blackspot seabream,0.00095785087230333,5,80
11,2006,50,Torpedos,0.000172941197772963,3,63
11,2007,46,Bathydemersal (deep sea) fish,0.446733796005293,5,81
11,2007,15,Mackerels,0.00589437809465482,2,43
11,2008,25,European conger,0.0164579724931504,5,77
11,2008,19,Anchovy,0.00174949725672821,2,39
11,2008,44,Commercial small demersal fish,0.0013895947121575,1,18
11,2008,24,Anglerfish,0.0715244456110567,5,77
11,2008,18,Sardine,0.19912515304195,2,39
11,2008,29,Poor cod,0.0147787073585951,3,60
11,2009,46,Bathydemersal (deep sea) fish,0.0925724375491676,5,80
11,2009,66,Non-commercial decapods,0.10002655626143,5,80
11,2009,18,Sardine,0.117304228183982,3,63
11,2010,46,Bathydemersal (deep sea) fish,0.143151192677418,5,80
11,2010,19,Anchovy,0.0334362510953104,2,42
11,2010,66,Non-commercial decapods,0.0912487345083428,5,80
11,2010,29,Poor cod,0.0184775104038504,3,62
11,2011,46,Bathydemersal (deep sea) fish,0.125689291237109,5,82
11,2011,19,Anchovy,0.0766552158446525,2,43
11,2012,34,Common dentex,0.00260077304777088,1,19
11,2012,19,Anchovy,0.0927489086394799,2,43
11,2012,68,Jellyfish,0.00482045778955935,4,58
11,2012,58,Benthic mollusc,4.03872576723168e-05,5,82
11,2013,46,Bathydemersal (deep sea) fish,0.0994516370922539,5,82
11,2013,25,European conger,0.0101018092562325,4,58
11,2013,34,Common dentex,0.0015137382463185,1,19
11,2013,19,Anchovy,0.379731829817283,2,43
11,2013,24,Anglerfish,0.0227146918638028,5,82
11,2013,70,Corals and gorgonians,0.000218603688549743,4,81
11,2013,29,Poor cod,0.0102108459270988,3,64
11,2014,24,Anglerfish,0.0474775962247474,5,82
11,2014,64,European lobster,0.00224574971650605,2,40
11,2014,15,Mackerels,0.00240945447646852,2,43
11,2014,29,Poor cod,0.00739862550765583,3,64
11,2015,46,Bathydemersal (deep sea) fish,0.0881233773317345,5,82
11,2015,25,European conger,0.0260462405459076,4,58
11,2015,19,Anchovy,0.249376540819046,2,43
11,2015,40,Other commercial deep medium demersal fish,0.0488568469388681,5,82
11,2015,65,Other commercial decapods,0.000578383264574393,2,40
11,2015,29,Poor cod,0.010305972182176,2,43
11,2016,46,Bathydemersal (deep sea) fish,0.0505210719182579,5,82
11,2016,23,No commercial meso (bathy) pelagic fishes,0.0493318393554429,5,82
11,2016,22,Benthopelagic fishes,0.02218783624783,4,58
11,2016,64,European lobster,0.00146565566260939,3,64
11,2016,18,Sardine,0.202033961561522,2,43
11,2016,29,Poor cod,0.00277251274964747,3,64
11,2017,25,European conger,0.00246829508872008,5,82
11,2017,24,Anglerfish,0.0575317286116204,5,82
11,2017,65,Other commercial decapods,0.000243553520873805,1,19
11,2017,64,European lobster,0.000515293396279801,2,40
11,2017,70,Corals and gorgonians,9.23973970657389e-06,2,40
11,2017,29,Poor cod,0.00615460095044243,3,64
11,2018,15,Mackerels,0.00369288420676022,2,35
11,2018,46,Bathydemersal (deep sea) fish,0.025939025218641,5,81
11,2018,29,Poor cod,0.00260170398667134,3,63
11,2019,46,Bathydemersal (deep sea) fish,0.0922766266900044,5,81
11,2019,34,Common dentex,0.00325892439124044,1,18
11,2019,19,Anchovy,0.0654263484539439,2,42
11,2019,29,Poor cod,0.00162211747443257,2,42
11,2020,25,European conger,0.012327208649709,4,61
11,2020,70,Corals and gorgonians,2.02195575733296e-05,3,64
11,2020,22,Benthopelagic fishes,0.0244413040084053,5,82
11,2020,48,Small demersal sharks,0.0767707359272231,5,82
11,2020,69,Salps and other gelatinous zooplankton,0.00104396930534622,4,81
11,2020,15,Mackerels,0.000483970193164446,1,19
11,2020,47,Small-spotted catshark,0.02268823062388,5,82
11,2020,29,Poor cod,0.00309462479628764,3,64
11,2021,19,Anchovy,0.00315278968998224,2,43
11,2021,24,Anglerfish,0.00886996297559964,3,64
11,2021,48,Small demersal sharks,0.065592558474867,5,82
11,2021,46,Bathydemersal (deep sea) fish,0.10340531580602,5,82
11,2021,29,Poor cod,0.0034995209172316,3,64
11,2023,68,Jellyfish,0.163521766326576,5,82
11,2023,18,Sardine,0.0539130981981819,2,43
11,2023,29,Poor cod,0.00316935519689631,3,64
11,1994,60,Blue and red shrimp,0.102876663228477,4,76
11,1994,64,European lobster,0.00039235914043265,1,20
11,1994,59,Deep-water rose shrimp,0.00159191021096016,4,76
11,1994,40,Other commercial deep medium demersal fish,0.0461257064154972,4,76
11,1995,48,Small demersal sharks,0.111879772652438,4,69
11,1995,59,Deep-water rose shrimp,0.00179862124139748,4,69
11,1996,23,No commercial meso (bathy) pelagic fishes,0.0928915041569241,4,82
11,1996,22,Benthopelagic fishes,0.0738429134533531,4,82
11,1996,30,Blue whiting,0.0138310001284814,4,82
11,1996,59,Deep-water rose shrimp,0.00180153094702253,4,82
11,1996,48,Small demersal sharks,0.256651450647284,4,82
11,1997,46,Bathydemersal (deep sea) fish,0.116165840841182,4,83
11,1997,23,No commercial meso (bathy) pelagic fishes,0.0342923229089539,4,83
11,1997,30,Blue whiting,0.00603913932101963,4,83
11,1997,65,Other commercial decapods,0.000136004510876285,1,31
11,1997,59,Deep-water rose shrimp,0.00535329373031618,4,83
11,1997,62,Caramote prawn,1.36031360753855e-05,1,31
11,1997,48,Small demersal sharks,0.332836893722568,4,83
11,1998,40,Other commercial deep medium demersal fish,0.065164968098696,4,81
11,1998,22,Benthopelagic fishes,0.052328986055122,4,81
11,1998,63,Norway lobster,0.00725338573206274,4,81
11,1998,32,Blackspot seabream,0.00122764206725454,4,81
11,1998,64,European lobster,0.00422760416919758,2,55
11,1998,59,Deep-water rose shrimp,0.015917897349406,4,81
11,1999,23,No commercial meso (bathy) pelagic fishes,0.0708209528081742,4,82
11,1999,48,Small demersal sharks,0.329451686056739,4,82
11,1999,30,Blue whiting,0.0137823339068265,4,82
11,1999,59,Deep-water rose shrimp,0.0243655974970377,4,82
11,2000,40,Other commercial deep medium demersal fish,0.0853332661985738,4,83
11,2000,22,Benthopelagic fishes,0.0534690867157244,4,83
11,2000,59,Deep-water rose shrimp,0.0112933954239902,4,83
11,2001,40,Other commercial deep medium demersal fish,0.153937926650207,4,82
11,2001,23,No commercial meso (bathy) pelagic fishes,0.107191192983087,4,82
11,2001,30,Blue whiting,0.0106634049817519,4,82
11,2001,32,Blackspot seabream,0.00150132448607036,4,82
11,2001,64,European lobster,0.00114078973433666,3,81
11,2001,59,Deep-water rose shrimp,0.00583302019788835,4,82
11,2001,15,Mackerels,0.000348926971331753,1,30
11,2002,46,Bathydemersal (deep sea) fish,0.0865766272677799,4,61
11,2002,22,Benthopelagic fishes,0.0427720198324072,4,61
11,2002,28,Other commercial large demersal fish,0.000190336436014113,2,44
11,2002,48,Small demersal sharks,0.353886831698481,4,61
11,2002,29,Poor cod,0.0118322487562496,2,44
11,2003,23,No commercial meso (bathy) pelagic fishes,0.13209557676554,4,63
11,2003,22,Benthopelagic fishes,0.0580276154346751,4,63
11,2003,30,Blue whiting,0.0808160794827354,4,63
11,2003,59,Deep-water rose shrimp,0.0139215036835408,4,63
11,2004,25,European conger,0.0021125814688427,4,61
11,2004,48,Small demersal sharks,0.283713040303478,4,61
11,2004,22,Benthopelagic fishes,0.0319970530676961,4,61
11,2004,30,Blue whiting,0.0170309794055813,4,61
11,2004,59,Deep-water rose shrimp,0.00898236585090761,4,61
11,2004,15,Mackerels,0.00336581068822046,1,24
11,2005,23,No commercial meso (bathy) pelagic fishes,0.133813266645455,4,59
11,2005,48,Small demersal sharks,0.198795425466806,4,59
11,2005,22,Benthopelagic fishes,0.0335621371321903,4,59
11,2005,67,Other macro-benthos,5.63670564936789e-05,1,24
11,2005,30,Blue whiting,0.0597958929015654,4,59
11,2005,64,European lobster,0.000579340295452863,1,24
11,2005,59,Deep-water rose shrimp,0.00263559393633107,4,59
11,2006,23,No commercial meso (bathy) pelagic fishes,0.0788479815336476,4,61
11,2006,30,Blue whiting,0.0206232597351123,4,61
11,2006,59,Deep-water rose shrimp,0.00783534410956726,4,61
11,2006,15,Mackerels,0.00289513844872513,1,24
11,2006,48,Small demersal sharks,0.104626875167204,4,61
11,2007,17,Other medium pelagic fishes,0.000243667031216423,1,24
11,2007,48,Small demersal sharks,0.337700188074485,4,62
11,2007,56,Mesopelagic cephalopods,0.00548503451056587,3,42
11,2007,30,Blue whiting,0.0847586330375845,4,62
11,2007,63,Norway lobster,0.00855040604769373,4,62
11,2007,64,European lobster,0.00034780189275944,2,44
11,2007,59,Deep-water rose shrimp,0.00271649216609962,4,62
11,2008,48,Small demersal sharks,0.205228478167623,4,59
11,2008,40,Other commercial deep medium demersal fish,0.0620750776801392,4,59
11,2008,30,Blue whiting,0.0140606072148825,4,59
11,2008,63,Norway lobster,0.0107867739091044,4,59
11,2008,64,European lobster,0.00148236479892021,1,21
11,2008,59,Deep-water rose shrimp,0.00158140972429473,4,59
11,2008,23,No commercial meso (bathy) pelagic fishes,0.0326784950303029,4,59
11,2009,23,No commercial meso (bathy) pelagic fishes,0.119090907392809,4,60
11,2009,32,Blackspot seabream,0.00105699357562301,4,60
11,2009,64,European lobster,0.00362116558270673,2,43
11,2009,59,Deep-water rose shrimp,0.00774649048977037,4,60
11,2009,40,Other commercial deep medium demersal fish,0.0709371414413591,4,60
11,2009,48,Small demersal sharks,0.180553713671127,4,60
11,2010,56,Mesopelagic cephalopods,0.00160914300058879,4,62
11,2010,22,Benthopelagic fishes,0.0445647700806655,4,62
11,2010,30,Blue whiting,0.00397657946869545,4,62
11,2010,48,Small demersal sharks,0.30359445982031,4,62
11,2010,59,Deep-water rose shrimp,0.0108390479285961,4,62
11,2010,40,Other commercial deep medium demersal fish,0.0767459863146404,4,62
11,2011,34,Common dentex,0.00145837719511179,1,24
11,2011,48,Small demersal sharks,0.283396416485413,4,63
11,2011,56,Mesopelagic cephalopods,0.0123033905213705,4,63
11,2011,66,Non-commercial decapods,0.0926844771851998,4,63
11,2011,30,Blue whiting,0.0070269474588552,4,63
11,2011,23,No commercial meso (bathy) pelagic fishes,0.0376341131059025,4,63
11,2011,64,European lobster,0.0120739514738334,2,45
11,2011,59,Deep-water rose shrimp,0.0133659916958396,4,63
11,2012,70,Corals and gorgonians,0.000108049519182357,1,24
11,2012,48,Small demersal sharks,0.287842063257524,4,63
11,2012,22,Benthopelagic fishes,0.0368367727301104,4,63
11,2012,23,No commercial meso (bathy) pelagic fishes,0.0376905329279821,4,63
11,2012,59,Deep-water rose shrimp,0.0108613856906487,4,63
11,2012,69,Salps and other gelatinous zooplankton,0.00306468653593746,2,41
11,2012,15,Mackerels,3.55941049161921e-05,1,24
11,2013,40,Other commercial deep medium demersal fish,0.0547954029044565,4,63
11,2013,22,Benthopelagic fishes,0.0554398363653042,4,63
11,2013,30,Blue whiting,0.00715120980778155,4,63
11,2013,23,No commercial meso (bathy) pelagic fishes,0.0680442406798466,4,63
11,2013,64,European lobster,0.00160935187936362,2,45
11,2014,22,Benthopelagic fishes,0.044277447546014,4,63
11,2014,30,Blue whiting,0.0132307555810995,4,63
11,2014,59,Deep-water rose shrimp,0.00471001018365658,4,63
11,2014,40,Other commercial deep medium demersal fish,0.0462299802405591,4,63
11,2014,48,Small demersal sharks,0.114331209636936,4,63
11,2015,22,Benthopelagic fishes,0.0716129956617084,4,63
11,2015,63,Norway lobster,0.00634129279290778,4,63
11,2015,32,Blackspot seabream,0.00117756595959203,4,63
11,2015,59,Deep-water rose shrimp,0.00403411846368845,4,63
11,2016,56,Mesopelagic cephalopods,0.00795304807209964,4,63
11,2016,63,Norway lobster,0.00386257265807358,4,63
11,2016,48,Small demersal sharks,0.137339065579281,4,63
11,2016,59,Deep-water rose shrimp,0.00447709655086973,4,63
11,2016,40,Other commercial deep medium demersal fish,0.0337823265753029,4,63
11,2017,23,No commercial meso (bathy) pelagic fishes,0.0163837831201667,4,63
11,2017,28,Other commercial large demersal fish,9.74389860832432e-05,1,24
11,2017,59,Deep-water rose shrimp,0.00320402509422151,4,63
11,2017,40,Other commercial deep medium demersal fish,0.0267668386167915,4,63
11,2017,48,Small demersal sharks,0.11796315678351,4,63
11,2018,22,Benthopelagic fishes,0.0386364802173455,4,63
11,2018,30,Blue whiting,0.00396672429532704,4,63
11,2018,23,No commercial meso (bathy) pelagic fishes,0.0515057083210304,4,63
11,2018,63,Norway lobster,0.00375052006561543,4,63
11,2018,32,Blackspot seabream,0.0020923281534056,4,63
11,2018,64,European lobster,0.00042538089497735,1,24
11,2018,59,Deep-water rose shrimp,0.0021374064780059,4,63
11,2019,23,No commercial meso (bathy) pelagic fishes,0.0306388645179662,4,63
11,2019,22,Benthopelagic fishes,0.0474921246955711,4,63
11,2019,30,Blue whiting,0.00938796943519522,4,63
11,2019,64,European lobster,0.000864587616327814,2,45
11,2019,59,Deep-water rose shrimp,0.00298772772794389,4,63
11,2019,40,Other commercial deep medium demersal fish,0.0320964036241736,4,63
11,2019,69,Salps and other gelatinous zooplankton,0.000237421611334162,3,62
11,2020,46,Bathydemersal (deep sea) fish,0.0721198145104495,4,63
11,2020,24,Anglerfish,0.031381217623522,4,63
11,2020,23,No commercial meso (bathy) pelagic fishes,0.00933954368947377,4,63
11,2020,32,Blackspot seabream,0.000597824285365391,4,63
11,2020,64,European lobster,0.000162127836356228,1,24
11,2020,59,Deep-water rose shrimp,0.00425565702926462,4,63
11,2020,40,Other commercial deep medium demersal fish,0.0271910100280059,4,63
11,2021,28,Other commercial large demersal fish,2.83812229328328e-05,4,63
11,2021,63,Norway lobster,0.0029293110790758,4,63
11,2021,64,European lobster,0.00166298918750034,1,24
11,2021,59,Deep-water rose shrimp,0.00428845738142196,4,63
11,2021,40,Other commercial deep medium demersal fish,0.0325169031850656,4,63
11,2023,25,European conger,0.0100600283859433,3,42
11,2023,23,No commercial meso (bathy) pelagic fishes,0.0196033929923619,4,63
11,2023,30,Blue whiting,0.00512373414520007,4,63
11,2023,59,Deep-water rose shrimp,0.00278100341564809,4,63
11,2023,48,Small demersal sharks,0.0521269862976061,4,63
11,1994,61,Giant red shrimp,0.0709548275135099,3,56
11,1994,17,Other medium pelagic fishes,0.00262003892432173,1,32
11,1994,22,Benthopelagic fishes,0.0555604477990895,3,56
11,1994,23,No commercial meso (bathy) pelagic fishes,0.0655042397687683,3,56
11,1994,48,Small demersal sharks,0.172742993412137,3,56
11,1994,30,Blue whiting,0.0120111637145718,3,56
11,1994,28,Other commercial large demersal fish,0.000261303801345404,3,56
11,1994,63,Norway lobster,0.00388391946063181,3,56
11,1994,32,Blackspot seabream,3.71380997999091e-05,1,32
11,1995,23,No commercial meso (bathy) pelagic fishes,0.0787624766962973,3,46
11,1995,61,Giant red shrimp,0.0889683014489661,3,46
11,1995,60,Blue and red shrimp,0.0752569050381548,3,46
11,1995,56,Mesopelagic cephalopods,0.00140509487068593,3,46
11,1995,30,Blue whiting,0.0229596963389126,3,46
11,1995,28,Other commercial large demersal fish,0.00535206719057202,3,46
11,1995,63,Norway lobster,0.00887201526307801,3,46
11,1996,61,Giant red shrimp,0.151339730577796,3,52
11,1996,60,Blue and red shrimp,0.0943645833789382,3,52
11,1996,28,Other commercial large demersal fish,0.002607922078402,3,52
11,1996,63,Norway lobster,0.0101006816533558,3,52
11,1997,61,Giant red shrimp,0.121249870666366,3,52
11,1997,60,Blue and red shrimp,0.115500277908511,3,52
11,1997,28,Other commercial large demersal fish,0.000953921157724182,3,52
11,1997,63,Norway lobster,0.00436168114882279,3,52
11,1998,61,Giant red shrimp,0.121643407787147,3,51
11,1998,60,Blue and red shrimp,0.152164396104875,3,51
11,1998,23,No commercial meso (bathy) pelagic fishes,0.0454426534183005,3,51
11,1998,56,Mesopelagic cephalopods,0.000955205077200846,3,51
11,1998,30,Blue whiting,0.0151765918660624,3,51
11,1998,28,Other commercial large demersal fish,0.000793868186063543,3,51
11,1999,61,Giant red shrimp,0.165108960643123,3,52
11,1999,60,Blue and red shrimp,0.0684084167956523,3,52
11,1999,28,Other commercial large demersal fish,0.00156719486155021,3,52
11,1999,63,Norway lobster,0.00560588735503364,3,52
11,2000,61,Giant red shrimp,0.126037314772443,3,52
11,2000,60,Blue and red shrimp,0.198758350699698,3,52
11,2000,23,No commercial meso (bathy) pelagic fishes,0.0522263905190412,3,52
11,2000,56,Mesopelagic cephalopods,0.00729647447165444,3,52
11,2000,28,Other commercial large demersal fish,0.00115541654725804,3,52
11,2000,63,Norway lobster,0.0112421928386241,3,52
11,2001,61,Giant red shrimp,0.160610901726707,3,52
11,2001,60,Blue and red shrimp,0.24842904705822,3,52
11,2001,56,Mesopelagic cephalopods,0.000161718700512607,3,52
11,2001,28,Other commercial large demersal fish,0.005378786472968,3,52
11,2001,63,Norway lobster,0.00428235210643628,3,52
11,2002,61,Giant red shrimp,0.121388921467528,3,37
11,2002,60,Blue and red shrimp,0.339978943845558,3,37
11,2002,66,Non-commercial decapods,0.184850604636061,3,37
11,2002,23,No commercial meso (bathy) pelagic fishes,0.15911219138044,3,37
11,2002,30,Blue whiting,0.00736175318939525,3,37
11,2002,63,Norway lobster,0.00556667389545811,3,37
11,2002,32,Blackspot seabream,0.000312666653722501,3,37
11,2002,59,Deep-water rose shrimp,0.00379008614113187,3,37
11,2002,40,Other commercial deep medium demersal fish,0.102778760581252,3,37
11,2003,61,Giant red shrimp,0.101779832005145,3,39
11,2003,60,Blue and red shrimp,0.100155501780174,3,39
11,2003,56,Mesopelagic cephalopods,0.00274809856718175,3,39
11,2003,28,Other commercial large demersal fish,0.000290201452300317,3,39
11,2003,63,Norway lobster,0.0083085531146748,3,39
11,2004,61,Giant red shrimp,0.159804186046735,3,37
11,2004,60,Blue and red shrimp,0.0445395068746652,3,37
11,2004,28,Other commercial large demersal fish,0.000441131831569238,3,37
11,2004,63,Norway lobster,0.0102339687976133,3,37
11,2004,32,Blackspot seabream,0.00136288121217974,3,37
11,2005,61,Giant red shrimp,0.140782913662933,3,35
11,2005,60,Blue and red shrimp,0.10040303756177,3,35
11,2005,28,Other commercial large demersal fish,0.000285814402310428,3,35
11,2005,63,Norway lobster,0.00610273232138838,3,35
11,2006,56,Mesopelagic cephalopods,0.00242230605691435,3,37
11,2006,61,Giant red shrimp,0.0907377564680215,3,37
11,2006,63,Norway lobster,0.00909845613228545,3,37
11,2007,61,Giant red shrimp,0.0269967648066722,3,38
11,2007,22,Benthopelagic fishes,0.0302188575578151,3,38
11,2007,23,No commercial meso (bathy) pelagic fishes,0.0465325805812173,3,38
11,2007,65,Other commercial decapods,0.00054489148506369,2,37
11,2007,28,Other commercial large demersal fish,0.00103863498905248,3,38
11,2008,56,Mesopelagic cephalopods,0.00371243537963479,3,38
11,2008,61,Giant red shrimp,0.0656884634238257,3,38
11,2008,60,Blue and red shrimp,0.153129604810938,3,38
11,2008,28,Other commercial large demersal fish,0.00162154686916906,3,38
11,2008,32,Blackspot seabream,0.000955450328041807,3,38
11,2009,56,Mesopelagic cephalopods,0.00233044665124374,3,36
11,2009,61,Giant red shrimp,0.0681273720140877,3,36
11,2009,60,Blue and red shrimp,0.106031600403897,3,36
11,2009,22,Benthopelagic fishes,0.0393829700975288,3,36
11,2009,30,Blue whiting,0.0117099939566602,3,36
11,2009,28,Other commercial large demersal fish,0.00568995394632837,3,36
11,2009,63,Norway lobster,0.010279142027903,3,36
11,2010,61,Giant red shrimp,0.0475629393793087,3,38
11,2010,60,Blue and red shrimp,0.135194607541843,3,38
11,2010,23,No commercial meso (bathy) pelagic fishes,0.0596011461755177,3,38
11,2010,65,Other commercial decapods,0.000253877237751868,3,38
11,2010,28,Other commercial large demersal fish,0.000579309310226478,3,38
11,2010,63,Norway lobster,0.00963648688872355,3,38
11,2011,61,Giant red shrimp,0.0441201122157233,3,39
11,2011,60,Blue and red shrimp,0.12692901907574,3,39
11,2011,22,Benthopelagic fishes,0.0170801680336679,3,39
11,2011,25,European conger,0.00654031381966807,3,39
11,2011,28,Other commercial large demersal fish,0.00453142550753299,3,39
11,2011,63,Norway lobster,0.00491947944739059,3,39
11,2011,65,Other commercial decapods,0.000800625145171875,1,21
11,2012,61,Giant red shrimp,0.0489191452229463,3,39
11,2012,56,Mesopelagic cephalopods,0.0037565885448294,3,39
11,2012,30,Blue whiting,0.00256292433444033,3,39
11,2012,28,Other commercial large demersal fish,0.000183558818286863,3,39
11,2012,63,Norway lobster,0.00744364187141227,3,39
11,2012,32,Blackspot seabream,0.00215991579974803,3,39
11,2013,61,Giant red shrimp,0.113918100739539,3,39
11,2013,60,Blue and red shrimp,0.173490331486225,3,39
11,2013,56,Mesopelagic cephalopods,0.00599896332347081,3,39
11,2013,28,Other commercial large demersal fish,0.000510922432483484,3,39
11,2013,63,Norway lobster,0.00451834523076609,3,39
11,2013,32,Blackspot seabream,0.00340286832582142,3,39
11,2013,59,Deep-water rose shrimp,0.00572656996292163,3,39
11,2013,73,Suprabenthos,7.68913377633584e-07,3,39
11,2013,69,Salps and other gelatinous zooplankton,0.000119463018137119,2,38
11,2014,23,No commercial meso (bathy) pelagic fishes,0.0373241896794162,3,39
11,2014,61,Giant red shrimp,0.0408188588116136,3,39
11,2014,60,Blue and red shrimp,0.173917768439342,3,39
11,2014,56,Mesopelagic cephalopods,0.000945193743496849,3,39
11,2014,71,Macro zooplankton,5.93974886233925e-05,3,39
11,2014,63,Norway lobster,0.00498991983556341,3,39
11,2014,32,Blackspot seabream,0.00159025913638178,3,39
11,2014,73,Suprabenthos,3.86855588470242e-06,3,39
11,2014,69,Salps and other gelatinous zooplankton,0.00098703642411685,2,38
11,2015,56,Mesopelagic cephalopods,0.00693043407277731,3,39
11,2015,23,No commercial meso (bathy) pelagic fishes,0.0619625345865066,3,39
11,2015,30,Blue whiting,0.00440046353124056,3,39
11,2015,28,Other commercial large demersal fish,4.24637174418963e-05,1,21
11,2015,69,Salps and other gelatinous zooplankton,8.89051216680916e-05,2,38
11,2016,61,Giant red shrimp,0.0530263531717149,3,39
11,2016,60,Blue and red shrimp,0.11080793213593,3,39
11,2016,25,European conger,0.0119144171868039,3,39
11,2016,71,Macro zooplankton,1.49755770373538e-07,1,21
11,2016,30,Blue whiting,0.00265317733868406,3,39
11,2016,28,Other commercial large demersal fish,0.000358527846931333,3,39
11,2016,32,Blackspot seabream,0.000958804373525697,3,39
11,2017,56,Mesopelagic cephalopods,0.0075977955300822,3,39
11,2017,61,Giant red shrimp,0.0418787515311263,3,39
11,2017,60,Blue and red shrimp,0.101931782861565,3,39
11,2017,22,Benthopelagic fishes,0.0336862842428026,3,39
11,2017,30,Blue whiting,0.00199734610853954,3,39
11,2017,63,Norway lobster,0.00373040928629787,3,39
11,2017,32,Blackspot seabream,0.000193490142150262,3,39
11,2018,61,Giant red shrimp,0.112524785680142,3,39
11,2018,60,Blue and red shrimp,0.0793966179739696,3,39
11,2018,40,Other commercial deep medium demersal fish,0.0304523731675526,3,39
11,2018,56,Mesopelagic cephalopods,0.00442557636199753,3,39
11,2018,28,Other commercial large demersal fish,8.38918197200355e-06,1,21
11,2019,61,Giant red shrimp,0.0946141268266324,3,39
11,2019,60,Blue and red shrimp,0.035720176489877,3,39
11,2019,25,European conger,0.0021738981705859,3,39
11,2019,56,Mesopelagic cephalopods,0.00180194258755175,3,39
11,2019,71,Macro zooplankton,0.00343456439622014,3,39
11,2019,28,Other commercial large demersal fish,0.000398569363687986,3,39
11,2019,63,Norway lobster,0.00441084850276733,3,39
11,2020,61,Giant red shrimp,0.085518000558577,3,39
11,2020,56,Mesopelagic cephalopods,0.0012525925830864,3,39
11,2020,30,Blue whiting,0.00207383691067077,3,39
11,2020,63,Norway lobster,0.00220143987434915,3,39
11,2021,61,Giant red shrimp,0.084279883087185,3,39
11,2021,56,Mesopelagic cephalopods,0.00256483178179757,3,39
11,2021,30,Blue whiting,0.00637705239838198,3,39
11,2023,61,Giant red shrimp,0.181295470832109,3,39
11,2023,71,Macro zooplankton,1.10877689643853e-06,3,39
11,2023,28,Other commercial large demersal fish,4.63184761041625e-05,3,39
11,2023,63,Norway lobster,0.00213873911708839,3,39
11,2023,69,Salps and other gelatinous zooplankton,0.000206281601319477,2,38
11,1994,56,Mesopelagic cephalopods,0.00156488849407106,2,24
11,1995,14,Other large pelagic fishes,5.42993476464001e-05,1,17
11,1996,56,Mesopelagic cephalopods,0.00265032090321475,2,23
11,1997,56,Mesopelagic cephalopods,0.000543606607096313,2,26
11,1999,56,Mesopelagic cephalopods,0.00178491233953173,2,25
11,2001,42,Salema,4.44348702005882e-06,1,26
11,2002,56,Mesopelagic cephalopods,0.000207834184114764,2,17
11,2002,69,Salps and other gelatinous zooplankton,0.0171258612739342,1,16
11,2004,56,Mesopelagic cephalopods,0.000865324866479326,2,16
11,2005,71,Macro zooplankton,5.82217293922602e-05,1,14
11,2005,56,Mesopelagic cephalopods,0.00235339386654835,2,15
11,2006,60,Blue and red shrimp,0.116268750591969,2,17
11,2007,60,Blue and red shrimp,0.077347473700467,2,18
11,2008,71,Macro zooplankton,2.08379801067008e-06,2,17
11,2012,60,Blue and red shrimp,0.0608936367508474,2,18
11,2012,71,Macro zooplankton,3.67444233469979e-05,2,18
11,2013,71,Macro zooplankton,0.000180237213417839,2,18
11,2014,25,European conger,0.004456942004534,2,18
11,2015,61,Giant red shrimp,0.0373365843625758,2,18
11,2015,60,Blue and red shrimp,0.108411994820204,2,18
11,2015,71,Macro zooplankton,2.94952235861357e-07,2,18
11,2015,73,Suprabenthos,1.39718933403424e-06,2,18
11,2016,73,Suprabenthos,3.21227996676426e-06,2,18
11,2017,71,Macro zooplankton,1.90044400062115e-05,2,18
11,2017,73,Suprabenthos,1.71505942176394e-06,2,18
11,2018,71,Macro zooplankton,2.46131806921901e-05,2,18
11,2018,73,Suprabenthos,4.38414426602298e-07,2,18
11,2019,17,Other medium pelagic fishes,0.00151338323237091,1,17
11,2020,60,Blue and red shrimp,0.033060892946408,2,18
11,2020,28,Other commercial large demersal fish,7.36969086064686e-05,2,18
11,2021,60,Blue and red shrimp,0.0475532586325703,2,18
11,2021,71,Macro zooplankton,0.000108136121934632,2,18
11,2023,60,Blue and red shrimp,0.0940840047212114,2,18
11,2023,56,Mesopelagic cephalopods,0.00213204875680793,2,18
11,2023,32,Blackspot seabream,0.000132217476245933,2,18
11,2023,73,Suprabenthos,1.66603629031676e-06,2,18
