ScientificName,AreaID,Year,Stratum,SampleID,flagged_density,fence_density,comparison,was_dropped
Abralia veranyi,1,1996,4,ESP_1_COR_1996_8_5_3,0.0182918946276843,0.0108470468097189,species x GSA x year (stratum cell too small),TRUE
Abralia veranyi,1,1997,4,ESP_1_COR_1997_27_5_17,0.0410028903676817,0.0190888389477091,species x GSA x year (stratum cell too small),TRUE
Abralia veranyi,1,2005,4,ESP_1_COR_2005_18_5_13,0.00291486764679091,0.00221580046392499,species x GSA x year (stratum cell too small),TRUE
Abralia veranyi,1,2009,3,ESP_1_COR_2009_8_4_9,0.012443448968527,0.00857907431389253,species x GSA x year (stratum cell too small),TRUE
Abralia veranyi,1,2012,2,ESP_1_COR_2012_28_5_3,0.0098026962315985,0.0083027420581494,species x GSA x year (stratum cell too small),TRUE
Abralia veranyi,1,2014,4,ESP_1_MOL_2014_23_4_30,0.0148596632902779,0.00602917547972792,species x GSA x year (stratum cell too small),TRUE
Abralia veranyi,5,2013,4,ESP_5_COR_2013_148_6_16,0.0988182559087205,0.0412071670386133,species x GSA x year (stratum cell too small),TRUE
Abralia veranyi,6,2004,4,ESP_6_COR_2004_38_5_14,0.0337446972618589,0.0275661479087104,species x GSA x year (stratum cell too small),TRUE
Abralia veranyi,6,2013,4,ESP_6_COR_2013_85_5_30,0.00932064787295781,0.00926326769622019,species x GSA x year (stratum cell too small),TRUE
Abralia veranyi,6,2018,4,ESP_6_MOL_2018_143_6_2,0.051725830827178,0.0123194018631745,species x GSA x stratum x year,TRUE
Abralia veranyi,9,1999,4,ITA_9_FRP_1999_66_6_2,0.0134130605653337,0.0126511662521605,species x GSA x stratum x year,TRUE
Abralia veranyi,9,2001,4,ITA_9_FRP_2001_97_6_7,0.00831455222712618,0.0052394516728251,species x GSA x stratum x year,TRUE
Abralia veranyi,9,2002,4,ITA_9_FRP_2002_82_7_18,0.00743399357108236,0.00220617179476159,species x GSA x stratum x year,TRUE
Abralia veranyi,9,2004,4,ITA_9_LIB_2004_8_6_29,0.00675675675675676,0.00446134038895451,species x GSA x stratum x year,TRUE
Abralia veranyi,9,2010,4,ITA_9_LIB_2010_4_6_3,0.00689379420645535,0.00450782160183113,species x GSA x stratum x year,TRUE
Abralia veranyi,9,2013,4,ITA_9_LIB_2013_77_7_16,0.0129424238157165,0.00966476803017521,species x GSA x stratum x year,TRUE
Abralia veranyi,9,2016,1,ITA_9_SAN_2016_28_6_12,0.0272041398655511,0.0130133390071196,species x GSA x year (stratum cell too small),TRUE
Abralia veranyi,9,2018,1,ITA_9_SAN_2018_28_7_2,0.0228780076000741,0.0106910067328846,species x GSA x year (stratum cell too small),TRUE
Abralia veranyi,10,2001,4,ITA_10_SAN_2001_109_5_2,0.00939485280737981,0.00629016446496782,species x GSA x stratum x year,TRUE
Abralia veranyi,10,2010,4,ITA_10_PEC_2010_45_5_27,0.0106382978723404,0.00894388777361936,species x GSA x stratum x year,TRUE
Abralia veranyi,10,2012,4,ITA_10_PEC_2012_14_6_27,0.00389463506230897,0.00277325233261065,species x GSA x year (stratum cell too small),TRUE
Abralia veranyi,10,2013,4,ITA_10_PEC_2013_22_7_1,0.0138554447119979,0.00812974848490909,species x GSA x stratum x year,TRUE
Acanthocardia echinata,7,2014,2,FRA_7_LEU_2014_62_6_17,0.126099082047653,0.091544179583614,species x GSA x stratum x year,TRUE
Actinauge richardi,10,2012,5,ITA_10_PEC_2012_37_6_23,0.00492438120225812,0.00233819199269866,species x GSA x year (stratum cell too small),TRUE
Adamsia palliata,5,2021,1,ESP_5_MOL_2021_176_6_9,0.00807042375932755,0.00124644609770777,species x GSA x year (stratum cell too small),TRUE
Adamsia palliata,7,2014,1,FRA_7_LEU_2014_67_6_18,0.0394894460737742,0.0112206828978317,species x GSA x year (stratum cell too small),TRUE
Aegaeon cataphractus,6,2009,2,ESP_6_COR_2009_56_4_22,0.00243223785340416,0.00112452884004676,species x GSA x stratum x year,TRUE
Aegaeon cataphractus,6,2013,1,ESP_6_COR_2013_100_6_3,0.00372737483475305,0.00235723604498457,species x GSA x year (stratum cell too small),TRUE
Aegaeon cataphractus,6,2015,2,ESP_6_MOL_2015_124_5_24,0.0037174375702828,0.00250962023818543,species x GSA x stratum x year,TRUE
Aegaeon cataphractus,6,2017,1,ESP_6_MOL_2017_130_5_26,0.00206880001324032,0.00177634454664016,species x GSA x year (stratum cell too small),TRUE
Aegaeon cataphractus,6,2018,1,ESP_6_MOL_2018_104_5_23,0.00436686943497076,0.00387309666051805,species x GSA x year (stratum cell too small),TRUE
Aegaeon cataphractus,6,2020,2,ESP_6_MOL_2020_54_6_10,0.00165757761607187,0.00086333365183927,species x GSA x year (stratum cell too small),TRUE
Aegaeon cataphractus,9,2001,1,ITA_9_FRP_2001_120_6_1,0.00708033107628113,0.00362550563098024,species x GSA x year (stratum cell too small),TRUE
Aegaeon cataphractus,9,2009,1,ITA_9_LIB_2009_11_7_3,0.00786234162997574,0.00322118909704651,species x GSA x year (stratum cell too small),TRUE
Aegaeon lacazei,1,1998,4,ESP_1_COR_1998_10_5_6,0.00405120725976341,0.00389357896423104,species x GSA x year (stratum cell too small),TRUE
Aegaeon lacazei,1,1999,4,ESP_1_COR_1999_36_5_13,0.0318657319385298,0.00106283659146372,species x GSA x year (stratum cell too small),TRUE
Aegaeon lacazei,1,2017,4,ESP_1_MOL_2017_36_5_2,0.000477526641211313,0.000466126372845181,species x GSA x stratum x year,TRUE
Aegaeon lacazei,6,2014,4,ESP_6_MOL_2014_161_6_2,0.00116461271333587,0.00106322875999623,species x GSA x year (stratum cell too small),TRUE
Aegaeon lacazei,7,2022,2,FRA_7_LEU_2022_1_5_11,0.00842538850402546,0.00205791516569685,species x GSA x year (stratum cell too small),TRUE
Aegaeon lacazei,7,2023,1,FRA_7_LEU_2023_85_6_24,0.00427733215245418,0.00260862583150508,species x GSA x year (stratum cell too small),TRUE
Aegaeon lacazei,9,2000,2,ITA_9_FRP_2000_46_6_30,0.0224335965541996,0.00767877569410687,species x GSA x year (stratum cell too small),TRUE
Aegaeon lacazei,9,2002,4,ITA_9_FRP_2002_38_8_3,0.00389902309976235,0.0024522770335302,species x GSA x year (stratum cell too small),TRUE
Aegaeon lacazei,10,2013,3,ITA_10_PEC_2013_58_6_26,0.00192901978788498,0.00115473089185454,species x GSA x year (stratum cell too small),TRUE
Alcyonium palmatum,1,2013,1,ESP_1_COR_2013_14_5_11,0.0270149189890117,0.00661207421630055,species x GSA x year (stratum cell too small),TRUE
Alcyonium palmatum,1,2016,1,ESP_1_MOL_2016_14_4_27,0.0224927460348627,0.0184611027503641,species x GSA x year (stratum cell too small),TRUE
Alcyonium palmatum,1,2018,1,ESP_1_MOL_2018_14_4_30,0.0264301003570721,0.017830767876363,species x GSA x year (stratum cell too small),TRUE
Alcyonium palmatum,1,2021,4,ESP_1_MOL_2021_16_4_30,0.00118712160498841,0.000437049765892872,species x GSA x stratum x year,TRUE
Alcyonium palmatum,5,2018,3,ESP_5_MOL_2018_206_6_20,0.00299859006692218,0.00185289929872827,species x GSA x year (stratum cell too small),TRUE
Alcyonium palmatum,9,2001,3,ITA_9_FRP_2001_116_5_31,0.00406621423256306,0.00193298406438433,species x GSA x year (stratum cell too small),TRUE
Alcyonium palmatum,9,2006,3,ITA_9_LIB_2006_84_6_16,0.0207926144633426,0.00452809190183112,species x GSA x year (stratum cell too small),TRUE
Alcyonium palmatum,9,2012,3,ITA_9_LIB_2012_143_6_19,0.0107095735019449,0.00750596603222235,species x GSA x stratum x year,TRUE
Alcyonium palmatum,9,2013,2,ITA_9_LIB_2013_117_7_2,0.0153362472203052,0.0132769559545551,species x GSA x year (stratum cell too small),TRUE
Alcyonium palmatum,9,2017,2,ITA_9_SAN_2017_117_10_7,0.0428415286500045,0.00189410094433327,species x GSA x year (stratum cell too small),TRUE
Alcyonium palmatum,9,2019,2,ITA_9_SAN_2019_150_6_11,0.00394726454566985,0.00194779947210664,species x GSA x year (stratum cell too small),TRUE
Alcyonium palmatum,9,2020,2,ITA_9_SAN_2020_12_11_5,0.00112997414619154,0.000852138523423083,species x GSA x year (stratum cell too small),TRUE
Alcyonium palmatum,9,2023,3,ITA_9_SAN_2023_84_9_28,0.00230368743568873,0.00229099427409498,species x GSA x year (stratum cell too small),TRUE
Alcyonium palmatum,10,2017,2,ITA_10_SAN_2017_52_11_4,0.00205891669306304,0.00132473152267128,species x GSA x year (stratum cell too small),TRUE
Allosergestes sargassi,6,2002,4,ESP_6_COR_2002_118_6_10,0.00308640711867132,0.00278711200392473,species x GSA x year (stratum cell too small),TRUE
Allosergestes sargassi,6,2003,5,ESP_6_COR_2003_127_5_23,0.00273157545526485,0.00190551832768323,species x GSA x year (stratum cell too small),TRUE
Alloteuthis media,1,1994,3,ESP_1_COR_1994_23_6_2,0.082554240881029,0.0247864800471355,species x GSA x year (stratum cell too small),TRUE
Alloteuthis media,1,1999,2,ESP_1_COR_1999_28_5_11,0.429123317780864,0.374287401559566,species x GSA x year (stratum cell too small),TRUE
Alloteuthis media,1,2000,2,ESP_1_COR_2000_1_5_22,0.650551574799491,0.552470520252684,species x GSA x year (stratum cell too small),TRUE
Alloteuthis media,1,2008,2,ESP_1_COR_2008_3_5_6,0.0916907779453115,0.0896250637228162,species x GSA x year (stratum cell too small),TRUE
Alloteuthis media,1,2009,2,ESP_1_COR_2009_2_4_8,0.233301627562883,0.176916491485457,species x GSA x year (stratum cell too small),TRUE
Alloteuthis media,1,2013,1,ESP_1_COR_2013_14_5_11,0.095677838086083,0.0674669553113133,species x GSA x year (stratum cell too small),TRUE
Alloteuthis media,1,2021,3,ESP_1_MOL_2021_17_4_30,0.137461530550083,0.0825367674080266,species x GSA x year (stratum cell too small),TRUE
Alloteuthis media,5,2015,2,ESP_5_MOL_2015_195_6_11,0.0186034438002942,0.0182319497238288,species x GSA x stratum x year,TRUE
Alloteuthis media,5,2016,3,ESP_5_MOL_2016_213_6_16,0.0787868594141444,0.0782575899112643,species x GSA x stratum x year,TRUE
Alloteuthis media,5,2018,2,ESP_5_MOL_2018_197_6_18,0.0919998820041594,0.0658897913895634,species x GSA x stratum x year,TRUE
Alloteuthis media,5,2019,2,ESP_5_MOL_2019_222_6_23,0.05449572948589,0.0304407347021669,species x GSA x stratum x year,TRUE
Alloteuthis media,6,1996,2,ESP_6_COR_1996_47_5_13,0.152217007848531,0.109328857375081,species x GSA x stratum x year,TRUE
Alloteuthis media,6,1999,2,ESP_6_COR_1999_64_5_21,0.19071551198981,0.176358837173856,species x GSA x stratum x year,TRUE
Alloteuthis media,6,2000,2,ESP_6_COR_2000_56_6_6,0.736797786599302,0.71621272093212,species x GSA x stratum x year,TRUE
Alloteuthis media,6,2002,2,ESP_6_COR_2002_70_5_28,0.299020091955537,0.266315878218744,species x GSA x stratum x year,TRUE
Alloteuthis media,6,2003,2,ESP_6_COR_2003_41_5_5,0.0441649666659656,0.0329623376140525,species x GSA x year (stratum cell too small),TRUE
Alloteuthis media,6,2010,2,ESP_6_COR_2010_72_6_8,0.0826960870157414,0.0672800683448052,species x GSA x stratum x year,TRUE
Alloteuthis media,7,1997,2,FRA_7_LEU_1997_55_6_17,0.0524958003359731,0.0339094894886681,species x GSA x stratum x year,TRUE
Alloteuthis media,7,1999,2,FRA_7_LEU_1999_37_5_19,0.0812478212874738,0.0792208536253434,species x GSA x stratum x year,TRUE
Alloteuthis media,7,2000,3,FRA_7_LEU_2000_75_6_26,0.0682219582246583,0.0524676301749452,species x GSA x year (stratum cell too small),TRUE
Alloteuthis media,7,2004,2,FRA_7_LEU_2004_55_6_16,0.043625596565997,0.0409427291004747,species x GSA x stratum x year,TRUE
Alloteuthis media,7,2005,2,FRA_7_LEU_2005_69_6_25,0.0920929618112716,0.0535407885785489,species x GSA x stratum x year,TRUE
Alloteuthis media,7,2006,2,FRA_7_LEU_2006_41_6_19,0.0539924107863717,0.0511237861735018,species x GSA x stratum x year,TRUE
Alloteuthis media,7,2007,2,FRA_7_LEU_2007_83_7_3,0.0883421606205985,0.0781059315273918,species x GSA x stratum x year,TRUE
Alloteuthis media,9,1999,1,ITA_9_FRP_1999_28_6_30,0.0513862611823512,0.0311419719681109,species x GSA x year (stratum cell too small),TRUE
Alloteuthis media,9,2001,3,ITA_9_FRP_2001_6_7_1,0.029604893096731,0.0282581075428367,species x GSA x stratum x year,TRUE
Alloteuthis media,9,2002,3,ITA_9_FRP_2002_95_7_22,0.227421086988566,0.0885044003935712,species x GSA x year (stratum cell too small),TRUE
Alloteuthis media,9,2003,3,ITA_9_CIR_2003_104_6_30,0.0187268255533777,0.0182774438739108,species x GSA x stratum x year,TRUE
Alloteuthis media,9,2017,2,ITA_9_SAN_2017_46_10_10,0.0206978408765046,0.0186919859170728,species x GSA x year (stratum cell too small),TRUE
Alloteuthis media,9,2021,4,ITA_9_SAN_2021_94_8_25,0.0234493895733071,0.0195817351077517,species x GSA x year (stratum cell too small),TRUE
Alloteuthis media,10,1995,1,ITA_10_SAN_1995_95_7_9,0.0638658584732576,0.0373770546617802,species x GSA x year (stratum cell too small),TRUE
Alloteuthis media,10,1999,3,ITA_10_SAN_1999_65_5_25,0.0500705074492653,0.039422738018469,species x GSA x stratum x year,TRUE
Alloteuthis media,10,2000,1,ITA_10_SAN_2000_58_6_14,0.0987017812768527,0.036618296934953,species x GSA x year (stratum cell too small),TRUE
Alloteuthis media,10,2016,3,ITA_10_PEC_2016_9_9_1,0.181900341589694,0.0441108806042984,species x GSA x stratum x year,TRUE
Alloteuthis media,11,2003,3,ITA_11_NUS_2003_33_6_23,0.171928320356842,0.155218659888595,species x GSA x stratum x year,TRUE
Alloteuthis media,11,2004,1,ITA_11_GIS_2004_35_7_7,0.103524970061446,0.0975003980921293,species x GSA x year (stratum cell too small),TRUE
Alloteuthis media,11,2006,3,ITA_11_GIS_2006_50_6_26,0.311307103384016,0.258245044723051,species x GSA x stratum x year,TRUE
Alloteuthis media,11,2018,3,ITA_11_GIS_2018_48_7_25,0.0969295919515292,0.0602527237828712,species x GSA x stratum x year,TRUE
Alloteuthis media,11,2020,3,ITA_11_GIS_2020_76_11_6,0.0694849773478974,0.0616009354279233,species x GSA x stratum x year,TRUE
Alloteuthis media,11,2021,3,ITA_11_GIS_2021_45_8_31,0.061421665878422,0.0601614844856572,species x GSA x year (stratum cell too small),TRUE
Alloteuthis spp.,7,2012,2,FRA_7_LEU_2012_65_6_14,0.0512277462506901,0.0372773922511263,species x GSA x stratum x year,TRUE
Alloteuthis spp.,7,2016,2,FRA_7_LEU_2016_24_5_31,0.0536423719814723,0.0529254742325928,species x GSA x stratum x year,TRUE
Alloteuthis spp.,7,2018,1,FRA_7_LEU_2018_74_6_18,0.253555518133525,0.218248168138698,species x GSA x stratum x year,TRUE
Alloteuthis spp.,7,2021,2,FRA_7_LEU_2021_75_6_17,0.0265781515781516,0.0209322286335434,species x GSA x stratum x year,TRUE
Alloteuthis spp.,9,1999,1,ITA_9_FRP_1999_14_7_7,0.122383370474555,0.0969775404743719,species x GSA x stratum x year,TRUE
Alloteuthis spp.,9,2001,1,ITA_9_FRP_2001_47_5_19,0.0326060871652007,0.0166840423021361,species x GSA x year (stratum cell too small),TRUE
Alloteuthis spp.,9,2003,1,ITA_9_CIR_2003_47_6_20,0.0175164216452925,0.016957507644035,species x GSA x year (stratum cell too small),TRUE
Alloteuthis spp.,9,2007,3,ITA_9_LIB_2007_63_9_11,0.18614011351356,0.124959822930961,species x GSA x stratum x year,TRUE
Alloteuthis spp.,9,2008,1,ITA_9_LIB_2008_20_6_1,0.0408947299545718,0.0296287517728722,species x GSA x year (stratum cell too small),TRUE
Alloteuthis spp.,9,2012,2,ITA_9_LIB_2012_61_7_1,0.0255561007523716,0.0195007936506665,species x GSA x year (stratum cell too small),TRUE
Alloteuthis spp.,9,2021,3,ITA_9_SAN_2021_13_9_13,0.081181640506452,0.0518356548162885,species x GSA x stratum x year,TRUE
Alloteuthis spp.,9,2023,3,ITA_9_SAN_2023_5_10_30,0.145569851901392,0.129514221617523,species x GSA x stratum x year,TRUE
Alloteuthis subulata,1,2003,2,ESP_1_COR_2003_137_5_25,0.100228119199298,0.0977831636453267,species x GSA x year (stratum cell too small),TRUE
Alloteuthis subulata,6,1996,2,ESP_6_COR_1996_47_5_13,0.041164333683955,0.0311544729297453,species x GSA x stratum x year,TRUE
Alloteuthis subulata,6,2001,1,ESP_6_COR_2001_113_6_11,0.0275991793686066,0.00921348711301006,species x GSA x year (stratum cell too small),TRUE
Alloteuthis subulata,6,2002,2,ESP_6_COR_2002_70_5_28,0.0418353798378159,0.0173680986870627,species x GSA x stratum x year,TRUE
Alloteuthis subulata,6,2005,1,ESP_6_COR_2005_106_6_3,0.0381184818025136,0.0323101550694715,species x GSA x year (stratum cell too small),TRUE
Alloteuthis subulata,6,2006,2,ESP_6_COR_2006_85_5_28,0.027053050479888,0.0168869276135728,species x GSA x stratum x year,TRUE
Alloteuthis subulata,6,2009,2,ESP_6_COR_2009_91_5_1,0.0439803525395388,0.0182241853848723,species x GSA x year (stratum cell too small),TRUE
Alloteuthis subulata,6,2013,2,ESP_6_COR_2013_70_5_27,0.0657719843430593,0.0482213782334327,species x GSA x stratum x year,TRUE
Alloteuthis subulata,6,2017,2,ESP_6_MOL_2017_110_5_21,0.0820037787341241,0.0368242432070792,species x GSA x stratum x year,TRUE
Alloteuthis subulata,6,2021,2,ESP_6_MOL_2021_104_5_22,0.0912034584693198,0.0462208406457781,species x GSA x stratum x year,TRUE
Alloteuthis subulata,7,1999,2,FRA_7_LEU_1999_82_6_3,0.0288127517297832,0.0274786815893458,species x GSA x stratum x year,TRUE
Alloteuthis subulata,7,2000,1,FRA_7_LEU_2000_82_6_28,0.0264289841426095,0.0228719337158547,species x GSA x year (stratum cell too small),TRUE
Alloteuthis subulata,9,2001,1,ITA_9_FRP_2001_11_7_1,0.0109576552371017,0.0108721966467004,species x GSA x year (stratum cell too small),TRUE
Alloteuthis subulata,10,2005,1,ITA_10_PEC_2005_6_6_29,0.0336525518249298,0.0176226125863184,species x GSA x year (stratum cell too small),TRUE
Alloteuthis subulata,10,2013,3,ITA_10_PEC_2013_57_6_27,0.0207934398587558,0.0149889420361213,species x GSA x year (stratum cell too small),TRUE
Alloteuthis subulata,10,2015,1,ITA_10_PEC_2015_6_6_15,0.0136336941018542,0.00762768598228888,species x GSA x year (stratum cell too small),TRUE
Alloteuthis subulata,10,2016,2,ITA_10_PEC_2016_53_9_8,0.0439255023480178,0.0195392826876215,species x GSA x year (stratum cell too small),TRUE
Alpheus glaber,1,1995,2,ESP_1_COR_1995_11_4_24,0.0359196906007059,0.0223849980706104,species x GSA x year (stratum cell too small),TRUE
Alpheus glaber,1,2001,3,ESP_1_COR_2001_26_5_18,0.0010877470300699,0.000859750621929719,species x GSA x year (stratum cell too small),TRUE
Alpheus glaber,1,2006,4,ESP_1_COR_2006_34_5_13,0.00454662256549757,0.00220323226760783,species x GSA x year (stratum cell too small),TRUE
Alpheus glaber,1,2008,4,ESP_1_COR_2008_12_5_8,0.00207553603281945,0.00202550852774736,species x GSA x year (stratum cell too small),TRUE
Alpheus glaber,1,2011,2,ESP_1_COR_2011_2_5_5,0.00845341714292615,0.00390434288743483,species x GSA x year (stratum cell too small),TRUE
Alpheus glaber,1,2015,2,ESP_1_MOL_2015_15_4_26,0.03853303440855,0.00306740090065844,species x GSA x year (stratum cell too small),TRUE
Alpheus glaber,1,2017,4,ESP_1_MOL_2017_36_5_2,0.00697923552539612,0.00192635885435655,species x GSA x year (stratum cell too small),TRUE
Alpheus glaber,1,2019,1,ESP_1_MOL_2019_14_5_1,0.0121373292026154,0.00462230848043947,species x GSA x year (stratum cell too small),TRUE
Alpheus glaber,6,1995,1,ESP_6_COR_1995_92_5_18,0.0318514029573612,0.0243527687210856,species x GSA x year (stratum cell too small),TRUE
Alpheus glaber,6,1999,4,ESP_6_COR_1999_89_5_27,0.0218637093884257,0.00297472176914171,species x GSA x year (stratum cell too small),TRUE
Alpheus glaber,6,2002,4,ESP_6_COR_2002_105_6_6,0.00872678021953088,0.00201662130990185,species x GSA x stratum x year,TRUE
Alpheus glaber,6,2004,4,ESP_6_COR_2004_86_5_24,0.00485809504377144,0.00175869210868969,species x GSA x year (stratum cell too small),TRUE
Alpheus glaber,6,2009,4,ESP_6_COR_2009_107_5_4,0.00223956541681,0.00148090011503915,species x GSA x year (stratum cell too small),TRUE
Alpheus glaber,6,2010,4,ESP_6_COR_2010_81_6_11,0.00917270144427624,0.00168819748066023,species x GSA x year (stratum cell too small),TRUE
Alpheus glaber,6,2012,4,ESP_6_COR_2012_110_5_23,0.0025354619855142,0.00163703977880584,species x GSA x year (stratum cell too small),TRUE
Alpheus glaber,6,2016,2,ESP_6_MOL_2016_93_5_17,0.00165808937035383,0.00137564870709862,species x GSA x year (stratum cell too small),TRUE
Alpheus glaber,6,2018,2,ESP_6_MOL_2018_112_5_25,0.00580849620356688,0.00141664162835556,species x GSA x stratum x year,TRUE
Alpheus glaber,7,1995,1,FRA_7_LEU_1995_43_7_4,0.0297805175853956,0.0271241147188673,species x GSA x year (stratum cell too small),TRUE
Alpheus glaber,7,2003,2,FRA_7_LEU_2003_89_7_2,0.0151086814153769,0.0143817681687864,species x GSA x year (stratum cell too small),TRUE
Alpheus glaber,7,2009,1,FRA_7_LEU_2009_72_6_13,0.0245189242826772,0.0243986795583855,species x GSA x year (stratum cell too small),TRUE
Alpheus glaber,7,2016,2,FRA_7_LEU_2016_54_6_11,0.0280648290066098,0.0269008083837555,species x GSA x stratum x year,TRUE
Alpheus glaber,7,2021,1,FRA_7_LEU_2021_79_6_18,0.061292109528577,0.0422061742382175,species x GSA x year (stratum cell too small),TRUE
Alpheus glaber,7,2023,2,FRA_7_LEU_2023_68_6_17,0.041474226256835,0.0156031496388714,species x GSA x stratum x year,TRUE
Alpheus glaber,9,2001,3,ITA_9_FRP_2001_50_5_11,0.00524139836734634,0.00450229677162414,species x GSA x year (stratum cell too small),TRUE
Alpheus glaber,9,2002,2,ITA_9_FRP_2002_61_7_20,0.00702860496023834,0.00466599051817993,species x GSA x year (stratum cell too small),TRUE
Alpheus glaber,9,2003,4,ITA_9_CIR_2003_41_6_23,0.00189837526413993,0.00147100539541127,species x GSA x year (stratum cell too small),TRUE
Anseropoda placenta,6,2012,2,ESP_6_COR_2012_102_5_21,0.00172049128055019,0.000885449903953531,species x GSA x year (stratum cell too small),TRUE
Anseropoda placenta,6,2015,3,ESP_6_MOL_2015_167_6_3,0.00283498746331364,0.00231948067239361,species x GSA x year (stratum cell too small),TRUE
Antedon mediterranea,6,2013,3,ESP_6_COR_2013_135_6_10,0.00944786667170553,0.00127913429248307,species x GSA x year (stratum cell too small),TRUE
Antedon mediterranea,6,2021,3,ESP_6_MOL_2021_156_6_2,0.000828263506118304,0.000718726538419021,species x GSA x year (stratum cell too small),TRUE
Antedon spp.,7,2013,2,FRA_7_LEU_2013_40_6_9,0.32148946652235,0.0349839854496032,species x GSA x year (stratum cell too small),TRUE
Anthozoa,6,2019,3,ESP_6_MOL_2019_154_6_4,0.0515167928454781,0.00256281846948469,species x GSA x stratum x year,TRUE
Aphia minuta,6,1998,1,ESP_6_COR_1998_94_5_30,0.023404699991396,0.010971331137806,species x GSA x year (stratum cell too small),TRUE
Aphia minuta,6,2000,2,ESP_6_COR_2000_104_6_21,0.0242467412955543,0.0100968821022484,species x GSA x stratum x year,TRUE
Aphia minuta,6,2001,3,ESP_6_COR_2001_91_6_5,0.0145723571486296,0.0118881675603633,species x GSA x year (stratum cell too small),TRUE
Aphia minuta,6,2004,2,ESP_6_COR_2004_120_6_1,0.217725688630459,0.177322074050571,species x GSA x stratum x year,TRUE
Aphia minuta,6,2008,2,ESP_6_COR_2008_101_5_29,0.0105545603608346,0.00848872928662576,species x GSA x stratum x year,TRUE
Aphia minuta,6,2011,1,ESP_6_COR_2011_84_5_28,0.0051120701568801,0.00311725015162663,species x GSA x year (stratum cell too small),TRUE
Aphia minuta,6,2012,2,ESP_6_COR_2012_92_5_19,0.0109302142040717,0.00821561908943832,species x GSA x stratum x year,TRUE
Aphrodita aculeata,1,2012,2,ESP_1_COR_2012_12_4_28,0.100495366310351,0.0977137884732008,species x GSA x year (stratum cell too small),TRUE
Aphrodita aculeata,1,2016,2,ESP_1_MOL_2016_10_4_26,0.0454064245155209,0.0416995738623033,species x GSA x year (stratum cell too small),TRUE
Aphrodita aculeata,1,2018,3,ESP_1_MOL_2018_29_5_3,0.0742251663800483,0.0470423382714332,species x GSA x year (stratum cell too small),TRUE
Aphrodita aculeata,1,2021,4,ESP_1_MOL_2021_7_4_28,0.0487963565387118,0.0411803682981035,species x GSA x year (stratum cell too small),TRUE
Aplidium elegans,5,2014,2,ESP_5_MOL_2014_220_6_17,0.0116110817010764,0.00861337820794557,species x GSA x stratum x year,TRUE
Aplidium elegans,5,2017,2,ESP_5_MOL_2017_193_6_12,0.00598552338530067,0.00390399368366053,species x GSA x year (stratum cell too small),TRUE
Aplidium elegans,5,2018,2,ESP_5_MOL_2018_196_6_18,0.0376015966216412,0.00592838119654444,species x GSA x stratum x year,TRUE
Aplidium elegans,5,2020,2,ESP_5_MOL_2020_58_6_12,0.0360390659518204,0.015887204759858,species x GSA x stratum x year,TRUE
Aplidium nordmanni,5,2013,2,ESP_5_COR_2013_170_6_21,0.0292458237516142,0.0116240786956797,species x GSA x stratum x year,TRUE
Aplidium nordmanni,5,2014,2,ESP_5_MOL_2014_196_6_11,0.0963681708362559,0.0210512615631298,species x GSA x stratum x year,TRUE
Aplidium nordmanni,5,2016,2,ESP_5_MOL_2016_192_6_11,0.101950284383466,0.0116675357592077,species x GSA x stratum x year,TRUE
Aplidium nordmanni,5,2018,2,ESP_5_MOL_2018_211_6_21,0.012221387427999,0.00573659500071264,species x GSA x stratum x year,TRUE
Aplidium nordmanni,5,2019,2,ESP_5_MOL_2019_212_6_21,0.0707635656221775,0.0228937861746024,species x GSA x stratum x year,TRUE
Aplidium nordmanni,5,2020,2,ESP_5_MOL_2020_80_6_17,0.0537004340752963,0.0125542235257342,species x GSA x stratum x year,TRUE
Aporrhais pespelecani,6,2017,1,ESP_6_MOL_2017_140_5_29,0.000992157731969644,0.000668944261322023,species x GSA x year (stratum cell too small),TRUE
Aporrhais serresianus,1,1998,5,ESP_1_COR_1998_11_5_7,0.0119824440077509,0.00335979213276226,species x GSA x year (stratum cell too small),TRUE
Aporrhais serresianus,1,2015,5,ESP_1_MOL_2015_12_4_25,0.00143532454431799,0.000953290561601949,species x GSA x year (stratum cell too small),TRUE
Aporrhais serresianus,6,1995,2,ESP_6_COR_1995_98_5_19,0.0043095944735289,0.0031435799290754,species x GSA x year (stratum cell too small),TRUE
Aporrhais serresianus,6,2005,3,ESP_6_COR_2005_68_5_25,0.0132835138309844,0.000758848375959625,species x GSA x year (stratum cell too small),TRUE
Aporrhais serresianus,6,2016,1,ESP_6_MOL_2016_132_5_26,0.00540993169373201,0.000604387195745665,species x GSA x year (stratum cell too small),TRUE
Aporrhais serresianus,8,2015,4,FRA_8_LEU_2015_11_5_26,0.020507138154197,0.00150777060662682,species x GSA x stratum x year,TRUE
Argentina sphyraena,5,2007,2,ESP_5_COR_2007_160_6_26,0.0832670431294543,0.0500397472610726,species x GSA x year (stratum cell too small),TRUE
Argentina sphyraena,5,2011,3,ESP_5_COR_2011_124_6_9,0.157919341200702,0.0988413992260545,species x GSA x year (stratum cell too small),TRUE
Argentina sphyraena,5,2015,3,ESP_5_MOL_2015_181_6_8,0.191819319745254,0.0186434807679444,species x GSA x year (stratum cell too small),TRUE
Argentina sphyraena,5,2017,2,ESP_5_MOL_2017_203_6_14,0.0966482676077222,0.0574277790226694,species x GSA x year (stratum cell too small),TRUE
Argentina sphyraena,5,2020,4,ESP_5_MOL_2020_107_6_23,0.0903894543691352,0.0603953570721032,species x GSA x year (stratum cell too small),TRUE
Argentina sphyraena,6,1995,3,ESP_6_COR_1995_84_5_16,0.0910228168376494,0.0771688579117646,species x GSA x year (stratum cell too small),TRUE
Argentina sphyraena,6,2010,4,ESP_6_COR_2010_81_6_11,0.0589250061234365,0.0138572320541881,species x GSA x year (stratum cell too small),TRUE
Argentina sphyraena,6,2011,4,ESP_6_COR_2011_40_5_17,0.170574810565264,0.0314224145147345,species x GSA x year (stratum cell too small),TRUE
Argentina sphyraena,6,2014,3,ESP_6_MOL_2014_93_5_18,0.426972996428297,0.270166566873141,species x GSA x stratum x year,TRUE
Argentina sphyraena,6,2017,3,ESP_6_MOL_2017_145_5_29,0.0459448179881242,0.012387045757391,species x GSA x year (stratum cell too small),TRUE
Argentina sphyraena,6,2019,4,ESP_6_MOL_2019_150_6_3,0.0657947182243723,0.0208128224145672,species x GSA x year (stratum cell too small),TRUE
Argentina sphyraena,6,2021,3,ESP_6_MOL_2021_109_5_23,2.82851223080811,0.132753575250322,species x GSA x stratum x year,TRUE
Argentina sphyraena,7,1999,3,FRA_7_LEU_1999_59_5_25,0.380734351894546,0.249034888735663,species x GSA x year (stratum cell too small),TRUE
Argentina sphyraena,7,2000,4,FRA_7_LEU_2000_37_6_13,11.7182387574307,0.226729562075432,species x GSA x year (stratum cell too small),TRUE
Argentina sphyraena,7,2001,4,FRA_7_LEU_2001_40_6_15,0.345776930323556,0.16832021381405,species x GSA x year (stratum cell too small),TRUE
Argentina sphyraena,7,2003,4,FRA_7_LEU_2003_30_6_12,2.44366778696571,0.331961160729906,species x GSA x year (stratum cell too small),TRUE
Argentina sphyraena,7,2008,4,FRA_7_LEU_2008_78_6_16,5.40564292322475,0.228178536006368,species x GSA x year (stratum cell too small),TRUE
Argentina sphyraena,7,2010,2,FRA_7_LEU_2010_69_6_13,0.186960040427561,0.0546040244573456,species x GSA x year (stratum cell too small),TRUE
Argentina sphyraena,7,2011,4,FRA_7_LEU_2011_45_6_7,0.0685451587628293,0.0304402653969097,species x GSA x year (stratum cell too small),TRUE
Argentina sphyraena,7,2012,4,FRA_7_LEU_2012_80_6_21,0.190522254751704,0.0737779477782105,species x GSA x year (stratum cell too small),TRUE
Argentina sphyraena,7,2013,3,FRA_7_LEU_2013_43_6_9,0.588852959088093,0.185629889225755,species x GSA x stratum x year,TRUE
Argentina sphyraena,7,2014,4,FRA_7_LEU_2014_75_6_23,0.0772690804279271,0.0522799569012385,species x GSA x year (stratum cell too small),TRUE
Argentina sphyraena,7,2016,4,FRA_7_LEU_2016_36_6_5,0.0883864333448011,0.0510766346593367,species x GSA x year (stratum cell too small),TRUE
Argentina sphyraena,7,2017,4,FRA_7_LEU_2017_45_6_11,0.157070854331375,0.0491371604624149,species x GSA x year (stratum cell too small),TRUE
Argentina sphyraena,8,1995,3,FRA_8_LEU_1995_88_7_21,0.759992680639206,0.684206347037464,species x GSA x year (stratum cell too small),TRUE
Argentina sphyraena,8,1999,4,FRA_8_LEU_1999_4_5_7,0.698131403619149,0.681598840114199,species x GSA x year (stratum cell too small),TRUE
Argentina sphyraena,8,2006,4,FRA_8_LEU_2006_23_6_12,0.777005706251384,0.452292758783212,species x GSA x year (stratum cell too small),TRUE
Argentina sphyraena,8,2008,3,FRA_8_LEU_2008_14_5_20,1.34485764345556,0.310113171753258,species x GSA x year (stratum cell too small),TRUE
Argentina sphyraena,8,2009,3,FRA_8_LEU_2009_11_5_24,1.56915641193622,0.518064621846156,species x GSA x year (stratum cell too small),TRUE
Argentina sphyraena,8,2014,4,FRA_8_LEU_2014_1_5_27,0.17393826842773,0.114471288212425,species x GSA x year (stratum cell too small),TRUE
Argentina sphyraena,9,2000,3,ITA_9_FRP_2000_50_6_26,0.152243156224997,0.107121277944462,species x GSA x stratum x year,TRUE
Argentina sphyraena,9,2001,3,ITA_9_FRP_2001_50_5_11,0.118257360842214,0.0761529705812872,species x GSA x stratum x year,TRUE
Argentina sphyraena,9,2012,4,ITA_9_LIB_2012_53_7_4,0.770918816242267,0.145140356048385,species x GSA x stratum x year,TRUE
Argentina sphyraena,9,2021,4,ITA_9_SAN_2021_107_8_26,0.112357469437613,0.0368328789330812,species x GSA x stratum x year,TRUE
Argentina sphyraena,10,2000,4,ITA_10_SAN_2000_73_6_16,3.55982213353594,0.244043057894056,species x GSA x stratum x year,TRUE
Argentina sphyraena,10,2002,4,ITA_10_GAB_2002_61_7_22,0.0502197481503032,0.036499707510901,species x GSA x year (stratum cell too small),TRUE
Argentina sphyraena,10,2007,4,ITA_10_PEC_2007_35_8_7,0.0338822325399831,0.0297821033313169,species x GSA x stratum x year,TRUE
Argentina sphyraena,10,2013,4,ITA_10_PEC_2013_62_6_24,0.0297429308234306,0.0158293278328394,species x GSA x year (stratum cell too small),TRUE
Argentina sphyraena,10,2016,4,ITA_10_PEC_2016_61_9_10,0.0318095849991477,0.026531113370717,species x GSA x stratum x year,TRUE
Argentina sphyraena,10,2019,4,ITA_10_SAN_2019_29_6_30,0.92173965957627,0.234091326202455,species x GSA x year (stratum cell too small),TRUE
Argentina sphyraena,11,1994,4,ITA_11_NUS_1994_66_7_5,62.2631832052179,8.61798149566332,species x GSA x stratum x year,TRUE
Argentina sphyraena,11,2011,3,ITA_11_GIS_2011_68_6_24,2.28896563186361,2.20584141794582,species x GSA x stratum x year,TRUE
Argentina sphyraena,11,2017,4,ITA_11_GIS_2017_21_11_3,0.0932934253032781,0.0865190031296612,species x GSA x stratum x year,TRUE
Argentina sphyraena,11,2018,3,ITA_11_GIS_2018_85_8_1,0.118473996420752,0.0775786236406947,species x GSA x stratum x year,TRUE
Argentina sphyraena,11,2020,4,ITA_11_GIS_2020_64_11_4,0.444979662311685,0.115412353293491,species x GSA x stratum x year,TRUE
Argyropelecus hemigymnus,1,2000,4,ESP_1_COR_2000_28_5_29,0.0020150739729185,0.00151207475294563,species x GSA x year (stratum cell too small),TRUE
Argyropelecus hemigymnus,1,2004,5,ESP_1_COR_2004_15_5_9,0.000512005322914162,0.000452649393825348,species x GSA x year (stratum cell too small),TRUE
Argyropelecus hemigymnus,1,2018,4,ESP_1_MOL_2018_27_5_3,0.000494697129506559,0.000401083979643184,species x GSA x stratum x year,TRUE
Argyropelecus hemigymnus,1,2019,4,ESP_1_MOL_2019_16_5_1,0.000297882228775602,0.000263787001476343,species x GSA x stratum x year,TRUE
Argyropelecus hemigymnus,5,2007,4,ESP_5_COR_2007_121_6_17,0.0022548258561096,0.00204548722290389,species x GSA x year (stratum cell too small),TRUE
Argyropelecus hemigymnus,5,2008,4,ESP_5_COR_2008_128_6_7,0.0010102626839462,0.000956058036637744,species x GSA x year (stratum cell too small),TRUE
Argyropelecus hemigymnus,5,2012,4,ESP_5_COR_2012_154_6_4,0.00187418057483077,0.00174300988023022,species x GSA x year (stratum cell too small),TRUE
Argyropelecus hemigymnus,5,2015,5,ESP_5_MOL_2015_186_6_9,0.000622305797357206,0.000542090367088045,species x GSA x year (stratum cell too small),TRUE
Argyropelecus hemigymnus,5,2016,4,ESP_5_MOL_2016_209_6_16,0.00257599156411142,0.000901310198543637,species x GSA x year (stratum cell too small),TRUE
Argyropelecus hemigymnus,5,2017,3,ESP_5_MOL_2017_216_6_17,0.00203648803273535,0.00111631149188114,species x GSA x year (stratum cell too small),TRUE
Argyropelecus hemigymnus,5,2019,4,ESP_5_MOL_2019_210_6_20,0.000423403129727793,0.000289012666670759,species x GSA x year (stratum cell too small),TRUE
Argyropelecus hemigymnus,6,1995,5,ESP_6_COR_1995_81_5_16,0.000428897380866729,0.00033511797043237,species x GSA x stratum x year,TRUE
Argyropelecus hemigymnus,6,2001,4,ESP_6_COR_2001_107_6_10,0.000484916693342425,0.000470301359323327,species x GSA x year (stratum cell too small),TRUE
Argyropelecus hemigymnus,6,2004,5,ESP_6_COR_2004_52_5_17,0.000732664487593299,0.000731947466526967,species x GSA x stratum x year,TRUE
Argyropelecus hemigymnus,6,2005,4,ESP_6_COR_2005_93_5_31,0.00114396042507645,0.000912860593181985,species x GSA x year (stratum cell too small),TRUE
Argyropelecus hemigymnus,6,2006,4,ESP_6_COR_2006_55_5_18,0.000889527847774966,0.000824178559012065,species x GSA x year (stratum cell too small),TRUE
Argyropelecus hemigymnus,6,2008,4,ESP_6_COR_2008_119_6_2,0.000584314239090495,0.000436638220908093,species x GSA x year (stratum cell too small),TRUE
Argyropelecus hemigymnus,6,2017,5,ESP_6_MOL_2017_106_5_20,0.000732705709392852,0.000650696556476682,species x GSA x year (stratum cell too small),TRUE
Argyropelecus hemigymnus,6,2020,4,ESP_6_MOL_2020_36_6_6,0.00141587528618369,0.000789272368869569,species x GSA x year (stratum cell too small),TRUE
Argyropelecus hemigymnus,9,1997,5,ITA_9_FRP_1997_39_7_17,0.000817974502001151,0.000535499818868143,species x GSA x stratum x year,TRUE
Argyropelecus hemigymnus,9,2000,5,ITA_9_FRP_2000_10_7_21,0.00299923984067089,0.00093908678750449,species x GSA x year (stratum cell too small),TRUE
Argyropelecus hemigymnus,9,2017,5,ITA_9_SAN_2017_34_10_12,0.00310564108662268,0.000800597486027347,species x GSA x year (stratum cell too small),TRUE
Argyropelecus hemigymnus,9,2020,4,ITA_9_SAN_2020_4_11_3,0.000682062753297148,0.00038490299629639,species x GSA x stratum x year,TRUE
Argyropelecus hemigymnus,9,2021,4,ITA_9_SAN_2021_115_8_30,0.0110964832663407,0.00286973780763272,species x GSA x stratum x year,TRUE
Argyropelecus hemigymnus,10,1999,5,ITA_10_SAN_1999_79_5_19,0.00199472791965376,0.00098215027927648,species x GSA x stratum x year,TRUE
Argyropelecus hemigymnus,10,2000,5,ITA_10_SAN_2000_136_6_28,0.000657578123717507,0.00032223333844703,species x GSA x stratum x year,TRUE
Argyropelecus hemigymnus,11,2014,4,ITA_11_GIS_2014_36_8_1,0.00386052948371754,0.00350996784852492,species x GSA x year (stratum cell too small),TRUE
Argyropelecus hemigymnus,11,2016,5,ITA_11_GIS_2016_13_6_9,0.00109248814565541,0.000920795857686401,species x GSA x year (stratum cell too small),TRUE
Argyropelecus hemigymnus,11,2017,5,ITA_11_GIS_2017_42_11_10,0.00796870376138142,0.0017553885428031,species x GSA x year (stratum cell too small),TRUE
Aristaeomorpha foliacea,9,1995,5,ITA_9_FRP_1995_81_6_2,0.308604791860165,0.281693292519197,species x GSA x stratum x year,TRUE
Aristaeomorpha foliacea,9,1997,5,ITA_9_FRP_1997_39_7_17,0.438046013404558,0.418246667953087,species x GSA x stratum x year,TRUE
Aristaeomorpha foliacea,9,2007,5,ITA_9_LIB_2007_9_9_2,0.587036859166541,0.531253999175244,species x GSA x stratum x year,TRUE
Aristaeomorpha foliacea,9,2008,5,ITA_9_LIB_2008_9_5_30,0.423726115357601,0.319878168461495,species x GSA x stratum x year,TRUE
Aristaeomorpha foliacea,9,2021,4,ITA_9_SAN_2021_24_9_17,1.14725898501614,0.585260453002717,species x GSA x year (stratum cell too small),TRUE
Aristaeomorpha foliacea,10,1997,5,ITA_10_SAN_1997_121_6_27,2.33697643314782,1.78281967749082,species x GSA x stratum x year,TRUE
Aristaeomorpha foliacea,10,1998,5,ITA_10_SAN_1998_135_5_26,1.01259036792636,0.704358291292504,species x GSA x stratum x year,TRUE
Aristaeomorpha foliacea,10,2001,5,ITA_10_SAN_2001_121_4_29,0.767017944800348,0.602091746094431,species x GSA x stratum x year,TRUE
Aristaeomorpha foliacea,11,1998,5,ITA_11_NUS_1998_72_6_18,2.32756281668068,2.0040617109961,species x GSA x stratum x year,TRUE
Aristaeomorpha foliacea,11,2000,5,ITA_11_NUS_2000_55_6_16,3.09976643242764,1.75568028566445,species x GSA x stratum x year,TRUE
Aristaeomorpha foliacea,11,2002,5,ITA_11_NUS_2002_73_8_6,1.46493957307086,1.31089109446854,species x GSA x stratum x year,TRUE
Aristaeomorpha foliacea,11,2010,5,ITA_11_GIS_2010_91_6_23,1.23120032563422,0.824179570251842,species x GSA x stratum x year,TRUE
Aristaeomorpha foliacea,11,2011,5,ITA_11_GIS_2011_59_6_22,0.516127990448452,0.43514781167233,species x GSA x stratum x year,TRUE
Aristaeomorpha foliacea,11,2012,5,ITA_11_GIS_2012_91_7_10,0.611810528798684,0.519603671142587,species x GSA x stratum x year,TRUE
Aristaeomorpha foliacea,11,2014,5,ITA_11_GIS_2014_88_8_12,0.501259726526295,0.47587437538524,species x GSA x stratum x year,TRUE
Aristaeomorpha foliacea,11,2017,5,ITA_11_GIS_2017_5_10_31,0.416833400026677,0.300373478055117,species x GSA x stratum x year,TRUE
Aristaeomorpha foliacea,11,2020,5,ITA_11_GIS_2020_17_10_23,2.0967715677263,0.678727929276927,species x GSA x stratum x year,TRUE
Aristaeomorpha foliacea,11,2021,5,ITA_11_GIS_2021_61_9_3,0.721402864640986,0.59249528216164,species x GSA x stratum x year,TRUE
Aristeus antennatus,9,1994,5,ITA_9_FRP_1994_147_6_16,0.794640621553908,0.62641735620558,species x GSA x stratum x year,TRUE
Aristeus antennatus,9,1999,5,ITA_9_FRP_1999_153_6_22,0.623779117813949,0.445634318694855,species x GSA x stratum x year,TRUE
Aristeus antennatus,9,2001,5,ITA_9_FRP_2001_147_5_27,0.388312670853692,0.273487799531344,species x GSA x stratum x year,TRUE
Aristeus antennatus,9,2002,5,ITA_9_FRP_2002_147_7_28,0.177381257553008,0.0902300472384612,species x GSA x stratum x year,TRUE
Aristeus antennatus,9,2003,5,ITA_9_CIR_2003_153_7_9,0.391351853678343,0.175823645955698,species x GSA x stratum x year,TRUE
Aristeus antennatus,9,2007,5,ITA_9_LIB_2007_153_9_19,0.476691879777301,0.352115463004355,species x GSA x stratum x year,TRUE
Aristeus antennatus,9,2020,5,ITA_9_SAN_2020_34_10_31,0.2933975176956,0.246120229332875,species x GSA x year (stratum cell too small),TRUE
Aristeus antennatus,10,1997,5,ITA_10_SAN_1997_78_6_17,0.846715196618558,0.575437697489815,species x GSA x stratum x year,TRUE
Aristeus antennatus,10,1999,5,ITA_10_SAN_1999_82_5_20,0.216699035927026,0.186660750447412,species x GSA x stratum x year,TRUE
Aristeus antennatus,10,2015,5,ITA_10_PEC_2015_11_6_14,0.105285268943065,0.0828108277540977,species x GSA x stratum x year,TRUE
Aristeus antennatus,10,2021,5,ITA_10_SAN_2021_66_10_8,0.601340588618894,0.280409470406885,species x GSA x stratum x year,TRUE
Aristeus antennatus,11,1999,5,ITA_11_NUS_1999_83_6_14,2.75646843909792,0.547521267096738,species x GSA x stratum x year,TRUE
Aristeus antennatus,11,2010,5,ITA_11_GIS_2010_92_6_23,1.05354929427705,0.893002544999239,species x GSA x stratum x year,TRUE
Aristeus antennatus,11,2019,5,ITA_11_GIS_2019_76_6_21,0.32211813046839,0.29735788519264,species x GSA x stratum x year,TRUE
Arnoglossus imperialis,11,1995,1,ITA_11_NUS_1995_23_6_23,4.99311599098323,2.20936747309028,species x GSA x year (stratum cell too small),TRUE
Arnoglossus laterna,1,1998,2,ESP_1_COR_1998_22_5_10,1.33266805141398,1.12724959296554,species x GSA x year (stratum cell too small),TRUE
Arnoglossus laterna,1,2013,1,ESP_1_COR_2013_5_5_9,1.40565746572182,1.16391751570982,species x GSA x year (stratum cell too small),TRUE
Arnoglossus laterna,1,2015,2,ESP_1_MOL_2015_15_4_26,3.50117904868006,1.27994041127623,species x GSA x year (stratum cell too small),TRUE
Arnoglossus laterna,1,2019,1,ESP_1_MOL_2019_21_5_2,1.42812243315591,0.81325719291859,species x GSA x year (stratum cell too small),TRUE
Arnoglossus laterna,1,2021,1,ESP_1_MOL_2021_19_4_30,1.78283333174802,1.31936368498515,species x GSA x year (stratum cell too small),TRUE
Arnoglossus laterna,5,2010,2,ESP_5_COR_2010_90_6_14,0.588015677326149,0.239626085189648,species x GSA x year (stratum cell too small),TRUE
Arnoglossus laterna,5,2016,3,ESP_5_MOL_2016_208_6_16,0.204763188070365,0.103906262570094,species x GSA x year (stratum cell too small),TRUE
Arnoglossus laterna,6,1995,3,ESP_6_COR_1995_84_5_16,1.34680134680135,0.776343011565498,species x GSA x stratum x year,TRUE
Arnoglossus laterna,6,1998,2,ESP_6_COR_1998_54_5_19,0.394762886997621,0.320437942660883,species x GSA x stratum x year,TRUE
Arnoglossus laterna,6,2002,2,ESP_6_COR_2002_101_6_5,0.122889159245039,0.11847642098095,species x GSA x stratum x year,TRUE
Arnoglossus laterna,6,2006,1,ESP_6_COR_2006_137_6_11,0.67880435734883,0.491776773323213,species x GSA x year (stratum cell too small),TRUE
Arnoglossus laterna,6,2010,2,ESP_6_COR_2010_67_6_7,0.150584831083119,0.130537297540899,species x GSA x stratum x year,TRUE
Arnoglossus laterna,6,2011,2,ESP_6_COR_2011_36_5_16,0.598354455536077,0.564436276202165,species x GSA x year (stratum cell too small),TRUE
Arnoglossus laterna,6,2012,3,ESP_6_COR_2012_99_5_21,0.206901574438221,0.171262292607011,species x GSA x year (stratum cell too small),TRUE
Arnoglossus laterna,6,2018,2,ESP_6_MOL_2018_112_5_25,3.67608490183766,0.272242295717687,species x GSA x stratum x year,TRUE
Arnoglossus laterna,6,2019,1,ESP_6_MOL_2019_129_5_30,0.438063825789902,0.134253496278254,species x GSA x year (stratum cell too small),TRUE
Arnoglossus laterna,6,2021,3,ESP_6_MOL_2021_110_5_23,0.123966690851866,0.0887739373408777,species x GSA x stratum x year,TRUE
Arnoglossus laterna,7,1997,1,FRA_7_LEU_1997_14_6_8,0.401761736694311,0.305050009650705,species x GSA x stratum x year,TRUE
Arnoglossus laterna,7,1999,2,FRA_7_LEU_1999_39_5_19,1.02976604509492,0.639617556230603,species x GSA x stratum x year,TRUE
Arnoglossus laterna,7,2003,2,FRA_7_LEU_2003_87_6_29,1.48590703064137,1.39706070215449,species x GSA x stratum x year,TRUE
Arnoglossus laterna,7,2008,2,FRA_7_LEU_2008_72_6_13,3.19531079911407,1.95919460716134,species x GSA x stratum x year,TRUE
Arnoglossus laterna,7,2009,2,FRA_7_LEU_2009_47_6_6,3.49206463232949,0.828316224509854,species x GSA x stratum x year,TRUE
Arnoglossus laterna,7,2012,2,FRA_7_LEU_2012_43_6_9,0.73242044449132,0.640800029371733,species x GSA x stratum x year,TRUE
Arnoglossus laterna,7,2015,1,FRA_7_LEU_2015_55_6_12,0.356945574468572,0.324832929019515,species x GSA x stratum x year,TRUE
Arnoglossus laterna,7,2018,1,FRA_7_LEU_2018_73_6_17,1.86082127815664,1.83297909628656,species x GSA x year (stratum cell too small),TRUE
Arnoglossus laterna,7,2021,1,FRA_7_LEU_2021_79_6_18,1.597665332667,0.815845085820145,species x GSA x year (stratum cell too small),TRUE
Arnoglossus laterna,9,2000,3,ITA_9_FRP_2000_44_6_30,1.65984043900317,1.04080762120184,species x GSA x stratum x year,TRUE
Arnoglossus laterna,9,2001,3,ITA_9_FRP_2001_58_5_11,0.573264699092612,0.264665775459975,species x GSA x stratum x year,TRUE
Arnoglossus laterna,9,2013,1,ITA_9_LIB_2013_47_7_12,1.02311804801518,0.93785273731971,species x GSA x stratum x year,TRUE
Arnoglossus laterna,9,2014,3,ITA_9_LIB_2014_91_9_11,0.108955374547992,0.067055202405333,species x GSA x stratum x year,TRUE
Arnoglossus laterna,9,2023,2,ITA_9_SAN_2023_46_10_16,0.170709686600232,0.138220822591619,species x GSA x stratum x year,TRUE
Arnoglossus laterna,10,1996,3,ITA_10_SAN_1996_69_6_18,0.263723303619629,0.249586532620862,species x GSA x stratum x year,TRUE
Arnoglossus laterna,10,1997,2,ITA_10_SAN_1997_62_6_16,1.5038700043831,0.6810372765886,species x GSA x year (stratum cell too small),TRUE
Arnoglossus laterna,10,1998,2,ITA_10_SAN_1998_62_6_11,0.544894690927558,0.446056559185714,species x GSA x year (stratum cell too small),TRUE
Arnoglossus laterna,10,2002,1,ITA_10_GAB_2002_50_7_21,0.401401579629902,0.324853575909501,species x GSA x year (stratum cell too small),TRUE
Arnoglossus laterna,10,2010,1,ITA_10_PEC_2010_48_6_8,0.566757517896786,0.478891295572996,species x GSA x year (stratum cell too small),TRUE
Arnoglossus laterna,10,2011,2,ITA_10_PEC_2011_53_6_8,0.49360943870897,0.268054248801074,species x GSA x year (stratum cell too small),TRUE
Arnoglossus laterna,10,2012,1,ITA_10_PEC_2012_49_6_18,0.726783530491906,0.535964159815096,species x GSA x year (stratum cell too small),TRUE
Arnoglossus rueppelii,5,2014,3,ESP_5_MOL_2014_206_6_13,0.410911534539643,0.381441566244224,species x GSA x stratum x year,TRUE
Arnoglossus rueppelii,5,2020,2,ESP_5_MOL_2020_87_6_19,3.55372258285493,1.08627561671692,species x GSA x year (stratum cell too small),TRUE
Arnoglossus rueppelii,6,1995,3,ESP_6_COR_1995_88_5_17,9.18755590660247,3.13819915202535,species x GSA x year (stratum cell too small),TRUE
Arnoglossus rueppelii,6,2004,3,ESP_6_COR_2004_92_5_25,1.19548590758613,0.935230500886897,species x GSA x year (stratum cell too small),TRUE
Arnoglossus rueppelii,6,2016,3,ESP_6_MOL_2016_138_5_28,6.10640940804978,4.73987887554698,species x GSA x year (stratum cell too small),TRUE
Arnoglossus rueppelii,9,2001,3,ITA_9_FRP_2001_104_6_6,0.191568486619971,0.170024468263182,species x GSA x year (stratum cell too small),TRUE
Arnoglossus rueppelii,9,2020,4,ITA_9_SAN_2020_64_10_27,0.192424682814369,0.170379461135725,species x GSA x year (stratum cell too small),TRUE
Arnoglossus rueppelii,11,2014,1,ITA_11_GIS_2014_96_8_13,0.892785719999543,0.607159737764413,species x GSA x year (stratum cell too small),TRUE
Arnoglossus spp.,11,1996,3,ITA_11_NUS_1996_25_6_28,0.651924617069911,0.501078155256001,species x GSA x stratum x year,TRUE
Arnoglossus spp.,11,1999,3,ITA_11_NUS_1999_67_6_8,7.29953398178287,5.97758068236409,species x GSA x stratum x year,TRUE
Arnoglossus spp.,11,2004,2,ITA_11_GIS_2004_30_7_5,0.921585259354367,0.848627924570183,species x GSA x stratum x year,TRUE
Arnoglossus thori,1,2017,2,ESP_1_MOL_2017_53_5_6,0.515810436739006,0.308155102587914,species x GSA x year (stratum cell too small),TRUE
Arnoglossus thori,1,2021,2,ESP_1_MOL_2021_36_5_4,12.5159357996413,8.5160359642901,species x GSA x year (stratum cell too small),TRUE
Arnoglossus thori,5,2007,2,ESP_5_COR_2007_129_6_19,4.35623683745671,3.2360005312941,species x GSA x stratum x year,TRUE
Arnoglossus thori,5,2008,2,ESP_5_COR_2008_138_6_9,1.91854798615494,1.00243082548692,species x GSA x stratum x year,TRUE
Arnoglossus thori,5,2009,2,ESP_5_COR_2009_127_5_11,0.90263974111524,0.313462713009173,species x GSA x stratum x year,TRUE
Arnoglossus thori,5,2011,2,ESP_5_COR_2011_157_6_17,3.09066183796205,1.90162234415084,species x GSA x stratum x year,TRUE
Arnoglossus thori,5,2021,2,ESP_5_MOL_2021_187_6_12,1.20892871009287,0.729430102994945,species x GSA x stratum x year,TRUE
Arnoglossus thori,6,2002,1,ESP_6_COR_2002_102_6_5,1.61811216960296,0.258777132996987,species x GSA x year (stratum cell too small),TRUE
Arnoglossus thori,6,2005,1,ESP_6_COR_2005_84_5_28,3.8073274589466,0.516759838008314,species x GSA x year (stratum cell too small),TRUE
Arnoglossus thori,6,2006,1,ESP_6_COR_2006_98_6_2,4.0368816460665,1.47228822782743,species x GSA x year (stratum cell too small),TRUE
Arnoglossus thori,6,2016,2,ESP_6_MOL_2016_171_6_4,3.70612015812957,1.56223468281167,species x GSA x stratum x year,TRUE
Arnoglossus thori,11,1996,1,ITA_11_NUS_1996_51_7_12,5.15510685505489,4.37282950718345,species x GSA x stratum x year,TRUE
Arnoglossus thori,11,2009,3,ITA_11_GIS_2009_88_7_8,3.26155434982414,2.82671340703017,species x GSA x stratum x year,TRUE
Arnoglossus thori,11,2010,3,ITA_11_GIS_2010_93_6_23,21.2748937531806,4.53332658654666,species x GSA x stratum x year,TRUE
Arnoglossus thori,11,2013,1,ITA_11_GIS_2013_47_7_11,2.43834967145598,0.755720584654039,species x GSA x year (stratum cell too small),TRUE
Arnoglossus thori,11,2018,2,ITA_11_GIS_2018_19_7_19,1.25177410530015,0.860469293843707,species x GSA x year (stratum cell too small),TRUE
Ascidia mentula,1,2019,1,ESP_1_MOL_2019_21_5_2,0.00749681885728015,0.00399207465920133,species x GSA x year (stratum cell too small),TRUE
Ascidia mentula,5,2012,2,ESP_5_COR_2012_139_6_1,0.275593990216632,0.274251285048609,species x GSA x stratum x year,TRUE
Ascidia mentula,5,2017,3,ESP_5_MOL_2017_220_6_18,0.115089969713166,0.048463060137755,species x GSA x year (stratum cell too small),TRUE
Ascidia mentula,6,2015,2,ESP_6_MOL_2015_172_6_4,0.0292664701731081,0.0192109914890091,species x GSA x stratum x year,TRUE
Ascidia mentula,11,2019,1,ITA_11_GIS_2019_39_6_12,0.0867356027382154,0.0461282658633748,species x GSA x stratum x year,TRUE
Ascidia spp.,9,2016,2,ITA_9_SAN_2016_89_6_9,0.0159261028826246,0.00442352000852082,species x GSA x year (stratum cell too small),TRUE
Ascidiella scabra,6,2019,3,ESP_6_MOL_2019_97_5_22,0.00570401020921149,0.00129945202179449,species x GSA x year (stratum cell too small),TRUE
Ascidiella spp.,6,2018,1,ESP_6_MOL_2018_69_5_16,0.0245922111856136,0.00156296104339634,species x GSA x year (stratum cell too small),TRUE
Ascidiidae,5,2021,2,ESP_5_MOL_2021_219_6_19,0.0175266227180527,0.0122600217416896,species x GSA x stratum x year,TRUE
Ascidiidae,7,2013,3,FRA_7_LEU_2013_45_6_10,0.0690356994337993,0.0416479702681756,species x GSA x year (stratum cell too small),TRUE
Astropecten aranciacus,6,2015,1,ESP_6_MOL_2015_73_5_11,0.0535089129532361,0.0460625841448679,species x GSA x year (stratum cell too small),TRUE
Astropecten aranciacus,9,2016,1,ITA_9_SAN_2016_128_6_9,0.0351864883884588,0.0188307395218604,species x GSA x year (stratum cell too small),TRUE
Astropecten aranciacus,9,2019,1,ITA_9_SAN_2019_128_6_1,0.030257608624815,0.0184242357188633,species x GSA x year (stratum cell too small),TRUE
Astropecten aranciacus,10,2018,2,ITA_10_SAN_2018_69_7_19,0.0191648629148629,0.0136659864376558,species x GSA x year (stratum cell too small),TRUE
Astropecten aranciacus,11,2014,2,ITA_11_GIS_2014_60_8_5,0.175022282687632,0.165440394122151,species x GSA x stratum x year,TRUE
Astropecten bispinosus,10,2012,1,ITA_10_PEC_2012_49_6_18,0.0352976512284496,0.0173889605639299,species x GSA x year (stratum cell too small),TRUE
Astropecten bispinosus,10,2013,1,ITA_10_PEC_2013_21_7_2,0.0152074433522735,0.00358795201873251,species x GSA x year (stratum cell too small),TRUE
Astropecten irregularis pentacanthus,1,2012,2,ESP_1_COR_2012_32_5_4,0.00112308501243051,0.000892899108261218,species x GSA x year (stratum cell too small),TRUE
Astropecten irregularis pentacanthus,1,2015,2,ESP_1_MOL_2015_15_4_26,0.00229138024413615,0.00130265719673291,species x GSA x year (stratum cell too small),TRUE
Astropecten irregularis pentacanthus,1,2017,2,ESP_1_MOL_2017_38_5_2,0.00264527848789268,0.00124973008382779,species x GSA x year (stratum cell too small),TRUE
Astropecten irregularis pentacanthus,5,2016,3,ESP_5_MOL_2016_212_6_16,0.000794065405913698,0.00053470452433322,species x GSA x year (stratum cell too small),TRUE
Astropecten irregularis pentacanthus,5,2020,3,ESP_5_MOL_2020_68_6_15,0.000597646468208196,0.000540541314285937,species x GSA x year (stratum cell too small),TRUE
Astropecten irregularis pentacanthus,5,2021,2,ESP_5_MOL_2021_205_6_16,0.000202790395846853,0.000149830525764504,species x GSA x year (stratum cell too small),TRUE
Astropecten irregularis pentacanthus,6,2014,1,ESP_6_MOL_2014_121_5_24,0.00249408618739072,0.00151854662346846,species x GSA x year (stratum cell too small),TRUE
Astropecten irregularis pentacanthus,6,2015,4,ESP_6_MOL_2015_168_6_3,0.00102800445853619,0.000635277039803682,species x GSA x stratum x year,TRUE
Astropecten irregularis pentacanthus,6,2018,1,ESP_6_MOL_2018_120_5_28,0.00727256369116346,0.00261111958720902,species x GSA x year (stratum cell too small),TRUE
Astropecten irregularis pentacanthus,6,2019,1,ESP_6_MOL_2019_129_5_30,0.0224431049547811,0.00379027471393479,species x GSA x year (stratum cell too small),TRUE
Astropecten irregularis pentacanthus,8,2012,2,FRA_8_LEU_2012_9_5_27,0.00256790384920845,0.000768940321340729,species x GSA x year (stratum cell too small),TRUE
Astropecten irregularis pentacanthus,8,2013,2,FRA_8_LEU_2013_9_5_26,0.00362040002317056,0.00107204570869625,species x GSA x year (stratum cell too small),TRUE
Astropecten irregularis pentacanthus,8,2014,2,FRA_8_LEU_2014_14_5_31,0.000958938565050619,0.000587086910249721,species x GSA x year (stratum cell too small),TRUE
Astropecten irregularis pentacanthus,9,2017,2,ITA_9_SAN_2017_117_10_7,0.0267759554062528,0.00207916110494209,species x GSA x stratum x year,TRUE
Astropecten irregularis pentacanthus,9,2023,1,ITA_9_SAN_2023_14_10_30,0.0025560412033842,0.00095348917357724,species x GSA x year (stratum cell too small),TRUE
Astropecten irregularis pentacanthus,10,2011,2,ITA_10_PEC_2011_4_6_15,0.00582551419871994,0.00136866441019833,species x GSA x year (stratum cell too small),TRUE
Astropecten irregularis pentacanthus,10,2013,2,ITA_10_PEC_2013_5_7_3,0.00638658584732576,0.00139779158026554,species x GSA x year (stratum cell too small),TRUE
Astropecten irregularis pentacanthus,10,2014,1,ITA_10_PEC_2014_21_9_12,0.000822791319551579,0.000530684223312037,species x GSA x year (stratum cell too small),TRUE
Astropecten irregularis pentacanthus,10,2015,5,ITA_10_PEC_2015_65_6_22,0.0016044427018414,0.000844057463937313,species x GSA x year (stratum cell too small),TRUE
Astropecten irregularis pentacanthus,10,2016,3,ITA_10_PEC_2016_3_9_3,0.00134031830645038,0.00127215414424078,species x GSA x year (stratum cell too small),TRUE
Astropecten irregularis pentacanthus,10,2018,2,ITA_10_SAN_2018_7_7_7,0.000639758568352688,0.000388810855811001,species x GSA x year (stratum cell too small),TRUE
Astropecten irregularis pentacanthus,11,2013,2,ITA_11_GIS_2013_51_7_12,0.0576424474277352,0.0272076973200509,species x GSA x year (stratum cell too small),TRUE
Astropecten irregularis pentacanthus,11,2016,2,ITA_11_GIS_2016_82_6_28,0.0929240216029765,0.064091856371008,species x GSA x year (stratum cell too small),TRUE
Astropecten irregularis pentacanthus,11,2020,2,ITA_11_GIS_2020_41_10_29,0.0547916337390022,0.0520408348611792,species x GSA x year (stratum cell too small),TRUE
Astropecten irregularis pentacanthus,11,2021,2,ITA_11_GIS_2021_67_9_4,0.0311267605633803,0.0236851725012958,species x GSA x year (stratum cell too small),TRUE
Axinella damicornis,5,2019,2,ESP_5_MOL_2019_191_6_16,0.0325809214909615,0.0257541500723736,species x GSA x stratum x year,TRUE
Axinella damicornis,5,2020,2,ESP_5_MOL_2020_99_6_22,0.0188620751546005,0.00656502677796855,species x GSA x stratum x year,TRUE
Axinella verrucosa,5,2020,2,ESP_5_MOL_2020_99_6_22,0.00665720299574135,0.00238857496422456,species x GSA x stratum x year,TRUE
Bathynectes maravigna,1,2008,5,ESP_1_COR_2008_11_5_8,0.0293412070446191,0.0247033221839582,species x GSA x year (stratum cell too small),TRUE
Bathypolypus sponsalis,1,2006,5,ESP_1_COR_2006_38_5_14,0.106668197331382,0.0781044224350762,species x GSA x stratum x year,TRUE
Bathypolypus sponsalis,1,2007,4,ESP_1_COR_2007_14_5_22,0.077328054094753,0.0739291750394719,species x GSA x year (stratum cell too small),TRUE
Bathypolypus sponsalis,5,2007,4,ESP_5_COR_2007_147_6_24,0.0656093646747852,0.0530175536511837,species x GSA x year (stratum cell too small),TRUE
Bathypolypus sponsalis,6,2003,5,ESP_6_COR_2003_91_5_15,0.0411675677275873,0.0287945704090282,species x GSA x year (stratum cell too small),TRUE
Bathypolypus sponsalis,6,2019,4,ESP_6_MOL_2019_158_6_5,0.0363257416368609,0.0237252859682205,species x GSA x year (stratum cell too small),TRUE
Bathypolypus sponsalis,9,1998,5,ITA_9_FRP_1998_106_5_24,0.0385709995674538,0.0330579657880248,species x GSA x year (stratum cell too small),TRUE
Bathypolypus sponsalis,9,2018,5,ITA_9_SAN_2018_153_6_22,0.0304114833761228,0.0271343092096386,species x GSA x year (stratum cell too small),TRUE
Bathypolypus sponsalis,11,2006,3,ITA_11_GIS_2006_74_7_3,0.0874897196954666,0.0380439877648683,species x GSA x year (stratum cell too small),TRUE
Bathypolypus sponsalis,11,2010,3,ITA_11_GIS_2010_50_6_7,0.0665654871262348,0.0455772858582885,species x GSA x year (stratum cell too small),TRUE
Bathysolea profundicola,1,2002,4,ESP_1_COR_2002_5_5_12,0.0493873422848576,0.0304365226987139,species x GSA x year (stratum cell too small),TRUE
Bathysolea profundicola,1,2004,4,ESP_1_COR_2004_14_5_9,0.128366255806473,0.0629528058391188,species x GSA x year (stratum cell too small),TRUE
Bathysolea profundicola,1,2014,4,ESP_1_MOL_2014_46_5_6,0.0255748835885518,0.0197660476239956,species x GSA x year (stratum cell too small),TRUE
Bathysolea profundicola,1,2015,4,ESP_1_MOL_2015_41_5_2,0.0675870879343349,0.0434900639778219,species x GSA x year (stratum cell too small),TRUE
Bathysolea profundicola,1,2016,4,ESP_1_MOL_2016_64_5_9,0.0352147443084427,0.0193091941666988,species x GSA x year (stratum cell too small),TRUE
Benthosema glaciale,1,1996,5,ESP_1_COR_1996_11_5_4,0.00372325538793789,0.00368971678908736,species x GSA x year (stratum cell too small),TRUE
Benthosema glaciale,1,1997,4,ESP_1_COR_1997_15_5_13,0.056057885115051,0.00338303701850489,species x GSA x year (stratum cell too small),TRUE
Benthosema glaciale,1,2016,4,ESP_1_MOL_2016_49_5_5,0.00121286129893088,0.00113754752677977,species x GSA x year (stratum cell too small),TRUE
Benthosema glaciale,1,2018,4,ESP_1_MOL_2018_16_4_30,0.00381070109155781,0.00289295732868554,species x GSA x stratum x year,TRUE
Benthosema glaciale,1,2019,4,ESP_1_MOL_2019_16_5_1,0.0104854544529012,0.00126737048206717,species x GSA x stratum x year,TRUE
Benthosema glaciale,1,2021,4,ESP_1_MOL_2021_13_4_29,0.00430663171132161,0.00157372710927455,species x GSA x stratum x year,TRUE
Benthosema glaciale,6,1999,4,ESP_6_COR_1999_85_5_26,0.000961191899293584,0.000739239654904771,species x GSA x year (stratum cell too small),TRUE
Benthosema glaciale,6,2016,4,ESP_6_MOL_2016_165_6_2,0.00117104276229725,0.000904437401695687,species x GSA x year (stratum cell too small),TRUE
Benthosema glaciale,6,2017,4,ESP_6_MOL_2017_164_6_2,0.0013869202470186,0.000889745520802796,species x GSA x year (stratum cell too small),TRUE
Benthosema glaciale,9,2001,5,ITA_9_FRP_2001_9_6_30,0.00285449083722305,0.00259009610670116,species x GSA x stratum x year,TRUE
Benthosema glaciale,9,2002,4,ITA_9_FRP_2002_133_7_27,0.00254579151446207,0.00149160482097474,species x GSA x year (stratum cell too small),TRUE
Benthosema glaciale,9,2019,4,ITA_9_SAN_2019_82_6_8,0.00772878475257454,0.00704265319735256,species x GSA x year (stratum cell too small),TRUE
Blennius ocellaris,5,2008,2,ESP_5_COR_2008_161_6_15,0.0596046319182771,0.0321525181800897,species x GSA x stratum x year,TRUE
Blennius ocellaris,5,2012,2,ESP_5_COR_2012_139_6_1,0.0940500623203249,0.0885028559142513,species x GSA x stratum x year,TRUE
Blennius ocellaris,5,2015,2,ESP_5_MOL_2015_213_6_15,0.068457828396959,0.0385311409064472,species x GSA x year (stratum cell too small),TRUE
Blennius ocellaris,6,1995,1,ESP_6_COR_1995_90_5_18,0.0918281546646549,0.0440380557020218,species x GSA x year (stratum cell too small),TRUE
Blennius ocellaris,6,2016,2,ESP_6_MOL_2016_161_6_1,0.0292987830224473,0.018201947608271,species x GSA x year (stratum cell too small),TRUE
Blennius ocellaris,7,1994,2,FRA_7_LEU_1994_39_5_30,0.0206822906028913,0.0167481462416111,species x GSA x year (stratum cell too small),TRUE
Blennius ocellaris,7,2010,2,FRA_7_LEU_2010_39_5_4,0.0436888581568708,0.0233377365675989,species x GSA x year (stratum cell too small),TRUE
Blennius ocellaris,7,2011,3,FRA_7_LEU_2011_25_5_31,0.0161397603508326,0.0137027775504016,species x GSA x year (stratum cell too small),TRUE
Blennius ocellaris,7,2013,3,FRA_7_LEU_2013_45_6_10,0.110522194403814,0.0309817437295558,species x GSA x year (stratum cell too small),TRUE
Blennius ocellaris,7,2014,2,FRA_7_LEU_2014_49_6_13,0.0720872980022558,0.024749052293644,species x GSA x stratum x year,TRUE
Blennius ocellaris,7,2017,1,FRA_7_LEU_2017_90_6_27,0.0153799443145051,0.0126898233494907,species x GSA x year (stratum cell too small),TRUE
Blennius ocellaris,7,2021,2,FRA_7_LEU_2021_37_6_3,0.0472981747319551,0.0272929309013227,species x GSA x stratum x year,TRUE
Blennius ocellaris,7,2022,3,FRA_7_LEU_2022_64_6_4,0.0332863266979826,0.0164860713019272,species x GSA x year (stratum cell too small),TRUE
Blennius ocellaris,9,2014,2,ITA_9_LIB_2014_93_9_11,0.0145303625068964,0.0120768413064427,species x GSA x year (stratum cell too small),TRUE
Blennius ocellaris,11,1994,2,ITA_11_NUS_1994_40_6_24,0.0447848590993231,0.040560727512523,species x GSA x stratum x year,TRUE
Blennius ocellaris,11,1997,1,ITA_11_NUS_1997_17_6_26,0.130482202263065,0.0469452245677967,species x GSA x stratum x year,TRUE
Blennius ocellaris,11,1998,2,ITA_11_NUS_1998_42_6_9,0.0821055750154257,0.0768290310305305,species x GSA x stratum x year,TRUE
Blennius ocellaris,11,2001,1,ITA_11_NUS_2001_41_6_19,0.126857696644647,0.102315248108366,species x GSA x stratum x year,TRUE
Blennius ocellaris,11,2005,2,ITA_11_GIS_2005_43_7_5,0.0661845217166544,0.0459221939944627,species x GSA x stratum x year,TRUE
Blennius ocellaris,11,2006,1,ITA_11_GIS_2006_37_6_21,0.0648781736040036,0.0480598585151672,species x GSA x stratum x year,TRUE
Blennius ocellaris,11,2010,2,ITA_11_GIS_2010_13_5_20,0.0518451641060608,0.0349153401773582,species x GSA x year (stratum cell too small),TRUE
Blennius ocellaris,11,2017,3,ITA_11_GIS_2017_28_11_7,0.0882739706224108,0.0500126288813158,species x GSA x year (stratum cell too small),TRUE
Bolinus brandaris,6,2010,1,ESP_6_COR_2010_73_6_8,0.00347207890117201,0.00259731829232621,species x GSA x year (stratum cell too small),TRUE
Bolinus brandaris,6,2015,1,ESP_6_MOL_2015_127_5_25,0.0123111958891311,0.00589910003423805,species x GSA x year (stratum cell too small),TRUE
Bolinus brandaris,6,2016,1,ESP_6_MOL_2016_132_5_26,0.0105846489659974,0.00392148813115858,species x GSA x year (stratum cell too small),TRUE
Bolinus brandaris,7,2003,1,FRA_7_LEU_2003_33_6_15,0.02882159795695,0.00765727717329531,species x GSA x year (stratum cell too small),TRUE
Bolinus brandaris,7,2013,1,FRA_7_LEU_2013_59_6_14,0.0132933328513998,0.0108768503093714,species x GSA x year (stratum cell too small),TRUE
Bolinus brandaris,7,2015,1,FRA_7_LEU_2015_48_6_11,0.0297874514612712,0.0153484929397365,species x GSA x year (stratum cell too small),TRUE
Bolinus brandaris,9,1997,1,ITA_9_FRP_1997_129_6_21,0.00458949515553289,0.00203762571925007,species x GSA x year (stratum cell too small),TRUE
Bolinus brandaris,9,2000,1,ITA_9_FRP_2000_129_6_4,0.00580477384601096,0.00542503922568097,species x GSA x year (stratum cell too small),TRUE
Bolinus brandaris,9,2001,2,ITA_9_FRP_2001_151_5_29,0.00488169218978067,0.00243156432572841,species x GSA x year (stratum cell too small),TRUE
Bolinus brandaris,9,2008,2,ITA_9_LIB_2008_52_5_16,0.01101865237474,0.00620358057042989,species x GSA x year (stratum cell too small),TRUE
Bolinus brandaris,9,2009,2,ITA_9_LIB_2009_61_6_16,0.00437974106970796,0.00429259785368737,species x GSA x year (stratum cell too small),TRUE
Bolinus brandaris,9,2012,1,ITA_9_LIB_2012_119_6_26,0.0278551532033426,0.0199037763643865,species x GSA x year (stratum cell too small),TRUE
Bolinus brandaris,9,2013,2,ITA_9_LIB_2013_61_7_12,0.00447889262915712,0.003965674471513,species x GSA x year (stratum cell too small),TRUE
Bolinus brandaris,9,2015,2,ITA_9_LIB_2015_61_7_17,0.0172061706761572,0.00363344773087567,species x GSA x year (stratum cell too small),TRUE
Bolinus brandaris,9,2019,1,ITA_9_SAN_2019_47_6_7,0.00196101502137506,0.00171844631979988,species x GSA x year (stratum cell too small),TRUE
Bolinus brandaris,10,2013,1,ITA_10_PEC_2013_46_7_3,0.0396833016506973,0.00241629936725547,species x GSA x year (stratum cell too small),TRUE
Bolinus brandaris,10,2018,2,ITA_10_SAN_2018_69_7_19,0.0165343915343915,0.01251435049232,species x GSA x year (stratum cell too small),TRUE
Boops boops,1,2017,1,ESP_1_MOL_2017_21_4_28,100.201189384061,45.7217152390149,species x GSA x year (stratum cell too small),TRUE
Boops boops,1,2018,1,ESP_1_MOL_2018_14_4_30,35.5228852385322,20.8667527348027,species x GSA x year (stratum cell too small),TRUE
Boops boops,5,2021,3,ESP_5_MOL_2021_256_8_22,7.60145452003014,5.55329217207237,species x GSA x stratum x year,TRUE
Boops boops,6,1996,2,ESP_6_COR_1996_43_5_11,39.5370996374448,16.52181462387,species x GSA x stratum x year,TRUE
Boops boops,6,1998,2,ESP_6_COR_1998_42_5_17,62.45474858673,17.8168969897653,species x GSA x stratum x year,TRUE
Boops boops,6,2010,2,ESP_6_COR_2010_54_6_4,8.55787392864427,6.98121389131818,species x GSA x stratum x year,TRUE
Boops boops,6,2021,1,ESP_6_MOL_2021_73_5_15,11.3012023292964,8.48180011827611,species x GSA x year (stratum cell too small),TRUE
Boops boops,7,1998,1,FRA_7_LEU_1998_85_6_16,6.22108410634883,3.4897109610437,species x GSA x stratum x year,TRUE
Boops boops,7,2002,2,FRA_7_LEU_2002_43_6_23,2.87428667338033,1.94875326870218,species x GSA x stratum x year,TRUE
Boops boops,7,2011,1,FRA_7_LEU_2011_68_6_14,6.2289123005389,5.66110522580704,species x GSA x stratum x year,TRUE
Boops boops,7,2013,1,FRA_7_LEU_2013_53_6_13,61.2524331386823,26.6069086013726,species x GSA x year (stratum cell too small),TRUE
Boops boops,7,2019,2,FRA_7_LEU_2019_40_6_6,20.7492098059677,4.1834441306894,species x GSA x stratum x year,TRUE
Boops boops,7,2021,2,FRA_7_LEU_2021_39_6_4,5.75049281501076,4.12718010047204,species x GSA x stratum x year,TRUE
Boops boops,7,2023,1,FRA_7_LEU_2023_75_6_20,7.646220881515,5.60988982467458,species x GSA x stratum x year,TRUE
Boops boops,9,1995,3,ITA_9_FRP_1995_125_6_19,8.34090344793586,3.78287670205001,species x GSA x stratum x year,TRUE
Boops boops,9,1996,2,ITA_9_FRP_1996_92_6_17,19.3696346112127,17.671785273671,species x GSA x stratum x year,TRUE
Boops boops,9,1998,1,ITA_9_FRP_1998_120_5_28,2.23758323110375,2.1053424077198,species x GSA x stratum x year,TRUE
Boops boops,9,1999,1,ITA_9_FRP_1999_149_6_21,5.90837721343622,5.14373856529338,species x GSA x stratum x year,TRUE
Boops boops,9,2000,1,ITA_9_FRP_2000_123_6_7,10.4324783917291,7.5595452412294,species x GSA x stratum x year,TRUE
Boops boops,9,2005,2,ITA_9_LIB_2005_93_7_1,2.90944181493811,2.02220867054618,species x GSA x year (stratum cell too small),TRUE
Boops boops,9,2009,2,ITA_9_LIB_2009_61_6_16,3.40646527643952,3.17393842552318,species x GSA x year (stratum cell too small),TRUE
Boops boops,9,2013,3,ITA_9_LIB_2013_116_7_2,4.53739533480658,1.94243770045397,species x GSA x stratum x year,TRUE
Boops boops,9,2014,3,ITA_9_LIB_2014_91_9_11,2.97448172516018,1.79251057643586,species x GSA x stratum x year,TRUE
Boops boops,9,2016,2,ITA_9_SAN_2016_149_6_2,3.72756008826862,1.97919480691382,species x GSA x stratum x year,TRUE
Boops boops,9,2019,3,ITA_9_SAN_2019_143_6_12,11.4438712643406,4.15996844829376,species x GSA x stratum x year,TRUE
Boops boops,10,1995,1,ITA_10_SAN_1995_60_6_25,5.35244922341697,3.68677476782434,species x GSA x year (stratum cell too small),TRUE
Boops boops,10,1997,2,ITA_10_SAN_1997_62_6_16,4.34755146721659,3.46468447000855,species x GSA x year (stratum cell too small),TRUE
Boops boops,10,1999,2,ITA_10_SAN_1999_62_5_25,15.6704197321925,10.6949021635562,species x GSA x year (stratum cell too small),TRUE
Boops boops,10,2007,2,ITA_10_PEC_2007_47_8_14,1.58340769694481,1.53522106420372,species x GSA x year (stratum cell too small),TRUE
Boops boops,11,2005,1,ITA_11_GIS_2005_42_7_5,4.42395030277998,3.46323887698681,species x GSA x year (stratum cell too small),TRUE
Boops boops,11,2006,1,ITA_11_GIS_2006_57_6_27,12.9191722324614,7.8454044614195,species x GSA x stratum x year,TRUE
Boops boops,11,2009,3,ITA_11_GIS_2009_91_7_9,1.61100196996712,1.21122437445641,species x GSA x stratum x year,TRUE
Boops boops,11,2010,3,ITA_11_GIS_2010_94_6_24,18.782164456632,18.6006993856061,species x GSA x stratum x year,TRUE
Boops boops,11,2020,1,ITA_11_GIS_2020_43_10_29,126.220284670989,11.6167062978913,species x GSA x stratum x year,TRUE
Boops boops,11,2021,2,ITA_11_GIS_2021_46_9_1,211.754936012553,91.9590138491477,species x GSA x stratum x year,TRUE
Boops boops,11,2023,3,ITA_11_GIS_2023_22_7_24,20.5271421419919,3.54713353358142,species x GSA x stratum x year,TRUE
Bothus podas,11,2007,1,ITA_11_GIS_2007_29_8_4,43.7367804276204,31.1426856645766,species x GSA x stratum x year,TRUE
Bothus podas,11,2020,1,ITA_11_GIS_2020_70_11_5,8.26966928434778,5.5621194575086,species x GSA x stratum x year,TRUE
Botryllus spp.,6,2016,1,ESP_6_MOL_2016_132_5_26,0.186454471896581,0.145389995882569,species x GSA x year (stratum cell too small),TRUE
Brissopsis atlantica mediterranea,1,2021,4,ESP_1_MOL_2021_7_4_28,0.027109086965951,0.00767996842126239,species x GSA x year (stratum cell too small),TRUE
Brissopsis lyrifera,7,2015,2,FRA_7_LEU_2015_79_6_22,0.00752860780477741,0.00584175988880581,species x GSA x stratum x year,TRUE
Buglossidium luteum,7,1995,1,FRA_7_LEU_1995_63_7_9,0.259971506373703,0.184020608845907,species x GSA x stratum x year,TRUE
Buglossidium luteum,7,1996,2,FRA_7_LEU_1996_56_6_15,0.0867926557162999,0.0591366802969247,species x GSA x year (stratum cell too small),TRUE
Buglossidium luteum,7,2013,1,FRA_7_LEU_2013_60_6_14,0.0544893232853934,0.0285424930451691,species x GSA x stratum x year,TRUE
Buglossidium luteum,7,2019,1,FRA_7_LEU_2019_69_6_16,0.0654677658063244,0.047500607965348,species x GSA x year (stratum cell too small),TRUE
Calliactis parasitica,5,2021,2,ESP_5_MOL_2021_206_6_16,0.0142892355616205,0.0128604311764475,species x GSA x stratum x year,TRUE
Calliactis parasitica,6,2020,1,ESP_6_MOL_2020_43_6_8,0.0103216217332067,0.00448793934516761,species x GSA x year (stratum cell too small),TRUE
Calliactis parasitica,7,2013,2,FRA_7_LEU_2013_61_6_14,0.0148024451284913,0.0100963344056534,species x GSA x stratum x year,TRUE
Callionymus maculatus,1,2003,2,ESP_1_COR_2003_135_5_25,0.0195895842732919,0.0123069333952122,species x GSA x year (stratum cell too small),TRUE
Callionymus maculatus,1,2021,2,ESP_1_MOL_2021_10_4_29,0.0455822245591373,0.0454775092186027,species x GSA x year (stratum cell too small),TRUE
Callionymus maculatus,6,1994,2,ESP_6_COR_1994_59_6_14,0.0135855926611043,0.0124025392011498,species x GSA x year (stratum cell too small),TRUE
Callionymus maculatus,6,1996,2,ESP_6_COR_1996_86_5_23,0.0120214059596346,0.00807850428968218,species x GSA x year (stratum cell too small),TRUE
Callionymus maculatus,6,1997,3,ESP_6_COR_1997_71_5_27,0.0166459775617483,0.00687840272652684,species x GSA x year (stratum cell too small),TRUE
Callionymus maculatus,6,2003,3,ESP_6_COR_2003_57_5_8,0.00661654310496052,0.00562607413954659,species x GSA x year (stratum cell too small),TRUE
Callionymus maculatus,6,2005,3,ESP_6_COR_2005_96_6_1,0.0503961246513129,0.0359201991753223,species x GSA x stratum x year,TRUE
Callionymus maculatus,6,2006,2,ESP_6_COR_2006_60_5_20,0.027404358878706,0.0192110864296174,species x GSA x stratum x year,TRUE
Callionymus maculatus,6,2009,2,ESP_6_COR_2009_114_5_6,0.0189432241597133,0.0105387454657958,species x GSA x stratum x year,TRUE
Callionymus maculatus,6,2014,2,ESP_6_MOL_2014_147_5_30,0.00784339686041465,0.00564170055802556,species x GSA x stratum x year,TRUE
Callionymus maculatus,6,2016,3,ESP_6_MOL_2016_159_6_1,0.0296534911417684,0.0231019233528825,species x GSA x stratum x year,TRUE
Callionymus maculatus,6,2018,3,ESP_6_MOL_2018_127_5_30,0.0163060933843372,0.0103970625781022,species x GSA x stratum x year,TRUE
Callionymus maculatus,6,2021,3,ESP_6_MOL_2021_150_5_31,0.013979898929829,0.00464605869394673,species x GSA x year (stratum cell too small),TRUE
Callionymus maculatus,7,1996,1,FRA_7_LEU_1996_82_6_22,0.0444185085538971,0.00683687977489764,species x GSA x stratum x year,TRUE
Callionymus maculatus,7,1997,2,FRA_7_LEU_1997_43_6_14,0.0314852461820851,0.0221295464244903,species x GSA x stratum x year,TRUE
Callionymus maculatus,7,2002,2,FRA_7_LEU_2002_50_6_25,0.0480218946600815,0.04755097072475,species x GSA x stratum x year,TRUE
Callionymus maculatus,7,2003,2,FRA_7_LEU_2003_76_6_26,0.0452570063641585,0.0415343706475838,species x GSA x stratum x year,TRUE
Callionymus maculatus,7,2004,2,FRA_7_LEU_2004_60_6_19,0.0404517548890601,0.0296637781693726,species x GSA x stratum x year,TRUE
Callionymus maculatus,7,2007,2,FRA_7_LEU_2007_38_6_19,0.0349271240610959,0.0294574516428894,species x GSA x stratum x year,TRUE
Callionymus maculatus,7,2009,1,FRA_7_LEU_2009_72_6_13,0.102554036201144,0.0267760445225122,species x GSA x year (stratum cell too small),TRUE
Callionymus maculatus,7,2012,2,FRA_7_LEU_2012_43_6_9,0.10187501938603,0.0634553461729986,species x GSA x stratum x year,TRUE
Callionymus maculatus,7,2014,2,FRA_7_LEU_2014_48_6_13,0.019573622657761,0.00903591644465986,species x GSA x stratum x year,TRUE
Callionymus maculatus,7,2015,2,FRA_7_LEU_2015_30_6_5,0.0299581032659536,0.0222800576189472,species x GSA x stratum x year,TRUE
Callionymus maculatus,7,2018,2,FRA_7_LEU_2018_86_6_23,0.189465657926623,0.175920048393782,species x GSA x stratum x year,TRUE
Callionymus maculatus,7,2020,2,FRA_7_LEU_2020_38_10_19,0.0249225754811343,0.0231642387810426,species x GSA x stratum x year,TRUE
Callionymus maculatus,9,2009,3,ITA_9_LIB_2009_91_6_17,0.0128488361915465,0.00998828344978747,species x GSA x year (stratum cell too small),TRUE
Callionymus maculatus,9,2014,4,ITA_9_LIB_2014_64_8_31,0.0145082403450935,0.00820546500543258,species x GSA x year (stratum cell too small),TRUE
Calliostoma granulatum,1,2012,2,ESP_1_COR_2012_13_4_29,0.0019341290893015,0.00090552259656024,species x GSA x year (stratum cell too small),TRUE
Calliostoma granulatum,1,2014,2,ESP_1_MOL_2014_3_4_26,0.00796775403074616,0.00134549702315974,species x GSA x year (stratum cell too small),TRUE
Calliostoma granulatum,1,2018,2,ESP_1_MOL_2018_21_5_1,0.000976960364510148,0.000621463228819487,species x GSA x year (stratum cell too small),TRUE
Calliostoma granulatum,6,1995,2,ESP_6_COR_1995_102_5_20,0.00497196139801774,0.00412635619506293,species x GSA x stratum x year,TRUE
Calliostoma granulatum,6,1996,2,ESP_6_COR_1996_43_5_11,0.00132844654781815,0.000779146399028481,species x GSA x stratum x year,TRUE
Calliostoma granulatum,6,2005,2,ESP_6_COR_2005_65_5_24,0.00235275295623409,0.0014110485907288,species x GSA x stratum x year,TRUE
Calliostoma granulatum,6,2009,2,ESP_6_COR_2009_92_5_1,0.00111792298852117,0.000689503580582858,species x GSA x year (stratum cell too small),TRUE
Calliostoma granulatum,6,2013,2,ESP_6_COR_2013_55_5_24,0.00203529706972983,0.00130259198774983,species x GSA x stratum x year,TRUE
Calliostoma granulatum,6,2015,2,ESP_6_MOL_2015_174_6_4,0.00400136654857565,0.00229326880414801,species x GSA x stratum x year,TRUE
Calliostoma granulatum,6,2018,2,ESP_6_MOL_2018_86_5_20,0.000835647433919572,0.000675675016188716,species x GSA x stratum x year,TRUE
Calliostoma granulatum,6,2019,3,ESP_6_MOL_2019_120_5_27,0.000788822386779337,0.000567425957057198,species x GSA x stratum x year,TRUE
Calliostoma granulatum,7,2013,2,FRA_7_LEU_2013_58_6_14,0.00287487422425269,0.00192654068870338,species x GSA x stratum x year,TRUE
Calliostoma granulatum,7,2015,2,FRA_7_LEU_2015_75_6_22,0.00230008984725966,0.00198469158131302,species x GSA x stratum x year,TRUE
Calocaris macandreae,6,2002,4,ESP_6_COR_2002_105_6_6,0.00752578400314535,0.000415987175595047,species x GSA x year (stratum cell too small),TRUE
Calocaris macandreae,6,2006,5,ESP_6_COR_2006_90_5_29,0.469355681340492,0.00374032289173528,species x GSA x year (stratum cell too small),TRUE
Calocaris macandreae,6,2015,5,ESP_6_MOL_2015_166_6_2,0.000991567267733062,0.000572014468729877,species x GSA x year (stratum cell too small),TRUE
Capros aper,1,1998,3,ESP_1_COR_1998_5_5_5,0.752846968597036,0.158704934490352,species x GSA x year (stratum cell too small),TRUE
Capros aper,1,2000,3,ESP_1_COR_2000_21_5_27,0.351538950076716,0.134744021395937,species x GSA x year (stratum cell too small),TRUE
Capros aper,1,2011,3,ESP_1_COR_2011_16_5_9,18.0406830513542,6.81758803728709,species x GSA x year (stratum cell too small),TRUE
Capros aper,1,2014,3,ESP_1_MOL_2014_7_4_27,13.0654678737321,11.4971266104934,species x GSA x year (stratum cell too small),TRUE
Capros aper,5,2012,4,ESP_5_COR_2012_137_5_31,5.23304706746044,0.477976797458322,species x GSA x year (stratum cell too small),TRUE
Capros aper,5,2014,4,ESP_5_MOL_2014_211_6_15,2.51220183160427,1.57997919255521,species x GSA x year (stratum cell too small),TRUE
Capros aper,6,1995,3,ESP_6_COR_1995_29_4_30,4.28526573529736,2.38842531694077,species x GSA x stratum x year,TRUE
Capros aper,6,1999,3,ESP_6_COR_1999_45_5_16,5.12416788053587,0.280662180965073,species x GSA x stratum x year,TRUE
Capros aper,6,2000,3,ESP_6_COR_2000_108_6_21,0.591730721396101,0.305446390226844,species x GSA x stratum x year,TRUE
Capros aper,6,2008,4,ESP_6_COR_2008_111_5_31,0.723588784167932,0.572499611957388,species x GSA x year (stratum cell too small),TRUE
Capros aper,6,2011,2,ESP_6_COR_2011_36_5_16,0.128095429778968,0.0705655834674577,species x GSA x stratum x year,TRUE
Capros aper,6,2020,3,ESP_6_MOL_2020_7_5_31,1.41686502293613,0.63701459288525,species x GSA x stratum x year,TRUE
Capros aper,7,1994,2,FRA_7_LEU_1994_39_5_30,0.770563055604864,0.260382353769575,species x GSA x stratum x year,TRUE
Capros aper,7,2001,4,FRA_7_LEU_2001_40_6_15,0.856570721957283,0.2550838542007,species x GSA x year (stratum cell too small),TRUE
Capros aper,7,2006,4,FRA_7_LEU_2006_33_6_15,0.934610625425247,0.374222478278725,species x GSA x year (stratum cell too small),TRUE
Capros aper,9,2012,4,ITA_9_LIB_2012_107_6_28,0.197847637745298,0.134389388383714,species x GSA x stratum x year,TRUE
Capros aper,10,1998,3,ITA_10_SAN_1998_141_6_3,0.40833253884677,0.0927189483516289,species x GSA x stratum x year,TRUE
Capros aper,10,1999,4,ITA_10_SAN_1999_112_5_10,0.0321001302214801,0.0219882155607027,species x GSA x stratum x year,TRUE
Capros aper,10,2002,3,ITA_10_GAB_2002_31_7_30,0.120252381983123,0.0659608025495527,species x GSA x year (stratum cell too small),TRUE
Capros aper,10,2006,3,ITA_10_PEC_2006_9_6_21,0.553043795745762,0.144060244058848,species x GSA x stratum x year,TRUE
Capros aper,10,2009,4,ITA_10_PEC_2009_63_7_17,0.0785892364354197,0.0659628653791057,species x GSA x stratum x year,TRUE
Capros aper,10,2017,4,ITA_10_SAN_2017_12_10_22,0.081899860007332,0.0667996003875076,species x GSA x stratum x year,TRUE
Capros aper,10,2023,4,ITA_10_SAN_2023_53_12_19,0.124223763604706,0.0665001918746153,species x GSA x year (stratum cell too small),TRUE
Capros aper,11,2011,4,ITA_11_GIS_2011_101_7_7,3.56666426478722,2.57063728387692,species x GSA x stratum x year,TRUE
Capros aper,11,2013,3,ITA_11_GIS_2013_90_7_24,2.6229674079198,0.802729869832911,species x GSA x stratum x year,TRUE
Capros aper,11,2021,4,ITA_11_GIS_2021_83_9_6,4.61363977136341,1.00283163997877,species x GSA x stratum x year,TRUE
Carapus acus,1,2014,3,ESP_1_MOL_2014_59_5_10,0.0261300763135428,0.00462128897320535,species x GSA x year (stratum cell too small),TRUE
Carapus acus,5,2011,2,ESP_5_COR_2011_157_6_17,0.0104367512551395,0.00605565122842521,species x GSA x year (stratum cell too small),TRUE
Carapus acus,5,2012,2,ESP_5_COR_2012_180_6_11,0.0070797409098348,0.00609642812334485,species x GSA x stratum x year,TRUE
Carapus acus,5,2016,2,ESP_5_MOL_2016_204_6_15,0.0299853919180453,0.00957719060378655,species x GSA x stratum x year,TRUE
Carapus acus,5,2017,3,ESP_5_MOL_2017_220_6_18,0.00916154758813589,0.00801222172292382,species x GSA x year (stratum cell too small),TRUE
Carapus acus,5,2021,2,ESP_5_MOL_2021_187_6_12,0.0126748841553211,0.00882468705197856,species x GSA x year (stratum cell too small),TRUE
Carapus acus,6,2017,2,ESP_6_MOL_2017_135_5_28,0.00676602484882857,0.00501934783933541,species x GSA x year (stratum cell too small),TRUE
Carapus acus,6,2018,2,ESP_6_MOL_2018_87_5_20,0.00763566054737176,0.00660569005077379,species x GSA x year (stratum cell too small),TRUE
Carapus acus,11,2015,2,ITA_11_GIS_2015_20_6_26,0.0223325255412078,0.00700411415669612,species x GSA x year (stratum cell too small),TRUE
Centracanthus cirrus,11,1996,3,ITA_11_NUS_1996_25_6_28,19.2285939959007,6.37232315089419,species x GSA x year (stratum cell too small),TRUE
Centracanthus cirrus,11,1997,3,ITA_11_NUS_1997_120_8_1,0.802138522809975,0.585140557743011,species x GSA x year (stratum cell too small),TRUE
Centracanthus cirrus,11,2016,2,ITA_11_GIS_2016_27_6_14,2.35656114098208,1.09285977865914,species x GSA x year (stratum cell too small),TRUE
Cepola macrophthalma,1,2003,2,ESP_1_COR_2003_139_5_25,1.42359772917101,1.05416141123634,species x GSA x year (stratum cell too small),TRUE
Cepola macrophthalma,6,1999,3,ESP_6_COR_1999_74_5_22,0.171310226065653,0.0680372375981623,species x GSA x stratum x year,TRUE
Cepola macrophthalma,6,2010,2,ESP_6_COR_2010_62_6_6,0.62104656941668,0.126295841450487,species x GSA x stratum x year,TRUE
Cepola macrophthalma,6,2014,2,ESP_6_MOL_2014_129_5_26,0.163741348077555,0.163711080039968,species x GSA x stratum x year,TRUE
Cepola macrophthalma,6,2017,2,ESP_6_MOL_2017_78_5_14,0.0741886251695536,0.0505086274455607,species x GSA x stratum x year,TRUE
Cepola macrophthalma,7,1999,2,FRA_7_LEU_1999_57_5_25,0.704919617410665,0.687687067453985,species x GSA x stratum x year,TRUE
Cepola macrophthalma,7,2003,3,FRA_7_LEU_2003_26_6_11,0.41700820418852,0.408982470897719,species x GSA x year (stratum cell too small),TRUE
Cepola macrophthalma,7,2010,2,FRA_7_LEU_2010_57_6_7,0.400485680679845,0.368013514117967,species x GSA x stratum x year,TRUE
Cepola macrophthalma,7,2014,3,FRA_7_LEU_2014_74_6_22,0.317654753164002,0.199248795827425,species x GSA x year (stratum cell too small),TRUE
Cepola macrophthalma,7,2015,2,FRA_7_LEU_2015_30_6_5,0.493426176273105,0.244206082415262,species x GSA x stratum x year,TRUE
Cepola macrophthalma,7,2020,2,FRA_7_LEU_2020_8_10_6,0.180306134510646,0.17750333487094,species x GSA x stratum x year,TRUE
Cepola macrophthalma,7,2022,2,FRA_7_LEU_2022_75_6_10,0.635368112336159,0.373372941348876,species x GSA x stratum x year,TRUE
Cepola macrophthalma,9,1994,2,ITA_9_FRP_1994_89_6_2,0.21444439788243,0.104876977439057,species x GSA x stratum x year,TRUE
Cepola macrophthalma,9,1999,2,ITA_9_FRP_1999_89_5_20,0.269806310286199,0.0934531627470328,species x GSA x stratum x year,TRUE
Cepola macrophthalma,9,2002,2,ITA_9_FRP_2002_89_7_21,0.0560941669526875,0.0260004995760724,species x GSA x stratum x year,TRUE
Cepola macrophthalma,9,2005,3,ITA_9_LIB_2005_18_7_25,0.0358232699137969,0.0240620852953296,species x GSA x stratum x year,TRUE
Cepola macrophthalma,9,2006,2,ITA_9_LIB_2006_12_6_30,0.177317463326065,0.0999729663188429,species x GSA x year (stratum cell too small),TRUE
Cepola macrophthalma,9,2007,3,ITA_9_LIB_2007_36_9_9,0.164427668035859,0.0683492287911906,species x GSA x stratum x year,TRUE
Cepola macrophthalma,9,2010,3,ITA_9_LIB_2010_44_5_29,0.0379807510641352,0.0341371175070847,species x GSA x stratum x year,TRUE
Cepola macrophthalma,9,2012,3,ITA_9_LIB_2012_36_7_18,0.0498865071528712,0.0304459166772451,species x GSA x year (stratum cell too small),TRUE
Cepola macrophthalma,9,2013,3,ITA_9_LIB_2013_102_7_7,0.0467140555333358,0.0205827867720029,species x GSA x stratum x year,TRUE
Cepola macrophthalma,9,2020,2,ITA_9_SAN_2020_12_11_5,0.0377698924015277,0.0116074484394705,species x GSA x year (stratum cell too small),TRUE
Cepola macrophthalma,10,1996,3,ITA_10_SAN_1996_65_6_18,0.048634639514128,0.0199317021418994,species x GSA x stratum x year,TRUE
Cepola macrophthalma,10,1997,3,ITA_10_SAN_1997_99_7_5,0.369673836944117,0.0656734676514084,species x GSA x stratum x year,TRUE
Cepola macrophthalma,10,1999,2,ITA_10_SAN_1999_93_5_8,0.15498823111139,0.114162225188886,species x GSA x year (stratum cell too small),TRUE
Cepola macrophthalma,10,2002,3,ITA_10_GAB_2002_9_8_3,0.206562214625826,0.090402829427527,species x GSA x year (stratum cell too small),TRUE
Cepola macrophthalma,10,2003,2,ITA_10_DAP_2003_4_8_7,0.0387801852536038,0.0378401745226719,species x GSA x year (stratum cell too small),TRUE
Cepola macrophthalma,10,2005,2,ITA_10_PEC_2005_5_6_29,0.0893731295151172,0.0404875583592413,species x GSA x year (stratum cell too small),TRUE
Cepola macrophthalma,10,2007,1,ITA_10_PEC_2007_6_8_11,0.142447276241563,0.0873104892468604,species x GSA x year (stratum cell too small),TRUE
Cepola macrophthalma,10,2009,3,ITA_10_PEC_2009_55_7_16,0.065770057774427,0.0408660975433612,species x GSA x stratum x year,TRUE
Cepola macrophthalma,10,2010,2,ITA_10_PEC_2010_4_5_29,0.0504592170528626,0.0465291847342611,species x GSA x year (stratum cell too small),TRUE
Cepola macrophthalma,10,2015,3,ITA_10_PEC_2015_15_6_10,0.0207327981632162,0.0151027975597447,species x GSA x year (stratum cell too small),TRUE
Cepola macrophthalma,10,2019,3,ITA_10_SAN_2019_62_7_6,0.0259257186333916,0.0233125687400162,species x GSA x year (stratum cell too small),TRUE
Cepola macrophthalma,11,1994,2,ITA_11_NUS_1994_60_7_4,0.330554912399766,0.179219165959608,species x GSA x year (stratum cell too small),TRUE
Cepola macrophthalma,11,1997,2,ITA_11_NUS_1997_74_7_17,0.340871220429526,0.21953410153081,species x GSA x year (stratum cell too small),TRUE
Cepola macrophthalma,11,2007,3,ITA_11_GIS_2007_45_8_7,0.199426295807657,0.17755502482721,species x GSA x stratum x year,TRUE
Cepola macrophthalma,11,2017,2,ITA_11_GIS_2017_35_11_9,0.119902103981456,0.0996667732852327,species x GSA x year (stratum cell too small),TRUE
Ceratoscopelus maderensis,1,1998,4,ESP_1_COR_1998_8_5_6,0.0019937021814893,0.00140434856580278,species x GSA x year (stratum cell too small),TRUE
Ceratoscopelus maderensis,1,2000,4,ESP_1_COR_2000_16_5_26,0.0843486303747904,0.0346001480645119,species x GSA x year (stratum cell too small),TRUE
Ceratoscopelus maderensis,1,2015,4,ESP_1_MOL_2015_64_5_8,0.0069228449310156,0.0047115843873101,species x GSA x stratum x year,TRUE
Ceratoscopelus maderensis,1,2016,4,ESP_1_MOL_2016_11_4_26,0.019142026406651,0.0136625271316935,species x GSA x stratum x year,TRUE
Ceratoscopelus maderensis,1,2021,4,ESP_1_MOL_2021_26_5_2,0.0423837725911123,0.0222376290913242,species x GSA x stratum x year,TRUE
Ceratoscopelus maderensis,5,2014,4,ESP_5_MOL_2014_218_6_16,0.00181390409943062,0.000742844031671957,species x GSA x year (stratum cell too small),TRUE
Ceratoscopelus maderensis,5,2015,4,ESP_5_MOL_2015_206_6_13,0.00975401548655894,0.00638856842581111,species x GSA x year (stratum cell too small),TRUE
Ceratoscopelus maderensis,5,2020,5,ESP_5_MOL_2020_97_6_21,0.00272851447525345,0.000973422363568185,species x GSA x year (stratum cell too small),TRUE
Ceratoscopelus maderensis,5,2021,4,ESP_5_MOL_2021_271_8_25,0.0378894299586201,0.00388213535586109,species x GSA x stratum x year,TRUE
Ceratoscopelus maderensis,6,2003,4,ESP_6_COR_2003_51_5_7,0.0300807421951923,0.0106754342367519,species x GSA x stratum x year,TRUE
Ceratoscopelus maderensis,6,2004,4,ESP_6_COR_2004_61_5_19,0.0588707363663835,0.0108000926257624,species x GSA x year (stratum cell too small),TRUE
Ceratoscopelus maderensis,6,2014,4,ESP_6_MOL_2014_84_5_16,0.0203822231317634,0.00176376628254618,species x GSA x year (stratum cell too small),TRUE
Ceratoscopelus maderensis,6,2017,4,ESP_6_MOL_2017_75_5_13,0.0438037730826717,0.0116179662373369,species x GSA x stratum x year,TRUE
Ceratoscopelus maderensis,6,2019,4,ESP_6_MOL_2019_171_6_8,0.00724479876565529,0.00092315812420607,species x GSA x stratum x year,TRUE
Ceratoscopelus maderensis,6,2021,4,ESP_6_MOL_2021_93_5_19,0.0131731041822679,0.0122483031738138,species x GSA x stratum x year,TRUE
Ceratoscopelus maderensis,9,1998,4,ITA_9_FRP_1998_35_7_4,0.00747895032028371,0.00445694736660746,species x GSA x year (stratum cell too small),TRUE
Ceratoscopelus maderensis,9,2002,4,ITA_9_FRP_2002_139_7_28,0.0279476992457645,0.00559935388918645,species x GSA x year (stratum cell too small),TRUE
Ceratoscopelus maderensis,10,1999,4,ITA_10_SAN_1999_118_5_9,0.0232718257292939,0.0117994368390105,species x GSA x year (stratum cell too small),TRUE
Ceratoscopelus maderensis,10,2004,4,ITA_10_PEC_2004_14_5_30,0.00585262119876399,0.0036885071321028,species x GSA x year (stratum cell too small),TRUE
Ceratoscopelus maderensis,10,2006,4,ITA_10_PEC_2006_14_6_20,0.00332815442257493,0.00129836694094426,species x GSA x year (stratum cell too small),TRUE
Ceratoscopelus maderensis,10,2010,5,ITA_10_PEC_2010_40_5_27,0.00376104676020129,0.00298214235884854,species x GSA x year (stratum cell too small),TRUE
Ceratoscopelus maderensis,10,2012,4,ITA_10_PEC_2012_1_6_28,0.00255998328377725,0.00225068272438952,species x GSA x year (stratum cell too small),TRUE
Ceratoscopelus maderensis,10,2014,4,ITA_10_PEC_2014_60_9_6,0.0110160003196606,0.0022752825417625,species x GSA x year (stratum cell too small),TRUE
Ceratoscopelus maderensis,10,2016,4,ITA_10_PEC_2016_45_8_28,0.00234912120487143,0.0022644389327837,species x GSA x year (stratum cell too small),TRUE
Cerianthus membranaceus,1,2019,4,ESP_1_MOL_2019_24_5_3,0.0872799889678094,0.0603208399021517,species x GSA x year (stratum cell too small),TRUE
Chaetaster longipes,5,2013,2,ESP_5_COR_2013_196_6_27,0.00157198101046939,0.00102707946978502,species x GSA x stratum x year,TRUE
Chaetaster longipes,5,2014,2,ESP_5_MOL_2014_166_6_5,0.00612582572341581,0.00567962594748763,species x GSA x stratum x year,TRUE
Chaetaster longipes,5,2019,2,ESP_5_MOL_2019_212_6_21,0.005697213923435,0.00518938731558946,species x GSA x stratum x year,TRUE
Chaetaster longipes,5,2020,2,ESP_5_MOL_2020_57_6_12,0.00432847317369106,0.00307544147019213,species x GSA x stratum x year,TRUE
Chauliodus sloani,1,2017,4,ESP_1_MOL_2017_67_5_9,0.0075844473599748,0.00752191267825304,species x GSA x year (stratum cell too small),TRUE
Chauliodus sloani,5,2021,5,ESP_5_MOL_2021_259_8_22,0.007105258253794,0.00644132073860398,species x GSA x year (stratum cell too small),TRUE
Chauliodus sloani,6,2016,5,ESP_6_MOL_2016_170_6_3,0.0111961172680616,0.0111162311097229,species x GSA x year (stratum cell too small),TRUE
Chauliodus sloani,6,2019,5,ESP_6_MOL_2019_163_6_6,0.0113074622923463,0.00768492696631947,species x GSA x year (stratum cell too small),TRUE
Chauliodus sloani,9,1994,5,ITA_9_FRP_1994_39_6_22,0.0566840460892932,0.0255666516906275,species x GSA x stratum x year,TRUE
Chauliodus sloani,10,1996,5,ITA_10_SAN_1996_78_6_18,0.0166227326637813,0.0102449927284248,species x GSA x stratum x year,TRUE
Chauliodus sloani,10,2000,5,ITA_10_SAN_2000_125_6_19,0.0127136504769141,0.0104496368247525,species x GSA x stratum x year,TRUE
Chauliodus sloani,10,2003,5,ITA_10_DAP_2003_39_8_3,0.0289235548349795,0.00434304940699431,species x GSA x stratum x year,TRUE
Chauliodus sloani,10,2004,5,ITA_10_PEC_2004_23_6_2,0.00517069136714718,0.002360761339509,species x GSA x stratum x year,TRUE
Chauliodus sloani,10,2005,4,ITA_10_PEC_2005_59_6_25,0.0086266612514761,0.00757261783114961,species x GSA x year (stratum cell too small),TRUE
Chauliodus sloani,10,2011,5,ITA_10_PEC_2011_33_6_17,0.00916210723429817,0.00423149711796963,species x GSA x stratum x year,TRUE
Chelidonichthys cuculus,5,2015,2,ESP_5_MOL_2015_220_6_17,0.909659096016963,0.431376996598446,species x GSA x stratum x year,TRUE
Chelidonichthys cuculus,6,1995,3,ESP_6_COR_1995_60_5_9,0.0987011259557871,0.0813165103837854,species x GSA x year (stratum cell too small),TRUE
Chelidonichthys cuculus,6,1997,3,ESP_6_COR_1997_58_5_25,0.0331486704278261,0.0311849048165625,species x GSA x year (stratum cell too small),TRUE
Chelidonichthys cuculus,6,2000,2,ESP_6_COR_2000_57_6_7,0.0513896985682779,0.0472365851330104,species x GSA x stratum x year,TRUE
Chelidonichthys cuculus,6,2003,3,ESP_6_COR_2003_73_5_12,0.299339676753815,0.169220782878226,species x GSA x year (stratum cell too small),TRUE
Chelidonichthys cuculus,6,2006,3,ESP_6_COR_2006_120_6_6,0.581113390535315,0.266258673081531,species x GSA x year (stratum cell too small),TRUE
Chelidonichthys cuculus,6,2007,3,ESP_6_COR_2007_88_6_9,0.176861265086167,0.0973417229375624,species x GSA x year (stratum cell too small),TRUE
Chelidonichthys cuculus,6,2011,2,ESP_6_COR_2011_36_5_16,0.607484502745644,0.273454760343489,species x GSA x year (stratum cell too small),TRUE
Chelidonichthys cuculus,6,2013,2,ESP_6_COR_2013_56_5_24,0.288236594178318,0.120979835026841,species x GSA x stratum x year,TRUE
Chelidonichthys cuculus,6,2014,3,ESP_6_MOL_2014_126_5_26,0.437388841976864,0.426819727791861,species x GSA x stratum x year,TRUE
Chelidonichthys cuculus,6,2018,2,ESP_6_MOL_2018_70_5_16,0.52005126385995,0.133129105285998,species x GSA x stratum x year,TRUE
Chelidonichthys cuculus,7,1996,2,FRA_7_LEU_1996_68_6_18,1.19889465796242,0.388892681382293,species x GSA x stratum x year,TRUE
Chelidonichthys cuculus,7,2001,2,FRA_7_LEU_2001_76_6_27,2.1234277200598,1.07774244538228,species x GSA x stratum x year,TRUE
Chelidonichthys cuculus,7,2003,2,FRA_7_LEU_2003_48_6_18,0.76135531773192,0.592227123936553,species x GSA x year (stratum cell too small),TRUE
Chelidonichthys cuculus,7,2005,2,FRA_7_LEU_2005_45_6_18,0.952266721661296,0.250624066479103,species x GSA x year (stratum cell too small),TRUE
Chelidonichthys cuculus,7,2006,2,FRA_7_LEU_2006_66_6_27,1.48467981975507,0.433360194784989,species x GSA x year (stratum cell too small),TRUE
Chelidonichthys cuculus,7,2007,2,FRA_7_LEU_2007_43_6_21,1.37101441208763,0.709712998626868,species x GSA x stratum x year,TRUE
Chelidonichthys cuculus,7,2011,2,FRA_7_LEU_2011_70_6_14,0.769141791245288,0.695859210973592,species x GSA x year (stratum cell too small),TRUE
Chelidonichthys cuculus,7,2014,2,FRA_7_LEU_2014_44_6_12,0.436419021928135,0.239805538699379,species x GSA x year (stratum cell too small),TRUE
Chelidonichthys cuculus,7,2018,2,FRA_7_LEU_2018_45_6_8,0.271600310542171,0.158401827761594,species x GSA x year (stratum cell too small),TRUE
Chelidonichthys cuculus,7,2021,2,FRA_7_LEU_2021_39_6_4,0.405008538659972,0.109823187804043,species x GSA x year (stratum cell too small),TRUE
Chelidonichthys cuculus,7,2022,2,FRA_7_LEU_2022_82_6_12,1.00576861749942,0.121382455430964,species x GSA x year (stratum cell too small),TRUE
Chelidonichthys cuculus,8,1995,4,FRA_8_LEU_1995_71_7_15,0.626545175953499,0.395086577720561,species x GSA x year (stratum cell too small),TRUE
Chelidonichthys cuculus,8,1996,4,FRA_8_LEU_1996_2_5_29,0.720488223889697,0.711758269427399,species x GSA x year (stratum cell too small),TRUE
Chelidonichthys cuculus,8,2011,2,FRA_8_LEU_2011_6_5_25,0.215547865193839,0.157731292944602,species x GSA x year (stratum cell too small),TRUE
Chelidonichthys cuculus,8,2018,2,FRA_8_LEU_2018_4_5_25,0.100052694442272,0.0669616745116991,species x GSA x year (stratum cell too small),TRUE
Chelidonichthys cuculus,8,2022,3,FRA_8_LEU_2022_18_5_19,0.848017622396586,0.346756101515951,species x GSA x year (stratum cell too small),TRUE
Chelidonichthys cuculus,9,1994,3,ITA_9_FRP_1994_91_6_2,0.511526032954618,0.42132231630317,species x GSA x stratum x year,TRUE
Chelidonichthys cuculus,9,1996,2,ITA_9_FRP_1996_130_7_5,0.835363849832749,0.525873828156412,species x GSA x year (stratum cell too small),TRUE
Chelidonichthys cuculus,9,1999,3,ITA_9_FRP_1999_100_5_23,0.543303758917152,0.533919338154196,species x GSA x stratum x year,TRUE
Chelidonichthys cuculus,9,2002,3,ITA_9_FRP_2002_103_7_23,0.425757984175144,0.423292815613226,species x GSA x stratum x year,TRUE
Chelidonichthys cuculus,9,2003,3,ITA_9_CIR_2003_104_6_30,2.48971866555983,0.684154903287571,species x GSA x stratum x year,TRUE
Chelidonichthys cuculus,9,2010,3,ITA_9_LIB_2010_95_5_20,0.447978797019509,0.255129724549496,species x GSA x stratum x year,TRUE
Chelidonichthys cuculus,9,2012,4,ITA_9_LIB_2012_94_6_27,0.774278739264976,0.134806490352385,species x GSA x year (stratum cell too small),TRUE
Chelidonichthys cuculus,9,2017,3,ITA_9_SAN_2017_95_10_8,0.218608344126519,0.10249573650286,species x GSA x stratum x year,TRUE
Chelidonichthys cuculus,9,2018,3,ITA_9_SAN_2018_95_6_25,0.430427838883822,0.186188539909539,species x GSA x stratum x year,TRUE
Chelidonichthys cuculus,9,2019,3,ITA_9_SAN_2019_104_6_3,0.400649939414731,0.188546206936219,species x GSA x stratum x year,TRUE
Chelidonichthys cuculus,9,2020,3,ITA_9_SAN_2020_75_10_14,0.451724644058887,0.13841981869815,species x GSA x stratum x year,TRUE
Chelidonichthys cuculus,9,2021,2,ITA_9_SAN_2021_93_8_24,0.118469031089622,0.0772482019242104,species x GSA x year (stratum cell too small),TRUE
Chelidonichthys cuculus,10,2005,4,ITA_10_PEC_2005_62_6_24,0.807008601496735,0.419112644842624,species x GSA x year (stratum cell too small),TRUE
Chelidonichthys cuculus,10,2006,4,ITA_10_PEC_2006_62_6_12,0.483348704906159,0.119021323637204,species x GSA x year (stratum cell too small),TRUE
Chelidonichthys cuculus,10,2009,4,ITA_10_PEC_2009_62_7_18,0.554119434842244,0.234666515541454,species x GSA x year (stratum cell too small),TRUE
Chelidonichthys cuculus,10,2010,4,ITA_10_PEC_2010_62_6_8,0.520307124517891,0.302278029329284,species x GSA x year (stratum cell too small),TRUE
Chelidonichthys cuculus,10,2018,4,ITA_10_SAN_2018_53_7_16,0.185038468088577,0.147263102191749,species x GSA x year (stratum cell too small),TRUE
Chelidonichthys cuculus,11,1995,3,ITA_11_NUS_1995_97_7_25,3.13703572748525,1.53602623034599,species x GSA x stratum x year,TRUE
Chelidonichthys cuculus,11,1997,3,ITA_11_NUS_1997_120_8_1,0.765614404848064,0.633695058986218,species x GSA x stratum x year,TRUE
Chelidonichthys cuculus,11,1999,3,ITA_11_NUS_1999_42_5_31,2.48049570415828,1.82678287651636,species x GSA x stratum x year,TRUE
Chelidonichthys cuculus,11,2001,3,ITA_11_NUS_2001_48_6_20,4.12441339761698,2.52907964817499,species x GSA x stratum x year,TRUE
Chelidonichthys cuculus,11,2003,3,ITA_11_NUS_2003_53_6_28,3.98460277396895,0.617421144588412,species x GSA x stratum x year,TRUE
Chelidonichthys cuculus,11,2007,3,ITA_11_GIS_2007_70_8_22,2.17896272221051,0.796546266897106,species x GSA x stratum x year,TRUE
Chelidonichthys cuculus,11,2008,3,ITA_11_GIS_2008_60_7_10,0.464052351510102,0.273593743649776,species x GSA x stratum x year,TRUE
Chelidonichthys cuculus,11,2010,3,ITA_11_GIS_2010_93_6_23,0.613162922364589,0.315976158532959,species x GSA x stratum x year,TRUE
Chelidonichthys cuculus,11,2021,3,ITA_11_GIS_2021_74_9_5,0.175506863589759,0.110744999564453,species x GSA x stratum x year,TRUE
Chelidonichthys lucerna,9,1995,4,ITA_9_FRP_1995_113_6_18,0.263653367360427,0.206234837598401,species x GSA x year (stratum cell too small),TRUE
Chelidonichthys lucerna,9,1998,1,ITA_9_FRP_1998_49_6_29,0.19324309499913,0.106581729073365,species x GSA x stratum x year,TRUE
Chelidonichthys lucerna,9,2004,1,ITA_9_LIB_2004_21_7_1,0.285312778444736,0.231144689656953,species x GSA x stratum x year,TRUE
Chelidonichthys lucerna,9,2005,2,ITA_9_LIB_2005_127_6_30,0.163435333386217,0.126925167822179,species x GSA x year (stratum cell too small),TRUE
Chelidonichthys lucerna,9,2017,1,ITA_9_SAN_2017_122_10_6,0.106305013921894,0.0563166764972905,species x GSA x year (stratum cell too small),TRUE
Chelidonichthys lucerna,9,2020,1,ITA_9_SAN_2020_119_10_16,0.10835210097075,0.072059682104721,species x GSA x year (stratum cell too small),TRUE
Chelidonichthys lucerna,9,2023,1,ITA_9_SAN_2023_28_10_22,0.7946964571785,0.113200815357839,species x GSA x year (stratum cell too small),TRUE
Chelidonichthys lucerna,10,2005,1,ITA_10_PEC_2005_6_6_29,0.0847721136888706,0.0510486121682665,species x GSA x year (stratum cell too small),TRUE
Chelidonichthys lucerna,11,1996,3,ITA_11_NUS_1996_114_7_31,0.408681175236478,0.121031995660204,species x GSA x year (stratum cell too small),TRUE
Chelidonichthys lucerna,11,2006,3,ITA_11_GIS_2006_30_6_20,0.131939398556821,0.120624467800426,species x GSA x year (stratum cell too small),TRUE
Chelidonichthys obscurus,6,2000,2,ESP_6_COR_2000_72_6_12,0.0612216409444962,0.057526257892807,species x GSA x year (stratum cell too small),TRUE
Chelidonichthys obscurus,9,1994,2,ITA_9_FRP_1994_12_6_28,0.0943276654848769,0.0393146290125973,species x GSA x year (stratum cell too small),TRUE
Chelidonichthys obscurus,9,2002,1,ITA_9_FRP_2002_11_8_7,0.0237235686425384,0.0151077739785055,species x GSA x year (stratum cell too small),TRUE
Chelidonichthys obscurus,11,2009,1,ITA_11_GIS_2009_45_6_23,0.13654782237954,0.113454235726025,species x GSA x year (stratum cell too small),TRUE
Chelidonichthys obscurus,11,2012,2,ITA_11_GIS_2012_46_6_21,0.181254192064892,0.126909990729554,species x GSA x year (stratum cell too small),TRUE
Chimaera monstrosa,1,2019,5,ESP_1_MOL_2019_17_5_1,0.17883184729837,0.162059877144281,species x GSA x stratum x year,TRUE
Chimaera monstrosa,9,1994,5,ITA_9_FRP_1994_145_6_16,0.0456140350877193,0.0357468185985693,species x GSA x stratum x year,TRUE
Chimaera monstrosa,9,2003,5,ITA_9_CIR_2003_106_7_5,0.0205263142461418,0.0158947379878966,species x GSA x stratum x year,TRUE
Chimaera monstrosa,9,2005,5,ITA_9_LIB_2005_71_7_21,0.0387544720621051,0.0317983658223751,species x GSA x stratum x year,TRUE
Chimaera monstrosa,9,2008,5,ITA_9_LIB_2008_71_5_20,0.0250408806935975,0.0146184015833671,species x GSA x stratum x year,TRUE
Chimaera monstrosa,9,2010,5,ITA_9_LIB_2010_153_5_10,0.0516988233347809,0.0219356976939717,species x GSA x year (stratum cell too small),TRUE
Chlorophthalmus agassizi,1,2021,4,ESP_1_MOL_2021_57_5_10,0.091279566744817,0.0282311149955281,species x GSA x stratum x year,TRUE
Chlorophthalmus agassizi,6,2006,4,ESP_6_COR_2006_57_5_18,0.078058750398017,0.0737522625311999,species x GSA x year (stratum cell too small),TRUE
Chlorophthalmus agassizi,6,2013,4,ESP_6_COR_2013_54_5_23,0.299531492157505,0.00850049706590895,species x GSA x stratum x year,TRUE
Chlorophthalmus agassizi,6,2015,4,ESP_6_MOL_2015_93_5_17,0.0860760029713218,0.029697940320718,species x GSA x stratum x year,TRUE
Chlorophthalmus agassizi,6,2017,4,ESP_6_MOL_2017_97_5_18,0.0141140799167172,0.0121395083544772,species x GSA x stratum x year,TRUE
Chlorophthalmus agassizi,6,2021,4,ESP_6_MOL_2021_162_6_3,0.245872640534351,0.191595312225211,species x GSA x stratum x year,TRUE
Chlorophthalmus agassizi,8,1998,4,FRA_8_LEU_1998_14_5_21,1.14970583365232,0.217100356332466,species x GSA x stratum x year,TRUE
Chlorophthalmus agassizi,8,2000,4,FRA_8_LEU_2000_10_6_2,2.43842817963193,1.49986165123238,species x GSA x year (stratum cell too small),TRUE
Chlorophthalmus agassizi,8,2003,4,FRA_8_LEU_2003_21_6_9,2.33743019525699,1.25163985284876,species x GSA x year (stratum cell too small),TRUE
Chlorophthalmus agassizi,8,2004,4,FRA_8_LEU_2004_14_6_4,1.76689702045833,1.49417013142507,species x GSA x year (stratum cell too small),TRUE
Chlorophthalmus agassizi,8,2005,4,FRA_8_LEU_2005_23_6_11,3.39793526456158,0.991574669402558,species x GSA x year (stratum cell too small),TRUE
Chlorophthalmus agassizi,8,2012,4,FRA_8_LEU_2012_12_5_27,1.12007325200363,0.838158572403015,species x GSA x stratum x year,TRUE
Chlorophthalmus agassizi,9,1997,4,ITA_9_FRP_1997_1_7_24,0.190439586012024,0.168854720714314,species x GSA x stratum x year,TRUE
Chlorophthalmus agassizi,9,2003,5,ITA_9_CIR_2003_35_6_24,0.0434474517079237,0.0125473683536006,species x GSA x stratum x year,TRUE
Chlorophthalmus agassizi,9,2017,4,ITA_9_SAN_2017_136_10_4,1.58468482147617,0.234204810691051,species x GSA x stratum x year,TRUE
Chlorophthalmus agassizi,9,2020,4,ITA_9_SAN_2020_4_11_3,1.12710869982354,1.08973777447281,species x GSA x stratum x year,TRUE
Chlorophthalmus agassizi,9,2023,4,ITA_9_SAN_2023_4_11_1,5.33395136813658,1.57610303095553,species x GSA x stratum x year,TRUE
Chlorophthalmus agassizi,10,2000,5,ITA_10_SAN_2000_122_6_21,0.578668748871406,0.0192567404767204,species x GSA x stratum x year,TRUE
Chlorophthalmus agassizi,10,2001,5,ITA_10_SAN_2001_122_4_29,0.132267584398998,0.00918869610347765,species x GSA x stratum x year,TRUE
Chlorophthalmus agassizi,10,2007,4,ITA_10_PEC_2007_61_8_3,4.34944402006869,4.34176373984828,species x GSA x stratum x year,TRUE
Chlorophthalmus agassizi,10,2008,4,ITA_10_PEC_2008_30_8_1,1.5889111441538,1.01715649495619,species x GSA x stratum x year,TRUE
Chlorophthalmus agassizi,10,2013,5,ITA_10_PEC_2013_23_6_30,0.141648474621019,0.0265888270757744,species x GSA x stratum x year,TRUE
Chlorophthalmus agassizi,10,2020,4,ITA_10_SAN_2020_36_12_23,0.220261994231528,0.140526407326026,species x GSA x year (stratum cell too small),TRUE
Chlorophthalmus agassizi,11,2002,4,ITA_11_NUS_2002_65_8_2,2.39840011486128,2.19903115517845,species x GSA x stratum x year,TRUE
Chlorophthalmus agassizi,11,2003,4,ITA_11_NUS_2003_4_6_16,9.07209773316939,7.54328550858455,species x GSA x stratum x year,TRUE
Chlorophthalmus agassizi,11,2007,4,ITA_11_GIS_2007_39_8_6,6.46249541231115,3.65488065360168,species x GSA x stratum x year,TRUE
Chlorophthalmus agassizi,11,2008,4,ITA_11_GIS_2008_63_7_10,1.6407374467215,0.867195671641625,species x GSA x stratum x year,TRUE
Chlorophthalmus agassizi,11,2015,4,ITA_11_GIS_2015_61_7_8,1.60624013258333,1.47864252647001,species x GSA x stratum x year,TRUE
Chlorophthalmus agassizi,11,2020,4,ITA_11_GIS_2020_29_10_27,9.44919270853466,4.92382083449851,species x GSA x stratum x year,TRUE
Chlorophthalmus agassizi,11,2021,4,ITA_11_GIS_2021_37_8_30,2.90524528334176,2.19841963649665,species x GSA x stratum x year,TRUE
Chlorotocus crassicornis,6,2000,3,ESP_6_COR_2000_48_6_4,0.0273780434638344,0.015464632083647,species x GSA x year (stratum cell too small),TRUE
Chlorotocus crassicornis,6,2004,4,ESP_6_COR_2004_61_5_19,0.0154183935267417,0.00571451997421164,species x GSA x stratum x year,TRUE
Chlorotocus crassicornis,6,2007,3,ESP_6_COR_2007_78_6_6,0.0413760002648064,0.0408959910894932,species x GSA x year (stratum cell too small),TRUE
Chlorotocus crassicornis,6,2013,2,ESP_6_COR_2013_86_5_31,0.023516002110326,0.0163256201725965,species x GSA x year (stratum cell too small),TRUE
Chlorotocus crassicornis,6,2014,4,ESP_6_MOL_2014_77_5_15,0.0129267998414313,0.0104264360171821,species x GSA x stratum x year,TRUE
Chlorotocus crassicornis,6,2015,4,ESP_6_MOL_2015_113_5_22,0.0148925148925149,0.0143722394982114,species x GSA x stratum x year,TRUE
Chlorotocus crassicornis,6,2018,4,ESP_6_MOL_2018_107_5_24,0.0144792371997155,0.0130623557624592,species x GSA x stratum x year,TRUE
Chlorotocus crassicornis,7,2023,4,FRA_7_LEU_2023_56_6_12,0.0121970240029749,0.0115460842969407,species x GSA x year (stratum cell too small),TRUE
Chlorotocus crassicornis,9,1994,4,ITA_9_FRP_1994_41_6_21,0.044826967903891,0.0359439094191495,species x GSA x stratum x year,TRUE
Chlorotocus crassicornis,9,1995,4,ITA_9_FRP_1995_66_6_3,0.0300558470426249,0.0242572489857311,species x GSA x stratum x year,TRUE
Chlorotocus crassicornis,9,1996,4,ITA_9_FRP_1996_82_6_10,0.0219654075582528,0.0128858408213419,species x GSA x stratum x year,TRUE
Chlorotocus crassicornis,9,2000,3,ITA_9_FRP_2000_30_7_10,0.0278413860644731,0.00660961617355835,species x GSA x stratum x year,TRUE
Chlorotocus crassicornis,9,2002,4,ITA_9_FRP_2002_7_8_8,0.365355386953659,0.024670344091588,species x GSA x stratum x year,TRUE
Chlorotocus crassicornis,9,2003,4,ITA_9_CIR_2003_7_6_27,0.0518471856051474,0.0387663598154345,species x GSA x stratum x year,TRUE
Chlorotocus crassicornis,9,2005,4,ITA_9_LIB_2005_7_7_28,0.0645254114799219,0.0307880327287583,species x GSA x stratum x year,TRUE
Chlorotocus crassicornis,9,2006,4,ITA_9_LIB_2006_115_6_9,0.00966218582798894,0.00888794377900488,species x GSA x stratum x year,TRUE
Chlorotocus crassicornis,9,2012,4,ITA_9_LIB_2012_8_7_21,0.00902547928905217,0.00852133063264606,species x GSA x stratum x year,TRUE
Chlorotocus crassicornis,9,2015,4,ITA_9_LIB_2015_69_7_15,0.0125408027558464,0.00918360421050811,species x GSA x stratum x year,TRUE
Chlorotocus crassicornis,9,2018,4,ITA_9_SAN_2018_69_6_14,0.0168834100119091,0.0152151320283299,species x GSA x stratum x year,TRUE
Chlorotocus crassicornis,9,2020,4,ITA_9_SAN_2020_69_10_14,0.0112857819101195,0.0105022402718731,species x GSA x stratum x year,TRUE
Chlorotocus crassicornis,9,2021,4,ITA_9_SAN_2021_69_9_19,0.00552905259484742,0.00495566314260383,species x GSA x stratum x year,TRUE
Chlorotocus crassicornis,9,2023,4,ITA_9_SAN_2023_69_10_11,0.0192831703905435,0.00640725121918264,species x GSA x stratum x year,TRUE
Chlorotocus crassicornis,10,1999,3,ITA_10_SAN_1999_102_5_8,0.0544097298277093,0.0218222861055514,species x GSA x year (stratum cell too small),TRUE
Chlorotocus crassicornis,10,2004,4,ITA_10_PEC_2004_60_5_27,0.0412515344281697,0.0288730640580128,species x GSA x stratum x year,TRUE
Chlorotocus crassicornis,10,2007,4,ITA_10_PEC_2007_36_8_7,0.0216486235904086,0.0130169241952375,species x GSA x stratum x year,TRUE
Chlorotocus crassicornis,10,2009,4,ITA_10_PEC_2009_64_7_17,0.0147004306157048,0.00771940260482722,species x GSA x stratum x year,TRUE
Chlorotocus crassicornis,10,2010,4,ITA_10_PEC_2010_22_6_2,1.28876760235613,0.022698119027061,species x GSA x stratum x year,TRUE
Chlorotocus crassicornis,10,2012,4,ITA_10_PEC_2012_13_6_27,0.00925399623251305,0.00893547431351067,species x GSA x stratum x year,TRUE
Chlorotocus crassicornis,10,2013,4,ITA_10_PEC_2013_59_6_29,0.0112693934992729,0.00619707403313644,species x GSA x stratum x year,TRUE
Chlorotocus crassicornis,10,2017,2,ITA_10_SAN_2017_52_11_4,0.00870209929443379,0.00531561526642094,species x GSA x year (stratum cell too small),TRUE
Cidaris cidaris,5,2013,3,ESP_5_COR_2013_174_6_22,0.062433084916553,0.0121300377937907,species x GSA x year (stratum cell too small),TRUE
Cidaris cidaris,5,2014,2,ESP_5_MOL_2014_178_6_7,0.0697716212740016,0.0518736012890003,species x GSA x year (stratum cell too small),TRUE
Cidaris cidaris,5,2021,3,ESP_5_MOL_2021_201_6_15,0.115009476094315,0.0271442869299611,species x GSA x year (stratum cell too small),TRUE
Cidaris cidaris,8,2012,2,FRA_8_LEU_2012_9_5_27,3.15484195478371,1.00268901268682,species x GSA x year (stratum cell too small),TRUE
Cidaris cidaris,8,2014,2,FRA_8_LEU_2014_14_5_31,0.652188266364837,0.304466252617805,species x GSA x year (stratum cell too small),TRUE
Cidaris cidaris,8,2015,2,FRA_8_LEU_2015_9_5_26,0.458157085101011,0.255801436623253,species x GSA x year (stratum cell too small),TRUE
Cidaris cidaris,9,2016,2,ITA_9_SAN_2016_93_6_9,0.156931412713096,0.0790125753195351,species x GSA x year (stratum cell too small),TRUE
Cidaris cidaris,10,2018,3,ITA_10_SAN_2018_29_7_11,0.00470925831382145,0.00412626527009865,species x GSA x year (stratum cell too small),TRUE
Ciona spp.,5,2014,2,ESP_5_MOL_2014_197_6_11,0.310616041841338,0.129613022368897,species x GSA x stratum x year,TRUE
Ciona spp.,5,2019,2,ESP_5_MOL_2019_212_6_21,0.297748905718057,0.166370953634516,species x GSA x stratum x year,TRUE
Ciona spp.,5,2021,2,ESP_5_MOL_2021_206_6_16,0.131246628633485,0.0256555924141479,species x GSA x stratum x year,TRUE
Citharus linguatula,1,2019,1,ESP_1_MOL_2019_21_5_2,0.137731652819689,0.101999374657594,species x GSA x year (stratum cell too small),TRUE
Citharus linguatula,5,2010,2,ESP_5_COR_2010_124_6_23,0.604061548390136,0.432608836030056,species x GSA x year (stratum cell too small),TRUE
Citharus linguatula,5,2014,2,ESP_5_MOL_2014_168_6_5,0.273878831924222,0.155431482440369,species x GSA x year (stratum cell too small),TRUE
Citharus linguatula,5,2017,2,ESP_5_MOL_2017_182_6_9,0.183004764962997,0.175226464764229,species x GSA x year (stratum cell too small),TRUE
Citharus linguatula,5,2021,2,ESP_5_MOL_2021_260_8_23,0.402014168938845,0.148099377173976,species x GSA x year (stratum cell too small),TRUE
Citharus linguatula,6,1994,2,ESP_6_COR_1994_47_6_12,0.135992416082191,0.105523866309261,species x GSA x stratum x year,TRUE
Citharus linguatula,6,1998,2,ESP_6_COR_1998_80_5_28,0.0810580554506197,0.0810372700956142,species x GSA x stratum x year,TRUE
Citharus linguatula,6,2005,2,ESP_6_COR_2005_104_6_2,0.105295723928415,0.0844780366284334,species x GSA x stratum x year,TRUE
Citharus linguatula,6,2008,1,ESP_6_COR_2008_103_5_30,0.252914941566585,0.0589915780425951,species x GSA x year (stratum cell too small),TRUE
Citharus linguatula,6,2014,3,ESP_6_MOL_2014_104_5_20,0.0893869375239918,0.0370497379389065,species x GSA x stratum x year,TRUE
Citharus linguatula,6,2015,2,ESP_6_MOL_2015_138_5_28,0.339947374058813,0.0521130842913026,species x GSA x stratum x year,TRUE
Citharus linguatula,6,2018,2,ESP_6_MOL_2018_112_5_25,0.251943950345079,0.0362689388388918,species x GSA x stratum x year,TRUE
Citharus linguatula,7,1998,3,FRA_7_LEU_1998_33_5_29,0.279654464653275,0.225402761237384,species x GSA x year (stratum cell too small),TRUE
Citharus linguatula,7,1999,3,FRA_7_LEU_1999_32_5_15,0.204108744047624,0.181589490212892,species x GSA x year (stratum cell too small),TRUE
Citharus linguatula,7,2000,2,FRA_7_LEU_2000_49_6_16,0.389964994365346,0.166741447283903,species x GSA x stratum x year,TRUE
Citharus linguatula,7,2002,3,FRA_7_LEU_2002_7_6_12,0.57964152062959,0.474265843676724,species x GSA x year (stratum cell too small),TRUE
Citharus linguatula,7,2003,2,FRA_7_LEU_2003_87_6_29,0.41825557568016,0.332183011667223,species x GSA x stratum x year,TRUE
Citharus linguatula,7,2005,2,FRA_7_LEU_2005_64_6_24,0.0569688006645347,0.0452775337334791,species x GSA x stratum x year,TRUE
Citharus linguatula,7,2006,2,FRA_7_LEU_2006_78_6_30,0.116575003931597,0.114039955919939,species x GSA x stratum x year,TRUE
Citharus linguatula,7,2009,2,FRA_7_LEU_2009_63_6_11,0.375925412236904,0.323906611162133,species x GSA x stratum x year,TRUE
Citharus linguatula,7,2022,2,FRA_7_LEU_2022_72_6_6,0.116615946621356,0.0517675175102884,species x GSA x stratum x year,TRUE
Citharus linguatula,7,2023,2,FRA_7_LEU_2023_68_6_17,0.118107199135696,0.0766571279384333,species x GSA x stratum x year,TRUE
Citharus linguatula,9,1996,1,ITA_9_FRP_1996_11_7_19,0.0305144320719675,0.0276452560011744,species x GSA x year (stratum cell too small),TRUE
Citharus linguatula,9,1997,1,ITA_9_FRP_1997_49_6_5,0.0688042518054656,0.057484262136063,species x GSA x year (stratum cell too small),TRUE
Citharus linguatula,9,2000,3,ITA_9_FRP_2000_50_6_26,0.0806743562256098,0.0527817221285831,species x GSA x stratum x year,TRUE
Citharus linguatula,9,2008,2,ITA_9_LIB_2008_52_5_16,0.117332616467975,0.0511545867144741,species x GSA x stratum x year,TRUE
Citharus linguatula,9,2010,1,ITA_9_LIB_2010_124_5_19,0.0600372664169101,0.0536358588622395,species x GSA x year (stratum cell too small),TRUE
Citharus linguatula,9,2015,2,ITA_9_LIB_2015_61_7_17,0.117095925862921,0.0547465469338921,species x GSA x stratum x year,TRUE
Citharus linguatula,9,2017,2,ITA_9_SAN_2017_117_10_7,0.0896107042426788,0.0424725736189469,species x GSA x stratum x year,TRUE
Citharus linguatula,9,2019,1,ITA_9_SAN_2019_47_6_7,0.0715952806150258,0.0475837372335522,species x GSA x year (stratum cell too small),TRUE
Citharus linguatula,9,2020,2,ITA_9_SAN_2020_88_10_11,0.0522790396922053,0.0495906782633368,species x GSA x stratum x year,TRUE
Citharus linguatula,10,2012,2,ITA_10_PEC_2012_4_6_28,0.228190601555887,0.0283874191222918,species x GSA x year (stratum cell too small),TRUE
Citharus linguatula,10,2017,1,ITA_10_SAN_2017_6_10_19,0.0994333015711091,0.058319738024264,species x GSA x year (stratum cell too small),TRUE
Citharus linguatula,11,1995,3,ITA_11_NUS_1995_97_7_25,0.3223148242637,0.0830233430307209,species x GSA x year (stratum cell too small),TRUE
Citharus linguatula,11,1996,2,ITA_11_NUS_1996_87_7_23,0.244317267933307,0.236388164752706,species x GSA x year (stratum cell too small),TRUE
Citharus linguatula,11,1997,2,ITA_11_NUS_1997_60_7_14,0.474997300463809,0.39829532300916,species x GSA x year (stratum cell too small),TRUE
Citharus linguatula,11,1999,2,ITA_11_NUS_1999_95_6_17,0.539077209871253,0.489753717434079,species x GSA x year (stratum cell too small),TRUE
Citharus linguatula,11,2001,3,ITA_11_NUS_2001_113_7_13,0.77405039749854,0.583633496767177,species x GSA x stratum x year,TRUE
Citharus linguatula,11,2006,2,ITA_11_GIS_2006_51_6_26,0.681039536780034,0.239385116557531,species x GSA x year (stratum cell too small),TRUE
Citharus linguatula,11,2007,2,ITA_11_GIS_2007_48_8_7,2.817365361578,0.44844644841083,species x GSA x year (stratum cell too small),TRUE
Citharus linguatula,11,2008,2,ITA_11_GIS_2008_45_7_4,0.162781109780062,0.129499919928275,species x GSA x year (stratum cell too small),TRUE
Citharus linguatula,11,2020,1,ITA_11_GIS_2020_43_10_29,0.304885001289989,0.203143889859076,species x GSA x year (stratum cell too small),TRUE
Citharus linguatula,11,2023,2,ITA_11_GIS_2023_45_8_3,0.257447495102528,0.184183152657985,species x GSA x year (stratum cell too small),TRUE
Cnidaria,7,2015,1,FRA_7_LEU_2015_48_6_11,0.0102186797465767,0.00170638197876307,species x GSA x year (stratum cell too small),TRUE
Codium bursa,5,2013,2,ESP_5_COR_2013_155_6_18,0.277486949327515,0.241531993915202,species x GSA x year (stratum cell too small),TRUE
Codium bursa,5,2017,4,ESP_5_MOL_2017_196_6_12,1.21469971636453,0.568506853982438,species x GSA x year (stratum cell too small),TRUE
Codium bursa,5,2021,2,ESP_5_MOL_2021_206_6_16,0.731644583843876,0.434339013435102,species x GSA x stratum x year,TRUE
Codium bursa,6,2017,3,ESP_6_MOL_2017_162_6_2,0.066792685293795,0.052090443015291,species x GSA x year (stratum cell too small),TRUE
Codium bursa,11,2013,1,ITA_11_GIS_2013_12_7_3,16.3615482189996,14.6920896454036,species x GSA x stratum x year,TRUE
Codium bursa,11,2015,2,ITA_11_GIS_2015_20_6_26,5.790455013955,2.65284805431627,species x GSA x year (stratum cell too small),TRUE
Codium bursa,11,2019,1,ITA_11_GIS_2019_101_6_27,1.10340213906443,0.781736150083159,species x GSA x stratum x year,TRUE
Coelorinchus caelorhincus,1,1994,4,ESP_1_COR_1994_24_6_2,0.339640041910573,0.189925515929373,species x GSA x year (stratum cell too small),TRUE
Coelorinchus caelorhincus,1,1996,4,ESP_1_COR_1996_15_5_5,0.437012071173836,0.354347733868546,species x GSA x stratum x year,TRUE
Coelorinchus caelorhincus,1,1998,5,ESP_1_COR_1998_14_5_7,0.601717569908098,0.259522256210157,species x GSA x year (stratum cell too small),TRUE
Coelorinchus caelorhincus,1,2002,4,ESP_1_COR_2002_6_5_12,0.737288991091505,0.669877356013782,species x GSA x stratum x year,TRUE
Coelorinchus caelorhincus,1,2011,5,ESP_1_COR_2011_14_5_8,0.445900548697348,0.413749595334794,species x GSA x year (stratum cell too small),TRUE
Coelorinchus caelorhincus,1,2013,4,ESP_1_COR_2013_3_5_8,0.605706124534307,0.498724112376786,species x GSA x stratum x year,TRUE
Coelorinchus caelorhincus,1,2014,4,ESP_1_MOL_2014_46_5_6,1.06847484814967,0.510639731055332,species x GSA x stratum x year,TRUE
Coelorinchus caelorhincus,1,2016,4,ESP_1_MOL_2016_60_5_8,1.44294137216528,1.29792596472974,species x GSA x stratum x year,TRUE
Coelorinchus caelorhincus,1,2017,4,ESP_1_MOL_2017_12_4_26,1.45558080274943,0.726153807661246,species x GSA x stratum x year,TRUE
Coelorinchus caelorhincus,1,2018,4,ESP_1_MOL_2018_61_5_12,0.497312898505889,0.424821134906494,species x GSA x stratum x year,TRUE
Coelorinchus caelorhincus,1,2021,4,ESP_1_MOL_2021_62_5_11,1.0394902566918,1.02783899173684,species x GSA x stratum x year,TRUE
Coelorinchus caelorhincus,5,2014,4,ESP_5_MOL_2014_209_6_14,0.484336559559673,0.471376709936198,species x GSA x year (stratum cell too small),TRUE
Coelorinchus caelorhincus,6,2001,4,ESP_6_COR_2001_41_5_23,0.270980270919356,0.262081150856399,species x GSA x stratum x year,TRUE
Coelorinchus caelorhincus,6,2003,4,ESP_6_COR_2003_81_5_13,0.0671691702532037,0.0578156111610854,species x GSA x stratum x year,TRUE
Coelorinchus caelorhincus,6,2011,4,ESP_6_COR_2011_39_5_17,0.0960902652367589,0.0555732831700706,species x GSA x stratum x year,TRUE
Coelorinchus caelorhincus,6,2012,4,ESP_6_COR_2012_46_5_8,0.173740419603495,0.0724876599428871,species x GSA x stratum x year,TRUE
Coelorinchus caelorhincus,6,2013,4,ESP_6_COR_2013_54_5_23,0.327694822263702,0.20803370270298,species x GSA x year (stratum cell too small),TRUE
Coelorinchus caelorhincus,6,2018,4,ESP_6_MOL_2018_74_5_17,0.207243063054548,0.20479568066474,species x GSA x stratum x year,TRUE
Coelorinchus caelorhincus,6,2019,4,ESP_6_MOL_2019_78_5_18,0.0840729862603506,0.0788311766104793,species x GSA x stratum x year,TRUE
Coelorinchus caelorhincus,6,2020,5,ESP_6_MOL_2020_38_6_6,0.0894593272893308,0.0610408146275032,species x GSA x year (stratum cell too small),TRUE
Coelorinchus caelorhincus,6,2021,4,ESP_6_MOL_2021_79_5_16,0.218969983901892,0.148851972563208,species x GSA x stratum x year,TRUE
Coelorinchus caelorhincus,8,2012,4,FRA_8_LEU_2012_6_5_26,0.663350605696088,0.450105291333153,species x GSA x year (stratum cell too small),TRUE
Coelorinchus caelorhincus,8,2018,4,FRA_8_LEU_2018_5_5_25,0.851385388828409,0.660597139490638,species x GSA x stratum x year,TRUE
Coelorinchus caelorhincus,9,2004,5,ITA_9_LIB_2004_106_6_9,0.936120404643208,0.595792224651427,species x GSA x year (stratum cell too small),TRUE
Coelorinchus caelorhincus,9,2015,4,ITA_9_LIB_2015_73_7_14,0.110570010829239,0.0773400394311155,species x GSA x stratum x year,TRUE
Coelorinchus caelorhincus,9,2021,4,ITA_9_SAN_2021_9_9_16,0.161346963473662,0.0966573324723732,species x GSA x stratum x year,TRUE
Coelorinchus caelorhincus,10,2001,4,ITA_10_SAN_2001_139_4_28,0.275819533649658,0.273730273816891,species x GSA x stratum x year,TRUE
Coelorinchus caelorhincus,10,2002,4,ITA_10_GAB_2002_30_7_30,0.148901272551573,0.0408800589436771,species x GSA x year (stratum cell too small),TRUE
Coelorinchus caelorhincus,10,2003,4,ITA_10_DAP_2003_8_8_6,0.227882553245293,0.0613703382866848,species x GSA x stratum x year,TRUE
Coelorinchus caelorhincus,10,2009,4,ITA_10_PEC_2009_30_7_9,0.398635876068072,0.158295325242002,species x GSA x stratum x year,TRUE
Coelorinchus caelorhincus,10,2014,4,ITA_10_PEC_2014_8_9_10,0.173773144283028,0.132173206835195,species x GSA x stratum x year,TRUE
Coelorinchus caelorhincus,10,2023,4,ITA_10_SAN_2023_32_12_14,0.103270529312477,0.101501832402806,species x GSA x stratum x year,TRUE
Coelorinchus caelorhincus,11,1994,4,ITA_11_NUS_1994_106_8_1,0.398945583930752,0.297704732038923,species x GSA x stratum x year,TRUE
Coelorinchus caelorhincus,11,1995,4,ITA_11_NUS_1995_99_7_25,0.660678520677489,0.614370364471209,species x GSA x stratum x year,TRUE
Coelorinchus caelorhincus,11,1997,4,ITA_11_NUS_1997_124_8_5,0.997363959826879,0.89434145857687,species x GSA x stratum x year,TRUE
Coelorinchus caelorhincus,11,2007,4,ITA_11_GIS_2007_62_8_21,0.147000794003182,0.0370006093804178,species x GSA x stratum x year,TRUE
Coelorinchus caelorhincus,11,2012,4,ITA_11_GIS_2012_26_6_14,0.1079013444621,0.0992378922519166,species x GSA x year (stratum cell too small),TRUE
Coelorinchus caelorhincus,11,2014,4,ITA_11_GIS_2014_20_7_25,0.108320302063308,0.0961746783691749,species x GSA x year (stratum cell too small),TRUE
Conger conger,1,2001,2,ESP_1_COR_2001_24_5_18,0.330244794271987,0.314508606685605,species x GSA x year (stratum cell too small),TRUE
Conger conger,1,2007,2,ESP_1_COR_2007_10_5_21,0.663051427192678,0.532842975622022,species x GSA x year (stratum cell too small),TRUE
Conger conger,1,2008,4,ESP_1_COR_2008_40_5_15,0.430370381366554,0.304494251837641,species x GSA x stratum x year,TRUE
Conger conger,1,2011,5,ESP_1_COR_2011_21_5_10,1.2026122461506,0.38833872434905,species x GSA x year (stratum cell too small),TRUE
Conger conger,1,2013,5,ESP_1_COR_2013_4_5_8,0.526037637860489,0.454263397387847,species x GSA x year (stratum cell too small),TRUE
Conger conger,1,2014,5,ESP_1_MOL_2014_5_4_26,0.550451512871857,0.204966267638633,species x GSA x stratum x year,TRUE
Conger conger,1,2021,4,ESP_1_MOL_2021_22_5_1,0.302492744777687,0.248423195108272,species x GSA x stratum x year,TRUE
Conger conger,5,2021,5,ESP_5_MOL_2021_237_6_23,0.351002054612293,0.263211240167636,species x GSA x stratum x year,TRUE
Conger conger,6,1994,2,ESP_6_COR_1994_74_6_18,0.60393264110902,0.066312885895479,species x GSA x year (stratum cell too small),TRUE
Conger conger,6,1997,5,ESP_6_COR_1997_81_5_29,0.336557418495409,0.333576463203853,species x GSA x year (stratum cell too small),TRUE
Conger conger,6,2000,1,ESP_6_COR_2000_78_6_13,0.375582904468946,0.294723658940045,species x GSA x year (stratum cell too small),TRUE
Conger conger,6,2004,4,ESP_6_COR_2004_87_5_24,0.382040224580821,0.257107820662105,species x GSA x year (stratum cell too small),TRUE
Conger conger,6,2006,4,ESP_6_COR_2006_82_5_27,0.851798014229332,0.619040181477163,species x GSA x year (stratum cell too small),TRUE
Conger conger,6,2010,1,ESP_6_COR_2010_29_5_25,0.590276629285296,0.322543812825458,species x GSA x year (stratum cell too small),TRUE
Conger conger,6,2016,5,ESP_6_MOL_2016_166_6_2,0.16460732285322,0.0761395910550631,species x GSA x stratum x year,TRUE
Conger conger,6,2019,1,ESP_6_MOL_2019_72_5_16,0.114760230983592,0.0863280633334251,species x GSA x year (stratum cell too small),TRUE
Conger conger,6,2020,1,ESP_6_MOL_2020_23_6_3,0.378028115348631,0.115082936639446,species x GSA x year (stratum cell too small),TRUE
Conger conger,6,2021,2,ESP_6_MOL_2021_81_5_17,0.237432235510031,0.102342869463784,species x GSA x stratum x year,TRUE
Conger conger,7,2000,1,FRA_7_LEU_2000_81_6_28,2.59324002342127,0.17439452503968,species x GSA x stratum x year,TRUE
Conger conger,7,2001,2,FRA_7_LEU_2001_76_6_27,0.506429444863088,0.206748875788879,species x GSA x stratum x year,TRUE
Conger conger,7,2002,2,FRA_7_LEU_2002_35_6_21,0.592390072819909,0.552062720450932,species x GSA x stratum x year,TRUE
Conger conger,7,2007,2,FRA_7_LEU_2007_43_6_21,0.583858436832349,0.479858710714818,species x GSA x stratum x year,TRUE
Conger conger,7,2008,5,FRA_7_LEU_2008_79_6_17,1.53091808500727,0.460194493719453,species x GSA x year (stratum cell too small),TRUE
Conger conger,7,2009,5,FRA_7_LEU_2009_80_6_17,0.873750626676915,0.529054140923278,species x GSA x year (stratum cell too small),TRUE
Conger conger,7,2010,1,FRA_7_LEU_2010_37_5_31,0.64120495395992,0.325870043822919,species x GSA x year (stratum cell too small),TRUE
Conger conger,7,2019,3,FRA_7_LEU_2019_74_6_17,0.558534764314158,0.182606811657732,species x GSA x year (stratum cell too small),TRUE
Conger conger,7,2022,1,FRA_7_LEU_2022_39_5_29,0.121876309035077,0.103896056739066,species x GSA x year (stratum cell too small),TRUE
Conger conger,9,2007,4,ITA_9_LIB_2007_115_9_25,1.82990887918696,0.12330647167367,species x GSA x stratum x year,TRUE
Conger conger,9,2012,5,ITA_9_LIB_2012_68_7_7,0.133931932300154,0.125712960073519,species x GSA x year (stratum cell too small),TRUE
Conger conger,9,2013,5,ITA_9_LIB_2013_34_7_18,0.46209820181489,0.204811055114643,species x GSA x year (stratum cell too small),TRUE
Conger conger,9,2014,3,ITA_9_LIB_2014_6_9_17,0.35228192326594,0.116477383371704,species x GSA x year (stratum cell too small),TRUE
Conger conger,9,2020,5,ITA_9_SAN_2020_81_10_28,0.262045284407902,0.184399368493132,species x GSA x year (stratum cell too small),TRUE
Conger conger,9,2021,1,ITA_9_SAN_2021_11_9_12,0.178716374977765,0.0920706887703017,species x GSA x year (stratum cell too small),TRUE
Conger conger,10,1998,5,ITA_10_SAN_1998_129_6_1,0.949180008924649,0.485718624710001,species x GSA x year (stratum cell too small),TRUE
Conger conger,10,2000,5,ITA_10_SAN_2000_122_6_21,0.591820311345756,0.512322668047239,species x GSA x year (stratum cell too small),TRUE
Conger conger,10,2002,5,ITA_10_GAB_2002_33_7_30,0.322020040003499,0.164283963522006,species x GSA x year (stratum cell too small),TRUE
Conger conger,10,2010,5,ITA_10_PEC_2010_18_6_2,0.499907840340262,0.213753564429948,species x GSA x year (stratum cell too small),TRUE
Conger conger,10,2012,5,ITA_10_PEC_2012_37_6_23,0.211447241761474,0.0668699187016753,species x GSA x year (stratum cell too small),TRUE
Conger conger,10,2017,5,ITA_10_SAN_2017_43_11_2,0.0816332769621721,0.0671141502448902,species x GSA x year (stratum cell too small),TRUE
Conger conger,10,2018,1,ITA_10_SAN_2018_49_7_14,0.631153390788047,0.612708061187294,species x GSA x year (stratum cell too small),TRUE
Conger conger,11,1998,1,ITA_11_NUS_1998_44_6_9,0.664938779719806,0.491896733551875,species x GSA x year (stratum cell too small),TRUE
Conger conger,11,2000,5,ITA_11_NUS_2000_75_6_30,0.206596820249854,0.164263286258423,species x GSA x year (stratum cell too small),TRUE
Corallinaceae,5,2016,2,ESP_5_MOL_2016_207_6_15,2.32718930971975,2.12966545192147,species x GSA x stratum x year,TRUE
Corallinaceae,5,2018,2,ESP_5_MOL_2018_198_6_19,3.47332359241343,1.70707001758417,species x GSA x stratum x year,TRUE
Corallinaceae,5,2021,2,ESP_5_MOL_2021_214_6_18,7.38791884377547,3.65533128993211,species x GSA x stratum x year,TRUE
Coris julis,11,2000,2,ITA_11_NUS_2000_12_6_1,0.162361209822446,0.10409275996154,species x GSA x year (stratum cell too small),TRUE
Coris julis,11,2006,1,ITA_11_GIS_2006_47_6_23,0.565612923798258,0.261883765069918,species x GSA x stratum x year,TRUE
Crystallogobius linearis,5,2009,2,ESP_5_COR_2009_167_5_21,0.0538527835941286,0.0277766675672854,species x GSA x year (stratum cell too small),TRUE
Crystallogobius linearis,5,2013,2,ESP_5_COR_2013_159_6_18,0.1411469475947,0.0922555154924484,species x GSA x stratum x year,TRUE
Crystallogobius linearis,6,2016,2,ESP_6_MOL_2016_152_5_30,0.00210118051431459,0.00175133057283079,species x GSA x stratum x year,TRUE
Cyclothone spp.,6,2018,4,ESP_6_MOL_2018_74_5_17,0.000708989426239244,0.000338683079193374,species x GSA x year (stratum cell too small),TRUE
Cymbulia peronii,5,2008,5,ESP_5_COR_2008_86_5_26,0.00309975201983841,0.00186588242744891,species x GSA x stratum x year,TRUE
Cymbulia peronii,6,2010,4,ESP_6_COR_2010_46_6_2,0.00110195266011372,0.000523113158767662,species x GSA x year (stratum cell too small),TRUE
Cymbulia peronii,6,2012,4,ESP_6_COR_2012_121_5_26,0.00207451338961397,0.000852711079768659,species x GSA x year (stratum cell too small),TRUE
Cymbulia peronii,6,2015,5,ESP_6_MOL_2015_96_5_18,0.00351354870333778,0.00138385911584063,species x GSA x year (stratum cell too small),TRUE
Cymbulia peronii,6,2018,5,ESP_6_MOL_2018_98_5_22,0.000716168702063589,0.000621394496341879,species x GSA x year (stratum cell too small),TRUE
Dardanus arrosor,1,1995,2,ESP_1_COR_1995_11_4_24,0.1723369903713,0.10213681831085,species x GSA x year (stratum cell too small),TRUE
Dardanus arrosor,1,1997,2,ESP_1_COR_1997_24_5_16,1.72147540568593,0.114658911099756,species x GSA x year (stratum cell too small),TRUE
Dardanus arrosor,1,1998,2,ESP_1_COR_1998_17_5_9,0.647287863850467,0.0909078012757632,species x GSA x year (stratum cell too small),TRUE
Dardanus arrosor,1,1999,2,ESP_1_COR_1999_25_5_10,0.032824014048678,0.0161449228299056,species x GSA x year (stratum cell too small),TRUE
Dardanus arrosor,1,2000,5,ESP_1_COR_2000_27_5_29,0.321715928985879,0.0964097499306988,species x GSA x year (stratum cell too small),TRUE
Dardanus arrosor,1,2002,1,ESP_1_COR_2002_26_5_17,0.141960474147984,0.0560160576048442,species x GSA x year (stratum cell too small),TRUE
Dardanus arrosor,1,2003,3,ESP_1_COR_2003_136_5_25,0.0788509834688913,0.047346053754773,species x GSA x year (stratum cell too small),TRUE
Dardanus arrosor,1,2004,1,ESP_1_COR_2004_19_5_10,0.129884547069272,0.100046900877874,species x GSA x year (stratum cell too small),TRUE
Dardanus arrosor,1,2008,2,ESP_1_COR_2008_38_5_15,0.166442810346993,0.102219202029556,species x GSA x year (stratum cell too small),TRUE
Dardanus arrosor,1,2011,2,ESP_1_COR_2011_2_5_5,0.200164841634287,0.120401611335659,species x GSA x year (stratum cell too small),TRUE
Dardanus arrosor,1,2012,3,ESP_1_COR_2012_18_4_30,2.24137624940082,0.242876679726932,species x GSA x year (stratum cell too small),TRUE
Dardanus arrosor,1,2013,2,ESP_1_COR_2013_45_5_20,0.506228051398057,0.122844103886362,species x GSA x year (stratum cell too small),TRUE
Dardanus arrosor,1,2021,3,ESP_1_MOL_2021_21_5_1,0.215262279609143,0.052004119383132,species x GSA x year (stratum cell too small),TRUE
Dardanus arrosor,5,2010,2,ESP_5_COR_2010_98_6_16,0.766660388283141,0.395820426500628,species x GSA x stratum x year,TRUE
Dardanus arrosor,5,2012,2,ESP_5_COR_2012_151_6_4,0.451217042503224,0.303539617473548,species x GSA x stratum x year,TRUE
Dardanus arrosor,5,2013,2,ESP_5_COR_2013_189_6_25,0.176101537177883,0.0713999155054044,species x GSA x stratum x year,TRUE
Dardanus arrosor,5,2021,2,ESP_5_MOL_2021_206_6_16,0.468329695532113,0.253759303930306,species x GSA x stratum x year,TRUE
Dardanus arrosor,6,1994,2,ESP_6_COR_1994_30_6_5,0.0350818107827454,0.0285113882008754,species x GSA x stratum x year,TRUE
Dardanus arrosor,6,1995,1,ESP_6_COR_1995_90_5_18,0.129761904761905,0.0807827523679144,species x GSA x year (stratum cell too small),TRUE
Dardanus arrosor,6,2008,1,ESP_6_COR_2008_46_5_17,0.0326782368048854,0.0201762232507308,species x GSA x year (stratum cell too small),TRUE
Dardanus arrosor,6,2009,1,ESP_6_COR_2009_42_4_19,0.0608402032062787,0.0226638764881256,species x GSA x year (stratum cell too small),TRUE
Dardanus arrosor,6,2017,1,ESP_6_MOL_2017_171_6_4,0.0958739141110033,0.0392914022589709,species x GSA x year (stratum cell too small),TRUE
Dardanus arrosor,7,2014,2,FRA_7_LEU_2014_44_6_12,0.299141844053545,0.164389778792662,species x GSA x year (stratum cell too small),TRUE
Dardanus arrosor,7,2015,1,FRA_7_LEU_2015_54_6_12,0.343280329018441,0.300269612338486,species x GSA x stratum x year,TRUE
Dardanus arrosor,7,2018,2,FRA_7_LEU_2018_45_6_8,0.126004285179931,0.0585448400621799,species x GSA x year (stratum cell too small),TRUE
Dardanus arrosor,7,2021,2,FRA_7_LEU_2021_39_6_4,0.792263099637919,0.133103697908654,species x GSA x stratum x year,TRUE
Dardanus arrosor,7,2022,2,FRA_7_LEU_2022_82_6_12,0.21999552171966,0.122507800284418,species x GSA x stratum x year,TRUE
Dardanus arrosor,7,2023,2,FRA_7_LEU_2023_72_6_19,0.918981325423043,0.173828683883228,species x GSA x year (stratum cell too small),TRUE
Dardanus arrosor,8,2013,2,FRA_8_LEU_2013_10_5_27,0.0325338408361761,0.0188391350823497,species x GSA x year (stratum cell too small),TRUE
Dardanus arrosor,8,2019,2,FRA_8_LEU_2019_6_5_25,0.0884708511827156,0.0545863472470094,species x GSA x year (stratum cell too small),TRUE
Dardanus arrosor,9,2001,1,ITA_9_FRP_2001_20_6_27,0.0239980801535877,0.0203676344466843,species x GSA x year (stratum cell too small),TRUE
Dardanus arrosor,9,2008,4,ITA_9_LIB_2008_107_5_14,0.124077176003474,0.0742473347854489,species x GSA x year (stratum cell too small),TRUE
Dardanus arrosor,9,2009,2,ITA_9_LIB_2009_93_6_17,0.0844095551616443,0.0266036005497011,species x GSA x year (stratum cell too small),TRUE
Dardanus arrosor,9,2010,1,ITA_9_LIB_2010_11_6_4,0.121666934333922,0.0774332849898668,species x GSA x year (stratum cell too small),TRUE
Dardanus arrosor,9,2015,1,ITA_9_LIB_2015_21_7_29,0.195335390866117,0.0344882801464551,species x GSA x year (stratum cell too small),TRUE
Dardanus arrosor,9,2017,1,ITA_9_SAN_2017_20_10_14,0.0626529312578102,0.0433297507162369,species x GSA x year (stratum cell too small),TRUE
Dardanus arrosor,10,2017,4,ITA_10_SAN_2017_64_11_5,0.0126935770500127,0.00958090913581865,species x GSA x year (stratum cell too small),TRUE
Dardanus arrosor,11,2013,2,ITA_11_GIS_2013_24_7_5,10.3296084139356,0.355639390185944,species x GSA x year (stratum cell too small),TRUE
Dardanus arrosor,11,2014,1,ITA_11_GIS_2014_58_8_5,0.873814023449553,0.420631469127843,species x GSA x year (stratum cell too small),TRUE
Dardanus arrosor,11,2015,1,ITA_11_GIS_2015_43_7_2,0.416134931558784,0.382594757639956,species x GSA x stratum x year,TRUE
Dardanus arrosor,11,2018,1,ITA_11_GIS_2018_40_7_24,0.352200726237897,0.189104070638257,species x GSA x stratum x year,TRUE
Dardanus arrosor,11,2019,1,ITA_11_GIS_2019_40_6_12,0.721063713189697,0.359690466262068,species x GSA x stratum x year,TRUE
Delesseriaceae,5,2021,1,ESP_5_MOL_2021_176_6_9,0.0134403595684186,0.00387013074301859,species x GSA x year (stratum cell too small),TRUE
Deltentosteus collonianus,11,2007,2,ITA_11_GIS_2007_3_7_30,0.0590569563532128,0.0540538661425668,species x GSA x year (stratum cell too small),TRUE
Deltentosteus collonianus,11,2009,3,ITA_11_GIS_2009_23_6_12,0.0293866215587865,0.0289593938514928,species x GSA x year (stratum cell too small),TRUE
Deltentosteus collonianus,11,2014,3,ITA_11_GIS_2014_19_7_25,0.0374414949320123,0.0370270916457139,species x GSA x year (stratum cell too small),TRUE
Deltentosteus quadrimaculatus,1,2003,2,ESP_1_COR_2003_31_5_3,0.00633928271517404,0.00455025337050916,species x GSA x year (stratum cell too small),TRUE
Deltentosteus quadrimaculatus,1,2006,2,ESP_1_COR_2006_47_5_16,0.168382378565621,0.053323956529269,species x GSA x year (stratum cell too small),TRUE
Deltentosteus quadrimaculatus,5,2008,3,ESP_5_COR_2008_154_6_12,0.20231345162059,0.122346974608109,species x GSA x year (stratum cell too small),TRUE
Deltentosteus quadrimaculatus,5,2014,2,ESP_5_MOL_2014_222_6_17,0.143489050083776,0.0835802098534946,species x GSA x year (stratum cell too small),TRUE
Deltentosteus quadrimaculatus,5,2015,3,ESP_5_MOL_2015_221_6_17,0.0598704273783363,0.0193718798672167,species x GSA x stratum x year,TRUE
Deltentosteus quadrimaculatus,5,2021,2,ESP_5_MOL_2021_227_6_21,0.0801123002967361,0.0721094955467904,species x GSA x year (stratum cell too small),TRUE
Deltentosteus quadrimaculatus,6,1995,3,ESP_6_COR_1995_67_5_10,0.0533737963195446,0.0453479643430691,species x GSA x year (stratum cell too small),TRUE
Deltentosteus quadrimaculatus,6,1996,3,ESP_6_COR_1996_59_5_15,0.0662704092300196,0.0527408140766243,species x GSA x year (stratum cell too small),TRUE
Deltentosteus quadrimaculatus,6,1997,3,ESP_6_COR_1997_60_5_25,0.0905283346181955,0.0460567795697615,species x GSA x year (stratum cell too small),TRUE
Deltentosteus quadrimaculatus,6,2001,3,ESP_6_COR_2001_76_6_2,0.0479668632983827,0.0280686899038085,species x GSA x year (stratum cell too small),TRUE
Deltentosteus quadrimaculatus,6,2004,2,ESP_6_COR_2004_94_5_26,0.0340655201389759,0.023764976064337,species x GSA x stratum x year,TRUE
Deltentosteus quadrimaculatus,6,2006,3,ESP_6_COR_2006_119_6_6,0.0759515918352373,0.0313032509105981,species x GSA x year (stratum cell too small),TRUE
Deltentosteus quadrimaculatus,6,2009,2,ESP_6_COR_2009_85_4_29,0.0211971227042367,0.0174606235225313,species x GSA x stratum x year,TRUE
Deltentosteus quadrimaculatus,6,2012,2,ESP_6_COR_2012_114_5_24,0.0144151787279764,0.0107498389407053,species x GSA x stratum x year,TRUE
Deltentosteus quadrimaculatus,6,2015,3,ESP_6_MOL_2015_135_5_27,0.103654254116177,0.0439765082168318,species x GSA x year (stratum cell too small),TRUE
Deltentosteus quadrimaculatus,6,2021,2,ESP_6_MOL_2021_129_5_27,0.0301287029531037,0.0272218430128985,species x GSA x stratum x year,TRUE
Deltentosteus quadrimaculatus,7,1994,1,FRA_7_LEU_1994_48_5_31,0.806073422433574,0.340298090244092,species x GSA x year (stratum cell too small),TRUE
Deltentosteus quadrimaculatus,7,1996,1,FRA_7_LEU_1996_81_6_22,0.245572612005344,0.086510778896971,species x GSA x stratum x year,TRUE
Deltentosteus quadrimaculatus,7,1997,2,FRA_7_LEU_1997_68_6_21,0.480184875491698,0.248398898382554,species x GSA x stratum x year,TRUE
Deltentosteus quadrimaculatus,7,1999,1,FRA_7_LEU_1999_44_5_21,0.113735650887656,0.109017782767939,species x GSA x stratum x year,TRUE
Deltentosteus quadrimaculatus,7,2001,1,FRA_7_LEU_2001_54_6_18,0.212477742031769,0.131631389091069,species x GSA x stratum x year,TRUE
Deltentosteus quadrimaculatus,7,2004,2,FRA_7_LEU_2004_63_6_19,0.213831838905583,0.204166771733473,species x GSA x year (stratum cell too small),TRUE
Deltentosteus quadrimaculatus,7,2007,2,FRA_7_LEU_2007_83_7_3,0.392826080892027,0.216479757646354,species x GSA x year (stratum cell too small),TRUE
Deltentosteus quadrimaculatus,7,2011,1,FRA_7_LEU_2011_51_6_9,0.247212183205085,0.222357834973084,species x GSA x year (stratum cell too small),TRUE
Deltentosteus quadrimaculatus,7,2012,3,FRA_7_LEU_2012_30_6_6,0.267638107783546,0.207408275754927,species x GSA x year (stratum cell too small),TRUE
Deltentosteus quadrimaculatus,7,2013,3,FRA_7_LEU_2013_45_6_10,0.425124905916068,0.316332927016113,species x GSA x year (stratum cell too small),TRUE
Deltentosteus quadrimaculatus,7,2014,3,FRA_7_LEU_2014_45_6_12,0.18773217330172,0.176411603211744,species x GSA x year (stratum cell too small),TRUE
Deltentosteus quadrimaculatus,7,2016,3,FRA_7_LEU_2016_71_6_18,0.0620821390172213,0.0565916267596327,species x GSA x year (stratum cell too small),TRUE
Deltentosteus quadrimaculatus,7,2017,1,FRA_7_LEU_2017_64_6_17,0.0476318566340766,0.0401960357951294,species x GSA x year (stratum cell too small),TRUE
Deltentosteus quadrimaculatus,7,2021,1,FRA_7_LEU_2021_69_6_15,0.113483391468809,0.103252833697339,species x GSA x year (stratum cell too small),TRUE
Deltentosteus quadrimaculatus,7,2022,1,FRA_7_LEU_2022_49_6_1,0.101121175830848,0.075920712676755,species x GSA x stratum x year,TRUE
Deltentosteus quadrimaculatus,9,1996,1,ITA_9_FRP_1996_149_7_4,0.00417194814671061,0.00352120116710185,species x GSA x year (stratum cell too small),TRUE
Deltentosteus quadrimaculatus,9,1999,2,ITA_9_FRP_1999_151_6_20,0.00998945365585579,0.00759685665075336,species x GSA x year (stratum cell too small),TRUE
Deltentosteus quadrimaculatus,9,2001,2,ITA_9_FRP_2001_150_5_29,0.0140235417381719,0.007246675297293,species x GSA x stratum x year,TRUE
Deltentosteus quadrimaculatus,9,2008,1,ITA_9_LIB_2008_47_5_18,0.00583946912782377,0.00377939983123023,species x GSA x year (stratum cell too small),TRUE
Deltentosteus quadrimaculatus,9,2009,1,ITA_9_LIB_2009_11_7_3,0.00577587458579014,0.00116833651962922,species x GSA x year (stratum cell too small),TRUE
Deltentosteus quadrimaculatus,9,2010,2,ITA_9_LIB_2010_15_6_5,0.0912152748890906,0.0182160021277948,species x GSA x year (stratum cell too small),TRUE
Deltentosteus quadrimaculatus,9,2015,1,ITA_9_LIB_2015_28_7_29,0.0086740221122795,0.00763229833303206,species x GSA x year (stratum cell too small),TRUE
Deltentosteus quadrimaculatus,11,1995,2,ITA_11_NUS_1995_45_7_3,0.0283594594161767,0.0270472681659959,species x GSA x year (stratum cell too small),TRUE
Deltentosteus quadrimaculatus,11,1998,3,ITA_11_NUS_1998_1_5_25,0.0509310797194329,0.0217144481059219,species x GSA x year (stratum cell too small),TRUE
Deltentosteus quadrimaculatus,11,1999,2,ITA_11_NUS_1999_64_6_7,0.0498919967818661,0.0452348040253395,species x GSA x year (stratum cell too small),TRUE
Deltentosteus quadrimaculatus,11,2010,2,ITA_11_GIS_2010_24_5_24,0.0177568254876405,0.0143513456437997,species x GSA x year (stratum cell too small),TRUE
Deltentosteus quadrimaculatus,11,2011,3,ITA_11_GIS_2011_15_6_6,0.546185750050212,0.0490087629832058,species x GSA x year (stratum cell too small),TRUE
Deltentosteus quadrimaculatus,11,2015,3,ITA_11_GIS_2015_24_6_29,0.0464113417077678,0.0386468730353156,species x GSA x year (stratum cell too small),TRUE
Diaphus holti,5,2021,4,ESP_5_MOL_2021_181_6_10,0.000287433141823315,0.000281479489678578,species x GSA x year (stratum cell too small),TRUE
Diaphus metopoclampus,10,1997,5,ITA_10_SAN_1997_128_6_25,0.0299209187948064,0.0188827353289593,species x GSA x stratum x year,TRUE
Diaphus metopoclampus,10,2002,5,ITA_10_GAB_2002_42_7_28,0.0111980964144675,0.00648321645529817,species x GSA x stratum x year,TRUE
Diaphus metopoclampus,10,2008,5,ITA_10_PEC_2008_43_8_2,0.00681180100488824,0.00463331476300293,species x GSA x stratum x year,TRUE
Diaphus metopoclampus,10,2013,5,ITA_10_PEC_2013_7_7_4,0.00718321394019829,0.00655489077916254,species x GSA x stratum x year,TRUE
Diaphus metopoclampus,10,2015,5,ITA_10_PEC_2015_40_6_17,0.0330142461520384,0.0226464569704602,species x GSA x stratum x year,TRUE
Diaphus metopoclampus,10,2016,5,ITA_10_PEC_2016_42_8_29,0.0211957025052496,0.015016546387129,species x GSA x stratum x year,TRUE
Diaphus metopoclampus,10,2023,5,ITA_10_SAN_2023_41_12_17,0.0249827805781771,0.0215059364365113,species x GSA x year (stratum cell too small),TRUE
Diaphus rafinesquii,10,1996,5,ITA_10_SAN_1996_134_6_25,0.0109710035580957,0.00339453954347784,species x GSA x stratum x year,TRUE
Diaphus rafinesquii,10,2000,4,ITA_10_SAN_2000_111_6_19,0.00293404120663487,0.00286299616756194,species x GSA x year (stratum cell too small),TRUE
Diaphus rafinesquii,10,2007,5,ITA_10_PEC_2007_40_8_13,0.00269234380168622,0.000795178823795015,species x GSA x year (stratum cell too small),TRUE
Diazona violacea,5,2012,2,ESP_5_COR_2012_142_6_1,0.0220856247871519,0.0162679947300441,species x GSA x year (stratum cell too small),TRUE
Diazona violacea,5,2014,2,ESP_5_MOL_2014_204_6_13,0.141966232317599,0.0489712741858513,species x GSA x year (stratum cell too small),TRUE
Diazona violacea,5,2019,2,ESP_5_MOL_2019_212_6_21,0.208608351281873,0.0705215735773359,species x GSA x stratum x year,TRUE
Diazona violacea,7,2014,3,FRA_7_LEU_2014_42_6_11,0.0491770698983606,0.0408410812151431,species x GSA x year (stratum cell too small),TRUE
Dictyota dichotoma,5,2021,1,ESP_5_MOL_2021_176_6_9,0.270514396394383,0.227506437744416,species x GSA x year (stratum cell too small),TRUE
Diplodus annularis,9,1997,1,ITA_9_FRP_1997_138_7_6,3.36419572460832,1.42390422384807,species x GSA x stratum x year,TRUE
Diplodus annularis,9,2002,1,ITA_9_FRP_2002_47_7_19,4.66461360801983,1.33801870977529,species x GSA x stratum x year,TRUE
Diplodus annularis,9,2011,1,ITA_9_LIB_2011_47_6_7,1.78119157832679,1.47845538909556,species x GSA x stratum x year,TRUE
Diplodus annularis,9,2012,1,ITA_9_LIB_2012_47_7_2,0.705962007015199,0.383230591991194,species x GSA x stratum x year,TRUE
Diplodus annularis,9,2014,1,ITA_9_LIB_2014_122_9_7,0.335104307503172,0.323225390593863,species x GSA x stratum x year,TRUE
Diplodus annularis,9,2021,1,ITA_9_SAN_2021_47_9_7,1.11854602739055,0.697188836151122,species x GSA x stratum x year,TRUE
Diplodus annularis,9,2023,1,ITA_9_SAN_2023_28_10_22,2.84657562957017,1.19188064431409,species x GSA x stratum x year,TRUE
Diplodus annularis,10,2015,1,ITA_10_PEC_2015_50_6_21,1.79689002533222,1.03274923262196,species x GSA x year (stratum cell too small),TRUE
Diplodus annularis,11,1994,2,ITA_11_NUS_1994_53_6_30,3.28422300061703,2.2346788631455,species x GSA x year (stratum cell too small),TRUE
Diplodus annularis,11,1995,1,ITA_11_NUS_1995_23_6_23,5.47679385350602,4.81355220562065,species x GSA x stratum x year,TRUE
Diplodus annularis,11,1997,2,ITA_11_NUS_1997_75_7_17,0.530244130540873,0.436667486998404,species x GSA x year (stratum cell too small),TRUE
Diplodus annularis,11,1998,1,ITA_11_NUS_1998_110_6_30,8.68957844249168,2.19699182014448,species x GSA x stratum x year,TRUE
Diplodus annularis,11,2005,1,ITA_11_GIS_2005_42_7_5,2.42903884234727,2.05360108955278,species x GSA x year (stratum cell too small),TRUE
Diplodus annularis,11,2007,2,ITA_11_GIS_2007_49_8_7,14.511314031654,3.40130901224668,species x GSA x year (stratum cell too small),TRUE
Diplodus annularis,11,2008,1,ITA_11_GIS_2008_44_7_3,3.65211116191561,2.34634077724346,species x GSA x stratum x year,TRUE
Diplodus vulgaris,6,1995,1,ESP_6_COR_1995_101_5_19,0.480835897314741,0.277907921891721,species x GSA x year (stratum cell too small),TRUE
Diplodus vulgaris,6,2013,2,ESP_6_COR_2013_103_6_4,1.27489019623273,0.820300287777008,species x GSA x year (stratum cell too small),TRUE
Diplodus vulgaris,6,2014,1,ESP_6_MOL_2014_92_5_17,5.37592472532819,0.232046273615397,species x GSA x year (stratum cell too small),TRUE
Dipturus oxyrinchus,8,1998,4,FRA_8_LEU_1998_3_5_17,1.11703899198367,0.9420058089856,species x GSA x stratum x year,TRUE
Dipturus oxyrinchus,8,2005,4,FRA_8_LEU_2005_1_6_4,3.28831896043712,1.31995138926478,species x GSA x year (stratum cell too small),TRUE
Dipturus oxyrinchus,11,1998,4,ITA_11_NUS_1998_47_6_10,6.68226384490229,4.09102354477118,species x GSA x stratum x year,TRUE
Dipturus oxyrinchus,11,2004,4,ITA_11_GIS_2004_86_7_23,2.87807505288936,1.2423744986657,species x GSA x stratum x year,TRUE
Doris pseudoargus,5,2011,2,ESP_5_COR_2011_123_6_9,0.0161050717092202,0.00994671913023808,species x GSA x year (stratum cell too small),TRUE
Doris pseudoargus,5,2012,1,ESP_5_COR_2012_135_5_31,0.0291352548175569,0.00298000207551184,species x GSA x year (stratum cell too small),TRUE
Doris pseudoargus,5,2014,2,ESP_5_MOL_2014_197_6_11,0.00870363716213519,0.00478542726597941,species x GSA x year (stratum cell too small),TRUE
Doris pseudoargus,7,2014,2,FRA_7_LEU_2014_44_6_12,0.0161698294082997,0.00750038695348298,species x GSA x year (stratum cell too small),TRUE
Dromia personata,5,2014,2,ESP_5_MOL_2014_204_6_13,0.0892359174567764,0.00265378187459974,species x GSA x year (stratum cell too small),TRUE
Echelus myrus,6,2021,2,ESP_6_MOL_2021_103_5_22,0.193613579112224,0.145336339720866,species x GSA x stratum x year,TRUE
Echelus myrus,9,2009,1,ITA_9_LIB_2009_11_7_3,0.144396864644753,0.120922514037057,species x GSA x year (stratum cell too small),TRUE
Echelus myrus,9,2012,1,ITA_9_LIB_2012_11_7_21,1.11931928545137,0.256791943848673,species x GSA x year (stratum cell too small),TRUE
Echelus myrus,9,2017,2,ITA_9_SAN_2017_11_10_17,0.171193562877589,0.0675372223133509,species x GSA x year (stratum cell too small),TRUE
Echelus myrus,9,2020,1,ITA_9_SAN_2020_21_11_1,0.155654131137647,0.109952537453714,species x GSA x year (stratum cell too small),TRUE
Echelus myrus,10,2019,2,ITA_10_SAN_2019_69_7_8,0.66703444629309,0.113347726024507,species x GSA x year (stratum cell too small),TRUE
Echinaster sepositus,5,2012,2,ESP_5_COR_2012_143_6_2,0.0307563025210084,0.0218996636504617,species x GSA x stratum x year,TRUE
Echinaster sepositus,5,2013,2,ESP_5_COR_2013_170_6_21,0.0172298300496523,0.0152058781281737,species x GSA x stratum x year,TRUE
Echinaster sepositus,5,2014,2,ESP_5_MOL_2014_197_6_11,0.0255519623108556,0.0235916668844734,species x GSA x stratum x year,TRUE
Echinaster sepositus,5,2016,2,ESP_5_MOL_2016_192_6_11,0.0577084554571524,0.0322439415784419,species x GSA x stratum x year,TRUE
Echinaster sepositus,5,2019,2,ESP_5_MOL_2019_212_6_21,0.0447439727645383,0.0335951998336866,species x GSA x stratum x year,TRUE
Echinaster sepositus,5,2020,2,ESP_5_MOL_2020_80_6_17,0.0440628830926516,0.0305184672952981,species x GSA x stratum x year,TRUE
Echinaster sepositus,5,2021,2,ESP_5_MOL_2021_186_6_11,0.0290075747354625,0.0217722607135177,species x GSA x stratum x year,TRUE
Echinaster sepositus,6,2016,1,ESP_6_MOL_2016_73_5_12,0.0561531056733318,0.0430756884003844,species x GSA x year (stratum cell too small),TRUE
Echinaster sepositus,6,2018,1,ESP_6_MOL_2018_68_5_15,0.0335180550589918,0.031875083866083,species x GSA x year (stratum cell too small),TRUE
Echinaster sepositus,11,2012,1,ITA_11_GIS_2012_88_7_9,0.0285444458278041,0.027761020441319,species x GSA x year (stratum cell too small),TRUE
Echinaster sepositus,11,2015,2,ITA_11_GIS_2015_27_6_29,0.0186098895853499,0.0072801866382515,species x GSA x year (stratum cell too small),TRUE
Echinaster sepositus,11,2017,1,ITA_11_GIS_2017_44_11_10,0.00927480314230331,0.00712961676260614,species x GSA x year (stratum cell too small),TRUE
Echinaster sepositus,11,2019,2,ITA_11_GIS_2019_25_6_7,0.0154809180857508,0.0116555803767098,species x GSA x year (stratum cell too small),TRUE
Echinaster sepositus,11,2021,1,ITA_11_GIS_2021_40_8_30,0.017415534656914,0.012990144087158,species x GSA x year (stratum cell too small),TRUE
Echinaster sepositus,11,2023,2,ITA_11_GIS_2023_39_7_28,0.0361131608239429,0.00972001971904852,species x GSA x year (stratum cell too small),TRUE
Echinus melo,5,2018,3,ESP_5_MOL_2018_217_6_22,0.0287380334624846,0.0205271994889996,species x GSA x year (stratum cell too small),TRUE
Echinus melo,9,2019,3,ITA_9_SAN_2019_95_6_2,0.144435933909618,0.099065934344309,species x GSA x year (stratum cell too small),TRUE
Echinus melo,9,2023,3,ITA_9_SAN_2023_95_9_30,0.268287120876762,0.0717721093077071,species x GSA x year (stratum cell too small),TRUE
Echinus melo,10,2011,4,ITA_10_PEC_2011_59_6_10,0.00362257835739032,0.00343023062642027,species x GSA x stratum x year,TRUE
Echinus melo,10,2016,4,ITA_10_PEC_2016_64_9_8,0.00359596513274457,0.0031677101983183,species x GSA x stratum x year,TRUE
Echinus melo,11,2012,1,ITA_11_GIS_2012_33_6_18,2.05012557019117,1.61255231970998,species x GSA x year (stratum cell too small),TRUE
Echinus melo,11,2013,2,ITA_11_GIS_2013_24_7_5,1.3256330797884,0.504226679098124,species x GSA x year (stratum cell too small),TRUE
Echinus melo,11,2014,3,ITA_11_GIS_2014_19_7_25,0.481514876868103,0.374324526950827,species x GSA x stratum x year,TRUE
Echinus melo,11,2017,3,ITA_11_GIS_2017_28_11_7,0.437473324797268,0.234661005880349,species x GSA x stratum x year,TRUE
Echinus melo,11,2019,3,ITA_11_GIS_2019_22_6_7,0.212008569184454,0.198774552601591,species x GSA x stratum x year,TRUE
Eledone cirrhosa,1,1995,3,ESP_1_COR_1995_2_4_22,0.894284766128372,0.412350364751591,species x GSA x year (stratum cell too small),TRUE
Eledone cirrhosa,1,1999,2,ESP_1_COR_1999_12_5_7,0.29343215010312,0.281020181347434,species x GSA x year (stratum cell too small),TRUE
Eledone cirrhosa,1,2003,4,ESP_1_COR_2003_27_5_2,0.519282697500519,0.513790347488112,species x GSA x year (stratum cell too small),TRUE
Eledone cirrhosa,1,2005,3,ESP_1_COR_2005_2_5_9,0.866217320677729,0.549035123996033,species x GSA x year (stratum cell too small),TRUE
Eledone cirrhosa,1,2013,3,ESP_1_COR_2013_1_5_8,0.860244091538683,0.835021144959711,species x GSA x year (stratum cell too small),TRUE
Eledone cirrhosa,1,2014,4,ESP_1_MOL_2014_56_5_9,0.212429033037386,0.209831559015566,species x GSA x year (stratum cell too small),TRUE
Eledone cirrhosa,1,2017,4,ESP_1_MOL_2017_12_4_26,0.75508837270084,0.295231527565127,species x GSA x year (stratum cell too small),TRUE
Eledone cirrhosa,1,2021,3,ESP_1_MOL_2021_17_4_30,0.44996400287977,0.35802801443674,species x GSA x year (stratum cell too small),TRUE
Eledone cirrhosa,5,2008,3,ESP_5_COR_2008_163_6_16,0.119659717677854,0.107771361674904,species x GSA x stratum x year,TRUE
Eledone cirrhosa,5,2017,2,ESP_5_MOL_2017_182_6_9,0.180451885092716,0.179630604106244,species x GSA x stratum x year,TRUE
Eledone cirrhosa,6,2008,3,ESP_6_COR_2008_123_6_3,0.330403911703529,0.291423103243263,species x GSA x stratum x year,TRUE
Eledone cirrhosa,6,2010,4,ESP_6_COR_2010_81_6_11,0.471316331960524,0.412737195612589,species x GSA x year (stratum cell too small),TRUE
Eledone cirrhosa,6,2011,2,ESP_6_COR_2011_36_5_16,1.02932941835241,0.7604869520982,species x GSA x stratum x year,TRUE
Eledone cirrhosa,6,2019,2,ESP_6_MOL_2019_147_6_3,0.18196346490083,0.145557340255185,species x GSA x stratum x year,TRUE
Eledone cirrhosa,7,1996,3,FRA_7_LEU_1996_26_6_6,0.427642832706124,0.379367684108047,species x GSA x year (stratum cell too small),TRUE
Eledone cirrhosa,7,2007,3,FRA_7_LEU_2007_25_6_15,0.797495274102079,0.729955591339692,species x GSA x year (stratum cell too small),TRUE
Eledone cirrhosa,7,2009,3,FRA_7_LEU_2009_67_6_12,0.79763148728666,0.676129970001315,species x GSA x stratum x year,TRUE
Eledone cirrhosa,7,2011,1,FRA_7_LEU_2011_66_6_14,0.507575312208682,0.422463690067587,species x GSA x year (stratum cell too small),TRUE
Eledone cirrhosa,7,2017,1,FRA_7_LEU_2017_88_6_27,0.447879473229629,0.43889011929023,species x GSA x year (stratum cell too small),TRUE
Eledone cirrhosa,8,1999,2,FRA_8_LEU_1999_17_5_9,0.313018436785927,0.289756767581991,species x GSA x year (stratum cell too small),TRUE
Eledone cirrhosa,8,2011,2,FRA_8_LEU_2011_3_5_25,0.14819141571478,0.095542269287959,species x GSA x year (stratum cell too small),TRUE
Eledone cirrhosa,8,2015,2,FRA_8_LEU_2015_9_5_26,1.92841802080379,0.071386575515672,species x GSA x year (stratum cell too small),TRUE
Eledone cirrhosa,9,1995,5,ITA_9_FRP_1995_25_7_8,0.135162141470352,0.11589874191403,species x GSA x stratum x year,TRUE
Eledone cirrhosa,9,1997,3,ITA_9_FRP_1997_103_6_19,0.473875655501675,0.393351144104811,species x GSA x stratum x year,TRUE
Eledone cirrhosa,9,1998,5,ITA_9_FRP_1998_55_6_23,0.206024560137564,0.0931269023268016,species x GSA x stratum x year,TRUE
Eledone cirrhosa,9,1999,3,ITA_9_FRP_1999_91_5_20,0.680235772586283,0.502513346042333,species x GSA x stratum x year,TRUE
Eledone cirrhosa,9,2003,3,ITA_9_CIR_2003_84_6_16,1.48117617491832,0.543619541736654,species x GSA x stratum x year,TRUE
Eledone cirrhosa,9,2004,3,ITA_9_LIB_2004_44_6_22,0.310830539200744,0.270904686025485,species x GSA x stratum x year,TRUE
Eledone cirrhosa,9,2009,2,ITA_9_LIB_2009_117_6_21,0.441523521061776,0.342849177105789,species x GSA x stratum x year,TRUE
Eledone cirrhosa,9,2017,2,ITA_9_SAN_2017_118_10_6,0.104273610699103,0.0936416276953886,species x GSA x stratum x year,TRUE
Eledone cirrhosa,9,2018,2,ITA_9_SAN_2018_88_6_13,0.189496265093216,0.185780004599302,species x GSA x stratum x year,TRUE
Eledone cirrhosa,9,2020,2,ITA_9_SAN_2020_31_11_2,0.152954812547622,0.146931849425685,species x GSA x stratum x year,TRUE
Eledone cirrhosa,9,2021,3,ITA_9_SAN_2021_58_9_7,0.034303325839376,0.0332274958957503,species x GSA x year (stratum cell too small),TRUE
Eledone cirrhosa,9,2023,3,ITA_9_SAN_2023_116_10_8,0.0299078372516484,0.0238601292841533,species x GSA x stratum x year,TRUE
Eledone cirrhosa,10,1999,3,ITA_10_SAN_1999_100_5_7,0.412678661383578,0.185553155721076,species x GSA x stratum x year,TRUE
Eledone cirrhosa,10,2001,3,ITA_10_SAN_2001_100_5_5,0.713771469710995,0.552009517355392,species x GSA x stratum x year,TRUE
Eledone cirrhosa,10,2007,3,ITA_10_PEC_2007_55_8_3,0.131206045974599,0.110744296168409,species x GSA x year (stratum cell too small),TRUE
Eledone cirrhosa,10,2010,4,ITA_10_PEC_2010_63_6_6,0.127806212637398,0.0728802805777551,species x GSA x stratum x year,TRUE
Eledone cirrhosa,11,1996,3,ITA_11_NUS_1996_25_6_28,0.290432416904645,0.27730950086388,species x GSA x stratum x year,TRUE
Eledone cirrhosa,11,1997,5,ITA_11_NUS_1997_29_7_2,0.0997457149240869,0.0549485747328498,species x GSA x stratum x year,TRUE
Eledone cirrhosa,11,2003,2,ITA_11_NUS_2003_19_6_19,0.776187904967603,0.6888520462176,species x GSA x stratum x year,TRUE
Eledone cirrhosa,11,2009,4,ITA_11_GIS_2009_69_7_2,0.321721613858566,0.232167862374651,species x GSA x stratum x year,TRUE
Eledone cirrhosa,11,2018,2,ITA_11_GIS_2018_19_7_19,0.129046530491852,0.0741943594537948,species x GSA x year (stratum cell too small),TRUE
Eledone cirrhosa,11,2019,3,ITA_11_GIS_2019_73_6_20,0.198453837267853,0.144489005218901,species x GSA x stratum x year,TRUE
Eledone cirrhosa,11,2023,3,ITA_11_GIS_2023_18_7_21,0.0754287012420001,0.0631926760636612,species x GSA x year (stratum cell too small),TRUE
Eledone moschata,1,2013,2,ESP_1_COR_2013_13_5_11,0.177619893428064,0.139919736887827,species x GSA x year (stratum cell too small),TRUE
Eledone moschata,1,2015,2,ESP_1_MOL_2015_2_4_23,0.382906759553738,0.167996927826586,species x GSA x year (stratum cell too small),TRUE
Eledone moschata,1,2016,2,ESP_1_MOL_2016_47_5_5,0.194664587934693,0.081032505053514,species x GSA x year (stratum cell too small),TRUE
Eledone moschata,1,2017,2,ESP_1_MOL_2017_50_5_5,0.285441212897316,0.261035797265482,species x GSA x year (stratum cell too small),TRUE
Eledone moschata,5,2008,2,ESP_5_COR_2008_141_6_10,0.242819005610225,0.171179136039779,species x GSA x stratum x year,TRUE
Eledone moschata,5,2021,2,ESP_5_MOL_2021_265_8_24,0.642139457581023,0.274084310061823,species x GSA x stratum x year,TRUE
Eledone moschata,6,2013,1,ESP_6_COR_2013_48_5_22,0.232236706911646,0.192574534682096,species x GSA x year (stratum cell too small),TRUE
Eledone moschata,6,2014,3,ESP_6_MOL_2014_72_5_14,0.482690826543435,0.375549093414362,species x GSA x year (stratum cell too small),TRUE
Eledone moschata,7,1999,1,FRA_7_LEU_1999_87_6_6,0.594677311150782,0.307944328616938,species x GSA x stratum x year,TRUE
Eledone moschata,7,2000,2,FRA_7_LEU_2000_44_6_15,0.285771920387305,0.136716437653378,species x GSA x stratum x year,TRUE
Eledone moschata,7,2018,1,FRA_7_LEU_2018_73_6_17,0.373671654738668,0.339236328865439,species x GSA x year (stratum cell too small),TRUE
Eledone moschata,7,2021,2,FRA_7_LEU_2021_54_6_9,0.231952930527269,0.196123807071291,species x GSA x stratum x year,TRUE
Eledone moschata,9,2000,2,ITA_9_FRP_2000_52_6_29,0.0650976672989252,0.0534986545294858,species x GSA x year (stratum cell too small),TRUE
Eledone moschata,9,2012,1,ITA_9_LIB_2012_11_7_21,0.0816246571764399,0.0364888071616329,species x GSA x stratum x year,TRUE
Eledone moschata,11,1996,2,ITA_11_NUS_1996_37_7_3,0.154955381965017,0.140654794954602,species x GSA x stratum x year,TRUE
Eledone moschata,11,1998,2,ITA_11_NUS_1998_20_6_1,0.469402763217599,0.366742540003708,species x GSA x stratum x year,TRUE
Eledone moschata,11,2002,1,ITA_11_NUS_2002_31_7_24,0.426354073029227,0.223669552819175,species x GSA x year (stratum cell too small),TRUE
Eledone moschata,11,2003,1,ITA_11_NUS_2003_28_6_21,0.426354073029227,0.226523767736491,species x GSA x stratum x year,TRUE
Eledone moschata,11,2004,1,ITA_11_GIS_2004_46_7_8,0.445953728711135,0.267986785940587,species x GSA x stratum x year,TRUE
Eledone moschata,11,2009,2,ITA_11_GIS_2009_27_6_15,0.120385080917692,0.0420282351225254,species x GSA x stratum x year,TRUE
Eledone moschata,11,2012,1,ITA_11_GIS_2012_33_6_18,0.404899800112757,0.319749989977684,species x GSA x stratum x year,TRUE
Eledone moschata,11,2015,1,ITA_11_GIS_2015_43_7_2,0.42551660234439,0.399947680949808,species x GSA x stratum x year,TRUE
Engraulis encrasicolus,7,2009,1,FRA_7_LEU_2009_78_6_16,25.3956372968349,15.7472402501096,species x GSA x stratum x year,TRUE
Engraulis encrasicolus,7,2012,2,FRA_7_LEU_2012_63_6_14,6.29146096883678,4.61121253173533,species x GSA x stratum x year,TRUE
Engraulis encrasicolus,7,2018,1,FRA_7_LEU_2018_74_6_18,9.20573973147992,2.00459627585469,species x GSA x stratum x year,TRUE
Engraulis encrasicolus,9,1998,3,ITA_9_FRP_1998_59_6_30,9.03638651637259,8.76851288116931,species x GSA x stratum x year,TRUE
Engraulis encrasicolus,9,2004,2,ITA_9_LIB_2004_31_6_24,15.1738691965786,5.85269930161824,species x GSA x stratum x year,TRUE
Engraulis encrasicolus,9,2010,2,ITA_9_LIB_2010_117_5_15,27.6484206957204,10.9689328720148,species x GSA x stratum x year,TRUE
Engraulis encrasicolus,9,2013,1,ITA_9_LIB_2013_21_7_22,40.2576489533011,4.5500552829308,species x GSA x stratum x year,TRUE
Engraulis encrasicolus,9,2014,2,ITA_9_LIB_2014_46_9_12,29.0944322142726,19.9494328683048,species x GSA x stratum x year,TRUE
Engraulis encrasicolus,10,1998,2,ITA_10_SAN_1998_93_5_30,23.0537112586549,22.7625889318557,species x GSA x year (stratum cell too small),TRUE
Engraulis encrasicolus,10,2002,1,ITA_10_GAB_2002_21_8_2,17.7437098548565,14.2147441651192,species x GSA x year (stratum cell too small),TRUE
Engraulis encrasicolus,10,2009,3,ITA_10_PEC_2009_54_7_16,2.10284776055125,2.10280532690259,species x GSA x year (stratum cell too small),TRUE
Engraulis encrasicolus,10,2012,2,ITA_10_PEC_2012_5_6_28,41.7227668734763,23.4043147076738,species x GSA x year (stratum cell too small),TRUE
Engraulis encrasicolus,11,2014,2,ITA_11_GIS_2014_66_8_6,46.2409490733645,23.84071445441,species x GSA x year (stratum cell too small),TRUE
Epigonus constanciae,9,2019,4,ITA_9_SAN_2019_73_6_9,0.00427088777453436,0.00369168791583692,species x GSA x year (stratum cell too small),TRUE
Epigonus denticulatus,1,1996,5,ESP_1_COR_1996_22_5_7,0.400694176758132,0.0442789513655336,species x GSA x year (stratum cell too small),TRUE
Epigonus denticulatus,1,2001,4,ESP_1_COR_2001_20_5_17,0.0197437218233752,0.0150580366169626,species x GSA x year (stratum cell too small),TRUE
Epigonus denticulatus,1,2002,4,ESP_1_COR_2002_6_5_12,0.0115746443762752,0.0114450955017533,species x GSA x year (stratum cell too small),TRUE
Epigonus denticulatus,1,2006,5,ESP_1_COR_2006_41_5_14,0.0288123645532099,0.0244469050681231,species x GSA x stratum x year,TRUE
Epigonus denticulatus,1,2007,4,ESP_1_COR_2007_7_5_20,0.0426266356870872,0.0361675436707897,species x GSA x stratum x year,TRUE
Epigonus denticulatus,1,2008,4,ESP_1_COR_2008_13_5_8,0.0285138086894363,0.022463388575423,species x GSA x year (stratum cell too small),TRUE
Epigonus denticulatus,1,2009,4,ESP_1_COR_2009_20_4_12,0.396726691215203,0.0394375520109023,species x GSA x stratum x year,TRUE
Epigonus denticulatus,1,2016,4,ESP_1_MOL_2016_66_5_9,0.0290709366940573,0.0119830231308867,species x GSA x stratum x year,TRUE
Epigonus denticulatus,1,2017,4,ESP_1_MOL_2017_69_5_10,0.0148367553118176,0.0130309900140871,species x GSA x stratum x year,TRUE
Epigonus denticulatus,1,2018,4,ESP_1_MOL_2018_60_5_12,0.102056833098884,0.0478262818321831,species x GSA x stratum x year,TRUE
Epigonus denticulatus,1,2021,4,ESP_1_MOL_2021_54_5_9,0.0346708243070434,0.0165763135621201,species x GSA x stratum x year,TRUE
Epigonus denticulatus,5,2014,5,ESP_5_MOL_2014_212_6_15,0.0199173838881304,0.0178539789857474,species x GSA x year (stratum cell too small),TRUE
Epigonus denticulatus,5,2018,4,ESP_5_MOL_2018_194_6_17,0.0100700571062125,0.00533095200741958,species x GSA x year (stratum cell too small),TRUE
Epigonus denticulatus,6,1994,4,ESP_6_COR_1994_49_6_12,0.0117846131819641,0.00835877343204965,species x GSA x year (stratum cell too small),TRUE
Epigonus denticulatus,6,2004,4,ESP_6_COR_2004_38_5_14,0.0145671469623599,0.00826976590846673,species x GSA x year (stratum cell too small),TRUE
Epigonus denticulatus,6,2016,4,ESP_6_MOL_2016_102_5_19,0.00808448874090215,0.00786314734028379,species x GSA x year (stratum cell too small),TRUE
Epigonus denticulatus,6,2021,4,ESP_6_MOL_2021_113_5_24,0.02698654379659,0.0176750348381831,species x GSA x stratum x year,TRUE
Epigonus denticulatus,9,2001,4,ITA_9_FRP_2001_8_6_30,0.00605221882102265,0.00493893652355989,species x GSA x stratum x year,TRUE
Epigonus denticulatus,9,2002,4,ITA_9_FRP_2002_8_8_8,0.0468693186845653,0.0136068334677538,species x GSA x stratum x year,TRUE
Epigonus denticulatus,9,2008,4,ITA_9_LIB_2008_25_6_1,0.00520150739731334,0.00420862257870196,species x GSA x stratum x year,TRUE
Epigonus denticulatus,9,2013,4,ITA_9_LIB_2013_73_7_8,0.0098852926024917,0.0086996392076543,species x GSA x year (stratum cell too small),TRUE
Epigonus denticulatus,9,2014,5,ITA_9_LIB_2014_71_8_26,0.0115541370334885,0.00959697653846093,species x GSA x year (stratum cell too small),TRUE
Epigonus denticulatus,9,2018,5,ITA_9_SAN_2018_10_7_5,0.00934763603736564,0.00255112300528664,species x GSA x year (stratum cell too small),TRUE
Epigonus denticulatus,9,2019,4,ITA_9_SAN_2019_82_6_8,0.00980961141672923,0.00647532835827801,species x GSA x stratum x year,TRUE
Epigonus denticulatus,9,2021,4,ITA_9_SAN_2021_2_9_14,0.0565256457885336,0.00200691236408721,species x GSA x year (stratum cell too small),TRUE
Epigonus denticulatus,10,1997,4,ITA_10_SAN_1997_119_6_28,0.112609531224488,0.0210460194588875,species x GSA x year (stratum cell too small),TRUE
Epigonus denticulatus,10,2001,4,ITA_10_SAN_2001_111_4_26,0.0127136504769141,0.00652785772338964,species x GSA x year (stratum cell too small),TRUE
Epigonus denticulatus,10,2004,5,ITA_10_PEC_2004_70_5_26,0.00258534568357359,0.00207088579963283,species x GSA x stratum x year,TRUE
Epigonus denticulatus,10,2011,5,ITA_10_PEC_2011_68_6_8,0.00896455597108778,0.00786769561467796,species x GSA x year (stratum cell too small),TRUE
Epigonus denticulatus,10,2012,4,ITA_10_PEC_2012_45_6_22,0.127019258659455,0.00943525483245207,species x GSA x year (stratum cell too small),TRUE
Epigonus denticulatus,10,2015,5,ITA_10_PEC_2015_43_6_17,0.0360965880809409,0.00663919276711594,species x GSA x year (stratum cell too small),TRUE
Epigonus denticulatus,11,1999,4,ITA_11_NUS_1999_13_5_20,0.0844534707720161,0.0739238835461689,species x GSA x year (stratum cell too small),TRUE
Epigonus denticulatus,11,2000,5,ITA_11_NUS_2000_10_5_31,0.0356201414223886,0.0236121372142288,species x GSA x stratum x year,TRUE
Epigonus telescopus,10,1999,5,ITA_10_SAN_1999_129_5_13,0.206121885030888,0.0400298302403089,species x GSA x year (stratum cell too small),TRUE
Epigonus telescopus,10,2001,5,ITA_10_SAN_2001_122_4_29,0.00492158453577666,0.00477307243977647,species x GSA x year (stratum cell too small),TRUE
Epigonus telescopus,10,2003,5,ITA_10_DAP_2003_18_8_5,0.0530089877702897,0.0432013655730988,species x GSA x year (stratum cell too small),TRUE
Epigonus telescopus,10,2006,5,ITA_10_PEC_2006_37_6_17,0.182872754366365,0.103071952152869,species x GSA x year (stratum cell too small),TRUE
Epigonus telescopus,10,2008,5,ITA_10_PEC_2008_37_7_27,0.0885910098911775,0.0321115779595734,species x GSA x year (stratum cell too small),TRUE
Epigonus telescopus,10,2009,5,ITA_10_PEC_2009_18_7_13,0.136628370342552,0.0622130640918385,species x GSA x year (stratum cell too small),TRUE
Epigonus telescopus,10,2010,5,ITA_10_PEC_2010_7_5_30,0.0724606470655952,0.0176632921945771,species x GSA x stratum x year,TRUE
Epigonus telescopus,10,2011,5,ITA_10_PEC_2011_33_6_17,0.0346851202441288,0.0187504403615373,species x GSA x year (stratum cell too small),TRUE
Epigonus telescopus,10,2014,5,ITA_10_PEC_2014_29_9_8,0.147132013780126,0.0141546081539519,species x GSA x year (stratum cell too small),TRUE
Epigonus telescopus,10,2016,5,ITA_10_PEC_2016_18_9_7,0.0551913978721938,0.0496509335875598,species x GSA x year (stratum cell too small),TRUE
Epigonus telescopus,11,1994,5,ITA_11_NUS_1994_111_8_1,0.162613690295203,0.0139405481055428,species x GSA x stratum x year,TRUE
Epigonus telescopus,11,1996,5,ITA_11_NUS_1996_111_7_30,0.0678256323231107,0.0184629681940394,species x GSA x stratum x year,TRUE
Epigonus telescopus,11,1997,5,ITA_11_NUS_1997_126_8_5,0.0584661631622654,0.0200042921009747,species x GSA x stratum x year,TRUE
Epigonus telescopus,11,1999,5,ITA_11_NUS_1999_1_5_17,0.0555763007745354,0.0464884710525125,species x GSA x year (stratum cell too small),TRUE
Epigonus telescopus,11,2001,5,ITA_11_NUS_2001_118_7_18,0.153440609204135,0.0160616986978923,species x GSA x stratum x year,TRUE
Epigonus telescopus,11,2006,5,ITA_11_GIS_2006_8_6_15,0.0201448687134202,0.0152284907357106,species x GSA x stratum x year,TRUE
Epigonus telescopus,11,2009,5,ITA_11_GIS_2009_85_7_8,0.109910711023155,0.0393063533330774,species x GSA x year (stratum cell too small),TRUE
Epigonus telescopus,11,2013,4,ITA_11_GIS_2013_17_7_4,0.100339287138394,0.0956250702258562,species x GSA x year (stratum cell too small),TRUE
Epizoanthus spp.,6,2021,1,ESP_6_MOL_2021_121_5_26,0.00168693487681627,0.00062426577931743,species x GSA x year (stratum cell too small),TRUE
Etmopterus spinax,1,1994,5,ESP_1_COR_1994_17_6_1,0.0692425585726755,0.0436471832581995,species x GSA x year (stratum cell too small),TRUE
Etmopterus spinax,1,1996,5,ESP_1_COR_1996_7_5_3,0.0771410746330254,0.0746223224487508,species x GSA x stratum x year,TRUE
Etmopterus spinax,1,2001,5,ESP_1_COR_2001_23_5_18,0.0785205953776266,0.069163023574161,species x GSA x stratum x year,TRUE
Etmopterus spinax,1,2004,5,ESP_1_COR_2004_123_6_2,0.146260642386216,0.133830240409884,species x GSA x stratum x year,TRUE
Etmopterus spinax,1,2005,5,ESP_1_COR_2005_120_6_6,0.291862110043928,0.214459925993539,species x GSA x stratum x year,TRUE
Etmopterus spinax,1,2013,5,ESP_1_COR_2013_4_5_8,0.139273217455306,0.0611405514082595,species x GSA x year (stratum cell too small),TRUE
Etmopterus spinax,1,2014,5,ESP_1_MOL_2014_5_4_26,0.0668855648789979,0.0506959315334095,species x GSA x stratum x year,TRUE
Etmopterus spinax,1,2015,5,ESP_1_MOL_2015_13_4_25,0.0779938380356818,0.0412233455668348,species x GSA x stratum x year,TRUE
Etmopterus spinax,5,2009,5,ESP_5_COR_2009_76_4_27,0.0171133850275585,0.013101561807466,species x GSA x year (stratum cell too small),TRUE
Etmopterus spinax,9,1994,5,ITA_9_FRP_1994_106_6_7,0.037537103983553,0.0261264664599312,species x GSA x stratum x year,TRUE
Etmopterus spinax,9,2001,5,ITA_9_FRP_2001_147_5_27,0.0701323748575436,0.0342376417633488,species x GSA x stratum x year,TRUE
Etmopterus spinax,9,2011,5,ITA_9_LIB_2011_71_6_6,0.0718845892918919,0.0372019402483323,species x GSA x stratum x year,TRUE
Etmopterus spinax,9,2015,5,ITA_9_LIB_2015_142_7_1,0.0365541356304648,0.0351548439896874,species x GSA x stratum x year,TRUE
Etmopterus spinax,9,2017,4,ITA_9_SAN_2017_73_9_26,0.0309700470744716,0.0213829818076946,species x GSA x stratum x year,TRUE
Etmopterus spinax,9,2021,5,ITA_9_SAN_2021_68_9_19,0.0370941605981921,0.0260866700595908,species x GSA x stratum x year,TRUE
Etmopterus spinax,9,2023,5,ITA_9_SAN_2023_109_10_2,0.0173698162375882,0.0165497048985893,species x GSA x stratum x year,TRUE
Etmopterus spinax,10,1998,5,ITA_10_SAN_1998_130_5_31,0.0321008737857845,0.0279417876419659,species x GSA x stratum x year,TRUE
Etmopterus spinax,10,2011,5,ITA_10_PEC_2011_40_6_11,0.0275894012395092,0.0172055875496535,species x GSA x stratum x year,TRUE
Etmopterus spinax,10,2012,5,ITA_10_PEC_2012_68_6_19,0.0146218639757238,0.0113389209639918,species x GSA x stratum x year,TRUE
Etmopterus spinax,10,2016,5,ITA_10_PEC_2016_24_9_2,0.0254500989173767,0.0151842514902281,species x GSA x stratum x year,TRUE
Etmopterus spinax,10,2018,5,ITA_10_SAN_2018_70_7_19,0.0176858886536306,0.0170159014082299,species x GSA x stratum x year,TRUE
Etmopterus spinax,11,2014,4,ITA_11_GIS_2014_14_7_24,0.0637842278299405,0.0350270234166828,species x GSA x year (stratum cell too small),TRUE
Etmopterus spinax,11,2016,5,ITA_11_GIS_2016_56_6_22,0.0347436747345651,0.0220936443014797,species x GSA x stratum x year,TRUE
Etmopterus spinax,11,2018,5,ITA_11_GIS_2018_37_7_24,0.0343824385083311,0.0314068158209178,species x GSA x stratum x year,TRUE
Etmopterus spinax,11,2019,5,ITA_11_GIS_2019_16_6_6,0.0412450034431004,0.0136164496500562,species x GSA x stratum x year,TRUE
Etmopterus spinax,11,2020,5,ITA_11_GIS_2020_57_11_3,0.0164415118197211,0.0102094191663145,species x GSA x stratum x year,TRUE
Eusergestes arcticus,1,1994,4,ESP_1_COR_1994_11_5_30,0.0531908426645269,0.0352953486543055,species x GSA x year (stratum cell too small),TRUE
Eusergestes arcticus,1,1995,4,ESP_1_COR_1995_24_4_28,0.0335072560968295,0.00209159198018763,species x GSA x year (stratum cell too small),TRUE
Eusergestes arcticus,1,2001,4,ESP_1_COR_2001_20_5_17,0.0539632979567454,0.00682138709068396,species x GSA x year (stratum cell too small),TRUE
Eusergestes arcticus,1,2004,4,ESP_1_COR_2004_6_5_7,0.252902563959137,0.0413053051622297,species x GSA x year (stratum cell too small),TRUE
Eusergestes arcticus,1,2005,4,ESP_1_COR_2005_8_5_11,0.573689761427671,0.176744396719795,species x GSA x year (stratum cell too small),TRUE
Eusergestes arcticus,1,2006,4,ESP_1_COR_2006_26_5_11,0.0401142453708161,0.0109081049148497,species x GSA x year (stratum cell too small),TRUE
Eusergestes arcticus,1,2018,4,ESP_1_MOL_2018_27_5_3,0.00271333604666938,0.00109352103579397,species x GSA x year (stratum cell too small),TRUE
Eusergestes arcticus,1,2021,4,ESP_1_MOL_2021_15_4_30,0.0246061248384854,0.0114185723836165,species x GSA x year (stratum cell too small),TRUE
Eusergestes arcticus,5,2013,4,ESP_5_COR_2013_149_6_16,0.0978149416158938,0.00465326827141907,species x GSA x year (stratum cell too small),TRUE
Eusergestes arcticus,6,1995,4,ESP_6_COR_1995_51_5_5,0.0254680249855878,0.0141806784341378,species x GSA x year (stratum cell too small),TRUE
Eusergestes arcticus,6,1996,5,ESP_6_COR_1996_79_5_20,0.0468146008052111,0.00161885071949047,species x GSA x year (stratum cell too small),TRUE
Eusergestes arcticus,6,1997,4,ESP_6_COR_1997_46_5_22,0.0371419083075525,0.0265976408754506,species x GSA x year (stratum cell too small),TRUE
Eusergestes arcticus,6,1999,4,ESP_6_COR_1999_73_5_22,0.0317864479623425,0.00955745425104847,species x GSA x year (stratum cell too small),TRUE
Eusergestes arcticus,6,2001,4,ESP_6_COR_2001_107_6_10,0.0481162442036247,0.039228792904331,species x GSA x stratum x year,TRUE
Eusergestes arcticus,6,2005,4,ESP_6_COR_2005_50_5_21,0.219095393447846,0.0703764342922598,species x GSA x year (stratum cell too small),TRUE
Eusergestes arcticus,6,2006,4,ESP_6_COR_2006_66_5_21,1.53979432773835,0.175009961448125,species x GSA x stratum x year,TRUE
Eusergestes arcticus,6,2009,4,ESP_6_COR_2009_66_4_25,0.0033735492793505,0.00175193458036067,species x GSA x year (stratum cell too small),TRUE
Eusergestes arcticus,6,2013,4,ESP_6_COR_2013_143_6_12,0.000976137203502595,0.000941589318099686,species x GSA x year (stratum cell too small),TRUE
Eusergestes arcticus,6,2017,4,ESP_6_MOL_2017_101_5_19,0.0455851784056834,0.0156624781623807,species x GSA x year (stratum cell too small),TRUE
Eusergestes arcticus,6,2020,4,ESP_6_MOL_2020_36_6_6,0.211282560619354,0.00458470668183692,species x GSA x year (stratum cell too small),TRUE
Euspira fusca,6,2006,5,ESP_6_COR_2006_90_5_29,0.0130818294900733,0.00285359350445266,species x GSA x year (stratum cell too small),TRUE
Eutrigla gurnardus,6,1994,2,ESP_6_COR_1994_78_6_19,0.0396606778271228,0.0313309916027002,species x GSA x year (stratum cell too small),TRUE
Eutrigla gurnardus,6,1995,3,ESP_6_COR_1995_82_5_16,1.68307154021812,0.492854883239593,species x GSA x year (stratum cell too small),TRUE
Eutrigla gurnardus,6,2004,3,ESP_6_COR_2004_92_5_25,0.0717909100767393,0.0581336627932039,species x GSA x year (stratum cell too small),TRUE
Eutrigla gurnardus,7,1995,1,FRA_7_LEU_1995_63_7_9,1.06749961940195,0.467884413098863,species x GSA x stratum x year,TRUE
Eutrigla gurnardus,7,1996,1,FRA_7_LEU_1996_55_6_15,1.73336661397232,0.435581490988019,species x GSA x stratum x year,TRUE
Eutrigla gurnardus,7,1999,3,FRA_7_LEU_1999_74_5_31,2.10498963806612,1.46090373934433,species x GSA x year (stratum cell too small),TRUE
Eutrigla gurnardus,7,2001,2,FRA_7_LEU_2001_84_7_1,1.94331857229848,1.3966743139242,species x GSA x stratum x year,TRUE
Eutrigla gurnardus,7,2007,1,FRA_7_LEU_2007_50_6_22,1.40348409499355,1.33231156604475,species x GSA x stratum x year,TRUE
Eutrigla gurnardus,7,2008,1,FRA_7_LEU_2008_57_6_7,0.576603518204393,0.439173490402782,species x GSA x stratum x year,TRUE
Eutrigla gurnardus,7,2011,1,FRA_7_LEU_2011_66_6_14,1.5949012828402,1.10561838574729,species x GSA x stratum x year,TRUE
Eutrigla gurnardus,7,2013,3,FRA_7_LEU_2013_43_6_9,0.471514209956386,0.36118945237731,species x GSA x stratum x year,TRUE
Eutrigla gurnardus,7,2019,3,FRA_7_LEU_2019_29_6_2,0.551503008656649,0.441510386413619,species x GSA x stratum x year,TRUE
Eutrigla gurnardus,7,2022,2,FRA_7_LEU_2022_88_6_13,0.652538372116782,0.525133047890657,species x GSA x stratum x year,TRUE
Eutrigla gurnardus,9,1996,3,ITA_9_FRP_1996_104_6_20,0.213380740046997,0.042489357574961,species x GSA x stratum x year,TRUE
Eutrigla gurnardus,9,2000,3,ITA_9_FRP_2000_104_6_1,0.102903671262885,0.0657956587811296,species x GSA x year (stratum cell too small),TRUE
Eutrigla gurnardus,9,2002,3,ITA_9_FRP_2002_104_7_23,0.632247132759253,0.202975132694432,species x GSA x stratum x year,TRUE
Eutrigla gurnardus,9,2007,3,ITA_9_LIB_2007_104_9_24,0.358622683038398,0.279217844575536,species x GSA x year (stratum cell too small),TRUE
Eutrigla gurnardus,9,2018,3,ITA_9_SAN_2018_75_6_15,0.467840389776759,0.228626781379227,species x GSA x stratum x year,TRUE
Funiculina quadrangularis,1,2015,5,ESP_1_MOL_2015_13_4_25,0.0019263758651927,0.00114699620892671,species x GSA x year (stratum cell too small),TRUE
Funiculina quadrangularis,1,2018,4,ESP_1_MOL_2018_23_5_2,0.00238008373725265,0.00215512086759167,species x GSA x year (stratum cell too small),TRUE
Funiculina quadrangularis,1,2019,4,ESP_1_MOL_2019_12_4_30,0.00101333930440794,0.00101265039040749,species x GSA x stratum x year,TRUE
Funiculina quadrangularis,1,2021,4,ESP_1_MOL_2021_16_4_30,0.00235639175727023,0.00153327811908925,species x GSA x year (stratum cell too small),TRUE
Funiculina quadrangularis,6,2014,3,ESP_6_MOL_2014_114_5_22,0.0744081649938593,0.0324419174107887,species x GSA x year (stratum cell too small),TRUE
Funiculina quadrangularis,6,2015,3,ESP_6_MOL_2015_83_5_14,0.250715002042863,0.202510864685063,species x GSA x stratum x year,TRUE
Funiculina quadrangularis,6,2016,3,ESP_6_MOL_2016_95_5_17,0.810540252526884,0.171506399344562,species x GSA x stratum x year,TRUE
Funiculina quadrangularis,6,2017,3,ESP_6_MOL_2017_94_5_17,0.304664687854437,0.123660426279624,species x GSA x stratum x year,TRUE
Funiculina quadrangularis,6,2020,3,ESP_6_MOL_2020_26_6_4,0.0626261509110515,0.00323267563190093,species x GSA x year (stratum cell too small),TRUE
Funiculina quadrangularis,7,2012,3,FRA_7_LEU_2012_70_6_15,0.0391809728183119,0.0100499397693432,species x GSA x year (stratum cell too small),TRUE
Funiculina quadrangularis,9,2016,3,ITA_9_SAN_2016_84_5_25,0.0180557561750686,0.0153343710869337,species x GSA x year (stratum cell too small),TRUE
Funiculina quadrangularis,10,2013,4,ITA_10_PEC_2013_45_6_28,0.0387288098083477,0.00982342983377981,species x GSA x year (stratum cell too small),TRUE
Funiculina quadrangularis,10,2018,4,ITA_10_SAN_2018_45_7_14,0.00456070180079311,0.0015035658713375,species x GSA x year (stratum cell too small),TRUE
Funiculina quadrangularis,10,2021,3,ITA_10_SAN_2021_58_10_5,0.00120782671712698,0.000609611710716216,species x GSA x year (stratum cell too small),TRUE
Gadella maraldi,5,2018,5,ESP_5_MOL_2018_195_6_17,0.00194418976871947,0.00129221709129509,species x GSA x year (stratum cell too small),TRUE
Gadella maraldi,10,2013,5,ITA_10_PEC_2013_70_6_27,0.0030906218078214,0.00156145429525192,species x GSA x stratum x year,TRUE
Gadiculus argenteus,1,1996,4,ESP_1_COR_1996_32_5_9,0.264010564845768,0.255133555897282,species x GSA x year (stratum cell too small),TRUE
Gadiculus argenteus,1,1997,3,ESP_1_COR_1997_2_5_10,0.353451966449767,0.208556240507041,species x GSA x year (stratum cell too small),TRUE
Gadiculus argenteus,1,2001,4,ESP_1_COR_2001_31_5_20,0.830935970454828,0.717382473963305,species x GSA x year (stratum cell too small),TRUE
Gadiculus argenteus,1,2004,3,ESP_1_COR_2004_1_5_6,1.23482756467819,0.908880060188926,species x GSA x year (stratum cell too small),TRUE
Gadiculus argenteus,1,2012,3,ESP_1_COR_2012_18_4_30,0.199707936627554,0.125208220112975,species x GSA x year (stratum cell too small),TRUE
Gadiculus argenteus,1,2013,3,ESP_1_COR_2013_6_5_9,1.4782158594084,0.575875266698848,species x GSA x year (stratum cell too small),TRUE
Gadiculus argenteus,1,2015,4,ESP_1_MOL_2015_61_5_7,1.07952331942183,0.381311360120882,species x GSA x stratum x year,TRUE
Gadiculus argenteus,1,2017,4,ESP_1_MOL_2017_12_4_26,0.397429997360259,0.0651614768219793,species x GSA x stratum x year,TRUE
Gadiculus argenteus,6,1997,4,ESP_6_COR_1997_48_5_23,2.39680395281393,2.16120119111818,species x GSA x year (stratum cell too small),TRUE
Gadiculus argenteus,6,2004,4,ESP_6_COR_2004_87_5_24,2.8371183891002,1.95146657541829,species x GSA x stratum x year,TRUE
Gadiculus argenteus,6,2006,4,ESP_6_COR_2006_78_5_25,3.37252430232702,1.94421546255475,species x GSA x stratum x year,TRUE
Gadiculus argenteus,6,2012,4,ESP_6_COR_2012_90_5_18,2.91659167299872,2.8178575571564,species x GSA x stratum x year,TRUE
Gadiculus argenteus,6,2015,3,ESP_6_MOL_2015_133_5_27,0.193675143922567,0.151819422039465,species x GSA x stratum x year,TRUE
Gadiculus argenteus,6,2016,3,ESP_6_MOL_2016_138_5_28,0.382682872944773,0.141576985387826,species x GSA x stratum x year,TRUE
Gadiculus argenteus,6,2017,4,ESP_6_MOL_2017_97_5_18,1.73557283528738,1.23596681738411,species x GSA x stratum x year,TRUE
Gadiculus argenteus,6,2018,4,ESP_6_MOL_2018_117_5_26,1.13557981712884,0.537211476880954,species x GSA x stratum x year,TRUE
Gadiculus argenteus,6,2020,4,ESP_6_MOL_2020_33_6_5,1.22629382171262,1.16365876644708,species x GSA x stratum x year,TRUE
Gadiculus argenteus,7,2000,5,FRA_7_LEU_2000_60_6_20,2.94741406582997,1.92712301706841,species x GSA x year (stratum cell too small),TRUE
Gadiculus argenteus,8,2011,4,FRA_8_LEU_2011_5_5_25,1.19427616705532,0.985245230878002,species x GSA x year (stratum cell too small),TRUE
Gadiculus argenteus,8,2015,4,FRA_8_LEU_2015_3_5_24,0.486985051059528,0.343351345135816,species x GSA x stratum x year,TRUE
Gadiculus argenteus,8,2018,4,FRA_8_LEU_2018_5_5_25,3.47116128758529,1.48579375043155,species x GSA x stratum x year,TRUE
Gadiculus argenteus,8,2021,4,FRA_8_LEU_2021_4_5_23,0.210042441978038,0.205931129750129,species x GSA x year (stratum cell too small),TRUE
Gadiculus argenteus,9,1999,4,ITA_9_FRP_1999_112_5_26,0.956497869955517,0.546479292679443,species x GSA x stratum x year,TRUE
Gadiculus argenteus,9,2013,4,ITA_9_LIB_2013_105_7_5,1.12457210079828,1.0968205578129,species x GSA x stratum x year,TRUE
Gadiculus argenteus,9,2018,4,ITA_9_SAN_2018_83_6_16,0.548474141334518,0.482565436189381,species x GSA x stratum x year,TRUE
Gadiculus argenteus,9,2021,4,ITA_9_SAN_2021_77_9_4,0.246855120440471,0.238180282635342,species x GSA x stratum x year,TRUE
Gadiculus argenteus,10,1997,4,ITA_10_SAN_1997_107_7_1,0.212770978096401,0.210938012897195,species x GSA x stratum x year,TRUE
Gadiculus argenteus,10,1999,4,ITA_10_SAN_1999_113_5_17,0.2573932142274,0.0797172916922079,species x GSA x stratum x year,TRUE
Gadiculus argenteus,10,2000,4,ITA_10_SAN_2000_114_6_22,0.0953523785768555,0.0674221012099876,species x GSA x stratum x year,TRUE
Gadiculus argenteus,10,2001,4,ITA_10_SAN_2001_113_4_28,0.204310765666413,0.200778396268981,species x GSA x stratum x year,TRUE
Gadiculus argenteus,10,2008,4,ITA_10_PEC_2008_30_8_1,0.357197078918297,0.238905297368557,species x GSA x stratum x year,TRUE
Gadiculus argenteus,10,2009,4,ITA_10_PEC_2009_30_7_9,0.31368068936504,0.194032626638061,species x GSA x stratum x year,TRUE
Gadiculus argenteus,10,2016,4,ITA_10_PEC_2016_13_9_5,0.294676592608068,0.190549266306223,species x GSA x stratum x year,TRUE
Gadiculus argenteus,10,2017,4,ITA_10_SAN_2017_12_10_22,0.0425371365929554,0.0371385751977759,species x GSA x stratum x year,TRUE
Gadiculus argenteus,10,2018,4,ITA_10_SAN_2018_44_7_14,0.0768908295171276,0.0599367659884369,species x GSA x stratum x year,TRUE
Gadiculus argenteus,11,1998,4,ITA_11_NUS_1998_115_7_1,1.99884885288669,1.64988668496035,species x GSA x stratum x year,TRUE
Gadiculus argenteus,11,1999,4,ITA_11_NUS_1999_43_5_31,6.66913251035552,4.3177589879561,species x GSA x stratum x year,TRUE
Gadiculus argenteus,11,2000,4,ITA_11_NUS_2000_44_6_13,13.5595377659701,3.62425931217703,species x GSA x stratum x year,TRUE
Gadiculus argenteus,11,2004,4,ITA_11_GIS_2004_88_7_23,2.54333563523834,1.6790617975033,species x GSA x stratum x year,TRUE
Gadiculus argenteus,11,2013,4,ITA_11_GIS_2013_23_7_5,1.84257968000331,1.65081519394626,species x GSA x stratum x year,TRUE
Gadiculus argenteus,11,2015,4,ITA_11_GIS_2015_93_7_16,11.9563812823604,3.43936690028384,species x GSA x stratum x year,TRUE
Gadiculus argenteus,11,2016,4,ITA_11_GIS_2016_57_6_22,0.76441820276441,0.54949029386847,species x GSA x stratum x year,TRUE
Gadiculus argenteus,11,2018,4,ITA_11_GIS_2018_17_7_19,1.22169629348293,0.814765770376906,species x GSA x stratum x year,TRUE
Gaidropsarus biscayensis,1,1995,4,ESP_1_COR_1995_21_4_27,0.0212117085333257,0.0177419043274683,species x GSA x year (stratum cell too small),TRUE
Gaidropsarus biscayensis,1,1998,2,ESP_1_COR_1998_2_5_4,0.00692927944709669,0.00641568332322931,species x GSA x year (stratum cell too small),TRUE
Gaidropsarus biscayensis,1,2000,4,ESP_1_COR_2000_36_5_31,0.0102823972570945,0.00301576667696535,species x GSA x stratum x year,TRUE
Gaidropsarus biscayensis,1,2006,4,ESP_1_COR_2006_34_5_13,0.0175662790337799,0.00707527656252564,species x GSA x year (stratum cell too small),TRUE
Gaidropsarus biscayensis,1,2018,4,ESP_1_MOL_2018_27_5_3,0.00340104276535759,0.00236047857774716,species x GSA x stratum x year,TRUE
Gaidropsarus biscayensis,6,1999,4,ESP_6_COR_1999_89_5_27,0.0137470211968558,0.00565842482253582,species x GSA x year (stratum cell too small),TRUE
Gaidropsarus biscayensis,6,2000,4,ESP_6_COR_2000_80_6_15,0.0280827294448541,0.0131604845839554,species x GSA x year (stratum cell too small),TRUE
Gaidropsarus biscayensis,6,2004,4,ESP_6_COR_2004_91_5_25,0.00925810707013316,0.00877994170629856,species x GSA x stratum x year,TRUE
Gaidropsarus biscayensis,6,2005,2,ESP_6_COR_2005_102_6_2,0.00704225682938631,0.00653709642500969,species x GSA x year (stratum cell too small),TRUE
Gaidropsarus biscayensis,6,2006,4,ESP_6_COR_2006_95_6_1,0.0850826332900247,0.0236916094790446,species x GSA x stratum x year,TRUE
Gaidropsarus biscayensis,6,2007,4,ESP_6_COR_2007_102_6_11,0.00753665200271466,0.00361736250273368,species x GSA x year (stratum cell too small),TRUE
Gaidropsarus biscayensis,7,2009,4,FRA_7_LEU_2009_81_6_17,0.00516761638757684,0.00505425875539027,species x GSA x year (stratum cell too small),TRUE
Gaidropsarus biscayensis,7,2018,2,FRA_7_LEU_2018_86_6_23,0.0120431015140785,0.00731675580438667,species x GSA x stratum x year,TRUE
Gaidropsarus biscayensis,9,2000,5,ITA_9_FRP_2000_148_6_13,0.00239091345602598,0.00199572621316583,species x GSA x stratum x year,TRUE
Gaidropsarus biscayensis,9,2011,3,ITA_9_LIB_2011_58_6_7,0.00288329976339872,0.00200865615445605,species x GSA x year (stratum cell too small),TRUE
Gaidropsarus biscayensis,9,2012,3,ITA_9_LIB_2012_42_7_11,0.0327215117250538,0.00327766587180262,species x GSA x year (stratum cell too small),TRUE
Gaidropsarus biscayensis,9,2014,5,ITA_9_LIB_2014_140_9_5,0.00667200612246098,0.0023862894305908,species x GSA x year (stratum cell too small),TRUE
Gaidropsarus biscayensis,9,2018,5,ITA_9_SAN_2018_153_6_22,0.00205772766245361,0.00188969067047407,species x GSA x year (stratum cell too small),TRUE
Gaidropsarus biscayensis,10,2000,3,ITA_10_SAN_2000_100_6_29,0.0105777571967925,0.00760512207027983,species x GSA x year (stratum cell too small),TRUE
Gaidropsarus biscayensis,10,2007,4,ITA_10_PEC_2007_63_8_4,0.00189002376551774,0.00174315532166279,species x GSA x year (stratum cell too small),TRUE
Gaidropsarus biscayensis,10,2012,3,ITA_10_PEC_2012_34_6_28,0.00138516539452522,0.00136544314791876,species x GSA x year (stratum cell too small),TRUE
Galeodea echinophora,6,2002,3,ESP_6_COR_2002_110_6_8,0.00385185402573772,0.0014362389789911,species x GSA x year (stratum cell too small),TRUE
Galeodea echinophora,6,2004,4,ESP_6_COR_2004_86_5_24,0.00297224327396741,0.00264828880868375,species x GSA x year (stratum cell too small),TRUE
Galeodea echinophora,6,2008,3,ESP_6_COR_2008_123_6_3,0.00483517919566141,0.00355494503414056,species x GSA x year (stratum cell too small),TRUE
Galeodea echinophora,6,2009,3,ESP_6_COR_2009_116_5_6,0.00510868221451375,0.00257681450884672,species x GSA x year (stratum cell too small),TRUE
Galeodea echinophora,6,2012,3,ESP_6_COR_2012_118_5_25,0.00780850380013852,0.00537499378474347,species x GSA x year (stratum cell too small),TRUE
Galeodea echinophora,6,2013,2,ESP_6_COR_2013_95_6_2,0.00417070082669249,0.00304766673559149,species x GSA x year (stratum cell too small),TRUE
Galeodea echinophora,6,2014,3,ESP_6_MOL_2014_149_5_30,0.00323974082073434,0.00164099376824592,species x GSA x year (stratum cell too small),TRUE
Galeodea echinophora,6,2016,4,ESP_6_MOL_2016_86_5_15,0.00213747477779762,0.0019333518857501,species x GSA x year (stratum cell too small),TRUE
Galeodea echinophora,7,2012,2,FRA_7_LEU_2012_46_6_10,0.0212542432578504,0.0153013986992111,species x GSA x year (stratum cell too small),TRUE
Galeodea echinophora,9,1994,2,ITA_9_FRP_1994_45_6_21,0.00932400932400932,0.00651023654780017,species x GSA x year (stratum cell too small),TRUE
Galeodea echinophora,9,1999,1,ITA_9_FRP_1999_124_5_27,0.0033452807646356,0.00321676283831748,species x GSA x year (stratum cell too small),TRUE
Galeodea echinophora,9,2001,3,ITA_9_FRP_2001_131_5_24,0.00405679513184584,0.00206061972131554,species x GSA x year (stratum cell too small),TRUE
Galeodea echinophora,9,2004,2,ITA_9_LIB_2004_46_6_22,0.00676895306859206,0.00424883078153662,species x GSA x year (stratum cell too small),TRUE
Galeodea echinophora,9,2007,4,ITA_9_LIB_2007_144_9_20,0.00154219491554786,0.00151727016992442,species x GSA x stratum x year,TRUE
Galeodea echinophora,9,2008,3,ITA_9_LIB_2008_116_5_10,0.0105511943952055,0.00295673910877837,species x GSA x stratum x year,TRUE
Galeodea echinophora,9,2009,3,ITA_9_LIB_2009_18_6_30,0.00251703191596469,0.00212142684744983,species x GSA x year (stratum cell too small),TRUE
Galeodea echinophora,9,2011,2,ITA_9_LIB_2011_31_5_27,0.0040894777736883,0.00262142016844091,species x GSA x year (stratum cell too small),TRUE
Galeodea echinophora,9,2018,3,ITA_9_SAN_2018_62_6_16,0.00967139648857044,0.00410747190942824,species x GSA x year (stratum cell too small),TRUE
Galeodea echinophora,10,2014,2,ITA_10_PEC_2014_5_9_11,0.00613911228436368,0.00439816909157146,species x GSA x year (stratum cell too small),TRUE
Galeodea echinophora,10,2017,2,ITA_10_SAN_2017_52_11_4,0.00574686637404408,0.00285879024881394,species x GSA x year (stratum cell too small),TRUE
Galeodea echinophora,10,2018,2,ITA_10_SAN_2018_69_7_19,0.00275573192239859,0.00244538093187709,species x GSA x year (stratum cell too small),TRUE
Galeodea rugosa,1,1997,5,ESP_1_COR_1997_19_5_14,0.0689351716045761,0.0385445422693224,species x GSA x year (stratum cell too small),TRUE
Galeodea rugosa,1,2002,5,ESP_1_COR_2002_19_5_16,0.0186453965981525,0.0089843406551259,species x GSA x year (stratum cell too small),TRUE
Galeodea rugosa,1,2018,4,ESP_1_MOL_2018_3_4_27,0.00674490541803084,0.00546792397898412,species x GSA x stratum x year,TRUE
Galeodea rugosa,6,2015,4,ESP_6_MOL_2015_84_5_14,0.00940121340015827,0.00596763741890649,species x GSA x year (stratum cell too small),TRUE
Galeodea rugosa,6,2016,3,ESP_6_MOL_2016_125_5_24,0.00313025140861313,0.00197547786559614,species x GSA x year (stratum cell too small),TRUE
Galeodea rugosa,7,2013,2,FRA_7_LEU_2013_40_6_9,0.0352550542927836,0.0289895479807705,species x GSA x stratum x year,TRUE
Galeodea rugosa,10,2012,2,ITA_10_PEC_2012_5_6_28,0.00879561031386797,0.00324008088871667,species x GSA x year (stratum cell too small),TRUE
Galeus melastomus,1,1994,5,ESP_1_COR_1994_17_6_1,4.89871533767536,2.9361955901485,species x GSA x year (stratum cell too small),TRUE
Galeus melastomus,1,2017,4,ESP_1_MOL_2017_11_4_26,0.267710111705556,0.256343308134256,species x GSA x stratum x year,TRUE
Galeus melastomus,1,2018,4,ESP_1_MOL_2018_12_4_29,0.507315305521584,0.170149468265122,species x GSA x stratum x year,TRUE
Galeus melastomus,1,2019,4,ESP_1_MOL_2019_12_4_30,0.427491168920484,0.2625263103467,species x GSA x stratum x year,TRUE
Galeus melastomus,5,2012,5,ESP_5_COR_2012_174_6_10,1.80622923133234,1.71786128046313,species x GSA x year (stratum cell too small),TRUE
Galeus melastomus,5,2013,4,ESP_5_COR_2013_173_6_22,1.6420050903876,1.61905258143339,species x GSA x year (stratum cell too small),TRUE
Galeus melastomus,5,2016,5,ESP_5_MOL_2016_222_6_19,2.89742343218279,1.805095254635,species x GSA x year (stratum cell too small),TRUE
Galeus melastomus,5,2017,2,ESP_5_MOL_2017_185_6_10,1.60882725660943,1.57500894985819,species x GSA x stratum x year,TRUE
Galeus melastomus,6,1997,5,ESP_6_COR_1997_73_5_28,1.24203954537471,1.21588230031171,species x GSA x year (stratum cell too small),TRUE
Galeus melastomus,6,2001,4,ESP_6_COR_2001_86_6_4,0.386831275720165,0.34879214048505,species x GSA x stratum x year,TRUE
Galeus melastomus,6,2004,5,ESP_6_COR_2004_67_5_20,2.38924744426239,1.85934087981921,species x GSA x stratum x year,TRUE
Galeus melastomus,6,2009,5,ESP_6_COR_2009_117_5_6,0.918108369512257,0.782122305148709,species x GSA x year (stratum cell too small),TRUE
Galeus melastomus,7,2019,5,FRA_7_LEU_2019_27_6_1,2.50214678075375,0.961284527512429,species x GSA x year (stratum cell too small),TRUE
Galeus melastomus,8,1994,4,FRA_8_LEU_1994_85_6_13,1.88107763430575,1.59313082093912,species x GSA x year (stratum cell too small),TRUE
Galeus melastomus,8,1999,4,FRA_8_LEU_1999_14_5_9,1.61162240683704,0.691428581219121,species x GSA x year (stratum cell too small),TRUE
Galeus melastomus,8,2000,4,FRA_8_LEU_2000_9_6_2,1.05335936621582,0.843031278815554,species x GSA x year (stratum cell too small),TRUE
Galeus melastomus,9,1994,5,ITA_9_FRP_1994_23_6_26,2.83018867924528,2.32140558086243,species x GSA x stratum x year,TRUE
Galeus melastomus,9,1999,4,ITA_9_FRP_1999_134_6_17,0.844658545274754,0.537274423379474,species x GSA x stratum x year,TRUE
Galeus melastomus,9,2001,4,ITA_9_FRP_2001_134_5_25,0.692992688927132,0.558629197316086,species x GSA x stratum x year,TRUE
Galeus melastomus,9,2005,4,ITA_9_LIB_2005_134_7_9,0.396759860598423,0.3923818490492,species x GSA x stratum x year,TRUE
Galeus melastomus,9,2009,4,ITA_9_LIB_2009_134_6_27,0.743484669686767,0.520301478526735,species x GSA x stratum x year,TRUE
Galeus melastomus,9,2012,5,ITA_9_LIB_2012_140_6_21,0.732699141520839,0.662133868952991,species x GSA x stratum x year,TRUE
Galeus melastomus,9,2023,5,ITA_9_SAN_2023_106_10_2,0.779953446984213,0.689247400382931,species x GSA x stratum x year,TRUE
Galeus melastomus,10,1995,5,ITA_10_SAN_1995_126_7_3,0.548781976965523,0.425303801717952,species x GSA x stratum x year,TRUE
Galeus melastomus,10,1997,4,ITA_10_SAN_1997_117_7_4,0.894068780996663,0.565285839033446,species x GSA x stratum x year,TRUE
Galeus melastomus,10,1999,5,ITA_10_SAN_1999_137_5_8,0.98442679609739,0.639356155876741,species x GSA x stratum x year,TRUE
Galeus melastomus,10,2001,5,ITA_10_SAN_2001_122_4_29,0.723115163108196,0.582588466155258,species x GSA x stratum x year,TRUE
Galeus melastomus,10,2006,5,ITA_10_PEC_2006_11_6_20,1.61023851076207,0.889175744064691,species x GSA x stratum x year,TRUE
Galeus melastomus,10,2007,5,ITA_10_PEC_2007_68_8_4,1.13017691067566,0.972513006090072,species x GSA x stratum x year,TRUE
Galeus melastomus,10,2012,5,ITA_10_PEC_2012_37_6_23,0.835175051902978,0.731047925801048,species x GSA x stratum x year,TRUE
Galeus melastomus,10,2014,5,ITA_10_PEC_2014_11_9_10,0.866895397881564,0.598109917985434,species x GSA x stratum x year,TRUE
Galeus melastomus,10,2018,5,ITA_10_SAN_2018_38_7_12,0.898399372513814,0.527716407708611,species x GSA x stratum x year,TRUE
Galeus melastomus,10,2019,5,ITA_10_SAN_2019_10_6_27,1.12539286093005,0.586592843002046,species x GSA x stratum x year,TRUE
Galeus melastomus,10,2021,5,ITA_10_SAN_2021_10_9_25,1.12714484286151,0.509119779363643,species x GSA x stratum x year,TRUE
Galeus melastomus,10,2023,5,ITA_10_SAN_2023_33_12_14,0.462024938846131,0.127027893360941,species x GSA x stratum x year,TRUE
Galeus melastomus,11,2000,4,ITA_11_NUS_2000_85_7_5,2.19273735486282,1.63050222428676,species x GSA x stratum x year,TRUE
Galeus melastomus,11,2006,5,ITA_11_GIS_2006_8_6_15,1.02143198301139,0.883493937764972,species x GSA x stratum x year,TRUE
Galeus melastomus,11,2009,5,ITA_11_GIS_2009_25_6_15,1.60690583853167,1.4606205886233,species x GSA x stratum x year,TRUE
Galeus melastomus,11,2013,4,ITA_11_GIS_2013_23_7_5,1.11475111475111,0.931780623650011,species x GSA x stratum x year,TRUE
Galeus melastomus,11,2015,5,ITA_11_GIS_2015_60_7_8,0.650811039867944,0.547742352415308,species x GSA x stratum x year,TRUE
Galeus melastomus,11,2018,4,ITA_11_GIS_2018_24_7_20,0.320606266449857,0.227840345734819,species x GSA x stratum x year,TRUE
Galeus melastomus,11,2019,5,ITA_11_GIS_2019_21_6_7,0.527500498608228,0.363464596541894,species x GSA x stratum x year,TRUE
Galeus melastomus,11,2020,5,ITA_11_GIS_2020_20_10_23,0.686873228179286,0.473616386523596,species x GSA x stratum x year,TRUE
Gennadas elegans,9,2000,5,ITA_9_FRP_2000_23_7_18,0.0826573601702096,0.0392973139070701,species x GSA x stratum x year,TRUE
Gennadas elegans,9,2003,5,ITA_9_CIR_2003_67_6_19,0.00995126269582094,0.00411729962164815,species x GSA x stratum x year,TRUE
Gennadas elegans,9,2008,5,ITA_9_LIB_2008_145_5_6,0.0116182254824305,0.00844580856759771,species x GSA x year (stratum cell too small),TRUE
Geryon longipes,1,1998,5,ESP_1_COR_1998_26_5_12,1.42562393604543,1.2159942493127,species x GSA x stratum x year,TRUE
Geryon longipes,5,2013,5,ESP_5_COR_2013_150_6_16,0.155372633555274,0.139743000511319,species x GSA x year (stratum cell too small),TRUE
Geryon longipes,6,2016,5,ESP_6_MOL_2016_87_5_15,1.0477060388893,0.847169302084815,species x GSA x stratum x year,TRUE
Geryon longipes,9,1997,5,ITA_9_FRP_1997_81_6_7,0.335905409036815,0.310899689382629,species x GSA x stratum x year,TRUE
Geryon longipes,9,1998,5,ITA_9_FRP_1998_68_6_23,0.24468085106383,0.238274010777869,species x GSA x stratum x year,TRUE
Geryon longipes,9,2000,5,ITA_9_FRP_2000_68_6_21,0.32508503929096,0.276840855254044,species x GSA x stratum x year,TRUE
Geryon longipes,9,2001,5,ITA_9_FRP_2001_81_5_10,0.787205548224704,0.409785356779619,species x GSA x stratum x year,TRUE
Geryon longipes,9,2004,5,ITA_9_LIB_2004_142_6_3,0.132740426096768,0.0814711527419034,species x GSA x stratum x year,TRUE
Geryon longipes,9,2007,5,ITA_9_LIB_2007_23_9_7,0.730897404311423,0.42572132168185,species x GSA x stratum x year,TRUE
Geryon longipes,9,2008,5,ITA_9_LIB_2008_23_6_1,0.30526924254823,0.270746411253899,species x GSA x stratum x year,TRUE
Geryon longipes,9,2011,5,ITA_9_LIB_2011_23_5_31,0.367147630062048,0.294614181019267,species x GSA x stratum x year,TRUE
Geryon longipes,9,2015,5,ITA_9_LIB_2015_141_7_1,0.228690907902904,0.166804486398581,species x GSA x stratum x year,TRUE
Geryon longipes,11,1998,5,ITA_11_NUS_1998_5_5_26,0.125592798006591,0.0765065461448053,species x GSA x stratum x year,TRUE
Glossanodon leioglossus,1,2021,4,ESP_1_MOL_2021_61_5_11,0.466489029996511,0.0028739912855807,species x GSA x year (stratum cell too small),TRUE
Glossanodon leioglossus,5,2017,2,ESP_5_MOL_2017_203_6_14,99.4441984724501,34.0502100142446,species x GSA x year (stratum cell too small),TRUE
Glossanodon leioglossus,6,2004,3,ESP_6_COR_2004_93_5_25,0.0282820187615598,0.0257406648386123,species x GSA x year (stratum cell too small),TRUE
Glossanodon leioglossus,9,1997,3,ITA_9_FRP_1997_104_6_25,1.61085876767388,1.21531845619084,species x GSA x year (stratum cell too small),TRUE
Glossanodon leioglossus,9,1998,3,ITA_9_FRP_1998_104_5_24,8.5883934740589,0.267949558925111,species x GSA x year (stratum cell too small),TRUE
Glossanodon leioglossus,9,2005,4,ITA_9_LIB_2005_107_7_3,2.54717213618347,2.31829997868657,species x GSA x year (stratum cell too small),TRUE
Glossanodon leioglossus,9,2009,4,ITA_9_LIB_2009_1_7_4,3.03865245360724,2.57417030664551,species x GSA x year (stratum cell too small),TRUE
Glossanodon leioglossus,9,2016,3,ITA_9_SAN_2016_104_6_8,6.73424376275151,3.08500207170458,species x GSA x year (stratum cell too small),TRUE
Glossanodon leioglossus,9,2017,3,ITA_9_SAN_2017_104_10_9,22.6745553536004,2.94317337412318,species x GSA x year (stratum cell too small),TRUE
Glossanodon leioglossus,9,2019,4,ITA_9_SAN_2019_152_6_11,12.1883090982131,1.90316929417564,species x GSA x stratum x year,TRUE
Glossanodon leioglossus,9,2021,3,ITA_9_SAN_2021_104_8_26,19.6570424595446,10.5177775261469,species x GSA x stratum x year,TRUE
Glossanodon leioglossus,10,1996,3,ITA_10_SAN_1996_141_6_27,6.58567094704149,2.66674609194356,species x GSA x year (stratum cell too small),TRUE
Glossanodon leioglossus,10,2007,3,ITA_10_PEC_2007_58_8_4,2.03426856993351,1.05682515676431,species x GSA x year (stratum cell too small),TRUE
Glossanodon leioglossus,10,2009,4,ITA_10_PEC_2009_62_7_18,13.1938658445267,4.9042717472582,species x GSA x year (stratum cell too small),TRUE
Glossanodon leioglossus,10,2016,4,ITA_10_PEC_2016_62_9_10,8.98783835117471,7.30090563642517,species x GSA x year (stratum cell too small),TRUE
Glossanodon leioglossus,10,2017,4,ITA_10_SAN_2017_62_11_3,3.28544381626672,1.68693367165496,species x GSA x stratum x year,TRUE
Glossanodon leioglossus,11,1997,4,ITA_11_NUS_1997_31_7_2,28.4764606460916,24.5988633620522,species x GSA x stratum x year,TRUE
Glossanodon leioglossus,11,2001,4,ITA_11_NUS_2001_46_6_20,36.3325442508363,11.0483924098167,species x GSA x stratum x year,TRUE
Glossanodon leioglossus,11,2017,4,ITA_11_GIS_2017_52_11_16,13.7322232814169,2.93802916247311,species x GSA x year (stratum cell too small),TRUE
Glossanodon leioglossus,11,2018,3,ITA_11_GIS_2018_7_7_17,26.2413824454384,12.8048970523253,species x GSA x stratum x year,TRUE
Glossanodon leioglossus,11,2019,4,ITA_11_GIS_2019_8_6_5,13.5256197626159,9.64204813278779,species x GSA x stratum x year,TRUE
Gnathophis mystax,6,2021,4,ESP_6_MOL_2021_147_5_31,0.00993581628630309,0.00818455294843078,species x GSA x stratum x year,TRUE
Gobius niger,1,2015,2,ESP_1_MOL_2015_15_4_26,0.444545747282961,0.429596184458919,species x GSA x year (stratum cell too small),TRUE
Gobius niger,1,2021,1,ESP_1_MOL_2021_19_4_30,0.210955892340272,0.108993107014197,species x GSA x year (stratum cell too small),TRUE
Gobius niger,6,2006,2,ESP_6_COR_2006_116_6_6,0.0260209484489047,0.0206176521520368,species x GSA x stratum x year,TRUE
Gobius niger,6,2016,2,ESP_6_MOL_2016_143_5_29,0.00952067958309935,0.00821350885339194,species x GSA x year (stratum cell too small),TRUE
Gobius niger,7,1995,2,FRA_7_LEU_1995_19_6_28,0.112011373225718,0.0645636803284375,species x GSA x stratum x year,TRUE
Gobius niger,7,1996,2,FRA_7_LEU_1996_86_6_23,0.125259903655038,0.101176942064547,species x GSA x year (stratum cell too small),TRUE
Gobius niger,7,1998,2,FRA_7_LEU_1998_77_6_13,0.0395216132249847,0.0338110869456105,species x GSA x year (stratum cell too small),TRUE
Gobius niger,7,2003,2,FRA_7_LEU_2003_87_6_29,0.0404574877446339,0.0277967085860695,species x GSA x stratum x year,TRUE
Gobius niger,7,2007,1,FRA_7_LEU_2007_54_6_23,0.178852309710651,0.0991776306207962,species x GSA x stratum x year,TRUE
Gobius niger,9,1994,1,ITA_9_FRP_1994_120_6_10,0.0561885561759252,0.0439201912449374,species x GSA x stratum x year,TRUE
Gobius niger,9,2004,1,ITA_9_LIB_2004_124_6_8,0.024071615131496,0.0114584798268166,species x GSA x year (stratum cell too small),TRUE
Goneplax rhomboides,1,1995,2,ESP_1_COR_1995_11_4_24,0.0421268198685401,0.0397541517955107,species x GSA x year (stratum cell too small),TRUE
Goneplax rhomboides,1,1996,4,ESP_1_COR_1996_15_5_5,0.00659258252059152,0.00474273690308157,species x GSA x year (stratum cell too small),TRUE
Goneplax rhomboides,1,1997,4,ESP_1_COR_1997_15_5_13,0.0449260042283298,0.0122239423775723,species x GSA x year (stratum cell too small),TRUE
Goneplax rhomboides,1,1998,2,ESP_1_COR_1998_2_5_4,0.0177098131614711,0.0122518538058563,species x GSA x year (stratum cell too small),TRUE
Goneplax rhomboides,1,2004,4,ESP_1_COR_2004_14_5_9,0.00454940358786513,0.00415987128494514,species x GSA x year (stratum cell too small),TRUE
Goneplax rhomboides,1,2007,4,ESP_1_COR_2007_14_5_22,0.00566878592048002,0.00470608513848535,species x GSA x year (stratum cell too small),TRUE
Goneplax rhomboides,1,2012,4,ESP_1_COR_2012_14_4_29,0.0276406458911858,0.0165137946689189,species x GSA x year (stratum cell too small),TRUE
Goneplax rhomboides,1,2014,2,ESP_1_MOL_2014_3_4_26,0.0360306524184477,0.0069717577830398,species x GSA x year (stratum cell too small),TRUE
Goneplax rhomboides,6,1994,4,ESP_6_COR_1994_71_6_17,0.0213685801352724,0.0135078532394733,species x GSA x year (stratum cell too small),TRUE
Goneplax rhomboides,6,1998,1,ESP_6_COR_1998_89_5_30,0.00513368983957219,0.00479956207447682,species x GSA x year (stratum cell too small),TRUE
Goneplax rhomboides,6,1999,4,ESP_6_COR_1999_89_5_27,0.0253500846692828,0.00431380727070539,species x GSA x year (stratum cell too small),TRUE
Goneplax rhomboides,6,2000,2,ESP_6_COR_2000_72_6_12,0.0116869594781241,0.00664817862002562,species x GSA x year (stratum cell too small),TRUE
Goneplax rhomboides,6,2001,1,ESP_6_COR_2001_110_6_11,0.00800304115563914,0.00609680359258838,species x GSA x year (stratum cell too small),TRUE
Goneplax rhomboides,6,2005,2,ESP_6_COR_2005_104_6_2,0.13566710966131,0.0126293106540328,species x GSA x stratum x year,TRUE
Goneplax rhomboides,6,2007,2,ESP_6_COR_2007_112_6_13,0.0105469269464812,0.00787977896103112,species x GSA x year (stratum cell too small),TRUE
Goneplax rhomboides,6,2008,4,ESP_6_COR_2008_118_6_2,0.0283568884553436,0.00715374120126713,species x GSA x year (stratum cell too small),TRUE
Goneplax rhomboides,6,2012,2,ESP_6_COR_2012_92_5_19,0.00438816621276572,0.00405510207018648,species x GSA x year (stratum cell too small),TRUE
Goneplax rhomboides,6,2016,2,ESP_6_MOL_2016_148_5_30,0.00897083198058883,0.00896586600654283,species x GSA x stratum x year,TRUE
Goneplax rhomboides,6,2018,2,ESP_6_MOL_2018_112_5_25,0.00352382103016391,0.00244257282227917,species x GSA x year (stratum cell too small),TRUE
Goneplax rhomboides,7,2016,1,FRA_7_LEU_2016_61_6_13,0.06494960806271,0.00946738750535718,species x GSA x stratum x year,TRUE
Goneplax rhomboides,7,2017,2,FRA_7_LEU_2017_32_6_7,0.00620633840929064,0.00595760931620894,species x GSA x stratum x year,TRUE
Goneplax rhomboides,7,2018,1,FRA_7_LEU_2018_76_6_18,0.0379405386087816,0.0250333202763196,species x GSA x year (stratum cell too small),TRUE
Goneplax rhomboides,7,2022,2,FRA_7_LEU_2022_89_6_13,0.0192255496245363,0.00913361129371386,species x GSA x stratum x year,TRUE
Goneplax rhomboides,9,1996,1,ITA_9_FRP_1996_119_6_24,0.0925350641796767,0.0235943567186862,species x GSA x year (stratum cell too small),TRUE
Goneplax rhomboides,9,1998,5,ITA_9_FRP_1998_9_7_12,0.0202429149797571,0.00619990850316845,species x GSA x year (stratum cell too small),TRUE
Goneplax rhomboides,9,2000,4,ITA_9_FRP_2000_65_6_20,0.00497166152928309,0.00284083725649232,species x GSA x stratum x year,TRUE
Goneplax rhomboides,9,2003,1,ITA_9_CIR_2003_122_7_3,0.0259957678889877,0.00397351999791615,species x GSA x year (stratum cell too small),TRUE
Goneplax rhomboides,9,2009,1,ITA_9_LIB_2009_121_6_23,0.00480261262126597,0.0036962278683185,species x GSA x year (stratum cell too small),TRUE
Goneplax rhomboides,9,2017,1,ITA_9_SAN_2017_122_10_6,0.00409218045697379,0.00273536010379646,species x GSA x year (stratum cell too small),TRUE
Goneplax rhomboides,9,2018,3,ITA_9_SAN_2018_62_6_16,0.00636276084774371,0.00381438523044122,species x GSA x year (stratum cell too small),TRUE
Goneplax rhomboides,10,2001,3,ITA_10_SAN_2001_101_5_4,0.0246837395865474,0.00885411700593875,species x GSA x year (stratum cell too small),TRUE
Gonostoma denudatum,10,1996,5,ITA_10_SAN_1996_78_6_18,0.0332454653275626,0.0103387740596142,species x GSA x stratum x year,TRUE
Gracilechinus acutus,1,2014,3,ESP_1_MOL_2014_59_5_10,0.0169993348086379,0.0123733778895264,species x GSA x year (stratum cell too small),TRUE
Gracilechinus acutus,1,2019,4,ESP_1_MOL_2019_59_5_12,0.0242029531549958,0.00447266079698686,species x GSA x year (stratum cell too small),TRUE
Gracilechinus acutus,5,2014,3,ESP_5_MOL_2014_199_6_12,0.337098956499175,0.32150070184562,species x GSA x stratum x year,TRUE
Gracilechinus acutus,5,2020,3,ESP_5_MOL_2020_75_6_16,0.126764644334626,0.0983756146664094,species x GSA x year (stratum cell too small),TRUE
Gracilechinus acutus,5,2021,3,ESP_5_MOL_2021_252_8_21,0.158785496957404,0.0391403395401801,species x GSA x stratum x year,TRUE
Gracilechinus acutus,6,2012,3,ESP_6_COR_2012_107_5_22,0.746214981839105,0.594990631633584,species x GSA x year (stratum cell too small),TRUE
Gracilechinus acutus,6,2015,3,ESP_6_MOL_2015_159_6_1,1.2222397751744,1.03904489768734,species x GSA x year (stratum cell too small),TRUE
Gracilechinus acutus,6,2018,3,ESP_6_MOL_2018_134_5_31,0.313658794992612,0.1608718439945,species x GSA x year (stratum cell too small),TRUE
Gracilechinus acutus,6,2021,3,ESP_6_MOL_2021_136_5_28,0.45533940088263,0.276038876815714,species x GSA x stratum x year,TRUE
Gracilechinus acutus,7,2014,2,FRA_7_LEU_2014_44_6_12,1.59003322514947,0.240334072007288,species x GSA x year (stratum cell too small),TRUE
Gracilechinus acutus,9,2019,3,ITA_9_SAN_2019_131_6_13,0.00665652339292507,0.00431339419173336,species x GSA x year (stratum cell too small),TRUE
Gryphus vitreus,5,2014,3,ESP_5_MOL_2014_221_6_17,0.190343324648207,0.0261889211046706,species x GSA x year (stratum cell too small),TRUE
Gryphus vitreus,8,2012,3,FRA_8_LEU_2012_10_5_27,0.550624180977998,0.165303666082075,species x GSA x year (stratum cell too small),TRUE
Gryphus vitreus,10,2011,4,ITA_10_PEC_2011_30_6_18,0.00189755121016328,0.000830693246379744,species x GSA x stratum x year,TRUE
Gryphus vitreus,10,2015,5,ITA_10_PEC_2015_40_6_17,0.000755298418405112,0.000377927415289513,species x GSA x stratum x year,TRUE
Gryphus vitreus,10,2016,4,ITA_10_PEC_2016_30_8_31,0.00187761869131855,0.000500172674515088,species x GSA x year (stratum cell too small),TRUE
Hacelia attenuata,5,2012,2,ESP_5_COR_2012_143_6_2,0.0552100840336134,0.0123732441416506,species x GSA x stratum x year,TRUE
Hacelia attenuata,5,2016,2,ESP_5_MOL_2016_192_6_11,0.0499849490644655,0.0150869264664904,species x GSA x year (stratum cell too small),TRUE
Hacelia attenuata,5,2017,5,ESP_5_MOL_2017_219_6_18,0.0373964119389292,0.0301378165802553,species x GSA x year (stratum cell too small),TRUE
Hacelia attenuata,5,2018,2,ESP_5_MOL_2018_197_6_18,0.0370211950028762,0.0120154654743385,species x GSA x stratum x year,TRUE
Hacelia attenuata,5,2019,2,ESP_5_MOL_2019_191_6_16,0.0476999333738459,0.00926777053695705,species x GSA x stratum x year,TRUE
Hadriania craticulata,7,2015,2,FRA_7_LEU_2015_32_6_5,0.00686584883260784,0.000981960235508906,species x GSA x year (stratum cell too small),TRUE
Haliclona spp.,5,2019,2,ESP_5_MOL_2019_211_6_21,0.714317708064155,0.155703094433924,species x GSA x stratum x year,TRUE
Helicolenus dactylopterus,1,1995,3,ESP_1_COR_1995_2_4_22,0.429401272302818,0.426476302741372,species x GSA x year (stratum cell too small),TRUE
Helicolenus dactylopterus,1,2002,4,ESP_1_COR_2002_29_5_18,1.31794569765495,0.446038220328288,species x GSA x stratum x year,TRUE
Helicolenus dactylopterus,1,2003,4,ESP_1_COR_2003_23_5_1,1.34284408478657,0.581129500445525,species x GSA x stratum x year,TRUE
Helicolenus dactylopterus,1,2005,5,ESP_1_COR_2005_5_5_10,1.97500316853247,0.974119441735739,species x GSA x year (stratum cell too small),TRUE
Helicolenus dactylopterus,1,2016,4,ESP_1_MOL_2016_60_5_8,3.5994251811156,0.540202398681009,species x GSA x stratum x year,TRUE
Helicolenus dactylopterus,1,2021,4,ESP_1_MOL_2021_61_5_11,2.35547435526086,0.644120537531761,species x GSA x stratum x year,TRUE
Helicolenus dactylopterus,5,2007,4,ESP_5_COR_2007_84_6_8,1.10514273610381,0.349590427267831,species x GSA x stratum x year,TRUE
Helicolenus dactylopterus,5,2008,4,ESP_5_COR_2008_85_5_26,1.0501475293931,0.752999624936383,species x GSA x year (stratum cell too small),TRUE
Helicolenus dactylopterus,5,2011,4,ESP_5_COR_2011_143_6_14,0.740905411300566,0.32849847040262,species x GSA x year (stratum cell too small),TRUE
Helicolenus dactylopterus,5,2014,4,ESP_5_MOL_2014_201_6_12,0.694142251003754,0.198828274906245,species x GSA x year (stratum cell too small),TRUE
Helicolenus dactylopterus,5,2015,5,ESP_5_MOL_2015_186_6_9,0.294724025628373,0.215024590955347,species x GSA x year (stratum cell too small),TRUE
Helicolenus dactylopterus,5,2018,4,ESP_5_MOL_2018_174_6_12,0.889334288101644,0.778139605387504,species x GSA x year (stratum cell too small),TRUE
Helicolenus dactylopterus,5,2019,4,ESP_5_MOL_2019_224_6_24,0.250778901991512,0.244137936664483,species x GSA x year (stratum cell too small),TRUE
Helicolenus dactylopterus,6,1996,3,ESP_6_COR_1996_82_5_20,0.620292414505427,0.233830495923946,species x GSA x stratum x year,TRUE
Helicolenus dactylopterus,6,1998,3,ESP_6_COR_1998_40_5_17,0.0737233911156717,0.0721112216963432,species x GSA x year (stratum cell too small),TRUE
Helicolenus dactylopterus,6,1999,3,ESP_6_COR_1999_65_5_21,0.296937725180465,0.150829250354388,species x GSA x stratum x year,TRUE
Helicolenus dactylopterus,6,2008,4,ESP_6_COR_2008_111_5_31,0.421926819666812,0.257614365131037,species x GSA x stratum x year,TRUE
Helicolenus dactylopterus,6,2012,4,ESP_6_COR_2012_46_5_8,1.17435653991251,0.527140917372731,species x GSA x stratum x year,TRUE
Helicolenus dactylopterus,6,2014,4,ESP_6_MOL_2014_67_5_13,0.622895297637498,0.387733963016487,species x GSA x stratum x year,TRUE
Helicolenus dactylopterus,6,2017,4,ESP_6_MOL_2017_74_5_13,1.73759695185807,0.911554984834254,species x GSA x stratum x year,TRUE
Helicolenus dactylopterus,6,2019,4,ESP_6_MOL_2019_167_6_7,0.487035342705139,0.397688038361109,species x GSA x stratum x year,TRUE
Helicolenus dactylopterus,6,2020,4,ESP_6_MOL_2020_45_6_8,1.05182766614422,0.706476459961951,species x GSA x year (stratum cell too small),TRUE
Helicolenus dactylopterus,7,1995,4,FRA_7_LEU_1995_50_7_7,1.53021553603209,1.04154568447684,species x GSA x year (stratum cell too small),TRUE
Helicolenus dactylopterus,7,2013,4,FRA_7_LEU_2013_75_6_20,1.99487183260065,1.08138081592342,species x GSA x year (stratum cell too small),TRUE
Helicolenus dactylopterus,8,2012,4,FRA_8_LEU_2012_6_5_26,0.495927720978226,0.450092284332401,species x GSA x year (stratum cell too small),TRUE
Helicolenus dactylopterus,8,2016,4,FRA_8_LEU_2016_21_5_28,0.467599461812529,0.38333779524335,species x GSA x year (stratum cell too small),TRUE
Helicolenus dactylopterus,8,2017,4,FRA_8_LEU_2017_17_6_1,0.817237755833631,0.451997910389875,species x GSA x stratum x year,TRUE
Helicolenus dactylopterus,8,2019,4,FRA_8_LEU_2019_23_5_30,0.325662079596962,0.309978124529782,species x GSA x stratum x year,TRUE
Helicolenus dactylopterus,8,2021,4,FRA_8_LEU_2021_16_5_26,1.00194566975414,0.532806977919649,species x GSA x year (stratum cell too small),TRUE
Helicolenus dactylopterus,9,2007,4,ITA_9_LIB_2007_134_9_22,0.340850083877121,0.0482484811276398,species x GSA x stratum x year,TRUE
Helicolenus dactylopterus,9,2014,5,ITA_9_LIB_2014_145_9_3,0.418725901478585,0.23024408618104,species x GSA x stratum x year,TRUE
Helicolenus dactylopterus,9,2020,4,ITA_9_SAN_2020_94_10_24,0.182239371259282,0.108490054063319,species x GSA x stratum x year,TRUE
Helicolenus dactylopterus,10,1994,5,ITA_10_SAN_1994_140_7_15,0.0452355441697807,0.0252466474890503,species x GSA x stratum x year,TRUE
Helicolenus dactylopterus,10,1996,5,ITA_10_SAN_1996_140_7_4,0.0930873029171754,0.0544373590066504,species x GSA x year (stratum cell too small),TRUE
Helicolenus dactylopterus,10,1998,4,ITA_10_SAN_1998_116_5_27,0.0959043641536542,0.0918858064907984,species x GSA x stratum x year,TRUE
Helicolenus dactylopterus,10,2002,5,ITA_10_GAB_2002_19_8_1,0.210648497790817,0.0825433988912827,species x GSA x year (stratum cell too small),TRUE
Helicolenus dactylopterus,10,2003,4,ITA_10_DAP_2003_8_8_6,0.140235417381719,0.0683242311892946,species x GSA x stratum x year,TRUE
Helicolenus dactylopterus,10,2004,4,ITA_10_PEC_2004_8_5_31,0.153647319633909,0.0736566943677391,species x GSA x stratum x year,TRUE
Helicolenus dactylopterus,10,2005,4,ITA_10_PEC_2005_62_6_24,0.146209435140256,0.124267624465884,species x GSA x stratum x year,TRUE
Helicolenus dactylopterus,10,2007,3,ITA_10_PEC_2007_15_8_9,0.289947263941009,0.212212397466653,species x GSA x year (stratum cell too small),TRUE
Helicolenus dactylopterus,10,2010,3,ITA_10_PEC_2010_15_6_1,0.184893966903686,0.148029317686454,species x GSA x year (stratum cell too small),TRUE
Helicolenus dactylopterus,10,2011,5,ITA_10_PEC_2011_33_6_17,0.215963956237028,0.114179571866473,species x GSA x year (stratum cell too small),TRUE
Helicolenus dactylopterus,10,2018,4,ITA_10_SAN_2018_13_7_9,0.32983520004202,0.107556875673159,species x GSA x stratum x year,TRUE
Helicolenus dactylopterus,10,2019,5,ITA_10_SAN_2019_10_6_27,0.172728248633132,0.11238809538494,species x GSA x year (stratum cell too small),TRUE
Helicolenus dactylopterus,11,1995,4,ITA_11_NUS_1995_18_6_22,1.22736321116128,0.338895262769694,species x GSA x stratum x year,TRUE
Helicolenus dactylopterus,11,2002,5,ITA_11_NUS_2002_53_7_31,0.184745474720088,0.157245902205221,species x GSA x stratum x year,TRUE
Helicolenus dactylopterus,11,2006,5,ITA_11_GIS_2006_41_6_22,0.170793450703514,0.0573419573622575,species x GSA x stratum x year,TRUE
Helicolenus dactylopterus,11,2013,4,ITA_11_GIS_2013_55_7_15,0.307946527177181,0.145294127242377,species x GSA x stratum x year,TRUE
Helicolenus dactylopterus,11,2019,5,ITA_11_GIS_2019_52_6_17,0.256521856255806,0.22758630362078,species x GSA x year (stratum cell too small),TRUE
Heteroteuthis dispar,9,1995,4,ITA_9_FRP_1995_4_7_14,0.000522317040175582,0.000320610095093521,species x GSA x year (stratum cell too small),TRUE
Heteroteuthis dispar,11,2017,4,ITA_11_GIS_2017_67_11_21,0.0907689188360831,0.074404416899223,species x GSA x stratum x year,TRUE
Histioteuthis bonnellii,9,1998,5,ITA_9_FRP_1998_55_6_23,0.231149506495804,0.14828127998165,species x GSA x year (stratum cell too small),TRUE
Histioteuthis bonnellii,9,1999,5,ITA_9_FRP_1999_71_6_11,0.343686219768831,0.121956669232478,species x GSA x stratum x year,TRUE
Histioteuthis bonnellii,9,2012,5,ITA_9_LIB_2012_142_6_20,0.155096470004343,0.116977458847889,species x GSA x stratum x year,TRUE
Histioteuthis bonnellii,10,1994,5,ITA_10_SAN_1994_124_7_6,0.0789440444612858,0.0331890903569694,species x GSA x stratum x year,TRUE
Histioteuthis bonnellii,10,1995,5,ITA_10_SAN_1995_85_6_23,0.0972181288273242,0.0365651136264789,species x GSA x stratum x year,TRUE
Histioteuthis bonnellii,10,2008,5,ITA_10_PEC_2008_43_8_2,0.0691116844821231,0.0531625010787854,species x GSA x stratum x year,TRUE
Histioteuthis bonnellii,10,2012,5,ITA_10_PEC_2012_33_6_25,0.124891952028344,0.0261935576007355,species x GSA x stratum x year,TRUE
Histioteuthis bonnellii,10,2019,5,ITA_10_SAN_2019_70_7_8,0.17680281178039,0.142162968260195,species x GSA x stratum x year,TRUE
Histioteuthis reversa,6,2002,5,ESP_6_COR_2002_117_6_10,0.0127078931901577,0.00719150092049126,species x GSA x year (stratum cell too small),TRUE
Histioteuthis reversa,9,1996,5,ITA_9_FRP_1996_67_6_13,0.020787478601125,0.0181126392990183,species x GSA x stratum x year,TRUE
Histioteuthis reversa,9,1999,5,ITA_9_FRP_1999_153_6_22,0.0605076592612015,0.034682319857707,species x GSA x stratum x year,TRUE
Histioteuthis reversa,9,2009,5,ITA_9_LIB_2009_153_6_24,0.0253481569355092,0.0159378706802159,species x GSA x stratum x year,TRUE
Histioteuthis reversa,9,2010,4,ITA_9_LIB_2010_134_5_13,0.096716163850077,0.0118418215142011,species x GSA x year (stratum cell too small),TRUE
Histioteuthis reversa,9,2017,5,ITA_9_SAN_2017_109_10_7,0.0820535247025249,0.0362318358367093,species x GSA x year (stratum cell too small),TRUE
Histioteuthis reversa,9,2019,5,ITA_9_SAN_2019_81_6_15,0.0742574257425743,0.0241628670775103,species x GSA x stratum x year,TRUE
Histioteuthis reversa,10,1999,5,ITA_10_SAN_1999_140_5_9,0.0336180002151552,0.0133708851801818,species x GSA x stratum x year,TRUE
Holothuria poli,11,2013,1,ITA_11_GIS_2013_101_7_26,14.5017718528518,13.1555369173176,species x GSA x year (stratum cell too small),TRUE
Holothuria spp.,1,2013,2,ESP_1_COR_2013_31_5_16,0.0151013418479897,0.014543565647406,species x GSA x year (stratum cell too small),TRUE
Holothuria tubulosa,6,2016,3,ESP_6_MOL_2016_163_6_2,0.0245575445988861,0.0199315553484854,species x GSA x year (stratum cell too small),TRUE
Holothuria tubulosa,9,2015,2,ITA_9_LIB_2015_127_7_10,0.0404967602591793,0.0199191841342711,species x GSA x year (stratum cell too small),TRUE
Holothuria tubulosa,9,2016,2,ITA_9_SAN_2016_127_6_9,0.061294540699575,0.0120604045371715,species x GSA x year (stratum cell too small),TRUE
Holothuria tubulosa,9,2018,1,ITA_9_SAN_2018_87_6_13,0.0325432554103162,0.0223652476794983,species x GSA x year (stratum cell too small),TRUE
Holothuria tubulosa,9,2023,2,ITA_9_SAN_2023_127_10_4,2.50716332378224,0.0141867358258362,species x GSA x year (stratum cell too small),TRUE
Hoplostethus mediterraneus mediterraneus,1,1994,5,ESP_1_COR_1994_17_6_1,0.123279245101476,0.0446106832709822,species x GSA x year (stratum cell too small),TRUE
Hoplostethus mediterraneus mediterraneus,1,1996,5,ESP_1_COR_1996_22_5_7,0.257474902972616,0.222333769099911,species x GSA x stratum x year,TRUE
Hoplostethus mediterraneus mediterraneus,1,2001,5,ESP_1_COR_2001_23_5_18,0.181937964899379,0.0639005585284941,species x GSA x stratum x year,TRUE
Hoplostethus mediterraneus mediterraneus,1,2002,5,ESP_1_COR_2002_34_5_19,0.200996317955382,0.0531123376046567,species x GSA x stratum x year,TRUE
Hoplostethus mediterraneus mediterraneus,1,2003,4,ESP_1_COR_2003_2_4_26,0.134502458592858,0.115599232875306,species x GSA x year (stratum cell too small),TRUE
Hoplostethus mediterraneus mediterraneus,1,2008,5,ESP_1_COR_2008_26_5_12,0.163881626312,0.10686647423472,species x GSA x year (stratum cell too small),TRUE
Hoplostethus mediterraneus mediterraneus,1,2011,5,ESP_1_COR_2011_21_5_10,0.176238378468011,0.0498538755800248,species x GSA x year (stratum cell too small),TRUE
Hoplostethus mediterraneus mediterraneus,1,2012,5,ESP_1_COR_2012_29_5_3,0.134855043945953,0.0356314266771034,species x GSA x year (stratum cell too small),TRUE
Hoplostethus mediterraneus mediterraneus,1,2015,5,ESP_1_MOL_2015_53_5_5,0.166703948699922,0.0899044751404448,species x GSA x stratum x year,TRUE
Hoplostethus mediterraneus mediterraneus,5,2018,5,ESP_5_MOL_2018_193_6_17,0.0246132027480461,0.0129542354107922,species x GSA x year (stratum cell too small),TRUE
Hoplostethus mediterraneus mediterraneus,5,2019,4,ESP_5_MOL_2019_202_6_18,0.0402487398003093,0.0222545292945731,species x GSA x year (stratum cell too small),TRUE
Hoplostethus mediterraneus mediterraneus,9,1994,5,ITA_9_FRP_1994_10_6_29,0.0177427328213637,0.00792991682822215,species x GSA x stratum x year,TRUE
Hoplostethus mediterraneus mediterraneus,9,1999,5,ITA_9_FRP_1999_78_6_10,0.0224398790759796,0.0203562180633538,species x GSA x stratum x year,TRUE
Hoplostethus mediterraneus mediterraneus,9,2002,5,ITA_9_FRP_2002_23_8_6,0.00754845162386066,0.0074170356361809,species x GSA x stratum x year,TRUE
Hoplostethus mediterraneus mediterraneus,9,2005,5,ITA_9_LIB_2005_39_7_31,0.0148468987797829,0.0131259784206886,species x GSA x stratum x year,TRUE
Hoplostethus mediterraneus mediterraneus,9,2012,5,ITA_9_LIB_2012_81_7_4,0.00921136018629055,0.00672838409388346,species x GSA x stratum x year,TRUE
Hoplostethus mediterraneus mediterraneus,9,2015,5,ITA_9_LIB_2015_3_7_31,0.0506704331688655,0.0120002818446079,species x GSA x stratum x year,TRUE
Hoplostethus mediterraneus mediterraneus,9,2016,5,ITA_9_SAN_2016_3_6_15,0.0366225243173562,0.0335022030709103,species x GSA x stratum x year,TRUE
Hoplostethus mediterraneus mediterraneus,9,2019,5,ITA_9_SAN_2019_81_6_15,0.0457687278161779,0.0281130123470724,species x GSA x stratum x year,TRUE
Hoplostethus mediterraneus mediterraneus,9,2020,5,ITA_9_SAN_2020_3_11_3,0.0531743100276399,0.049056903162745,species x GSA x stratum x year,TRUE
Hoplostethus mediterraneus mediterraneus,9,2021,5,ITA_9_SAN_2021_3_9_16,0.036656239643703,0.0213437841743516,species x GSA x stratum x year,TRUE
Hoplostethus mediterraneus mediterraneus,10,1995,5,ITA_10_SAN_1995_140_7_9,0.0121925536749465,0.007813744416901,species x GSA x stratum x year,TRUE
Hoplostethus mediterraneus mediterraneus,10,1997,5,ITA_10_SAN_1997_131_7_2,0.00588516019406048,0.00577058852654484,species x GSA x stratum x year,TRUE
Hoplostethus mediterraneus mediterraneus,10,2003,4,ITA_10_DAP_2003_8_8_6,0.0214528292282072,0.0063762714669036,species x GSA x year (stratum cell too small),TRUE
Hoplostethus mediterraneus mediterraneus,10,2005,5,ITA_10_PEC_2005_11_6_30,0.0195573363861858,0.0156436228538029,species x GSA x stratum x year,TRUE
Hoplostethus mediterraneus mediterraneus,10,2007,5,ITA_10_PEC_2007_69_8_5,0.0355207339598514,0.0323259538820958,species x GSA x stratum x year,TRUE
Hoplostethus mediterraneus mediterraneus,10,2009,5,ITA_10_PEC_2009_37_7_9,0.0345897905181245,0.0298696371677213,species x GSA x stratum x year,TRUE
Hoplostethus mediterraneus mediterraneus,10,2011,5,ITA_10_PEC_2011_33_6_17,0.152716055038866,0.0233972079321855,species x GSA x stratum x year,TRUE
Hoplostethus mediterraneus mediterraneus,10,2015,5,ITA_10_PEC_2015_11_6_14,0.0489365930047365,0.0353719766090488,species x GSA x stratum x year,TRUE
Hoplostethus mediterraneus mediterraneus,10,2017,5,ITA_10_SAN_2017_11_10_21,0.0358883473637572,0.0294799206232482,species x GSA x stratum x year,TRUE
Hoplostethus mediterraneus mediterraneus,10,2018,5,ITA_10_SAN_2018_38_7_12,0.0420817859509958,0.0119889211119071,species x GSA x stratum x year,TRUE
Hoplostethus mediterraneus mediterraneus,11,1994,5,ITA_11_NUS_1994_117_8_3,0.0471945003020448,0.00552634748355529,species x GSA x stratum x year,TRUE
Hoplostethus mediterraneus mediterraneus,11,1995,5,ITA_11_NUS_1995_104_7_26,0.0132684317471871,0.00508329612006553,species x GSA x year (stratum cell too small),TRUE
Hoplostethus mediterraneus mediterraneus,11,1998,5,ITA_11_NUS_1998_82_6_23,0.141297044065838,0.0152151682265801,species x GSA x stratum x year,TRUE
Hoplostethus mediterraneus mediterraneus,11,1999,4,ITA_11_NUS_1999_99_6_23,0.0211875629005774,0.01155946116516,species x GSA x year (stratum cell too small),TRUE
Hoplostethus mediterraneus mediterraneus,11,2001,4,ITA_11_NUS_2001_18_6_8,0.0417738464211988,0.00606531360101056,species x GSA x year (stratum cell too small),TRUE
Hoplostethus mediterraneus mediterraneus,11,2002,5,ITA_11_NUS_2002_48_7_30,0.00397193949578611,0.00262361205613105,species x GSA x stratum x year,TRUE
Hoplostethus mediterraneus mediterraneus,11,2005,5,ITA_11_GIS_2005_92_7_26,0.00813707113724754,0.00415456640582772,species x GSA x stratum x year,TRUE
Hoplostethus mediterraneus mediterraneus,11,2009,5,ITA_11_GIS_2009_59_6_30,0.0257247655880206,0.00552456907434886,species x GSA x stratum x year,TRUE
Hoplostethus mediterraneus mediterraneus,11,2010,5,ITA_11_GIS_2010_92_6_23,0.0350514741206719,0.023444558304042,species x GSA x stratum x year,TRUE
Hoplostethus mediterraneus mediterraneus,11,2012,5,ITA_11_GIS_2012_84_7_6,0.0241612946341363,0.00817332786993024,species x GSA x stratum x year,TRUE
Hoplostethus mediterraneus mediterraneus,11,2015,5,ITA_11_GIS_2015_78_7_14,0.0838635282353985,0.0325670538427654,species x GSA x stratum x year,TRUE
Hoplostethus mediterraneus mediterraneus,11,2016,5,ITA_11_GIS_2016_13_6_9,0.0158627913867309,0.0125618246501946,species x GSA x stratum x year,TRUE
Hoplostethus mediterraneus mediterraneus,11,2017,5,ITA_11_GIS_2017_93_11_28,0.0197564602651843,0.0147765428983864,species x GSA x stratum x year,TRUE
Hoplostethus mediterraneus mediterraneus,11,2018,5,ITA_11_GIS_2018_80_7_31,0.0309547738693467,0.00658353457100699,species x GSA x stratum x year,TRUE
Hoplostethus mediterraneus mediterraneus,11,2019,5,ITA_11_GIS_2019_59_6_18,0.0561362013942361,0.0370417582464449,species x GSA x stratum x year,TRUE
Hyalinoecia tubicola,5,2017,3,ESP_5_MOL_2017_211_6_16,0.0178070860714122,0.00891681259004106,species x GSA x year (stratum cell too small),TRUE
Hydrozoa,7,2013,2,FRA_7_LEU_2013_62_6_14,0.437862111966596,0.337265717628091,species x GSA x stratum x year,TRUE
Hygophum benoiti,1,2002,5,ESP_1_COR_2002_39_5_21,0.00163549294897711,0.00130863423370256,species x GSA x year (stratum cell too small),TRUE
Hygophum benoiti,1,2004,4,ESP_1_COR_2004_6_5_7,0.0337086549332213,0.000852513974994473,species x GSA x year (stratum cell too small),TRUE
Hygophum benoiti,1,2007,4,ESP_1_COR_2007_18_5_22,0.00406940053507195,0.00266676091917453,species x GSA x year (stratum cell too small),TRUE
Hygophum benoiti,1,2009,4,ESP_1_COR_2009_1_4_8,0.064474066567561,0.00806310315355452,species x GSA x year (stratum cell too small),TRUE
Hygophum benoiti,6,1995,4,ESP_6_COR_1995_51_5_5,0.00228021469394536,0.00223047683391375,species x GSA x year (stratum cell too small),TRUE
Hygophum benoiti,10,2013,4,ITA_10_PEC_2013_59_6_29,0.00376684529759024,0.0020028452011885,species x GSA x year (stratum cell too small),TRUE
Hygophum hygomii,1,2000,4,ESP_1_COR_2000_8_5_24,0.01883292133128,0.00274070816467631,species x GSA x year (stratum cell too small),TRUE
Hygophum hygomii,10,2012,5,ITA_10_PEC_2012_11_6_29,0.00191253821866325,0.00114407269788949,species x GSA x stratum x year,TRUE
Hymenocephalus italicus,5,2007,4,ESP_5_COR_2007_84_6_8,0.0690221194925647,0.0504391557280096,species x GSA x year (stratum cell too small),TRUE
Hymenocephalus italicus,5,2014,4,ESP_5_MOL_2014_176_6_7,0.0585597727053389,0.0458873744716386,species x GSA x year (stratum cell too small),TRUE
Hymenocephalus italicus,5,2015,5,ESP_5_MOL_2015_211_6_14,0.0354169668574389,0.0310247960439162,species x GSA x year (stratum cell too small),TRUE
Hymenocephalus italicus,5,2016,5,ESP_5_MOL_2016_202_6_14,0.0770522440409525,0.0698202277142465,species x GSA x year (stratum cell too small),TRUE
Hymenocephalus italicus,5,2017,2,ESP_5_MOL_2017_207_6_15,0.0857448493691386,0.0717292495809931,species x GSA x year (stratum cell too small),TRUE
Hymenocephalus italicus,5,2020,5,ESP_5_MOL_2020_66_6_14,0.0657310498458549,0.0649826895836223,species x GSA x stratum x year,TRUE
Hymenocephalus italicus,5,2021,5,ESP_5_MOL_2021_240_8_18,0.0972977610503264,0.0666426663194539,species x GSA x stratum x year,TRUE
Hymenocephalus italicus,6,2005,5,ESP_6_COR_2005_58_5_23,0.0126975313698003,0.0122446508646834,species x GSA x year (stratum cell too small),TRUE
Hymenocephalus italicus,6,2014,4,ESP_6_MOL_2014_155_5_31,0.0129305303968144,0.0023701594350913,species x GSA x year (stratum cell too small),TRUE
Hymenocephalus italicus,6,2019,5,ESP_6_MOL_2019_121_5_27,0.0117422579787623,0.00980637519618914,species x GSA x year (stratum cell too small),TRUE
Hymenocephalus italicus,6,2020,5,ESP_6_MOL_2020_25_6_3,0.0135198428806888,0.0121611286704323,species x GSA x year (stratum cell too small),TRUE
Hymenocephalus italicus,9,1994,5,ITA_9_FRP_1994_10_6_29,0.133713522227287,0.120807127006403,species x GSA x stratum x year,TRUE
Hymenocephalus italicus,9,1998,4,ITA_9_FRP_1998_66_6_9,0.0207843335161052,0.0159428537346688,species x GSA x stratum x year,TRUE
Hymenocephalus italicus,9,2000,5,ITA_9_FRP_2000_106_6_1,0.14968723019909,0.103544262922812,species x GSA x stratum x year,TRUE
Hymenocephalus italicus,9,2006,5,ITA_9_LIB_2006_3_7_3,0.0831530111756506,0.080448782088531,species x GSA x stratum x year,TRUE
Hymenocephalus italicus,9,2007,5,ITA_9_LIB_2007_106_9_23,0.0927527672501861,0.0897938553136271,species x GSA x stratum x year,TRUE
Hymenocephalus italicus,9,2011,5,ITA_9_LIB_2011_34_6_1,0.119396768081181,0.107144218946252,species x GSA x stratum x year,TRUE
Hymenocephalus italicus,9,2016,4,ITA_9_SAN_2016_97_6_8,0.0825097403335042,0.047199204508392,species x GSA x stratum x year,TRUE
Hymenocephalus italicus,9,2018,4,ITA_9_SAN_2018_73_6_15,0.0939094016553995,0.0639702672038516,species x GSA x stratum x year,TRUE
Hymenocephalus italicus,9,2023,4,ITA_9_SAN_2023_9_11_1,0.0427168641847567,0.0365978337972738,species x GSA x stratum x year,TRUE
Hymenocephalus italicus,10,1996,5,ITA_10_SAN_1996_123_6_26,0.074802296987016,0.0645152924441012,species x GSA x stratum x year,TRUE
Hymenocephalus italicus,10,1997,5,ITA_10_SAN_1997_83_6_21,0.332215477266076,0.158089590646604,species x GSA x stratum x year,TRUE
Hymenocephalus italicus,10,2000,4,ITA_10_SAN_2000_119_6_22,0.23520253382291,0.122589133925955,species x GSA x stratum x year,TRUE
Hymenocephalus italicus,10,2003,5,ITA_10_DAP_2003_65_7_31,0.0723088870874488,0.0585023641597997,species x GSA x stratum x year,TRUE
Hymenocephalus italicus,10,2006,5,ITA_10_PEC_2006_67_6_15,0.100962892563233,0.0956130671780242,species x GSA x stratum x year,TRUE
Hymenocephalus italicus,10,2009,4,ITA_10_PEC_2009_59_7_15,0.181227308616375,0.0759917557972409,species x GSA x stratum x year,TRUE
Hymenocephalus italicus,10,2013,5,ITA_10_PEC_2013_66_6_28,0.174925961928501,0.117793977433544,species x GSA x stratum x year,TRUE
Hymenocephalus italicus,10,2018,5,ITA_10_SAN_2018_37_7_12,0.0949222349785892,0.0936193014687842,species x GSA x stratum x year,TRUE
Hymenocephalus italicus,10,2019,5,ITA_10_SAN_2019_51_7_4,0.0540981841141404,0.041713308383205,species x GSA x stratum x year,TRUE
Hymenocephalus italicus,11,1996,5,ITA_11_NUS_1996_74_7_18,0.152751492982137,0.104869393328865,species x GSA x stratum x year,TRUE
Hymenocephalus italicus,11,1997,5,ITA_11_NUS_1997_126_8_5,0.199472791965376,0.101881565626496,species x GSA x stratum x year,TRUE
Hymenocephalus italicus,11,1999,4,ITA_11_NUS_1999_13_5_20,0.941052960031037,0.235394156451809,species x GSA x year (stratum cell too small),TRUE
Hymenocephalus italicus,11,2000,5,ITA_11_NUS_2000_56_6_16,0.254881900844647,0.207131744525655,species x GSA x stratum x year,TRUE
Hymenocephalus italicus,11,2006,5,ITA_11_GIS_2006_76_7_3,0.186659511967373,0.0972635532655932,species x GSA x stratum x year,TRUE
Hymenocephalus italicus,11,2008,5,ITA_11_GIS_2008_62_7_10,0.0994899766116217,0.0935145135328425,species x GSA x stratum x year,TRUE
Hymenocephalus italicus,11,2013,4,ITA_11_GIS_2013_23_7_5,0.164516042857439,0.137096905065005,species x GSA x year (stratum cell too small),TRUE
Hymenocephalus italicus,11,2014,4,ITA_11_GIS_2014_52_8_4,0.211654203862556,0.111032163573279,species x GSA x stratum x year,TRUE
Hymenocephalus italicus,11,2021,3,ITA_11_GIS_2021_82_9_6,3.57664256696573,0.177164783163279,species x GSA x year (stratum cell too small),TRUE
Hymenodiscus coronata,1,2014,5,ESP_1_MOL_2014_38_5_4,0.0596238672413139,0.0592131815089764,species x GSA x stratum x year,TRUE
Hymenodiscus coronata,1,2019,5,ESP_1_MOL_2019_51_5_10,0.0307248695621596,0.0163142177156862,species x GSA x stratum x year,TRUE
Hymenodiscus coronata,1,2021,5,ESP_1_MOL_2021_47_5_7,0.00816262088020525,0.00372940572505159,species x GSA x year (stratum cell too small),TRUE
Illex coindetii,1,1996,3,ESP_1_COR_1996_2_5_2,1.17724316878624,0.218985004771373,species x GSA x year (stratum cell too small),TRUE
Illex coindetii,1,1999,3,ESP_1_COR_1999_7_5_5,0.548825513401321,0.448231504607998,species x GSA x year (stratum cell too small),TRUE
Illex coindetii,1,2000,3,ESP_1_COR_2000_21_5_27,0.525855250980194,0.282622955412014,species x GSA x year (stratum cell too small),TRUE
Illex coindetii,1,2002,4,ESP_1_COR_2002_29_5_18,0.398663520038831,0.340088377884834,species x GSA x year (stratum cell too small),TRUE
Illex coindetii,1,2005,3,ESP_1_COR_2005_16_5_13,0.717733992323559,0.515058115638706,species x GSA x year (stratum cell too small),TRUE
Illex coindetii,1,2017,3,ESP_1_MOL_2017_60_5_8,0.782456538919811,0.218793019053953,species x GSA x year (stratum cell too small),TRUE
Illex coindetii,1,2018,3,ESP_1_MOL_2018_65_5_13,0.610170682461184,0.146550516689718,species x GSA x year (stratum cell too small),TRUE
Illex coindetii,5,2007,4,ESP_5_COR_2007_84_6_8,0.201563420380915,0.144940102469688,species x GSA x year (stratum cell too small),TRUE
Illex coindetii,5,2009,3,ESP_5_COR_2009_120_5_10,1.13705375569513,0.821323379218316,species x GSA x stratum x year,TRUE
Illex coindetii,5,2011,4,ESP_5_COR_2011_68_5_24,1.25881495745401,0.765919478002574,species x GSA x stratum x year,TRUE
Illex coindetii,5,2013,2,ESP_5_COR_2013_161_6_19,0.34217959076564,0.262347511579823,species x GSA x stratum x year,TRUE
Illex coindetii,5,2014,3,ESP_5_MOL_2014_192_6_10,1.30480503036676,0.345039520785391,species x GSA x stratum x year,TRUE
Illex coindetii,5,2019,3,ESP_5_MOL_2019_199_6_17,0.338509462611336,0.225494132832447,species x GSA x stratum x year,TRUE
Illex coindetii,5,2020,3,ESP_5_MOL_2020_68_6_15,0.781920795905723,0.366167654475878,species x GSA x stratum x year,TRUE
Illex coindetii,6,1998,3,ESP_6_COR_1998_39_5_16,0.249305062139287,0.0990408273765822,species x GSA x year (stratum cell too small),TRUE
Illex coindetii,6,2001,3,ESP_6_COR_2001_55_5_27,0.0990222544860597,0.0865628712283512,species x GSA x stratum x year,TRUE
Illex coindetii,6,2002,2,ESP_6_COR_2002_107_6_7,0.14237938768997,0.0799096889660145,species x GSA x stratum x year,TRUE
Illex coindetii,6,2004,3,ESP_6_COR_2004_75_5_22,0.91796421101557,0.34284621709203,species x GSA x stratum x year,TRUE
Illex coindetii,6,2008,3,ESP_6_COR_2008_102_5_29,1.26826324482277,1.15174609389876,species x GSA x stratum x year,TRUE
Illex coindetii,6,2013,4,ESP_6_COR_2013_125_6_8,1.07123228516468,0.280176169303102,species x GSA x stratum x year,TRUE
Illex coindetii,6,2014,4,ESP_6_MOL_2014_94_5_18,1.08241340692745,0.549036484563184,species x GSA x stratum x year,TRUE
Illex coindetii,6,2018,4,ESP_6_MOL_2018_165_6_7,0.256637829460221,0.236057523418481,species x GSA x stratum x year,TRUE
Illex coindetii,6,2019,4,ESP_6_MOL_2019_100_5_23,0.121367961807697,0.0776248579753307,species x GSA x stratum x year,TRUE
Illex coindetii,6,2020,2,ESP_6_MOL_2020_5_5_31,0.494175043108887,0.321325211087443,species x GSA x stratum x year,TRUE
Illex coindetii,6,2021,4,ESP_6_MOL_2021_78_5_16,3.32442067736185,3.0197821659366,species x GSA x stratum x year,TRUE
Illex coindetii,7,1995,5,FRA_7_LEU_1995_9_6_26,0.174652406417112,0.134983913749329,species x GSA x year (stratum cell too small),TRUE
Illex coindetii,7,1999,2,FRA_7_LEU_1999_37_5_19,0.280963136184058,0.231430234135983,species x GSA x stratum x year,TRUE
Illex coindetii,7,2005,2,FRA_7_LEU_2005_61_6_23,0.144314673110485,0.0849388275437902,species x GSA x stratum x year,TRUE
Illex coindetii,7,2010,2,FRA_7_LEU_2010_72_6_16,0.307444033082285,0.275119154405907,species x GSA x stratum x year,TRUE
Illex coindetii,7,2012,1,FRA_7_LEU_2012_37_6_8,0.199473649949318,0.198315507107164,species x GSA x year (stratum cell too small),TRUE
Illex coindetii,7,2014,3,FRA_7_LEU_2014_27_6_6,1.03120483940074,0.475247552234612,species x GSA x stratum x year,TRUE
Illex coindetii,7,2022,2,FRA_7_LEU_2022_4_5_12,0.90633089979985,0.733943593867345,species x GSA x stratum x year,TRUE
Illex coindetii,8,1999,4,FRA_8_LEU_1999_3_5_6,0.193782223034141,0.149851809784383,species x GSA x year (stratum cell too small),TRUE
Illex coindetii,8,2005,4,FRA_8_LEU_2005_1_6_4,0.178867174561113,0.110818491512909,species x GSA x year (stratum cell too small),TRUE
Illex coindetii,9,1995,4,ITA_9_FRP_1995_113_6_18,0.239232542005247,0.0891237113401799,species x GSA x stratum x year,TRUE
Illex coindetii,9,2000,3,ITA_9_FRP_2000_131_6_7,2.27443169943078,0.988769544542362,species x GSA x stratum x year,TRUE
Illex coindetii,9,2018,3,ITA_9_SAN_2018_13_7_4,0.643695922243357,0.57612600186194,species x GSA x stratum x year,TRUE
Illex coindetii,10,1995,3,ITA_10_SAN_1995_141_7_2,0.264050732228847,0.0803781661441534,species x GSA x stratum x year,TRUE
Illex coindetii,10,1997,3,ITA_10_SAN_1997_141_6_27,0.269597221750704,0.190751894977578,species x GSA x stratum x year,TRUE
Illex coindetii,10,1998,4,ITA_10_SAN_1998_106_6_1,0.0625530973966274,0.0520609312642608,species x GSA x stratum x year,TRUE
Illex coindetii,10,2002,3,ITA_10_GAB_2002_55_7_24,0.206774571181351,0.176685035507962,species x GSA x stratum x year,TRUE
Illex coindetii,10,2005,3,ITA_10_PEC_2005_57_6_22,0.647287863850467,0.28664939164396,species x GSA x stratum x year,TRUE
Illex coindetii,10,2011,4,ITA_10_PEC_2011_26_6_17,0.109551464278597,0.0919926239836851,species x GSA x stratum x year,TRUE
Illex coindetii,10,2013,3,ITA_10_PEC_2013_55_6_25,0.256444628359279,0.157079664635315,species x GSA x stratum x year,TRUE
Illex coindetii,10,2014,3,ITA_10_PEC_2014_2_9_11,0.216255181113714,0.189889685226562,species x GSA x stratum x year,TRUE
Illex coindetii,10,2015,2,ITA_10_PEC_2015_5_6_15,0.217754760836765,0.164545397713875,species x GSA x year (stratum cell too small),TRUE
Illex coindetii,11,1994,2,ITA_11_NUS_1994_60_7_4,0.234763827589445,0.0870342635473219,species x GSA x stratum x year,TRUE
Illex coindetii,11,1995,4,ITA_11_NUS_1995_56_7_6,1.33594181633744,0.315232150073081,species x GSA x stratum x year,TRUE
Illex coindetii,11,1999,4,ITA_11_NUS_1999_46_6_1,2.6522060233639,0.697138074363005,species x GSA x stratum x year,TRUE
Illex coindetii,11,2006,3,ITA_11_GIS_2006_21_6_18,0.358337883728355,0.276727866324102,species x GSA x stratum x year,TRUE
Illex coindetii,11,2013,2,ITA_11_GIS_2013_51_7_12,0.122931341963231,0.0943224174509632,species x GSA x stratum x year,TRUE
Illex coindetii,11,2018,4,ITA_11_GIS_2018_82_7_31,2.54978859720407,0.778444396778742,species x GSA x stratum x year,TRUE
Illex coindetii,11,2019,4,ITA_11_GIS_2019_44_6_13,1.06078049706839,0.991601102773984,species x GSA x stratum x year,TRUE
Illex coindetii,11,2020,4,ITA_11_GIS_2020_12_10_22,11.1283965304242,6.67869042771004,species x GSA x stratum x year,TRUE
Inachus dorsettensis,5,2011,2,ESP_5_COR_2011_142_6_13,0.039029356864076,0.0341666425741832,species x GSA x stratum x year,TRUE
Inachus dorsettensis,5,2013,2,ESP_5_COR_2013_188_6_25,0.0931244220424856,0.0494096124986662,species x GSA x stratum x year,TRUE
Inachus dorsettensis,5,2016,2,ESP_5_MOL_2016_187_6_10,0.125648166380676,0.0721541033969014,species x GSA x stratum x year,TRUE
Inachus dorsettensis,5,2017,3,ESP_5_MOL_2017_220_6_18,0.10083734188491,0.0758961933264179,species x GSA x year (stratum cell too small),TRUE
Inachus dorsettensis,5,2021,2,ESP_5_MOL_2021_185_6_11,0.0926432173015005,0.0416457622940835,species x GSA x stratum x year,TRUE
Inachus dorsettensis,6,2014,2,ESP_6_MOL_2014_112_5_22,0.00134989200863931,0.00114138429898741,species x GSA x stratum x year,TRUE
Inachus dorsettensis,6,2017,3,ESP_6_MOL_2017_162_6_2,0.00210968683808575,0.00180809259247727,species x GSA x stratum x year,TRUE
Inachus dorsettensis,6,2018,1,ESP_6_MOL_2018_120_5_28,0.00249916278046854,0.00113935729454826,species x GSA x year (stratum cell too small),TRUE
Inachus dorsettensis,7,2016,2,FRA_7_LEU_2016_41_6_7,0.0129033252061643,0.0113401958840173,species x GSA x year (stratum cell too small),TRUE
Inachus thoracicus,5,2007,2,ESP_5_COR_2007_161_6_27,0.043495559406842,0.0427816445954616,species x GSA x stratum x year,TRUE
Inachus thoracicus,5,2008,2,ESP_5_COR_2008_161_6_15,0.0692703522892202,0.0612777585231445,species x GSA x stratum x year,TRUE
Inachus thoracicus,5,2010,2,ESP_5_COR_2010_116_6_20,0.0869572558653935,0.0269071795966118,species x GSA x stratum x year,TRUE
Inachus thoracicus,5,2011,2,ESP_5_COR_2011_132_6_11,0.103446492301857,0.0673993161279973,species x GSA x stratum x year,TRUE
Inachus thoracicus,5,2012,1,ESP_5_COR_2012_135_5_31,0.150313184668828,0.144964075684072,species x GSA x year (stratum cell too small),TRUE
Inachus thoracicus,5,2018,2,ESP_5_MOL_2018_212_6_21,0.0871645985788525,0.0517566626122777,species x GSA x stratum x year,TRUE
Inachus thoracicus,5,2019,2,ESP_5_MOL_2019_211_6_21,1.77166778644891,0.215797776161061,species x GSA x stratum x year,TRUE
Inachus thoracicus,5,2020,2,ESP_5_MOL_2020_57_6_12,0.358206716972386,0.358083472320515,species x GSA x stratum x year,TRUE
Isidella elongata,10,2011,5,ITA_10_PEC_2011_37_6_19,0.00439147124619621,0.00162621274886405,species x GSA x stratum x year,TRUE
Isidella elongata,10,2013,4,ITA_10_PEC_2013_59_6_29,0.00683676538955889,0.00219877243496931,species x GSA x year (stratum cell too small),TRUE
Isidella elongata,10,2016,5,ITA_10_PEC_2016_37_8_31,0.0229449779428929,0.00489473511542316,species x GSA x stratum x year,TRUE
Isopoda,5,2014,4,ESP_5_MOL_2014_211_6_15,0.000312658772032673,7.72529702487444e-05,species x GSA x year (stratum cell too small),TRUE
Laetmonice hystrix,5,2013,2,ESP_5_COR_2013_169_6_21,0.0292543308269488,0.0262870449508077,species x GSA x stratum x year,TRUE
Lampanyctus crocodilus,1,2000,5,ESP_1_COR_2000_37_5_31,0.271982811989666,0.167999306750889,species x GSA x stratum x year,TRUE
Lampanyctus crocodilus,1,2002,5,ESP_1_COR_2002_39_5_21,0.5546454348705,0.319897423288163,species x GSA x stratum x year,TRUE
Lampanyctus crocodilus,1,2013,5,ESP_1_COR_2013_42_5_19,0.513444979136734,0.190613981274123,species x GSA x stratum x year,TRUE
Lampanyctus crocodilus,1,2014,4,ESP_1_MOL_2014_57_5_9,0.39753202271125,0.29630613730595,species x GSA x year (stratum cell too small),TRUE
Lampanyctus crocodilus,1,2015,4,ESP_1_MOL_2015_41_5_2,0.287744646798372,0.272444323108572,species x GSA x year (stratum cell too small),TRUE
Lampanyctus crocodilus,5,2020,5,ESP_5_MOL_2020_85_6_18,0.202622173296421,0.187365741384644,species x GSA x stratum x year,TRUE
Lampanyctus crocodilus,6,1995,5,ESP_6_COR_1995_71_5_11,0.185109658580814,0.0993583491055267,species x GSA x year (stratum cell too small),TRUE
Lampanyctus crocodilus,6,1997,5,ESP_6_COR_1997_102_6_3,1.55629015245573,0.670359657413939,species x GSA x year (stratum cell too small),TRUE
Lampanyctus crocodilus,6,1999,5,ESP_6_COR_1999_49_5_17,0.0547203509552274,0.0335491700686421,species x GSA x year (stratum cell too small),TRUE
Lampanyctus crocodilus,6,2000,5,ESP_6_COR_2000_46_6_4,0.134781706508743,0.0684327808591335,species x GSA x year (stratum cell too small),TRUE
Lampanyctus crocodilus,6,2001,5,ESP_6_COR_2001_64_5_28,0.289026584150323,0.266663321109569,species x GSA x year (stratum cell too small),TRUE
Lampanyctus crocodilus,6,2002,5,ESP_6_COR_2002_62_5_27,0.30243686973073,0.264689921531534,species x GSA x year (stratum cell too small),TRUE
Lampanyctus crocodilus,6,2003,4,ESP_6_COR_2003_126_5_23,0.322176208035343,0.0183139474424333,species x GSA x stratum x year,TRUE
Lampanyctus crocodilus,6,2005,5,ESP_6_COR_2005_49_5_21,0.133570556380119,0.0863966791333077,species x GSA x year (stratum cell too small),TRUE
Lampanyctus crocodilus,6,2008,5,ESP_6_COR_2008_81_5_24,0.464357399481802,0.244519732685323,species x GSA x year (stratum cell too small),TRUE
Lampanyctus crocodilus,6,2009,4,ESP_6_COR_2009_49_4_21,0.283726299809799,0.224114475161232,species x GSA x year (stratum cell too small),TRUE
Lampanyctus crocodilus,6,2012,5,ESP_6_COR_2012_86_5_17,0.290619847463926,0.231496852855509,species x GSA x year (stratum cell too small),TRUE
Lampanyctus crocodilus,6,2018,5,ESP_6_MOL_2018_108_5_24,0.133000038831597,0.114006955200185,species x GSA x year (stratum cell too small),TRUE
Lampanyctus crocodilus,9,1994,5,ITA_9_FRP_1994_145_6_16,0.180434268814761,0.134846692874751,species x GSA x stratum x year,TRUE
Lampanyctus crocodilus,9,1995,5,ITA_9_FRP_1995_67_6_3,0.122303006246003,0.100662201650962,species x GSA x stratum x year,TRUE
Lampanyctus crocodilus,9,1997,5,ITA_9_FRP_1997_141_7_8,0.0584360984229622,0.0528203364040081,species x GSA x stratum x year,TRUE
Lampanyctus crocodilus,9,1999,5,ITA_9_FRP_1999_9_7_6,0.139679031423778,0.0890929708061504,species x GSA x stratum x year,TRUE
Lampanyctus crocodilus,9,2002,5,ITA_9_FRP_2002_9_8_8,0.056232694868915,0.0358458266963321,species x GSA x stratum x year,TRUE
Lampanyctus crocodilus,9,2006,5,ITA_9_LIB_2006_141_6_5,0.136942932432174,0.104833005183972,species x GSA x stratum x year,TRUE
Lampanyctus crocodilus,9,2010,5,ITA_9_LIB_2010_142_5_12,0.272057198847995,0.203400772735667,species x GSA x stratum x year,TRUE
Lampanyctus crocodilus,9,2018,5,ITA_9_SAN_2018_147_6_23,0.18777900659395,0.0963522885135008,species x GSA x stratum x year,TRUE
Lampanyctus crocodilus,10,2006,5,ITA_10_PEC_2006_67_6_15,0.235580082647544,0.187788560652594,species x GSA x stratum x year,TRUE
Lampanyctus crocodilus,10,2017,5,ITA_10_SAN_2017_41_10_29,0.0756414631685251,0.0617963033682969,species x GSA x stratum x year,TRUE
Lampanyctus crocodilus,10,2020,4,ITA_10_SAN_2020_17_12_19,1.86017491352882,0.0512799141531456,species x GSA x year (stratum cell too small),TRUE
Lampanyctus crocodilus,11,1998,5,ITA_11_NUS_1998_87_6_24,0.122564429786064,0.122169493398662,species x GSA x stratum x year,TRUE
Lampanyctus crocodilus,11,2001,5,ITA_11_NUS_2001_2_6_4,0.0844329278160321,0.0348574875462793,species x GSA x stratum x year,TRUE
Lampanyctus crocodilus,11,2006,3,ITA_11_GIS_2006_73_6_30,1.81343888419506,0.123921285811313,species x GSA x year (stratum cell too small),TRUE
Lampanyctus crocodilus,11,2008,5,ITA_11_GIS_2008_18_6_26,0.160467704212293,0.157143172956242,species x GSA x stratum x year,TRUE
Lampanyctus crocodilus,11,2010,4,ITA_11_GIS_2010_67_6_11,0.126825879362894,0.098966445373791,species x GSA x year (stratum cell too small),TRUE
Lampanyctus crocodilus,11,2017,5,ITA_11_GIS_2017_7_10_31,0.103186736168035,0.0950301155763878,species x GSA x stratum x year,TRUE
Latreillia elegans,7,2019,3,FRA_7_LEU_2019_31_6_2,0.00507339841592891,0.00451101423688639,species x GSA x year (stratum cell too small),TRUE
Lepidopus caudatus,1,1996,3,ESP_1_COR_1996_24_5_7,5.65764795153588,1.50602514969061,species x GSA x year (stratum cell too small),TRUE
Lepidopus caudatus,1,2000,3,ESP_1_COR_2000_21_5_27,4.46184052020447,4.18623305181119,species x GSA x year (stratum cell too small),TRUE
Lepidopus caudatus,1,2001,4,ESP_1_COR_2001_33_5_21,2.32389781713265,0.693040217053149,species x GSA x year (stratum cell too small),TRUE
Lepidopus caudatus,1,2003,4,ESP_1_COR_2003_27_5_2,19.3847428127284,1.38053373889712,species x GSA x year (stratum cell too small),TRUE
Lepidopus caudatus,1,2005,4,ESP_1_COR_2005_24_5_15,16.989675981526,0.238276304825557,species x GSA x year (stratum cell too small),TRUE
Lepidopus caudatus,1,2007,3,ESP_1_COR_2007_43_5_29,6.73026226734738,0.21512259477407,species x GSA x year (stratum cell too small),TRUE
Lepidopus caudatus,1,2015,3,ESP_1_MOL_2015_6_4_24,0.0434106795851122,0.0398901933066245,species x GSA x year (stratum cell too small),TRUE
Lepidopus caudatus,1,2018,3,ESP_1_MOL_2018_29_5_3,0.255040832729061,0.205020322275447,species x GSA x year (stratum cell too small),TRUE
Lepidopus caudatus,6,1995,3,ESP_6_COR_1995_88_5_17,0.638821359135144,0.294844356111709,species x GSA x year (stratum cell too small),TRUE
Lepidopus caudatus,6,1997,3,ESP_6_COR_1997_43_5_21,9.80852549817418,0.232492711988101,species x GSA x year (stratum cell too small),TRUE
Lepidopus caudatus,6,2002,5,ESP_6_COR_2002_49_5_23,1.48658417370366,0.276625155979597,species x GSA x year (stratum cell too small),TRUE
Lepidopus caudatus,6,2003,4,ESP_6_COR_2003_128_5_23,3.50279685167857,0.359645288379273,species x GSA x stratum x year,TRUE
Lepidopus caudatus,6,2011,4,ESP_6_COR_2011_99_6_1,0.0915095520202741,0.0312191166457441,species x GSA x stratum x year,TRUE
Lepidopus caudatus,6,2012,4,ESP_6_COR_2012_68_5_13,0.034511094681684,0.0273825073052089,species x GSA x stratum x year,TRUE
Lepidopus caudatus,6,2017,4,ESP_6_MOL_2017_74_5_13,0.0698729252145404,0.0430690105167952,species x GSA x stratum x year,TRUE
Lepidopus caudatus,6,2018,4,ESP_6_MOL_2018_83_5_19,0.0839508103583111,0.0697239806032415,species x GSA x stratum x year,TRUE
Lepidopus caudatus,6,2020,4,ESP_6_MOL_2020_45_6_8,0.54327098923586,0.0579840911989511,species x GSA x year (stratum cell too small),TRUE
Lepidopus caudatus,7,1995,2,FRA_7_LEU_1995_12_6_27,0.307669157982908,0.204402812282408,species x GSA x year (stratum cell too small),TRUE
Lepidopus caudatus,7,1998,4,FRA_7_LEU_1998_42_5_31,0.11099549016656,0.0152127761383938,species x GSA x year (stratum cell too small),TRUE
Lepidopus caudatus,7,2001,3,FRA_7_LEU_2001_59_6_21,0.532193408963623,0.0304727320917275,species x GSA x year (stratum cell too small),TRUE
Lepidopus caudatus,7,2011,4,FRA_7_LEU_2011_45_6_7,0.211813366134065,0.0236268875363886,species x GSA x year (stratum cell too small),TRUE
Lepidopus caudatus,7,2014,4,FRA_7_LEU_2014_75_6_23,0.262798633975741,0.0631106563339086,species x GSA x year (stratum cell too small),TRUE
Lepidopus caudatus,7,2015,4,FRA_7_LEU_2015_61_6_14,0.0753244804715433,0.00899076955882566,species x GSA x year (stratum cell too small),TRUE
Lepidopus caudatus,7,2016,4,FRA_7_LEU_2016_36_6_5,0.0636268700671734,0.0420804382635769,species x GSA x year (stratum cell too small),TRUE
Lepidopus caudatus,9,2003,4,ITA_9_CIR_2003_97_7_1,0.892967733777099,0.576652665265435,species x GSA x stratum x year,TRUE
Lepidopus caudatus,9,2005,4,ITA_9_LIB_2005_7_7_28,1.87227797568645,0.378651258618925,species x GSA x stratum x year,TRUE
Lepidopus caudatus,9,2011,4,ITA_9_LIB_2011_41_6_2,0.410799895607645,0.303180007608798,species x GSA x stratum x year,TRUE
Lepidopus caudatus,9,2014,4,ITA_9_LIB_2014_4_9_16,3.54111858101649,2.49417514822838,species x GSA x stratum x year,TRUE
Lepidopus caudatus,9,2015,3,ITA_9_LIB_2015_5_8_1,1.96206570810387,1.92866050747812,species x GSA x year (stratum cell too small),TRUE
Lepidopus caudatus,9,2017,4,ITA_9_SAN_2017_98_10_7,0.777325509067724,0.360609100259615,species x GSA x stratum x year,TRUE
Lepidopus caudatus,9,2021,4,ITA_9_SAN_2021_41_9_9,1.31123136087296,0.4042657270291,species x GSA x stratum x year,TRUE
Lepidopus caudatus,10,1995,4,ITA_10_SAN_1995_106_7_4,7.18240413705618,3.48265218382695,species x GSA x stratum x year,TRUE
Lepidopus caudatus,10,1996,4,ITA_10_SAN_1996_112_7_2,6.03214947078648,5.56024654178343,species x GSA x stratum x year,TRUE
Lepidopus caudatus,10,1999,3,ITA_10_SAN_1999_100_5_7,2.13858115285947,1.64884458731318,species x GSA x year (stratum cell too small),TRUE
Lepidopus caudatus,10,2000,3,ITA_10_SAN_2000_100_6_29,15.2848591493652,7.54000709028205,species x GSA x year (stratum cell too small),TRUE
Lepidopus caudatus,10,2002,4,ITA_10_GAB_2002_26_7_31,4.38900008095328,0.984859133862523,species x GSA x stratum x year,TRUE
Lepidopus caudatus,10,2004,4,ITA_10_PEC_2004_12_5_30,2.57239059749972,1.61756056005598,species x GSA x stratum x year,TRUE
Lepidopus caudatus,10,2005,4,ITA_10_PEC_2005_61_6_24,6.05784888044892,2.62590178450851,species x GSA x stratum x year,TRUE
Lepidopus caudatus,10,2006,4,ITA_10_PEC_2006_26_6_18,1.3383139109075,1.24341788973211,species x GSA x stratum x year,TRUE
Lepidopus caudatus,10,2011,3,ITA_10_PEC_2011_34_6_16,4.78183950856261,3.0513619042041,species x GSA x year (stratum cell too small),TRUE
Lepidopus caudatus,10,2013,4,ITA_10_PEC_2013_62_6_24,7.43573270585765,0.453840327495298,species x GSA x stratum x year,TRUE
Lepidopus caudatus,10,2015,3,ITA_10_PEC_2015_34_6_14,10.362363761873,5.965418853514,species x GSA x year (stratum cell too small),TRUE
Lepidopus caudatus,10,2018,4,ITA_10_SAN_2018_53_7_16,1.14737976056721,0.530923433900149,species x GSA x stratum x year,TRUE
Lepidopus caudatus,10,2019,4,ITA_10_SAN_2019_18_6_28,71.1344860078313,8.21271654507223,species x GSA x stratum x year,TRUE
Lepidopus caudatus,10,2020,4,ITA_10_SAN_2020_18_12_19,0.39355098436485,0.158601428387327,species x GSA x year (stratum cell too small),TRUE
Lepidopus caudatus,11,1995,4,ITA_11_NUS_1995_53_7_5,1.73305861454884,0.795477291704878,species x GSA x stratum x year,TRUE
Lepidopus caudatus,11,1998,4,ITA_11_NUS_1998_113_7_1,1.87692808793721,1.40452094440108,species x GSA x stratum x year,TRUE
Lepidopus caudatus,11,2001,4,ITA_11_NUS_2001_6_6_5,1.49604593974032,1.44843124648622,species x GSA x stratum x year,TRUE
Lepidopus caudatus,11,2002,4,ITA_11_NUS_2002_89_8_9,4.75248363065597,2.72091012709636,species x GSA x stratum x year,TRUE
Lepidopus caudatus,11,2003,3,ITA_11_NUS_2003_59_6_30,9.25553754719344,3.87263575430552,species x GSA x year (stratum cell too small),TRUE
Lepidopus caudatus,11,2008,4,ITA_11_GIS_2008_85_7_17,2.67543452981921,2.24366948081591,species x GSA x stratum x year,TRUE
Lepidopus caudatus,11,2009,4,ITA_11_GIS_2009_93_7_10,4.35831567185412,1.53717249942005,species x GSA x year (stratum cell too small),TRUE
Lepidopus caudatus,11,2012,4,ITA_11_GIS_2012_96_7_11,2.29561557370969,0.553703993511186,species x GSA x stratum x year,TRUE
Lepidopus caudatus,11,2014,4,ITA_11_GIS_2014_71_8_7,1.9596995905616,0.878324576884285,species x GSA x stratum x year,TRUE
Lepidopus caudatus,11,2016,4,ITA_11_GIS_2016_23_6_14,0.43649363438645,0.046532991801799,species x GSA x year (stratum cell too small),TRUE
Lepidorhombus boscii,5,2007,4,ESP_5_COR_2007_85_6_8,0.571098895007583,0.507413712803201,species x GSA x stratum x year,TRUE
Lepidorhombus boscii,5,2010,3,ESP_5_COR_2010_95_6_15,0.568449175906598,0.526613762295083,species x GSA x stratum x year,TRUE
Lepidorhombus boscii,5,2015,3,ESP_5_MOL_2015_221_6_17,0.370184388752028,0.180672903277676,species x GSA x year (stratum cell too small),TRUE
Lepidorhombus boscii,6,2000,3,ESP_6_COR_2000_58_6_7,0.240181237066394,0.18510762167837,species x GSA x year (stratum cell too small),TRUE
Lepidorhombus boscii,6,2004,3,ESP_6_COR_2004_75_5_22,0.886055292764325,0.299304517079752,species x GSA x year (stratum cell too small),TRUE
Lepidorhombus boscii,6,2010,4,ESP_6_COR_2010_81_6_11,0.199754264406603,0.184061373789655,species x GSA x year (stratum cell too small),TRUE
Lepidorhombus boscii,6,2017,4,ESP_6_MOL_2017_117_5_23,39.0728636433575,0.461070143910359,species x GSA x stratum x year,TRUE
Lepidorhombus boscii,6,2019,3,ESP_6_MOL_2019_75_5_17,0.435728282770592,0.260953251142226,species x GSA x stratum x year,TRUE
Lepidorhombus boscii,6,2021,3,ESP_6_MOL_2021_75_5_15,0.366444863589266,0.284471165206385,species x GSA x stratum x year,TRUE
Lepidorhombus boscii,7,1995,2,FRA_7_LEU_1995_12_6_27,0.801842025915755,0.527463381168376,species x GSA x stratum x year,TRUE
Lepidorhombus boscii,7,1996,2,FRA_7_LEU_1996_71_6_18,0.862734386316726,0.674575693617914,species x GSA x stratum x year,TRUE
Lepidorhombus boscii,7,1998,3,FRA_7_LEU_1998_30_5_28,0.564784471952927,0.554885641606738,species x GSA x year (stratum cell too small),TRUE
Lepidorhombus boscii,7,2004,4,FRA_7_LEU_2004_27_6_9,2.28949801451056,0.89997614442753,species x GSA x year (stratum cell too small),TRUE
Lepidorhombus boscii,7,2007,4,FRA_7_LEU_2007_84_7_3,0.762941679074339,0.70560501347214,species x GSA x year (stratum cell too small),TRUE
Lepidorhombus boscii,7,2011,4,FRA_7_LEU_2011_61_6_12,0.99592165314602,0.670117557031553,species x GSA x year (stratum cell too small),TRUE
Lepidorhombus boscii,8,2000,4,FRA_8_LEU_2000_3_5_31,0.504604059801723,0.296065306509587,species x GSA x year (stratum cell too small),TRUE
Lepidorhombus boscii,8,2005,4,FRA_8_LEU_2005_1_6_4,0.882602451973447,0.335548983697581,species x GSA x year (stratum cell too small),TRUE
Lepidorhombus boscii,8,2006,4,FRA_8_LEU_2006_9_6_7,0.99039077843513,0.821144087279695,species x GSA x year (stratum cell too small),TRUE
Lepidorhombus boscii,8,2018,4,FRA_8_LEU_2018_5_5_25,0.456659289921264,0.331341863125081,species x GSA x stratum x year,TRUE
Lepidorhombus boscii,8,2021,4,FRA_8_LEU_2021_20_5_29,0.280170551123627,0.22616373674655,species x GSA x year (stratum cell too small),TRUE
Lepidorhombus boscii,9,1994,4,ITA_9_FRP_1994_139_6_15,0.153320159084016,0.0979799979647984,species x GSA x stratum x year,TRUE
Lepidorhombus boscii,9,1997,3,ITA_9_FRP_1997_95_6_18,0.387815002735972,0.278458871990796,species x GSA x stratum x year,TRUE
Lepidorhombus boscii,9,1998,5,ITA_9_FRP_1998_106_5_24,0.109396774411348,0.0489932626196187,species x GSA x stratum x year,TRUE
Lepidorhombus boscii,9,1999,4,ITA_9_FRP_1999_144_6_20,0.130283902786799,0.118591061661896,species x GSA x stratum x year,TRUE
Lepidorhombus boscii,9,2005,4,ITA_9_LIB_2005_105_7_2,0.12750304494803,0.0902989819547491,species x GSA x stratum x year,TRUE
Lepidorhombus boscii,9,2017,4,ITA_9_SAN_2017_94_10_9,0.326960410236642,0.308689735921025,species x GSA x stratum x year,TRUE
Lepidorhombus boscii,9,2021,5,ITA_9_SAN_2021_71_9_6,0.152755937073353,0.149778447016716,species x GSA x year (stratum cell too small),TRUE
Lepidorhombus boscii,10,1994,4,ITA_10_SAN_1994_73_7_1,0.0990883868410623,0.0731862959969061,species x GSA x stratum x year,TRUE
Lepidorhombus boscii,10,2001,4,ITA_10_SAN_2001_115_5_4,0.186005995196432,0.123487184641254,species x GSA x stratum x year,TRUE
Lepidorhombus boscii,10,2009,4,ITA_10_PEC_2009_1_7_12,0.0788782323423189,0.058281857930006,species x GSA x stratum x year,TRUE
Lepidorhombus boscii,10,2018,4,ITA_10_SAN_2018_54_7_16,0.163126397146461,0.130554067788925,species x GSA x year (stratum cell too small),TRUE
Lepidorhombus boscii,11,1994,4,ITA_11_NUS_1994_105_7_29,0.260568743270864,0.242725842203716,species x GSA x stratum x year,TRUE
Lepidorhombus boscii,11,1996,5,ITA_11_NUS_1996_68_6_17,0.413027781102819,0.384650251714332,species x GSA x stratum x year,TRUE
Lepidorhombus boscii,11,1999,5,ITA_11_NUS_1999_101_6_23,0.411500358369591,0.326741118335643,species x GSA x year (stratum cell too small),TRUE
Lepidorhombus boscii,11,2002,5,ITA_11_NUS_2002_53_7_31,0.0959205172557194,0.0606713791533114,species x GSA x stratum x year,TRUE
Lepidorhombus boscii,11,2005,4,ITA_11_GIS_2005_44_7_12,0.435934628313521,0.320564419496268,species x GSA x stratum x year,TRUE
Lepidorhombus boscii,11,2006,3,ITA_11_GIS_2006_31_6_20,0.2201995874654,0.168237851568101,species x GSA x stratum x year,TRUE
Lepidorhombus boscii,11,2008,5,ITA_11_GIS_2008_19_6_26,0.605764672486997,0.349371732820006,species x GSA x year (stratum cell too small),TRUE
Lepidorhombus boscii,11,2010,3,ITA_11_GIS_2010_32_5_26,0.340266967212674,0.333018657770947,species x GSA x stratum x year,TRUE
Lepidorhombus boscii,11,2017,4,ITA_11_GIS_2017_68_11_21,0.247267359395076,0.18574182588703,species x GSA x stratum x year,TRUE
Lepidorhombus boscii,11,2019,4,ITA_11_GIS_2019_15_6_6,0.147528123791362,0.131699196922598,species x GSA x stratum x year,TRUE
Lepidorhombus boscii,11,2020,3,ITA_11_GIS_2020_95_11_11,0.110362764439712,0.106731125794824,species x GSA x year (stratum cell too small),TRUE
Lepidorhombus boscii,11,2023,4,ITA_11_GIS_2023_68_8_10,0.215176889472405,0.196379901182738,species x GSA x stratum x year,TRUE
Lepidorhombus whiffiagonis,5,2008,4,ESP_5_COR_2008_151_6_12,0.557435417083189,0.466860923827114,species x GSA x year (stratum cell too small),TRUE
Lepidorhombus whiffiagonis,5,2011,3,ESP_5_COR_2011_146_6_15,1.93944654835229,1.10583922213725,species x GSA x year (stratum cell too small),TRUE
Lepidorhombus whiffiagonis,9,2018,3,ITA_9_SAN_2018_104_6_25,0.172149466866661,0.171987500802345,species x GSA x year (stratum cell too small),TRUE
Lepidorhombus whiffiagonis,9,2019,4,ITA_9_SAN_2019_152_6_11,0.357139560469991,0.255093506818172,species x GSA x stratum x year,TRUE
Lepidorhombus whiffiagonis,9,2021,4,ITA_9_SAN_2021_152_9_1,0.143439563254271,0.098814167824974,species x GSA x stratum x year,TRUE
Lepidorhombus whiffiagonis,10,1997,4,ITA_10_SAN_1997_107_7_1,0.105385580611772,0.0502025094356669,species x GSA x stratum x year,TRUE
Lepidorhombus whiffiagonis,10,2001,4,ITA_10_SAN_2001_105_4_30,0.232507493995541,0.151018837888903,species x GSA x stratum x year,TRUE
Lepidorhombus whiffiagonis,10,2005,4,ITA_10_PEC_2005_22_6_28,0.339800576478474,0.131676093939722,species x GSA x year (stratum cell too small),TRUE
Lepidorhombus whiffiagonis,10,2007,4,ITA_10_PEC_2007_61_8_3,0.618665593464516,0.355045180464739,species x GSA x stratum x year,TRUE
Lepidorhombus whiffiagonis,10,2008,4,ITA_10_PEC_2008_22_7_28,0.139967644581616,0.0696951718115416,species x GSA x stratum x year,TRUE
Lepidorhombus whiffiagonis,11,1997,4,ITA_11_NUS_1997_125_8_5,0.42769214412735,0.426860564231094,species x GSA x stratum x year,TRUE
Lepidorhombus whiffiagonis,11,1999,4,ITA_11_NUS_1999_114_6_28,0.813366606534473,0.653513253479297,species x GSA x stratum x year,TRUE
Lepidorhombus whiffiagonis,11,2000,4,ITA_11_NUS_2000_119_7_20,0.627606435405093,0.518231254579877,species x GSA x stratum x year,TRUE
Lepidorhombus whiffiagonis,11,2003,3,ITA_11_NUS_2003_6_6_17,1.81697381748379,0.954008127875195,species x GSA x year (stratum cell too small),TRUE
Lepidorhombus whiffiagonis,11,2006,1,ITA_11_GIS_2006_37_6_21,1.26559289111103,0.496750787961159,species x GSA x year (stratum cell too small),TRUE
Lepidorhombus whiffiagonis,11,2015,4,ITA_11_GIS_2015_61_7_8,0.376145456952786,0.182181403370656,species x GSA x stratum x year,TRUE
Lepidorhombus whiffiagonis,11,2023,4,ITA_11_GIS_2023_64_8_9,0.311817738077555,0.242807534447216,species x GSA x stratum x year,TRUE
Lepidotrigla cavillone,5,2008,2,ESP_5_COR_2008_140_6_9,0.385487549037257,0.309984977387805,species x GSA x year (stratum cell too small),TRUE
Lepidotrigla cavillone,5,2020,2,ESP_5_MOL_2020_103_6_23,1.28993711962297,0.711138630727927,species x GSA x year (stratum cell too small),TRUE
Lepidotrigla cavillone,6,1995,2,ESP_6_COR_1995_41_5_2,0.724039932631818,0.578474454728629,species x GSA x stratum x year,TRUE
Lepidotrigla cavillone,6,1997,2,ESP_6_COR_1997_41_5_21,0.527727050470216,0.158584262762668,species x GSA x stratum x year,TRUE
Lepidotrigla cavillone,6,2010,3,ESP_6_COR_2010_69_6_8,0.078075853542276,0.0561012325136315,species x GSA x year (stratum cell too small),TRUE
Lepidotrigla cavillone,6,2020,1,ESP_6_MOL_2020_23_6_3,0.08463684305782,0.0529033491789706,species x GSA x year (stratum cell too small),TRUE
Lepidotrigla cavillone,7,1994,2,FRA_7_LEU_1994_39_5_30,1.52930765943665,1.25424478731074,species x GSA x stratum x year,TRUE
Lepidotrigla cavillone,7,1998,2,FRA_7_LEU_1998_62_6_5,1.62537523259325,0.982984649488307,species x GSA x stratum x year,TRUE
Lepidotrigla cavillone,7,2003,2,FRA_7_LEU_2003_44_6_17,0.369312382652437,0.329984956817469,species x GSA x stratum x year,TRUE
Lepidotrigla cavillone,7,2004,3,FRA_7_LEU_2004_30_6_9,0.649478956708507,0.465935008116384,species x GSA x year (stratum cell too small),TRUE
Lepidotrigla cavillone,7,2005,2,FRA_7_LEU_2005_82_6_29,0.270074947967513,0.229038917572643,species x GSA x stratum x year,TRUE
Lepidotrigla cavillone,7,2008,2,FRA_7_LEU_2008_72_6_13,0.708469611017888,0.500031485216293,species x GSA x stratum x year,TRUE
Lepidotrigla cavillone,7,2016,2,FRA_7_LEU_2016_43_6_7,0.283479149109669,0.186927638436548,species x GSA x stratum x year,TRUE
Lepidotrigla cavillone,7,2019,2,FRA_7_LEU_2019_94_6_24,0.167590518666359,0.135115987872747,species x GSA x stratum x year,TRUE
Lepidotrigla cavillone,8,2011,2,FRA_8_LEU_2011_6_5_25,0.874470495264161,0.440715119529422,species x GSA x year (stratum cell too small),TRUE
Lepidotrigla cavillone,8,2013,2,FRA_8_LEU_2013_10_5_27,0.578422360808309,0.4011012083967,species x GSA x year (stratum cell too small),TRUE
Lepidotrigla cavillone,8,2015,2,FRA_8_LEU_2015_9_5_26,1.17796807704151,0.41019182925865,species x GSA x year (stratum cell too small),TRUE
Lepidotrigla cavillone,8,2016,4,FRA_8_LEU_2016_16_5_27,0.599568747978903,0.535740067719664,species x GSA x year (stratum cell too small),TRUE
Lepidotrigla cavillone,8,2022,3,FRA_8_LEU_2022_28_5_23,0.548088812497295,0.391150587141887,species x GSA x year (stratum cell too small),TRUE
Lepidotrigla cavillone,9,1994,2,ITA_9_FRP_1994_89_6_2,0.35740732980405,0.25117491367402,species x GSA x stratum x year,TRUE
Lepidotrigla cavillone,9,2001,3,ITA_9_FRP_2001_75_5_14,0.57492635761689,0.230169492682307,species x GSA x stratum x year,TRUE
Lepidotrigla cavillone,9,2008,2,ITA_9_LIB_2008_12_5_29,0.137309901962802,0.101489860746844,species x GSA x stratum x year,TRUE
Lepidotrigla cavillone,9,2009,3,ITA_9_LIB_2009_13_7_4,0.52662385929263,0.280688108487136,species x GSA x stratum x year,TRUE
Lepidotrigla cavillone,9,2013,3,ITA_9_LIB_2013_13_7_22,0.177153266010171,0.148042713606597,species x GSA x stratum x year,TRUE
Lepidotrigla cavillone,9,2014,3,ITA_9_LIB_2014_13_9_16,0.197251355838225,0.168257335387988,species x GSA x stratum x year,TRUE
Lepidotrigla cavillone,9,2016,3,ITA_9_SAN_2016_13_6_16,0.172296615248123,0.108181094009324,species x GSA x stratum x year,TRUE
Lepidotrigla cavillone,9,2017,2,ITA_9_SAN_2017_12_10_17,0.0529392848380541,0.0478783961162871,species x GSA x stratum x year,TRUE
Lepidotrigla cavillone,9,2023,3,ITA_9_SAN_2023_75_9_29,1.34540423125008,0.044911566941913,species x GSA x stratum x year,TRUE
Lepidotrigla cavillone,10,1998,2,ITA_10_SAN_1998_62_6_11,0.978792397559878,0.328451207266816,species x GSA x year (stratum cell too small),TRUE
Lepidotrigla cavillone,10,1999,2,ITA_10_SAN_1999_62_5_25,0.815904907111383,0.374601122940896,species x GSA x year (stratum cell too small),TRUE
Lepidotrigla cavillone,10,2008,3,ITA_10_PEC_2008_31_8_1,0.220680129996081,0.215243529601934,species x GSA x year (stratum cell too small),TRUE
Lepidotrigla cavillone,10,2012,3,ITA_10_PEC_2012_17_6_29,0.736170238753377,0.460926641633918,species x GSA x stratum x year,TRUE
Lepidotrigla cavillone,10,2013,3,ITA_10_PEC_2013_31_7_5,0.259891667764692,0.180443100796674,species x GSA x stratum x year,TRUE
Lepidotrigla cavillone,10,2015,2,ITA_10_PEC_2015_53_6_20,0.148741515274473,0.066309633586268,species x GSA x year (stratum cell too small),TRUE
Lepidotrigla cavillone,10,2016,3,ITA_10_PEC_2016_31_8_31,0.301543444024254,0.134165710293612,species x GSA x year (stratum cell too small),TRUE
Lepidotrigla cavillone,11,1995,3,ITA_11_NUS_1995_97_7_25,0.633724811664545,0.566994294373903,species x GSA x stratum x year,TRUE
Lepidotrigla cavillone,11,2003,3,ITA_11_NUS_2003_53_6_28,4.35759771525115,0.561163188855838,species x GSA x year (stratum cell too small),TRUE
Lepidotrigla cavillone,11,2008,3,ITA_11_GIS_2008_35_7_2,1.29193774733812,0.695973215756805,species x GSA x stratum x year,TRUE
Lepidotrigla cavillone,11,2014,3,ITA_11_GIS_2014_87_8_12,0.361042986844404,0.162359692656463,species x GSA x stratum x year,TRUE
Lepidotrigla cavillone,11,2016,3,ITA_11_GIS_2016_20_6_10,0.0917252913022659,0.0700990400607018,species x GSA x stratum x year,TRUE
Lepidotrigla cavillone,11,2018,4,ITA_11_GIS_2018_82_7_31,0.575730701524327,0.487720449569171,species x GSA x year (stratum cell too small),TRUE
Lepidotrigla cavillone,11,2023,4,ITA_11_GIS_2023_71_8_10,1.47551388049454,0.546816904516215,species x GSA x year (stratum cell too small),TRUE
Lepidotrigla dieuzeidei,1,2014,2,ESP_1_MOL_2014_62_5_10,0.558715950898046,0.166478966288397,species x GSA x year (stratum cell too small),TRUE
Lepidotrigla dieuzeidei,5,2013,4,ESP_5_COR_2013_193_6_26,0.55363685000724,0.308101183969043,species x GSA x year (stratum cell too small),TRUE
Lepidotrigla dieuzeidei,5,2019,3,ESP_5_MOL_2019_175_6_12,1.65699713683903,1.3907227858978,species x GSA x year (stratum cell too small),TRUE
Lepidotrigla dieuzeidei,5,2021,3,ESP_5_MOL_2021_179_6_10,1.31313010570356,0.31883468786469,species x GSA x stratum x year,TRUE
Lepidotrigla dieuzeidei,6,2018,3,ESP_6_MOL_2018_158_6_6,0.0236680032964356,0.0178827434547961,species x GSA x year (stratum cell too small),TRUE
Lepidotrigla dieuzeidei,7,2011,3,FRA_7_LEU_2011_44_6_7,0.165821306577427,0.124183317907143,species x GSA x year (stratum cell too small),TRUE
Lepidotrigla dieuzeidei,7,2012,3,FRA_7_LEU_2012_69_6_15,0.210385450828056,0.0616104297461732,species x GSA x year (stratum cell too small),TRUE
Lepidotrigla dieuzeidei,7,2013,3,FRA_7_LEU_2013_26_6_2,0.167076199150173,0.131823201024494,species x GSA x year (stratum cell too small),TRUE
Lepidotrigla dieuzeidei,7,2016,3,FRA_7_LEU_2016_69_6_18,0.198093522688137,0.117978026320739,species x GSA x year (stratum cell too small),TRUE
Lepidotrigla dieuzeidei,9,1995,3,ITA_9_FRP_1995_104_6_15,0.321610804457234,0.321606087473697,species x GSA x year (stratum cell too small),TRUE
Lepidotrigla dieuzeidei,9,1997,3,ITA_9_FRP_1997_104_6_25,2.02507959364716,0.133817765152346,species x GSA x year (stratum cell too small),TRUE
Lepidotrigla dieuzeidei,9,2007,3,ITA_9_LIB_2007_13_9_2,0.285350935832409,0.285116583113127,species x GSA x stratum x year,TRUE
Lepidotrigla dieuzeidei,9,2012,4,ITA_9_LIB_2012_94_6_27,0.391992618428271,0.214849060321936,species x GSA x year (stratum cell too small),TRUE
Lepidotrigla dieuzeidei,9,2014,3,ITA_9_LIB_2014_75_8_25,0.276929243418198,0.141469391470538,species x GSA x year (stratum cell too small),TRUE
Lepidotrigla dieuzeidei,9,2017,3,ITA_9_SAN_2017_75_9_26,0.748648480616701,0.174736149771993,species x GSA x stratum x year,TRUE
Lepidotrigla dieuzeidei,9,2018,3,ITA_9_SAN_2018_75_6_15,0.412973548568967,0.341907659014534,species x GSA x stratum x year,TRUE
Lepidotrigla dieuzeidei,9,2020,3,ITA_9_SAN_2020_75_10_14,0.853844730950796,0.501738013787576,species x GSA x stratum x year,TRUE
Lepidotrigla dieuzeidei,9,2021,3,ITA_9_SAN_2021_75_9_6,1.00418050618708,0.0494028560860583,species x GSA x stratum x year,TRUE
Lepidotrigla dieuzeidei,9,2023,4,ITA_9_SAN_2023_107_9_30,0.49130421911472,0.380607173161597,species x GSA x year (stratum cell too small),TRUE
Lepidotrigla dieuzeidei,11,1997,3,ITA_11_NUS_1997_69_7_16,0.549553443426503,0.385224197308933,species x GSA x stratum x year,TRUE
Lepidotrigla dieuzeidei,11,2012,3,ITA_11_GIS_2012_92_7_10,2.95689943464005,2.74598866962205,species x GSA x stratum x year,TRUE
Leptometra phalangium,6,2015,2,ESP_6_MOL_2015_134_5_27,0.809064961263601,0.00226167609351019,species x GSA x stratum x year,TRUE
Leptometra phalangium,6,2018,3,ESP_6_MOL_2018_158_6_6,0.233962539145577,0.0641481108780359,species x GSA x year (stratum cell too small),TRUE
Leptometra phalangium,9,2016,3,ITA_9_SAN_2016_143_6_3,3.6231884057971,0.136979980904996,species x GSA x year (stratum cell too small),TRUE
Leptometra phalangium,9,2018,3,ITA_9_SAN_2018_143_6_23,0.615839912202465,0.197556251201062,species x GSA x year (stratum cell too small),TRUE
Leptometra phalangium,9,2019,3,ITA_9_SAN_2019_143_6_12,0.807976772887496,0.164268087942993,species x GSA x stratum x year,TRUE
Leptometra phalangium,11,2013,3,ITA_11_GIS_2013_15_7_4,0.0734348674292808,0.0585204101482504,species x GSA x stratum x year,TRUE
Leptometra spp.,7,2012,3,FRA_7_LEU_2012_86_6_23,2.06469042477757,1.91114687714998,species x GSA x year (stratum cell too small),TRUE
Leptopentacta spp.,7,2015,1,FRA_7_LEU_2015_70_6_21,0.000738170812726065,0.000509095176101951,species x GSA x year (stratum cell too small),TRUE
Leptopentacta tergestina,6,2013,1,ESP_6_COR_2013_100_6_3,0.015928315127178,0.000344752031987584,species x GSA x year (stratum cell too small),TRUE
Leptopentacta tergestina,6,2017,2,ESP_6_MOL_2017_126_5_25,0.00221520739879271,0.000305711270731199,species x GSA x year (stratum cell too small),TRUE
Leptopentacta tergestina,6,2019,2,ESP_6_MOL_2019_122_5_28,0.0012155340835757,0.000785936660049967,species x GSA x year (stratum cell too small),TRUE
Leptopentacta tergestina,9,2018,3,ITA_9_SAN_2018_62_6_16,0.00254510433909749,0.00029480231389812,species x GSA x year (stratum cell too small),TRUE
Lesueurigobius friesii,6,1999,2,ESP_6_COR_1999_47_5_16,0.00196930992769168,0.00188370972326605,species x GSA x year (stratum cell too small),TRUE
Lesueurigobius friesii,6,2005,2,ESP_6_COR_2005_104_6_2,0.0299317033875821,0.0246878553376809,species x GSA x stratum x year,TRUE
Lesueurigobius friesii,7,1996,2,FRA_7_LEU_1996_71_6_18,0.0960537107642415,0.0635178148239245,species x GSA x stratum x year,TRUE
Lesueurigobius friesii,7,2000,2,FRA_7_LEU_2000_85_6_30,0.0283223547427419,0.0210735497945226,species x GSA x stratum x year,TRUE
Lesueurigobius friesii,7,2001,2,FRA_7_LEU_2001_79_6_29,0.0256130531414565,0.0246041032472448,species x GSA x stratum x year,TRUE
Lesueurigobius friesii,7,2003,2,FRA_7_LEU_2003_89_7_2,0.109496314732422,0.0768898347905605,species x GSA x stratum x year,TRUE
Lesueurigobius friesii,7,2004,2,FRA_7_LEU_2004_43_6_14,0.0172958288577054,0.0148896279346155,species x GSA x stratum x year,TRUE
Lesueurigobius friesii,7,2005,1,FRA_7_LEU_2005_63_6_24,0.0267854438975158,0.015032439163928,species x GSA x year (stratum cell too small),TRUE
Lesueurigobius friesii,7,2006,2,FRA_7_LEU_2006_85_7_2,0.0400735870001183,0.0333374351940581,species x GSA x stratum x year,TRUE
Lesueurigobius friesii,7,2007,2,FRA_7_LEU_2007_66_6_26,0.0721737430685293,0.0354780448201371,species x GSA x stratum x year,TRUE
Lesueurigobius friesii,7,2009,1,FRA_7_LEU_2009_72_6_13,0.0433882607257904,0.0291279068038755,species x GSA x year (stratum cell too small),TRUE
Lesueurigobius friesii,7,2015,2,FRA_7_LEU_2015_81_6_24,0.0537085492417907,0.0503480823493146,species x GSA x stratum x year,TRUE
Lesueurigobius friesii,7,2019,2,FRA_7_LEU_2019_35_6_4,0.372550314017173,0.110282037407387,species x GSA x stratum x year,TRUE
Lesueurigobius friesii,7,2022,2,FRA_7_LEU_2022_89_6_13,0.0374378559628699,0.0167678069869863,species x GSA x stratum x year,TRUE
Lesueurigobius friesii,9,1996,1,ITA_9_FRP_1996_124_6_25,0.0103692837233541,0.00445616527365985,species x GSA x year (stratum cell too small),TRUE
Lesueurigobius friesii,9,1998,4,ITA_9_FRP_1998_54_7_1,0.0224603703573684,0.00818868957426163,species x GSA x stratum x year,TRUE
Lesueurigobius friesii,9,2006,2,ITA_9_LIB_2006_118_6_8,0.0114892905429659,0.00851167418078495,species x GSA x year (stratum cell too small),TRUE
Lesueurigobius friesii,9,2009,4,ITA_9_LIB_2009_64_6_11,0.519693407514151,0.00725738241248847,species x GSA x stratum x year,TRUE
Lesueurigobius friesii,9,2012,1,ITA_9_LIB_2012_21_7_17,0.0308710538206025,0.017287300350311,species x GSA x year (stratum cell too small),TRUE
Lesueurigobius friesii,9,2015,2,ITA_9_LIB_2015_61_7_17,0.00873163919546551,0.00796194247109973,species x GSA x year (stratum cell too small),TRUE
Lesueurigobius friesii,9,2017,4,ITA_9_SAN_2017_144_10_3,0.0106538668477165,0.00737651482668029,species x GSA x stratum x year,TRUE
Lesueurigobius friesii,9,2019,3,ITA_9_SAN_2019_36_6_18,0.119651371893077,0.00181964000693359,species x GSA x year (stratum cell too small),TRUE
Lesueurigobius friesii,9,2021,4,ITA_9_SAN_2021_111_8_30,0.00342186643116089,0.00185715336548073,species x GSA x year (stratum cell too small),TRUE
Lesueurigobius friesii,10,2003,2,ITA_10_DAP_2003_20_8_8,0.0206827654685887,0.0145158821451444,species x GSA x year (stratum cell too small),TRUE
Lesueurigobius friesii,10,2007,2,ITA_10_PEC_2007_20_8_8,0.0194899209439551,0.00797289312065568,species x GSA x year (stratum cell too small),TRUE
Lesueurigobius friesii,10,2012,2,ITA_10_PEC_2012_4_6_28,0.0446135012542877,0.0277841601340632,species x GSA x year (stratum cell too small),TRUE
Lesueurigobius friesii,10,2013,2,ITA_10_PEC_2013_5_7_3,0.00373207159161026,0.00228727436245655,species x GSA x year (stratum cell too small),TRUE
Lesueurigobius friesii,10,2014,3,ITA_10_PEC_2014_34_9_10,0.00383420668694279,0.00319257570398504,species x GSA x year (stratum cell too small),TRUE
Lesueurigobius friesii,10,2016,4,ITA_10_PEC_2016_63_9_9,0.0113252465029301,0.00390778471367577,species x GSA x year (stratum cell too small),TRUE
Lesueurigobius suerii,9,1997,2,ITA_9_FRP_1997_51_6_4,0.0125191758234022,0.00610303157598929,species x GSA x year (stratum cell too small),TRUE
Lesueurigobius suerii,10,2000,3,ITA_10_SAN_2000_99_6_29,0.021155514393585,0.0127566175336565,species x GSA x stratum x year,TRUE
Leucoraja naevus,5,2009,3,ESP_5_COR_2009_120_5_10,0.595068253899662,0.450920112078527,species x GSA x year (stratum cell too small),TRUE
Leucoraja naevus,5,2019,3,ESP_5_MOL_2019_203_6_19,0.91654463420426,0.906896787873305,species x GSA x year (stratum cell too small),TRUE
Liocarcinus depurator,1,1994,2,ESP_1_COR_1994_2_5_28,2.02239412572291,0.291291628063888,species x GSA x year (stratum cell too small),TRUE
Liocarcinus depurator,1,1997,2,ESP_1_COR_1997_1_5_9,0.466172118853622,0.435928269024877,species x GSA x year (stratum cell too small),TRUE
Liocarcinus depurator,1,1998,2,ESP_1_COR_1998_2_5_4,0.587118805896598,0.435668089036882,species x GSA x year (stratum cell too small),TRUE
Liocarcinus depurator,1,2018,1,ESP_1_MOL_2018_14_4_30,0.352965051386493,0.266167423896402,species x GSA x year (stratum cell too small),TRUE
Liocarcinus depurator,6,2001,2,ESP_6_COR_2001_111_6_11,0.607451403887689,0.343640455448677,species x GSA x stratum x year,TRUE
Liocarcinus depurator,6,2011,2,ESP_6_COR_2011_52_5_20,0.144857976579265,0.0597449407603378,species x GSA x stratum x year,TRUE
Liocarcinus depurator,6,2012,2,ESP_6_COR_2012_97_5_20,0.245037539853955,0.192402033827646,species x GSA x stratum x year,TRUE
Liocarcinus depurator,6,2015,2,ESP_6_MOL_2015_134_5_27,0.059660493164796,0.0552599798473746,species x GSA x stratum x year,TRUE
Liocarcinus depurator,6,2018,3,ESP_6_MOL_2018_127_5_30,0.0391951920564411,0.0204952814405054,species x GSA x stratum x year,TRUE
Liocarcinus depurator,6,2020,2,ESP_6_MOL_2020_5_5_31,0.183050046363332,0.0743487768902495,species x GSA x stratum x year,TRUE
Liocarcinus depurator,6,2021,3,ESP_6_MOL_2021_115_5_24,0.0167518516142369,0.0142625344540142,species x GSA x stratum x year,TRUE
Liocarcinus depurator,7,2014,1,FRA_7_LEU_2014_87_6_26,0.803629977117754,0.153712067174459,species x GSA x stratum x year,TRUE
Liocarcinus depurator,9,1995,1,ITA_9_FRP_1995_120_6_20,0.115396155000115,0.0891987019751664,species x GSA x stratum x year,TRUE
Liocarcinus depurator,9,1996,1,ITA_9_FRP_1996_122_6_24,2.59226092284489,1.03727815637304,species x GSA x stratum x year,TRUE
Liocarcinus depurator,9,1998,1,ITA_9_FRP_1998_122_5_30,1.45772594752187,0.128407015705892,species x GSA x year (stratum cell too small),TRUE
Liocarcinus depurator,9,2000,1,ITA_9_FRP_2000_138_6_8,0.376621236729986,0.0936837358858979,species x GSA x year (stratum cell too small),TRUE
Liocarcinus depurator,9,2002,2,ITA_9_FRP_2002_132_7_27,0.179324894514768,0.127303574799075,species x GSA x stratum x year,TRUE
Liocarcinus depurator,9,2004,1,ITA_9_LIB_2004_122_6_6,0.0468179406348513,0.0466351718871967,species x GSA x year (stratum cell too small),TRUE
Liocarcinus depurator,9,2005,1,ITA_9_LIB_2005_138_7_9,0.11011598884158,0.0882926157374274,species x GSA x year (stratum cell too small),TRUE
Liocarcinus depurator,9,2009,1,ITA_9_LIB_2009_21_6_30,0.236345158469429,0.0120558807275328,species x GSA x year (stratum cell too small),TRUE
Lithothamnion corallioides,5,2021,2,ESP_5_MOL_2021_213_6_18,0.800250998873066,0.403900784321386,species x GSA x stratum x year,TRUE
Lithothamnion valens,5,2013,2,ESP_5_COR_2013_180_6_24,0.372099091133112,0.267659572600348,species x GSA x stratum x year,TRUE
Lithothamnion valens,5,2018,2,ESP_5_MOL_2018_198_6_19,2.03300327692111,0.583669471525069,species x GSA x stratum x year,TRUE
Lithothamnion valens,5,2019,2,ESP_5_MOL_2019_191_6_16,8.0731130521368,6.40712333904944,species x GSA x stratum x year,TRUE
Lobianchia dofleini,1,2019,4,ESP_1_MOL_2019_29_5_4,0.00106580084036556,8.00782423237895e-05,species x GSA x year (stratum cell too small),TRUE
Lobianchia dofleini,1,2021,4,ESP_1_MOL_2021_13_4_29,0.00125610091580214,0.000574027646483011,species x GSA x stratum x year,TRUE
Lobianchia dofleini,10,2015,5,ITA_10_PEC_2015_69_6_19,0.0022973870542745,0.00211608388246261,species x GSA x year (stratum cell too small),TRUE
Lobianchia dofleini,10,2016,4,ITA_10_PEC_2016_60_8_28,0.0221007444456051,0.00520709727109032,species x GSA x year (stratum cell too small),TRUE
Loligo forbesii,5,2008,4,ESP_5_COR_2008_175_6_18,0.306949410382605,0.157160204438062,species x GSA x year (stratum cell too small),TRUE
Loligo forbesii,5,2009,2,ESP_5_COR_2009_135_5_13,0.575960204772706,0.383766379894902,species x GSA x year (stratum cell too small),TRUE
Loligo forbesii,5,2010,2,ESP_5_COR_2010_121_6_22,0.305303100715674,0.166131753118842,species x GSA x year (stratum cell too small),TRUE
Loligo forbesii,5,2011,4,ESP_5_COR_2011_143_6_14,0.811682022114945,0.244158877493521,species x GSA x year (stratum cell too small),TRUE
Loligo forbesii,5,2016,4,ESP_5_MOL_2016_180_6_8,0.144536107036759,0.0571610220977528,species x GSA x year (stratum cell too small),TRUE
Loligo forbesii,9,1994,3,ITA_9_FRP_1994_16_6_27,0.66234613189859,0.392898139001742,species x GSA x year (stratum cell too small),TRUE
Loligo forbesii,9,1995,4,ITA_9_FRP_1995_136_6_22,0.31743946757739,0.187301792892798,species x GSA x stratum x year,TRUE
Loligo forbesii,9,1997,4,ITA_9_FRP_1997_136_7_7,0.0695389659277611,0.0558238884780915,species x GSA x year (stratum cell too small),TRUE
Loligo forbesii,9,1998,4,ITA_9_FRP_1998_136_6_1,0.253622009413683,0.223030513959559,species x GSA x stratum x year,TRUE
Loligo forbesii,9,2007,4,ITA_9_LIB_2007_107_9_23,0.306744263422158,0.193357368331615,species x GSA x stratum x year,TRUE
Loligo forbesii,9,2021,3,ITA_9_SAN_2021_75_9_6,89.1278787729295,0.19983319868045,species x GSA x year (stratum cell too small),TRUE
Loligo forbesii,10,2004,3,ITA_10_PEC_2004_27_6_3,0.122475409067866,0.0530011349077029,species x GSA x year (stratum cell too small),TRUE
Loligo forbesii,11,1994,2,ITA_11_NUS_1994_1_6_9,0.480493206113131,0.0924607081202851,species x GSA x stratum x year,TRUE
Loligo forbesii,11,1998,3,ITA_11_NUS_1998_80_6_22,0.363108206245461,0.260295642701085,species x GSA x stratum x year,TRUE
Loligo forbesii,11,2000,3,ITA_11_NUS_2000_4_5_30,0.981324706195947,0.495798877639557,species x GSA x stratum x year,TRUE
Loligo forbesii,11,2001,4,ITA_11_NUS_2001_122_7_19,0.321813335392939,0.317076329822829,species x GSA x stratum x year,TRUE
Loligo forbesii,11,2002,4,ITA_11_NUS_2002_84_8_8,0.576876926768936,0.507967125815378,species x GSA x stratum x year,TRUE
Loligo forbesii,11,2004,2,ITA_11_GIS_2004_64_7_19,0.216578746091533,0.167759581723738,species x GSA x year (stratum cell too small),TRUE
Loligo forbesii,11,2007,4,ITA_11_GIS_2007_73_8_23,0.377082050935939,0.358480581064799,species x GSA x stratum x year,TRUE
Loligo forbesii,11,2008,4,ITA_11_GIS_2008_1_6_23,0.351761776065223,0.263332617698628,species x GSA x stratum x year,TRUE
Loligo forbesii,11,2011,3,ITA_11_GIS_2011_99_7_7,0.269424303657039,0.170082386640099,species x GSA x year (stratum cell too small),TRUE
Loligo forbesii,11,2012,4,ITA_11_GIS_2012_83_7_6,0.359713323680181,0.295320974334316,species x GSA x stratum x year,TRUE
Loligo forbesii,11,2013,3,ITA_11_GIS_2013_86_7_23,0.432636196557692,0.267899682832057,species x GSA x stratum x year,TRUE
Loligo forbesii,11,2015,4,ITA_11_GIS_2015_87_7_15,0.246828316192478,0.213527466629115,species x GSA x stratum x year,TRUE
Loligo forbesii,11,2017,3,ITA_11_GIS_2017_86_11_24,1.73506517512391,0.640019231917052,species x GSA x stratum x year,TRUE
Loligo forbesii,11,2018,4,ITA_11_GIS_2018_88_8_1,0.915747209247731,0.368499611702411,species x GSA x stratum x year,TRUE
Loligo forbesii,11,2021,4,ITA_11_GIS_2021_79_9_5,0.809716599190283,0.370581149117136,species x GSA x stratum x year,TRUE
Loligo vulgaris,5,2008,2,ESP_5_COR_2008_141_6_10,0.537348023961049,0.474953010321788,species x GSA x stratum x year,TRUE
Loligo vulgaris,5,2011,2,ESP_5_COR_2011_131_6_11,0.802613361024576,0.503968528621028,species x GSA x stratum x year,TRUE
Loligo vulgaris,5,2021,2,ESP_5_MOL_2021_239_8_18,0.791191132100223,0.699009631079729,species x GSA x stratum x year,TRUE
Loligo vulgaris,6,2014,1,ESP_6_MOL_2014_92_5_17,0.0556755459563235,0.0509124529585644,species x GSA x year (stratum cell too small),TRUE
Loligo vulgaris,7,2020,1,FRA_7_LEU_2020_3_10_4,0.139041999493982,0.0784438654944439,species x GSA x year (stratum cell too small),TRUE
Loligo vulgaris,8,2006,4,FRA_8_LEU_2006_22_6_12,0.823802962807356,0.78297043099663,species x GSA x year (stratum cell too small),TRUE
Loligo vulgaris,9,1994,1,ITA_9_FRP_1994_149_6_17,0.16321985440169,0.0908779448238774,species x GSA x stratum x year,TRUE
Loligo vulgaris,9,1995,1,ITA_9_FRP_1995_28_7_7,0.109174128615363,0.0834279379109121,species x GSA x stratum x year,TRUE
Loligo vulgaris,9,1998,1,ITA_9_FRP_1998_124_5_27,4.01011619403591,0.186709439652641,species x GSA x stratum x year,TRUE
Loligo vulgaris,9,1999,1,ITA_9_FRP_1999_47_6_25,0.0684614088304685,0.0637808330944305,species x GSA x year (stratum cell too small),TRUE
Loligo vulgaris,9,2004,2,ITA_9_LIB_2004_149_6_1,0.153747755282773,0.0640880481129059,species x GSA x year (stratum cell too small),TRUE
Loligo vulgaris,9,2007,2,ITA_9_LIB_2007_127_10_1,0.302757591835839,0.301749379095215,species x GSA x stratum x year,TRUE
Loligo vulgaris,9,2016,3,ITA_9_SAN_2016_16_6_13,0.090278780875343,0.0846482880868518,species x GSA x year (stratum cell too small),TRUE
Loligo vulgaris,9,2020,3,ITA_9_SAN_2020_104_10_25,0.141868311404569,0.136572911170552,species x GSA x stratum x year,TRUE
Loligo vulgaris,10,2002,1,ITA_10_GAB_2002_21_8_2,0.159693388693708,0.115231714721775,species x GSA x year (stratum cell too small),TRUE
Loligo vulgaris,10,2005,1,ITA_10_PEC_2005_48_6_22,0.18379430933079,0.115917479616626,species x GSA x year (stratum cell too small),TRUE
Loligo vulgaris,10,2007,2,ITA_10_PEC_2007_5_8_11,0.129446486822348,0.126073789803459,species x GSA x year (stratum cell too small),TRUE
Loligo vulgaris,10,2016,1,ITA_10_PEC_2016_6_9_3,0.169700709657513,0.111217412918339,species x GSA x year (stratum cell too small),TRUE
Loligo vulgaris,10,2017,4,ITA_10_SAN_2017_25_10_27,0.126734812598687,0.118385256186067,species x GSA x year (stratum cell too small),TRUE
Loligo vulgaris,10,2019,4,ITA_10_SAN_2019_53_7_5,0.246435909126989,0.204127844428932,species x GSA x year (stratum cell too small),TRUE
Loligo vulgaris,10,2021,2,ITA_10_SAN_2021_42_10_2,1.13144961184646,1.04404130033286,species x GSA x year (stratum cell too small),TRUE
Loligo vulgaris,10,2023,3,ITA_10_SAN_2023_26_12_13,0.364220432540042,0.100851620996924,species x GSA x year (stratum cell too small),TRUE
Loligo vulgaris,11,1994,2,ITA_11_NUS_1994_44_6_28,0.341744812313749,0.191239342788264,species x GSA x stratum x year,TRUE
Loligo vulgaris,11,1995,2,ITA_11_NUS_1995_20_6_22,0.212784066729083,0.202393112020889,species x GSA x year (stratum cell too small),TRUE
Loligo vulgaris,11,1996,1,ITA_11_NUS_1996_51_7_12,0.185583846781976,0.166053144843561,species x GSA x year (stratum cell too small),TRUE
Loligo vulgaris,11,1997,1,ITA_11_NUS_1997_112_7_31,0.489978950504286,0.208671382516591,species x GSA x year (stratum cell too small),TRUE
Loligo vulgaris,11,2001,3,ITA_11_NUS_2001_38_6_15,0.206044122530804,0.147180299533313,species x GSA x year (stratum cell too small),TRUE
Loligo vulgaris,11,2004,1,ITA_11_GIS_2004_46_7_8,1.04055870032598,0.341527228729502,species x GSA x year (stratum cell too small),TRUE
Loligo vulgaris,11,2006,2,ITA_11_GIS_2006_34_6_21,0.230820938778992,0.153292076035795,species x GSA x year (stratum cell too small),TRUE
Loligo vulgaris,11,2007,1,ITA_11_GIS_2007_86_8_27,0.667392803087663,0.29588857605877,species x GSA x year (stratum cell too small),TRUE
Loligo vulgaris,11,2012,3,ITA_11_GIS_2012_85_7_9,0.229500561996498,0.132609923472913,species x GSA x year (stratum cell too small),TRUE
Loligo vulgaris,11,2016,3,ITA_11_GIS_2016_69_6_24,0.484181433143213,0.264534338958048,species x GSA x year (stratum cell too small),TRUE
Loligo vulgaris,11,2021,2,ITA_11_GIS_2021_47_9_1,1.18768875767756,0.755737563635373,species x GSA x stratum x year,TRUE
Lophius budegassa,1,1994,2,ESP_1_COR_1994_20_6_1,1.06706073786608,0.978584290883502,species x GSA x year (stratum cell too small),TRUE
Lophius budegassa,1,1995,2,ESP_1_COR_1995_19_4_26,0.921019417754773,0.808797662590773,species x GSA x year (stratum cell too small),TRUE
Lophius budegassa,1,2004,4,ESP_1_COR_2004_27_5_12,1.07510753366445,0.995453473421522,species x GSA x stratum x year,TRUE
Lophius budegassa,1,2005,2,ESP_1_COR_2005_117_6_6,1.21836611103549,0.778166691367415,species x GSA x year (stratum cell too small),TRUE
Lophius budegassa,1,2021,3,ESP_1_MOL_2021_68_5_12,0.839402481982923,0.834882697374086,species x GSA x year (stratum cell too small),TRUE
Lophius budegassa,5,2016,4,ESP_5_MOL_2016_198_6_13,0.666670864150647,0.583363026102221,species x GSA x year (stratum cell too small),TRUE
Lophius budegassa,5,2018,2,ESP_5_MOL_2018_196_6_18,0.766815713907758,0.702064603047931,species x GSA x year (stratum cell too small),TRUE
Lophius budegassa,5,2019,2,ESP_5_MOL_2019_220_6_23,1.80612134796961,1.26955327502622,species x GSA x year (stratum cell too small),TRUE
Lophius budegassa,5,2020,2,ESP_5_MOL_2020_103_6_23,1.62199260480469,0.562615434589486,species x GSA x year (stratum cell too small),TRUE
Lophius budegassa,6,1994,3,ESP_6_COR_1994_51_6_13,1.5014321420383,1.36818928782877,species x GSA x year (stratum cell too small),TRUE
Lophius budegassa,6,2000,4,ESP_6_COR_2000_88_6_17,1.13728499828112,0.884881654944363,species x GSA x year (stratum cell too small),TRUE
Lophius budegassa,6,2005,2,ESP_6_COR_2005_111_6_3,0.55637719590628,0.49540441220134,species x GSA x stratum x year,TRUE
Lophius budegassa,6,2008,2,ESP_6_COR_2008_110_5_31,0.935370490027572,0.93291590860726,species x GSA x year (stratum cell too small),TRUE
Lophius budegassa,6,2011,2,ESP_6_COR_2011_43_5_18,1.20102455569579,0.714895866292737,species x GSA x stratum x year,TRUE
Lophius budegassa,6,2016,2,ESP_6_MOL_2016_79_5_14,1.00918314039109,0.927476121506156,species x GSA x stratum x year,TRUE
Lophius budegassa,6,2017,4,ESP_6_MOL_2017_168_6_3,0.253224323129249,0.227964321285685,species x GSA x stratum x year,TRUE
Lophius budegassa,7,1997,2,FRA_7_LEU_1997_58_6_17,5.35913120992194,4.7720296991123,species x GSA x stratum x year,TRUE
Lophius budegassa,7,2005,2,FRA_7_LEU_2005_82_6_29,0.676254989399901,0.614009374169491,species x GSA x stratum x year,TRUE
Lophius budegassa,7,2022,3,FRA_7_LEU_2022_5_5_13,1.63051466174616,1.43371508053176,species x GSA x stratum x year,TRUE
Lophius budegassa,9,1997,3,ITA_9_FRP_1997_102_6_19,1.05364522862077,0.959171351563278,species x GSA x stratum x year,TRUE
Lophius budegassa,9,2000,4,ITA_9_FRP_2000_96_5_27,0.378925295543715,0.318332435494308,species x GSA x stratum x year,TRUE
Lophius budegassa,9,2001,2,ITA_9_FRP_2001_130_5_30,1.1354241076176,1.04670038646985,species x GSA x year (stratum cell too small),TRUE
Lophius budegassa,9,2002,3,ITA_9_FRP_2002_131_7_27,0.920118835316702,0.733903360879222,species x GSA x stratum x year,TRUE
Lophius budegassa,9,2005,3,ITA_9_LIB_2005_76_7_16,0.334228939258541,0.298551564956813,species x GSA x stratum x year,TRUE
Lophius budegassa,9,2007,4,ITA_9_LIB_2007_94_9_24,0.45038447582354,0.317577909490194,species x GSA x stratum x year,TRUE
Lophius budegassa,9,2010,3,ITA_9_LIB_2010_100_5_20,1.05330380857669,0.674105082136775,species x GSA x stratum x year,TRUE
Lophius budegassa,9,2011,4,ITA_9_LIB_2011_115_6_13,0.426020634592758,0.233591711542439,species x GSA x stratum x year,TRUE
Lophius budegassa,9,2020,3,ITA_9_SAN_2020_75_10_14,0.402615508786904,0.388893763104459,species x GSA x stratum x year,TRUE
Lophius budegassa,9,2023,4,ITA_9_SAN_2023_94_10_1,0.43685811650826,0.200795206974289,species x GSA x stratum x year,TRUE
Lophius budegassa,10,1995,3,ITA_10_SAN_1995_70_6_22,1.8740670297208,1.00099195970419,species x GSA x year (stratum cell too small),TRUE
Lophius budegassa,10,2002,2,ITA_10_GAB_2002_53_7_20,0.86697493431009,0.62367135240285,species x GSA x year (stratum cell too small),TRUE
Lophius budegassa,10,2010,2,ITA_10_PEC_2010_53_6_7,0.47013035309498,0.450255030350495,species x GSA x year (stratum cell too small),TRUE
Lophius budegassa,10,2011,2,ITA_10_PEC_2011_53_6_8,0.707466688731061,0.42862972311789,species x GSA x year (stratum cell too small),TRUE
Lophius budegassa,10,2012,5,ITA_10_PEC_2012_37_6_23,1.14630022877184,0.510773715129862,species x GSA x year (stratum cell too small),TRUE
Lophius budegassa,10,2013,2,ITA_10_PEC_2013_47_7_6,0.888401670935568,0.359419592416553,species x GSA x year (stratum cell too small),TRUE
Lophius budegassa,10,2017,3,ITA_10_SAN_2017_2_10_19,0.653048355762523,0.270004501121553,species x GSA x year (stratum cell too small),TRUE
Lophius budegassa,10,2018,4,ITA_10_SAN_2018_66_7_18,1.74890763110374,0.246934796570962,species x GSA x stratum x year,TRUE
Lophius budegassa,10,2019,3,ITA_10_SAN_2019_34_7_1,0.562567327369439,0.43018166414782,species x GSA x year (stratum cell too small),TRUE
Lophius budegassa,10,2023,3,ITA_10_SAN_2023_12_12_9,0.324319580169829,0.259161200066105,species x GSA x year (stratum cell too small),TRUE
Lophius budegassa,11,1999,4,ITA_11_NUS_1999_48_6_1,0.973748978989643,0.63619446180244,species x GSA x stratum x year,TRUE
Lophius budegassa,11,2000,4,ITA_11_NUS_2000_63_6_27,0.407792542804155,0.368802919148497,species x GSA x stratum x year,TRUE
Lophius budegassa,11,2001,4,ITA_11_NUS_2001_71_6_27,0.496129568725012,0.472475532135705,species x GSA x stratum x year,TRUE
Lophius budegassa,11,2004,3,ITA_11_GIS_2004_39_7_7,0.950475487204896,0.875541609420544,species x GSA x year (stratum cell too small),TRUE
Lophius budegassa,11,2011,2,ITA_11_GIS_2011_86_7_1,1.0796322603188,0.930919041394528,species x GSA x year (stratum cell too small),TRUE
Lophius budegassa,11,2012,4,ITA_11_GIS_2012_58_6_27,0.647727082021368,0.49093004367695,species x GSA x stratum x year,TRUE
Lophius piscatorius,5,2021,5,ESP_5_MOL_2021_236_6_23,2.37618266199519,1.62533369950937,species x GSA x year (stratum cell too small),TRUE
Lophius piscatorius,6,1996,3,ESP_6_COR_1996_69_5_18,1.0699654325365,0.525747828669518,species x GSA x year (stratum cell too small),TRUE
Lophius piscatorius,6,2002,2,ESP_6_COR_2002_113_6_9,0.581016254029998,0.276523079768105,species x GSA x year (stratum cell too small),TRUE
Lophius piscatorius,6,2003,3,ESP_6_COR_2003_53_5_7,3.37380992402267,0.647855340067386,species x GSA x year (stratum cell too small),TRUE
Lophius piscatorius,6,2006,2,ESP_6_COR_2006_134_6_11,0.988857583322223,0.983803672445318,species x GSA x stratum x year,TRUE
Lophius piscatorius,6,2013,4,ESP_6_COR_2013_54_5_23,1.63413399987781,1.29534947180058,species x GSA x year (stratum cell too small),TRUE
Lophius piscatorius,7,1995,4,FRA_7_LEU_1995_3_6_25,1.99005667265486,1.59318601614822,species x GSA x year (stratum cell too small),TRUE
Lophius piscatorius,7,1997,4,FRA_7_LEU_1997_51_6_16,1.95400140362244,1.90871980106858,species x GSA x year (stratum cell too small),TRUE
Lophius piscatorius,7,2001,5,FRA_7_LEU_2001_41_6_15,3.19786539372094,2.80192954664119,species x GSA x year (stratum cell too small),TRUE
Lophius piscatorius,7,2002,5,FRA_7_LEU_2002_10_6_13,2.94937021025226,2.47228112891643,species x GSA x year (stratum cell too small),TRUE
Lophius piscatorius,7,2003,5,FRA_7_LEU_2003_31_6_12,1.52006249613987,1.2681921160932,species x GSA x year (stratum cell too small),TRUE
Lophius piscatorius,7,2004,5,FRA_7_LEU_2004_28_6_9,2.45364169826894,1.40853772591299,species x GSA x year (stratum cell too small),TRUE
Lophius piscatorius,7,2006,5,FRA_7_LEU_2006_82_7_1,1.78024884950732,1.27056859882536,species x GSA x year (stratum cell too small),TRUE
Lophius piscatorius,7,2007,5,FRA_7_LEU_2007_31_6_16,1.88789437824047,1.68888947181409,species x GSA x year (stratum cell too small),TRUE
Lophius piscatorius,7,2010,5,FRA_7_LEU_2010_27_5_29,2.08344211872546,1.71825144260667,species x GSA x year (stratum cell too small),TRUE
Lophius piscatorius,7,2011,4,FRA_7_LEU_2011_45_6_7,2.7373662907349,1.61162828195945,species x GSA x year (stratum cell too small),TRUE
Lophius piscatorius,9,1994,3,ITA_9_FRP_1994_131_6_13,3.39495092100275,2.44117725774813,species x GSA x year (stratum cell too small),TRUE
Lophius piscatorius,9,2000,5,ITA_9_FRP_2000_73_6_27,0.9900329818117,0.904132186417797,species x GSA x year (stratum cell too small),TRUE
Lophius piscatorius,9,2004,4,ITA_9_LIB_2004_35_6_24,0.722547181481101,0.319890667736201,species x GSA x year (stratum cell too small),TRUE
Lophius piscatorius,9,2005,4,ITA_9_LIB_2005_54_7_17,1.06554756827463,1.04414476930702,species x GSA x year (stratum cell too small),TRUE
Lophius piscatorius,10,1997,3,ITA_10_SAN_1997_94_7_3,3.04311916231534,2.240184826892,species x GSA x year (stratum cell too small),TRUE
Lophius piscatorius,11,1996,3,ITA_11_NUS_1996_61_7_15,4.3483285396477,0.645321553584325,species x GSA x stratum x year,TRUE
Lophius piscatorius,11,1999,3,ITA_11_NUS_1999_66_6_8,1.09181078416565,0.490991710601263,species x GSA x stratum x year,TRUE
Lophius piscatorius,11,2003,3,ITA_11_NUS_2003_33_6_23,1.38963788927875,1.21126491744551,species x GSA x year (stratum cell too small),TRUE
Lophius piscatorius,11,2004,3,ITA_11_GIS_2004_82_7_22,0.907508552133043,0.841064550874798,species x GSA x year (stratum cell too small),TRUE
Lophius piscatorius,11,2006,4,ITA_11_GIS_2006_7_6_15,1.691460449489,0.849175415864265,species x GSA x stratum x year,TRUE
Lophius piscatorius,11,2010,4,ITA_11_GIS_2010_12_5_19,2.40634565885279,2.1286587703091,species x GSA x year (stratum cell too small),TRUE
Lophogaster typicus,6,2021,3,ESP_6_MOL_2021_136_5_28,1.82135760353052e-05,1.05445822803344e-05,species x GSA x year (stratum cell too small),TRUE
Luidia ciliaris,5,2012,2,ESP_5_COR_2012_151_6_4,0.211468018659779,0.0648718782361234,species x GSA x stratum x year,TRUE
Luidia ciliaris,5,2018,2,ESP_5_MOL_2018_198_6_19,0.310314499311988,0.107875408126166,species x GSA x stratum x year,TRUE
Luidia ciliaris,5,2021,2,ESP_5_MOL_2021_213_6_18,0.2253227128368,0.0798727992644472,species x GSA x stratum x year,TRUE
Luidia ciliaris,11,2014,2,ITA_11_GIS_2014_15_7_24,0.0223893629629187,0.0195009578898987,species x GSA x year (stratum cell too small),TRUE
Luidia sarsii,1,2015,4,ESP_1_MOL_2015_3_4_23,0.0154586792517827,0.00315831785804989,species x GSA x year (stratum cell too small),TRUE
Luidia sarsii,1,2019,4,ESP_1_MOL_2019_12_4_30,0.0286676958053473,0.00653782022495962,species x GSA x year (stratum cell too small),TRUE
Lytocarpia myriophyllum,7,2015,3,FRA_7_LEU_2015_25_6_1,0.00314098443860624,0.00241431883174758,species x GSA x year (stratum cell too small),TRUE
Macropipus tuberculatus,1,2014,3,ESP_1_MOL_2014_1_4_26,0.483868087917582,0.0265721626743828,species x GSA x year (stratum cell too small),TRUE
Macropipus tuberculatus,1,2015,2,ESP_1_MOL_2015_9_4_24,0.0891129996305071,0.0687909580623336,species x GSA x year (stratum cell too small),TRUE
Macropipus tuberculatus,1,2018,3,ESP_1_MOL_2018_29_5_3,0.0262197990329521,0.0147267190800962,species x GSA x year (stratum cell too small),TRUE
Macropipus tuberculatus,1,2019,4,ESP_1_MOL_2019_59_5_12,0.0256562068284981,0.012950957046325,species x GSA x stratum x year,TRUE
Macropipus tuberculatus,5,2007,3,ESP_5_COR_2007_115_6_16,0.169646950939936,0.114558638984856,species x GSA x stratum x year,TRUE
Macropipus tuberculatus,5,2011,3,ESP_5_COR_2011_124_6_9,0.0384376029578651,0.0355609781934234,species x GSA x year (stratum cell too small),TRUE
Macropipus tuberculatus,5,2013,3,ESP_5_COR_2013_197_6_27,0.0551549133653653,0.0378085262543319,species x GSA x year (stratum cell too small),TRUE
Macropipus tuberculatus,5,2018,3,ESP_5_MOL_2018_216_6_22,0.0335613279295016,0.0178382105406076,species x GSA x year (stratum cell too small),TRUE
Macropipus tuberculatus,5,2020,3,ESP_5_MOL_2020_60_6_13,0.0457705804145507,0.0384873049699128,species x GSA x year (stratum cell too small),TRUE
Macropipus tuberculatus,6,1995,4,ESP_6_COR_1995_48_5_4,0.054880354345595,0.0292806319269242,species x GSA x year (stratum cell too small),TRUE
Macropipus tuberculatus,6,1997,4,ESP_6_COR_1997_47_5_22,0.189725959823631,0.187919801475859,species x GSA x year (stratum cell too small),TRUE
Macropipus tuberculatus,6,2001,3,ESP_6_COR_2001_76_6_2,0.1366650320875,0.130715765267458,species x GSA x year (stratum cell too small),TRUE
Macropipus tuberculatus,6,2004,4,ESP_6_COR_2004_68_5_20,0.115566274746257,0.112573304396098,species x GSA x stratum x year,TRUE
Macropipus tuberculatus,6,2009,3,ESP_6_COR_2009_86_4_30,0.258356474339196,0.153584555182465,species x GSA x year (stratum cell too small),TRUE
Macropipus tuberculatus,6,2010,4,ESP_6_COR_2010_76_6_10,0.19180393279381,0.0604490388368036,species x GSA x year (stratum cell too small),TRUE
Macropipus tuberculatus,6,2011,3,ESP_6_COR_2011_53_5_20,0.0630335839227282,0.0443949505407271,species x GSA x year (stratum cell too small),TRUE
Macropipus tuberculatus,6,2013,3,ESP_6_COR_2013_115_6_6,0.129446486822348,0.114877644371559,species x GSA x stratum x year,TRUE
Macropipus tuberculatus,6,2019,3,ESP_6_MOL_2019_133_5_31,0.0336702337308401,0.0334528658593221,species x GSA x stratum x year,TRUE
Macropipus tuberculatus,6,2021,3,ESP_6_MOL_2021_128_5_27,0.0592033855565667,0.0248802087355209,species x GSA x stratum x year,TRUE
Macropipus tuberculatus,7,2012,2,FRA_7_LEU_2012_49_6_10,0.356732811663612,0.139904403507457,species x GSA x year (stratum cell too small),TRUE
Macropipus tuberculatus,7,2013,2,FRA_7_LEU_2013_67_6_16,0.189490902524775,0.151361498919669,species x GSA x year (stratum cell too small),TRUE
Macropipus tuberculatus,7,2016,2,FRA_7_LEU_2016_79_6_20,0.0682386701360643,0.0465208360833552,species x GSA x year (stratum cell too small),TRUE
Macropipus tuberculatus,7,2018,2,FRA_7_LEU_2018_82_6_20,0.0205471084109866,0.0171455307534212,species x GSA x year (stratum cell too small),TRUE
Macropipus tuberculatus,7,2022,2,FRA_7_LEU_2022_42_5_29,0.0560466817184469,0.0459563969688595,species x GSA x year (stratum cell too small),TRUE
Macropipus tuberculatus,9,2002,4,ITA_9_FRP_2002_38_8_3,0.0779804619952471,0.0530481923559719,species x GSA x stratum x year,TRUE
Macropipus tuberculatus,9,2003,4,ITA_9_CIR_2003_41_6_23,0.076010945576163,0.073818202865259,species x GSA x stratum x year,TRUE
Macropipus tuberculatus,9,2010,4,ITA_9_LIB_2010_107_5_21,0.0296542316588577,0.0162117406737577,species x GSA x stratum x year,TRUE
Macropipus tuberculatus,9,2016,4,ITA_9_SAN_2016_38_6_10,0.0348357407733186,0.0212270761207024,species x GSA x year (stratum cell too small),TRUE
Macropipus tuberculatus,9,2017,4,ITA_9_SAN_2017_136_10_4,0.0204017919415769,0.00712692396218907,species x GSA x year (stratum cell too small),TRUE
Macropipus tuberculatus,9,2020,3,ITA_9_SAN_2020_5_11_5,0.0104296571771686,0.00761842978053593,species x GSA x year (stratum cell too small),TRUE
Macropipus tuberculatus,10,2009,4,ITA_10_PEC_2009_22_7_10,0.0372914475794121,0.0232950825178701,species x GSA x year (stratum cell too small),TRUE
Macropipus tuberculatus,10,2015,4,ITA_10_PEC_2015_22_6_16,0.00972068581382554,0.0078509380973756,species x GSA x year (stratum cell too small),TRUE
Macropipus tuberculatus,11,2006,1,ITA_11_GIS_2006_2_6_14,0.0691228270240884,0.026222029359295,species x GSA x year (stratum cell too small),TRUE
Macropipus tuberculatus,11,2009,4,ITA_11_GIS_2009_61_6_30,0.039515918705594,0.0337748950437835,species x GSA x year (stratum cell too small),TRUE
Macropipus tuberculatus,11,2017,4,ITA_11_GIS_2017_13_11_1,0.0211419563445029,0.0118770663805026,species x GSA x year (stratum cell too small),TRUE
Macropipus tuberculatus,11,2019,4,ITA_11_GIS_2019_77_6_21,0.00806776926179911,0.00574188438665205,species x GSA x year (stratum cell too small),TRUE
Macropodia linaresi,5,2021,2,ESP_5_MOL_2021_185_6_11,0.0926432173015005,0.0219087894484132,species x GSA x stratum x year,TRUE
Macropodia longipes,1,1995,2,ESP_1_COR_1995_11_4_24,0.0046359658228537,0.00420950521071055,species x GSA x year (stratum cell too small),TRUE
Macropodia longipes,1,1998,5,ESP_1_COR_1998_14_5_7,0.0242593002773998,0.004521611550447,species x GSA x year (stratum cell too small),TRUE
Macropodia longipes,1,2002,4,ESP_1_COR_2002_5_5_12,0.00960442571937149,0.00934776439851853,species x GSA x year (stratum cell too small),TRUE
Macropodia longipes,1,2003,2,ESP_1_COR_2003_138_5_25,0.00143282897753324,0.000960573526086677,species x GSA x year (stratum cell too small),TRUE
Macropodia longipes,1,2004,3,ESP_1_COR_2004_1_5_6,0.00739644970414201,0.00345199593464392,species x GSA x year (stratum cell too small),TRUE
Macropodia longipes,1,2006,4,ESP_1_COR_2006_37_5_13,0.00534178522462207,0.00381613329172954,species x GSA x year (stratum cell too small),TRUE
Macropodia longipes,1,2011,3,ESP_1_COR_2011_1_5_5,0.00783527696793003,0.00413336889713044,species x GSA x year (stratum cell too small),TRUE
Macropodia longipes,1,2013,1,ESP_1_COR_2013_14_5_11,0.00787935137179507,0.00456445558927968,species x GSA x year (stratum cell too small),TRUE
Macropodia longipes,1,2014,2,ESP_1_MOL_2014_15_4_28,0.0154980627421572,0.00483565694849936,species x GSA x stratum x year,TRUE
Macropodia longipes,1,2016,1,ESP_1_MOL_2016_14_4_27,0.0104718895215655,0.00990894611104283,species x GSA x year (stratum cell too small),TRUE
Macropodia longipes,5,2016,2,ESP_5_MOL_2016_188_6_10,0.0145479307889931,0.0109091844284142,species x GSA x year (stratum cell too small),TRUE
Macropodia longipes,6,1994,2,ESP_6_COR_1994_74_6_18,0.0060134316008236,0.00393371260797242,species x GSA x year (stratum cell too small),TRUE
Macropodia longipes,6,1999,1,ESP_6_COR_1999_58_5_19,0.00839160839160839,0.00206740945166337,species x GSA x year (stratum cell too small),TRUE
Macropodia longipes,6,2000,2,ESP_6_COR_2000_105_6_21,0.172132593736956,0.00280012573625659,species x GSA x stratum x year,TRUE
Macropodia longipes,6,2001,2,ESP_6_COR_2001_118_6_13,0.00288865779626519,0.00229490907017115,species x GSA x stratum x year,TRUE
Macropodia longipes,6,2011,2,ESP_6_COR_2011_43_5_18,0.0133942772950257,0.00807982779742689,species x GSA x stratum x year,TRUE
Macropodia longipes,6,2012,3,ESP_6_COR_2012_119_5_25,0.00473653049141504,0.00452838941735778,species x GSA x stratum x year,TRUE
Macropodia longipes,6,2015,3,ESP_6_MOL_2015_135_5_27,0.0199440593457376,0.0199185017407451,species x GSA x stratum x year,TRUE
Macropodia longipes,6,2016,2,ESP_6_MOL_2016_112_5_21,0.0198338464589823,0.0188385132488787,species x GSA x stratum x year,TRUE
Macropodia longipes,6,2018,2,ESP_6_MOL_2018_100_5_23,0.0182078456979256,0.015413084622395,species x GSA x stratum x year,TRUE
Macropodia longipes,6,2020,2,ESP_6_MOL_2020_5_5_31,0.00640875435845365,0.0041799307577353,species x GSA x stratum x year,TRUE
Macropodia longipes,7,2019,2,FRA_7_LEU_2019_35_6_4,0.0346016035111522,0.0266758704528485,species x GSA x stratum x year,TRUE
Macropodia longipes,7,2021,2,FRA_7_LEU_2021_75_6_17,0.0151593901593902,0.0131440534018919,species x GSA x stratum x year,TRUE
Macropodia longipes,7,2023,2,FRA_7_LEU_2023_61_6_13,0.0245078163715818,0.0156371027593748,species x GSA x stratum x year,TRUE
Macropodia tenuirostris,7,2019,2,FRA_7_LEU_2019_35_6_4,0.0346016035111522,0.0266758704528485,species x GSA x stratum x year,TRUE
Macropodia tenuirostris,7,2021,2,FRA_7_LEU_2021_75_6_17,0.0151593901593902,0.0131440534018919,species x GSA x stratum x year,TRUE
Macropodia tenuirostris,7,2023,2,FRA_7_LEU_2023_61_6_13,0.0245078163715818,0.0156371027593748,species x GSA x stratum x year,TRUE
Macroramphosus scolopax,1,1999,2,ESP_1_COR_1999_10_5_6,0.941089118217467,0.0610474618462212,species x GSA x year (stratum cell too small),TRUE
Macroramphosus scolopax,1,2002,3,ESP_1_COR_2002_41_5_21,0.0125770896091461,0.00889308230989668,species x GSA x year (stratum cell too small),TRUE
Macroramphosus scolopax,1,2003,3,ESP_1_COR_2003_32_5_3,0.0189593120783085,0.0103655091112709,species x GSA x year (stratum cell too small),TRUE
Macroramphosus scolopax,1,2007,3,ESP_1_COR_2007_30_5_25,0.206865927599038,0.19006436258281,species x GSA x year (stratum cell too small),TRUE
Macroramphosus scolopax,1,2019,3,ESP_1_MOL_2019_49_5_9,0.589563080063969,0.33812459635094,species x GSA x year (stratum cell too small),TRUE
Macroramphosus scolopax,5,2008,4,ESP_5_COR_2008_175_6_18,0.292992839863967,0.163692024990715,species x GSA x year (stratum cell too small),TRUE
Macroramphosus scolopax,5,2015,3,ESP_5_MOL_2015_176_6_7,0.340636533102173,0.318065686637527,species x GSA x year (stratum cell too small),TRUE
Macroramphosus scolopax,5,2017,5,ESP_5_MOL_2017_191_6_11,1.27834970752132,0.848779049485464,species x GSA x year (stratum cell too small),TRUE
Macroramphosus scolopax,5,2018,3,ESP_5_MOL_2018_208_6_21,0.732570678720274,0.716387160048029,species x GSA x stratum x year,TRUE
Macroramphosus scolopax,5,2019,3,ESP_5_MOL_2019_197_6_17,0.672899842507655,0.437065466798032,species x GSA x stratum x year,TRUE
Macroramphosus scolopax,6,1994,3,ESP_6_COR_1994_57_6_14,0.0406869486836248,0.0378765709558037,species x GSA x stratum x year,TRUE
Macroramphosus scolopax,6,1998,3,ESP_6_COR_1998_77_5_28,0.629175739368397,0.0246623850592407,species x GSA x stratum x year,TRUE
Macroramphosus scolopax,6,1999,3,ESP_6_COR_1999_70_5_22,0.20082652415216,0.117089245511813,species x GSA x stratum x year,TRUE
Macroramphosus scolopax,6,2004,3,ESP_6_COR_2004_75_5_22,0.214738741880802,0.0119226723314922,species x GSA x stratum x year,TRUE
Macroramphosus scolopax,6,2005,3,ESP_6_COR_2005_68_5_25,0.268356123763577,0.0730342797136468,species x GSA x stratum x year,TRUE
Macroramphosus scolopax,6,2006,3,ESP_6_COR_2006_126_6_9,0.349748854199202,0.0694310135499671,species x GSA x stratum x year,TRUE
Macroramphosus scolopax,6,2010,2,ESP_6_COR_2010_48_6_3,0.0416166583446729,0.0363035171603347,species x GSA x year (stratum cell too small),TRUE
Macroramphosus scolopax,6,2011,3,ESP_6_COR_2011_50_5_19,0.102609754057427,0.101210238537145,species x GSA x stratum x year,TRUE
Macroramphosus scolopax,6,2017,4,ESP_6_MOL_2017_74_5_13,0.117049451305696,0.0492913368678955,species x GSA x stratum x year,TRUE
Macroramphosus scolopax,6,2020,3,ESP_6_MOL_2020_15_6_1,0.416734617518439,0.239791486308258,species x GSA x stratum x year,TRUE
Macroramphosus scolopax,6,2021,3,ESP_6_MOL_2021_136_5_28,0.569459295393636,0.428824755315577,species x GSA x stratum x year,TRUE
Macroramphosus scolopax,7,2014,3,FRA_7_LEU_2014_70_6_19,0.282082368436755,0.182406792280836,species x GSA x year (stratum cell too small),TRUE
Macroramphosus scolopax,7,2018,3,FRA_7_LEU_2018_34_6_3,0.170767105214025,0.114691230788695,species x GSA x stratum x year,TRUE
Macroramphosus scolopax,7,2020,3,FRA_7_LEU_2020_13_10_8,0.035691778790164,0.0272858952050028,species x GSA x year (stratum cell too small),TRUE
Macroramphosus scolopax,7,2021,3,FRA_7_LEU_2021_68_6_13,0.45604495903436,0.419534170957073,species x GSA x stratum x year,TRUE
Macroramphosus scolopax,8,2019,3,FRA_8_LEU_2019_12_5_26,0.439638033491688,0.203832072790329,species x GSA x year (stratum cell too small),TRUE
Macroramphosus scolopax,9,2010,3,ITA_9_LIB_2010_95_5_20,0.194701176043023,0.187392621357836,species x GSA x stratum x year,TRUE
Macroramphosus scolopax,9,2014,3,ITA_9_LIB_2014_16_9_18,1.14123998734973,1.13153767116281,species x GSA x stratum x year,TRUE
Macroramphosus scolopax,9,2015,4,ITA_9_LIB_2015_115_7_9,0.0991779491074383,0.0685917778497032,species x GSA x stratum x year,TRUE
Macroramphosus scolopax,9,2016,3,ITA_9_SAN_2016_95_6_8,1.52873376760046,0.519325617083699,species x GSA x stratum x year,TRUE
Macroramphosus scolopax,9,2019,3,ITA_9_SAN_2019_42_6_17,2.27347854415392,1.44287756110227,species x GSA x stratum x year,TRUE
Macroramphosus scolopax,9,2021,4,ITA_9_SAN_2021_115_8_30,0.0604758338015569,0.0280049286685028,species x GSA x stratum x year,TRUE
Macroramphosus scolopax,9,2023,4,ITA_9_SAN_2023_115_10_3,0.106438681792725,0.0100368258753554,species x GSA x stratum x year,TRUE
Macroramphosus scolopax,10,1995,3,ITA_10_SAN_1995_141_7_2,0.0173194939131614,0.0142427497692412,species x GSA x year (stratum cell too small),TRUE
Macroramphosus scolopax,10,2002,3,ITA_10_GAB_2002_31_7_30,2.16454287569621,0.0831832698294885,species x GSA x year (stratum cell too small),TRUE
Macroramphosus scolopax,10,2004,3,ITA_10_PEC_2004_17_6_2,0.624393278829354,0.116538736417368,species x GSA x stratum x year,TRUE
Macroramphosus scolopax,10,2005,3,ITA_10_PEC_2005_17_7_1,2.51704391919303,0.474099565080169,species x GSA x stratum x year,TRUE
Macroramphosus scolopax,10,2008,3,ITA_10_PEC_2008_17_7_28,0.514358101189663,0.344570507267022,species x GSA x stratum x year,TRUE
Macroramphosus scolopax,10,2012,3,ITA_10_PEC_2012_17_6_29,0.963713767095329,0.801977250389022,species x GSA x stratum x year,TRUE
Macroramphosus scolopax,10,2015,3,ITA_10_PEC_2015_17_6_13,0.663873177140443,0.50718784336091,species x GSA x stratum x year,TRUE
Macroramphosus scolopax,10,2017,2,ITA_10_SAN_2017_53_11_5,0.513284098330503,0.240620698946132,species x GSA x year (stratum cell too small),TRUE
Macroramphosus scolopax,11,1995,3,ITA_11_NUS_1995_89_7_20,0.181709645991385,0.152626833857015,species x GSA x stratum x year,TRUE
Macroramphosus scolopax,11,2000,3,ITA_11_NUS_2000_107_7_17,11.2955894621813,1.11618346438127,species x GSA x stratum x year,TRUE
Macroramphosus scolopax,11,2002,4,ITA_11_NUS_2002_30_7_23,0.106532430331416,0.0844944134886076,species x GSA x year (stratum cell too small),TRUE
Macroramphosus scolopax,11,2013,3,ITA_11_GIS_2013_15_7_4,16.9933386774676,0.367038180274731,species x GSA x stratum x year,TRUE
Macroramphosus scolopax,11,2023,3,ITA_11_GIS_2023_36_7_28,6.91805755372785,4.07578161522139,species x GSA x stratum x year,TRUE
Maurolicus muelleri,1,2001,3,ESP_1_COR_2001_2_5_12,0.621915359863748,0.0322333422496839,species x GSA x year (stratum cell too small),TRUE
Maurolicus muelleri,1,2002,3,ESP_1_COR_2002_3_5_11,0.0193918803205574,0.014358966414623,species x GSA x year (stratum cell too small),TRUE
Maurolicus muelleri,1,2016,4,ESP_1_MOL_2016_20_4_28,0.0853259676597279,0.00948264104395194,species x GSA x year (stratum cell too small),TRUE
Maurolicus muelleri,5,2008,4,ESP_5_COR_2008_151_6_12,0.00168308459529688,0.000506340962443119,species x GSA x year (stratum cell too small),TRUE
Maurolicus muelleri,5,2015,4,ESP_5_MOL_2015_218_6_16,0.0115466479927414,0.000296186353152004,species x GSA x year (stratum cell too small),TRUE
Maurolicus muelleri,6,1999,4,ESP_6_COR_1999_92_5_28,0.0017120669229674,0.00080016656754598,species x GSA x year (stratum cell too small),TRUE
Maurolicus muelleri,6,2002,3,ESP_6_COR_2002_64_5_27,0.0118518210992013,0.00555998768015742,species x GSA x year (stratum cell too small),TRUE
Maurolicus muelleri,6,2003,3,ESP_6_COR_2003_53_5_7,0.196859431859756,0.118320721502363,species x GSA x year (stratum cell too small),TRUE
Maurolicus muelleri,6,2013,3,ESP_6_COR_2013_74_5_28,0.00598146984342433,0.00201518088658477,species x GSA x year (stratum cell too small),TRUE
Maurolicus muelleri,6,2016,4,ESP_6_MOL_2016_91_5_16,0.00178270173164112,0.000830216403713021,species x GSA x year (stratum cell too small),TRUE
Maurolicus muelleri,6,2018,3,ESP_6_MOL_2018_95_5_22,0.0553855193157887,0.0248527771049896,species x GSA x year (stratum cell too small),TRUE
Maurolicus muelleri,9,2006,3,ITA_9_LIB_2006_84_6_16,0.0133654319177566,0.00873779424815841,species x GSA x year (stratum cell too small),TRUE
Maurolicus muelleri,9,2015,4,ITA_9_LIB_2015_54_7_23,0.0479451411430986,0.00801643818714973,species x GSA x stratum x year,TRUE
Maurolicus muelleri,9,2018,4,ITA_9_SAN_2018_94_6_27,0.00704576267359391,0.00291608965162712,species x GSA x stratum x year,TRUE
Medorippe lanata,6,1994,2,ESP_6_COR_1994_45_6_11,0.0469086644666867,0.0338757834329556,species x GSA x year (stratum cell too small),TRUE
Medorippe lanata,6,1997,1,ESP_6_COR_1997_50_5_23,0.0581680137154053,0.0299308768812141,species x GSA x year (stratum cell too small),TRUE
Medorippe lanata,6,2007,2,ESP_6_COR_2007_76_6_6,0.0188921056528244,0.014645706633667,species x GSA x stratum x year,TRUE
Medorippe lanata,6,2009,2,ESP_6_COR_2009_58_4_23,0.0101730991955426,0.00923706067260006,species x GSA x year (stratum cell too small),TRUE
Medorippe lanata,6,2013,1,ESP_6_COR_2013_100_6_3,0.0168974325842138,0.0152965467760557,species x GSA x year (stratum cell too small),TRUE
Medorippe lanata,6,2021,1,ESP_6_MOL_2021_121_5_26,0.0104964836779679,0.00690076578874725,species x GSA x year (stratum cell too small),TRUE
Medorippe lanata,7,1994,1,FRA_7_LEU_1994_10_5_18,0.152641878669276,0.151359552058494,species x GSA x stratum x year,TRUE
Medorippe lanata,7,2014,2,FRA_7_LEU_2014_62_6_17,0.0303617207260369,0.0248004840205656,species x GSA x stratum x year,TRUE
Medorippe lanata,7,2017,2,FRA_7_LEU_2017_52_6_13,0.0243165862650508,0.0214279257984936,species x GSA x year (stratum cell too small),TRUE
Medorippe lanata,7,2019,2,FRA_7_LEU_2019_43_6_6,0.185163822656835,0.182543112677732,species x GSA x stratum x year,TRUE
Medorippe lanata,7,2021,2,FRA_7_LEU_2021_77_6_18,0.0679012345679012,0.0625871189732334,species x GSA x stratum x year,TRUE
Medorippe lanata,9,1997,2,ITA_9_FRP_1997_61_6_5,0.0756048387096774,0.0575428209271036,species x GSA x year (stratum cell too small),TRUE
Medorippe lanata,9,1998,1,ITA_9_FRP_1998_120_5_28,0.201382490799337,0.0723455557173183,species x GSA x stratum x year,TRUE
Medorippe lanata,9,1999,3,ITA_9_FRP_1999_32_6_30,0.078204601111846,0.0437971196137404,species x GSA x stratum x year,TRUE
Medorippe lanata,9,2001,1,ITA_9_FRP_2001_120_6_1,0.103844855785457,0.0935816469846393,species x GSA x stratum x year,TRUE
Medorippe lanata,9,2003,1,ITA_9_CIR_2003_138_7_7,0.119990400767939,0.0823526681301443,species x GSA x stratum x year,TRUE
Medorippe lanata,9,2004,1,ITA_9_LIB_2004_124_6_8,0.132170235263019,0.0896716163730446,species x GSA x stratum x year,TRUE
Medorippe lanata,9,2005,1,ITA_9_LIB_2005_120_7_6,0.651557766025606,0.124065599547313,species x GSA x year (stratum cell too small),TRUE
Medorippe lanata,9,2006,1,ITA_9_LIB_2006_121_6_8,0.0347308360208385,0.0259265260137586,species x GSA x year (stratum cell too small),TRUE
Medorippe lanata,9,2008,1,ITA_9_LIB_2008_47_5_18,0.0605631158511843,0.0196071554138131,species x GSA x year (stratum cell too small),TRUE
Medorippe lanata,9,2012,2,ITA_9_LIB_2012_88_6_29,0.069205349573522,0.0613283349395101,species x GSA x stratum x year,TRUE
Meganyctiphanes norvegica,1,2003,4,ESP_1_COR_2003_12_4_28,0.00231485289521119,0.000311387101064549,species x GSA x year (stratum cell too small),TRUE
Meganyctiphanes norvegica,6,2003,4,ESP_6_COR_2003_43_5_5,0.452687316524459,0.00554987681912458,species x GSA x stratum x year,TRUE
Meganyctiphanes norvegica,6,2004,4,ESP_6_COR_2004_83_5_23,0.00994114456354515,0.00175922670189253,species x GSA x year (stratum cell too small),TRUE
Merluccius merluccius,1,1997,4,ESP_1_COR_1997_28_5_18,2.18703158576927,1.79523581395655,species x GSA x year (stratum cell too small),TRUE
Merluccius merluccius,1,1998,1,ESP_1_COR_1998_4_5_5,1.2629458970817,0.797260430361378,species x GSA x year (stratum cell too small),TRUE
Merluccius merluccius,1,1999,3,ESP_1_COR_1999_27_5_10,1.46570164870116,1.22117830847631,species x GSA x year (stratum cell too small),TRUE
Merluccius merluccius,1,2006,2,ESP_1_COR_2006_3_5_5,0.8443013353681,0.77974032974855,species x GSA x year (stratum cell too small),TRUE
Merluccius merluccius,1,2008,3,ESP_1_COR_2008_39_5_15,1.41206155813643,1.32004488194372,species x GSA x year (stratum cell too small),TRUE
Merluccius merluccius,1,2009,3,ESP_1_COR_2009_3_4_8,2.68493789012148,2.25371981224387,species x GSA x year (stratum cell too small),TRUE
Merluccius merluccius,1,2010,2,ESP_1_COR_2010_20_5_22,3.49299340452985,3.36270613922859,species x GSA x year (stratum cell too small),TRUE
Merluccius merluccius,5,2019,2,ESP_5_MOL_2019_180_6_13,1.6885755034021,0.770013160299179,species x GSA x stratum x year,TRUE
Merluccius merluccius,6,1995,3,ESP_6_COR_1995_88_5_17,1.74619894247155,0.826343211950279,species x GSA x stratum x year,TRUE
Merluccius merluccius,6,1997,3,ESP_6_COR_1997_58_5_25,2.97842219239599,2.14565770679641,species x GSA x stratum x year,TRUE
Merluccius merluccius,6,1998,2,ESP_6_COR_1998_70_5_26,1.56200655203444,1.52090170769551,species x GSA x stratum x year,TRUE
Merluccius merluccius,6,2002,3,ESP_6_COR_2002_110_6_8,3.88186847269152,2.20470802560083,species x GSA x stratum x year,TRUE
Merluccius merluccius,6,2007,2,ESP_6_COR_2007_100_6_11,1.28611592787984,1.16363344371746,species x GSA x stratum x year,TRUE
Merluccius merluccius,6,2008,3,ESP_6_COR_2008_102_5_29,5.60801583543294,2.90935343954863,species x GSA x stratum x year,TRUE
Merluccius merluccius,6,2009,2,ESP_6_COR_2009_85_4_29,5.77241987020114,5.20236153545201,species x GSA x stratum x year,TRUE
Merluccius merluccius,6,2010,2,ESP_6_COR_2010_27_5_25,2.96567183716212,2.59089830565427,species x GSA x stratum x year,TRUE
Merluccius merluccius,6,2012,2,ESP_6_COR_2012_108_5_23,3.6981646267473,2.43161621845636,species x GSA x stratum x year,TRUE
Merluccius merluccius,6,2016,2,ESP_6_MOL_2016_137_5_28,2.51991243931401,1.00523157539631,species x GSA x stratum x year,TRUE
Merluccius merluccius,6,2018,3,ESP_6_MOL_2018_142_6_2,3.53035873151857,3.41381860170006,species x GSA x stratum x year,TRUE
Merluccius merluccius,7,1996,1,FRA_7_LEU_1996_82_6_22,0.810267320491927,0.793388703535274,species x GSA x stratum x year,TRUE
Merluccius merluccius,7,1997,4,FRA_7_LEU_1997_23_6_10,5.32889217088546,1.43068804909414,species x GSA x year (stratum cell too small),TRUE
Merluccius merluccius,7,1999,1,FRA_7_LEU_1999_67_5_30,1.21345618980977,1.08020343893434,species x GSA x stratum x year,TRUE
Merluccius merluccius,7,2001,1,FRA_7_LEU_2001_78_6_28,1.3439411223712,1.15330584285458,species x GSA x stratum x year,TRUE
Merluccius merluccius,7,2016,2,FRA_7_LEU_2016_70_6_18,2.05186428810004,1.38219055508166,species x GSA x stratum x year,TRUE
Merluccius merluccius,7,2018,1,FRA_7_LEU_2018_79_6_19,0.782327776052259,0.771905562262854,species x GSA x stratum x year,TRUE
Merluccius merluccius,7,2020,2,FRA_7_LEU_2020_11_10_8,1.15088163868652,1.06237352004777,species x GSA x stratum x year,TRUE
Merluccius merluccius,7,2021,3,FRA_7_LEU_2021_67_6_13,2.64037938237273,1.73228274598767,species x GSA x stratum x year,TRUE
Merluccius merluccius,8,2012,4,FRA_8_LEU_2012_20_5_31,0.863292072264892,0.796747158604861,species x GSA x year (stratum cell too small),TRUE
Merluccius merluccius,8,2017,5,FRA_8_LEU_2017_23_6_4,0.424615257151142,0.32332246757828,species x GSA x year (stratum cell too small),TRUE
Merluccius merluccius,8,2018,4,FRA_8_LEU_2018_5_5_25,3.22777823245784,2.13523739645834,species x GSA x stratum x year,TRUE
Merluccius merluccius,9,1996,2,ITA_9_FRP_1996_117_6_27,1.26033594926218,0.917500810600016,species x GSA x stratum x year,TRUE
Merluccius merluccius,9,1999,5,ITA_9_FRP_1999_153_6_22,0.805459100554955,0.507067219257369,species x GSA x stratum x year,TRUE
Merluccius merluccius,9,2008,4,ITA_9_LIB_2008_64_5_18,4.6196319760947,2.41893261064547,species x GSA x stratum x year,TRUE
Merluccius merluccius,9,2011,4,ITA_9_LIB_2011_83_6_5,0.950540163458689,0.789150293565818,species x GSA x stratum x year,TRUE
Merluccius merluccius,9,2012,3,ITA_9_LIB_2012_32_7_12,2.24774817942975,1.47620677496365,species x GSA x stratum x year,TRUE
Merluccius merluccius,9,2018,4,ITA_9_SAN_2018_94_6_27,3.63234698659136,1.47974397751499,species x GSA x stratum x year,TRUE
Merluccius merluccius,9,2019,3,ITA_9_SAN_2019_63_6_8,4.15438902833861,3.38892456798235,species x GSA x stratum x year,TRUE
Merluccius merluccius,9,2021,4,ITA_9_SAN_2021_9_9_16,3.87345595800039,2.24438077356224,species x GSA x stratum x year,TRUE
Merluccius merluccius,10,2002,4,ITA_10_GAB_2002_60_7_24,1.03132439150851,0.700135042798269,species x GSA x stratum x year,TRUE
Merluccius merluccius,10,2003,4,ITA_10_DAP_2003_26_8_9,2.33039208103021,2.00025507510348,species x GSA x stratum x year,TRUE
Merluccius merluccius,10,2004,4,ITA_10_PEC_2004_12_5_30,1.38911236111907,1.1805669982725,species x GSA x stratum x year,TRUE
Merluccius merluccius,10,2005,3,ITA_10_PEC_2005_34_6_29,2.419897663996,1.86108631297114,species x GSA x stratum x year,TRUE
Merluccius merluccius,10,2006,3,ITA_10_PEC_2006_3_6_19,2.69662407667413,2.05060964899112,species x GSA x stratum x year,TRUE
Merluccius merluccius,10,2010,4,ITA_10_PEC_2010_36_5_28,5.64990328820116,4.40474810654684,species x GSA x stratum x year,TRUE
Merluccius merluccius,10,2017,3,ITA_10_SAN_2017_3_10_19,1.50354491524115,0.941375502779333,species x GSA x stratum x year,TRUE
Merluccius merluccius,10,2020,2,ITA_10_SAN_2020_2_12_16,3.49292101341282,3.00597798766147,species x GSA x year (stratum cell too small),TRUE
Merluccius merluccius,10,2023,2,ITA_10_SAN_2023_44_12_17,5.79094564313633,5.32732675690998,species x GSA x year (stratum cell too small),TRUE
Merluccius merluccius,11,1994,4,ITA_11_NUS_1994_92_7_27,34.4279313589676,8.84557560027564,species x GSA x stratum x year,TRUE
Merluccius merluccius,11,2000,2,ITA_11_NUS_2000_80_7_3,4.13025734675308,3.76427042561891,species x GSA x stratum x year,TRUE
Merluccius merluccius,11,2001,4,ITA_11_NUS_2001_100_7_10,51.364400634309,5.82024587832933,species x GSA x stratum x year,TRUE
Merluccius merluccius,11,2004,2,ITA_11_GIS_2004_52_7_15,7.52097122261014,6.3649860117399,species x GSA x stratum x year,TRUE
Merluccius merluccius,11,2005,4,ITA_11_GIS_2005_94_7_27,30.4673899983789,29.3206197121122,species x GSA x stratum x year,TRUE
Merluccius merluccius,11,2007,4,ITA_11_GIS_2007_84_8_27,5.90904357393259,4.80812076833724,species x GSA x stratum x year,TRUE
Merluccius merluccius,11,2008,4,ITA_11_GIS_2008_85_7_17,2.02888489276827,1.96455816308019,species x GSA x stratum x year,TRUE
Merluccius merluccius,11,2023,2,ITA_11_GIS_2023_57_8_8,3.88007054673721,2.78027605093312,species x GSA x stratum x year,TRUE
Mesothuria intestinalis,1,2018,5,ESP_1_MOL_2018_4_4_27,0.0331507234162101,0.0149935732512042,species x GSA x stratum x year,TRUE
Microchirus boscanion,1,2012,1,ESP_1_COR_2012_5_4_27,6.44522450860899,0.710403679419029,species x GSA x year (stratum cell too small),TRUE
Microchirus variegatus,6,2016,3,ESP_6_MOL_2016_140_5_28,0.12548506930618,0.0694334733859242,species x GSA x year (stratum cell too small),TRUE
Microchirus variegatus,7,1996,2,FRA_7_LEU_1996_77_6_19,0.304820141540078,0.224214364508007,species x GSA x stratum x year,TRUE
Microchirus variegatus,7,2006,2,FRA_7_LEU_2006_66_6_27,0.212486548184923,0.147038378724571,species x GSA x stratum x year,TRUE
Microchirus variegatus,7,2007,2,FRA_7_LEU_2007_43_6_21,0.669513961065834,0.0973834498895848,species x GSA x stratum x year,TRUE
Microchirus variegatus,7,2008,2,FRA_7_LEU_2008_46_6_3,0.0653391997309203,0.0454332341540534,species x GSA x stratum x year,TRUE
Microchirus variegatus,7,2009,2,FRA_7_LEU_2009_69_6_12,0.11527927779174,0.095601659143262,species x GSA x stratum x year,TRUE
Microchirus variegatus,7,2011,2,FRA_7_LEU_2011_70_6_14,0.154940197546025,0.117022307133067,species x GSA x year (stratum cell too small),TRUE
Microchirus variegatus,7,2012,2,FRA_7_LEU_2012_34_6_7,0.41796788428402,0.144021106233037,species x GSA x stratum x year,TRUE
Microchirus variegatus,7,2019,2,FRA_7_LEU_2019_40_6_6,0.350361585096394,0.0853645608656776,species x GSA x year (stratum cell too small),TRUE
Microchirus variegatus,11,1996,2,ITA_11_NUS_1996_53_7_12,0.0765672787833617,0.0689220467707826,species x GSA x year (stratum cell too small),TRUE
Microcosmus sabatieri,7,2002,2,FRA_7_LEU_2002_55_6_28,0.0132870746290692,0.00799968491970256,species x GSA x year (stratum cell too small),TRUE
Microcosmus spp.,11,2017,1,ITA_11_GIS_2017_44_11_10,0.675205668759681,0.144823637957486,species x GSA x year (stratum cell too small),TRUE
Microcosmus vulgaris,5,2019,2,ESP_5_MOL_2019_179_6_13,0.0699012723721029,0.0467683308119184,species x GSA x stratum x year,TRUE
Microcosmus vulgaris,6,2015,1,ESP_6_MOL_2015_73_5_11,0.0457105287784371,0.0286763198591716,species x GSA x year (stratum cell too small),TRUE
Microcosmus vulgaris,6,2021,1,ESP_6_MOL_2021_76_5_15,0.0576171699166352,0.019813380674521,species x GSA x year (stratum cell too small),TRUE
Microichthys coccoi,10,2016,4,ITA_10_PEC_2016_64_9_8,0.000624723215310438,0.000390054244606771,species x GSA x year (stratum cell too small),TRUE
Micromesistius poutassou,1,1997,3,ESP_1_COR_1997_9_5_12,80.0658602116067,42.5912023213363,species x GSA x year (stratum cell too small),TRUE
Micromesistius poutassou,1,1998,5,ESP_1_COR_1998_14_5_7,0.322046023331095,0.304132563732387,species x GSA x year (stratum cell too small),TRUE
Micromesistius poutassou,1,2002,4,ESP_1_COR_2002_29_5_18,14.0132593566986,11.0715637428081,species x GSA x stratum x year,TRUE
Micromesistius poutassou,1,2009,5,ESP_1_COR_2009_6_4_9,1.9183268829895,1.91063381595538,species x GSA x year (stratum cell too small),TRUE
Micromesistius poutassou,1,2011,4,ESP_1_COR_2011_18_5_9,0.497709382239177,0.425547891985493,species x GSA x year (stratum cell too small),TRUE
Micromesistius poutassou,1,2013,4,ESP_1_COR_2013_43_5_19,2.00606343571988,0.465438008006591,species x GSA x year (stratum cell too small),TRUE
Micromesistius poutassou,1,2015,3,ESP_1_MOL_2015_70_5_9,0.197598329142936,0.047592355741196,species x GSA x year (stratum cell too small),TRUE
Micromesistius poutassou,5,2009,3,ESP_5_COR_2009_120_5_10,11.3842151891693,1.6269359024409,species x GSA x year (stratum cell too small),TRUE
Micromesistius poutassou,5,2010,4,ESP_5_COR_2010_104_6_17,8.00926416432646,2.52808543995712,species x GSA x year (stratum cell too small),TRUE
Micromesistius poutassou,5,2012,4,ESP_5_COR_2012_154_6_4,0.468545143707693,0.306487329281269,species x GSA x year (stratum cell too small),TRUE
Micromesistius poutassou,5,2013,4,ESP_5_COR_2013_165_6_19,0.372279733180197,0.349255520988572,species x GSA x year (stratum cell too small),TRUE
Micromesistius poutassou,5,2015,4,ESP_5_MOL_2015_187_6_9,0.205364986356925,0.168479591633615,species x GSA x year (stratum cell too small),TRUE
Micromesistius poutassou,6,1998,3,ESP_6_COR_1998_66_5_22,2.06069674810866,0.362611250725119,species x GSA x year (stratum cell too small),TRUE
Micromesistius poutassou,6,2001,3,ESP_6_COR_2001_119_6_13,19.9168220605601,5.69180272904363,species x GSA x year (stratum cell too small),TRUE
Micromesistius poutassou,6,2004,4,ESP_6_COR_2004_106_5_29,12.009278091478,11.2247213002998,species x GSA x stratum x year,TRUE
Micromesistius poutassou,6,2007,4,ESP_6_COR_2007_49_5_31,21.9348168178763,9.23649932872967,species x GSA x stratum x year,TRUE
Micromesistius poutassou,6,2008,3,ESP_6_COR_2008_88_5_27,30.4724665146669,11.2194218940804,species x GSA x year (stratum cell too small),TRUE
Micromesistius poutassou,6,2017,3,ESP_6_MOL_2017_113_5_22,2.29723929648034,0.555693203566262,species x GSA x stratum x year,TRUE
Micromesistius poutassou,7,1998,4,FRA_7_LEU_1998_37_5_30,4.81389323890227,3.16721017804409,species x GSA x year (stratum cell too small),TRUE
Micromesistius poutassou,7,2004,4,FRA_7_LEU_2004_27_6_9,49.7554965553729,1.55781836395549,species x GSA x year (stratum cell too small),TRUE
Micromesistius poutassou,7,2009,4,FRA_7_LEU_2009_29_5_31,5.66830154702734,2.01156808104434,species x GSA x year (stratum cell too small),TRUE
Micromesistius poutassou,7,2010,5,FRA_7_LEU_2010_26_5_24,1.44947061703716,0.826002909987714,species x GSA x year (stratum cell too small),TRUE
Micromesistius poutassou,7,2012,4,FRA_7_LEU_2012_80_6_21,13.6223412147468,1.22042712831304,species x GSA x year (stratum cell too small),TRUE
Micromesistius poutassou,7,2016,4,FRA_7_LEU_2016_36_6_5,1.7064688678879,0.78821581205491,species x GSA x year (stratum cell too small),TRUE
Micromesistius poutassou,8,1995,4,FRA_8_LEU_1995_71_7_15,6.86828325848203,3.16978068711089,species x GSA x year (stratum cell too small),TRUE
Micromesistius poutassou,8,2015,4,FRA_8_LEU_2015_3_5_24,1.12920251506229,0.572233763211328,species x GSA x stratum x year,TRUE
Micromesistius poutassou,8,2021,4,FRA_8_LEU_2021_4_5_23,0.983255633497916,0.657900981899508,species x GSA x year (stratum cell too small),TRUE
Micromesistius poutassou,9,1997,4,ITA_9_FRP_1997_98_7_2,0.187424068605622,0.132325376658092,species x GSA x stratum x year,TRUE
Micromesistius poutassou,9,1998,4,ITA_9_FRP_1998_115_5_29,1.12313114807372,0.412988682127893,species x GSA x stratum x year,TRUE
Micromesistius poutassou,9,2002,4,ITA_9_FRP_2002_98_7_25,0.784430338152307,0.229445032034358,species x GSA x stratum x year,TRUE
Micromesistius poutassou,9,2008,4,ITA_9_LIB_2008_152_5_5,0.343850075725286,0.295424392055424,species x GSA x stratum x year,TRUE
Micromesistius poutassou,9,2011,4,ITA_9_LIB_2011_98_6_13,0.238661028394355,0.184514440777649,species x GSA x stratum x year,TRUE
Micromesistius poutassou,9,2012,4,ITA_9_LIB_2012_98_6_28,0.650069817320636,0.291312074672508,species x GSA x stratum x year,TRUE
Micromesistius poutassou,9,2013,4,ITA_9_LIB_2013_94_7_5,0.630321564306729,0.101751373773757,species x GSA x stratum x year,TRUE
Micromesistius poutassou,9,2019,4,ITA_9_SAN_2019_94_6_3,2.27934835090161,0.449536408504678,species x GSA x stratum x year,TRUE
Micromesistius poutassou,10,1999,4,ITA_10_SAN_1999_111_5_18,0.265963722620501,0.157369538446939,species x GSA x stratum x year,TRUE
Micromesistius poutassou,10,2003,4,ITA_10_DAP_2003_59_8_1,0.268784549981628,0.243133997284549,species x GSA x stratum x year,TRUE
Micromesistius poutassou,10,2005,4,ITA_10_PEC_2005_59_6_25,1.69878867721375,0.255646858620429,species x GSA x stratum x year,TRUE
Micromesistius poutassou,10,2006,4,ITA_10_PEC_2006_59_6_15,2.56214500451786,0.893640913765905,species x GSA x stratum x year,TRUE
Micromesistius poutassou,10,2013,4,ITA_10_PEC_2013_1_7_3,0.0518557659278194,0.0408600625338014,species x GSA x stratum x year,TRUE
Micromesistius poutassou,11,1995,4,ITA_11_NUS_1995_102_7_26,3.12596891471536,2.16892445415187,species x GSA x stratum x year,TRUE
Micromesistius poutassou,11,1996,5,ITA_11_NUS_1996_120_8_1,0.629216808227166,0.0632779544103511,species x GSA x stratum x year,TRUE
Micromesistius poutassou,11,1998,4,ITA_11_NUS_1998_10_5_27,0.290999299503644,0.272337684531358,species x GSA x stratum x year,TRUE
Micromesistius poutassou,11,2001,4,ITA_11_NUS_2001_27_6_12,1.21212974013506,1.08832554432513,species x GSA x stratum x year,TRUE
Micromesistius poutassou,11,2002,4,ITA_11_NUS_2002_36_7_25,0.906946090221457,0.298904988434943,species x GSA x stratum x year,TRUE
Micromesistius poutassou,11,2013,4,ITA_11_GIS_2013_16_7_4,3.37304692740589,1.54232654343058,species x GSA x stratum x year,TRUE
Micromesistius poutassou,11,2016,4,ITA_11_GIS_2016_37_6_16,3.6629219455576,0.393421208899124,species x GSA x stratum x year,TRUE
Micromesistius poutassou,11,2019,4,ITA_11_GIS_2019_35_6_11,0.401952930876413,0.390263631427518,species x GSA x stratum x year,TRUE
Molgula appendiculata,5,2012,2,ESP_5_COR_2012_144_6_2,0.587280701754386,0.0378883535371809,species x GSA x year (stratum cell too small),TRUE
Molgula appendiculata,6,2015,2,ESP_6_MOL_2015_123_5_24,0.236085009303152,0.0101051253071924,species x GSA x year (stratum cell too small),TRUE
Molgula spp.,6,2019,1,ESP_6_MOL_2019_125_5_29,0.00892635755021076,0.00656909851343829,species x GSA x year (stratum cell too small),TRUE
Molva dypterygia,5,2014,4,ESP_5_MOL_2014_176_6_7,0.0774201007677764,0.0608835829307944,species x GSA x year (stratum cell too small),TRUE
Molva dypterygia,5,2021,4,ESP_5_MOL_2021_192_6_13,0.0563248542897122,0.0453130841842089,species x GSA x stratum x year,TRUE
Molva dypterygia,6,2004,3,ESP_6_COR_2004_53_5_17,0.018514096353211,0.0173284582268211,species x GSA x year (stratum cell too small),TRUE
Molva dypterygia,6,2006,5,ESP_6_COR_2006_124_6_9,0.250683581351079,0.0912057096249684,species x GSA x year (stratum cell too small),TRUE
Molva dypterygia,6,2011,4,ESP_6_COR_2011_39_5_17,0.0626675642848428,0.0358066119608448,species x GSA x year (stratum cell too small),TRUE
Molva dypterygia,6,2013,4,ESP_6_COR_2013_132_6_10,0.227326981234025,0.0583975076348298,species x GSA x stratum x year,TRUE
Molva dypterygia,6,2015,5,ESP_6_MOL_2015_162_6_1,0.0667832620307177,0.0391744745784763,species x GSA x year (stratum cell too small),TRUE
Molva dypterygia,6,2021,4,ESP_6_MOL_2021_165_6_4,0.0845644863982531,0.0637046478055287,species x GSA x stratum x year,TRUE
Molva dypterygia,9,1995,5,ITA_9_FRP_1995_140_6_24,0.0642745662999545,0.0451596361594377,species x GSA x year (stratum cell too small),TRUE
Molva dypterygia,9,1999,5,ITA_9_FRP_1999_106_5_24,0.0874979013819755,0.0406581334775323,species x GSA x year (stratum cell too small),TRUE
Molva dypterygia,9,2000,5,ITA_9_FRP_2000_134_6_8,0.144429309003861,0.0934106514607196,species x GSA x year (stratum cell too small),TRUE
Molva dypterygia,9,2001,5,ITA_9_FRP_2001_109_6_5,0.211237950263748,0.13263245567255,species x GSA x year (stratum cell too small),TRUE
Molva dypterygia,9,2005,4,ITA_9_LIB_2005_40_7_31,0.0529212256121275,0.0154363671183023,species x GSA x stratum x year,TRUE
Molva dypterygia,9,2013,4,ITA_9_LIB_2013_73_7_8,0.0527215605466224,0.0209458372738652,species x GSA x stratum x year,TRUE
Molva dypterygia,9,2021,4,ITA_9_SAN_2021_82_9_4,0.028372046374143,0.0210023700400657,species x GSA x stratum x year,TRUE
Molva dypterygia,10,2009,4,ITA_10_PEC_2009_64_7_17,0.0408729238549901,0.0208997571929393,species x GSA x stratum x year,TRUE
Molva dypterygia,11,2000,5,ITA_11_NUS_2000_23_6_6,0.118368470659826,0.0600860910219985,species x GSA x year (stratum cell too small),TRUE
Molva dypterygia,11,2004,5,ITA_11_GIS_2004_11_6_30,0.186033910523044,0.0413229802186202,species x GSA x year (stratum cell too small),TRUE
Molva dypterygia,11,2007,5,ITA_11_GIS_2007_8_7_31,0.0726480428964053,0.0426648394791244,species x GSA x year (stratum cell too small),TRUE
Monochirus hispidus,11,2000,1,ITA_11_NUS_2000_72_6_29,0.048725590909496,0.0371132973966406,species x GSA x year (stratum cell too small),TRUE
Monochirus hispidus,11,2005,4,ITA_11_GIS_2005_94_7_27,0.0448259637742912,0.0296249194865766,species x GSA x year (stratum cell too small),TRUE
Monochirus hispidus,11,2010,1,ITA_11_GIS_2010_56_6_8,0.0374432653192408,0.0233765137018188,species x GSA x year (stratum cell too small),TRUE
Monochirus hispidus,11,2012,1,ITA_11_GIS_2012_13_6_7,0.0803783391127189,0.075095355398242,species x GSA x year (stratum cell too small),TRUE
Monodaeus couchii,1,2002,5,ESP_1_COR_2002_7_5_12,0.00790604490981027,0.00382663003712054,species x GSA x year (stratum cell too small),TRUE
Monodaeus couchii,1,2005,5,ESP_1_COR_2005_6_5_10,0.0243472781175257,0.0201671975126955,species x GSA x year (stratum cell too small),TRUE
Monodaeus couchii,1,2017,4,ESP_1_MOL_2017_36_5_2,0.0108876074196179,0.00576728550503732,species x GSA x year (stratum cell too small),TRUE
Monodaeus couchii,1,2018,5,ESP_1_MOL_2018_58_5_11,0.0134529147982063,0.00339078957836955,species x GSA x stratum x year,TRUE
Monodaeus couchii,1,2019,4,ESP_1_MOL_2019_24_5_3,0.0154485580473023,0.00641516295424203,species x GSA x year (stratum cell too small),TRUE
Monodaeus couchii,1,2021,4,ESP_1_MOL_2021_8_4_28,0.00564384046744279,0.0026406229919424,species x GSA x year (stratum cell too small),TRUE
Monodaeus couchii,6,2003,5,ESP_6_COR_2003_82_5_13,0.00975577749229898,0.00396120631972045,species x GSA x year (stratum cell too small),TRUE
Monodaeus couchii,6,2005,4,ESP_6_COR_2005_87_5_30,0.0113161530484365,0.00250655431406895,species x GSA x year (stratum cell too small),TRUE
Monodaeus couchii,6,2006,5,ESP_6_COR_2006_90_5_29,0.0672995852379494,0.0297129572773395,species x GSA x year (stratum cell too small),TRUE
Monodaeus couchii,6,2007,4,ESP_6_COR_2007_59_6_2,0.00559440559440559,0.00325472047981411,species x GSA x year (stratum cell too small),TRUE
Monodaeus couchii,6,2012,4,ESP_6_COR_2012_123_5_26,0.00142845715199927,0.00131572272032092,species x GSA x year (stratum cell too small),TRUE
Monodaeus couchii,6,2013,4,ESP_6_COR_2013_132_6_10,0.0058422817615648,0.00496931078117273,species x GSA x year (stratum cell too small),TRUE
Monodaeus couchii,6,2016,5,ESP_6_MOL_2016_166_6_2,0.00208657582474281,0.00186914598209107,species x GSA x year (stratum cell too small),TRUE
Mora moro,6,2006,5,ESP_6_COR_2006_65_5_21,0.215371435903549,0.080844345809164,species x GSA x year (stratum cell too small),TRUE
Mora moro,10,1997,5,ITA_10_SAN_1997_78_6_17,0.0128581682925925,0.0092695068898938,species x GSA x year (stratum cell too small),TRUE
Mora moro,10,2000,5,ITA_10_SAN_2000_78_6_13,0.00474962521524018,0.004216028503995,species x GSA x stratum x year,TRUE
Mora moro,10,2003,5,ITA_10_DAP_2003_70_7_29,0.0197584408953991,0.00379342973743418,species x GSA x stratum x year,TRUE
Mora moro,10,2010,5,ITA_10_PEC_2010_70_6_7,0.00310750326140773,0.00163854964428363,species x GSA x year (stratum cell too small),TRUE
Mora moro,11,1997,5,ITA_11_NUS_1997_123_8_5,0.0620999848544334,0.050222987755138,species x GSA x stratum x year,TRUE
Mora moro,11,1998,5,ITA_11_NUS_1998_82_6_23,0.276474425377057,0.0535460609216944,species x GSA x stratum x year,TRUE
Mora moro,11,2000,5,ITA_11_NUS_2000_11_5_31,0.32317339056899,0.0518540018909247,species x GSA x stratum x year,TRUE
Mora moro,11,2005,5,ITA_11_GIS_2005_92_7_26,0.0718803655511792,0.0700104287791173,species x GSA x stratum x year,TRUE
Mora moro,11,2015,5,ITA_11_GIS_2015_88_7_15,0.054635263987068,0.0147853443276385,species x GSA x stratum x year,TRUE
Mullus barbatus,1,2003,2,ESP_1_COR_2003_133_5_24,0.726479702029991,0.369676023066688,species x GSA x year (stratum cell too small),TRUE
Mullus barbatus,1,2009,2,ESP_1_COR_2009_19_4_12,2.52660240616351,1.49653317193398,species x GSA x year (stratum cell too small),TRUE
Mullus barbatus,1,2021,2,ESP_1_MOL_2021_36_5_4,6.34269903115389,1.00838008509644,species x GSA x stratum x year,TRUE
Mullus barbatus,5,2007,2,ESP_5_COR_2007_158_6_26,3.70220692344871,2.80111694140696,species x GSA x year (stratum cell too small),TRUE
Mullus barbatus,5,2008,2,ESP_5_COR_2008_138_6_9,1.65453365833025,1.56285816463607,species x GSA x year (stratum cell too small),TRUE
Mullus barbatus,5,2017,2,ESP_5_MOL_2017_226_6_20,7.36187219634939,0.762747239087666,species x GSA x year (stratum cell too small),TRUE
Mullus barbatus,5,2021,2,ESP_5_MOL_2021_227_6_21,1.24014305504968,0.849337121439038,species x GSA x year (stratum cell too small),TRUE
Mullus barbatus,6,1994,3,ESP_6_COR_1994_57_6_14,1.10273036037228,0.370509084926322,species x GSA x year (stratum cell too small),TRUE
Mullus barbatus,6,1995,3,ESP_6_COR_1995_79_5_15,0.605504816376521,0.394806329926997,species x GSA x stratum x year,TRUE
Mullus barbatus,6,1996,3,ESP_6_COR_1996_59_5_15,0.466531932244634,0.300539647948427,species x GSA x stratum x year,TRUE
Mullus barbatus,6,1999,3,ESP_6_COR_1999_70_5_22,0.626769185065562,0.534242506014316,species x GSA x stratum x year,TRUE
Mullus barbatus,6,2000,3,ESP_6_COR_2000_60_6_7,0.61654948670506,0.369159013963225,species x GSA x stratum x year,TRUE
Mullus barbatus,6,2008,1,ESP_6_COR_2008_109_5_31,1.20934667088938,0.842974170834464,species x GSA x year (stratum cell too small),TRUE
Mullus barbatus,6,2010,1,ESP_6_COR_2010_53_6_4,1.98028237504381,1.01851186530321,species x GSA x year (stratum cell too small),TRUE
Mullus barbatus,6,2012,2,ESP_6_COR_2012_93_5_19,1.03780935193346,1.03634661302227,species x GSA x stratum x year,TRUE
Mullus barbatus,6,2013,1,ESP_6_COR_2013_128_6_9,1.88654981921745,0.971548385190704,species x GSA x year (stratum cell too small),TRUE
Mullus barbatus,6,2015,1,ESP_6_MOL_2015_173_6_4,1.8764516291566,1.65172684598803,species x GSA x year (stratum cell too small),TRUE
Mullus barbatus,6,2016,2,ESP_6_MOL_2016_161_6_1,1.60378794192929,1.51514568313867,species x GSA x stratum x year,TRUE
Mullus barbatus,6,2019,3,ESP_6_MOL_2019_156_6_5,1.30322746840068,1.13784149365142,species x GSA x stratum x year,TRUE
Mullus barbatus,6,2021,1,ESP_6_MOL_2021_144_5_30,2.3435625149988,1.41972485912416,species x GSA x year (stratum cell too small),TRUE
Mullus barbatus,7,1997,1,FRA_7_LEU_1997_35_6_12,0.136614311871024,0.113585488734946,species x GSA x stratum x year,TRUE
Mullus barbatus,7,2003,2,FRA_7_LEU_2003_48_6_18,0.435185439742201,0.377738455131167,species x GSA x year (stratum cell too small),TRUE
Mullus barbatus,7,2007,1,FRA_7_LEU_2007_54_6_23,0.620430278326183,0.368922130507177,species x GSA x stratum x year,TRUE
Mullus barbatus,7,2014,1,FRA_7_LEU_2014_63_6_17,1.20588098646999,0.511986701943703,species x GSA x stratum x year,TRUE
Mullus barbatus,7,2020,2,FRA_7_LEU_2020_11_10_8,1.05465474497794,0.977957942514903,species x GSA x stratum x year,TRUE
Mullus barbatus,9,1994,3,ITA_9_FRP_1994_95_6_3,0.549364599317671,0.510966946884692,species x GSA x stratum x year,TRUE
Mullus barbatus,9,1997,3,ITA_9_FRP_1997_95_6_18,1.00663322079323,0.473122204300694,species x GSA x stratum x year,TRUE
Mullus barbatus,9,2000,3,ITA_9_FRP_2000_95_5_27,1.93234155824306,0.682790914538599,species x GSA x stratum x year,TRUE
Mullus barbatus,9,2006,1,ITA_9_LIB_2006_128_6_13,3.37851952897354,2.42395074083348,species x GSA x stratum x year,TRUE
Mullus barbatus,9,2008,1,ITA_9_LIB_2008_47_5_18,2.54609511706212,1.79174843675202,species x GSA x stratum x year,TRUE
Mullus barbatus,9,2010,1,ITA_9_LIB_2010_47_5_25,3.84840198679869,3.01778572282135,species x GSA x stratum x year,TRUE
Mullus barbatus,9,2015,1,ITA_9_LIB_2015_128_7_10,3.72559141064068,2.65256956984095,species x GSA x stratum x year,TRUE
Mullus barbatus,9,2017,2,ITA_9_SAN_2017_11_10_17,4.34587734920481,2.12651929672145,species x GSA x stratum x year,TRUE
Mullus barbatus,9,2020,3,ITA_9_SAN_2020_95_10_25,1.80047383293884,1.31053003637459,species x GSA x stratum x year,TRUE
Mullus barbatus,10,2005,3,ITA_10_PEC_2005_31_6_27,0.450878928825352,0.395758335673803,species x GSA x year (stratum cell too small),TRUE
Mullus barbatus,10,2008,2,ITA_10_PEC_2008_53_7_25,0.373604170864219,0.358829689809368,species x GSA x year (stratum cell too small),TRUE
Mullus barbatus,10,2009,3,ITA_10_PEC_2009_9_7_10,0.238185145696356,0.139983074460756,species x GSA x stratum x year,TRUE
Mullus barbatus,10,2011,2,ITA_10_PEC_2011_53_6_8,0.586942662023214,0.389180269577653,species x GSA x year (stratum cell too small),TRUE
Mullus barbatus,10,2013,3,ITA_10_PEC_2013_31_7_5,0.602028111011466,0.311932708170981,species x GSA x stratum x year,TRUE
Mullus barbatus,10,2014,1,ITA_10_PEC_2014_46_9_11,2.51951370522405,1.85792295365679,species x GSA x year (stratum cell too small),TRUE
Mullus barbatus,10,2015,1,ITA_10_PEC_2015_32_6_17,3.56361907750259,1.15396219673982,species x GSA x year (stratum cell too small),TRUE
Mullus barbatus,10,2017,3,ITA_10_SAN_2017_27_10_27,0.871893211893111,0.796710433206093,species x GSA x stratum x year,TRUE
Mullus barbatus,10,2021,1,ITA_10_SAN_2021_1_9_24,15.9787911273765,1.92396393851632,species x GSA x year (stratum cell too small),TRUE
Mullus barbatus,11,2006,3,ITA_11_GIS_2006_87_7_5,0.906794885342473,0.479315950466329,species x GSA x stratum x year,TRUE
Mullus barbatus,11,2014,1,ITA_11_GIS_2014_55_8_4,3.93269645722229,2.08989747975989,species x GSA x stratum x year,TRUE
Mullus barbatus,11,2018,1,ITA_11_GIS_2018_57_7_26,1.83205418370712,1.41715208546107,species x GSA x year (stratum cell too small),TRUE
Mullus barbatus,11,2021,1,ITA_11_GIS_2021_70_9_4,4.73896395681977,1.85162130769285,species x GSA x stratum x year,TRUE
Mullus surmuletus,1,2003,3,ESP_1_COR_2003_136_5_25,0.751382690006251,0.157778350537858,species x GSA x year (stratum cell too small),TRUE
Mullus surmuletus,1,2004,1,ESP_1_COR_2004_36_5_13,6.14551851964716,0.407235256113107,species x GSA x year (stratum cell too small),TRUE
Mullus surmuletus,1,2016,2,ESP_1_MOL_2016_52_5_6,0.837887602087729,0.346670478905701,species x GSA x year (stratum cell too small),TRUE
Mullus surmuletus,1,2017,2,ESP_1_MOL_2017_53_5_6,2.78472387078911,1.70473333486771,species x GSA x year (stratum cell too small),TRUE
Mullus surmuletus,1,2019,4,ESP_1_MOL_2019_59_5_12,0.776890925358854,0.690935072244545,species x GSA x year (stratum cell too small),TRUE
Mullus surmuletus,5,2010,2,ESP_5_COR_2010_122_6_22,8.07806847059075,1.51830288420966,species x GSA x stratum x year,TRUE
Mullus surmuletus,5,2012,2,ESP_5_COR_2012_152_6_4,8.63395643949145,2.11459019699591,species x GSA x stratum x year,TRUE
Mullus surmuletus,5,2015,2,ESP_5_MOL_2015_203_6_12,3.93302184320581,1.08825087561797,species x GSA x stratum x year,TRUE
Mullus surmuletus,5,2016,2,ESP_5_MOL_2016_227_6_20,2.38156187016029,0.908954769070098,species x GSA x stratum x year,TRUE
Mullus surmuletus,5,2019,2,ESP_5_MOL_2019_208_6_20,15.1470099494399,3.21314321426111,species x GSA x stratum x year,TRUE
Mullus surmuletus,6,1998,3,ESP_6_COR_1998_39_5_16,0.215440192898767,0.198618628679618,species x GSA x year (stratum cell too small),TRUE
Mullus surmuletus,6,1999,1,ESP_6_COR_1999_40_5_14,0.829749801380875,0.175433320833595,species x GSA x year (stratum cell too small),TRUE
Mullus surmuletus,6,2001,1,ESP_6_COR_2001_45_5_24,0.310523973636402,0.201329011781915,species x GSA x year (stratum cell too small),TRUE
Mullus surmuletus,6,2005,1,ESP_6_COR_2005_36_5_18,0.173066637973866,0.169790531896536,species x GSA x year (stratum cell too small),TRUE
Mullus surmuletus,6,2007,2,ESP_6_COR_2007_108_6_12,2.17407581522488,0.480928397015085,species x GSA x stratum x year,TRUE
Mullus surmuletus,6,2009,2,ESP_6_COR_2009_40_4_19,0.313149785805547,0.236860636286977,species x GSA x stratum x year,TRUE
Mullus surmuletus,6,2018,1,ESP_6_MOL_2018_69_5_16,1.0890587146796,0.352935874435209,species x GSA x year (stratum cell too small),TRUE
Mullus surmuletus,7,1997,2,FRA_7_LEU_1997_54_6_17,0.227806677734577,0.175453457254075,species x GSA x year (stratum cell too small),TRUE
Mullus surmuletus,7,2000,2,FRA_7_LEU_2000_64_6_22,0.1729898153968,0.123541022707302,species x GSA x year (stratum cell too small),TRUE
Mullus surmuletus,7,2003,2,FRA_7_LEU_2003_48_6_18,0.277812107289302,0.273102542150125,species x GSA x year (stratum cell too small),TRUE
Mullus surmuletus,7,2004,2,FRA_7_LEU_2004_57_6_17,0.184892717392757,0.161686190900654,species x GSA x year (stratum cell too small),TRUE
Mullus surmuletus,7,2006,3,FRA_7_LEU_2006_31_6_14,0.0705610397812534,0.0456023100193907,species x GSA x year (stratum cell too small),TRUE
Mullus surmuletus,7,2007,2,FRA_7_LEU_2007_43_6_21,0.328775654196388,0.140663702468847,species x GSA x year (stratum cell too small),TRUE
Mullus surmuletus,7,2015,2,FRA_7_LEU_2015_41_6_8,0.234559975502303,0.189491577877009,species x GSA x year (stratum cell too small),TRUE
Mullus surmuletus,7,2017,4,FRA_7_LEU_2017_45_6_11,0.110270460984353,0.0460405264180898,species x GSA x year (stratum cell too small),TRUE
Mullus surmuletus,7,2018,2,FRA_7_LEU_2018_82_6_20,0.319686709763714,0.167726804034262,species x GSA x year (stratum cell too small),TRUE
Mullus surmuletus,7,2021,2,FRA_7_LEU_2021_39_6_4,0.304019603974873,0.119096587287197,species x GSA x year (stratum cell too small),TRUE
Mullus surmuletus,7,2023,2,FRA_7_LEU_2023_72_6_19,0.408485586465036,0.337725789971218,species x GSA x year (stratum cell too small),TRUE
Mullus surmuletus,8,1999,2,FRA_8_LEU_1999_17_5_9,0.675516245305952,0.115502761943455,species x GSA x year (stratum cell too small),TRUE
Mullus surmuletus,8,2003,2,FRA_8_LEU_2003_11_6_5,1.00561322566482,0.906881542932218,species x GSA x year (stratum cell too small),TRUE
Mullus surmuletus,8,2010,2,FRA_8_LEU_2010_7_5_23,0.201376179383129,0.163159109497975,species x GSA x year (stratum cell too small),TRUE
Mullus surmuletus,8,2015,2,FRA_8_LEU_2015_9_5_26,1.68419856980353,0.19229564996259,species x GSA x year (stratum cell too small),TRUE
Mullus surmuletus,9,1994,3,ITA_9_FRP_1994_95_6_3,0.107917554340539,0.0516314145470475,species x GSA x year (stratum cell too small),TRUE
Mullus surmuletus,9,1997,2,ITA_9_FRP_1997_60_6_13,0.0316531085550231,0.0187697685167225,species x GSA x stratum x year,TRUE
Mullus surmuletus,9,2000,3,ITA_9_FRP_2000_95_5_27,0.44773767812949,0.103179635182656,species x GSA x stratum x year,TRUE
Mullus surmuletus,9,2002,1,ITA_9_FRP_2002_11_8_7,0.145171997459838,0.115951941967649,species x GSA x stratum x year,TRUE
Mullus surmuletus,9,2003,2,ITA_9_CIR_2003_60_6_22,0.130963312225378,0.10917398927293,species x GSA x year (stratum cell too small),TRUE
Mullus surmuletus,9,2009,4,ITA_9_LIB_2009_107_6_22,0.997433320471871,0.096105881677536,species x GSA x year (stratum cell too small),TRUE
Mullus surmuletus,9,2012,3,ITA_9_LIB_2012_95_6_28,1.37086105911443,0.162396625391477,species x GSA x year (stratum cell too small),TRUE
Mullus surmuletus,9,2016,4,ITA_9_SAN_2016_152_6_2,0.213032499537749,0.0687965456012315,species x GSA x year (stratum cell too small),TRUE
Mullus surmuletus,9,2023,2,ITA_9_SAN_2023_149_10_6,0.0694184546241013,0.0516439266326826,species x GSA x year (stratum cell too small),TRUE
Mullus surmuletus,11,1994,1,ITA_11_NUS_1994_59_7_4,1.37263659705247,0.580220269172199,species x GSA x year (stratum cell too small),TRUE
Mullus surmuletus,11,2004,3,ITA_11_GIS_2004_33_7_6,0.961706353399323,0.824231950907128,species x GSA x year (stratum cell too small),TRUE
Mullus surmuletus,11,2005,2,ITA_11_GIS_2005_68_7_19,1.18986486265693,0.714893558328515,species x GSA x stratum x year,TRUE
Mullus surmuletus,11,2006,2,ITA_11_GIS_2006_14_6_16,1.91826137190479,0.570072844406724,species x GSA x year (stratum cell too small),TRUE
Mullus surmuletus,11,2008,1,ITA_11_GIS_2008_44_7_3,2.43938238686334,0.853307972688365,species x GSA x year (stratum cell too small),TRUE
Mullus surmuletus,11,2010,1,ITA_11_GIS_2010_10_5_19,2.12105926470974,1.63433984835437,species x GSA x stratum x year,TRUE
Mullus surmuletus,11,2011,2,ITA_11_GIS_2011_31_6_10,2.28482903448707,0.841729660686879,species x GSA x stratum x year,TRUE
Mullus surmuletus,11,2012,2,ITA_11_GIS_2012_34_6_18,1.08736696948337,1.06402228142453,species x GSA x stratum x year,TRUE
Mullus surmuletus,11,2016,2,ITA_11_GIS_2016_82_6_28,0.151053622560892,0.108423906908889,species x GSA x year (stratum cell too small),TRUE
Mullus surmuletus,11,2017,1,ITA_11_GIS_2017_88_11_27,2.32323969978315,1.03417912348627,species x GSA x stratum x year,TRUE
Mullus surmuletus,11,2018,2,ITA_11_GIS_2018_59_7_27,0.463315906724797,0.161431000323069,species x GSA x year (stratum cell too small),TRUE
Munida intermedia,6,1994,4,ESP_6_COR_1994_76_6_18,0.0863197512682049,0.0748907152332734,species x GSA x stratum x year,TRUE
Munida intermedia,6,1996,4,ESP_6_COR_1996_73_5_19,0.203398902716446,0.0395506909807318,species x GSA x year (stratum cell too small),TRUE
Munida intermedia,6,2000,4,ESP_6_COR_2000_91_6_18,0.185912166475169,0.0407156326153958,species x GSA x year (stratum cell too small),TRUE
Munida intermedia,6,2002,4,ESP_6_COR_2002_75_5_30,0.0275662357898314,0.0255281417992941,species x GSA x stratum x year,TRUE
Munida intermedia,6,2005,4,ESP_6_COR_2005_57_5_23,0.15904504566132,0.0797009822030147,species x GSA x stratum x year,TRUE
Munida intermedia,6,2006,4,ESP_6_COR_2006_64_5_21,0.434192672998643,0.252853787925933,species x GSA x stratum x year,TRUE
Munida intermedia,6,2009,4,ESP_6_COR_2009_66_4_25,0.0375759412931176,0.0104122169605351,species x GSA x year (stratum cell too small),TRUE
Munida intermedia,6,2011,3,ESP_6_COR_2011_41_5_17,2.52316263297067,0.0582614200988535,species x GSA x year (stratum cell too small),TRUE
Munida intermedia,6,2017,4,ESP_6_MOL_2017_129_5_25,0.0169676402860259,0.00732602609457709,species x GSA x stratum x year,TRUE
Munida intermedia,6,2019,4,ESP_6_MOL_2019_101_5_23,0.0135513106827692,0.0123687007692967,species x GSA x stratum x year,TRUE
Munida intermedia,7,2012,4,FRA_7_LEU_2012_87_6_24,0.474772061799224,0.0814768956602399,species x GSA x year (stratum cell too small),TRUE
Munida intermedia,8,2022,4,FRA_8_LEU_2022_22_5_20,0.0385090962697322,0.0108371195925539,species x GSA x year (stratum cell too small),TRUE
Munida intermedia,9,1994,5,ITA_9_FRP_1994_106_6_7,0.0216560215289729,0.0123556495893667,species x GSA x year (stratum cell too small),TRUE
Munida intermedia,9,1998,4,ITA_9_FRP_1998_152_6_5,0.0215133339643911,0.0155545339937649,species x GSA x stratum x year,TRUE
Munida intermedia,9,1999,4,ITA_9_FRP_1999_152_6_21,0.0299754800573131,0.010273206600823,species x GSA x stratum x year,TRUE
Munida intermedia,9,2005,4,ITA_9_LIB_2005_133_7_9,0.00338404894688397,0.00326619980713709,species x GSA x stratum x year,TRUE
Munida intermedia,9,2015,4,ITA_9_LIB_2015_144_6_30,0.291502696399942,0.274320796312753,species x GSA x stratum x year,TRUE
Munida intermedia,9,2017,4,ITA_9_SAN_2017_94_10_9,0.798896457693107,0.151495992578328,species x GSA x stratum x year,TRUE
Munida intermedia,9,2021,5,ITA_9_SAN_2021_140_8_31,0.00363377374671144,0.00311866814964486,species x GSA x year (stratum cell too small),TRUE
Munida rutllanti,6,1997,4,ESP_6_COR_1997_48_5_23,0.166832665168509,0.146502586999669,species x GSA x year (stratum cell too small),TRUE
Munida rutllanti,6,1998,3,ESP_6_COR_1998_77_5_28,2.97519251530722,0.0578456088537122,species x GSA x year (stratum cell too small),TRUE
Munida rutllanti,6,2017,3,ESP_6_MOL_2017_82_5_15,0.309575233981282,0.102267969894805,species x GSA x stratum x year,TRUE
Munida rutllanti,8,2018,4,FRA_8_LEU_2018_13_5_27,0.00949699077908453,0.00947583797644813,species x GSA x year (stratum cell too small),TRUE
Munida tenuimana,5,2007,4,ESP_5_COR_2007_147_6_24,0.42019362891637,0.00955420357040831,species x GSA x year (stratum cell too small),TRUE
Munida tenuimana,6,2000,4,ESP_6_COR_2000_70_6_9,0.012926085601101,0.0071337349266871,species x GSA x year (stratum cell too small),TRUE
Munida tenuimana,6,2001,4,ESP_6_COR_2001_107_6_10,0.0150877067251567,0.00667244645981812,species x GSA x year (stratum cell too small),TRUE
Munida tenuimana,6,2003,4,ESP_6_COR_2003_105_5_18,0.0170951129345898,0.0127820818191487,species x GSA x year (stratum cell too small),TRUE
Munida tenuimana,6,2004,5,ESP_6_COR_2004_90_5_25,0.0141392318438124,0.00443724161404757,species x GSA x year (stratum cell too small),TRUE
Myctophidae,9,2017,5,ITA_9_SAN_2017_71_9_26,0.00381766970624112,0.00233376383615986,species x GSA x year (stratum cell too small),TRUE
Myctophidae,9,2018,4,ITA_9_SAN_2018_77_6_16,0.10553179665041,0.0427748299413388,species x GSA x stratum x year,TRUE
Myctophidae,9,2019,4,ITA_9_SAN_2019_2_6_21,0.0624369412841513,0.0183281951612135,species x GSA x stratum x year,TRUE
Myctophidae,11,2011,4,ITA_11_GIS_2011_44_6_16,0.0175734123740628,0.00512090936945398,species x GSA x year (stratum cell too small),TRUE
Myctophidae,11,2018,4,ITA_11_GIS_2018_24_7_20,0.0785698196125025,0.0552679861072237,species x GSA x year (stratum cell too small),TRUE
Myctophum punctatum,1,1999,3,ESP_1_COR_1999_2_5_4,0.0256495723032306,0.00135045685615047,species x GSA x year (stratum cell too small),TRUE
Myctophum punctatum,1,2005,4,ESP_1_COR_2005_18_5_13,0.00667494374509434,0.00206878299636311,species x GSA x year (stratum cell too small),TRUE
Myctophum punctatum,1,2006,5,ESP_1_COR_2006_39_5_14,0.00534035158595378,0.00240942002320273,species x GSA x stratum x year,TRUE
Myctophum punctatum,1,2017,4,ESP_1_MOL_2017_36_5_2,0.000552514917347135,0.000448392813280056,species x GSA x year (stratum cell too small),TRUE
Myctophum punctatum,1,2021,4,ESP_1_MOL_2021_1_4_27,0.00463699519221622,0.00318235932636718,species x GSA x stratum x year,TRUE
Myctophum punctatum,5,2014,4,ESP_5_MOL_2014_218_6_16,0.00110129891751145,0.000779086962043239,species x GSA x year (stratum cell too small),TRUE
Myctophum punctatum,6,2003,4,ESP_6_COR_2003_106_5_18,0.00836200642882305,0.00444891974892757,species x GSA x year (stratum cell too small),TRUE
Myctophum punctatum,6,2005,4,ESP_6_COR_2005_51_5_21,0.00436729423615496,0.00239477516692634,species x GSA x year (stratum cell too small),TRUE
Myctophum punctatum,6,2006,4,ESP_6_COR_2006_58_5_19,0.00407701306755662,0.00191847689104155,species x GSA x year (stratum cell too small),TRUE
Myctophum punctatum,10,1999,5,ITA_10_SAN_1999_81_5_21,0.0111524108896566,0.00342968270180222,species x GSA x year (stratum cell too small),TRUE
Myctophum punctatum,10,2015,4,ITA_10_PEC_2015_60_6_7,0.0311258559645465,0.00139785298778756,species x GSA x year (stratum cell too small),TRUE
Natatolana borealis,1,2003,1,ESP_1_COR_2003_132_5_24,0.000159799839287019,0.00014806238661827,species x GSA x year (stratum cell too small),TRUE
Natatolana borealis,6,2003,4,ESP_6_COR_2003_46_5_6,0.000149121920425229,0.000124794832729627,species x GSA x year (stratum cell too small),TRUE
Nemastoma marginatum,5,2021,2,ESP_5_MOL_2021_242_8_19,0.267054733608214,0.0895008142541925,species x GSA x stratum x year,TRUE
Nemertesia antennina,1,2016,2,ESP_1_MOL_2016_51_5_6,0.00612472775916774,0.00206744797545822,species x GSA x year (stratum cell too small),TRUE
Nemertesia ramosa,1,2016,2,ESP_1_MOL_2016_42_5_3,0.0403967181785232,0.00711311079420244,species x GSA x year (stratum cell too small),TRUE
Nemertesia ramosa,1,2018,2,ESP_1_MOL_2018_52_5_9,0.00811298330200528,0.00778341531842586,species x GSA x year (stratum cell too small),TRUE
Nemertesia ramosa,1,2019,2,ESP_1_MOL_2019_44_5_8,0.00614670637426529,0.00195165800940495,species x GSA x year (stratum cell too small),TRUE
Nemertesia ramosa,7,2013,2,FRA_7_LEU_2013_40_6_9,0.0344125958525405,0.0250421609386,species x GSA x stratum x year,TRUE
Neopycnodonte cochlear,1,2021,3,ESP_1_MOL_2021_21_5_1,0.668968930477643,0.422118945806368,species x GSA x year (stratum cell too small),TRUE
Neopycnodonte cochlear,5,2021,2,ESP_5_MOL_2021_185_6_11,5.61934268877954,0.568921659578948,species x GSA x stratum x year,TRUE
Neopycnodonte cochlear,6,2017,2,ESP_6_MOL_2017_172_6_4,2.79571086401345,0.339277624853694,species x GSA x year (stratum cell too small),TRUE
Neorossia caroli,9,1996,3,ITA_9_FRP_1996_84_6_7,0.0197672047507876,0.0131988948210229,species x GSA x year (stratum cell too small),TRUE
Neorossia caroli,9,1999,4,ITA_9_FRP_1999_134_6_17,0.00678743473881498,0.00598451636148457,species x GSA x year (stratum cell too small),TRUE
Neorossia caroli,9,2001,4,ITA_9_FRP_2001_38_6_22,0.0078682230011763,0.00455339891388661,species x GSA x year (stratum cell too small),TRUE
Neorossia caroli,9,2002,5,ITA_9_FRP_2002_10_8_8,0.00721664562613542,0.00667750571861293,species x GSA x year (stratum cell too small),TRUE
Neorossia caroli,9,2016,4,ITA_9_SAN_2016_53_5_28,0.0161749482401656,0.0129652944026318,species x GSA x year (stratum cell too small),TRUE
Neorossia caroli,9,2019,4,ITA_9_SAN_2019_54_6_16,0.0120073703422319,0.010861503051813,species x GSA x year (stratum cell too small),TRUE
Neorossia caroli,9,2020,4,ITA_9_SAN_2020_73_10_13,0.0106600716356814,0.00863718545386399,species x GSA x year (stratum cell too small),TRUE
Neorossia caroli,10,2006,5,ITA_10_PEC_2006_69_6_12,0.0176673807653711,0.0074170853713399,species x GSA x year (stratum cell too small),TRUE
Neorossia caroli,10,2012,5,ITA_10_PEC_2012_68_6_19,0.0268067506221603,0.0212566004939437,species x GSA x stratum x year,TRUE
Neorossia caroli,11,2001,4,ITA_11_NUS_2001_71_6_27,0.122763957558077,0.0546733998928913,species x GSA x year (stratum cell too small),TRUE
Neorossia caroli,11,2019,4,ITA_11_GIS_2019_15_6_6,0.0306922640148551,0.0260673680057363,species x GSA x year (stratum cell too small),TRUE
Neorossia caroli,11,2023,4,ITA_11_GIS_2023_32_7_27,0.0147849462365591,0.0114836916697699,species x GSA x stratum x year,TRUE
Nephrops norvegicus,1,2005,4,ESP_1_COR_2005_8_5_11,0.437534058048837,0.179588253907825,species x GSA x year (stratum cell too small),TRUE
Nephrops norvegicus,1,2009,4,ESP_1_COR_2009_14_4_10,0.609097613654322,0.221091895688871,species x GSA x year (stratum cell too small),TRUE
Nephrops norvegicus,1,2013,4,ESP_1_COR_2013_3_5_8,0.34792525405792,0.187935315826438,species x GSA x year (stratum cell too small),TRUE
Nephrops norvegicus,5,2009,4,ESP_5_COR_2009_151_5_16,0.492953431372549,0.297683000649718,species x GSA x year (stratum cell too small),TRUE
Nephrops norvegicus,5,2018,4,ESP_5_MOL_2018_190_6_16,0.647006698115666,0.523207942097359,species x GSA x year (stratum cell too small),TRUE
Nephrops norvegicus,6,1997,4,ESP_6_COR_1997_80_5_29,1.00367252902667,0.996563312295194,species x GSA x year (stratum cell too small),TRUE
Nephrops norvegicus,6,1999,4,ESP_6_COR_1999_85_5_26,0.261682242990654,0.251166216372836,species x GSA x stratum x year,TRUE
Nephrops norvegicus,6,2004,5,ESP_6_COR_2004_90_5_25,0.999172383629409,0.860315898955686,species x GSA x year (stratum cell too small),TRUE
Nephrops norvegicus,6,2015,5,ESP_6_MOL_2015_101_5_19,0.490089418005865,0.359877386428054,species x GSA x stratum x year,TRUE
Nephrops norvegicus,6,2018,4,ESP_6_MOL_2018_156_6_5,1.63452440132998,1.38117069294677,species x GSA x stratum x year,TRUE
Nephrops norvegicus,7,1998,4,FRA_7_LEU_1998_35_5_29,1.49600601185672,0.950631415864615,species x GSA x year (stratum cell too small),TRUE
Nephrops norvegicus,7,2002,4,FRA_7_LEU_2002_5_6_12,4.18283577575203,3.87198062658121,species x GSA x year (stratum cell too small),TRUE
Nephrops norvegicus,7,2004,4,FRA_7_LEU_2004_24_6_8,1.96513019211874,1.24614972147694,species x GSA x year (stratum cell too small),TRUE
Nephrops norvegicus,7,2005,5,FRA_7_LEU_2005_25_6_12,3.34406873155098,1.41227225420301,species x GSA x year (stratum cell too small),TRUE
Nephrops norvegicus,7,2021,5,FRA_7_LEU_2021_29_5_31,1.57781099485135,0.976437291581421,species x GSA x year (stratum cell too small),TRUE
Nephrops norvegicus,8,1994,4,FRA_8_LEU_1994_85_6_13,1.56384505021521,1.43984383759435,species x GSA x year (stratum cell too small),TRUE
Nephrops norvegicus,8,2023,4,FRA_8_LEU_2023_19_5_31,1.05986859662723,0.793949105393162,species x GSA x year (stratum cell too small),TRUE
Nephrops norvegicus,9,1994,4,ITA_9_FRP_1994_94_6_3,0.410172272354389,0.338898989342281,species x GSA x stratum x year,TRUE
Nephrops norvegicus,9,1995,5,ITA_9_FRP_1995_55_6_2,0.37926195623317,0.366457352752651,species x GSA x stratum x year,TRUE
Nephrops norvegicus,9,2002,4,ITA_9_FRP_2002_94_7_22,0.958446456095328,0.312025763994466,species x GSA x stratum x year,TRUE
Nephrops norvegicus,9,2003,4,ITA_9_CIR_2003_94_7_1,1.30946754883428,0.667275334016753,species x GSA x stratum x year,TRUE
Nephrops norvegicus,9,2011,5,ITA_9_LIB_2011_106_6_14,0.466263090058716,0.359073445025555,species x GSA x stratum x year,TRUE
Nephrops norvegicus,9,2012,4,ITA_9_LIB_2012_73_7_3,0.898553329140084,0.761991842519352,species x GSA x stratum x year,TRUE
Nephrops norvegicus,9,2019,4,ITA_9_SAN_2019_73_6_9,0.828756201275691,0.531612605979082,species x GSA x stratum x year,TRUE
Nephrops norvegicus,9,2021,4,ITA_9_SAN_2021_97_8_24,0.190769414520372,0.133589817389195,species x GSA x stratum x year,TRUE
Nephrops norvegicus,9,2023,5,ITA_9_SAN_2023_140_10_5,0.358723095767817,0.257236497269694,species x GSA x stratum x year,TRUE
Nephrops norvegicus,10,1995,5,ITA_10_SAN_1995_140_7_9,0.227224863942185,0.0557359520834896,species x GSA x stratum x year,TRUE
Nephrops norvegicus,10,1997,4,ITA_10_SAN_1997_117_7_4,0.256806990286276,0.106023222797839,species x GSA x stratum x year,TRUE
Nephrops norvegicus,10,1999,5,ITA_10_SAN_1999_139_5_13,0.0858552005494733,0.0856743926738455,species x GSA x stratum x year,TRUE
Nephrops norvegicus,10,2000,5,ITA_10_SAN_2000_140_6_30,0.0717798139850047,0.0306298323094195,species x GSA x stratum x year,TRUE
Nephrops norvegicus,10,2001,5,ITA_10_SAN_2001_137_5_8,0.0291359238524684,0.0282910015969315,species x GSA x stratum x year,TRUE
Nephrops norvegicus,10,2003,5,ITA_10_DAP_2003_38_8_3,0.0323974082073434,0.0285466040607471,species x GSA x stratum x year,TRUE
Nephrops norvegicus,10,2004,4,ITA_10_PEC_2004_1_6_1,0.311393397876102,0.223325294292736,species x GSA x stratum x year,TRUE
Nephrops norvegicus,10,2005,5,ITA_10_PEC_2005_38_7_4,0.0809872734284612,0.060749820206579,species x GSA x stratum x year,TRUE
Nephrops norvegicus,10,2007,4,ITA_10_PEC_2007_61_8_3,0.140967374510843,0.115891690222744,species x GSA x stratum x year,TRUE
Nephrops norvegicus,10,2017,4,ITA_10_SAN_2017_13_10_21,0.114983465741438,0.0677675101735758,species x GSA x year (stratum cell too small),TRUE
Nephrops norvegicus,10,2018,4,ITA_10_SAN_2018_54_7_16,0.295222417836646,0.277522811355343,species x GSA x stratum x year,TRUE
Nephrops norvegicus,10,2019,5,ITA_10_SAN_2019_12_6_27,0.0995245054650995,0.0303540574880493,species x GSA x stratum x year,TRUE
Nephrops norvegicus,11,1994,5,ITA_11_NUS_1994_34_6_23,0.440691124264753,0.105494081013113,species x GSA x stratum x year,TRUE
Nephrops norvegicus,11,1995,4,ITA_11_NUS_1995_65_7_11,1.34483856448089,1.26641281403708,species x GSA x stratum x year,TRUE
Nephrops norvegicus,11,2008,5,ITA_11_GIS_2008_16_6_26,0.621196939158928,0.612526052944201,species x GSA x stratum x year,TRUE
Nephrops norvegicus,11,2009,5,ITA_11_GIS_2009_24_6_15,0.585667627019595,0.567868652303777,species x GSA x stratum x year,TRUE
Nephrops norvegicus,11,2010,4,ITA_11_GIS_2010_34_5_27,0.633168276645832,0.503142443901835,species x GSA x stratum x year,TRUE
Nephrops norvegicus,11,2013,5,ITA_11_GIS_2013_34_7_9,0.332473335638482,0.109142132307433,species x GSA x stratum x year,TRUE
Nephrops norvegicus,11,2014,5,ITA_11_GIS_2014_25_7_30,0.310838065428429,0.107368455218038,species x GSA x stratum x year,TRUE
Nephrops norvegicus,11,2016,5,ITA_11_GIS_2016_48_6_20,0.75159036521279,0.0492963425465198,species x GSA x stratum x year,TRUE
Nephrops norvegicus,11,2017,5,ITA_11_GIS_2017_30_11_7,0.512142967298808,0.194475461816575,species x GSA x stratum x year,TRUE
Nephrops norvegicus,11,2019,5,ITA_11_GIS_2019_21_6_7,0.281126376624961,0.200346986092598,species x GSA x stratum x year,TRUE
Nettastoma melanurum,9,1996,5,ITA_9_FRP_1996_23_7_14,0.0160805804508633,0.0141054516805627,species x GSA x stratum x year,TRUE
Nettastoma melanurum,9,1997,5,ITA_9_FRP_1997_9_7_27,0.0194853422046178,0.0180868298253708,species x GSA x stratum x year,TRUE
Nettastoma melanurum,9,2005,5,ITA_9_LIB_2005_71_7_21,0.0786671418355649,0.0209634145889887,species x GSA x year (stratum cell too small),TRUE
Nettastoma melanurum,9,2016,5,ITA_9_SAN_2016_109_6_6,0.022530161083512,0.01227121684324,species x GSA x stratum x year,TRUE
Nettastoma melanurum,9,2020,5,ITA_9_SAN_2020_71_10_13,0.0224526287479132,0.0215359366523021,species x GSA x stratum x year,TRUE
Nettastoma melanurum,9,2023,5,ITA_9_SAN_2023_34_10_17,0.0281067925709176,0.0101614045640241,species x GSA x stratum x year,TRUE
Nettastoma melanurum,10,1995,5,ITA_10_SAN_1995_132_7_7,0.0146280047441276,0.00612235556435857,species x GSA x stratum x year,TRUE
Nettastoma melanurum,10,1997,5,ITA_10_SAN_1997_130_7_1,0.0166227326637813,0.0159257756343532,species x GSA x stratum x year,TRUE
Nettastoma melanurum,10,2000,5,ITA_10_SAN_2000_121_6_21,0.0295910155672878,0.0230191289654501,species x GSA x stratum x year,TRUE
Nettastoma melanurum,10,2002,5,ITA_10_GAB_2002_24_7_31,0.00998566275170236,0.0044703568007458,species x GSA x year (stratum cell too small),TRUE
Nettastoma melanurum,10,2005,5,ITA_10_PEC_2005_37_7_4,0.0263133308688193,0.0189773854831362,species x GSA x stratum x year,TRUE
Nettastoma melanurum,10,2011,5,ITA_10_PEC_2011_37_6_19,0.0302208313423876,0.0176689387001995,species x GSA x stratum x year,TRUE
Nettastoma melanurum,10,2012,5,ITA_10_PEC_2012_37_6_23,0.0392506855964413,0.026213293270203,species x GSA x stratum x year,TRUE
Nettastoma melanurum,10,2013,5,ITA_10_PEC_2013_37_7_6,0.0686068305555684,0.0422973876415634,species x GSA x stratum x year,TRUE
Nettastoma melanurum,11,1994,5,ITA_11_NUS_1994_82_7_14,0.0457125148253986,0.0325616827887767,species x GSA x stratum x year,TRUE
Nettastoma melanurum,11,2004,5,ITA_11_GIS_2004_8_6_29,0.0200189947524515,0.0172085439310673,species x GSA x year (stratum cell too small),TRUE
Nettastoma melanurum,11,2005,5,ITA_11_GIS_2005_57_7_14,0.021844859408437,0.0160034879848323,species x GSA x year (stratum cell too small),TRUE
Nettastoma melanurum,11,2012,5,ITA_11_GIS_2012_59_6_27,0.0283409016097934,0.0255444420950437,species x GSA x stratum x year,TRUE
Nettastoma melanurum,11,2014,5,ITA_11_GIS_2014_74_8_8,0.0341641393868627,0.0185206276972881,species x GSA x stratum x year,TRUE
Nettastoma melanurum,11,2021,5,ITA_11_GIS_2021_53_9_2,0.0203217182442495,0.0155900589517645,species x GSA x stratum x year,TRUE
Nezumia aequalis,1,2002,5,ESP_1_COR_2002_34_5_19,0.957860933214161,0.92804282085823,species x GSA x stratum x year,TRUE
Nezumia aequalis,5,2011,5,ESP_5_COR_2011_162_6_19,0.0953358882722036,0.0923269531339089,species x GSA x stratum x year,TRUE
Nezumia aequalis,5,2014,5,ESP_5_MOL_2014_213_6_15,0.0787821533982826,0.0547195850148642,species x GSA x stratum x year,TRUE
Nezumia aequalis,5,2015,5,ESP_5_MOL_2015_186_6_9,0.0764191519154649,0.0461070454460666,species x GSA x stratum x year,TRUE
Nezumia aequalis,5,2016,5,ESP_5_MOL_2016_222_6_19,0.133996786116397,0.130625561902392,species x GSA x year (stratum cell too small),TRUE
Nezumia aequalis,6,1996,5,ESP_6_COR_1996_105_5_27,0.173987571431204,0.075304040506194,species x GSA x year (stratum cell too small),TRUE
Nezumia aequalis,6,2003,5,ESP_6_COR_2003_52_5_7,0.0891060602234609,0.0702876184501932,species x GSA x stratum x year,TRUE
Nezumia aequalis,11,2017,5,ITA_11_GIS_2017_64_11_20,0.182092788798551,0.144713808781905,species x GSA x stratum x year,TRUE
Nezumia aequalis,11,2020,5,ITA_11_GIS_2020_74_11_6,0.0804346851215787,0.0373971956741369,species x GSA x stratum x year,TRUE
Nezumia sclerorhynchus,9,1994,5,ITA_9_FRP_1994_10_6_29,0.224166787263393,0.166803860349466,species x GSA x stratum x year,TRUE
Nezumia sclerorhynchus,9,1997,5,ITA_9_FRP_1997_110_7_4,0.273580415362887,0.172996769601222,species x GSA x stratum x year,TRUE
Nezumia sclerorhynchus,9,1998,5,ITA_9_FRP_1998_110_5_25,0.35138281080565,0.209542544445058,species x GSA x stratum x year,TRUE
Nezumia sclerorhynchus,9,2001,5,ITA_9_FRP_2001_110_6_5,0.251081071758971,0.187124341881397,species x GSA x stratum x year,TRUE
Nezumia sclerorhynchus,9,2004,5,ITA_9_LIB_2004_109_6_7,0.150706450150045,0.130598563672335,species x GSA x stratum x year,TRUE
Nezumia sclerorhynchus,9,2009,5,ITA_9_LIB_2009_79_6_15,0.225628093597678,0.142699549640439,species x GSA x stratum x year,TRUE
Nezumia sclerorhynchus,9,2010,4,ITA_9_LIB_2010_139_5_12,0.520150739731333,0.309082610666164,species x GSA x year (stratum cell too small),TRUE
Nezumia sclerorhynchus,9,2017,5,ITA_9_SAN_2017_81_9_25,0.225222162056649,0.214117235235865,species x GSA x stratum x year,TRUE
Nezumia sclerorhynchus,9,2018,5,ITA_9_SAN_2018_10_7_5,17.6269708133181,0.913615167705574,species x GSA x stratum x year,TRUE
Nezumia sclerorhynchus,10,1995,5,ITA_10_SAN_1995_80_6_26,0.0797891167861503,0.0643635730039422,species x GSA x stratum x year,TRUE
Nezumia sclerorhynchus,10,1998,4,ITA_10_SAN_1998_114_6_2,0.289567366005825,0.233194429804473,species x GSA x year (stratum cell too small),TRUE
Nezumia sclerorhynchus,10,2003,5,ITA_10_DAP_2003_38_8_3,0.0971831442455311,0.0761603830840091,species x GSA x stratum x year,TRUE
Nezumia sclerorhynchus,10,2013,5,ITA_10_PEC_2013_43_6_29,0.111034564486531,0.109006410856021,species x GSA x stratum x year,TRUE
Nezumia sclerorhynchus,10,2015,5,ITA_10_PEC_2015_44_6_22,0.153889061656487,0.138536442114312,species x GSA x stratum x year,TRUE
Nezumia sclerorhynchus,10,2016,5,ITA_10_PEC_2016_44_8_29,0.126810189246768,0.118044368890092,species x GSA x stratum x year,TRUE
Nezumia sclerorhynchus,10,2020,4,ITA_10_SAN_2020_27_12_21,0.182895984593358,0.104507401219903,species x GSA x year (stratum cell too small),TRUE
Nezumia sclerorhynchus,10,2021,4,ITA_10_SAN_2021_23_9_28,0.289654355042651,0.191613424325886,species x GSA x year (stratum cell too small),TRUE
Nezumia sclerorhynchus,11,1994,5,ITA_11_NUS_1994_117_8_3,0.199472791965376,0.0868680935439624,species x GSA x stratum x year,TRUE
Nezumia sclerorhynchus,11,1996,5,ITA_11_NUS_1996_68_6_17,0.442052408264669,0.400896923344536,species x GSA x stratum x year,TRUE
Nezumia sclerorhynchus,11,2000,5,ITA_11_NUS_2000_75_6_30,0.121108480836121,0.104659135384708,species x GSA x stratum x year,TRUE
Nezumia sclerorhynchus,11,2003,4,ITA_11_NUS_2003_79_7_7,1.37731213499902,0.0528228102623992,species x GSA x year (stratum cell too small),TRUE
Nezumia sclerorhynchus,11,2005,5,ITA_11_GIS_2005_57_7_14,0.0800978178309357,0.0338832761858028,species x GSA x year (stratum cell too small),TRUE
Nezumia sclerorhynchus,11,2014,4,ITA_11_GIS_2014_89_8_12,0.107311808712615,0.107140618458591,species x GSA x year (stratum cell too small),TRUE
Nezumia sclerorhynchus,11,2018,5,ITA_11_GIS_2018_53_7_26,0.0115228534003151,0.00931354002041095,species x GSA x stratum x year,TRUE
Nezumia sclerorhynchus,11,2019,5,ITA_11_GIS_2019_3_6_4,0.0409215333455087,0.0295798519529106,species x GSA x stratum x year,TRUE
Nezumia sclerorhynchus,11,2023,5,ITA_11_GIS_2023_15_7_21,0.136754723938322,0.103329671873576,species x GSA x stratum x year,TRUE
Notacanthus bonaparte,6,2021,5,ESP_6_MOL_2021_89_5_18,0.0187490877554258,0.00853887709883555,species x GSA x year (stratum cell too small),TRUE
Notacanthus bonaparte,9,1997,4,ITA_9_FRP_1997_147_7_9,0.0499792464399021,0.0147581411528619,species x GSA x year (stratum cell too small),TRUE
Notacanthus bonaparte,9,2000,4,ITA_9_FRP_2000_147_6_11,0.0126612870263092,0.00783768395377017,species x GSA x year (stratum cell too small),TRUE
Notacanthus bonaparte,10,2003,5,ITA_10_DAP_2003_23_8_9,0.00252423751287094,0.0020517557735103,species x GSA x stratum x year,TRUE
Notacanthus bonaparte,10,2010,5,ITA_10_PEC_2010_40_5_27,0.0205148005101889,0.0196735096761962,species x GSA x stratum x year,TRUE
Notacanthus bonaparte,10,2012,5,ITA_10_PEC_2012_24_6_26,0.0141457443344713,0.0101029147055146,species x GSA x stratum x year,TRUE
Notacanthus bonaparte,11,1997,5,ITA_11_NUS_1997_105_7_29,0.0420434453474839,0.0161651016391071,species x GSA x stratum x year,TRUE
Notacanthus bonaparte,11,2005,5,ITA_11_GIS_2005_14_6_23,0.0288634812479918,0.0239356050747437,species x GSA x stratum x year,TRUE
Notacanthus bonaparte,11,2012,5,ITA_11_GIS_2012_98_7_12,0.0247074526854609,0.02411042330865,species x GSA x stratum x year,TRUE
Notoscopelus bolini,1,2017,4,ESP_1_MOL_2017_39_5_3,0.00987597963512517,0.00921135828604614,species x GSA x stratum x year,TRUE
Notoscopelus elongatus,1,2007,4,ESP_1_COR_2007_16_5_22,0.00367750166305469,0.00243830492099401,species x GSA x year (stratum cell too small),TRUE
Notoscopelus elongatus,1,2017,4,ESP_1_MOL_2017_39_5_3,0.19017002646241,0.0370493360652427,species x GSA x stratum x year,TRUE
Notoscopelus elongatus,1,2019,4,ESP_1_MOL_2019_52_5_10,0.032768605321472,0.0198561315719256,species x GSA x stratum x year,TRUE
Notoscopelus elongatus,1,2021,4,ESP_1_MOL_2021_55_5_9,0.0129593209449441,0.0112688850444402,species x GSA x stratum x year,TRUE
Notoscopelus elongatus,5,2016,4,ESP_5_MOL_2016_221_6_18,0.00412490106515028,0.00335682540432399,species x GSA x year (stratum cell too small),TRUE
Notoscopelus elongatus,6,2000,4,ESP_6_COR_2000_86_6_17,0.0242039535038307,0.0059633824832213,species x GSA x year (stratum cell too small),TRUE
Notoscopelus elongatus,6,2002,4,ESP_6_COR_2002_75_5_30,0.0103993107351791,0.00383310139444443,species x GSA x year (stratum cell too small),TRUE
Notoscopelus elongatus,6,2016,4,ESP_6_MOL_2016_96_5_17,0.0489673628022986,0.0365151559545977,species x GSA x stratum x year,TRUE
Notoscopelus elongatus,6,2020,4,ESP_6_MOL_2020_40_6_7,0.0234255496593507,0.0187559464588535,species x GSA x year (stratum cell too small),TRUE
Notoscopelus elongatus,9,2020,4,ITA_9_SAN_2020_139_10_19,0.00858761563380946,0.00742114698927948,species x GSA x year (stratum cell too small),TRUE
Nudibranchia,5,2013,2,ESP_5_COR_2013_187_6_25,0.00316773137637928,0.00216321970176188,species x GSA x stratum x year,TRUE
Nudibranchia,5,2021,2,ESP_5_MOL_2021_187_6_12,0.0101265315125629,0.0063741120339206,species x GSA x stratum x year,TRUE
Nudibranchia,9,2018,1,ITA_9_SAN_2018_28_7_2,0.00915120304002965,0.00630165186746789,species x GSA x year (stratum cell too small),TRUE
Ocnus planci,1,2018,1,ESP_1_MOL_2018_14_4_30,0.178777644097197,0.0916722975848923,species x GSA x year (stratum cell too small),TRUE
Ocnus planci,7,2015,1,FRA_7_LEU_2015_71_6_21,0.315967283072546,0.293795548086275,species x GSA x stratum x year,TRUE
Octopus salutii,6,1995,3,ESP_6_COR_1995_82_5_16,0.314981888541409,0.171044825317483,species x GSA x year (stratum cell too small),TRUE
Octopus salutii,6,2001,4,ESP_6_COR_2001_57_5_27,0.498366780863855,0.439058868108252,species x GSA x stratum x year,TRUE
Octopus salutii,6,2003,4,ESP_6_COR_2003_48_5_6,0.178486632596474,0.163998114996782,species x GSA x stratum x year,TRUE
Octopus salutii,6,2011,4,ESP_6_COR_2011_62_5_22,0.275120847475059,0.19566064004533,species x GSA x stratum x year,TRUE
Octopus salutii,6,2016,4,ESP_6_MOL_2016_99_5_18,0.319355167840016,0.112967613054416,species x GSA x stratum x year,TRUE
Octopus salutii,6,2018,4,ESP_6_MOL_2018_97_5_22,0.193080546663229,0.124109076020584,species x GSA x stratum x year,TRUE
Octopus salutii,7,1994,4,FRA_7_LEU_1994_26_5_25,0.258680590521842,0.222940201829919,species x GSA x year (stratum cell too small),TRUE
Octopus salutii,7,1995,4,FRA_7_LEU_1995_6_6_26,0.548393628509719,0.292384833110759,species x GSA x year (stratum cell too small),TRUE
Octopus salutii,7,2013,4,FRA_7_LEU_2013_39_6_8,0.183207947978219,0.162207701781347,species x GSA x year (stratum cell too small),TRUE
Octopus salutii,7,2017,4,FRA_7_LEU_2017_48_6_12,0.0952023500484631,0.0771521869399714,species x GSA x year (stratum cell too small),TRUE
Octopus salutii,9,1994,4,ITA_9_FRP_1994_94_6_3,0.0461443806398687,0.0454914095045347,species x GSA x stratum x year,TRUE
Octopus salutii,9,1995,4,ITA_9_FRP_1995_113_6_18,0.348880790424319,0.170649522102131,species x GSA x stratum x year,TRUE
Octopus salutii,9,1996,5,ITA_9_FRP_1996_106_6_21,0.120311230716516,0.118227016187783,species x GSA x year (stratum cell too small),TRUE
Octopus salutii,9,1999,4,ITA_9_FRP_1999_113_5_26,0.153616573033708,0.144517725580039,species x GSA x stratum x year,TRUE
Octopus salutii,9,2001,4,ITA_9_FRP_2001_139_5_26,0.104132744636217,0.102849917271195,species x GSA x stratum x year,TRUE
Octopus salutii,9,2006,4,ITA_9_LIB_2006_115_6_9,0.0942063118228921,0.0941868873980865,species x GSA x stratum x year,TRUE
Octopus salutii,9,2007,4,ITA_9_LIB_2007_115_9_25,0.036231884057971,0.016769321185759,species x GSA x year (stratum cell too small),TRUE
Octopus salutii,9,2008,3,ITA_9_LIB_2008_143_5_6,0.0702878992352677,0.0662374776576275,species x GSA x year (stratum cell too small),TRUE
Octopus salutii,9,2009,4,ITA_9_LIB_2009_144_6_25,0.0878879996691275,0.0500246042268513,species x GSA x stratum x year,TRUE
Octopus salutii,10,2001,4,ITA_10_SAN_2001_108_5_2,0.0436348911571275,0.0399439810679032,species x GSA x stratum x year,TRUE
Octopus salutii,11,1997,4,ITA_11_NUS_1997_44_7_8,0.0609557146758309,0.0480174402284008,species x GSA x stratum x year,TRUE
Octopus salutii,11,1998,4,ITA_11_NUS_1998_45_6_10,0.152319355103284,0.0929181442327432,species x GSA x stratum x year,TRUE
Octopus salutii,11,1999,4,ITA_11_NUS_1999_43_5_31,0.116175410644513,0.0958175976061067,species x GSA x year (stratum cell too small),TRUE
Octopus salutii,11,2003,4,ITA_11_NUS_2003_73_7_3,0.138450462424545,0.0968917346717996,species x GSA x stratum x year,TRUE
Octopus salutii,11,2004,4,ITA_11_GIS_2004_42_7_8,0.0667097971127492,0.0659263376384592,species x GSA x year (stratum cell too small),TRUE
Octopus vulgaris,1,1999,2,ESP_1_COR_1999_39_5_14,1.55270061326245,0.513894783781943,species x GSA x year (stratum cell too small),TRUE
Octopus vulgaris,1,2003,2,ESP_1_COR_2003_133_5_24,2.04531279110269,1.40729741220572,species x GSA x stratum x year,TRUE
Octopus vulgaris,1,2009,1,ESP_1_COR_2009_15_4_11,6.37501447436653,4.70622570600308,species x GSA x year (stratum cell too small),TRUE
Octopus vulgaris,1,2010,1,ESP_1_COR_2010_21_5_22,3.54946208906605,1.35010976235246,species x GSA x year (stratum cell too small),TRUE
Octopus vulgaris,1,2011,1,ESP_1_COR_2011_23_5_11,8.95649897344743,8.51977566536574,species x GSA x year (stratum cell too small),TRUE
Octopus vulgaris,6,1998,1,ESP_6_COR_1998_71_5_26,1.26303349068626,0.944015734307835,species x GSA x year (stratum cell too small),TRUE
Octopus vulgaris,6,2001,1,ESP_6_COR_2001_45_5_24,5.27535064084809,4.30091606331194,species x GSA x year (stratum cell too small),TRUE
Octopus vulgaris,6,2002,1,ESP_6_COR_2002_52_5_24,1.67755256000476,1.66625083603565,species x GSA x year (stratum cell too small),TRUE
Octopus vulgaris,6,2003,2,ESP_6_COR_2003_59_5_9,1.1204157371832,0.417958133749479,species x GSA x stratum x year,TRUE
Octopus vulgaris,6,2004,2,ESP_6_COR_2004_63_5_19,1.26459601193421,0.572967288144181,species x GSA x stratum x year,TRUE
Octopus vulgaris,6,2005,1,ESP_6_COR_2005_36_5_18,4.31148553281581,1.77627875831681,species x GSA x year (stratum cell too small),TRUE
Octopus vulgaris,6,2007,1,ESP_6_COR_2007_46_5_30,4.00634615897395,1.44521018514222,species x GSA x year (stratum cell too small),TRUE
Octopus vulgaris,6,2009,1,ESP_6_COR_2009_42_4_19,2.65542136910737,1.9841162360241,species x GSA x year (stratum cell too small),TRUE
Octopus vulgaris,6,2014,1,ESP_6_MOL_2014_163_6_2,3.83969282457403,3.53842764324526,species x GSA x year (stratum cell too small),TRUE
Octopus vulgaris,6,2016,1,ESP_6_MOL_2016_172_6_4,2.91566231933204,2.31345648757731,species x GSA x year (stratum cell too small),TRUE
Octopus vulgaris,6,2020,1,ESP_6_MOL_2020_53_6_10,0.694339291833693,0.559725570032741,species x GSA x year (stratum cell too small),TRUE
Octopus vulgaris,7,1996,1,FRA_7_LEU_1996_78_6_22,1.6026619451737,1.36164399460989,species x GSA x stratum x year,TRUE
Octopus vulgaris,7,1998,1,FRA_7_LEU_1998_51_6_3,1.11138053669576,0.812172195919943,species x GSA x year (stratum cell too small),TRUE
Octopus vulgaris,7,2001,1,FRA_7_LEU_2001_54_6_18,2.912063662505,2.75097398612688,species x GSA x year (stratum cell too small),TRUE
Octopus vulgaris,7,2003,2,FRA_7_LEU_2003_81_6_27,0.563979289940828,0.434830504477094,species x GSA x stratum x year,TRUE
Octopus vulgaris,7,2005,1,FRA_7_LEU_2005_71_6_25,1.60720025715204,0.940980438951149,species x GSA x stratum x year,TRUE
Octopus vulgaris,7,2013,2,FRA_7_LEU_2013_52_6_12,0.477986292523709,0.316371595466774,species x GSA x stratum x year,TRUE
Octopus vulgaris,7,2017,1,FRA_7_LEU_2017_90_6_27,4.42253167282776,2.22864357625159,species x GSA x year (stratum cell too small),TRUE
Octopus vulgaris,9,1998,1,ITA_9_FRP_1998_149_6_4,0.275054918683428,0.26909033922719,species x GSA x stratum x year,TRUE
Octopus vulgaris,9,1999,1,ITA_9_FRP_1999_48_6_4,0.55022449159257,0.496462025985152,species x GSA x stratum x year,TRUE
Octopus vulgaris,9,2002,1,ITA_9_FRP_2002_47_7_19,0.735781965955506,0.266154413358899,species x GSA x stratum x year,TRUE
Octopus vulgaris,9,2006,1,ITA_9_LIB_2006_47_6_18,0.673097633773347,0.459039221935973,species x GSA x year (stratum cell too small),TRUE
Octopus vulgaris,9,2007,2,ITA_9_LIB_2007_149_9_18,0.58338513665831,0.50287321915467,species x GSA x stratum x year,TRUE
Octopus vulgaris,9,2011,2,ITA_9_LIB_2011_149_6_17,1.05804431089574,0.452304102276269,species x GSA x year (stratum cell too small),TRUE
Octopus vulgaris,9,2015,1,ITA_9_LIB_2015_21_7_29,0.325558984776862,0.281712524309459,species x GSA x year (stratum cell too small),TRUE
Octopus vulgaris,9,2019,1,ITA_9_SAN_2019_138_6_13,0.846716489107966,0.83807758581458,species x GSA x year (stratum cell too small),TRUE
Octopus vulgaris,9,2020,1,ITA_9_SAN_2020_138_10_22,0.639124562299255,0.613156388728226,species x GSA x stratum x year,TRUE
Octopus vulgaris,9,2023,1,ITA_9_SAN_2023_14_10_30,0.77320246402372,0.372987452851904,species x GSA x year (stratum cell too small),TRUE
Octopus vulgaris,10,1996,1,ITA_10_SAN_1996_87_7_1,0.609819635481793,0.355238184392789,species x GSA x year (stratum cell too small),TRUE
Octopus vulgaris,10,2004,1,ITA_10_PEC_2004_48_5_24,0.928319382898408,0.901075504529679,species x GSA x year (stratum cell too small),TRUE
Octopus vulgaris,10,2007,1,ITA_10_PEC_2007_32_8_14,1.03098993568476,0.672090117710933,species x GSA x year (stratum cell too small),TRUE
Octopus vulgaris,10,2016,1,ITA_10_PEC_2016_46_9_3,0.390825876787,0.219467644469315,species x GSA x year (stratum cell too small),TRUE
Octopus vulgaris,11,2008,2,ITA_11_GIS_2008_37_7_2,0.418430137448842,0.416615628093517,species x GSA x stratum x year,TRUE
Octopus vulgaris,11,2010,2,ITA_11_GIS_2010_15_5_20,1.07300979246787,0.896875369365224,species x GSA x stratum x year,TRUE
Octopus vulgaris,11,2011,2,ITA_11_GIS_2011_30_6_10,1.84326038396051,1.66267056983361,species x GSA x stratum x year,TRUE
Octopus vulgaris,11,2012,2,ITA_11_GIS_2012_19_6_8,2.33325037332006,0.658147790018459,species x GSA x stratum x year,TRUE
Octopus vulgaris,11,2013,2,ITA_11_GIS_2013_7_7_2,1.00821770488737,0.689984680578142,species x GSA x stratum x year,TRUE
Octopus vulgaris,11,2015,1,ITA_11_GIS_2015_99_7_17,0.941406062105314,0.891702365622142,species x GSA x stratum x year,TRUE
Octopus vulgaris,11,2017,2,ITA_11_GIS_2017_97_11_28,1.3537740064876,1.24443853901618,species x GSA x stratum x year,TRUE
Ophichthus rufus,1,1999,2,ESP_1_COR_1999_24_5_10,0.223602091800619,0.186636682637997,species x GSA x year (stratum cell too small),TRUE
Ophichthus rufus,1,2002,1,ESP_1_COR_2002_10_5_14,0.0847435904989433,0.022528569955552,species x GSA x year (stratum cell too small),TRUE
Ophichthus rufus,1,2005,2,ESP_1_COR_2005_19_5_14,0.779961029257874,0.391405179609932,species x GSA x year (stratum cell too small),TRUE
Ophichthus rufus,6,1995,2,ESP_6_COR_1995_89_5_17,0.137264144805323,0.0538559218080217,species x GSA x year (stratum cell too small),TRUE
Ophichthus rufus,6,1996,2,ESP_6_COR_1996_77_5_19,0.0813332479007767,0.0721670728469357,species x GSA x stratum x year,TRUE
Ophichthus rufus,6,1997,2,ESP_6_COR_1997_52_5_23,0.124299574497433,0.093066016023853,species x GSA x year (stratum cell too small),TRUE
Ophichthus rufus,6,1999,3,ESP_6_COR_1999_78_5_24,0.351321057697624,0.168771986098276,species x GSA x year (stratum cell too small),TRUE
Ophichthus rufus,6,2000,2,ESP_6_COR_2000_114_6_23,0.684374309739497,0.247529660857522,species x GSA x stratum x year,TRUE
Ophichthus rufus,6,2005,2,ESP_6_COR_2005_72_5_25,0.230052401216567,0.153421582734777,species x GSA x stratum x year,TRUE
Ophichthus rufus,6,2008,2,ESP_6_COR_2008_65_5_21,0.0464154189494671,0.0175780990679977,species x GSA x stratum x year,TRUE
Ophichthus rufus,6,2021,3,ESP_6_MOL_2021_168_6_4,0.0306202049530827,0.017455729252063,species x GSA x year (stratum cell too small),TRUE
Ophiothrix fragilis,1,2018,3,ESP_1_MOL_2018_1_4_27,0.00121770818299899,0.000999868359533767,species x GSA x year (stratum cell too small),TRUE
Ophiothrix fragilis,6,2013,3,ESP_6_COR_2013_135_6_10,0.000699142133706209,0.000402850427324473,species x GSA x year (stratum cell too small),TRUE
Ophiothrix fragilis,6,2017,2,ESP_6_MOL_2017_131_5_27,0.000127524994899,0.000108985950406027,species x GSA x year (stratum cell too small),TRUE
Ophisurus serpens,9,2018,2,ITA_9_SAN_2018_15_7_4,1.21598306140389,0.114004105318608,species x GSA x year (stratum cell too small),TRUE
Ophiura albida,11,2016,1,ITA_11_GIS_2016_39_6_16,0.00263522110032076,0.0020720699755304,species x GSA x year (stratum cell too small),TRUE
Ophiura ophiura,5,2020,2,ESP_5_MOL_2020_89_6_19,0.00431857299327179,0.00405141433241956,species x GSA x stratum x year,TRUE
Ophiura ophiura,6,2016,2,ESP_6_MOL_2016_72_5_12,0.00161397415598345,0.00148277724826103,species x GSA x stratum x year,TRUE
Ophiura ophiura,10,2012,3,ITA_10_PEC_2012_56_6_18,0.00843580796087569,0.00630538299814764,species x GSA x year (stratum cell too small),TRUE
Ophiura ophiura,10,2013,3,ITA_10_PEC_2013_54_6_27,0.0162037662182339,0.00402556514529817,species x GSA x year (stratum cell too small),TRUE
Ophiuridae,6,2013,3,ESP_6_COR_2013_135_6_10,0.00423264426892408,0.00417731258075915,species x GSA x year (stratum cell too small),TRUE
Opisthobranchia,6,2013,3,ESP_6_COR_2013_135_6_10,0.00757718907070783,0.00548539895887474,species x GSA x year (stratum cell too small),TRUE
Opisthobranchia,6,2018,2,ESP_6_MOL_2018_162_6_7,0.00199369186932134,0.0013845839833704,species x GSA x stratum x year,TRUE
Osmundaria volubilis,5,2018,2,ESP_5_MOL_2018_197_6_18,1.97241109750881,1.34548061882624,species x GSA x stratum x year,TRUE
Osmundaria volubilis,6,2017,2,ESP_6_MOL_2017_77_5_14,0.0701398218639598,0.0158415731023376,species x GSA x stratum x year,TRUE
Osmundaria volubilis,11,2013,1,ITA_11_GIS_2013_25_7_5,12.043843314058,7.16809242135715,species x GSA x year (stratum cell too small),TRUE
Pagellus acarne,1,1997,3,ESP_1_COR_1997_9_5_12,5.72709787568523,3.99732751532937,species x GSA x year (stratum cell too small),TRUE
Pagellus acarne,1,1998,1,ESP_1_COR_1998_4_5_5,10.6140685318969,10.5095286514221,species x GSA x year (stratum cell too small),TRUE
Pagellus acarne,1,1999,3,ESP_1_COR_1999_7_5_5,2.51438378270315,1.37705736397653,species x GSA x year (stratum cell too small),TRUE
Pagellus acarne,1,2000,2,ESP_1_COR_2000_22_5_27,3.38505980631721,3.06473251000125,species x GSA x year (stratum cell too small),TRUE
Pagellus acarne,1,2007,2,ESP_1_COR_2007_33_5_26,17.945024910206,10.7595021251634,species x GSA x year (stratum cell too small),TRUE
Pagellus acarne,1,2009,2,ESP_1_COR_2009_10_4_10,9.15229792409468,5.48212820635267,species x GSA x year (stratum cell too small),TRUE
Pagellus acarne,1,2011,2,ESP_1_COR_2011_8_5_7,6.3270100653754,6.26699399114304,species x GSA x year (stratum cell too small),TRUE
Pagellus acarne,1,2016,1,ESP_1_MOL_2016_7_4_25,18.2450725198173,6.04144902602891,species x GSA x year (stratum cell too small),TRUE
Pagellus acarne,1,2017,2,ESP_1_MOL_2017_53_5_6,29.2682153127206,1.60475926646039,species x GSA x stratum x year,TRUE
Pagellus acarne,1,2019,1,ESP_1_MOL_2019_7_4_29,76.3879982747143,11.0400546081368,species x GSA x year (stratum cell too small),TRUE
Pagellus acarne,5,2008,3,ESP_5_COR_2008_144_6_10,0.649409249557167,0.52353846750999,species x GSA x year (stratum cell too small),TRUE
Pagellus acarne,5,2015,2,ESP_5_MOL_2015_203_6_12,0.470443361773763,0.437366106815946,species x GSA x year (stratum cell too small),TRUE
Pagellus acarne,5,2017,2,ESP_5_MOL_2017_226_6_20,1.02687788228899,0.437089297282906,species x GSA x year (stratum cell too small),TRUE
Pagellus acarne,5,2021,2,ESP_5_MOL_2021_242_8_19,4.98896595801181,0.989504185995795,species x GSA x year (stratum cell too small),TRUE
Pagellus acarne,6,1994,2,ESP_6_COR_1994_74_6_18,1.51833551860998,0.41657865299578,species x GSA x stratum x year,TRUE
Pagellus acarne,6,1997,2,ESP_6_COR_1997_85_5_31,4.30925418538045,0.416186979298169,species x GSA x stratum x year,TRUE
Pagellus acarne,6,1998,2,ESP_6_COR_1998_69_5_26,2.11590497402417,2.00899230998626,species x GSA x year (stratum cell too small),TRUE
Pagellus acarne,6,1999,1,ESP_6_COR_1999_40_5_14,1.04666713905599,0.772765160165783,species x GSA x year (stratum cell too small),TRUE
Pagellus acarne,6,2000,2,ESP_6_COR_2000_77_6_13,1.09310071562601,1.08344933351149,species x GSA x stratum x year,TRUE
Pagellus acarne,6,2004,2,ESP_6_COR_2004_42_5_15,1.95060401719502,0.916747504394153,species x GSA x stratum x year,TRUE
Pagellus acarne,6,2005,2,ESP_6_COR_2005_91_5_31,0.142080620242005,0.0482874372160417,species x GSA x stratum x year,TRUE
Pagellus acarne,6,2008,1,ESP_6_COR_2008_109_5_31,4.49165792731446,1.32637092326593,species x GSA x year (stratum cell too small),TRUE
Pagellus acarne,7,1996,2,FRA_7_LEU_1996_68_6_18,1.01424938221361,0.925607410927851,species x GSA x year (stratum cell too small),TRUE
Pagellus acarne,7,2003,4,FRA_7_LEU_2003_30_6_12,0.62815284806015,0.409524646425844,species x GSA x year (stratum cell too small),TRUE
Pagellus acarne,7,2007,2,FRA_7_LEU_2007_43_6_21,1.65840641100252,1.34866211950404,species x GSA x year (stratum cell too small),TRUE
Pagellus acarne,7,2008,4,FRA_7_LEU_2008_78_6_16,1.49864614116639,1.26539496906226,species x GSA x year (stratum cell too small),TRUE
Pagellus acarne,8,2003,2,FRA_8_LEU_2003_15_6_6,9.66200376710585,0.767029481572972,species x GSA x year (stratum cell too small),TRUE
Pagellus acarne,8,2004,2,FRA_8_LEU_2004_22_6_7,5.9672684396579,3.48208726204168,species x GSA x year (stratum cell too small),TRUE
Pagellus acarne,8,2011,2,FRA_8_LEU_2011_3_5_25,0.928234364552181,0.398339961660055,species x GSA x year (stratum cell too small),TRUE
Pagellus acarne,8,2015,2,FRA_8_LEU_2015_9_5_26,99.9960449954642,4.48649904542397,species x GSA x year (stratum cell too small),TRUE
Pagellus acarne,8,2018,2,FRA_8_LEU_2018_9_5_26,0.427203069097203,0.358548332313223,species x GSA x year (stratum cell too small),TRUE
Pagellus acarne,9,1999,3,ITA_9_FRP_1999_85_6_12,0.182959321438117,0.0890374149081291,species x GSA x stratum x year,TRUE
Pagellus acarne,9,2003,2,ITA_9_CIR_2003_149_7_9,0.804829351929864,0.217492380730704,species x GSA x year (stratum cell too small),TRUE
Pagellus acarne,9,2004,3,ITA_9_LIB_2004_75_6_15,0.269839854786692,0.237631271883107,species x GSA x year (stratum cell too small),TRUE
Pagellus acarne,9,2006,2,ITA_9_LIB_2006_149_6_3,5.32489023220174,1.20383492814171,species x GSA x year (stratum cell too small),TRUE
Pagellus acarne,9,2008,1,ITA_9_LIB_2008_149_5_5,1.07603432788158,0.167738284741005,species x GSA x year (stratum cell too small),TRUE
Pagellus acarne,9,2010,4,ITA_9_LIB_2010_107_5_21,0.476541339965441,0.265255580459645,species x GSA x year (stratum cell too small),TRUE
Pagellus acarne,9,2013,3,ITA_9_LIB_2013_75_7_8,1.70163255523345,0.100909221676753,species x GSA x year (stratum cell too small),TRUE
Pagellus acarne,9,2017,1,ITA_9_SAN_2017_14_10_16,3.60234135617313,2.37609412984307,species x GSA x year (stratum cell too small),TRUE
Pagellus acarne,10,1994,1,ITA_10_SAN_1994_57_6_30,3.27456486323273,1.20938143129494,species x GSA x year (stratum cell too small),TRUE
Pagellus acarne,10,1995,1,ITA_10_SAN_1995_60_6_25,0.392087370063747,0.231727933828404,species x GSA x year (stratum cell too small),TRUE
Pagellus acarne,10,1996,1,ITA_10_SAN_1996_87_7_1,0.152229235973576,0.126719166786639,species x GSA x year (stratum cell too small),TRUE
Pagellus acarne,10,1999,1,ITA_10_SAN_1999_86_5_14,0.432509561032404,0.393001477070024,species x GSA x year (stratum cell too small),TRUE
Pagellus acarne,10,2002,2,ITA_10_GAB_2002_53_7_20,0.933245309389858,0.759177735936527,species x GSA x year (stratum cell too small),TRUE
Pagellus acarne,10,2003,1,ITA_10_DAP_2003_48_7_30,0.269716584964226,0.0345411183508757,species x GSA x year (stratum cell too small),TRUE
Pagellus acarne,10,2005,2,ITA_10_PEC_2005_53_6_23,0.188294094918434,0.132062457107657,species x GSA x year (stratum cell too small),TRUE
Pagellus acarne,10,2007,2,ITA_10_PEC_2007_52_8_3,0.786712919463539,0.0887437944291265,species x GSA x year (stratum cell too small),TRUE
Pagellus acarne,10,2010,1,ITA_10_PEC_2010_49_6_6,0.788533178057118,0.601165896607739,species x GSA x year (stratum cell too small),TRUE
Pagellus acarne,10,2011,2,ITA_10_PEC_2011_52_6_9,0.559518368661071,0.292598855299702,species x GSA x year (stratum cell too small),TRUE
Pagellus acarne,10,2012,1,ITA_10_PEC_2012_49_6_18,0.926721330189345,0.236638648118864,species x GSA x year (stratum cell too small),TRUE
Pagellus acarne,10,2014,2,ITA_10_PEC_2014_52_9_3,2.33411675957393,1.70382484128194,species x GSA x year (stratum cell too small),TRUE
Pagellus acarne,10,2018,1,ITA_10_SAN_2018_49_7_14,1.43843899629601,0.683042591990843,species x GSA x year (stratum cell too small),TRUE
Pagellus acarne,10,2021,1,ITA_10_SAN_2021_46_10_3,1.14623622798682,0.832160775974701,species x GSA x year (stratum cell too small),TRUE
Pagellus acarne,11,1995,4,ITA_11_NUS_1995_56_7_6,1.44578741037468,0.175454486325632,species x GSA x year (stratum cell too small),TRUE
Pagellus acarne,11,1999,4,ITA_11_NUS_1999_46_6_1,0.885200345175422,0.449163467000252,species x GSA x year (stratum cell too small),TRUE
Pagellus acarne,11,2004,1,ITA_11_GIS_2004_35_7_7,4.25891511918037,0.245090120490806,species x GSA x year (stratum cell too small),TRUE
Pagellus acarne,11,2005,1,ITA_11_GIS_2005_96_7_27,0.161935924813129,0.114284880235753,species x GSA x year (stratum cell too small),TRUE
Pagellus acarne,11,2006,1,ITA_11_GIS_2006_3_6_14,0.810580261038637,0.651332870026776,species x GSA x year (stratum cell too small),TRUE
Pagellus acarne,11,2011,2,ITA_11_GIS_2011_50_6_17,0.808962814054695,0.234707668238132,species x GSA x year (stratum cell too small),TRUE
Pagellus acarne,11,2016,2,ITA_11_GIS_2016_72_6_27,2.90667153185329,0.598726708402202,species x GSA x year (stratum cell too small),TRUE
Pagellus bogaraveo,1,1995,2,ESP_1_COR_1995_19_4_26,0.602513723911535,0.380785598923247,species x GSA x year (stratum cell too small),TRUE
Pagellus bogaraveo,1,1996,5,ESP_1_COR_1996_22_5_7,24.0677828344069,0.439441648896694,species x GSA x stratum x year,TRUE
Pagellus bogaraveo,1,2000,2,ESP_1_COR_2000_34_5_30,1.02450941044276,0.210951677592873,species x GSA x year (stratum cell too small),TRUE
Pagellus bogaraveo,1,2002,4,ESP_1_COR_2002_38_5_21,14.300906134924,12.2093978859356,species x GSA x stratum x year,TRUE
Pagellus bogaraveo,1,2004,4,ESP_1_COR_2004_127_6_3,0.248222073875759,0.187181456536096,species x GSA x year (stratum cell too small),TRUE
Pagellus bogaraveo,1,2005,4,ESP_1_COR_2005_24_5_15,0.710696785336132,0.4458868976092,species x GSA x stratum x year,TRUE
Pagellus bogaraveo,1,2008,3,ESP_1_COR_2008_23_5_12,0.707020229299499,0.663687644568344,species x GSA x year (stratum cell too small),TRUE
Pagellus bogaraveo,1,2014,2,ESP_1_MOL_2014_9_4_27,0.184707166457799,0.099312778862932,species x GSA x year (stratum cell too small),TRUE
Pagellus bogaraveo,6,1995,2,ESP_6_COR_1995_41_5_2,0.0614041558251215,0.060321401538914,species x GSA x year (stratum cell too small),TRUE
Pagellus bogaraveo,6,1997,2,ESP_6_COR_1997_41_5_21,0.280886978476083,0.100266277508035,species x GSA x year (stratum cell too small),TRUE
Pagellus bogaraveo,6,2002,2,ESP_6_COR_2002_51_5_24,0.246639743793581,0.128515042210483,species x GSA x year (stratum cell too small),TRUE
Pagellus bogaraveo,6,2003,2,ESP_6_COR_2003_58_5_8,0.185110750943869,0.0872096736681117,species x GSA x stratum x year,TRUE
Pagellus bogaraveo,6,2007,3,ESP_6_COR_2007_50_5_31,0.552838245708111,0.271245876873621,species x GSA x year (stratum cell too small),TRUE
Pagellus bogaraveo,6,2008,4,ESP_6_COR_2008_70_5_22,0.328619539078461,0.172419444830634,species x GSA x year (stratum cell too small),TRUE
Pagellus bogaraveo,6,2012,2,ESP_6_COR_2012_113_5_24,0.129756755853713,0.100632386765872,species x GSA x year (stratum cell too small),TRUE
Pagellus bogaraveo,6,2013,2,ESP_6_COR_2013_140_6_12,0.484977659989764,0.466230893739228,species x GSA x year (stratum cell too small),TRUE
Pagellus bogaraveo,7,1999,4,FRA_7_LEU_1999_26_5_14,2.37843480960604,0.17567991783436,species x GSA x year (stratum cell too small),TRUE
Pagellus bogaraveo,7,2001,4,FRA_7_LEU_2001_23_6_10,4.99653934370674,0.288549818116509,species x GSA x year (stratum cell too small),TRUE
Pagellus bogaraveo,7,2008,5,FRA_7_LEU_2008_79_6_17,4.08190790265604,0.0968711767847969,species x GSA x year (stratum cell too small),TRUE
Pagellus bogaraveo,7,2017,4,FRA_7_LEU_2017_45_6_11,0.156009564775082,0.0779537164915245,species x GSA x year (stratum cell too small),TRUE
Pagellus bogaraveo,7,2019,1,FRA_7_LEU_2019_53_6_11,0.22447247692918,0.213130308539575,species x GSA x year (stratum cell too small),TRUE
Pagellus bogaraveo,7,2020,5,FRA_7_LEU_2020_31_10_18,1.13976022073714,0.206951831636311,species x GSA x year (stratum cell too small),TRUE
Pagellus bogaraveo,7,2022,5,FRA_7_LEU_2022_65_6_5,0.25714335310128,0.166893394197863,species x GSA x year (stratum cell too small),TRUE
Pagellus bogaraveo,8,2007,5,FRA_8_LEU_2007_13_6_10,0.619517340647718,0.239065202487848,species x GSA x year (stratum cell too small),TRUE
Pagellus bogaraveo,8,2016,5,FRA_8_LEU_2016_14_5_25,1.65195486766299,0.41123078476039,species x GSA x year (stratum cell too small),TRUE
Pagellus bogaraveo,8,2019,5,FRA_8_LEU_2019_20_5_30,4.35044485019852,1.54808454649076,species x GSA x year (stratum cell too small),TRUE
Pagellus bogaraveo,8,2021,5,FRA_8_LEU_2021_2_5_22,1.44459254474628,1.25333382749277,species x GSA x year (stratum cell too small),TRUE
Pagellus bogaraveo,9,2002,5,ITA_9_FRP_2002_140_7_28,0.328383393173837,0.115768456094549,species x GSA x year (stratum cell too small),TRUE
Pagellus bogaraveo,9,2004,3,ITA_9_LIB_2004_75_6_15,0.0513980675784176,0.0475375399517695,species x GSA x stratum x year,TRUE
Pagellus bogaraveo,9,2010,3,ITA_9_LIB_2010_116_5_15,0.253772617186416,0.139241217269867,species x GSA x year (stratum cell too small),TRUE
Pagellus bogaraveo,9,2011,4,ITA_9_LIB_2011_152_6_17,0.148270496309963,0.0886009058600425,species x GSA x stratum x year,TRUE
Pagellus bogaraveo,9,2012,5,ITA_9_LIB_2012_109_6_24,0.126597534537785,0.067149227826479,species x GSA x year (stratum cell too small),TRUE
Pagellus bogaraveo,9,2014,1,ITA_9_LIB_2014_124_9_8,0.0546565174297872,0.049857080562358,species x GSA x year (stratum cell too small),TRUE
Pagellus bogaraveo,9,2016,4,ITA_9_SAN_2016_107_6_8,0.689323041741798,0.261209813767539,species x GSA x stratum x year,TRUE
Pagellus bogaraveo,9,2021,1,ITA_9_SAN_2021_11_9_12,4.15619476692477,0.433969337571977,species x GSA x year (stratum cell too small),TRUE
Pagellus bogaraveo,10,1995,5,ITA_10_SAN_1995_137_7_8,0.744698423337403,0.0991376961861289,species x GSA x year (stratum cell too small),TRUE
Pagellus bogaraveo,10,1997,2,ITA_10_SAN_1997_62_6_16,0.854196473149101,0.128985075329952,species x GSA x year (stratum cell too small),TRUE
Pagellus bogaraveo,10,1998,2,ITA_10_SAN_1998_62_6_11,0.3830057207843,0.0610113445543557,species x GSA x year (stratum cell too small),TRUE
Pagellus bogaraveo,10,2001,4,ITA_10_SAN_2001_76_5_15,0.165277456199883,0.0940348735723487,species x GSA x stratum x year,TRUE
Pagellus bogaraveo,10,2004,2,ITA_10_PEC_2004_5_6_1,0.109532988724183,0.106274664004865,species x GSA x year (stratum cell too small),TRUE
Pagellus bogaraveo,10,2005,2,ITA_10_PEC_2005_53_6_23,0.415545588785509,0.150407889914892,species x GSA x year (stratum cell too small),TRUE
Pagellus bogaraveo,10,2010,2,ITA_10_PEC_2010_53_6_7,0.627844507176063,0.340455616486433,species x GSA x year (stratum cell too small),TRUE
Pagellus bogaraveo,10,2015,5,ITA_10_PEC_2015_7_6_14,0.181141072851668,0.114451747034366,species x GSA x year (stratum cell too small),TRUE
Pagellus bogaraveo,11,1995,5,ITA_11_NUS_1995_94_7_24,0.307071114890684,0.198121506937498,species x GSA x year (stratum cell too small),TRUE
Pagellus bogaraveo,11,1999,2,ITA_11_NUS_1999_76_6_10,0.354438360687798,0.330413061314939,species x GSA x year (stratum cell too small),TRUE
Pagellus bogaraveo,11,2001,4,ITA_11_NUS_2001_122_7_19,0.687072950102961,0.226066575041882,species x GSA x stratum x year,TRUE
Pagellus bogaraveo,11,2006,5,ITA_11_GIS_2006_76_7_3,0.171726751009983,0.116231888443264,species x GSA x year (stratum cell too small),TRUE
Pagellus bogaraveo,11,2008,4,ITA_11_GIS_2008_13_6_25,0.164342114792265,0.148518143358325,species x GSA x year (stratum cell too small),TRUE
Pagellus bogaraveo,11,2011,1,ITA_11_GIS_2011_65_6_23,0.841091735921819,0.162085129202854,species x GSA x year (stratum cell too small),TRUE
Pagellus bogaraveo,11,2012,5,ITA_11_GIS_2012_91_7_10,0.67429903365121,0.560315382066645,species x GSA x year (stratum cell too small),TRUE
Pagellus bogaraveo,11,2015,5,ITA_11_GIS_2015_23_6_29,0.0784094657651588,0.0593376214763536,species x GSA x stratum x year,TRUE
Pagellus bogaraveo,11,2016,5,ITA_11_GIS_2016_21_6_10,0.302045329177297,0.132108547220956,species x GSA x year (stratum cell too small),TRUE
Pagellus erythrinus,5,2008,2,ESP_5_COR_2008_140_6_9,2.57445748296966,2.04935250286753,species x GSA x stratum x year,TRUE
Pagellus erythrinus,5,2012,2,ESP_5_COR_2012_132_5_30,0.798036768439581,0.657867073137915,species x GSA x stratum x year,TRUE
Pagellus erythrinus,5,2015,2,ESP_5_MOL_2015_230_6_19,0.889883067751894,0.432848533366589,species x GSA x stratum x year,TRUE
Pagellus erythrinus,5,2018,2,ESP_5_MOL_2018_215_6_22,2.19578066801434,1.83436478591261,species x GSA x year (stratum cell too small),TRUE
Pagellus erythrinus,6,2000,1,ESP_6_COR_2000_71_6_12,1.13634797101916,1.0965294016668,species x GSA x year (stratum cell too small),TRUE
Pagellus erythrinus,6,2001,2,ESP_6_COR_2001_103_6_9,1.07114218549016,0.958943894080027,species x GSA x stratum x year,TRUE
Pagellus erythrinus,6,2004,2,ESP_6_COR_2004_98_5_27,0.6601151262317,0.381959244248753,species x GSA x stratum x year,TRUE
Pagellus erythrinus,6,2008,1,ESP_6_COR_2008_103_5_30,1.77541603712478,1.43386466455337,species x GSA x year (stratum cell too small),TRUE
Pagellus erythrinus,6,2009,1,ESP_6_COR_2009_70_4_26,2.39522523057968,1.13080724574006,species x GSA x year (stratum cell too small),TRUE
Pagellus erythrinus,6,2014,1,ESP_6_MOL_2014_148_5_30,2.45359071282531,2.2695874963999,species x GSA x stratum x year,TRUE
Pagellus erythrinus,6,2015,2,ESP_6_MOL_2015_154_5_31,2.87037816477679,1.87207426052496,species x GSA x stratum x year,TRUE
Pagellus erythrinus,6,2018,1,ESP_6_MOL_2018_151_6_4,3.11515134679385,1.82504199725057,species x GSA x year (stratum cell too small),TRUE
Pagellus erythrinus,6,2019,2,ESP_6_MOL_2019_122_5_28,1.86101401682053,1.20141864983477,species x GSA x stratum x year,TRUE
Pagellus erythrinus,6,2021,1,ESP_6_MOL_2021_144_5_30,2.6453001192825,2.01339246849682,species x GSA x year (stratum cell too small),TRUE
Pagellus erythrinus,7,2006,1,FRA_7_LEU_2006_54_6_24,0.622680483181931,0.528299958193563,species x GSA x year (stratum cell too small),TRUE
Pagellus erythrinus,7,2009,1,FRA_7_LEU_2009_78_6_16,0.541976330427726,0.174398639187615,species x GSA x year (stratum cell too small),TRUE
Pagellus erythrinus,7,2012,1,FRA_7_LEU_2012_36_6_7,0.575578741216092,0.221246877570332,species x GSA x year (stratum cell too small),TRUE
Pagellus erythrinus,7,2016,1,FRA_7_LEU_2016_73_6_19,2.2483074480033,0.590930430889822,species x GSA x year (stratum cell too small),TRUE
Pagellus erythrinus,7,2018,1,FRA_7_LEU_2018_74_6_18,0.804714126144962,0.453824220384648,species x GSA x year (stratum cell too small),TRUE
Pagellus erythrinus,7,2023,1,FRA_7_LEU_2023_70_6_18,5.26103930390798,2.23428109189817,species x GSA x stratum x year,TRUE
Pagellus erythrinus,8,1999,2,FRA_8_LEU_1999_17_5_9,1.72032273975009,1.15542302792474,species x GSA x year (stratum cell too small),TRUE
Pagellus erythrinus,8,2015,2,FRA_8_LEU_2015_9_5_26,2.05458150399449,0.689114088669003,species x GSA x year (stratum cell too small),TRUE
Pagellus erythrinus,9,1994,1,ITA_9_FRP_1994_128_6_11,0.975195252786037,0.842069595939444,species x GSA x stratum x year,TRUE
Pagellus erythrinus,9,1997,1,ITA_9_FRP_1997_129_6_21,0.901423751807551,0.855452370629068,species x GSA x stratum x year,TRUE
Pagellus erythrinus,9,1998,3,ITA_9_FRP_1998_102_5_22,0.201510104596566,0.075639540506616,species x GSA x stratum x year,TRUE
Pagellus erythrinus,9,2003,1,ITA_9_CIR_2003_47_6_20,1.27988398790532,0.349463810921072,species x GSA x year (stratum cell too small),TRUE
Pagellus erythrinus,9,2004,2,ITA_9_LIB_2004_149_6_1,0.500731616704759,0.176311713201981,species x GSA x stratum x year,TRUE
Pagellus erythrinus,9,2006,2,ITA_9_LIB_2006_149_6_3,0.562071746732406,0.243354901786138,species x GSA x stratum x year,TRUE
Pagellus erythrinus,9,2009,2,ITA_9_LIB_2009_127_6_17,0.486554652607321,0.387092621248852,species x GSA x stratum x year,TRUE
Pagellus erythrinus,9,2010,2,ITA_9_LIB_2010_149_5_10,0.481627516884716,0.448834621572303,species x GSA x stratum x year,TRUE
Pagellus erythrinus,9,2019,3,ITA_9_SAN_2019_91_6_2,0.240462412306168,0.228257932505979,species x GSA x stratum x year,TRUE
Pagellus erythrinus,10,1994,2,ITA_10_SAN_1994_62_6_30,1.13729137058136,1.13277175226433,species x GSA x year (stratum cell too small),TRUE
Pagellus erythrinus,10,1999,2,ITA_10_SAN_1999_62_5_25,0.815904907111383,0.449055183889702,species x GSA x stratum x year,TRUE
Pagellus erythrinus,10,2000,2,ITA_10_SAN_2000_62_6_12,1.19979190426582,0.531770952765574,species x GSA x year (stratum cell too small),TRUE
Pagellus erythrinus,10,2002,1,ITA_10_GAB_2002_48_7_22,9.81373274319559,2.25773605088583,species x GSA x year (stratum cell too small),TRUE
Pagellus erythrinus,10,2003,1,ITA_10_DAP_2003_48_7_30,4.51420389571705,0.713071281593183,species x GSA x year (stratum cell too small),TRUE
Pagellus erythrinus,10,2005,2,ITA_10_PEC_2005_53_6_23,0.785640878797603,0.356131905279879,species x GSA x year (stratum cell too small),TRUE
Pagellus erythrinus,10,2007,2,ITA_10_PEC_2007_51_8_6,0.509411660913414,0.225769015155029,species x GSA x year (stratum cell too small),TRUE
Pagellus erythrinus,10,2008,1,ITA_10_PEC_2008_49_7_24,0.349850100771537,0.280028280298205,species x GSA x year (stratum cell too small),TRUE
Pagellus erythrinus,10,2009,2,ITA_10_PEC_2009_53_7_17,0.315186678316424,0.310062751410229,species x GSA x year (stratum cell too small),TRUE
Pagellus erythrinus,10,2012,2,ITA_10_PEC_2012_53_6_19,2.22863601465316,0.742213627042485,species x GSA x year (stratum cell too small),TRUE
Pagellus erythrinus,10,2014,1,ITA_10_PEC_2014_49_9_5,0.656878721920815,0.420420101373473,species x GSA x year (stratum cell too small),TRUE
Pagellus erythrinus,10,2015,2,ITA_10_PEC_2015_53_6_20,0.641447784621166,0.584467674820211,species x GSA x year (stratum cell too small),TRUE
Pagellus erythrinus,10,2017,2,ITA_10_SAN_2017_53_11_5,1.44517989463277,1.05341173395283,species x GSA x year (stratum cell too small),TRUE
Pagellus erythrinus,10,2018,2,ITA_10_SAN_2018_69_7_19,3.60781070620603,0.86750588224411,species x GSA x year (stratum cell too small),TRUE
Pagellus erythrinus,10,2019,2,ITA_10_SAN_2019_69_7_8,2.33888958248209,1.90236670372212,species x GSA x year (stratum cell too small),TRUE
Pagellus erythrinus,10,2021,2,ITA_10_SAN_2021_70_10_9,1.80002369023973,0.84348998429908,species x GSA x year (stratum cell too small),TRUE
Pagellus erythrinus,11,1994,2,ITA_11_NUS_1994_53_6_30,0.8733047524368,0.399741158184999,species x GSA x stratum x year,TRUE
Pagellus erythrinus,11,1995,1,ITA_11_NUS_1995_26_6_26,0.354882474255984,0.29988797126252,species x GSA x stratum x year,TRUE
Pagellus erythrinus,11,1997,1,ITA_11_NUS_1997_63_7_14,0.253550403687293,0.224147075073071,species x GSA x stratum x year,TRUE
Pagellus erythrinus,11,1998,1,ITA_11_NUS_1998_19_6_1,0.39375495114953,0.375140116523345,species x GSA x stratum x year,TRUE
Pagellus erythrinus,11,1999,2,ITA_11_NUS_1999_76_6_10,0.986263264522569,0.869290605600573,species x GSA x stratum x year,TRUE
Pagellus erythrinus,11,2000,2,ITA_11_NUS_2000_41_6_12,0.78454488702476,0.353911364103498,species x GSA x stratum x year,TRUE
Pagellus erythrinus,11,2001,3,ITA_11_NUS_2001_40_6_15,0.732241894556443,0.676269679152149,species x GSA x year (stratum cell too small),TRUE
Pagellus erythrinus,11,2003,2,ITA_11_NUS_2003_43_6_25,0.274773770932305,0.222243562878312,species x GSA x stratum x year,TRUE
Pagellus erythrinus,11,2010,1,ITA_11_GIS_2010_44_6_3,2.00428181594651,0.989692688955832,species x GSA x stratum x year,TRUE
Pagellus erythrinus,11,2012,1,ITA_11_GIS_2012_56_6_27,1.22671198979501,0.885958590043778,species x GSA x stratum x year,TRUE
Pagellus erythrinus,11,2013,1,ITA_11_GIS_2013_66_7_17,0.31178611652622,0.27988835521024,species x GSA x stratum x year,TRUE
Pagellus erythrinus,11,2019,1,ITA_11_GIS_2019_51_6_14,1.23608519710127,0.653821427992489,species x GSA x stratum x year,TRUE
Pagellus erythrinus,11,2021,2,ITA_11_GIS_2021_46_9_1,1.6746053302258,0.395429067883623,species x GSA x stratum x year,TRUE
Pagrus pagrus,1,2002,1,ESP_1_COR_2002_10_5_14,0.932179495488376,0.810835504924487,species x GSA x year (stratum cell too small),TRUE
Pagrus pagrus,1,2019,2,ESP_1_MOL_2019_31_5_4,1.85015044150905,0.320563867312771,species x GSA x year (stratum cell too small),TRUE
Pagrus pagrus,6,2006,2,ESP_6_COR_2006_112_6_4,0.260360892170496,0.190060926973645,species x GSA x year (stratum cell too small),TRUE
Pagrus pagrus,6,2009,1,ESP_6_COR_2009_42_4_19,0.536593048290634,0.258111064141914,species x GSA x year (stratum cell too small),TRUE
Pagrus pagrus,6,2012,1,ESP_6_COR_2012_79_5_16,0.316691340700611,0.183591269954612,species x GSA x year (stratum cell too small),TRUE
Pagrus pagrus,6,2014,1,ESP_6_MOL_2014_92_5_17,0.430999531780975,0.184543534521368,species x GSA x year (stratum cell too small),TRUE
Pagrus pagrus,6,2015,1,ESP_6_MOL_2015_73_5_11,0.239533697264198,0.182147792209628,species x GSA x year (stratum cell too small),TRUE
Pagrus pagrus,6,2017,2,ESP_6_MOL_2017_110_5_21,0.122010222644074,0.109088080426621,species x GSA x stratum x year,TRUE
Pagrus pagrus,6,2018,1,ESP_6_MOL_2018_68_5_15,0.282583723980035,0.242873493698227,species x GSA x year (stratum cell too small),TRUE
Pagrus pagrus,6,2019,1,ESP_6_MOL_2019_72_5_16,0.474750561122377,0.140705740044953,species x GSA x year (stratum cell too small),TRUE
Pagurus alatus,1,1994,5,ESP_1_COR_1994_16_5_31,0.0349956255468066,0.0122901955826483,species x GSA x year (stratum cell too small),TRUE
Pagurus alatus,1,1995,5,ESP_1_COR_1995_14_4_25,0.0948328728670506,0.0151823723003685,species x GSA x year (stratum cell too small),TRUE
Pagurus alatus,1,1996,5,ESP_1_COR_1996_20_5_6,0.181635574930017,0.062103483050685,species x GSA x stratum x year,TRUE
Pagurus alatus,1,1998,5,ESP_1_COR_1998_24_5_11,0.256663958861901,0.140882767195496,species x GSA x stratum x year,TRUE
Pagurus alatus,1,1999,5,ESP_1_COR_1999_5_5_5,0.0474401602330511,0.0160507318743354,species x GSA x year (stratum cell too small),TRUE
Pagurus alatus,1,2002,5,ESP_1_COR_2002_34_5_19,0.0866363439462855,0.0601214026077598,species x GSA x stratum x year,TRUE
Pagurus alatus,1,2006,5,ESP_1_COR_2006_5_5_6,0.142961229356178,0.115478238578789,species x GSA x stratum x year,TRUE
Pagurus alatus,1,2008,5,ESP_1_COR_2008_6_5_7,0.0223099747897285,0.0128530297065099,species x GSA x year (stratum cell too small),TRUE
Pagurus alatus,1,2014,5,ESP_1_MOL_2014_11_4_28,0.039566764750594,0.0200370507797849,species x GSA x stratum x year,TRUE
Pagurus alatus,1,2015,5,ESP_1_MOL_2015_42_5_2,0.00728956381366464,0.00596606575240355,species x GSA x stratum x year,TRUE
Pagurus alatus,5,2018,2,ESP_5_MOL_2018_201_6_19,0.0621402801742341,0.00260035895720499,species x GSA x year (stratum cell too small),TRUE
Pagurus alatus,6,2016,5,ESP_6_MOL_2016_166_6_2,0.0017071984020623,0.00128630700321805,species x GSA x year (stratum cell too small),TRUE
Pagurus alatus,6,2019,5,ESP_6_MOL_2019_159_6_5,0.00224817279755878,0.00124181884784806,species x GSA x year (stratum cell too small),TRUE
Pagurus alatus,9,2001,1,ITA_9_FRP_2001_20_6_27,0.0959923206143509,0.0270466013303982,species x GSA x year (stratum cell too small),TRUE
Pagurus alatus,10,2013,5,ITA_10_PEC_2013_70_6_27,0.0150151502866392,0.00416857943525869,species x GSA x stratum x year,TRUE
Pagurus alatus,10,2017,1,ITA_10_SAN_2017_6_10_19,0.00972595686252074,0.00306564275729825,species x GSA x year (stratum cell too small),TRUE
Pagurus cuanensis,6,2006,2,ESP_6_COR_2006_123_6_7,0.00724470344259252,0.00424103443581981,species x GSA x year (stratum cell too small),TRUE
Pagurus cuanensis,6,2012,1,ESP_6_COR_2012_94_5_20,0.00740366302610685,0.00340007052142715,species x GSA x year (stratum cell too small),TRUE
Pagurus cuanensis,6,2014,1,ESP_6_MOL_2014_121_5_24,0.00257122287359868,0.00184957843942524,species x GSA x year (stratum cell too small),TRUE
Pagurus cuanensis,6,2017,1,ESP_6_MOL_2017_130_5_26,0.0045513600291287,0.00404464476123712,species x GSA x year (stratum cell too small),TRUE
Pagurus excavatus,6,1996,2,ESP_6_COR_1996_86_5_23,0.0167129256573253,0.012387161459897,species x GSA x stratum x year,TRUE
Pagurus excavatus,6,2003,2,ESP_6_COR_2003_111_5_20,0.0205839886400248,0.00637681805525078,species x GSA x stratum x year,TRUE
Pagurus excavatus,6,2004,3,ESP_6_COR_2004_93_5_25,0.0392064612248099,0.0155058900613119,species x GSA x year (stratum cell too small),TRUE
Pagurus excavatus,6,2005,1,ESP_6_COR_2005_98_6_1,0.01323230754184,0.0126034832765892,species x GSA x year (stratum cell too small),TRUE
Pagurus excavatus,6,2007,1,ESP_6_COR_2007_54_6_1,0.0173017076330126,0.0129521351486113,species x GSA x year (stratum cell too small),TRUE
Pagurus excavatus,6,2010,2,ESP_6_COR_2010_67_6_7,0.0892490584224337,0.00610453133296209,species x GSA x year (stratum cell too small),TRUE
Pagurus excavatus,6,2013,3,ESP_6_COR_2013_129_6_9,0.00580113702285648,0.00568850947539816,species x GSA x stratum x year,TRUE
Pagurus excavatus,7,2012,1,FRA_7_LEU_2012_51_6_12,0.048403154692812,0.0292644818799978,species x GSA x year (stratum cell too small),TRUE
Pagurus excavatus,7,2016,3,FRA_7_LEU_2016_49_6_10,0.0580816461998009,0.0386704233270942,species x GSA x year (stratum cell too small),TRUE
Pagurus excavatus,7,2017,2,FRA_7_LEU_2017_51_6_13,0.0316403681788297,0.0293971868875204,species x GSA x stratum x year,TRUE
Pagurus excavatus,7,2023,2,FRA_7_LEU_2023_77_6_20,0.142160653326041,0.109438350750837,species x GSA x stratum x year,TRUE
Pagurus excavatus,9,2008,1,ITA_9_LIB_2008_21_5_28,0.0120899102445063,0.0104176774522062,species x GSA x year (stratum cell too small),TRUE
Pagurus excavatus,9,2011,2,ITA_9_LIB_2011_93_6_11,0.0227012694549879,0.00716923745175891,species x GSA x year (stratum cell too small),TRUE
Pagurus excavatus,9,2018,1,ITA_9_SAN_2018_48_6_18,0.00809651040401587,0.00680360217490015,species x GSA x year (stratum cell too small),TRUE
Pagurus excavatus,9,2019,1,ITA_9_SAN_2019_119_6_5,0.0128260378829855,0.00880450127720618,species x GSA x year (stratum cell too small),TRUE
Pagurus prideaux,1,2002,3,ESP_1_COR_2002_9_5_13,0.513534996293617,0.0609274256207731,species x GSA x year (stratum cell too small),TRUE
Pagurus prideaux,1,2003,4,ESP_1_COR_2003_134_5_24,0.0419050598962989,0.0242529976237635,species x GSA x year (stratum cell too small),TRUE
Pagurus prideaux,1,2016,3,ESP_1_MOL_2016_8_4_25,2.48300604229607,0.301390387094972,species x GSA x year (stratum cell too small),TRUE
Pagurus prideaux,1,2019,2,ESP_1_MOL_2019_45_5_8,0.336859414883173,0.0422981308002412,species x GSA x year (stratum cell too small),TRUE
Pagurus prideaux,5,2011,2,ESP_5_COR_2011_157_6_17,1.11805041610657,0.362351712346292,species x GSA x stratum x year,TRUE
Pagurus prideaux,5,2014,2,ESP_5_MOL_2014_166_6_5,1.89458527528324,0.283284776387753,species x GSA x stratum x year,TRUE
Pagurus prideaux,5,2017,1,ESP_5_MOL_2017_183_6_9,0.149551672229858,0.144393149039824,species x GSA x year (stratum cell too small),TRUE
Pagurus prideaux,5,2019,2,ESP_5_MOL_2019_181_6_13,0.547670421178349,0.229696471448322,species x GSA x stratum x year,TRUE
Pagurus prideaux,6,2005,3,ESP_6_COR_2005_96_6_1,0.14489406885185,0.00599096523817352,species x GSA x year (stratum cell too small),TRUE
Pagurus prideaux,6,2013,2,ESP_6_COR_2013_47_5_22,0.686550476171795,0.0736116308640135,species x GSA x year (stratum cell too small),TRUE
Pagurus prideaux,6,2014,3,ESP_6_MOL_2014_157_6_1,0.15076440943548,0.0580703366145547,species x GSA x year (stratum cell too small),TRUE
Pagurus prideaux,6,2018,3,ESP_6_MOL_2018_71_5_16,0.311147521991344,0.158921073046053,species x GSA x year (stratum cell too small),TRUE
Pagurus prideaux,7,2019,1,FRA_7_LEU_2019_45_6_8,1.78700809406504,0.368198350978454,species x GSA x year (stratum cell too small),TRUE
Pagurus prideaux,7,2022,1,FRA_7_LEU_2022_84_6_12,0.825504860106372,0.724991214682183,species x GSA x year (stratum cell too small),TRUE
Pagurus prideaux,7,2023,1,FRA_7_LEU_2023_84_6_24,4.37998456393105,2.88998018152249,species x GSA x year (stratum cell too small),TRUE
Pagurus spp.,7,2012,2,FRA_7_LEU_2012_34_6_7,0.396031179720419,0.216791907856629,species x GSA x year (stratum cell too small),TRUE
Palmophyllum crassum,5,2014,2,ESP_5_MOL_2014_196_6_11,0.0777414075286416,0.0742462285576108,species x GSA x stratum x year,TRUE
Parapenaeus longirostris,1,1998,3,ESP_1_COR_1998_1_5_3,0.384116033771482,0.323501658021672,species x GSA x year (stratum cell too small),TRUE
Parapenaeus longirostris,1,1999,4,ESP_1_COR_1999_6_5_5,0.295309418296995,0.243706438845856,species x GSA x stratum x year,TRUE
Parapenaeus longirostris,1,2001,5,ESP_1_COR_2001_4_5_13,0.405054213254184,0.268010358462813,species x GSA x year (stratum cell too small),TRUE
Parapenaeus longirostris,1,2004,4,ESP_1_COR_2004_27_5_12,0.25579634518182,0.205300525523539,species x GSA x year (stratum cell too small),TRUE
Parapenaeus longirostris,1,2006,4,ESP_1_COR_2006_32_5_12,0.355821784393213,0.18790276327561,species x GSA x year (stratum cell too small),TRUE
Parapenaeus longirostris,1,2011,4,ESP_1_COR_2011_5_5_6,0.336996777155393,0.169950547448765,species x GSA x year (stratum cell too small),TRUE
Parapenaeus longirostris,5,2019,4,ESP_5_MOL_2019_177_6_12,0.458552843091671,0.376794558568202,species x GSA x year (stratum cell too small),TRUE
Parapenaeus longirostris,6,2000,3,ESP_6_COR_2000_48_6_4,0.386863657641138,0.371100574380786,species x GSA x year (stratum cell too small),TRUE
Parapenaeus longirostris,6,2002,4,ESP_6_COR_2002_58_5_26,0.0433212302200853,0.0432696464033566,species x GSA x year (stratum cell too small),TRUE
Parapenaeus longirostris,6,2007,4,ESP_6_COR_2007_60_6_2,0.0738230756169764,0.0514003341888038,species x GSA x year (stratum cell too small),TRUE
Parapenaeus longirostris,6,2009,4,ESP_6_COR_2009_54_4_22,0.147515671273771,0.132037667065915,species x GSA x year (stratum cell too small),TRUE
Parapenaeus longirostris,6,2013,3,ESP_6_COR_2013_58_5_24,0.0824046331180925,0.0217117822742215,species x GSA x stratum x year,TRUE
Parapenaeus longirostris,6,2015,2,ESP_6_MOL_2015_140_5_28,0.0315383649696626,0.0306107645037646,species x GSA x stratum x year,TRUE
Parapenaeus longirostris,6,2016,3,ESP_6_MOL_2016_130_5_25,0.407149929559922,0.381374378432215,species x GSA x stratum x year,TRUE
Parapenaeus longirostris,6,2021,2,ESP_6_MOL_2021_106_5_22,0.163037098548318,0.144369377681095,species x GSA x stratum x year,TRUE
Parapenaeus longirostris,7,2010,4,FRA_7_LEU_2010_68_6_13,0.0806140106132164,0.0528556549287048,species x GSA x year (stratum cell too small),TRUE
Parapenaeus longirostris,7,2012,4,FRA_7_LEU_2012_26_6_5,0.229673432093127,0.0408949107871177,species x GSA x year (stratum cell too small),TRUE
Parapenaeus longirostris,7,2014,4,FRA_7_LEU_2014_36_6_10,0.188593832240096,0.11873772334041,species x GSA x year (stratum cell too small),TRUE
Parapenaeus longirostris,7,2018,2,FRA_7_LEU_2018_64_6_13,0.271455455362133,0.19778398008691,species x GSA x stratum x year,TRUE
Parapenaeus longirostris,7,2020,2,FRA_7_LEU_2020_29_10_17,0.471448756924085,0.325895042847092,species x GSA x stratum x year,TRUE
Parapenaeus longirostris,7,2023,2,FRA_7_LEU_2023_37_6_7,0.310100888772699,0.265301480425896,species x GSA x stratum x year,TRUE
Parapenaeus longirostris,8,2005,4,FRA_8_LEU_2005_23_6_11,0.136499976158729,0.125637037670748,species x GSA x year (stratum cell too small),TRUE
Parapenaeus longirostris,8,2006,4,FRA_8_LEU_2006_18_6_11,0.149493895212934,0.070795820847478,species x GSA x year (stratum cell too small),TRUE
Parapenaeus longirostris,8,2013,4,FRA_8_LEU_2013_18_5_30,0.436526429933415,0.327914378678518,species x GSA x stratum x year,TRUE
Parapenaeus longirostris,9,1995,3,ITA_9_FRP_1995_32_7_6,0.0769564980307932,0.0421437845265817,species x GSA x stratum x year,TRUE
Parapenaeus longirostris,9,1998,3,ITA_9_FRP_1998_76_6_7,0.439980454515338,0.281187252332479,species x GSA x stratum x year,TRUE
Parapenaeus longirostris,9,1999,3,ITA_9_FRP_1999_84_6_9,0.21341111741741,0.13035461812254,species x GSA x stratum x year,TRUE
Parapenaeus longirostris,9,2006,5,ITA_9_LIB_2006_73_6_15,0.475736336773119,0.433623023498816,species x GSA x stratum x year,TRUE
Parapenaeus longirostris,9,2015,3,ITA_9_LIB_2015_84_7_15,1.38804218315716,0.565499084731209,species x GSA x stratum x year,TRUE
Parapenaeus longirostris,9,2018,2,ITA_9_SAN_2018_18_7_3,1.52575105826256,0.424933979193485,species x GSA x stratum x year,TRUE
Parapenaeus longirostris,9,2020,5,ITA_9_SAN_2020_67_10_28,0.653276154545096,0.382487152585664,species x GSA x stratum x year,TRUE
Parapenaeus longirostris,9,2023,2,ITA_9_SAN_2023_61_10_14,0.598418260852914,0.579656586481021,species x GSA x stratum x year,TRUE
Parapenaeus longirostris,10,1996,3,ITA_10_SAN_1996_65_6_18,0.152430490310687,0.129929508697677,species x GSA x stratum x year,TRUE
Parapenaeus longirostris,10,1997,3,ITA_10_SAN_1997_94_7_3,0.228002677373258,0.227511111538778,species x GSA x stratum x year,TRUE
Parapenaeus longirostris,10,1998,4,ITA_10_SAN_1998_73_6_9,0.658093143642277,0.477975911000693,species x GSA x stratum x year,TRUE
Parapenaeus longirostris,10,1999,3,ITA_10_SAN_1999_97_5_11,0.447927966667644,0.422576024879473,species x GSA x stratum x year,TRUE
Parapenaeus longirostris,10,2000,5,ITA_10_SAN_2000_84_6_12,0.158482672189268,0.0619091370059876,species x GSA x stratum x year,TRUE
Parapenaeus longirostris,10,2002,3,ITA_10_GAB_2002_57_7_21,0.552758908361647,0.162789120444416,species x GSA x stratum x year,TRUE
Parapenaeus longirostris,10,2008,5,ITA_10_PEC_2008_66_7_26,0.119773101835882,0.0962078924518804,species x GSA x stratum x year,TRUE
Parapenaeus longirostris,10,2009,5,ITA_10_PEC_2009_66_7_15,0.117846427249865,0.0907770730898046,species x GSA x stratum x year,TRUE
Parapenaeus longirostris,10,2010,3,ITA_10_PEC_2010_3_5_29,0.313997374981945,0.297359839784748,species x GSA x stratum x year,TRUE
Parapenaeus longirostris,10,2014,4,ITA_10_PEC_2014_61_9_5,0.33850863283689,0.333836408738261,species x GSA x stratum x year,TRUE
Parapenaeus longirostris,10,2015,5,ITA_10_PEC_2015_66_6_22,0.0900211235238148,0.0618271381850198,species x GSA x stratum x year,TRUE
Parapenaeus longirostris,10,2016,5,ITA_10_PEC_2016_69_9_10,0.105175253524949,0.0706280298599519,species x GSA x stratum x year,TRUE
Parapenaeus longirostris,10,2021,5,ITA_10_SAN_2021_51_10_3,0.233839672063244,0.145978059502145,species x GSA x stratum x year,TRUE
Parapenaeus longirostris,10,2023,3,ITA_10_SAN_2023_31_12_14,0.910928036793473,0.298759232598507,species x GSA x year (stratum cell too small),TRUE
Parapenaeus longirostris,11,2001,4,ITA_11_NUS_2001_102_7_10,0.631501835543443,0.397695538467682,species x GSA x stratum x year,TRUE
Parapenaeus longirostris,11,2005,4,ITA_11_GIS_2005_80_7_22,0.287159283625887,0.276142307630257,species x GSA x stratum x year,TRUE
Parapenaeus longirostris,11,2018,4,ITA_11_GIS_2018_1_7_17,0.241565452091768,0.238367738609617,species x GSA x stratum x year,TRUE
Parastichopus regalis,1,1996,3,ESP_1_COR_1996_2_5_2,0.152160681679854,0.128029542642972,species x GSA x year (stratum cell too small),TRUE
Parastichopus regalis,1,1999,3,ESP_1_COR_1999_35_5_13,0.0488586616635397,0.0219219652642571,species x GSA x year (stratum cell too small),TRUE
Parastichopus regalis,1,2000,3,ESP_1_COR_2000_38_5_31,0.132830643143836,0.0843821603109645,species x GSA x year (stratum cell too small),TRUE
Parastichopus regalis,1,2003,3,ESP_1_COR_2003_32_5_3,0.105653798914407,0.0483225402132227,species x GSA x year (stratum cell too small),TRUE
Parastichopus regalis,1,2005,3,ESP_1_COR_2005_28_5_16,0.202154500464567,0.065499311229918,species x GSA x year (stratum cell too small),TRUE
Parastichopus regalis,1,2006,3,ESP_1_COR_2006_45_5_15,0.415198723638284,0.168466848786703,species x GSA x year (stratum cell too small),TRUE
Parastichopus regalis,1,2008,3,ESP_1_COR_2008_39_5_15,0.423923591603248,0.190954597804613,species x GSA x year (stratum cell too small),TRUE
Parastichopus regalis,1,2010,3,ESP_1_COR_2010_11_5_20,0.107049311012413,0.0849162553545899,species x GSA x year (stratum cell too small),TRUE
Parastichopus regalis,1,2013,3,ESP_1_COR_2013_1_5_8,0.378942966905648,0.121365436400779,species x GSA x year (stratum cell too small),TRUE
Parastichopus regalis,5,2008,3,ESP_5_COR_2008_135_6_8,0.556987558268454,0.223741770822939,species x GSA x stratum x year,TRUE
Parastichopus regalis,5,2009,3,ESP_5_COR_2009_124_5_10,0.416666666666667,0.234956562444492,species x GSA x stratum x year,TRUE
Parastichopus regalis,5,2013,2,ESP_5_COR_2013_199_6_27,0.327874393685883,0.130151107781755,species x GSA x stratum x year,TRUE
Parastichopus regalis,5,2017,5,ESP_5_MOL_2017_194_6_12,0.153467523838934,0.068590674795165,species x GSA x year (stratum cell too small),TRUE
Parastichopus regalis,5,2020,2,ESP_5_MOL_2020_58_6_12,0.0817391074973127,0.0548077904210245,species x GSA x stratum x year,TRUE
Parastichopus regalis,6,1995,2,ESP_6_COR_1995_41_5_2,0.253437654337033,0.0184634396650893,species x GSA x stratum x year,TRUE
Parastichopus regalis,6,1999,3,ESP_6_COR_1999_70_5_22,0.0756399800047357,0.0629038885455915,species x GSA x year (stratum cell too small),TRUE
Parastichopus regalis,6,2002,3,ESP_6_COR_2002_114_6_9,0.0359139784946237,0.0356249841987513,species x GSA x year (stratum cell too small),TRUE
Parastichopus regalis,6,2003,2,ESP_6_COR_2003_68_5_11,0.0676832080978432,0.0336292797851579,species x GSA x year (stratum cell too small),TRUE
Parastichopus regalis,6,2006,3,ESP_6_COR_2006_52_5_17,0.0643580021130877,0.0434760317242712,species x GSA x year (stratum cell too small),TRUE
Parastichopus regalis,6,2010,2,ESP_6_COR_2010_28_5_25,0.161525539495302,0.0537580798803716,species x GSA x year (stratum cell too small),TRUE
Parastichopus regalis,6,2011,3,ESP_6_COR_2011_53_5_20,0.286586515138875,0.251920868758273,species x GSA x year (stratum cell too small),TRUE
Parastichopus regalis,6,2015,2,ESP_6_MOL_2015_132_5_27,0.129814614830814,0.075321917403043,species x GSA x stratum x year,TRUE
Parastichopus regalis,6,2018,3,ESP_6_MOL_2018_82_5_19,0.264224102903447,0.228338225323516,species x GSA x stratum x year,TRUE
Parastichopus regalis,6,2020,2,ESP_6_MOL_2020_55_6_10,0.0389294403892944,0.0385466154666219,species x GSA x year (stratum cell too small),TRUE
Parastichopus regalis,7,2014,2,FRA_7_LEU_2014_44_6_12,0.482399910680942,0.367748015369797,species x GSA x stratum x year,TRUE
Parastichopus regalis,7,2015,2,FRA_7_LEU_2015_32_6_5,0.419469726948951,0.328362443095979,species x GSA x year (stratum cell too small),TRUE
Parastichopus regalis,8,2015,2,FRA_8_LEU_2015_9_5_26,0.767159070718532,0.249369690471515,species x GSA x year (stratum cell too small),TRUE
Parastichopus regalis,9,1999,3,ITA_9_FRP_1999_150_6_21,0.28568272457519,0.200462326007655,species x GSA x stratum x year,TRUE
Parastichopus regalis,9,2001,2,ITA_9_FRP_2001_150_5_29,0.0872657460130462,0.036293012431742,species x GSA x year (stratum cell too small),TRUE
Parastichopus regalis,9,2005,2,ITA_9_LIB_2005_150_7_12,0.0907712835967213,0.0531791733606032,species x GSA x year (stratum cell too small),TRUE
Parastichopus regalis,9,2009,2,ITA_9_LIB_2009_93_6_17,0.0844095551616443,0.0807850886173488,species x GSA x year (stratum cell too small),TRUE
Parastichopus regalis,9,2010,2,ITA_9_LIB_2010_150_5_10,0.0636931856783749,0.0576285453358308,species x GSA x year (stratum cell too small),TRUE
Parastichopus regalis,9,2012,2,ITA_9_LIB_2012_93_6_26,0.0976628847068415,0.0897035815204552,species x GSA x year (stratum cell too small),TRUE
Parastichopus regalis,9,2015,2,ITA_9_LIB_2015_127_7_10,0.0562455003599712,0.0506779802977283,species x GSA x year (stratum cell too small),TRUE
Parastichopus regalis,9,2018,3,ITA_9_SAN_2018_143_6_23,0.097791130885943,0.053974002320161,species x GSA x stratum x year,TRUE
Parastichopus regalis,9,2019,2,ITA_9_SAN_2019_89_6_1,0.163210702341137,0.108276693304803,species x GSA x year (stratum cell too small),TRUE
Parastichopus regalis,9,2023,3,ITA_9_SAN_2023_143_10_7,0.0310104573951579,0.0260483492759192,species x GSA x stratum x year,TRUE
Parastichopus regalis,10,2011,3,ITA_10_PEC_2011_58_6_8,0.106736317345907,0.0718755817971799,species x GSA x year (stratum cell too small),TRUE
Parastichopus regalis,10,2013,3,ITA_10_PEC_2013_31_7_5,0.024910322837784,0.0196394923209719,species x GSA x year (stratum cell too small),TRUE
Parastichopus regalis,10,2017,3,ITA_10_SAN_2017_15_10_22,0.0250876075183179,0.0232865451183788,species x GSA x year (stratum cell too small),TRUE
Parastichopus regalis,10,2018,3,ITA_10_SAN_2018_34_7_12,0.0484671729730185,0.0427695067997713,species x GSA x year (stratum cell too small),TRUE
Parastichopus regalis,11,2015,3,ITA_11_GIS_2015_29_6_30,0.138227126520671,0.13603526488103,species x GSA x stratum x year,TRUE
Parastichopus regalis,11,2016,3,ITA_11_GIS_2016_29_6_15,0.0877470306123531,0.0624207820641824,species x GSA x stratum x year,TRUE
Parastichopus regalis,11,2020,2,ITA_11_GIS_2020_54_11_2,0.0815020079131041,0.0605389458347959,species x GSA x stratum x year,TRUE
Paromola cuvieri,9,1997,5,ITA_9_FRP_1997_134_7_7,0.148773487564758,0.1454767986575,species x GSA x stratum x year,TRUE
Paromola cuvieri,9,2004,5,ITA_9_LIB_2004_140_6_4,0.365974366205484,0.20842550465386,species x GSA x year (stratum cell too small),TRUE
Paromola cuvieri,11,1997,5,ITA_11_NUS_1997_121_8_1,0.269714858114991,0.263677990398122,species x GSA x stratum x year,TRUE
Paromola cuvieri,11,1998,4,ITA_11_NUS_1998_22_6_1,0.302828726676653,0.268316270939286,species x GSA x year (stratum cell too small),TRUE
Paromola cuvieri,11,2007,2,ITA_11_GIS_2007_21_8_2,0.292873759990307,0.269703022476195,species x GSA x year (stratum cell too small),TRUE
Paromola cuvieri,11,2012,4,ITA_11_GIS_2012_15_6_7,0.256094535187445,0.213717173552507,species x GSA x year (stratum cell too small),TRUE
Pasiphaea multidentata,1,1997,4,ESP_1_COR_1997_32_5_18,0.0501686173860559,0.0389897755324438,species x GSA x year (stratum cell too small),TRUE
Pasiphaea multidentata,1,1998,5,ESP_1_COR_1998_30_5_13,0.0165011983887713,0.0074783743660748,species x GSA x year (stratum cell too small),TRUE
Pasiphaea multidentata,1,2000,5,ESP_1_COR_2000_37_5_31,0.187976450725358,0.0298023674682125,species x GSA x stratum x year,TRUE
Pasiphaea multidentata,1,2002,5,ESP_1_COR_2002_17_5_15,0.0504237434734377,0.0158347216766218,species x GSA x stratum x year,TRUE
Pasiphaea multidentata,1,2004,5,ESP_1_COR_2004_30_5_12,0.0891944783844091,0.0243057068826245,species x GSA x stratum x year,TRUE
Pasiphaea multidentata,1,2016,5,ESP_1_MOL_2016_62_5_8,0.0297186775944946,0.0193606424970648,species x GSA x stratum x year,TRUE
Pasiphaea multidentata,1,2017,4,ESP_1_MOL_2017_67_5_9,0.043671256252619,0.031991594192776,species x GSA x year (stratum cell too small),TRUE
Pasiphaea multidentata,1,2018,5,ESP_1_MOL_2018_39_5_6,0.024939796303404,0.0241616749511758,species x GSA x stratum x year,TRUE
Pasiphaea multidentata,5,2011,5,ESP_5_COR_2011_160_6_18,0.13634727134102,0.0839722059109148,species x GSA x stratum x year,TRUE
Pasiphaea multidentata,6,2008,4,ESP_6_COR_2008_51_5_18,0.0980070477736471,0.0465604998548456,species x GSA x year (stratum cell too small),TRUE
Pasiphaea multidentata,6,2016,5,ESP_6_MOL_2016_170_6_3,0.0408413554276252,0.039683039835739,species x GSA x stratum x year,TRUE
Pasiphaea multidentata,6,2017,5,ESP_6_MOL_2017_103_5_19,0.0379469895245499,0.0363055556389853,species x GSA x stratum x year,TRUE
Pasiphaea multidentata,9,1994,5,ITA_9_FRP_1994_145_6_16,0.0599790073474284,0.0504731190633975,species x GSA x stratum x year,TRUE
Pasiphaea multidentata,9,1996,5,ITA_9_FRP_1996_141_7_3,0.030242194005852,0.0281637071196844,species x GSA x stratum x year,TRUE
Pasiphaea multidentata,9,1997,5,ITA_9_FRP_1997_141_7_8,0.0564347932768985,0.019021533299773,species x GSA x stratum x year,TRUE
Pasiphaea multidentata,9,1998,5,ITA_9_FRP_1998_67_7_1,0.0148277601983448,0.0112834553093514,species x GSA x stratum x year,TRUE
Pasiphaea multidentata,9,1999,5,ITA_9_FRP_1999_34_6_29,0.00989786982004881,0.00950776074165313,species x GSA x stratum x year,TRUE
Pasiphaea multidentata,9,2000,5,ITA_9_FRP_2000_141_6_10,0.0795567733045656,0.0445873556219776,species x GSA x stratum x year,TRUE
Pasiphaea multidentata,9,2004,5,ITA_9_LIB_2004_10_6_29,0.142125120961398,0.0975817644459055,species x GSA x stratum x year,TRUE
Pasiphaea multidentata,9,2018,5,ITA_9_SAN_2018_153_6_22,0.067033858993703,0.0150411131450237,species x GSA x year (stratum cell too small),TRUE
Pasiphaea multidentata,9,2019,5,ITA_9_SAN_2019_34_6_19,0.0393796637393678,0.0332869265603594,species x GSA x year (stratum cell too small),TRUE
Pasiphaea multidentata,10,1998,5,ITA_10_SAN_1998_124_6_4,0.0331538463660308,0.025338419684819,species x GSA x stratum x year,TRUE
Pasiphaea multidentata,10,1999,5,ITA_10_SAN_1999_78_5_24,0.040484125364762,0.0204586667504128,species x GSA x stratum x year,TRUE
Pasiphaea multidentata,10,2000,5,ITA_10_SAN_2000_132_6_28,0.0633930688757072,0.0461605457790775,species x GSA x stratum x year,TRUE
Pasiphaea multidentata,10,2001,5,ITA_10_SAN_2001_124_4_27,0.0101428910201132,0.00332048888698058,species x GSA x stratum x year,TRUE
Pasiphaea multidentata,10,2013,5,ITA_10_PEC_2013_70_6_27,0.0288752890127677,0.0222430287242611,species x GSA x stratum x year,TRUE
Pasiphaea multidentata,10,2017,5,ITA_10_SAN_2017_65_11_5,0.0427867736365016,0.0183595815147585,species x GSA x stratum x year,TRUE
Pasiphaea multidentata,11,1994,5,ITA_11_NUS_1994_19_6_16,0.0290733729671347,0.0275654956079408,species x GSA x stratum x year,TRUE
Pasiphaea multidentata,11,1996,5,ITA_11_NUS_1996_112_7_31,0.0286976078535022,0.0252934354893772,species x GSA x year (stratum cell too small),TRUE
Pasiphaea multidentata,11,1998,5,ITA_11_NUS_1998_87_6_24,0.0575184294799897,0.0458652672131681,species x GSA x stratum x year,TRUE
Pasiphaea multidentata,11,2000,5,ITA_11_NUS_2000_61_6_27,0.298384617294277,0.0950125562429426,species x GSA x stratum x year,TRUE
Pasiphaea multidentata,11,2021,5,ITA_11_GIS_2021_36_8_30,0.114473008038171,0.108783357706359,species x GSA x stratum x year,TRUE
Pasiphaea multidentata,11,2023,5,ITA_11_GIS_2023_25_7_25,0.0567185215750166,0.0390019530405412,species x GSA x stratum x year,TRUE
Pasiphaea sivado,1,1996,4,ESP_1_COR_1996_15_5_5,0.209980092302494,0.169796327390882,species x GSA x stratum x year,TRUE
Pasiphaea sivado,1,1997,4,ESP_1_COR_1997_15_5_13,0.726018167878633,0.238522455562567,species x GSA x year (stratum cell too small),TRUE
Pasiphaea sivado,1,1998,4,ESP_1_COR_1998_8_5_6,0.774715480597834,0.174974211508083,species x GSA x year (stratum cell too small),TRUE
Pasiphaea sivado,1,1999,4,ESP_1_COR_1999_6_5_5,1.02415819537043,0.154435404018612,species x GSA x year (stratum cell too small),TRUE
Pasiphaea sivado,1,2000,4,ESP_1_COR_2000_20_5_27,1.02037751029194,0.0964555134870596,species x GSA x stratum x year,TRUE
Pasiphaea sivado,1,2004,4,ESP_1_COR_2004_16_5_9,0.276865046009433,0.242930094828199,species x GSA x stratum x year,TRUE
Pasiphaea sivado,1,2008,4,ESP_1_COR_2008_12_5_8,0.872946037332887,0.34045926848345,species x GSA x year (stratum cell too small),TRUE
Pasiphaea sivado,1,2016,4,ESP_1_MOL_2016_5_4_25,0.138014887261434,0.0160885156924122,species x GSA x stratum x year,TRUE
Pasiphaea sivado,1,2017,4,ESP_1_MOL_2017_15_4_27,1.63130163236747,0.690124800037441,species x GSA x stratum x year,TRUE
Pasiphaea sivado,5,2011,5,ESP_5_COR_2011_163_6_19,0.00564360859324245,0.00213525670040512,species x GSA x year (stratum cell too small),TRUE
Pasiphaea sivado,5,2021,4,ESP_5_MOL_2021_250_8_20,0.0940388062680602,0.0673923811912253,species x GSA x year (stratum cell too small),TRUE
Pasiphaea sivado,6,2000,4,ESP_6_COR_2000_80_6_15,0.56774458194726,0.124905143154148,species x GSA x year (stratum cell too small),TRUE
Pasiphaea sivado,6,2001,4,ESP_6_COR_2001_98_6_7,0.347747629628762,0.0714854220008326,species x GSA x year (stratum cell too small),TRUE
Pasiphaea sivado,6,2007,4,ESP_6_COR_2007_59_6_2,0.123722431414739,0.0928516887864464,species x GSA x year (stratum cell too small),TRUE
Pasiphaea sivado,6,2014,4,ESP_6_MOL_2014_145_5_29,0.0824293030916501,0.0643618449084973,species x GSA x stratum x year,TRUE
Pasiphaea sivado,6,2017,4,ESP_6_MOL_2017_175_6_5,0.0892981595751953,0.052717290048295,species x GSA x stratum x year,TRUE
Pasiphaea sivado,6,2021,4,ESP_6_MOL_2021_153_6_1,0.186465118591815,0.14267903995293,species x GSA x stratum x year,TRUE
Pasiphaea sivado,9,2000,5,ITA_9_FRP_2000_67_6_20,2.03989658198724,0.102331932726098,species x GSA x stratum x year,TRUE
Pasiphaea sivado,9,2009,4,ITA_9_LIB_2009_55_6_11,2.75613636535895,2.58887829490608,species x GSA x year (stratum cell too small),TRUE
Pasiphaea sivado,9,2014,4,ITA_9_LIB_2014_2_9_16,0.405726126425559,0.0927756365436839,species x GSA x year (stratum cell too small),TRUE
Pasiphaea sivado,9,2015,5,ITA_9_LIB_2015_67_7_22,6.86777574377153,0.710631534925906,species x GSA x stratum x year,TRUE
Pasiphaea sivado,9,2020,4,ITA_9_SAN_2020_25_11_1,0.0272012464699182,0.0160016524738835,species x GSA x stratum x year,TRUE
Pasiphaea sivado,10,1999,4,ITA_10_SAN_1999_109_5_6,0.154010328856715,0.151261670438193,species x GSA x year (stratum cell too small),TRUE
Pasiphaea sivado,10,2001,4,ITA_10_SAN_2001_118_5_4,0.0524612758403916,0.0338676052633884,species x GSA x year (stratum cell too small),TRUE
Pasiphaea sivado,10,2011,5,ITA_10_PEC_2011_23_6_12,0.202140567539964,0.129594660249433,species x GSA x year (stratum cell too small),TRUE
Pasiphaea sivado,10,2015,4,ITA_10_PEC_2015_1_6_15,0.146102853738877,0.0621468926632261,species x GSA x year (stratum cell too small),TRUE
Pasiphaea sivado,11,1998,4,ITA_11_NUS_1998_38_6_5,0.114911272869412,0.11099808316611,species x GSA x year (stratum cell too small),TRUE
Pasiphaea sivado,11,2013,4,ITA_11_GIS_2013_58_7_16,0.413865075519211,0.347626222720716,species x GSA x year (stratum cell too small),TRUE
Pasiphaea sivado,11,2015,5,ITA_11_GIS_2015_40_7_2,0.291305775224386,0.146360504359025,species x GSA x year (stratum cell too small),TRUE
Pasiphaea sivado,11,2017,4,ITA_11_GIS_2017_56_11_17,0.0809721612946401,0.0274200245019457,species x GSA x year (stratum cell too small),TRUE
Pasiphaea sivado,11,2018,5,ITA_11_GIS_2018_23_7_20,1.05593876608611,0.0285078764138669,species x GSA x stratum x year,TRUE
Pasiphaea sivado,11,2020,4,ITA_11_GIS_2020_5_10_19,0.362827587958478,0.035882968057147,species x GSA x year (stratum cell too small),TRUE
Pasiphaea sivado,11,2023,5,ITA_11_GIS_2023_35_7_28,0.683473721744178,0.512247465548164,species x GSA x stratum x year,TRUE
Pasiphaea spp.,10,2023,5,ITA_10_SAN_2023_6_12_9,0.0158609313538891,0.0154044793477553,species x GSA x year (stratum cell too small),TRUE
Pelagia noctiluca,1,2019,3,ESP_1_MOL_2019_69_5_14,1.12937907838525,1.07834953560489,species x GSA x year (stratum cell too small),TRUE
Pelagia noctiluca,1,2021,4,ESP_1_MOL_2021_13_4_29,1.2374096537514,0.71315550287647,species x GSA x year (stratum cell too small),TRUE
Pelagia noctiluca,5,2012,3,ESP_5_COR_2012_162_6_7,2.9184033558768,2.21320607699212,species x GSA x year (stratum cell too small),TRUE
Pelagia noctiluca,5,2014,2,ESP_5_MOL_2014_202_6_13,6.46769846594721,2.98261075179794,species x GSA x stratum x year,TRUE
Pelagia noctiluca,5,2019,3,ESP_5_MOL_2019_219_6_23,3.94234465432408,3.2688935254157,species x GSA x stratum x year,TRUE
Pelagia noctiluca,5,2020,3,ESP_5_MOL_2020_101_6_22,0.78174238912982,0.601666699228336,species x GSA x stratum x year,TRUE
Pelagia noctiluca,6,2020,1,ESP_6_MOL_2020_43_6_8,11.7856815535197,3.20077460061254,species x GSA x year (stratum cell too small),TRUE
Pelagia noctiluca,9,2018,3,ITA_9_SAN_2018_76_6_15,2.57852827950367,1.0169096415947,species x GSA x year (stratum cell too small),TRUE
Pelagia noctiluca,10,2011,3,ITA_10_PEC_2011_9_6_17,1.66712241896432,0.664303541138618,species x GSA x year (stratum cell too small),TRUE
Pennatula phosphorea,6,2020,2,ESP_6_MOL_2020_14_6_1,0.0051498127340824,0.00160773471241959,species x GSA x year (stratum cell too small),TRUE
Pennatula rubra,1,2018,2,ESP_1_MOL_2018_9_4_28,0.0242878046973401,0.0101751248485414,species x GSA x year (stratum cell too small),TRUE
Pennatula rubra,6,2012,3,ESP_6_COR_2012_124_5_26,0.000928233139160712,0.000581485430971533,species x GSA x stratum x year,TRUE
Pennatula rubra,6,2021,2,ESP_6_MOL_2021_135_5_28,0.00263061886748978,0.000969989820571496,species x GSA x stratum x year,TRUE
Pennatula rubra,9,2018,1,ITA_9_SAN_2018_87_6_13,0.0010635050787685,0.000985127208092616,species x GSA x year (stratum cell too small),TRUE
Pennatula rubra,9,2021,3,ITA_9_SAN_2021_44_9_9,0.00173962550607287,0.00036350728208527,species x GSA x year (stratum cell too small),TRUE
Peristedion cataphractum,1,2015,4,ESP_1_MOL_2015_60_5_7,0.026335840133891,0.0227899085795213,species x GSA x year (stratum cell too small),TRUE
Peristedion cataphractum,1,2018,3,ESP_1_MOL_2018_49_5_8,0.0418638921728727,0.0287632939218566,species x GSA x year (stratum cell too small),TRUE
Peristedion cataphractum,5,2007,4,ESP_5_COR_2007_85_6_8,0.121761111329694,0.058644840513343,species x GSA x year (stratum cell too small),TRUE
Peristedion cataphractum,5,2011,4,ESP_5_COR_2011_144_6_14,0.0857188988745756,0.0816171755965926,species x GSA x year (stratum cell too small),TRUE
Peristedion cataphractum,6,2015,4,ESP_6_MOL_2015_98_5_18,0.0473063971079783,0.0296692921496614,species x GSA x year (stratum cell too small),TRUE
Peristedion cataphractum,6,2017,4,ESP_6_MOL_2017_105_5_20,0.125756216835916,0.123108335310617,species x GSA x year (stratum cell too small),TRUE
Peristedion cataphractum,9,1994,4,ITA_9_FRP_1994_98_6_3,0.051300645064053,0.0267000552285987,species x GSA x stratum x year,TRUE
Peristedion cataphractum,9,1996,4,ITA_9_FRP_1996_96_6_19,0.0317854464052111,0.027957075881852,species x GSA x stratum x year,TRUE
Peristedion cataphractum,9,1998,4,ITA_9_FRP_1998_94_5_22,0.037943154164428,0.0256676131174367,species x GSA x stratum x year,TRUE
Peristedion cataphractum,9,2000,4,ITA_9_FRP_2000_83_6_22,0.0388168538590093,0.0167427276773091,species x GSA x stratum x year,TRUE
Peristedion cataphractum,9,2001,4,ITA_9_FRP_2001_96_6_7,0.0442546194196408,0.0221312072691883,species x GSA x stratum x year,TRUE
Peristedion cataphractum,9,2002,4,ITA_9_FRP_2002_53_7_19,0.0227251493867075,0.0226163620788725,species x GSA x stratum x year,TRUE
Peristedion cataphractum,9,2009,4,ITA_9_LIB_2009_53_6_11,0.0449679156779606,0.0395363750076363,species x GSA x year (stratum cell too small),TRUE
Peristedion cataphractum,9,2011,4,ITA_9_LIB_2011_53_6_3,0.0598173350691033,0.0246186969316208,species x GSA x year (stratum cell too small),TRUE
Peristedion cataphractum,9,2015,4,ITA_9_LIB_2015_53_7_23,0.0327023342822845,0.0233563742476904,species x GSA x stratum x year,TRUE
Peristedion cataphractum,9,2017,4,ITA_9_SAN_2017_7_10_16,0.0308394949660419,0.0158400768320103,species x GSA x stratum x year,TRUE
Peristedion cataphractum,9,2018,4,ITA_9_SAN_2018_53_6_29,0.0624299285652542,0.0306008997381049,species x GSA x stratum x year,TRUE
Peristedion cataphractum,9,2020,3,ITA_9_SAN_2020_44_10_29,0.0371056503048563,0.017118167992233,species x GSA x year (stratum cell too small),TRUE
Peristedion cataphractum,9,2021,4,ITA_9_SAN_2021_4_9_13,0.0218496019936861,0.0212763202423154,species x GSA x stratum x year,TRUE
Peristedion cataphractum,10,1995,4,ITA_10_SAN_1995_73_6_26,0.106308952725144,0.0757013628787413,species x GSA x year (stratum cell too small),TRUE
Peristedion cataphractum,10,1998,4,ITA_10_SAN_1998_113_6_3,0.271685582264664,0.199795504817583,species x GSA x stratum x year,TRUE
Peristedion cataphractum,10,2001,4,ITA_10_SAN_2001_117_5_8,0.0775532679091758,0.0771994927177615,species x GSA x stratum x year,TRUE
Peristedion cataphractum,10,2003,4,ITA_10_DAP_2003_35_8_4,0.432392536926966,0.129685232646689,species x GSA x year (stratum cell too small),TRUE
Peristedion cataphractum,10,2004,4,ITA_10_PEC_2004_30_5_29,0.0599630429172702,0.0586340348298721,species x GSA x year (stratum cell too small),TRUE
Peristedion cataphractum,10,2017,4,ITA_10_SAN_2017_35_10_28,0.150963857263349,0.0880834097310813,species x GSA x stratum x year,TRUE
Peristedion cataphractum,10,2018,4,ITA_10_SAN_2018_35_7_12,0.426675244981267,0.146056323236852,species x GSA x stratum x year,TRUE
Peristedion cataphractum,10,2019,4,ITA_10_SAN_2019_35_7_1,0.104103416402412,0.0978629174861332,species x GSA x stratum x year,TRUE
Peristedion cataphractum,10,2021,4,ITA_10_SAN_2021_35_9_30,0.664897197417207,0.0441324687669119,species x GSA x stratum x year,TRUE
Peristedion cataphractum,11,1995,4,ITA_11_NUS_1995_102_7_26,0.599227267996555,0.584662030439756,species x GSA x stratum x year,TRUE
Peristedion cataphractum,11,1997,4,ITA_11_NUS_1997_8_6_24,0.664909306551253,0.661558556264223,species x GSA x stratum x year,TRUE
Peristedion cataphractum,11,1998,4,ITA_11_NUS_1998_76_6_19,1.57124507107435,1.15217438767394,species x GSA x stratum x year,TRUE
Peristedion cataphractum,11,2004,4,ITA_11_GIS_2004_86_7_23,0.103950648867865,0.0901830569041366,species x GSA x year (stratum cell too small),TRUE
Peristedion cataphractum,11,2005,4,ITA_11_GIS_2005_94_7_27,1.56051213981321,0.223127894540239,species x GSA x year (stratum cell too small),TRUE
Peristedion cataphractum,11,2016,4,ITA_11_GIS_2016_14_6_9,0.131644775125124,0.122262083664011,species x GSA x stratum x year,TRUE
Peyssonnelia spp.,5,2017,5,ESP_5_MOL_2017_219_6_18,5.44162669405746,2.64205023531526,species x GSA x year (stratum cell too small),TRUE
Peyssonnelia spp.,5,2019,2,ESP_5_MOL_2019_191_6_16,13.5048651735575,2.54645068028917,species x GSA x stratum x year,TRUE
Peyssonnelia spp.,5,2020,2,ESP_5_MOL_2020_80_6_17,28.7800402464129,0.272066939580531,species x GSA x stratum x year,TRUE
Peyssonnelia spp.,5,2021,2,ESP_5_MOL_2021_212_6_17,0.236163692085812,0.205352252264038,species x GSA x stratum x year,TRUE
Phallusia mammillata,5,2012,2,ESP_5_COR_2012_167_6_8,0.324552607219994,0.178051359264434,species x GSA x stratum x year,TRUE
Phallusia mammillata,5,2013,2,ESP_5_COR_2013_159_6_18,0.476601871850252,0.287730244028052,species x GSA x stratum x year,TRUE
Phallusia mammillata,5,2014,2,ESP_5_MOL_2014_204_6_13,0.425898696952796,0.0960289616482855,species x GSA x stratum x year,TRUE
Phallusia mammillata,6,2012,1,ESP_6_COR_2012_112_5_24,0.0711643008154636,0.0299118848893486,species x GSA x year (stratum cell too small),TRUE
Phallusia mammillata,11,2014,1,ITA_11_GIS_2014_39_8_1,0.168736501079914,0.0736494031200534,species x GSA x stratum x year,TRUE
Philine aperta,7,2014,2,FRA_7_LEU_2014_44_6_12,0.00242547441124496,0.00102434133381544,species x GSA x year (stratum cell too small),TRUE
Philine aperta,10,2011,1,ITA_10_PEC_2011_48_6_7,0.0026116182949539,0.00101162908535248,species x GSA x year (stratum cell too small),TRUE
Philocheras echinulatus,6,2006,4,ESP_6_COR_2006_66_5_21,0.0126067940922623,0.00251169675777815,species x GSA x stratum x year,TRUE
Phycis blennoides,1,1994,5,ESP_1_COR_1994_17_6_1,0.679230335167212,0.604640243718732,species x GSA x year (stratum cell too small),TRUE
Phycis blennoides,1,2018,5,ESP_1_MOL_2018_39_5_6,0.476356498228825,0.386206779886107,species x GSA x stratum x year,TRUE
Phycis blennoides,5,2007,4,ESP_5_COR_2007_84_6_8,0.570977266583254,0.457698296124404,species x GSA x stratum x year,TRUE
Phycis blennoides,5,2009,4,ESP_5_COR_2009_151_5_16,0.546758261990745,0.451915286077417,species x GSA x year (stratum cell too small),TRUE
Phycis blennoides,5,2016,5,ESP_5_MOL_2016_202_6_14,0.733555846566789,0.553307674540469,species x GSA x year (stratum cell too small),TRUE
Phycis blennoides,5,2021,5,ESP_5_MOL_2021_217_6_18,0.283739722342605,0.232132863888709,species x GSA x stratum x year,TRUE
Phycis blennoides,6,1994,4,ESP_6_COR_1994_76_6_18,1.14829021201506,0.470967566919156,species x GSA x year (stratum cell too small),TRUE
Phycis blennoides,6,2002,3,ESP_6_COR_2002_77_5_30,0.131674804832785,0.101816743801214,species x GSA x stratum x year,TRUE
Phycis blennoides,6,2005,4,ESP_6_COR_2005_94_5_31,0.224532657900644,0.22036672150487,species x GSA x stratum x year,TRUE
Phycis blennoides,6,2007,3,ESP_6_COR_2007_78_6_6,0.288836602765864,0.183930436449935,species x GSA x stratum x year,TRUE
Phycis blennoides,6,2010,4,ESP_6_COR_2010_31_5_26,1.30581138165826,1.02424420184095,species x GSA x stratum x year,TRUE
Phycis blennoides,6,2012,4,ESP_6_COR_2012_127_5_27,0.641692507564999,0.598645452550593,species x GSA x stratum x year,TRUE
Phycis blennoides,6,2017,3,ESP_6_MOL_2017_159_6_1,0.487953911269473,0.237532359453617,species x GSA x stratum x year,TRUE
Phycis blennoides,6,2018,3,ESP_6_MOL_2018_82_5_19,0.27177782131447,0.261784591686271,species x GSA x stratum x year,TRUE
Phycis blennoides,6,2019,3,ESP_6_MOL_2019_154_6_4,0.33219555118331,0.272285223760209,species x GSA x stratum x year,TRUE
Phycis blennoides,7,1994,2,FRA_7_LEU_1994_34_5_29,0.496644824262604,0.110899298476963,species x GSA x stratum x year,TRUE
Phycis blennoides,7,1998,4,FRA_7_LEU_1998_37_5_30,0.5204081251408,0.362403341552244,species x GSA x year (stratum cell too small),TRUE
Phycis blennoides,7,2013,4,FRA_7_LEU_2013_64_6_15,0.461072734537006,0.344492058007216,species x GSA x year (stratum cell too small),TRUE
Phycis blennoides,7,2018,4,FRA_7_LEU_2018_43_6_7,0.340599548034178,0.319725148925512,species x GSA x year (stratum cell too small),TRUE
Phycis blennoides,7,2023,4,FRA_7_LEU_2023_51_6_11,0.290381495643484,0.21621912773306,species x GSA x year (stratum cell too small),TRUE
Phycis blennoides,8,2005,4,FRA_8_LEU_2005_1_6_4,0.747339436936261,0.414532868522186,species x GSA x year (stratum cell too small),TRUE
Phycis blennoides,8,2013,4,FRA_8_LEU_2013_16_5_28,0.144400354704626,0.132020266450221,species x GSA x stratum x year,TRUE
Phycis blennoides,9,1994,3,ITA_9_FRP_1994_63_5_24,0.0544413742113502,0.0333397847920127,species x GSA x stratum x year,TRUE
Phycis blennoides,9,1998,5,ITA_9_FRP_1998_110_5_25,0.541963318361257,0.377644200909313,species x GSA x stratum x year,TRUE
Phycis blennoides,9,2012,5,ITA_9_LIB_2012_109_6_24,0.316493836344462,0.307416235583664,species x GSA x stratum x year,TRUE
Phycis blennoides,9,2015,3,ITA_9_LIB_2015_84_7_15,0.0347969491713538,0.0243965316166309,species x GSA x stratum x year,TRUE
Phycis blennoides,9,2019,5,ITA_9_SAN_2019_109_6_4,0.422811641569543,0.36782945482814,species x GSA x stratum x year,TRUE
Phycis blennoides,10,1995,5,ITA_10_SAN_1995_137_7_8,0.884329377713166,0.221508271992399,species x GSA x stratum x year,TRUE
Phycis blennoides,10,1997,4,ITA_10_SAN_1997_117_7_4,0.343905800335018,0.309837614513686,species x GSA x stratum x year,TRUE
Phycis blennoides,10,1999,5,ITA_10_SAN_1999_137_5_8,0.248299987841883,0.206381609274457,species x GSA x stratum x year,TRUE
Phycis blennoides,10,2001,3,ITA_10_SAN_2001_69_5_15,0.0285664739110909,0.0226459368291538,species x GSA x stratum x year,TRUE
Phycis blennoides,10,2003,4,ITA_10_DAP_2003_8_8_6,0.22437666781075,0.212029843828753,species x GSA x stratum x year,TRUE
Phycis blennoides,10,2006,3,ITA_10_PEC_2006_58_6_13,0.0590880199655574,0.0504560344092557,species x GSA x stratum x year,TRUE
Phycis blennoides,10,2008,4,ITA_10_PEC_2008_30_8_1,0.240184242720924,0.239355129459702,species x GSA x stratum x year,TRUE
Phycis blennoides,10,2011,3,ITA_10_PEC_2011_58_6_8,0.0390134119350561,0.0347433483747102,species x GSA x stratum x year,TRUE
Phycis blennoides,10,2012,3,ITA_10_PEC_2012_58_6_19,0.393626309478342,0.200850070296126,species x GSA x year (stratum cell too small),TRUE
Phycis blennoides,10,2014,4,ITA_10_PEC_2014_8_9_10,0.223605148893602,0.145091776498341,species x GSA x stratum x year,TRUE
Phycis blennoides,10,2015,4,ITA_10_PEC_2015_8_6_14,0.193664196746236,0.170454757487379,species x GSA x stratum x year,TRUE
Phycis blennoides,10,2016,5,ITA_10_PEC_2016_7_9_4,0.166842961383758,0.162367345009742,species x GSA x stratum x year,TRUE
Phycis blennoides,10,2017,4,ITA_10_SAN_2017_8_10_20,0.31010688492755,0.187933017730138,species x GSA x stratum x year,TRUE
Phycis blennoides,10,2020,4,ITA_10_SAN_2020_12_12_18,0.0887109734567921,0.0387265217886143,species x GSA x year (stratum cell too small),TRUE
Phycis blennoides,10,2023,5,ITA_10_SAN_2023_51_12_19,0.111063267632489,0.0268096351278631,species x GSA x year (stratum cell too small),TRUE
Phycis blennoides,11,1994,4,ITA_11_NUS_1994_103_7_29,1.15409258208539,0.481386751947486,species x GSA x stratum x year,TRUE
Phycis blennoides,11,1998,4,ITA_11_NUS_1998_115_7_1,0.726854128322432,0.650193012809246,species x GSA x stratum x year,TRUE
Phycis blennoides,11,2004,5,ITA_11_GIS_2004_78_7_22,1.13574649293767,0.711302221107906,species x GSA x stratum x year,TRUE
Phycis blennoides,11,2008,4,ITA_11_GIS_2008_13_6_25,0.335257914176221,0.303561206071256,species x GSA x stratum x year,TRUE
Phycis blennoides,11,2015,5,ITA_11_GIS_2015_92_7_16,0.361702538470104,0.315158180380525,species x GSA x stratum x year,TRUE
Phycis blennoides,11,2017,4,ITA_11_GIS_2017_69_11_22,0.095190024580391,0.0828055066739342,species x GSA x stratum x year,TRUE
Phycis blennoides,11,2018,4,ITA_11_GIS_2018_70_7_30,0.212728244431314,0.202369303389612,species x GSA x stratum x year,TRUE
Phycis blennoides,11,2020,4,ITA_11_GIS_2020_94_11_11,0.1434982398241,0.132528352167061,species x GSA x stratum x year,TRUE
Phycis blennoides,11,2021,4,ITA_11_GIS_2021_62_9_3,0.24129971597771,0.0751074184196242,species x GSA x stratum x year,TRUE
Phyllophora crispa,5,2012,2,ESP_5_COR_2012_143_6_2,5.04016806722689,2.71406112908858,species x GSA x stratum x year,TRUE
Phyllophora crispa,5,2013,2,ESP_5_COR_2013_170_6_21,2.33175882381377,1.40978609089483,species x GSA x stratum x year,TRUE
Phyllophora crispa,5,2018,2,ESP_5_MOL_2018_197_6_18,2.89362674965708,1.53914531866076,species x GSA x stratum x year,TRUE
Phyllophora crispa,5,2019,2,ESP_5_MOL_2019_191_6_16,12.4362841642078,5.59096442023316,species x GSA x stratum x year,TRUE
Phyllophora crispa,5,2020,2,ESP_5_MOL_2020_80_6_17,8.65613989098002,2.62722951712331,species x GSA x stratum x year,TRUE
Phymatolithon calcareum,5,2018,2,ESP_5_MOL_2018_212_6_21,0.798102927139675,0.794880011467858,species x GSA x stratum x year,TRUE
Phymatolithon calcareum,5,2021,2,ESP_5_MOL_2021_213_6_18,0.533500665915378,0.25151580305838,species x GSA x year (stratum cell too small),TRUE
Pilumnus spinifer,5,2010,2,ESP_5_COR_2010_120_6_22,0.00482510837935744,0.00362780394129335,species x GSA x stratum x year,TRUE
Pilumnus spinifer,5,2019,2,ESP_5_MOL_2019_213_6_21,0.00918273645546373,0.0051616313982252,species x GSA x stratum x year,TRUE
Pilumnus spinifer,5,2020,2,ESP_5_MOL_2020_99_6_22,0.024475011013755,0.00431947508007054,species x GSA x stratum x year,TRUE
Pilumnus spinifer,5,2021,2,ESP_5_MOL_2021_212_6_17,0.0190110952685317,0.0060539774360462,species x GSA x year (stratum cell too small),TRUE
Pilumnus spinifer,6,2021,2,ESP_6_MOL_2021_94_5_20,0.00203373560623625,0.00154995837218131,species x GSA x year (stratum cell too small),TRUE
Pilumnus villosissimus,5,2007,2,ESP_5_COR_2007_129_6_19,0.00485135449817589,0.00397417073118123,species x GSA x stratum x year,TRUE
Pisa armata,5,2007,2,ESP_5_COR_2007_157_6_26,0.0240687720256207,0.0183405854368445,species x GSA x stratum x year,TRUE
Pisa armata,5,2010,2,ESP_5_COR_2010_116_6_20,0.126214657785207,0.0224210493418895,species x GSA x stratum x year,TRUE
Pisa armata,5,2011,2,ESP_5_COR_2011_132_6_11,0.0681022740987224,0.02196344725068,species x GSA x stratum x year,TRUE
Pisa armata,5,2016,2,ESP_5_MOL_2016_192_6_11,0.070501750661449,0.0146766828915657,species x GSA x stratum x year,TRUE
Plesionika acanthonotus,1,1998,5,ESP_1_COR_1998_27_5_13,0.0424440260563876,0.0392111525754866,species x GSA x stratum x year,TRUE
Plesionika acanthonotus,1,1999,5,ESP_1_COR_1999_34_5_12,0.0613850616968407,0.047823142349467,species x GSA x stratum x year,TRUE
Plesionika acanthonotus,1,2002,5,ESP_1_COR_2002_13_5_14,0.0218982314473031,0.0196952586851933,species x GSA x stratum x year,TRUE
Plesionika acanthonotus,1,2003,4,ESP_1_COR_2003_23_5_1,1.86922103812184,0.136275643124323,species x GSA x year (stratum cell too small),TRUE
Plesionika acanthonotus,1,2004,5,ESP_1_COR_2004_123_6_2,0.0352252351641255,0.0332581953565809,species x GSA x stratum x year,TRUE
Plesionika acanthonotus,5,2007,5,ESP_5_COR_2007_120_6_17,0.0247660810534765,0.0235816301574499,species x GSA x year (stratum cell too small),TRUE
Plesionika acanthonotus,5,2008,5,ESP_5_COR_2008_130_6_7,0.0341479360108129,0.0122903612613538,species x GSA x stratum x year,TRUE
Plesionika acanthonotus,5,2013,4,ESP_5_COR_2013_156_6_18,0.0738602482788529,0.0607840117536123,species x GSA x year (stratum cell too small),TRUE
Plesionika acanthonotus,5,2014,5,ESP_5_MOL_2014_219_6_16,0.0253998959620261,0.0150772694603016,species x GSA x stratum x year,TRUE
Plesionika acanthonotus,6,1995,5,ESP_6_COR_1995_31_4_30,0.0631290941733087,0.0195994547122005,species x GSA x year (stratum cell too small),TRUE
Plesionika acanthonotus,9,1995,5,ITA_9_FRP_1995_140_6_24,0.0195344567794772,0.0164820126931514,species x GSA x stratum x year,TRUE
Plesionika acanthonotus,9,2000,5,ITA_9_FRP_2000_79_6_21,0.0621412035950205,0.0319853904184252,species x GSA x stratum x year,TRUE
Plesionika acanthonotus,9,2004,5,ITA_9_LIB_2004_3_6_28,0.0170546452273209,0.016224454456917,species x GSA x stratum x year,TRUE
Plesionika acanthonotus,9,2007,4,ITA_9_LIB_2007_69_9_15,0.010027227934734,0.00870070348568209,species x GSA x year (stratum cell too small),TRUE
Plesionika acanthonotus,9,2009,5,ITA_9_LIB_2009_23_7_4,0.00784503483038564,0.00717561379284589,species x GSA x stratum x year,TRUE
Plesionika acanthonotus,9,2012,4,ITA_9_LIB_2012_65_7_2,0.187037717577236,0.0221364154715438,species x GSA x year (stratum cell too small),TRUE
Plesionika acanthonotus,9,2013,5,ITA_9_LIB_2013_148_6_29,0.0105891641506813,0.00739257641526828,species x GSA x stratum x year,TRUE
Plesionika acanthonotus,9,2019,4,ITA_9_SAN_2019_7_6_23,0.0519304661746522,0.0180907194246645,species x GSA x year (stratum cell too small),TRUE
Plesionika acanthonotus,10,2002,5,ITA_10_GAB_2002_24_7_31,0.00863039140551102,0.00837246006594602,species x GSA x stratum x year,TRUE
Plesionika acanthonotus,10,2004,5,ITA_10_PEC_2004_24_6_2,0.0124297491295447,0.0114524215749822,species x GSA x stratum x year,TRUE
Plesionika acanthonotus,10,2006,5,ITA_10_PEC_2006_39_6_17,0.0140958517921869,0.00889199305908633,species x GSA x stratum x year,TRUE
Plesionika acanthonotus,10,2007,5,ITA_10_PEC_2007_44_8_14,0.00857099099610049,0.00714010907052492,species x GSA x stratum x year,TRUE
Plesionika acanthonotus,10,2010,4,ITA_10_PEC_2010_1_5_29,0.0160631422847443,0.0118989345017375,species x GSA x year (stratum cell too small),TRUE
Plesionika acanthonotus,10,2013,5,ITA_10_PEC_2013_24_6_30,0.00644082456363543,0.00596136796198344,species x GSA x stratum x year,TRUE
Plesionika acanthonotus,10,2016,5,ITA_10_PEC_2016_38_8_31,0.00191181632492313,0.00168322318489227,species x GSA x stratum x year,TRUE
Plesionika acanthonotus,10,2023,4,ITA_10_SAN_2023_17_12_11,0.00775797116020769,0.00420693557880186,species x GSA x year (stratum cell too small),TRUE
Plesionika acanthonotus,11,1994,4,ITA_11_NUS_1994_112_8_2,0.0248653847745231,0.0128833027828706,species x GSA x year (stratum cell too small),TRUE
Plesionika acanthonotus,11,1998,4,ITA_11_NUS_1998_10_5_27,0.0362746692417619,0.0298444005082538,species x GSA x year (stratum cell too small),TRUE
Plesionika acanthonotus,11,1999,5,ITA_11_NUS_1999_110_6_28,0.0745760204087721,0.0574267839371917,species x GSA x year (stratum cell too small),TRUE
Plesionika acanthonotus,11,2000,5,ITA_11_NUS_2000_121_7_20,0.122414201966883,0.0172383452334858,species x GSA x stratum x year,TRUE
Plesionika acanthonotus,11,2008,4,ITA_11_GIS_2008_17_6_26,0.0266514440093578,0.0103565858518343,species x GSA x year (stratum cell too small),TRUE
Plesionika acanthonotus,11,2011,4,ITA_11_GIS_2011_80_6_29,0.0264960388700795,0.0155460698948991,species x GSA x year (stratum cell too small),TRUE
Plesionika acanthonotus,11,2012,4,ITA_11_GIS_2012_74_7_4,0.0422638013499903,0.0314096823303967,species x GSA x year (stratum cell too small),TRUE
Plesionika acanthonotus,11,2017,4,ITA_11_GIS_2017_67_11_21,0.0241808641587967,0.00859498704403292,species x GSA x year (stratum cell too small),TRUE
Plesionika antigai,5,2021,4,ESP_5_MOL_2021_216_6_18,0.0203572010205743,0.0201605937135437,species x GSA x year (stratum cell too small),TRUE
Plesionika antigai,9,2001,4,ITA_9_FRP_2001_54_5_10,0.0626095226423034,0.0299439167086879,species x GSA x stratum x year,TRUE
Plesionika antigai,9,2004,4,ITA_9_LIB_2004_98_6_7,0.0867383152907229,0.0402976138079361,species x GSA x stratum x year,TRUE
Plesionika antigai,9,2014,4,ITA_9_LIB_2014_66_8_29,0.155775873686149,0.0687237888310758,species x GSA x year (stratum cell too small),TRUE
Plesionika antigai,9,2018,4,ITA_9_SAN_2018_73_6_15,0.0149840964793607,0.00961486551896133,species x GSA x stratum x year,TRUE
Plesionika antigai,10,1997,4,ITA_10_SAN_1997_112_7_3,0.0733600716122346,0.0645573456981218,species x GSA x stratum x year,TRUE
Plesionika antigai,10,2004,4,ITA_10_PEC_2004_22_5_30,0.0491831599319551,0.0343622118014015,species x GSA x stratum x year,TRUE
Plesionika antigai,10,2005,4,ITA_10_PEC_2005_64_6_23,0.052492119620542,0.0347669902385904,species x GSA x stratum x year,TRUE
Plesionika antigai,10,2006,4,ITA_10_PEC_2006_36_6_17,0.0493647753696168,0.0220450903420049,species x GSA x stratum x year,TRUE
Plesionika antigai,10,2013,4,ITA_10_PEC_2013_64_6_26,0.0441141179293892,0.0297754881597463,species x GSA x stratum x year,TRUE
Plesionika antigai,11,1997,4,ITA_11_NUS_1997_101_7_28,0.103425967287893,0.0976003502453025,species x GSA x stratum x year,TRUE
Plesionika edwardsii,1,2018,4,ESP_1_MOL_2018_59_5_11,0.385109206942203,0.136995161737084,species x GSA x year (stratum cell too small),TRUE
Plesionika edwardsii,9,2001,4,ITA_9_FRP_2001_69_5_14,0.00586943374207548,0.00440589747403371,species x GSA x stratum x year,TRUE
Plesionika edwardsii,9,2017,4,ITA_9_SAN_2017_77_9_28,0.908447625071181,0.393628207415262,species x GSA x year (stratum cell too small),TRUE
Plesionika edwardsii,9,2021,4,ITA_9_SAN_2021_41_9_9,0.386531829300849,0.0548982964234225,species x GSA x stratum x year,TRUE
Plesionika edwardsii,10,1997,4,ITA_10_SAN_1997_106_6_29,0.563615388222523,0.134657734885585,species x GSA x stratum x year,TRUE
Plesionika edwardsii,10,1999,4,ITA_10_SAN_1999_107_5_11,1.06092308371298,0.433207418751304,species x GSA x stratum x year,TRUE
Plesionika edwardsii,10,2006,4,ITA_10_PEC_2006_45_6_16,0.646311402215097,0.474585377054239,species x GSA x year (stratum cell too small),TRUE
Plesionika edwardsii,10,2012,4,ITA_10_PEC_2012_64_6_19,0.516248457424928,0.163973334183635,species x GSA x stratum x year,TRUE
Plesionika edwardsii,10,2013,4,ITA_10_PEC_2013_64_6_26,0.644744800506457,0.358468415354819,species x GSA x stratum x year,TRUE
Plesionika edwardsii,10,2017,4,ITA_10_SAN_2017_59_11_1,0.429887708696968,0.163922622277932,species x GSA x year (stratum cell too small),TRUE
Plesionika gigliolii,1,1996,4,ESP_1_COR_1996_32_5_9,0.274165359554354,0.160575056773567,species x GSA x year (stratum cell too small),TRUE
Plesionika gigliolii,1,2002,4,ESP_1_COR_2002_42_5_21,0.865637841846958,0.320416458266986,species x GSA x stratum x year,TRUE
Plesionika gigliolii,1,2003,4,ESP_1_COR_2003_29_5_2,0.0901625344283432,0.0679725437403176,species x GSA x year (stratum cell too small),TRUE
Plesionika gigliolii,1,2014,4,ESP_1_MOL_2014_60_5_10,0.0188258964079519,0.0168533563352335,species x GSA x year (stratum cell too small),TRUE
Plesionika gigliolii,1,2017,4,ESP_1_MOL_2017_66_5_9,0.0810610505512151,0.0160420214390777,species x GSA x stratum x year,TRUE
Plesionika gigliolii,6,1997,5,ESP_6_COR_1997_37_5_20,0.178820193219041,0.129985516188295,species x GSA x year (stratum cell too small),TRUE
Plesionika gigliolii,6,2001,4,ESP_6_COR_2001_41_5_23,0.492778725184617,0.245554056210057,species x GSA x stratum x year,TRUE
Plesionika gigliolii,6,2017,4,ESP_6_MOL_2017_97_5_18,0.654324401130107,0.106867138486949,species x GSA x stratum x year,TRUE
Plesionika gigliolii,6,2019,4,ESP_6_MOL_2019_78_5_18,0.176582739021165,0.152453602502386,species x GSA x year (stratum cell too small),TRUE
Plesionika gigliolii,6,2021,4,ESP_6_MOL_2021_79_5_16,0.171416633680785,0.162749809684504,species x GSA x stratum x year,TRUE
Plesionika gigliolii,8,2018,4,FRA_8_LEU_2018_5_5_25,0.0359969474588555,0.00928473189134619,species x GSA x year (stratum cell too small),TRUE
Plesionika gigliolii,8,2023,4,FRA_8_LEU_2023_8_5_27,0.0059863558976381,0.00421438945792806,species x GSA x year (stratum cell too small),TRUE
Plesionika gigliolii,9,1995,4,ITA_9_FRP_1995_38_7_6,0.0371194203151836,0.00998495349737,species x GSA x year (stratum cell too small),TRUE
Plesionika gigliolii,9,1997,5,ITA_9_FRP_1997_25_7_23,0.0100779555778691,0.00720137257110718,species x GSA x stratum x year,TRUE
Plesionika gigliolii,9,1998,5,ITA_9_FRP_1998_3_7_11,0.0123396134068222,0.0100213439588882,species x GSA x stratum x year,TRUE
Plesionika gigliolii,9,1999,4,ITA_9_FRP_1999_8_7_5,0.142851396149549,0.0494548594021638,species x GSA x stratum x year,TRUE
Plesionika gigliolii,9,2005,4,ITA_9_LIB_2005_40_7_31,0.0448590760043631,0.0432128325728326,species x GSA x stratum x year,TRUE
Plesionika gigliolii,9,2007,4,ITA_9_LIB_2007_8_9_2,0.0189521200008212,0.0119874023977328,species x GSA x stratum x year,TRUE
Plesionika gigliolii,9,2008,4,ITA_9_LIB_2008_2_5_31,0.064839661373053,0.041659965254439,species x GSA x stratum x year,TRUE
Plesionika gigliolii,9,2009,4,ITA_9_LIB_2009_8_7_3,0.0282951066442569,0.0278206396026831,species x GSA x stratum x year,TRUE
Plesionika gigliolii,9,2012,4,ITA_9_LIB_2012_2_7_24,0.0339649652354024,0.0296127691665683,species x GSA x stratum x year,TRUE
Plesionika gigliolii,9,2015,4,ITA_9_LIB_2015_25_7_31,0.0195691193035272,0.0183924677646574,species x GSA x stratum x year,TRUE
Plesionika gigliolii,9,2016,4,ITA_9_SAN_2016_83_5_25,0.0765678023203107,0.0174074682887542,species x GSA x stratum x year,TRUE
Plesionika gigliolii,9,2018,4,ITA_9_SAN_2018_25_7_1,0.0140495786025592,0.00994634957939525,species x GSA x stratum x year,TRUE
Plesionika gigliolii,9,2023,4,ITA_9_SAN_2023_148_10_6,0.0247477662666168,0.0162554695476069,species x GSA x stratum x year,TRUE
Plesionika gigliolii,10,2001,4,ITA_10_SAN_2001_107_5_1,0.0988931874461032,0.0978389686300889,species x GSA x stratum x year,TRUE
Plesionika gigliolii,10,2009,4,ITA_10_PEC_2009_22_7_10,0.0375646449975763,0.0327360598934579,species x GSA x stratum x year,TRUE
Plesionika gigliolii,10,2012,4,ITA_10_PEC_2012_64_6_19,0.0315370903606198,0.0297218350289163,species x GSA x stratum x year,TRUE
Plesionika gigliolii,10,2013,4,ITA_10_PEC_2013_60_6_28,0.0294094119529261,0.0273525660647265,species x GSA x stratum x year,TRUE
Plesionika gigliolii,11,1998,4,ITA_11_NUS_1998_15_5_29,0.170755754725068,0.0715895747519258,species x GSA x stratum x year,TRUE
Plesionika gigliolii,11,1999,4,ITA_11_NUS_1999_13_5_20,0.0962522640938821,0.0901824253882904,species x GSA x year (stratum cell too small),TRUE
Plesionika gigliolii,11,2000,5,ITA_11_NUS_2000_10_5_31,0.0639395608487736,0.0544391457095962,species x GSA x year (stratum cell too small),TRUE
Plesionika gigliolii,11,2007,4,ITA_11_GIS_2007_7_7_31,0.028363789206133,0.01920882380316,species x GSA x year (stratum cell too small),TRUE
Plesionika gigliolii,11,2013,4,ITA_11_GIS_2013_23_7_5,0.0735000735000735,0.0545214678554577,species x GSA x year (stratum cell too small),TRUE
Plesionika gigliolii,11,2015,4,ITA_11_GIS_2015_61_7_8,0.0522736373771204,0.0282389837017099,species x GSA x stratum x year,TRUE
Plesionika gigliolii,11,2017,5,ITA_11_GIS_2017_92_11_27,0.0165523052846997,0.0157778167701581,species x GSA x stratum x year,TRUE
Plesionika gigliolii,11,2020,5,ITA_11_GIS_2020_44_10_30,0.0154508687096423,0.00803076525726093,species x GSA x year (stratum cell too small),TRUE
Plesionika heterocarpus,1,1999,4,ESP_1_COR_1999_29_5_11,2.31390252349731,0.462789564670919,species x GSA x year (stratum cell too small),TRUE
Plesionika heterocarpus,1,2001,4,ESP_1_COR_2001_28_5_19,2.40183857311574,0.635488443510449,species x GSA x year (stratum cell too small),TRUE
Plesionika heterocarpus,1,2004,4,ESP_1_COR_2004_23_5_11,2.52632604977653,2.11647076399835,species x GSA x stratum x year,TRUE
Plesionika heterocarpus,1,2005,3,ESP_1_COR_2005_30_5_16,1.07921413371895,1.05600231988469,species x GSA x year (stratum cell too small),TRUE
Plesionika heterocarpus,1,2011,4,ESP_1_COR_2011_27_5_12,2.04875964618546,1.65028487538582,species x GSA x year (stratum cell too small),TRUE
Plesionika heterocarpus,1,2017,3,ESP_1_MOL_2017_37_5_2,0.779552038216759,0.640172723167645,species x GSA x year (stratum cell too small),TRUE
Plesionika heterocarpus,6,1999,3,ESP_6_COR_1999_41_5_14,0.139522342009021,0.103668715982953,species x GSA x year (stratum cell too small),TRUE
Plesionika heterocarpus,6,2006,4,ESP_6_COR_2006_78_5_25,0.485029070977489,0.31714517208021,species x GSA x year (stratum cell too small),TRUE
Plesionika heterocarpus,6,2011,4,ESP_6_COR_2011_45_5_18,0.899928005759539,0.768650087606866,species x GSA x stratum x year,TRUE
Plesionika heterocarpus,6,2018,3,ESP_6_MOL_2018_95_5_22,0.681715722095275,0.35856818813881,species x GSA x stratum x year,TRUE
Plesionika heterocarpus,9,1994,4,ITA_9_FRP_1994_40_6_22,0.0551738575543415,0.0240912279985483,species x GSA x stratum x year,TRUE
Plesionika heterocarpus,9,1997,4,ITA_9_FRP_1997_82_6_9,0.0443722520581245,0.0391543668951858,species x GSA x stratum x year,TRUE
Plesionika heterocarpus,9,1999,4,ITA_9_FRP_1999_54_6_5,0.311366431585011,0.0705231558134849,species x GSA x stratum x year,TRUE
Plesionika heterocarpus,9,2003,4,ITA_9_CIR_2003_54_6_22,0.150826168041126,0.0632004631397773,species x GSA x stratum x year,TRUE
Plesionika heterocarpus,9,2012,4,ITA_9_LIB_2012_66_6_30,0.390292184438036,0.265928177334858,species x GSA x stratum x year,TRUE
Plesionika heterocarpus,9,2014,3,ITA_9_LIB_2014_27_8_23,0.400440805238407,0.219957687967128,species x GSA x year (stratum cell too small),TRUE
Plesionika heterocarpus,9,2018,4,ITA_9_SAN_2018_83_6_16,0.280206269474056,0.199077412889366,species x GSA x stratum x year,TRUE
Plesionika heterocarpus,9,2019,4,ITA_9_SAN_2019_4_6_23,0.360716620250167,0.23181946118773,species x GSA x stratum x year,TRUE
Plesionika heterocarpus,9,2021,4,ITA_9_SAN_2021_94_8_25,0.354747175596184,0.255088152895873,species x GSA x stratum x year,TRUE
Plesionika heterocarpus,10,2003,4,ITA_10_DAP_2003_26_8_9,0.0466163173146614,0.0237449672174027,species x GSA x stratum x year,TRUE
Plesionika heterocarpus,10,2006,4,ITA_10_PEC_2006_36_6_17,0.21434705094702,0.173468471222975,species x GSA x stratum x year,TRUE
Plesionika heterocarpus,10,2007,3,ITA_10_PEC_2007_34_8_12,0.188954876970724,0.134316241467906,species x GSA x year (stratum cell too small),TRUE
Plesionika heterocarpus,10,2014,4,ITA_10_PEC_2014_12_9_12,0.122560416342934,0.0846922888473404,species x GSA x stratum x year,TRUE
Plesionika heterocarpus,11,1998,4,ITA_11_NUS_1998_115_7_1,0.89156677856917,0.761290206676963,species x GSA x stratum x year,TRUE
Plesionika heterocarpus,11,2010,4,ITA_11_GIS_2010_75_6_16,0.698357463246444,0.389735570827691,species x GSA x year (stratum cell too small),TRUE
Plesionika heterocarpus,11,2016,4,ITA_11_GIS_2016_87_6_29,0.126544403002286,0.0672071472374334,species x GSA x stratum x year,TRUE
Plesionika heterocarpus,11,2018,4,ITA_11_GIS_2018_79_7_31,0.092161736474574,0.0676065586703749,species x GSA x stratum x year,TRUE
Plesionika heterocarpus,11,2019,4,ITA_11_GIS_2019_15_6_6,0.0734515720013625,0.07140514102802,species x GSA x stratum x year,TRUE
Plesionika heterocarpus,11,2023,4,ITA_11_GIS_2023_31_7_27,0.225371120107962,0.18347128673745,species x GSA x stratum x year,TRUE
Plesionika martia,1,1994,5,ESP_1_COR_1994_28_6_4,0.129431842150678,0.109092045920513,species x GSA x year (stratum cell too small),TRUE
Plesionika martia,1,2002,5,ESP_1_COR_2002_34_5_19,0.138062789134914,0.137272464422091,species x GSA x stratum x year,TRUE
Plesionika martia,1,2003,5,ESP_1_COR_2003_26_5_1,0.509037560006151,0.319437726299965,species x GSA x stratum x year,TRUE
Plesionika martia,1,2005,5,ESP_1_COR_2005_5_5_10,0.202478170828403,0.16037881737613,species x GSA x stratum x year,TRUE
Plesionika martia,1,2012,4,ESP_1_COR_2012_38_5_5,0.312098269018925,0.262113267827305,species x GSA x year (stratum cell too small),TRUE
Plesionika martia,5,2007,5,ESP_5_COR_2007_81_6_7,0.530052215148528,0.273325675255355,species x GSA x year (stratum cell too small),TRUE
Plesionika martia,5,2008,5,ESP_5_COR_2008_83_5_25,0.223531787499365,0.195537262227614,species x GSA x stratum x year,TRUE
Plesionika martia,5,2009,5,ESP_5_COR_2009_75_4_27,0.320929232823178,0.278974940095414,species x GSA x stratum x year,TRUE
Plesionika martia,5,2016,5,ESP_5_MOL_2016_202_6_14,0.191235735369372,0.130919097683397,species x GSA x year (stratum cell too small),TRUE
Plesionika martia,5,2017,2,ESP_5_MOL_2017_186_6_10,0.200414305747418,0.170006667289708,species x GSA x year (stratum cell too small),TRUE
Plesionika martia,5,2019,5,ESP_5_MOL_2019_193_6_16,0.243633144674897,0.213390812084755,species x GSA x year (stratum cell too small),TRUE
Plesionika martia,6,1994,5,ESP_6_COR_1994_33_6_6,0.0794108007351996,0.0698683311700459,species x GSA x year (stratum cell too small),TRUE
Plesionika martia,6,1995,4,ESP_6_COR_1995_51_5_5,0.362919356044627,0.167755035053702,species x GSA x year (stratum cell too small),TRUE
Plesionika martia,6,1999,5,ESP_6_COR_1999_43_5_15,0.105818145206853,0.0852416170514733,species x GSA x stratum x year,TRUE
Plesionika martia,6,2005,5,ESP_6_COR_2005_58_5_23,0.136892314482167,0.0643361636200651,species x GSA x year (stratum cell too small),TRUE
Plesionika martia,6,2015,5,ESP_6_MOL_2015_96_5_18,0.300098741691499,0.216436372463761,species x GSA x stratum x year,TRUE
Plesionika martia,6,2017,5,ESP_6_MOL_2017_106_5_20,0.267656083628306,0.188934542132759,species x GSA x stratum x year,TRUE
Plesionika martia,9,1995,5,ITA_9_FRP_1995_108_6_17,0.2004671781457,0.177907003472849,species x GSA x stratum x year,TRUE
Plesionika martia,9,1997,5,ITA_9_FRP_1997_74_6_9,0.323766996243693,0.185977537739682,species x GSA x stratum x year,TRUE
Plesionika martia,9,1998,5,ITA_9_FRP_1998_10_7_12,0.440693796078943,0.185183315687615,species x GSA x stratum x year,TRUE
Plesionika martia,9,2010,5,ITA_9_LIB_2010_3_6_3,0.198223473655466,0.148671857308726,species x GSA x stratum x year,TRUE
Plesionika martia,9,2014,4,ITA_9_LIB_2014_73_8_26,0.065878971184383,0.0239687726526261,species x GSA x stratum x year,TRUE
Plesionika martia,9,2016,5,ITA_9_SAN_2016_68_5_26,0.0931035718354951,0.0896376361680842,species x GSA x stratum x year,TRUE
Plesionika martia,9,2017,4,ITA_9_SAN_2017_38_10_11,0.217261082712351,0.125626456266425,species x GSA x year (stratum cell too small),TRUE
Plesionika martia,9,2023,4,ITA_9_SAN_2023_73_9_29,0.0463551599915236,0.0358701060275193,species x GSA x stratum x year,TRUE
Plesionika martia,10,1997,5,ITA_10_SAN_1997_137_7_4,0.102887415980078,0.101447973830122,species x GSA x stratum x year,TRUE
Plesionika martia,10,1998,5,ITA_10_SAN_1998_137_5_27,0.278492309474659,0.106312609251352,species x GSA x stratum x year,TRUE
Plesionika martia,10,1999,5,ITA_10_SAN_1999_137_5_8,0.267507281548204,0.120951624969809,species x GSA x stratum x year,TRUE
Plesionika martia,10,2000,5,ITA_10_SAN_2000_140_6_30,0.0515342254251316,0.0454149935952513,species x GSA x stratum x year,TRUE
Plesionika martia,10,2001,5,ITA_10_SAN_2001_137_5_8,0.0848948830200128,0.0622569938606758,species x GSA x stratum x year,TRUE
Plesionika martia,10,2002,5,ITA_10_GAB_2002_7_8_3,0.142041303987871,0.0467042909906479,species x GSA x stratum x year,TRUE
Plesionika martia,10,2003,5,ITA_10_DAP_2003_37_8_3,0.0830702774547267,0.0801772496089822,species x GSA x stratum x year,TRUE
Plesionika martia,10,2006,5,ITA_10_PEC_2006_10_6_20,0.140958517921869,0.12084214144726,species x GSA x stratum x year,TRUE
Plesionika martia,10,2010,5,ITA_10_PEC_2010_10_5_30,0.257122227859199,0.194873186219961,species x GSA x stratum x year,TRUE
Plesionika martia,10,2014,5,ITA_10_PEC_2014_68_9_4,0.0383695283325969,0.0381361128851309,species x GSA x stratum x year,TRUE
Plesionika martia,10,2016,5,ITA_10_PEC_2016_7_9_4,0.121466040448495,0.0666244261494338,species x GSA x stratum x year,TRUE
Plesionika martia,10,2017,4,ITA_10_SAN_2017_8_10_20,0.113800287778168,0.0807864738581583,species x GSA x year (stratum cell too small),TRUE
Plesionika martia,10,2018,4,ITA_10_SAN_2018_44_7_14,0.255596437353722,0.129990530353975,species x GSA x year (stratum cell too small),TRUE
Plesionika martia,10,2023,4,ITA_10_SAN_2023_5_12_8,0.547196101512319,0.0785241420666414,species x GSA x year (stratum cell too small),TRUE
Plesionika martia,11,2000,5,ITA_11_NUS_2000_115_7_19,0.712469388389369,0.702368596096946,species x GSA x stratum x year,TRUE
Plesionika martia,11,2003,5,ITA_11_NUS_2003_44_6_26,0.794387899157222,0.550158004988879,species x GSA x stratum x year,TRUE
Plesionika martia,11,2005,5,ITA_11_GIS_2005_46_7_12,0.642859294279371,0.461928218497701,species x GSA x stratum x year,TRUE
Plesionika martia,11,2007,5,ITA_11_GIS_2007_43_8_7,0.696430897507769,0.185942421510877,species x GSA x stratum x year,TRUE
Plesionika martia,11,2010,4,ITA_11_GIS_2010_75_6_16,0.293753536127473,0.207589092063912,species x GSA x year (stratum cell too small),TRUE
Plesionika martia,11,2011,4,ITA_11_GIS_2011_19_6_7,2.39973370696929,0.210789992486389,species x GSA x year (stratum cell too small),TRUE
Plesionika martia,11,2013,5,ITA_11_GIS_2013_54_7_15,0.398469771985513,0.287934749692997,species x GSA x stratum x year,TRUE
Plesionika martia,11,2021,5,ITA_11_GIS_2021_43_8_31,0.54535482342969,0.275676976384383,species x GSA x stratum x year,TRUE
Plesionika martia,11,2023,5,ITA_11_GIS_2023_63_8_9,0.238203610984676,0.179421543331802,species x GSA x stratum x year,TRUE
Plesionika spp.,11,2001,4,ITA_11_NUS_2001_98_7_9,0.176820513952164,0.172188606967698,species x GSA x year (stratum cell too small),TRUE
Plesionika spp.,11,2003,4,ITA_11_NUS_2003_4_6_16,0.706379910329309,0.534185679864211,species x GSA x year (stratum cell too small),TRUE
Plesionika spp.,11,2006,5,ITA_11_GIS_2006_41_6_22,0.973272985251146,0.702059917233013,species x GSA x year (stratum cell too small),TRUE
Polycarpa mamillaris,5,2017,4,ESP_5_MOL_2017_224_6_19,0.11617780254999,0.0862880160696683,species x GSA x year (stratum cell too small),TRUE
Polycarpa mamillaris,5,2018,2,ESP_5_MOL_2018_183_6_14,0.277909223549824,0.207595281741635,species x GSA x stratum x year,TRUE
Polycarpa mamillaris,5,2019,2,ESP_5_MOL_2019_211_6_21,0.24793701655555,0.212502638362205,species x GSA x stratum x year,TRUE
Polycarpa mamillaris,5,2020,2,ESP_5_MOL_2020_58_6_12,0.0892568632493851,0.0733472280516632,species x GSA x stratum x year,TRUE
Polycarpa mamillaris,5,2021,2,ESP_5_MOL_2021_206_6_16,0.464900278997324,0.090270081527656,species x GSA x stratum x year,TRUE
Polychaeta,6,2015,2,ESP_6_MOL_2015_172_6_4,0.00415127236497987,0.00286187062193314,species x GSA x stratum x year,TRUE
Polychaeta,6,2017,2,ESP_6_MOL_2017_121_5_23,0.000406747121247249,0.000237125917593372,species x GSA x year (stratum cell too small),TRUE
Polychaeta,6,2021,2,ESP_6_MOL_2021_94_5_20,0.030912781214791,0.00804508698808021,species x GSA x year (stratum cell too small),TRUE
Polycheles typhlops,1,1999,5,ESP_1_COR_1999_19_5_8,0.0380788600908979,0.034066206040768,species x GSA x stratum x year,TRUE
Polycheles typhlops,6,1999,5,ESP_6_COR_1999_86_5_26,0.095646577697131,0.031985588131055,species x GSA x year (stratum cell too small),TRUE
Polycheles typhlops,6,2000,5,ESP_6_COR_2000_85_6_17,0.0434087941109952,0.014630765049308,species x GSA x year (stratum cell too small),TRUE
Polycheles typhlops,6,2007,5,ESP_6_COR_2007_75_6_5,0.0821342743284763,0.0229809199829008,species x GSA x year (stratum cell too small),TRUE
Polycheles typhlops,6,2009,5,ESP_6_COR_2009_117_5_6,0.0711761240918908,0.0290962081558811,species x GSA x year (stratum cell too small),TRUE
Polycheles typhlops,6,2018,5,ESP_6_MOL_2018_75_5_17,0.0169712568622415,0.0146561806263407,species x GSA x year (stratum cell too small),TRUE
Polycheles typhlops,9,1995,5,ITA_9_FRP_1995_153_6_28,0.0371645624965841,0.035891196389964,species x GSA x stratum x year,TRUE
Polycheles typhlops,9,1999,5,ITA_9_FRP_1999_80_6_10,0.0428963623884695,0.0342282120592615,species x GSA x stratum x year,TRUE
Polycheles typhlops,9,2004,5,ITA_9_LIB_2004_73_6_15,0.0372006510113927,0.0335430060663092,species x GSA x stratum x year,TRUE
Polycheles typhlops,9,2021,5,ITA_9_SAN_2021_81_9_19,0.0392978779145926,0.0291201997692556,species x GSA x stratum x year,TRUE
Polycheles typhlops,10,2001,5,ITA_10_SAN_2001_140_5_4,0.0204598975777527,0.0185777968159889,species x GSA x stratum x year,TRUE
Polycheles typhlops,10,2007,5,ITA_10_PEC_2007_38_8_7,0.0257962263216439,0.0193365244389153,species x GSA x stratum x year,TRUE
Polycheles typhlops,10,2015,5,ITA_10_PEC_2015_44_6_22,0.0115376073117663,0.0111651844990607,species x GSA x stratum x year,TRUE
Polycheles typhlops,10,2018,5,ITA_10_SAN_2018_52_7_15,0.0110918031574666,0.00952946417667748,species x GSA x stratum x year,TRUE
Polycheles typhlops,11,1999,5,ITA_11_NUS_1999_20_5_24,0.0485262575579646,0.0328927888546004,species x GSA x stratum x year,TRUE
Polycheles typhlops,11,2007,5,ITA_11_GIS_2007_9_7_31,0.054321610005606,0.0316738208534345,species x GSA x stratum x year,TRUE
Polycheles typhlops,11,2012,4,ITA_11_GIS_2012_26_6_14,0.0447632583175729,0.0378592317164512,species x GSA x year (stratum cell too small),TRUE
Polycheles typhlops,11,2015,5,ITA_11_GIS_2015_60_7_8,0.0131133567734586,0.0125976455336683,species x GSA x stratum x year,TRUE
Pontophilus spinosus,1,2015,4,ESP_1_MOL_2015_41_5_2,0.00604320218092452,0.00526836943018185,species x GSA x stratum x year,TRUE
Pontophilus spinosus,6,1995,2,ESP_6_COR_1995_83_5_16,0.00461458207937081,0.00396944054852684,species x GSA x year (stratum cell too small),TRUE
Pontophilus spinosus,9,1998,4,ITA_9_FRP_1998_137_5_31,0.00194829991349548,0.00182682555288749,species x GSA x year (stratum cell too small),TRUE
Pontophilus spinosus,9,1999,4,ITA_9_FRP_1999_115_5_28,0.00376364320662401,0.00364400644258281,species x GSA x stratum x year,TRUE
Pontophilus spinosus,9,2002,4,ITA_9_FRP_2002_139_7_28,0.00869565217391304,0.00624907736701554,species x GSA x year (stratum cell too small),TRUE
Porifera,5,2013,2,ESP_5_COR_2013_170_6_21,1.04760128999289,0.208996855518975,species x GSA x stratum x year,TRUE
Porifera,5,2020,2,ESP_5_MOL_2020_80_6_17,2.38352055882376,0.389852458396706,species x GSA x stratum x year,TRUE
Porifera,6,2018,1,ESP_6_MOL_2018_69_5_16,0.0117677573056159,0.00475320303177943,species x GSA x year (stratum cell too small),TRUE
Porifera,9,2018,1,ITA_9_SAN_2018_87_6_13,0.0199938954808479,0.0146329183207672,species x GSA x year (stratum cell too small),TRUE
Porifera,9,2019,2,ITA_9_SAN_2019_89_6_1,0.130033444816054,0.00760807638711426,species x GSA x year (stratum cell too small),TRUE
Posidonia oceanica,9,2018,1,ITA_9_SAN_2018_11_7_5,0.104025076978557,0.0178823696494778,species x GSA x year (stratum cell too small),TRUE
Posidonia oceanica,11,2013,1,ITA_11_GIS_2013_67_7_17,7.89141414141414,4.4979902973079,species x GSA x year (stratum cell too small),TRUE
Posidonia oceanica,11,2019,1,ITA_11_GIS_2019_99_6_27,67.81500067815,0.381726580704272,species x GSA x year (stratum cell too small),TRUE
Processa canaliculata,1,2004,4,ESP_1_COR_2004_12_5_8,0.0875315015055418,0.0841772016760634,species x GSA x stratum x year,TRUE
Processa canaliculata,1,2006,4,ESP_1_COR_2006_34_5_13,0.0160469031723444,0.0128201824076028,species x GSA x year (stratum cell too small),TRUE
Processa canaliculata,1,2008,4,ESP_1_COR_2008_12_5_8,0.010499770518969,0.00613551341331625,species x GSA x year (stratum cell too small),TRUE
Processa canaliculata,1,2011,4,ESP_1_COR_2011_12_5_8,0.00337915467066759,0.00304317299389855,species x GSA x year (stratum cell too small),TRUE
Processa canaliculata,1,2017,4,ESP_1_MOL_2017_5_4_25,0.00362933133474817,0.00344405586389442,species x GSA x stratum x year,TRUE
Processa canaliculata,1,2021,4,ESP_1_MOL_2021_13_4_29,0.0101404134702294,0.00770363958744971,species x GSA x stratum x year,TRUE
Processa canaliculata,5,2008,4,ESP_5_COR_2008_156_6_14,0.00258338823713176,0.0020150527284468,species x GSA x year (stratum cell too small),TRUE
Processa canaliculata,6,1997,4,ESP_6_COR_1997_46_5_22,0.00830230891580585,0.00781365954547833,species x GSA x year (stratum cell too small),TRUE
Processa canaliculata,6,2002,5,ESP_6_COR_2002_49_5_23,0.00610810257367193,0.00537893459540043,species x GSA x year (stratum cell too small),TRUE
Processa canaliculata,6,2003,4,ESP_6_COR_2003_126_5_23,0.0115220647540039,0.00979526821044375,species x GSA x year (stratum cell too small),TRUE
Processa canaliculata,6,2005,4,ESP_6_COR_2005_59_5_23,0.00969404486514752,0.00843477938042446,species x GSA x year (stratum cell too small),TRUE
Processa canaliculata,6,2006,4,ESP_6_COR_2006_63_5_21,0.0154642105861618,0.0136374508350581,species x GSA x stratum x year,TRUE
Processa canaliculata,6,2015,4,ESP_6_MOL_2015_175_6_4,0.00678374391095387,0.00568585412666778,species x GSA x stratum x year,TRUE
Processa canaliculata,6,2016,4,ESP_6_MOL_2016_174_6_4,0.0028849303228423,0.00263735056349325,species x GSA x year (stratum cell too small),TRUE
Processa canaliculata,6,2021,4,ESP_6_MOL_2021_153_6_1,0.0138857003206671,0.00318057043802823,species x GSA x year (stratum cell too small),TRUE
Processa canaliculata,9,1996,4,ITA_9_FRP_1996_82_6_10,0.00244060083980587,0.00187365711513223,species x GSA x stratum x year,TRUE
Processa canaliculata,9,2001,4,ITA_9_FRP_2001_137_5_24,0.00940560206688482,0.00876556808130676,species x GSA x stratum x year,TRUE
Processa canaliculata,9,2002,4,ITA_9_FRP_2002_139_7_28,0.0278706800445931,0.0091313502066183,species x GSA x year (stratum cell too small),TRUE
Processa canaliculata,9,2013,4,ITA_9_LIB_2013_1_7_19,0.0106784214730242,0.00918053028599816,species x GSA x year (stratum cell too small),TRUE
Processa canaliculata,9,2017,4,ITA_9_SAN_2017_139_10_3,0.0104018212451735,0.00610073043880381,species x GSA x year (stratum cell too small),TRUE
Processa canaliculata,9,2019,4,ITA_9_SAN_2019_82_6_8,0.00296441750381817,0.0020906548980073,species x GSA x year (stratum cell too small),TRUE
Processa nouveli,1,2001,4,ESP_1_COR_2001_10_5_14,0.0154811919487894,0.0018483308936966,species x GSA x year (stratum cell too small),TRUE
Processa nouveli,1,2004,4,ESP_1_COR_2004_12_5_8,0.00950716683018993,0.00836495138229186,species x GSA x stratum x year,TRUE
Processa nouveli,1,2007,4,ESP_1_COR_2007_14_5_22,0.00409971368345037,0.00310846718646374,species x GSA x year (stratum cell too small),TRUE
Processa nouveli,1,2018,4,ESP_1_MOL_2018_63_5_13,0.00207048838874983,0.000746094179372399,species x GSA x stratum x year,TRUE
Processa nouveli,6,2001,4,ESP_6_COR_2001_105_6_9,0.00535124502066651,0.00405255195652856,species x GSA x stratum x year,TRUE
Processa nouveli,6,2005,4,ESP_6_COR_2005_87_5_30,0.0114763894291453,0.00249464185262345,species x GSA x year (stratum cell too small),TRUE
Processa nouveli,6,2006,4,ESP_6_COR_2006_63_5_21,0.0123941099550856,0.00537231275208515,species x GSA x stratum x year,TRUE
Pteria hirundo,6,2016,1,ESP_6_MOL_2016_75_5_13,0.0102840982131379,0.0076893674964153,species x GSA x year (stratum cell too small),TRUE
Pteroctopus tetracirrhus,6,1995,4,ESP_6_COR_1995_50_5_5,0.465757508011029,0.186687088858816,species x GSA x year (stratum cell too small),TRUE
Pteroctopus tetracirrhus,7,1994,3,FRA_7_LEU_1994_53_6_1,0.484071097201476,0.190636688762972,species x GSA x year (stratum cell too small),TRUE
Pteroctopus tetracirrhus,7,1996,4,FRA_7_LEU_1996_43_6_12,0.123477636827997,0.100912375029801,species x GSA x year (stratum cell too small),TRUE
Pteroctopus tetracirrhus,7,1998,4,FRA_7_LEU_1998_42_5_31,0.227562015274407,0.102572844562438,species x GSA x year (stratum cell too small),TRUE
Pteroctopus tetracirrhus,7,2011,4,FRA_7_LEU_2011_61_6_12,0.240773255915025,0.0447494354806869,species x GSA x year (stratum cell too small),TRUE
Pteroctopus tetracirrhus,9,2006,4,ITA_9_LIB_2006_136_6_7,0.218448166073034,0.195021331688636,species x GSA x stratum x year,TRUE
Pteroctopus tetracirrhus,10,2000,4,ITA_10_SAN_2000_74_6_13,0.222509671753732,0.149872071419644,species x GSA x stratum x year,TRUE
Pteroctopus tetracirrhus,10,2005,3,ITA_10_PEC_2005_58_6_23,0.141570603147398,0.112403676023597,species x GSA x year (stratum cell too small),TRUE
Pteroctopus tetracirrhus,10,2012,5,ITA_10_PEC_2012_70_6_20,0.0830009939997827,0.0564346988501333,species x GSA x stratum x year,TRUE
Pteroctopus tetracirrhus,10,2017,5,ITA_10_SAN_2017_7_10_20,0.0258108545580219,0.0227572610408706,species x GSA x year (stratum cell too small),TRUE
Pteroctopus tetracirrhus,11,2008,4,ITA_11_GIS_2008_17_6_26,0.121264070242578,0.103300141269978,species x GSA x year (stratum cell too small),TRUE
Pteroctopus tetracirrhus,11,2011,4,ITA_11_GIS_2011_61_6_22,0.195487042001787,0.159519296642489,species x GSA x year (stratum cell too small),TRUE
Pteroctopus tetracirrhus,11,2012,4,ITA_11_GIS_2012_37_6_19,0.108468584284107,0.0741277614306696,species x GSA x year (stratum cell too small),TRUE
Pteroeides spinosum,6,2014,3,ESP_6_MOL_2014_150_5_30,0.00693944484441245,0.00245881992195942,species x GSA x year (stratum cell too small),TRUE
Pteroeides spinosum,6,2019,3,ESP_6_MOL_2019_154_6_4,0.00276928214505337,0.00181992576749164,species x GSA x year (stratum cell too small),TRUE
Pteroeides spinosum,7,2012,2,FRA_7_LEU_2012_34_6_7,0.0670042987173463,0.0160747386282598,species x GSA x stratum x year,TRUE
Pteroeides spinosum,7,2013,2,FRA_7_LEU_2013_40_6_9,0.0738616280326215,0.00364901950981663,species x GSA x year (stratum cell too small),TRUE
Pteroeides spinosum,7,2014,2,FRA_7_LEU_2014_44_6_12,0.0172478180355197,0.004200968692845,species x GSA x stratum x year,TRUE
Pyrosoma atlanticum,1,2013,3,ESP_1_COR_2013_6_5_9,0.363731256190551,0.284471752245488,species x GSA x year (stratum cell too small),TRUE
Pyrosoma atlanticum,1,2017,4,ESP_1_MOL_2017_64_5_9,0.0258021180578027,0.0237103814079274,species x GSA x year (stratum cell too small),TRUE
Pyrosoma atlanticum,1,2018,4,ESP_1_MOL_2018_11_4_29,0.108421299147375,0.0862110331370527,species x GSA x year (stratum cell too small),TRUE
Pyrosoma atlanticum,1,2019,2,ESP_1_MOL_2019_50_5_9,0.305707860677011,0.183006236868179,species x GSA x year (stratum cell too small),TRUE
Pyrosoma atlanticum,1,2021,3,ESP_1_MOL_2021_68_5_12,0.274548954658714,0.252612448266773,species x GSA x year (stratum cell too small),TRUE
Pyrosoma atlanticum,5,2021,4,ESP_5_MOL_2021_181_6_10,0.023309404121057,0.0169868898530885,species x GSA x year (stratum cell too small),TRUE
Pyrosoma atlanticum,6,2013,4,ESP_6_COR_2013_52_5_23,0.153294890392122,0.133854379078106,species x GSA x year (stratum cell too small),TRUE
Pyrosoma atlanticum,6,2017,2,ESP_6_MOL_2017_144_5_29,2.02111269352728,1.06142738296851,species x GSA x year (stratum cell too small),TRUE
Pyrosoma atlanticum,6,2019,4,ESP_6_MOL_2019_150_6_3,0.0102980156171646,0.00797013241280726,species x GSA x year (stratum cell too small),TRUE
Pyura spp.,1,2016,2,ESP_1_MOL_2016_53_5_6,0.00485531171101185,0.00215431956681032,species x GSA x year (stratum cell too small),TRUE
Raja asterias,7,2006,1,FRA_7_LEU_2006_71_6_28,0.855084006936826,0.785804343995896,species x GSA x year (stratum cell too small),TRUE
Raja asterias,8,2008,2,FRA_8_LEU_2008_15_5_21,20.3199851634833,8.71511342258108,species x GSA x year (stratum cell too small),TRUE
Raja asterias,11,2014,1,ITA_11_GIS_2014_29_7_31,3.81570816198817,3.03425189929781,species x GSA x stratum x year,TRUE
Raja asterias,11,2015,1,ITA_11_GIS_2015_59_7_7,2.63660163571391,1.68599268943247,species x GSA x year (stratum cell too small),TRUE
Raja brachyura,5,2015,2,ESP_5_MOL_2015_198_6_11,2.17103018995447,0.608370487567083,species x GSA x year (stratum cell too small),TRUE
Raja brachyura,11,2003,1,ITA_11_NUS_2003_71_7_2,1.31745278956909,1.30806229879248,species x GSA x year (stratum cell too small),TRUE
Raja brachyura,11,2008,1,ITA_11_GIS_2008_43_7_3,11.3801528549494,5.29842281244111,species x GSA x year (stratum cell too small),TRUE
Raja clavata,5,2008,2,ESP_5_COR_2008_139_6_9,2.09552124622964,1.55188682809219,species x GSA x stratum x year,TRUE
Raja clavata,7,1999,3,FRA_7_LEU_1999_59_5_25,1.83035193286975,0.950852819246898,species x GSA x year (stratum cell too small),TRUE
Raja clavata,8,1998,2,FRA_8_LEU_1998_6_5_19,20.5855253423308,4.47407797998842,species x GSA x year (stratum cell too small),TRUE
Raja clavata,8,2011,2,FRA_8_LEU_2011_13_5_27,34.7305996978344,18.9146936629704,species x GSA x year (stratum cell too small),TRUE
Raja clavata,8,2012,2,FRA_8_LEU_2012_8_5_26,15.067401821689,6.2177590879503,species x GSA x year (stratum cell too small),TRUE
Raja clavata,8,2013,2,FRA_8_LEU_2013_7_5_26,8.18830762381083,6.82345766031576,species x GSA x year (stratum cell too small),TRUE
Raja clavata,8,2014,2,FRA_8_LEU_2014_23_6_3,17.9687263908191,4.5534340483187,species x GSA x year (stratum cell too small),TRUE
Raja clavata,8,2016,2,FRA_8_LEU_2016_13_5_25,3.62019829469319,2.48360456247372,species x GSA x year (stratum cell too small),TRUE
Raja clavata,8,2017,2,FRA_8_LEU_2017_15_6_1,13.9512922936885,2.98478603517311,species x GSA x year (stratum cell too small),TRUE
Raja clavata,9,1995,4,ITA_9_FRP_1995_98_6_15,1.28229498227811,1.05933081852307,species x GSA x year (stratum cell too small),TRUE
Raja clavata,9,2020,4,ITA_9_SAN_2020_94_10_24,1.42532044249155,1.04706580581534,species x GSA x year (stratum cell too small),TRUE
Raja clavata,11,1998,3,ITA_11_NUS_1998_80_6_22,13.9267561155526,4.53330322039934,species x GSA x stratum x year,TRUE
Raja clavata,11,2007,4,ITA_11_GIS_2007_41_8_6,3.04437501558158,2.38951163262909,species x GSA x stratum x year,TRUE
Raja clavata,11,2018,4,ITA_11_GIS_2018_41_7_24,3.17907547426123,2.64043621913408,species x GSA x stratum x year,TRUE
Raja miraletus,8,2008,2,FRA_8_LEU_2008_7_5_19,2.08281585334529,1.81186380248125,species x GSA x year (stratum cell too small),TRUE
Raja miraletus,8,2019,2,FRA_8_LEU_2019_6_5_25,1.01990073590955,0.54275091540391,species x GSA x year (stratum cell too small),TRUE
Raja miraletus,11,1996,3,ITA_11_NUS_1996_34_7_2,0.473765437042695,0.457058170130956,species x GSA x year (stratum cell too small),TRUE
Raja miraletus,11,1997,1,ITA_11_NUS_1997_112_7_31,1.3550366571481,1.21089295246896,species x GSA x year (stratum cell too small),TRUE
Raja miraletus,11,2003,3,ITA_11_NUS_2003_53_6_28,1.60236332692411,1.21839359109365,species x GSA x year (stratum cell too small),TRUE
Raja miraletus,11,2004,2,ITA_11_GIS_2004_83_7_22,0.82382760006815,0.63332113638699,species x GSA x stratum x year,TRUE
Raja miraletus,11,2009,2,ITA_11_GIS_2009_54_6_29,1.59220869536851,1.14881804622096,species x GSA x stratum x year,TRUE
Raja miraletus,11,2011,1,ITA_11_GIS_2011_52_6_20,1.04283814549233,0.592629759270955,species x GSA x year (stratum cell too small),TRUE
Raja miraletus,11,2017,1,ITA_11_GIS_2017_59_11_17,1.00204562751775,0.531966744281469,species x GSA x year (stratum cell too small),TRUE
Raja miraletus,11,2019,2,ITA_11_GIS_2019_50_6_14,0.786713065675474,0.586037960144093,species x GSA x stratum x year,TRUE
Raja montagui,5,2010,2,ESP_5_COR_2010_86_6_14,1.72136829048917,1.56901111266479,species x GSA x year (stratum cell too small),TRUE
Raja montagui,6,2019,2,ESP_6_MOL_2019_74_5_17,0.969455059519548,0.866245437222176,species x GSA x year (stratum cell too small),TRUE
Raja polystigma,5,2010,2,ESP_5_COR_2010_125_6_23,1.65759457538692,0.993605846289765,species x GSA x year (stratum cell too small),TRUE
Raja polystigma,5,2013,2,ESP_5_COR_2013_169_6_21,0.771743986470918,0.379011540275769,species x GSA x year (stratum cell too small),TRUE
Raja polystigma,5,2017,2,ESP_5_MOL_2017_204_6_14,3.96359841882025,0.910194023625328,species x GSA x year (stratum cell too small),TRUE
Raja polystigma,11,1996,1,ITA_11_NUS_1996_91_7_24,9.51689851215238,3.4688558963133,species x GSA x year (stratum cell too small),TRUE
Raja polystigma,11,1997,3,ITA_11_NUS_1997_55_7_11,4.36299695562084,0.624483113450861,species x GSA x stratum x year,TRUE
Raja polystigma,11,1998,3,ITA_11_NUS_1998_80_6_22,4.38788206380425,2.08656854295391,species x GSA x stratum x year,TRUE
Raja polystigma,11,1999,1,ITA_11_NUS_1999_106_6_24,10.8657942274422,9.19001370527011,species x GSA x year (stratum cell too small),TRUE
Raja polystigma,11,2003,1,ITA_11_NUS_2003_57_6_29,3.23178993948306,1.60691489856582,species x GSA x year (stratum cell too small),TRUE
Raja polystigma,11,2005,2,ITA_11_GIS_2005_67_7_18,7.66382814338351,1.50877480217126,species x GSA x stratum x year,TRUE
Raja polystigma,11,2007,1,ITA_11_GIS_2007_42_8_6,10.5323999723342,10.2258094176994,species x GSA x stratum x year,TRUE
Raja polystigma,11,2011,1,ITA_11_GIS_2011_66_6_24,2.0605582999235,1.62064880595739,species x GSA x year (stratum cell too small),TRUE
Raja polystigma,11,2016,3,ITA_11_GIS_2016_11_6_8,0.885230932128232,0.525788188315879,species x GSA x stratum x year,TRUE
Raja polystigma,11,2019,2,ITA_11_GIS_2019_80_6_21,1.07849591851934,0.822738287744952,species x GSA x year (stratum cell too small),TRUE
Raja polystigma,11,2021,2,ITA_11_GIS_2021_93_9_7,0.958780134300084,0.915400110141477,species x GSA x year (stratum cell too small),TRUE
Raja spp.,6,2013,1,ESP_6_COR_2013_48_5_22,1.10185642337394,0.746416306542055,species x GSA x year (stratum cell too small),TRUE
Raja spp.,11,1997,1,ITA_11_NUS_1997_93_7_23,2.59425821539466,2.21620847116666,species x GSA x year (stratum cell too small),TRUE
Raja spp.,11,1999,1,ITA_11_NUS_1999_74_6_10,4.93107376247227,2.38738042038985,species x GSA x year (stratum cell too small),TRUE
Rochinia carpenteri,1,2019,5,ESP_1_MOL_2019_25_5_3,0.00747073538872847,0.00619689223793418,species x GSA x stratum x year,TRUE
Rondeletiola minor,1,1996,4,ESP_1_COR_1996_28_5_8,0.0111940479129454,0.00542969403415037,species x GSA x year (stratum cell too small),TRUE
Rondeletiola minor,6,2003,3,ESP_6_COR_2003_45_5_6,0.0124239525917746,0.010215766713321,species x GSA x year (stratum cell too small),TRUE
Rondeletiola minor,6,2005,4,ESP_6_COR_2005_57_5_23,0.00619933645722885,0.00324332095728429,species x GSA x year (stratum cell too small),TRUE
Rondeletiola minor,6,2019,4,ESP_6_MOL_2019_100_5_23,0.00221221088355703,0.00169602207313691,species x GSA x year (stratum cell too small),TRUE
Rondeletiola minor,9,1994,4,ITA_9_FRP_1994_82_5_31,0.00261208454795265,0.00222416451656944,species x GSA x year (stratum cell too small),TRUE
Rondeletiola minor,9,1995,4,ITA_9_FRP_1995_7_7_12,0.00919351428212444,0.00574190473759598,species x GSA x stratum x year,TRUE
Rondeletiola minor,9,2000,3,ITA_9_FRP_2000_99_5_28,0.00611461229281655,0.00327864859973206,species x GSA x stratum x year,TRUE
Rondeletiola minor,9,2003,4,ITA_9_CIR_2003_7_6_27,0.0202204023860075,0.0181682367031931,species x GSA x stratum x year,TRUE
Rondeletiola minor,9,2004,4,ITA_9_LIB_2004_65_6_17,0.0121447656060238,0.00691408212531978,species x GSA x year (stratum cell too small),TRUE
Rondeletiola minor,9,2009,3,ITA_9_LIB_2009_59_6_15,0.0103014619834847,0.00606532161355482,species x GSA x year (stratum cell too small),TRUE
Rondeletiola minor,9,2010,4,ITA_9_LIB_2010_98_5_18,0.012060863943806,0.0110070569760569,species x GSA x stratum x year,TRUE
Rondeletiola minor,9,2011,4,ITA_9_LIB_2011_94_6_12,0.00941034761824102,0.00848225652052249,species x GSA x stratum x year,TRUE
Rondeletiola minor,9,2015,3,ITA_9_LIB_2015_84_7_15,0.0216534580572517,0.00699093650647792,species x GSA x year (stratum cell too small),TRUE
Rondeletiola minor,9,2017,3,ITA_9_SAN_2017_43_10_10,0.00422852076364379,0.00285186531900678,species x GSA x year (stratum cell too small),TRUE
Rondeletiola minor,10,1999,3,ITA_10_SAN_1999_102_5_8,0.0370841172868573,0.0302883971700931,species x GSA x year (stratum cell too small),TRUE
Rondeletiola minor,10,2006,3,ITA_10_PEC_2006_34_6_19,0.0205746165541199,0.00894160102508138,species x GSA x year (stratum cell too small),TRUE
Rossia macrosoma,1,2011,3,ESP_1_COR_2011_16_5_9,0.0202757502027575,0.0171571185456132,species x GSA x year (stratum cell too small),TRUE
Rossia macrosoma,1,2016,3,ESP_1_MOL_2016_37_5_2,0.0255118184982438,0.0192419614907231,species x GSA x year (stratum cell too small),TRUE
Rossia macrosoma,1,2021,3,ESP_1_MOL_2021_27_5_2,0.0194357333837612,0.0120662508433392,species x GSA x year (stratum cell too small),TRUE
Rossia macrosoma,6,2005,4,ESP_6_COR_2005_86_5_29,0.0261706683099871,0.0173438692101656,species x GSA x year (stratum cell too small),TRUE
Rossia macrosoma,6,2007,4,ESP_6_COR_2007_105_6_12,0.0414561747112019,0.022018063777425,species x GSA x year (stratum cell too small),TRUE
Rossia macrosoma,6,2015,4,ESP_6_MOL_2015_126_5_24,0.0277253228253632,0.0253875521724836,species x GSA x year (stratum cell too small),TRUE
Rossia macrosoma,7,2010,4,FRA_7_LEU_2010_65_6_12,0.037131773236863,0.0245117536644165,species x GSA x year (stratum cell too small),TRUE
Rossia macrosoma,9,1995,4,ITA_9_FRP_1995_105_6_15,0.048420039440323,0.0356051037378821,species x GSA x stratum x year,TRUE
Rossia macrosoma,9,2001,4,ITA_9_FRP_2001_105_6_8,0.0335743565169352,0.0307376115034727,species x GSA x stratum x year,TRUE
Rossia macrosoma,9,2003,4,ITA_9_CIR_2003_144_7_8,0.0139171871694668,0.0135051647556984,species x GSA x stratum x year,TRUE
Rossia macrosoma,9,2004,4,ITA_9_LIB_2004_134_6_5,0.154227847997146,0.0692442186994072,species x GSA x stratum x year,TRUE
Rossia macrosoma,9,2012,4,ITA_9_LIB_2012_2_7_24,0.0331158411045174,0.0296433717503074,species x GSA x stratum x year,TRUE
Rossia macrosoma,9,2014,4,ITA_9_LIB_2014_97_9_9,0.018460538752363,0.0184403708147184,species x GSA x stratum x year,TRUE
Rossia macrosoma,9,2016,4,ITA_9_SAN_2016_94_6_7,0.0337061684984846,0.0156617542195537,species x GSA x year (stratum cell too small),TRUE
Rossia macrosoma,9,2017,5,ITA_9_SAN_2017_81_9_25,0.0135160776342705,0.00793474745635951,species x GSA x year (stratum cell too small),TRUE
Rossia macrosoma,10,1995,5,ITA_10_SAN_1995_137_7_8,0.0284460001820544,0.0166894707342755,species x GSA x year (stratum cell too small),TRUE
Rossia macrosoma,11,1999,5,ITA_11_NUS_1999_101_6_23,0.0394523157792048,0.0292973405468536,species x GSA x year (stratum cell too small),TRUE
Rossia macrosoma,11,2007,4,ITA_11_GIS_2007_14_8_1,0.0241244924942576,0.0192101303974039,species x GSA x year (stratum cell too small),TRUE
Salpa maxima,1,2021,2,ESP_1_MOL_2021_6_4_28,0.681296163326321,0.559438662612385,species x GSA x year (stratum cell too small),TRUE
Salpa maxima,6,2015,5,ESP_6_MOL_2015_152_5_30,3.07867182163502,0.632392962692638,species x GSA x year (stratum cell too small),TRUE
Salpa maxima,6,2019,3,ESP_6_MOL_2019_169_6_8,0.369271370144492,0.184131030558798,species x GSA x year (stratum cell too small),TRUE
Salpa maxima,6,2021,2,ESP_6_MOL_2021_103_5_22,1.38414971406235,0.378207289725799,species x GSA x year (stratum cell too small),TRUE
Salpa spp.,5,2020,3,ESP_5_MOL_2020_69_6_15,1.53868993774917,0.282052056736209,species x GSA x year (stratum cell too small),TRUE
Salpa spp.,6,2017,5,ESP_6_MOL_2017_102_5_19,0.154738878143133,0.106341279393457,species x GSA x year (stratum cell too small),TRUE
Salpa spp.,6,2018,4,ESP_6_MOL_2018_97_5_22,0.288178493801983,0.25693708594336,species x GSA x stratum x year,TRUE
Salpa spp.,6,2019,3,ESP_6_MOL_2019_131_5_31,0.180287171410998,0.0916179321258609,species x GSA x year (stratum cell too small),TRUE
Sardina pilchardus,1,2016,2,ESP_1_MOL_2016_42_5_3,11.8620053379024,9.10642308611064,species x GSA x stratum x year,TRUE
Sardina pilchardus,6,1994,1,ESP_6_COR_1994_62_6_14,31.4163121265669,29.4918892750144,species x GSA x year (stratum cell too small),TRUE
Sardina pilchardus,6,1996,2,ESP_6_COR_1996_96_5_25,101.534860505502,46.4765556998417,species x GSA x stratum x year,TRUE
Sardina pilchardus,6,2003,2,ESP_6_COR_2003_117_5_21,194.965173265453,150.087770018346,species x GSA x stratum x year,TRUE
Sardina pilchardus,6,2011,2,ESP_6_COR_2011_91_5_30,35.7438937352544,28.6363482992499,species x GSA x stratum x year,TRUE
Sardina pilchardus,7,1994,2,FRA_7_LEU_1994_61_6_4,3.95055752687981,3.53534258437176,species x GSA x stratum x year,TRUE
Sardina pilchardus,7,1997,1,FRA_7_LEU_1997_63_6_20,2.86677794514785,1.7984139896895,species x GSA x stratum x year,TRUE
Sardina pilchardus,7,2008,2,FRA_7_LEU_2008_56_6_6,22.9669300758534,22.5709390548341,species x GSA x stratum x year,TRUE
Sardina pilchardus,7,2013,2,FRA_7_LEU_2013_80_6_21,7.85344293249248,5.31706469603282,species x GSA x stratum x year,TRUE
Sardina pilchardus,9,1995,3,ITA_9_FRP_1995_43_7_4,5.9137804601935,2.4226477829207,species x GSA x stratum x year,TRUE
Sardina pilchardus,9,1998,3,ITA_9_FRP_1998_95_5_22,5.64822490867185,2.94219605097329,species x GSA x stratum x year,TRUE
Sardina pilchardus,9,2001,3,ITA_9_FRP_2001_59_5_19,1.36160213005406,1.10363331080049,species x GSA x stratum x year,TRUE
Sardina pilchardus,9,2006,1,ITA_9_LIB_2006_11_6_29,15.4011688010296,11.2134337751257,species x GSA x stratum x year,TRUE
Sardina pilchardus,9,2020,3,ITA_9_SAN_2020_116_10_16,11.2885164180183,10.8405252098832,species x GSA x stratum x year,TRUE
Sardina pilchardus,10,2007,1,ITA_10_PEC_2007_21_8_9,7.24317511824483,6.74185821286516,species x GSA x year (stratum cell too small),TRUE
Sardina pilchardus,10,2016,1,ITA_10_PEC_2016_21_9_5,22.4397632604976,15.6400837914732,species x GSA x year (stratum cell too small),TRUE
Sardina pilchardus,10,2019,1,ITA_10_SAN_2019_1_6_26,50.1602774330047,13.636138794334,species x GSA x year (stratum cell too small),TRUE
Sardina pilchardus,11,1994,2,ITA_11_NUS_1994_72_7_11,65.246050784599,51.3167526741875,species x GSA x stratum x year,TRUE
Sardina pilchardus,11,2010,2,ITA_11_GIS_2010_61_6_10,19.8374745856109,8.30347409285006,species x GSA x stratum x year,TRUE
Sardina pilchardus,11,2012,3,ITA_11_GIS_2012_87_7_9,28.4295246299187,18.9722910252875,species x GSA x year (stratum cell too small),TRUE
Sardinella aurita,6,2002,2,ESP_6_COR_2002_107_6_7,5.82686260241335,3.93988835188616,species x GSA x year (stratum cell too small),TRUE
Sardinella aurita,6,2003,1,ESP_6_COR_2003_65_5_10,8.22502644217485,3.47424983337738,species x GSA x year (stratum cell too small),TRUE
Sardinella aurita,6,2019,1,ESP_6_MOL_2019_72_5_16,22.6138218164315,3.8549542781284,species x GSA x year (stratum cell too small),TRUE
Sardinella aurita,9,2012,1,ITA_9_LIB_2012_120_6_23,1.90905405330357,1.78781226249847,species x GSA x year (stratum cell too small),TRUE
Scaeurgus unicirrhus,5,2010,2,ESP_5_COR_2010_97_6_16,0.114411755371481,0.0917854162183523,species x GSA x year (stratum cell too small),TRUE
Scaeurgus unicirrhus,5,2011,4,ESP_5_COR_2011_68_5_24,0.136615576777954,0.0872603563742171,species x GSA x year (stratum cell too small),TRUE
Scaeurgus unicirrhus,6,2000,3,ESP_6_COR_2000_63_6_8,0.105845168430054,0.0662454019317486,species x GSA x year (stratum cell too small),TRUE
Scaeurgus unicirrhus,6,2001,3,ESP_6_COR_2001_79_6_3,0.339930036218,0.045717344319766,species x GSA x year (stratum cell too small),TRUE
Scaeurgus unicirrhus,6,2004,3,ESP_6_COR_2004_75_5_22,0.907796885893563,0.0862558139530627,species x GSA x year (stratum cell too small),TRUE
Scaeurgus unicirrhus,6,2018,3,ESP_6_MOL_2018_95_5_22,0.0628319294719731,0.0381278027446843,species x GSA x stratum x year,TRUE
Scaeurgus unicirrhus,7,2018,3,FRA_7_LEU_2018_80_6_20,0.0676389990123663,0.0674397553011176,species x GSA x year (stratum cell too small),TRUE
Scaeurgus unicirrhus,7,2023,3,FRA_7_LEU_2023_36_6_6,0.125360076816387,0.0700935463668892,species x GSA x year (stratum cell too small),TRUE
Scaeurgus unicirrhus,9,1994,3,ITA_9_FRP_1994_26_6_24,0.136094416862643,0.119018418123534,species x GSA x stratum x year,TRUE
Scaeurgus unicirrhus,9,1995,3,ITA_9_FRP_1995_26_7_9,0.0697846445868051,0.0411142061247321,species x GSA x stratum x year,TRUE
Scaeurgus unicirrhus,9,1999,3,ITA_9_FRP_1999_150_6_21,0.180932392230954,0.0967343337051626,species x GSA x stratum x year,TRUE
Scaeurgus unicirrhus,9,2004,3,ITA_9_LIB_2004_26_6_25,0.0363291378369009,0.0302031381705905,species x GSA x stratum x year,TRUE
Scaeurgus unicirrhus,9,2008,3,ITA_9_LIB_2008_16_5_31,0.030189833674143,0.0210395554132414,species x GSA x year (stratum cell too small),TRUE
Scaeurgus unicirrhus,9,2009,3,ITA_9_LIB_2009_27_7_1,0.0319055595437505,0.0228029201300264,species x GSA x stratum x year,TRUE
Scaeurgus unicirrhus,9,2017,3,ITA_9_SAN_2017_13_10_16,0.0505025620811983,0.0343509904502339,species x GSA x stratum x year,TRUE
Scaeurgus unicirrhus,10,1994,2,ITA_10_SAN_1994_91_7_5,0.0461936437546194,0.029033632842185,species x GSA x year (stratum cell too small),TRUE
Scaeurgus unicirrhus,10,1995,4,ITA_10_SAN_1995_74_6_24,0.0407282205840427,0.0365932678674011,species x GSA x year (stratum cell too small),TRUE
Scaeurgus unicirrhus,10,2000,3,ITA_10_SAN_2000_69_6_13,0.0719942404607631,0.0446827068488667,species x GSA x stratum x year,TRUE
Scaeurgus unicirrhus,10,2003,2,ITA_10_DAP_2003_47_8_10,0.189035156517088,0.172834870024859,species x GSA x year (stratum cell too small),TRUE
Scaeurgus unicirrhus,10,2005,3,ITA_10_PEC_2005_17_7_1,0.0494415087175268,0.0473190787186887,species x GSA x year (stratum cell too small),TRUE
Scaeurgus unicirrhus,10,2007,3,ITA_10_PEC_2007_57_8_3,0.0478850758180367,0.0404104093101022,species x GSA x year (stratum cell too small),TRUE
Scaeurgus unicirrhus,10,2008,3,ITA_10_PEC_2008_55_7_25,0.0818116368872308,0.0606696944429139,species x GSA x year (stratum cell too small),TRUE
Scaeurgus unicirrhus,10,2010,3,ITA_10_PEC_2010_57_6_6,0.058678259449751,0.0463239554101525,species x GSA x year (stratum cell too small),TRUE
Scaeurgus unicirrhus,10,2012,3,ITA_10_PEC_2012_17_6_29,0.0624687656171914,0.0383328979403106,species x GSA x year (stratum cell too small),TRUE
Scaeurgus unicirrhus,10,2014,3,ITA_10_PEC_2014_55_9_3,0.0659860962219407,0.0521390771649782,species x GSA x year (stratum cell too small),TRUE
Scaeurgus unicirrhus,11,1995,3,ITA_11_NUS_1995_97_7_25,0.2767400027674,0.141732363875314,species x GSA x stratum x year,TRUE
Scaeurgus unicirrhus,11,1997,4,ITA_11_NUS_1997_118_7_31,0.0882806902201688,0.0348456453565913,species x GSA x stratum x year,TRUE
Scaeurgus unicirrhus,11,1999,3,ITA_11_NUS_1999_81_6_14,0.248442456904789,0.203549097870063,species x GSA x stratum x year,TRUE
Scaeurgus unicirrhus,11,2000,4,ITA_11_NUS_2000_46_6_14,0.0592653581299537,0.0590417018760202,species x GSA x stratum x year,TRUE
Scaeurgus unicirrhus,11,2002,3,ITA_11_NUS_2002_16_7_18,0.110456279776688,0.110334193605516,species x GSA x year (stratum cell too small),TRUE
Scaeurgus unicirrhus,11,2003,3,ITA_11_NUS_2003_78_7_7,0.181458307935383,0.180868215858204,species x GSA x stratum x year,TRUE
Scaeurgus unicirrhus,11,2004,2,ITA_11_GIS_2004_12_6_30,0.0648311227115542,0.0640173646863488,species x GSA x year (stratum cell too small),TRUE
Scaeurgus unicirrhus,11,2005,2,ITA_11_GIS_2005_7_6_22,0.0898400724527842,0.0790629223714838,species x GSA x year (stratum cell too small),TRUE
Scaeurgus unicirrhus,11,2007,2,ITA_11_GIS_2007_15_8_1,0.0501197534725765,0.0419530890430273,species x GSA x year (stratum cell too small),TRUE
Scaeurgus unicirrhus,11,2008,2,ITA_11_GIS_2008_5_6_23,0.216756013104717,0.0887780071688143,species x GSA x year (stratum cell too small),TRUE
Scaeurgus unicirrhus,11,2017,4,ITA_11_GIS_2017_45_11_15,0.172252132525997,0.126227450713382,species x GSA x year (stratum cell too small),TRUE
Scalpellum scalpellum,6,2004,4,ESP_6_COR_2004_106_5_29,0.000333447097637233,0.000181542829191144,species x GSA x year (stratum cell too small),TRUE
Scalpellum scalpellum,7,2014,2,FRA_7_LEU_2014_62_6_17,0.000514190431650625,0.000424546289751059,species x GSA x stratum x year,TRUE
Scalpellum scalpellum,7,2017,1,FRA_7_LEU_2017_68_6_17,0.000230557772457214,0.000222414217481326,species x GSA x year (stratum cell too small),TRUE
Scalpellum scalpellum,7,2021,2,FRA_7_LEU_2021_36_6_3,0.000947143293614421,0.000472840597313452,species x GSA x stratum x year,TRUE
Scalpellum scalpellum,7,2023,2,FRA_7_LEU_2023_61_6_13,0.00270306798215975,0.000900405500373384,species x GSA x stratum x year,TRUE
Scaphander lignarius,5,2009,3,ESP_5_COR_2009_129_5_11,0.00253097207802045,0.000889719324384169,species x GSA x year (stratum cell too small),TRUE
Scaphander lignarius,5,2019,3,ESP_5_MOL_2019_196_6_17,0.000342614582037258,0.000298060654578641,species x GSA x year (stratum cell too small),TRUE
Scaphander lignarius,6,2015,3,ESP_6_MOL_2015_142_5_28,0.0200002620121661,0.00668005931625614,species x GSA x year (stratum cell too small),TRUE
Scomber colias,1,2018,2,ESP_1_MOL_2018_50_5_8,16.340156202138,7.56514411788866,species x GSA x year (stratum cell too small),TRUE
Scomber colias,1,2019,3,ESP_1_MOL_2019_23_5_3,94.8686394020352,67.2109317927788,species x GSA x year (stratum cell too small),TRUE
Scomber colias,7,2011,1,FRA_7_LEU_2011_49_6_8,1.17587117874722,0.684564335127705,species x GSA x year (stratum cell too small),TRUE
Scomber colias,7,2017,2,FRA_7_LEU_2017_84_6_24,8.11969374564823,7.15369486601095,species x GSA x stratum x year,TRUE
Scomber colias,9,2020,2,ITA_9_SAN_2020_88_10_11,1.89015777662459,0.795964319410996,species x GSA x year (stratum cell too small),TRUE
Scomber scombrus,6,1998,2,ESP_6_COR_1998_79_5_28,2.30214835742086,1.26624991890417,species x GSA x stratum x year,TRUE
Scomber scombrus,6,2003,1,ESP_6_COR_2003_65_5_10,1.71354717545309,1.6132433513202,species x GSA x year (stratum cell too small),TRUE
Scomber scombrus,6,2006,3,ESP_6_COR_2006_87_5_28,8.71849443963675,8.09484004081164,species x GSA x year (stratum cell too small),TRUE
Scomber scombrus,7,1994,1,FRA_7_LEU_1994_64_6_5,15.8202778747408,3.20841379077007,species x GSA x year (stratum cell too small),TRUE
Scomber scombrus,7,1995,1,FRA_7_LEU_1995_47_7_4,4.60260515897145,4.24451066531869,species x GSA x year (stratum cell too small),TRUE
Scomber scombrus,7,1996,2,FRA_7_LEU_1996_71_6_18,3.61058653738007,2.20749061639636,species x GSA x stratum x year,TRUE
Scomber scombrus,7,2003,3,FRA_7_LEU_2003_94_7_3,77.9614697852076,5.91409811747361,species x GSA x year (stratum cell too small),TRUE
Scomber scombrus,7,2004,2,FRA_7_LEU_2004_70_6_21,96.0137311074744,19.0966879206629,species x GSA x stratum x year,TRUE
Scomber scombrus,7,2005,1,FRA_7_LEU_2005_59_6_23,6.84692872831932,4.29864846408457,species x GSA x stratum x year,TRUE
Scomber scombrus,7,2007,2,FRA_7_LEU_2007_55_6_23,4.53173816150049,2.43585817772299,species x GSA x stratum x year,TRUE
Scomber scombrus,7,2008,1,FRA_7_LEU_2008_54_6_6,5.1100598694922,5.00399918083524,species x GSA x year (stratum cell too small),TRUE
Scomber scombrus,7,2015,1,FRA_7_LEU_2015_53_6_12,15.5500606234359,2.0312274486301,species x GSA x year (stratum cell too small),TRUE
Scomber scombrus,7,2020,2,FRA_7_LEU_2020_17_10_10,11.2351208107233,3.59440804738088,species x GSA x stratum x year,TRUE
Scomber scombrus,7,2023,2,FRA_7_LEU_2023_33_6_6,3.73895110737216,2.66807618221921,species x GSA x stratum x year,TRUE
Scomber scombrus,9,1996,3,ITA_9_FRP_1996_30_7_13,8.32463910895359,0.905214091534611,species x GSA x year (stratum cell too small),TRUE
Scomber scombrus,9,1997,4,ITA_9_FRP_1997_98_7_2,6.11949193530156,4.85028750354186,species x GSA x year (stratum cell too small),TRUE
Scomber scombrus,9,1998,1,ITA_9_FRP_1998_87_6_10,2.82538103353498,0.731441437281986,species x GSA x stratum x year,TRUE
Scomber scombrus,9,2002,3,ITA_9_FRP_2002_62_7_20,13.3648965018484,2.08839579232966,species x GSA x year (stratum cell too small),TRUE
Scomber scombrus,9,2003,3,ITA_9_CIR_2003_125_7_3,2.24630258594354,0.974888894778323,species x GSA x year (stratum cell too small),TRUE
Scomber scombrus,9,2004,1,ITA_9_LIB_2004_47_6_14,2.22430751051333,0.490839651595776,species x GSA x year (stratum cell too small),TRUE
Scomber scombrus,9,2013,3,ITA_9_LIB_2013_6_7_21,0.552555966025702,0.148961644513405,species x GSA x stratum x year,TRUE
Scomber scombrus,9,2014,2,ITA_9_LIB_2014_19_9_19,0.45440732504608,0.309295305065774,species x GSA x year (stratum cell too small),TRUE
Scomber scombrus,9,2021,1,ITA_9_SAN_2021_138_8_28,1.11691909038109,0.645250053758443,species x GSA x year (stratum cell too small),TRUE
Scorpaena elongata,1,2015,4,ESP_1_MOL_2015_60_5_7,0.323758262614642,0.135492951355133,species x GSA x year (stratum cell too small),TRUE
Scorpaena elongata,1,2016,4,ESP_1_MOL_2016_60_5_8,0.358991128195847,0.162537437753436,species x GSA x year (stratum cell too small),TRUE
Scorpaena elongata,1,2019,4,ESP_1_MOL_2019_59_5_12,0.37233263027143,0.0946485649047156,species x GSA x year (stratum cell too small),TRUE
Scorpaena elongata,1,2021,4,ESP_1_MOL_2021_61_5_11,0.33185675298486,0.0628031366574856,species x GSA x year (stratum cell too small),TRUE
Scorpaena elongata,6,2005,3,ESP_6_COR_2005_68_5_25,0.0975840450049372,0.0643658788016865,species x GSA x year (stratum cell too small),TRUE
Scorpaena elongata,6,2017,3,ESP_6_MOL_2017_104_5_20,1.10331932302738,0.293357565984936,species x GSA x stratum x year,TRUE
Scorpaena elongata,6,2018,3,ESP_6_MOL_2018_71_5_16,0.235377894519144,0.136981755823481,species x GSA x stratum x year,TRUE
Scorpaena elongata,7,2018,5,FRA_7_LEU_2018_25_6_1,0.185043228241571,0.149222099803449,species x GSA x year (stratum cell too small),TRUE
Scorpaena elongata,11,1998,3,ITA_11_NUS_1998_4_5_26,0.877257238500392,0.263065215429834,species x GSA x year (stratum cell too small),TRUE
Scorpaena elongata,11,1999,4,ITA_11_NUS_1999_9_5_19,0.294068545846668,0.266203901812243,species x GSA x stratum x year,TRUE
Scorpaena elongata,11,2007,3,ITA_11_GIS_2007_85_8_27,0.471102544139742,0.145261384684985,species x GSA x year (stratum cell too small),TRUE
Scorpaena elongata,11,2008,4,ITA_11_GIS_2008_7_6_24,0.227793050017911,0.149871848799877,species x GSA x year (stratum cell too small),TRUE
Scorpaena elongata,11,2009,4,ITA_11_GIS_2009_47_6_25,0.319333606044318,0.29250658240921,species x GSA x year (stratum cell too small),TRUE
Scorpaena elongata,11,2010,3,ITA_11_GIS_2010_70_6_14,0.219679322129939,0.206756626857758,species x GSA x year (stratum cell too small),TRUE
Scorpaena elongata,11,2011,4,ITA_11_GIS_2011_19_6_7,0.220295982280609,0.161691092793582,species x GSA x year (stratum cell too small),TRUE
Scorpaena elongata,11,2012,4,ITA_11_GIS_2012_26_6_14,0.366864571171139,0.250186825482199,species x GSA x year (stratum cell too small),TRUE
Scorpaena elongata,11,2019,3,ITA_11_GIS_2019_24_6_7,0.125214889473099,0.121090114191421,species x GSA x year (stratum cell too small),TRUE
Scorpaena loppei,7,2000,1,FRA_7_LEU_2000_77_6_27,0.211882951971843,0.0393615249265602,species x GSA x year (stratum cell too small),TRUE
Scorpaena notata,1,2002,2,ESP_1_COR_2002_28_5_18,0.755561486311754,0.086285149516355,species x GSA x year (stratum cell too small),TRUE
Scorpaena notata,6,2001,2,ESP_6_COR_2001_47_5_24,0.198846771566471,0.151920703436347,species x GSA x year (stratum cell too small),TRUE
Scorpaena notata,6,2012,2,ESP_6_COR_2012_93_5_19,0.205472933547694,0.133107109654935,species x GSA x stratum x year,TRUE
Scorpaena notata,6,2013,1,ESP_6_COR_2013_48_5_22,0.0939113688725939,0.0850107383871873,species x GSA x year (stratum cell too small),TRUE
Scorpaena notata,6,2014,1,ESP_6_MOL_2014_64_5_12,0.101074964699032,0.0782188667409216,species x GSA x year (stratum cell too small),TRUE
Scorpaena notata,6,2020,2,ESP_6_MOL_2020_54_6_10,0.05220881673818,0.0370087324481819,species x GSA x year (stratum cell too small),TRUE
Scorpaena notata,7,1996,2,FRA_7_LEU_1996_71_6_18,0.323407732040948,0.105049237222497,species x GSA x stratum x year,TRUE
Scorpaena notata,7,1997,1,FRA_7_LEU_1997_63_6_20,0.202703214972919,0.079308497657604,species x GSA x year (stratum cell too small),TRUE
Scorpaena notata,7,1999,2,FRA_7_LEU_1999_53_5_24,0.135636604994876,0.0661677842048459,species x GSA x stratum x year,TRUE
Scorpaena notata,7,2001,1,FRA_7_LEU_2001_77_6_28,0.06321687456169,0.04775802647255,species x GSA x year (stratum cell too small),TRUE
Scorpaena notata,7,2018,1,FRA_7_LEU_2018_79_6_19,0.584176908678835,0.234174054783276,species x GSA x year (stratum cell too small),TRUE
Scorpaena notata,7,2019,1,FRA_7_LEU_2019_45_6_8,0.724705241765508,0.337641751415433,species x GSA x year (stratum cell too small),TRUE
Scorpaena notata,9,1995,1,ITA_9_FRP_1995_47_6_1,0.078421646549424,0.0385982656072658,species x GSA x year (stratum cell too small),TRUE
Scorpaena notata,9,1996,1,ITA_9_FRP_1996_47_6_8,0.439870266413721,0.0547484028621694,species x GSA x stratum x year,TRUE
Scorpaena notata,9,1997,1,ITA_9_FRP_1997_47_6_4,0.117868853526344,0.0700812414927159,species x GSA x year (stratum cell too small),TRUE
Scorpaena notata,9,2000,1,ITA_9_FRP_2000_47_6_29,0.432626923309049,0.026207443300134,species x GSA x year (stratum cell too small),TRUE
Scorpaena notata,9,2016,2,ITA_9_SAN_2016_127_6_9,0.0288932980924258,0.0254478537096697,species x GSA x year (stratum cell too small),TRUE
Scorpaena notata,9,2018,1,ITA_9_SAN_2018_87_6_13,0.0396498417970789,0.0349867726268848,species x GSA x year (stratum cell too small),TRUE
Scorpaena notata,9,2019,2,ITA_9_SAN_2019_127_6_1,0.0810049314751523,0.0635576438848467,species x GSA x year (stratum cell too small),TRUE
Scorpaena notata,11,2001,2,ITA_11_NUS_2001_91_7_4,0.374256968328849,0.370386609645714,species x GSA x stratum x year,TRUE
Scorpaena notata,11,2003,3,ITA_11_NUS_2003_55_6_29,0.164423309139418,0.156077876766596,species x GSA x year (stratum cell too small),TRUE
Scorpaena notata,11,2006,1,ITA_11_GIS_2006_56_6_27,0.249132178361182,0.215497039076235,species x GSA x year (stratum cell too small),TRUE
Scorpaena notata,11,2008,1,ITA_11_GIS_2008_54_7_8,0.0385076913483455,0.0383009872095356,species x GSA x year (stratum cell too small),TRUE
Scorpaena notata,11,2011,2,ITA_11_GIS_2011_25_6_9,0.088450937067531,0.0569708515199882,species x GSA x year (stratum cell too small),TRUE
Scorpaena notata,11,2012,2,ITA_11_GIS_2012_29_6_15,0.261581411948882,0.239517796671801,species x GSA x year (stratum cell too small),TRUE
Scorpaena notata,11,2013,2,ITA_11_GIS_2013_68_7_17,0.136733599728853,0.0968590029267733,species x GSA x stratum x year,TRUE
Scorpaena notata,11,2015,2,ITA_11_GIS_2015_65_7_8,0.100195264380984,0.0909840103608731,species x GSA x year (stratum cell too small),TRUE
Scorpaena notata,11,2019,1,ITA_11_GIS_2019_13_6_6,0.0462321988913657,0.0423853761361611,species x GSA x year (stratum cell too small),TRUE
Scorpaena porcus,11,2008,1,ITA_11_GIS_2008_65_7_11,0.435449966425514,0.377095747118835,species x GSA x stratum x year,TRUE
Scorpaena porcus,11,2016,1,ITA_11_GIS_2016_35_6_16,0.516516379318312,0.365723753606125,species x GSA x year (stratum cell too small),TRUE
Scorpaena scrofa,5,2010,2,ESP_5_COR_2010_116_6_20,1.34312892431776,1.13964878159522,species x GSA x stratum x year,TRUE
Scorpaena scrofa,5,2012,2,ESP_5_COR_2012_156_6_5,1.54806917930013,1.07288009598929,species x GSA x stratum x year,TRUE
Scorpaena scrofa,5,2019,2,ESP_5_MOL_2019_191_6_16,1.42482458851446,0.790607720177554,species x GSA x stratum x year,TRUE
Scorpaena scrofa,10,2018,4,ITA_10_SAN_2018_18_7_9,0.117034863484464,0.116257560710664,species x GSA x year (stratum cell too small),TRUE
Scorpaena scrofa,11,1997,2,ITA_11_NUS_1997_27_7_1,0.277173379096415,0.268742150018128,species x GSA x year (stratum cell too small),TRUE
Scorpaena scrofa,11,1998,1,ITA_11_NUS_1998_19_6_1,0.472505941379436,0.281463886315937,species x GSA x year (stratum cell too small),TRUE
Scorpaena scrofa,11,1999,2,ITA_11_NUS_1999_105_6_24,0.633020433731618,0.473441786709582,species x GSA x year (stratum cell too small),TRUE
Scorpaena scrofa,11,2000,2,ITA_11_NUS_2000_12_6_1,0.399601744430638,0.325113445198008,species x GSA x year (stratum cell too small),TRUE
Scorpaena scrofa,11,2003,1,ITA_11_NUS_2003_56_6_29,0.399864813386813,0.281068072731129,species x GSA x year (stratum cell too small),TRUE
Scorpaena scrofa,11,2004,1,ITA_11_GIS_2004_47_7_9,0.220844343494032,0.166066102390719,species x GSA x year (stratum cell too small),TRUE
Scorpaena scrofa,11,2006,3,ITA_11_GIS_2006_46_6_23,0.213650102458618,0.182056329149637,species x GSA x year (stratum cell too small),TRUE
Scorpaena scrofa,11,2007,2,ITA_11_GIS_2007_27_8_3,0.253295207379542,0.187540241095462,species x GSA x year (stratum cell too small),TRUE
Scorpaena scrofa,11,2012,1,ITA_11_GIS_2012_20_6_11,0.307345651841049,0.301534095298664,species x GSA x year (stratum cell too small),TRUE
Scorpaena scrofa,11,2021,2,ITA_11_GIS_2021_29_8_27,0.380228670048595,0.278714610860452,species x GSA x year (stratum cell too small),TRUE
Scorpaena scrofa,11,2023,2,ITA_11_GIS_2023_30_7_27,0.315003960919624,0.307988903808453,species x GSA x stratum x year,TRUE
Scyliorhinus canicula,1,1998,3,ESP_1_COR_1998_15_5_8,0.851268796891971,0.691344315356238,species x GSA x year (stratum cell too small),TRUE
Scyliorhinus canicula,1,2005,3,ESP_1_COR_2005_9_5_11,1.90187020029123,1.18281582863137,species x GSA x year (stratum cell too small),TRUE
Scyliorhinus canicula,1,2006,4,ESP_1_COR_2006_43_5_15,2.55504086222802,2.15344023604892,species x GSA x year (stratum cell too small),TRUE
Scyliorhinus canicula,1,2008,3,ESP_1_COR_2008_39_5_15,0.908002338106021,0.809158616810129,species x GSA x year (stratum cell too small),TRUE
Scyliorhinus canicula,1,2011,3,ESP_1_COR_2011_1_5_5,1.06090055069647,0.598596963943646,species x GSA x year (stratum cell too small),TRUE
Scyliorhinus canicula,5,2013,2,ESP_5_COR_2013_169_6_21,3.99194232065031,3.656730675287,species x GSA x stratum x year,TRUE
Scyliorhinus canicula,5,2019,3,ESP_5_MOL_2019_203_6_19,1.26363336286722,1.01458263006022,species x GSA x stratum x year,TRUE
Scyliorhinus canicula,6,1994,4,ESP_6_COR_1994_76_6_18,1.14850573040722,0.755121326842493,species x GSA x year (stratum cell too small),TRUE
Scyliorhinus canicula,6,1995,3,ESP_6_COR_1995_88_5_17,3.10919016855015,0.655287894325385,species x GSA x year (stratum cell too small),TRUE
Scyliorhinus canicula,6,1996,3,ESP_6_COR_1996_76_5_19,4.18113126575779,2.15272533869733,species x GSA x year (stratum cell too small),TRUE
Scyliorhinus canicula,6,2003,4,ESP_6_COR_2003_101_5_17,5.57412546448418,1.69188426005613,species x GSA x stratum x year,TRUE
Scyliorhinus canicula,6,2005,4,ESP_6_COR_2005_94_5_31,2.5960741493976,2.38863241718099,species x GSA x stratum x year,TRUE
Scyliorhinus canicula,6,2009,3,ESP_6_COR_2009_105_5_4,2.22650396060801,1.40582558403077,species x GSA x stratum x year,TRUE
Scyliorhinus canicula,6,2010,2,ESP_6_COR_2010_28_5_25,3.48177274023206,2.36381186423471,species x GSA x year (stratum cell too small),TRUE
Scyliorhinus canicula,6,2015,4,ESP_6_MOL_2015_84_5_14,5.16545033559014,4.33068798466649,species x GSA x stratum x year,TRUE
Scyliorhinus canicula,6,2017,3,ESP_6_MOL_2017_159_6_1,2.11089506009962,0.996935103793608,species x GSA x stratum x year,TRUE
Scyliorhinus canicula,6,2018,2,ESP_6_MOL_2018_70_5_16,1.7763119624333,0.867777655898248,species x GSA x stratum x year,TRUE
Scyliorhinus canicula,6,2020,4,ESP_6_MOL_2020_46_6_8,1.44562409786915,1.17704932286973,species x GSA x year (stratum cell too small),TRUE
Scyliorhinus canicula,7,1996,2,FRA_7_LEU_1996_48_6_13,1.06459714082357,0.95926109320431,species x GSA x stratum x year,TRUE
Scyliorhinus canicula,7,2000,3,FRA_7_LEU_2000_43_6_14,0.827032662630015,0.630862090989983,species x GSA x stratum x year,TRUE
Scyliorhinus canicula,7,2002,3,FRA_7_LEU_2002_15_6_14,2.53547621968675,1.17435065806371,species x GSA x year (stratum cell too small),TRUE
Scyliorhinus canicula,7,2007,2,FRA_7_LEU_2007_52_6_22,1.4793771121817,0.579592264328371,species x GSA x stratum x year,TRUE
Scyliorhinus canicula,7,2008,3,FRA_7_LEU_2008_38_6_1,0.645258687860371,0.574014767822676,species x GSA x year (stratum cell too small),TRUE
Scyliorhinus canicula,7,2009,3,FRA_7_LEU_2009_41_6_5,1.02250030775139,0.82302146499745,species x GSA x stratum x year,TRUE
Scyliorhinus canicula,7,2010,2,FRA_7_LEU_2010_47_6_5,0.800353680102445,0.375943115761445,species x GSA x stratum x year,TRUE
Scyliorhinus canicula,7,2012,2,FRA_7_LEU_2012_34_6_7,1.61695542865885,1.05919231695762,species x GSA x stratum x year,TRUE
Scyliorhinus canicula,7,2016,2,FRA_7_LEU_2016_41_6_7,0.616278218801878,0.372951171089793,species x GSA x stratum x year,TRUE
Scyliorhinus canicula,7,2019,3,FRA_7_LEU_2019_25_6_1,1.32050229360309,0.715781630462362,species x GSA x stratum x year,TRUE
Scyliorhinus canicula,8,2007,2,FRA_8_LEU_2007_22_6_13,2.2092180117126,1.78879724487421,species x GSA x year (stratum cell too small),TRUE
Scyliorhinus canicula,8,2011,2,FRA_8_LEU_2011_11_5_26,3.26586379872348,3.05295194649412,species x GSA x year (stratum cell too small),TRUE
Scyliorhinus canicula,8,2018,2,FRA_8_LEU_2018_9_5_26,1.33542419146407,1.19024891942438,species x GSA x year (stratum cell too small),TRUE
Scyliorhinus canicula,8,2022,4,FRA_8_LEU_2022_26_5_22,0.985709372726385,0.842480579242106,species x GSA x year (stratum cell too small),TRUE
Scyliorhinus canicula,8,2023,2,FRA_8_LEU_2023_11_5_28,2.29507822313578,1.4429964823634,species x GSA x year (stratum cell too small),TRUE
Scyliorhinus canicula,9,1996,3,ITA_9_FRP_1996_114_6_26,0.317857639509705,0.283523515744822,species x GSA x year (stratum cell too small),TRUE
Scyliorhinus canicula,9,1997,3,ITA_9_FRP_1997_125_6_21,0.480427334527698,0.369544667693501,species x GSA x stratum x year,TRUE
Scyliorhinus canicula,9,1998,4,ITA_9_FRP_1998_113_5_29,0.324641998648916,0.198886694117426,species x GSA x stratum x year,TRUE
Scyliorhinus canicula,9,2002,3,ITA_9_FRP_2002_104_7_23,0.120561941251596,0.0884042616491022,species x GSA x year (stratum cell too small),TRUE
Scyliorhinus canicula,9,2003,3,ITA_9_CIR_2003_125_7_3,0.953074097178901,0.264127344546876,species x GSA x year (stratum cell too small),TRUE
Scyliorhinus canicula,9,2004,4,ITA_9_LIB_2004_115_6_7,0.119736961842225,0.0751749430645621,species x GSA x stratum x year,TRUE
Scyliorhinus canicula,9,2006,4,ITA_9_LIB_2006_107_6_11,0.193318120648294,0.0893455524726647,species x GSA x stratum x year,TRUE
Scyliorhinus canicula,9,2014,4,ITA_9_LIB_2014_98_9_8,0.526016738249605,0.420908493714911,species x GSA x stratum x year,TRUE
Scyliorhinus canicula,9,2015,4,ITA_9_LIB_2015_98_7_9,0.538440829198877,0.516194435637173,species x GSA x stratum x year,TRUE
Scyliorhinus canicula,9,2016,4,ITA_9_SAN_2016_94_6_7,0.619774045830801,0.585038321405147,species x GSA x stratum x year,TRUE
Scyliorhinus canicula,9,2017,4,ITA_9_SAN_2017_98_10_7,0.347995969510681,0.288534107788586,species x GSA x stratum x year,TRUE
Scyliorhinus canicula,9,2019,4,ITA_9_SAN_2019_107_6_2,0.495323176259868,0.481619720475278,species x GSA x stratum x year,TRUE
Scyliorhinus canicula,9,2021,2,ITA_9_SAN_2021_89_8_24,0.503001498253318,0.346904897372959,species x GSA x year (stratum cell too small),TRUE
Scyliorhinus canicula,11,1995,3,ITA_11_NUS_1995_32_6_27,1.05217729365733,0.814157898883164,species x GSA x stratum x year,TRUE
Scyliorhinus canicula,11,2003,3,ITA_11_NUS_2003_59_6_30,2.36679478340146,1.98995058766711,species x GSA x stratum x year,TRUE
Scyliorhinus canicula,11,2006,2,ITA_11_GIS_2006_29_6_20,1.30470467595973,0.854105393149746,species x GSA x stratum x year,TRUE
Scyliorhinus canicula,11,2013,4,ITA_11_GIS_2013_49_7_12,1.86723030072033,0.877521487428551,species x GSA x stratum x year,TRUE
Scyliorhinus canicula,11,2019,2,ITA_11_GIS_2019_66_6_19,1.32304979430833,1.11440124447299,species x GSA x stratum x year,TRUE
Scyliorhinus canicula,11,2023,1,ITA_11_GIS_2023_44_8_3,0.773272558943154,0.708888955861558,species x GSA x year (stratum cell too small),TRUE
Sepia elegans,1,2000,2,ESP_1_COR_2000_15_5_26,0.0521139477527375,0.0471683751411656,species x GSA x year (stratum cell too small),TRUE
Sepia elegans,1,2002,2,ESP_1_COR_2002_8_5_13,0.0475504491526416,0.0471582244684017,species x GSA x year (stratum cell too small),TRUE
Sepia elegans,1,2003,3,ESP_1_COR_2003_136_5_25,0.016361579069795,0.0151680024596979,species x GSA x year (stratum cell too small),TRUE
Sepia elegans,1,2015,2,ESP_1_MOL_2015_15_4_26,0.0360074038364252,0.0203669776298155,species x GSA x year (stratum cell too small),TRUE
Sepia elegans,5,2012,2,ESP_5_COR_2012_143_6_2,0.00966386554621849,0.00881266826513347,species x GSA x stratum x year,TRUE
Sepia elegans,5,2016,2,ESP_5_MOL_2016_206_6_15,0.0363411316844294,0.030742165006825,species x GSA x stratum x year,TRUE
Sepia elegans,5,2018,3,ESP_5_MOL_2018_207_6_20,0.0212620353009122,0.0148993180165422,species x GSA x year (stratum cell too small),TRUE
Sepia elegans,5,2019,2,ESP_5_MOL_2019_191_6_16,0.113850186333585,0.0275220994657366,species x GSA x stratum x year,TRUE
Sepia elegans,5,2020,2,ESP_5_MOL_2020_57_6_12,0.0310150440004635,0.0147508097622259,species x GSA x stratum x year,TRUE
Sepia elegans,5,2021,2,ESP_5_MOL_2021_265_8_24,0.0223203554774152,0.00846039352712849,species x GSA x stratum x year,TRUE
Sepia elegans,6,1994,1,ESP_6_COR_1994_46_6_11,0.0168651331442029,0.0129036748237777,species x GSA x year (stratum cell too small),TRUE
Sepia elegans,6,2002,2,ESP_6_COR_2002_51_5_24,0.0107980492223308,0.00677405307929501,species x GSA x stratum x year,TRUE
Sepia elegans,6,2006,1,ESP_6_COR_2006_105_6_3,0.0156084077289633,0.0150198283598143,species x GSA x year (stratum cell too small),TRUE
Sepia elegans,6,2009,2,ESP_6_COR_2009_40_4_19,0.0997605746209098,0.0118644034734593,species x GSA x year (stratum cell too small),TRUE
Sepia elegans,6,2011,2,ESP_6_COR_2011_36_5_16,0.00964628712055977,0.00675392404023246,species x GSA x stratum x year,TRUE
Sepia elegans,6,2012,3,ESP_6_COR_2012_126_5_27,0.0162756841279129,0.0162221143664544,species x GSA x year (stratum cell too small),TRUE
Sepia elegans,6,2015,3,ESP_6_MOL_2015_147_5_29,0.0121642714893159,0.0119718210400605,species x GSA x stratum x year,TRUE
Sepia elegans,6,2019,2,ESP_6_MOL_2019_74_5_17,0.0126672633533297,0.0120624394878094,species x GSA x stratum x year,TRUE
Sepia elegans,6,2020,3,ESP_6_MOL_2020_6_5_31,0.0126236061434883,0.00794852124256969,species x GSA x year (stratum cell too small),TRUE
Sepia elegans,7,1995,1,FRA_7_LEU_1995_64_7_9,0.0344320280464519,0.0319782963318432,species x GSA x year (stratum cell too small),TRUE
Sepia elegans,7,1997,1,FRA_7_LEU_1997_14_6_8,0.00929791447778263,0.00880369602506068,species x GSA x year (stratum cell too small),TRUE
Sepia elegans,7,2006,3,FRA_7_LEU_2006_26_6_14,0.031484887254118,0.0168620004287289,species x GSA x year (stratum cell too small),TRUE
Sepia elegans,7,2008,2,FRA_7_LEU_2008_64_6_9,0.0209017349337065,0.0133722869169505,species x GSA x stratum x year,TRUE
Sepia elegans,7,2013,1,FRA_7_LEU_2013_59_6_14,0.0326309152319104,0.0253378096221872,species x GSA x stratum x year,TRUE
Sepia elegans,7,2014,2,FRA_7_LEU_2014_65_6_18,0.015636249100072,0.0125391526396119,species x GSA x stratum x year,TRUE
Sepia elegans,7,2015,3,FRA_7_LEU_2015_25_6_1,0.0422264795388785,0.024969280718033,species x GSA x year (stratum cell too small),TRUE
Sepia elegans,7,2021,1,FRA_7_LEU_2021_51_6_7,0.0124576022779616,0.00912045418087957,species x GSA x year (stratum cell too small),TRUE
Sepia elegans,8,2015,2,FRA_8_LEU_2015_9_5_26,0.0744996212676157,0.00648056481820865,species x GSA x year (stratum cell too small),TRUE
Sepia elegans,9,1997,2,ITA_9_FRP_1997_19_7_21,0.0231508276420882,0.0156179250055102,species x GSA x stratum x year,TRUE
Sepia elegans,9,2001,2,ITA_9_FRP_2001_60_5_19,0.0103526313283047,0.00953648653698759,species x GSA x stratum x year,TRUE
Sepia elegans,9,2002,3,ITA_9_FRP_2002_36_8_3,0.0107970139778143,0.00970726283230986,species x GSA x stratum x year,TRUE
Sepia elegans,9,2004,2,ITA_9_LIB_2004_60_6_19,0.00853560949586556,0.00687550827411931,species x GSA x stratum x year,TRUE
Sepia elegans,9,2007,3,ITA_9_LIB_2007_44_9_9,0.00661261952309788,0.00532458367505508,species x GSA x stratum x year,TRUE
Sepia elegans,9,2008,2,ITA_9_LIB_2008_60_5_16,0.0106806569031222,0.0103001892791437,species x GSA x year (stratum cell too small),TRUE
Sepia elegans,9,2009,2,ITA_9_LIB_2009_60_6_15,0.0106806569031222,0.00683889931708396,species x GSA x stratum x year,TRUE
Sepia elegans,9,2012,2,ITA_9_LIB_2012_118_6_24,0.027033339677157,0.0267679240691077,species x GSA x stratum x year,TRUE
Sepia elegans,9,2015,2,ITA_9_LIB_2015_61_7_17,0.0169797736935762,0.0154546912297264,species x GSA x stratum x year,TRUE
Sepia elegans,9,2018,2,ITA_9_SAN_2018_60_6_18,0.0690326264760556,0.0352230523058206,species x GSA x stratum x year,TRUE
Sepia elegans,10,1995,3,ITA_10_SAN_1995_67_6_25,0.0155009920634921,0.0097218471272484,species x GSA x year (stratum cell too small),TRUE
Sepia elegans,10,1999,2,ITA_10_SAN_1999_88_5_12,0.018887377898657,0.016731871308239,species x GSA x year (stratum cell too small),TRUE
Sepia elegans,10,2001,3,ITA_10_SAN_2001_65_5_16,0.0164558263910316,0.0116798305554779,species x GSA x stratum x year,TRUE
Sepia elegans,10,2002,2,ITA_10_GAB_2002_20_8_2,0.0218264361795006,0.0153170649804898,species x GSA x year (stratum cell too small),TRUE
Sepia elegans,10,2003,3,ITA_10_DAP_2003_54_7_29,0.0113079958838895,0.00992113506464151,species x GSA x stratum x year,TRUE
Sepia elegans,10,2018,2,ITA_10_SAN_2018_17_7_9,0.00907692964845586,0.00719995146707823,species x GSA x year (stratum cell too small),TRUE
Sepia elegans,11,1995,2,ITA_11_NUS_1995_62_7_11,0.022530184815106,0.0127020771926237,species x GSA x stratum x year,TRUE
Sepia elegans,11,1996,2,ITA_11_NUS_1996_47_7_11,0.0203256852296633,0.0159570784412663,species x GSA x stratum x year,TRUE
Sepia elegans,11,1997,3,ITA_11_NUS_1997_78_7_18,0.0390222756988444,0.0325442125250775,species x GSA x stratum x year,TRUE
Sepia elegans,11,2000,2,ITA_11_NUS_2000_79_7_3,0.0828154606527183,0.0385468005690516,species x GSA x stratum x year,TRUE
Sepia elegans,11,2002,3,ITA_11_NUS_2002_76_8_6,0.0451941245830277,0.0441707460242892,species x GSA x stratum x year,TRUE
Sepia elegans,11,2005,2,ITA_11_GIS_2005_7_6_22,0.0362729292528116,0.0358600317440926,species x GSA x stratum x year,TRUE
Sepia elegans,11,2007,2,ITA_11_GIS_2007_15_8_1,0.0288188582467315,0.0240505604463353,species x GSA x year (stratum cell too small),TRUE
Sepia elegans,11,2009,3,ITA_11_GIS_2009_78_7_6,0.00954080851864446,0.00914423886351445,species x GSA x stratum x year,TRUE
Sepia elegans,11,2010,3,ITA_11_GIS_2010_81_6_17,0.0215501596980255,0.00732180405280913,species x GSA x year (stratum cell too small),TRUE
Sepia elegans,11,2011,2,ITA_11_GIS_2011_25_6_9,0.0151155032941373,0.0103658708803227,species x GSA x year (stratum cell too small),TRUE
Sepia elegans,11,2012,1,ITA_11_GIS_2012_5_6_5,0.0751450299077219,0.0343459108106445,species x GSA x year (stratum cell too small),TRUE
Sepia officinalis,11,1995,1,ITA_11_NUS_1995_91_7_20,0.235932523298337,0.209327620011779,species x GSA x year (stratum cell too small),TRUE
Sepia officinalis,11,2005,1,ITA_11_GIS_2005_96_7_27,0.604617273537881,0.594122493743339,species x GSA x stratum x year,TRUE
Sepia officinalis,11,2007,1,ITA_11_GIS_2007_61_8_20,0.83974619510999,0.414581202986146,species x GSA x stratum x year,TRUE
Sepia officinalis,11,2008,2,ITA_11_GIS_2008_5_6_23,0.585827062445181,0.352600060209031,species x GSA x year (stratum cell too small),TRUE
Sepia orbignyana,1,2006,3,ESP_1_COR_2006_45_5_15,0.154916769672252,0.117070210418629,species x GSA x year (stratum cell too small),TRUE
Sepia orbignyana,1,2012,3,ESP_1_COR_2012_18_4_30,0.124163367479184,0.0524773382365947,species x GSA x year (stratum cell too small),TRUE
Sepia orbignyana,1,2013,3,ESP_1_COR_2013_6_5_9,0.087727836857859,0.0689793910951524,species x GSA x year (stratum cell too small),TRUE
Sepia orbignyana,1,2015,4,ESP_1_MOL_2015_61_5_7,0.102578926672159,0.0770220815589099,species x GSA x year (stratum cell too small),TRUE
Sepia orbignyana,1,2018,3,ESP_1_MOL_2018_49_5_8,0.314429552899342,0.174557573104742,species x GSA x year (stratum cell too small),TRUE
Sepia orbignyana,5,2011,3,ESP_5_COR_2011_152_6_16,0.0869645034197408,0.0578488739009432,species x GSA x stratum x year,TRUE
Sepia orbignyana,5,2013,3,ESP_5_COR_2013_185_6_24,0.125571349640866,0.121744670235027,species x GSA x stratum x year,TRUE
Sepia orbignyana,6,1995,3,ESP_6_COR_1995_67_5_10,0.0306954017247694,0.0263724079237702,species x GSA x year (stratum cell too small),TRUE
Sepia orbignyana,6,1997,3,ESP_6_COR_1997_58_5_25,0.094246688133151,0.0549961786311107,species x GSA x year (stratum cell too small),TRUE
Sepia orbignyana,6,1998,3,ESP_6_COR_1998_77_5_28,0.125985350811055,0.0267888931222257,species x GSA x year (stratum cell too small),TRUE
Sepia orbignyana,6,2000,3,ESP_6_COR_2000_60_6_7,0.104748603351955,0.0665914425349384,species x GSA x stratum x year,TRUE
Sepia orbignyana,6,2009,2,ESP_6_COR_2009_85_4_29,0.0572681458210616,0.0357726457361961,species x GSA x year (stratum cell too small),TRUE
Sepia orbignyana,6,2010,2,ESP_6_COR_2010_28_5_25,0.118490520758339,0.0535014187512739,species x GSA x year (stratum cell too small),TRUE
Sepia orbignyana,6,2013,3,ESP_6_COR_2013_49_5_22,0.144080366254605,0.0779322986340503,species x GSA x stratum x year,TRUE
Sepia orbignyana,6,2015,3,ESP_6_MOL_2015_142_5_28,0.174674777398831,0.116449403011647,species x GSA x stratum x year,TRUE
Sepia orbignyana,6,2021,3,ESP_6_MOL_2021_161_6_3,0.048796059832178,0.0260699714472098,species x GSA x stratum x year,TRUE
Sepia orbignyana,7,1999,2,FRA_7_LEU_1999_77_6_1,0.246049752255544,0.19798245684238,species x GSA x stratum x year,TRUE
Sepia orbignyana,7,2004,3,FRA_7_LEU_2004_30_6_9,0.0718511403824819,0.0686177790233457,species x GSA x stratum x year,TRUE
Sepia orbignyana,7,2007,3,FRA_7_LEU_2007_25_6_15,0.069554546008903,0.0622492388074671,species x GSA x stratum x year,TRUE
Sepia orbignyana,7,2012,3,FRA_7_LEU_2012_30_6_6,0.129989977871935,0.117760552501184,species x GSA x stratum x year,TRUE
Sepia orbignyana,8,2006,3,FRA_8_LEU_2006_7_6_6,0.292048789816331,0.205274599812481,species x GSA x year (stratum cell too small),TRUE
Sepia orbignyana,9,1994,2,ITA_9_FRP_1994_150_6_17,0.0677662702979159,0.0504834301028795,species x GSA x year (stratum cell too small),TRUE
Sepia orbignyana,9,1998,3,ITA_9_FRP_1998_150_6_4,0.0739801310505179,0.036704753817461,species x GSA x year (stratum cell too small),TRUE
Sepia orbignyana,9,2000,2,ITA_9_FRP_2000_150_6_13,0.0450780114763314,0.0250037818081668,species x GSA x year (stratum cell too small),TRUE
Sepia orbignyana,9,2002,3,ITA_9_FRP_2002_75_7_17,0.0617093489663684,0.0229376094820891,species x GSA x stratum x year,TRUE
Sepia orbignyana,9,2005,4,ITA_9_LIB_2005_107_7_3,0.0652577287165456,0.045203448271314,species x GSA x year (stratum cell too small),TRUE
Sepia orbignyana,9,2006,4,ITA_9_LIB_2006_107_6_11,0.0716166403370195,0.0445959082177334,species x GSA x year (stratum cell too small),TRUE
Sepia orbignyana,9,2007,3,ITA_9_LIB_2007_95_9_24,0.0854408749145591,0.0725298316021093,species x GSA x stratum x year,TRUE
Sepia orbignyana,9,2010,4,ITA_9_LIB_2010_107_5_21,0.0360087098714701,0.032242867293735,species x GSA x year (stratum cell too small),TRUE
Sepia orbignyana,9,2011,4,ITA_9_LIB_2011_107_6_11,0.130238679516883,0.0470749463775187,species x GSA x year (stratum cell too small),TRUE
Sepia orbignyana,9,2012,3,ITA_9_LIB_2012_91_6_25,0.0646339632712291,0.0450066618040372,species x GSA x stratum x year,TRUE
Sepia orbignyana,9,2015,3,ITA_9_LIB_2015_102_7_13,0.0452380952380952,0.0429389674387988,species x GSA x stratum x year,TRUE
Sepia orbignyana,9,2017,4,ITA_9_SAN_2017_24_10_14,0.0550133260186933,0.0231097384049569,species x GSA x year (stratum cell too small),TRUE
Sepia orbignyana,9,2019,3,ITA_9_SAN_2019_91_6_2,0.0496755879967559,0.0428226283454131,species x GSA x stratum x year,TRUE
Sepia orbignyana,10,1995,3,ITA_10_SAN_1995_141_7_2,0.0431103236291995,0.0346300310707453,species x GSA x year (stratum cell too small),TRUE
Sepia orbignyana,10,1997,4,ITA_10_SAN_1997_115_7_6,0.0373378953452737,0.0306380580883452,species x GSA x stratum x year,TRUE
Sepia orbignyana,10,2002,4,ITA_10_GAB_2002_61_7_22,0.0585951805464001,0.0277050911715343,species x GSA x year (stratum cell too small),TRUE
Sepia orbignyana,10,2007,4,ITA_10_PEC_2007_35_8_7,0.0670862431991321,0.0572024084771996,species x GSA x year (stratum cell too small),TRUE
Sepia orbignyana,10,2008,4,ITA_10_PEC_2008_35_7_27,0.102784610586715,0.069268241359258,species x GSA x year (stratum cell too small),TRUE
Sepia orbignyana,10,2009,3,ITA_10_PEC_2009_56_7_16,0.10517413832331,0.0404522127580029,species x GSA x stratum x year,TRUE
Sepia orbignyana,10,2011,4,ITA_10_PEC_2011_35_6_18,0.0988924050632911,0.0976561453030186,species x GSA x year (stratum cell too small),TRUE
Sepia orbignyana,10,2013,3,ITA_10_PEC_2013_56_6_27,0.145564839146096,0.0527847505696773,species x GSA x year (stratum cell too small),TRUE
Sepia orbignyana,10,2016,3,ITA_10_PEC_2016_9_9_1,0.0143605532833969,0.0135401282571991,species x GSA x year (stratum cell too small),TRUE
Sepia orbignyana,10,2018,3,ITA_10_SAN_2018_34_7_12,0.136972445358531,0.0417040194463794,species x GSA x year (stratum cell too small),TRUE
Sepia orbignyana,11,1994,3,ITA_11_NUS_1994_22_6_17,0.231294411418172,0.0926628407451777,species x GSA x stratum x year,TRUE
Sepia orbignyana,11,1995,3,ITA_11_NUS_1995_97_7_25,0.570776255707763,0.241045355449969,species x GSA x stratum x year,TRUE
Sepia orbignyana,11,1997,3,ITA_11_NUS_1997_82_7_21,0.0716123081506265,0.070592356997377,species x GSA x stratum x year,TRUE
Sepia orbignyana,11,1998,4,ITA_11_NUS_1998_70_6_18,0.0870073643033147,0.0853014048752769,species x GSA x year (stratum cell too small),TRUE
Sepia orbignyana,11,1999,4,ITA_11_NUS_1999_117_6_29,0.0850166632660001,0.0732910320742924,species x GSA x stratum x year,TRUE
Sepia orbignyana,11,2000,4,ITA_11_NUS_2000_24_6_6,0.132994286565449,0.0696992980088829,species x GSA x stratum x year,TRUE
Sepia orbignyana,11,2001,4,ITA_11_NUS_2001_27_6_12,0.249579440423587,0.169800991368026,species x GSA x stratum x year,TRUE
Sepia orbignyana,11,2003,3,ITA_11_NUS_2003_6_6_17,0.203373560623625,0.182021586083436,species x GSA x stratum x year,TRUE
Sepia orbignyana,11,2004,3,ITA_11_GIS_2004_33_7_6,0.0620126795589539,0.058422209069932,species x GSA x stratum x year,TRUE
Sepia orbignyana,11,2005,4,ITA_11_GIS_2005_44_7_12,0.0535090802575355,0.053116426984128,species x GSA x stratum x year,TRUE
Sepia orbignyana,11,2006,2,ITA_11_GIS_2006_17_6_17,0.150588641440487,0.102382448895507,species x GSA x year (stratum cell too small),TRUE
Sepia orbignyana,11,2009,3,ITA_11_GIS_2009_31_6_16,0.0966737360231261,0.0604199596099741,species x GSA x stratum x year,TRUE
Sepia orbignyana,11,2010,3,ITA_11_GIS_2010_42_6_3,0.179145975306519,0.141086124222076,species x GSA x stratum x year,TRUE
Sepia orbignyana,11,2011,3,ITA_11_GIS_2011_29_6_10,0.134058526122261,0.104776598350576,species x GSA x stratum x year,TRUE
Sepia orbignyana,11,2012,3,ITA_11_GIS_2012_25_6_14,0.323109234000323,0.125240622805633,species x GSA x stratum x year,TRUE
Sepia orbignyana,11,2015,3,ITA_11_GIS_2015_94_7_16,0.03800423572856,0.0230501902823613,species x GSA x stratum x year,TRUE
Sepia orbignyana,11,2023,3,ITA_11_GIS_2023_47_8_3,0.0444121447028424,0.0204540268123858,species x GSA x year (stratum cell too small),TRUE
Sepietta oweniana,1,2000,4,ESP_1_COR_2000_35_5_31,0.029708853238265,0.0230009837252443,species x GSA x year (stratum cell too small),TRUE
Sepietta oweniana,1,2002,4,ESP_1_COR_2002_36_5_20,0.042874981912117,0.0389789058373107,species x GSA x year (stratum cell too small),TRUE
Sepietta oweniana,1,2004,4,ESP_1_COR_2004_23_5_11,0.0254480432031204,0.0231097178641627,species x GSA x year (stratum cell too small),TRUE
Sepietta oweniana,1,2007,4,ESP_1_COR_2007_34_5_26,0.0100208433541767,0.00681138421748091,species x GSA x year (stratum cell too small),TRUE
Sepietta oweniana,1,2014,3,ESP_1_MOL_2014_1_4_26,0.0291258235577696,0.0076799675261894,species x GSA x year (stratum cell too small),TRUE
Sepietta oweniana,1,2021,3,ESP_1_MOL_2021_27_5_2,0.00744160962891757,0.00638937198789358,species x GSA x year (stratum cell too small),TRUE
Sepietta oweniana,5,2013,4,ESP_5_COR_2013_179_6_23,0.32234978204423,0.21685022052393,species x GSA x year (stratum cell too small),TRUE
Sepietta oweniana,5,2019,4,ESP_5_MOL_2019_210_6_20,0.040180006428801,0.0243319785154679,species x GSA x year (stratum cell too small),TRUE
Sepietta oweniana,6,1997,4,ESP_6_COR_1997_75_5_28,0.133333333333333,0.0316888622437632,species x GSA x year (stratum cell too small),TRUE
Sepietta oweniana,6,2000,4,ESP_6_COR_2000_86_6_17,0.0190098430774011,0.0127388347697278,species x GSA x year (stratum cell too small),TRUE
Sepietta oweniana,6,2006,4,ESP_6_COR_2006_125_6_9,0.109706583864316,0.0268814967506673,species x GSA x stratum x year,TRUE
Sepietta oweniana,6,2009,3,ESP_6_COR_2009_105_5_4,0.0156056879611481,0.0129575714041107,species x GSA x stratum x year,TRUE
Sepietta oweniana,6,2010,4,ESP_6_COR_2010_76_6_10,0.0720484529912306,0.0431019990915829,species x GSA x year (stratum cell too small),TRUE
Sepietta oweniana,6,2014,2,ESP_6_MOL_2014_147_5_30,0.00479961603071754,0.00138015870818794,species x GSA x stratum x year,TRUE
Sepietta oweniana,6,2018,3,ESP_6_MOL_2018_95_5_22,0.0417794349684104,0.0189289319096873,species x GSA x stratum x year,TRUE
Sepietta oweniana,6,2021,3,ESP_6_MOL_2021_99_5_21,0.0140848508977684,0.0132358287661798,species x GSA x stratum x year,TRUE
Sepietta oweniana,7,2014,2,FRA_7_LEU_2014_65_6_18,0.0365595752339813,0.0209404872098059,species x GSA x stratum x year,TRUE
Sepietta oweniana,7,2015,4,FRA_7_LEU_2015_61_6_14,0.0507690590734622,0.0190657386369815,species x GSA x year (stratum cell too small),TRUE
Sepietta oweniana,8,2017,4,FRA_8_LEU_2017_4_5_29,0.0287995930654902,0.0200282262968279,species x GSA x stratum x year,TRUE
Sepietta oweniana,8,2018,4,FRA_8_LEU_2018_5_5_25,0.0382167592188182,0.032511782399649,species x GSA x year (stratum cell too small),TRUE
Sepietta oweniana,9,1994,4,ITA_9_FRP_1994_111_6_8,0.0338227056050565,0.032961680346707,species x GSA x stratum x year,TRUE
Sepietta oweniana,9,2007,3,ITA_9_LIB_2007_84_9_16,0.010398177407464,0.00939437952705398,species x GSA x stratum x year,TRUE
Sepietta oweniana,9,2016,2,ITA_9_SAN_2016_31_6_12,0.847529451648445,0.0288414914212114,species x GSA x year (stratum cell too small),TRUE
Sepietta oweniana,9,2018,3,ITA_9_SAN_2018_50_6_19,0.00932878287742949,0.00608604107875699,species x GSA x stratum x year,TRUE
Sepietta oweniana,9,2023,4,ITA_9_SAN_2023_69_10_11,0.0506405720871659,0.0487550966827147,species x GSA x stratum x year,TRUE
Sepietta oweniana,10,1998,4,ITA_10_SAN_1998_113_6_3,0.0106467898056185,0.0103406005857419,species x GSA x year (stratum cell too small),TRUE
Sepietta oweniana,10,2000,4,ITA_10_SAN_2000_106_6_27,0.0150380247196483,0.0120208019760499,species x GSA x stratum x year,TRUE
Sepietta oweniana,10,2002,4,ITA_10_GAB_2002_63_7_20,0.014593427120425,0.0143414723036507,species x GSA x year (stratum cell too small),TRUE
Sepietta oweniana,10,2009,4,ITA_10_PEC_2009_22_7_10,0.0346277727523113,0.0220692322869261,species x GSA x stratum x year,TRUE
Sepietta oweniana,10,2016,4,ITA_10_PEC_2016_14_9_5,0.0298539018560318,0.0221759695645407,species x GSA x stratum x year,TRUE
Sepietta oweniana,10,2017,4,ITA_10_SAN_2017_14_10_22,0.0166775829027485,0.0141539804786653,species x GSA x stratum x year,TRUE
Sepietta oweniana,11,1999,4,ITA_11_NUS_1999_82_6_14,0.274719236939848,0.181488176129484,species x GSA x stratum x year,TRUE
Sepietta oweniana,11,2004,4,ITA_11_GIS_2004_72_7_20,0.174816968763467,0.112188842840267,species x GSA x year (stratum cell too small),TRUE
Sepietta oweniana,11,2005,4,ITA_11_GIS_2005_94_7_27,0.35014761639928,0.233152601235459,species x GSA x stratum x year,TRUE
Sepietta oweniana,11,2006,4,ITA_11_GIS_2006_39_6_22,0.0306014691838799,0.0211484767315298,species x GSA x year (stratum cell too small),TRUE
Sepietta oweniana,11,2007,4,ITA_11_GIS_2007_84_8_27,0.107198094155374,0.0950438833283573,species x GSA x stratum x year,TRUE
Sepietta oweniana,11,2011,4,ITA_11_GIS_2011_70_6_27,0.0644734289594103,0.0459558545397641,species x GSA x stratum x year,TRUE
Sepietta oweniana,11,2016,4,ITA_11_GIS_2016_57_6_22,0.032278450906175,0.0319483871257726,species x GSA x stratum x year,TRUE
Sepietta oweniana,11,2019,4,ITA_11_GIS_2019_35_6_11,0.0156564716237031,0.00906157583075333,species x GSA x stratum x year,TRUE
Sepietta oweniana,11,2021,4,ITA_11_GIS_2021_62_9_3,0.0356823746475278,0.0197571583161407,species x GSA x stratum x year,TRUE
Sepietta spp.,6,1995,4,ESP_6_COR_1995_57_5_8,0.0330988829127017,0.022031873421457,species x GSA x year (stratum cell too small),TRUE
Sepietta spp.,11,2008,4,ITA_11_GIS_2008_17_6_26,0.0173234386060826,0.013546207280834,species x GSA x year (stratum cell too small),TRUE
Sepiola rondeletii,10,2001,3,ITA_10_SAN_2001_70_5_14,0.00822791319551579,0.00588316188773237,species x GSA x year (stratum cell too small),TRUE
Sepiola spp.,1,1994,2,ESP_1_COR_1994_2_5_28,0.0354891276869645,0.0280637688498364,species x GSA x year (stratum cell too small),TRUE
Sepiola spp.,6,1995,3,ESP_6_COR_1995_39_5_2,0.00851999030031874,0.00448463569450254,species x GSA x year (stratum cell too small),TRUE
Sepiola spp.,7,1994,4,FRA_7_LEU_1994_28_5_25,0.0303946675209337,0.0260914995279649,species x GSA x year (stratum cell too small),TRUE
Sepiola spp.,7,1999,5,FRA_7_LEU_1999_76_6_1,0.053265590865079,0.0292175945449638,species x GSA x year (stratum cell too small),TRUE
Sepiola spp.,7,2007,4,FRA_7_LEU_2007_84_7_3,0.016341954622283,0.0158913720909418,species x GSA x year (stratum cell too small),TRUE
Sepiola spp.,7,2008,4,FRA_7_LEU_2008_42_6_2,0.0238242538589527,0.020098467389909,species x GSA x year (stratum cell too small),TRUE
Sepiola spp.,7,2022,2,FRA_7_LEU_2022_62_6_4,0.0200176080811825,0.0170918688345386,species x GSA x stratum x year,TRUE
Sepiola spp.,8,2001,4,FRA_8_LEU_2001_14_6_6,0.0490014978979828,0.0226570632907007,species x GSA x year (stratum cell too small),TRUE
Sepiola spp.,8,2003,4,FRA_8_LEU_2003_10_6_5,0.0300831219801174,0.019879733417045,species x GSA x year (stratum cell too small),TRUE
Sepiola spp.,8,2004,4,FRA_8_LEU_2004_3_6_1,0.0342595092312811,0.0325576602947374,species x GSA x year (stratum cell too small),TRUE
Sepiola spp.,8,2009,4,FRA_8_LEU_2009_4_5_22,0.0193767156466979,0.0135946439755553,species x GSA x year (stratum cell too small),TRUE
Sepiola spp.,8,2022,4,FRA_8_LEU_2022_30_5_23,0.0455546238678769,0.0377472951697778,species x GSA x year (stratum cell too small),TRUE
Sepiola spp.,9,2011,4,ITA_9_LIB_2011_77_6_5,0.0178957465389626,0.00628734477018277,species x GSA x year (stratum cell too small),TRUE
Sepiola spp.,10,1995,3,ITA_10_SAN_1995_100_7_10,0.0375281192836633,0.0338445621072228,species x GSA x year (stratum cell too small),TRUE
Sepiola spp.,11,1999,4,ITA_11_NUS_1999_85_6_15,0.0962762607659513,0.0767501275444867,species x GSA x year (stratum cell too small),TRUE
Sepiola spp.,11,2004,4,ITA_11_GIS_2004_58_7_16,0.0721820132566279,0.0479564360251337,species x GSA x stratum x year,TRUE
Sepiola spp.,11,2005,4,ITA_11_GIS_2005_88_7_25,0.240668219462383,0.0964457516780372,species x GSA x year (stratum cell too small),TRUE
Sepiola spp.,11,2010,4,ITA_11_GIS_2010_77_6_16,0.0781948168007149,0.0520228664156871,species x GSA x stratum x year,TRUE
Sergia robusta,1,1995,5,ESP_1_COR_1995_6_4_23,0.00667891579824064,0.0034114119718958,species x GSA x year (stratum cell too small),TRUE
Sergia robusta,1,1997,5,ESP_1_COR_1997_29_5_18,0.0582136759436273,0.0128343479693973,species x GSA x year (stratum cell too small),TRUE
Sergia robusta,1,2003,5,ESP_1_COR_2003_30_5_2,0.0118613601098146,0.00625040575916145,species x GSA x stratum x year,TRUE
Sergia robusta,1,2004,5,ESP_1_COR_2004_28_5_12,0.0206847246320931,0.0117403770243873,species x GSA x stratum x year,TRUE
Sergia robusta,1,2007,5,ESP_1_COR_2007_36_5_27,0.0652845885330754,0.0131732330913785,species x GSA x year (stratum cell too small),TRUE
Sergia robusta,1,2016,5,ESP_1_MOL_2016_50_5_5,0.00912556966368625,0.00508660294865404,species x GSA x stratum x year,TRUE
Sergia robusta,1,2019,5,ESP_1_MOL_2019_39_5_7,0.00938715930478698,0.00755133473219097,species x GSA x stratum x year,TRUE
Sergia robusta,5,2020,5,ESP_5_MOL_2020_63_6_13,0.0359233959038003,0.0105117483552516,species x GSA x stratum x year,TRUE
Sergia robusta,5,2021,5,ESP_5_MOL_2021_249_8_20,0.00837551423393744,0.00397976874482384,species x GSA x stratum x year,TRUE
Sergia robusta,6,2006,5,ESP_6_COR_2006_142_6_12,0.0130698982269053,0.00892941628766012,species x GSA x stratum x year,TRUE
Sergia robusta,6,2008,5,ESP_6_COR_2008_56_5_19,0.00915866461055836,0.0040636229502487,species x GSA x year (stratum cell too small),TRUE
Sergia robusta,9,1996,5,ITA_9_FRP_1996_3_7_22,0.0191071637939882,0.00971334341242813,species x GSA x year (stratum cell too small),TRUE
Sergia robusta,9,1998,5,ITA_9_FRP_1998_72_6_25,0.0089423097362642,0.00543765291398491,species x GSA x stratum x year,TRUE
Sergia robusta,9,2008,5,ITA_9_LIB_2008_78_5_21,0.0229678030446579,0.00383766633154152,species x GSA x stratum x year,TRUE
Serpulidae,7,2012,1,FRA_7_LEU_2012_39_6_8,6.12352273754179,0.587803645035853,species x GSA x year (stratum cell too small),TRUE
Serpulidae,7,2015,1,FRA_7_LEU_2015_54_6_12,15.4838617970927,0.981704531291239,species x GSA x stratum x year,TRUE
Serranus cabrilla,1,2009,2,ESP_1_COR_2009_10_4_10,0.788633381214508,0.286781395579364,species x GSA x year (stratum cell too small),TRUE
Serranus cabrilla,1,2013,2,ESP_1_COR_2013_12_5_10,1.19432258564634,0.768782452565418,species x GSA x year (stratum cell too small),TRUE
Serranus cabrilla,1,2015,2,ESP_1_MOL_2015_45_5_3,1.5075764173329,0.548455138284613,species x GSA x year (stratum cell too small),TRUE
Serranus cabrilla,1,2017,2,ESP_1_MOL_2017_53_5_6,0.807030451900627,0.257862764361104,species x GSA x year (stratum cell too small),TRUE
Serranus cabrilla,5,2012,3,ESP_5_COR_2012_158_6_6,0.364304086102298,0.263322653186383,species x GSA x stratum x year,TRUE
Serranus cabrilla,5,2013,2,ESP_5_COR_2013_167_6_20,1.64799494242217,1.32756012439973,species x GSA x stratum x year,TRUE
Serranus cabrilla,5,2019,3,ESP_5_MOL_2019_203_6_19,0.219637133156322,0.152101324358453,species x GSA x stratum x year,TRUE
Serranus cabrilla,5,2021,2,ESP_5_MOL_2021_212_6_17,3.33950661620318,3.04773799734222,species x GSA x stratum x year,TRUE
Serranus cabrilla,6,1994,3,ESP_6_COR_1994_57_6_14,0.0907304779007662,0.0443804033359693,species x GSA x year (stratum cell too small),TRUE
Serranus cabrilla,6,1998,2,ESP_6_COR_1998_69_5_26,0.402145682197576,0.202413124258902,species x GSA x stratum x year,TRUE
Serranus cabrilla,6,2002,2,ESP_6_COR_2002_55_5_24,0.376057668811528,0.271893679285517,species x GSA x stratum x year,TRUE
Serranus cabrilla,6,2008,2,ESP_6_COR_2008_110_5_31,0.105777571967925,0.0392362066223563,species x GSA x year (stratum cell too small),TRUE
Serranus cabrilla,6,2010,2,ESP_6_COR_2010_48_6_3,0.41286128928217,0.176249978358541,species x GSA x year (stratum cell too small),TRUE
Serranus cabrilla,6,2012,2,ESP_6_COR_2012_93_5_19,0.577545542944871,0.464275099014319,species x GSA x stratum x year,TRUE
Serranus cabrilla,6,2013,3,ESP_6_COR_2013_49_5_22,0.621285086531434,0.313458713893013,species x GSA x year (stratum cell too small),TRUE
Serranus cabrilla,6,2020,2,ESP_6_MOL_2020_54_6_10,0.200844121533611,0.0769692857674614,species x GSA x year (stratum cell too small),TRUE
Serranus cabrilla,7,1996,2,FRA_7_LEU_1996_71_6_18,0.874169485358601,0.471119252805093,species x GSA x year (stratum cell too small),TRUE
Serranus cabrilla,7,1997,2,FRA_7_LEU_1997_58_6_17,0.260548416045401,0.0625078324402044,species x GSA x stratum x year,TRUE
Serranus cabrilla,7,1998,2,FRA_7_LEU_1998_73_6_10,0.110267350472448,0.067871896075805,species x GSA x stratum x year,TRUE
Serranus cabrilla,7,2003,2,FRA_7_LEU_2003_48_6_18,0.294027581304635,0.0716696952198494,species x GSA x stratum x year,TRUE
Serranus cabrilla,7,2004,2,FRA_7_LEU_2004_57_6_17,0.385180063139879,0.0384039290109868,species x GSA x stratum x year,TRUE
Serranus cabrilla,7,2006,2,FRA_7_LEU_2006_66_6_27,0.434162051101436,0.0474523481322304,species x GSA x stratum x year,TRUE
Serranus cabrilla,7,2007,2,FRA_7_LEU_2007_43_6_21,0.19441243694524,0.125571948002649,species x GSA x stratum x year,TRUE
Serranus cabrilla,7,2010,2,FRA_7_LEU_2010_47_6_5,0.192924378997542,0.108537307866517,species x GSA x stratum x year,TRUE
Serranus cabrilla,7,2018,2,FRA_7_LEU_2018_45_6_8,0.248636387740248,0.079935310736915,species x GSA x stratum x year,TRUE
Serranus cabrilla,7,2019,2,FRA_7_LEU_2019_40_6_6,0.442954920554698,0.0298713814517872,species x GSA x stratum x year,TRUE
Serranus cabrilla,7,2023,2,FRA_7_LEU_2023_72_6_19,0.311068415621626,0.156490199048963,species x GSA x stratum x year,TRUE
Serranus cabrilla,8,2008,2,FRA_8_LEU_2008_11_5_20,0.620456859627723,0.324106183245764,species x GSA x year (stratum cell too small),TRUE
Serranus cabrilla,9,1994,2,ITA_9_FRP_1994_130_6_18,0.463255402049553,0.180887132783512,species x GSA x year (stratum cell too small),TRUE
Serranus cabrilla,9,1996,1,ITA_9_FRP_1996_149_7_4,0.305942864092112,0.182493386285428,species x GSA x year (stratum cell too small),TRUE
Serranus cabrilla,9,2000,1,ITA_9_FRP_2000_149_6_13,0.0951446244305187,0.0463883751335114,species x GSA x year (stratum cell too small),TRUE
Serranus cabrilla,9,2005,1,ITA_9_LIB_2005_149_7_12,0.0546070784494035,0.0507125163456924,species x GSA x year (stratum cell too small),TRUE
Serranus cabrilla,9,2006,2,ITA_9_LIB_2006_127_6_13,0.0475607172923657,0.035712542307012,species x GSA x year (stratum cell too small),TRUE
Serranus cabrilla,9,2009,1,ITA_9_LIB_2009_149_6_24,0.0997901898978073,0.0865222239934028,species x GSA x year (stratum cell too small),TRUE
Serranus cabrilla,9,2010,2,ITA_9_LIB_2010_60_5_28,0.212857523445755,0.134736765881666,species x GSA x stratum x year,TRUE
Serranus cabrilla,9,2011,2,ITA_9_LIB_2011_149_6_17,0.102016169454142,0.0404112639115376,species x GSA x year (stratum cell too small),TRUE
Serranus cabrilla,9,2020,2,ITA_9_SAN_2020_149_10_17,0.0727258525803121,0.0343940029643323,species x GSA x stratum x year,TRUE
Serranus cabrilla,11,1995,3,ITA_11_NUS_1995_10_6_20,0.0731731760868548,0.0670486607731546,species x GSA x stratum x year,TRUE
Serranus cabrilla,11,1997,1,ITA_11_NUS_1997_23_6_30,0.791048351219834,0.541045441201989,species x GSA x stratum x year,TRUE
Serranus cabrilla,11,2004,2,ITA_11_GIS_2004_44_7_8,0.664373413497413,0.558038409717274,species x GSA x stratum x year,TRUE
Serranus cabrilla,11,2007,1,ITA_11_GIS_2007_38_8_6,1.002460465287,0.297504756196106,species x GSA x stratum x year,TRUE
Serranus cabrilla,11,2010,1,ITA_11_GIS_2010_1_5_17,1.38983153005964,0.698484669903995,species x GSA x stratum x year,TRUE
Serranus cabrilla,11,2012,1,ITA_11_GIS_2012_20_6_11,0.756686863195289,0.590403038553605,species x GSA x stratum x year,TRUE
Serranus cabrilla,11,2013,1,ITA_11_GIS_2013_21_7_5,0.523131577955804,0.299987940645192,species x GSA x stratum x year,TRUE
Serranus cabrilla,11,2015,3,ITA_11_GIS_2015_91_7_16,1.20037411373374,0.127556344418508,species x GSA x year (stratum cell too small),TRUE
Serranus cabrilla,11,2018,1,ITA_11_GIS_2018_39_7_24,0.103229650330068,0.0931303530839666,species x GSA x year (stratum cell too small),TRUE
Serranus cabrilla,11,2020,2,ITA_11_GIS_2020_40_10_29,0.0874442813591813,0.0552378169748287,species x GSA x stratum x year,TRUE
Serranus cabrilla,11,2023,2,ITA_11_GIS_2023_30_7_27,0.582757327701304,0.351270103153007,species x GSA x stratum x year,TRUE
Serranus hepatus,1,1999,2,ESP_1_COR_1999_24_5_10,0.299034122769502,0.288532535323975,species x GSA x year (stratum cell too small),TRUE
Serranus hepatus,1,2003,2,ESP_1_COR_2003_31_5_3,0.417464959291949,0.233938202908588,species x GSA x stratum x year,TRUE
Serranus hepatus,1,2008,2,ESP_1_COR_2008_22_5_12,0.73511405791497,0.432588742612688,species x GSA x year (stratum cell too small),TRUE
Serranus hepatus,1,2012,2,ESP_1_COR_2012_17_4_30,0.78441040950961,0.553662417770548,species x GSA x year (stratum cell too small),TRUE
Serranus hepatus,1,2016,2,ESP_1_MOL_2016_47_5_5,0.955524224245375,0.792653999071526,species x GSA x stratum x year,TRUE
Serranus hepatus,1,2017,2,ESP_1_MOL_2017_9_4_25,0.234023523684015,0.125919387421377,species x GSA x stratum x year,TRUE
Serranus hepatus,1,2019,2,ESP_1_MOL_2019_9_4_29,0.371915605950722,0.345812351664145,species x GSA x stratum x year,TRUE
Serranus hepatus,5,2008,2,ESP_5_COR_2008_139_6_9,0.997910581400442,0.330555243197045,species x GSA x stratum x year,TRUE
Serranus hepatus,5,2009,2,ESP_5_COR_2009_128_5_11,0.983087112406986,0.906937981505483,species x GSA x stratum x year,TRUE
Serranus hepatus,5,2013,2,ESP_5_COR_2013_190_6_25,0.620031256861388,0.578903352329196,species x GSA x stratum x year,TRUE
Serranus hepatus,5,2015,3,ESP_5_MOL_2015_226_6_18,0.171175981062636,0.157445195665675,species x GSA x stratum x year,TRUE
Serranus hepatus,6,1994,2,ESP_6_COR_1994_74_6_18,0.291607004898006,0.23818167453743,species x GSA x stratum x year,TRUE
Serranus hepatus,6,1995,2,ESP_6_COR_1995_41_5_2,0.445563035465734,0.39367405010805,species x GSA x stratum x year,TRUE
Serranus hepatus,6,1996,2,ESP_6_COR_1996_77_5_19,0.325697714687864,0.29431737742446,species x GSA x stratum x year,TRUE
Serranus hepatus,6,1997,2,ESP_6_COR_1997_41_5_21,0.434098057644855,0.235354516791898,species x GSA x stratum x year,TRUE
Serranus hepatus,6,2003,3,ESP_6_COR_2003_57_5_8,0.09897107688335,0.0262178208486584,species x GSA x stratum x year,TRUE
Serranus hepatus,6,2008,1,ESP_6_COR_2008_103_5_30,0.0535330879318604,0.0416625642996452,species x GSA x year (stratum cell too small),TRUE
Serranus hepatus,6,2015,2,ESP_6_MOL_2015_174_6_4,0.284581887704032,0.222964666771576,species x GSA x stratum x year,TRUE
Serranus hepatus,6,2017,2,ESP_6_MOL_2017_160_6_1,0.082022735914912,0.0462642643583421,species x GSA x stratum x year,TRUE
Serranus hepatus,6,2019,2,ESP_6_MOL_2019_122_5_28,0.12799798695842,0.0747555498726604,species x GSA x stratum x year,TRUE
Serranus hepatus,7,1994,2,FRA_7_LEU_1994_34_5_29,0.400520019566616,0.390912275546502,species x GSA x stratum x year,TRUE
Serranus hepatus,7,1996,2,FRA_7_LEU_1996_71_6_18,2.18273313326305,0.407769919342889,species x GSA x stratum x year,TRUE
Serranus hepatus,7,2007,1,FRA_7_LEU_2007_54_6_23,0.140854383105458,0.0902499229819876,species x GSA x stratum x year,TRUE
Serranus hepatus,7,2011,2,FRA_7_LEU_2011_70_6_14,0.407702529885023,0.352515479930418,species x GSA x stratum x year,TRUE
Serranus hepatus,7,2012,1,FRA_7_LEU_2012_37_6_8,0.0741231419647182,0.0427824114616013,species x GSA x stratum x year,TRUE
Serranus hepatus,7,2016,3,FRA_7_LEU_2016_33_6_4,0.232435909522737,0.156508629960025,species x GSA x stratum x year,TRUE
Serranus hepatus,7,2018,1,FRA_7_LEU_2018_79_6_19,0.43086827137982,0.334775011148747,species x GSA x year (stratum cell too small),TRUE
Serranus hepatus,7,2022,2,FRA_7_LEU_2022_82_6_12,0.331641650532616,0.241961477484037,species x GSA x stratum x year,TRUE
Serranus hepatus,9,2003,1,ITA_9_CIR_2003_47_6_20,0.112595047321066,0.108767698989602,species x GSA x year (stratum cell too small),TRUE
Serranus hepatus,9,2012,3,ITA_9_LIB_2012_125_6_25,0.0685284736303395,0.0667855517373626,species x GSA x stratum x year,TRUE
Serranus hepatus,9,2020,1,ITA_9_SAN_2020_11_11_5,0.156246252467813,0.151193279005997,species x GSA x year (stratum cell too small),TRUE
Serranus hepatus,9,2021,1,ITA_9_SAN_2021_11_9_12,0.109446462195686,0.0742180972507488,species x GSA x year (stratum cell too small),TRUE
Serranus hepatus,10,1997,2,ITA_10_SAN_1997_62_6_16,0.17083929462982,0.144255787526134,species x GSA x year (stratum cell too small),TRUE
Serranus hepatus,10,2000,2,ITA_10_SAN_2000_62_6_12,0.178540461944318,0.125916780379797,species x GSA x year (stratum cell too small),TRUE
Serranus hepatus,10,2004,2,ITA_10_PEC_2004_53_5_25,0.0821497415431371,0.0507682723342183,species x GSA x year (stratum cell too small),TRUE
Serranus hepatus,10,2005,2,ITA_10_PEC_2005_53_6_23,0.986920773365584,0.0691376606140665,species x GSA x year (stratum cell too small),TRUE
Serranus hepatus,10,2006,2,ITA_10_PEC_2006_53_6_13,0.354138660488449,0.0670905087372908,species x GSA x year (stratum cell too small),TRUE
Serranus hepatus,10,2007,2,ITA_10_PEC_2007_53_8_4,0.330554912399766,0.0749858486181707,species x GSA x year (stratum cell too small),TRUE
Serranus hepatus,10,2008,2,ITA_10_PEC_2008_53_7_25,0.529237776825228,0.0670814666457762,species x GSA x year (stratum cell too small),TRUE
Serranus hepatus,10,2009,2,ITA_10_PEC_2009_53_7_17,1.16604937045314,0.172036030311373,species x GSA x year (stratum cell too small),TRUE
Serranus hepatus,10,2012,2,ITA_10_PEC_2012_53_6_19,0.732730055819481,0.195937602048582,species x GSA x year (stratum cell too small),TRUE
Serranus hepatus,10,2014,3,ITA_10_PEC_2014_57_9_3,0.177394018884866,0.0826956136018863,species x GSA x stratum x year,TRUE
Serranus hepatus,10,2017,2,ITA_10_SAN_2017_53_11_5,0.374982549613673,0.0728293458376679,species x GSA x year (stratum cell too small),TRUE
Serranus hepatus,10,2021,2,ITA_10_SAN_2021_70_10_9,0.154672694340959,0.148659037121296,species x GSA x year (stratum cell too small),TRUE
Serranus hepatus,10,2023,2,ITA_10_SAN_2023_2_12_8,0.13757439123967,0.0078436959098995,species x GSA x year (stratum cell too small),TRUE
Serranus hepatus,11,1994,2,ITA_11_NUS_1994_73_7_11,0.900813464691908,0.646682462843669,species x GSA x stratum x year,TRUE
Serranus hepatus,11,2000,2,ITA_11_NUS_2000_35_6_8,4.5561717883512,1.17988493596176,species x GSA x stratum x year,TRUE
Serranus hepatus,11,2005,1,ITA_11_GIS_2005_42_7_5,1.53559926815058,0.606111072039232,species x GSA x stratum x year,TRUE
Serranus hepatus,11,2006,1,ITA_11_GIS_2006_19_6_17,1.86644419780758,0.466517001318475,species x GSA x stratum x year,TRUE
Serranus hepatus,11,2007,1,ITA_11_GIS_2007_38_8_6,2.77604436541016,0.152530219823757,species x GSA x stratum x year,TRUE
Serranus hepatus,11,2009,1,ITA_11_GIS_2009_37_6_18,0.246076165149931,0.0492514746849704,species x GSA x stratum x year,TRUE
Serranus hepatus,11,2010,1,ITA_11_GIS_2010_44_6_3,0.208396274440921,0.202796371817233,species x GSA x stratum x year,TRUE
Serranus hepatus,11,2012,1,ITA_11_GIS_2012_40_6_20,1.42496461021279,0.199751783487686,species x GSA x stratum x year,TRUE
Serranus hepatus,11,2015,1,ITA_11_GIS_2015_44_7_3,0.260263213079983,0.193034977620756,species x GSA x stratum x year,TRUE
Serranus hepatus,11,2021,1,ITA_11_GIS_2021_40_8_30,0.2371748913199,0.0838277162045829,species x GSA x year (stratum cell too small),TRUE
Serranus hepatus,11,2023,2,ITA_11_GIS_2023_42_7_31,0.132627752496673,0.114720354507706,species x GSA x stratum x year,TRUE
Sertularella spp.,7,2015,3,FRA_7_LEU_2015_60_6_13,0.00358291276331242,0.00212225762243634,species x GSA x year (stratum cell too small),TRUE
Solea solea,7,1994,3,FRA_7_LEU_1994_25_5_25,0.235656361080944,0.220288873770011,species x GSA x year (stratum cell too small),TRUE
Solea solea,7,1997,1,FRA_7_LEU_1997_14_6_8,0.20626929460741,0.163816501265916,species x GSA x year (stratum cell too small),TRUE
Solea solea,7,2002,1,FRA_7_LEU_2002_45_6_24,0.384155406966218,0.272256006750276,species x GSA x year (stratum cell too small),TRUE
Solea solea,9,2004,1,ITA_9_LIB_2004_47_6_14,0.228397231134352,0.189802315881239,species x GSA x year (stratum cell too small),TRUE
Solea solea,11,1996,1,ITA_11_NUS_1996_90_7_24,1.23081407257395,0.344134812297757,species x GSA x year (stratum cell too small),TRUE
Solea solea,11,2001,1,ITA_11_NUS_2001_61_6_25,0.772494563839847,0.734233616331175,species x GSA x year (stratum cell too small),TRUE
Solea solea,11,2007,2,ITA_11_GIS_2007_49_8_7,2.44117546428881,0.46574807872796,species x GSA x year (stratum cell too small),TRUE
Solea solea,11,2012,2,ITA_11_GIS_2012_46_6_21,0.959055657121043,0.690300456271389,species x GSA x year (stratum cell too small),TRUE
Solea solea,11,2013,2,ITA_11_GIS_2013_53_7_15,0.235826703782815,0.220340813310494,species x GSA x year (stratum cell too small),TRUE
Solenocera membranacea,1,1994,4,ESP_1_COR_1994_11_5_30,0.0581299923405187,0.0243465358004219,species x GSA x year (stratum cell too small),TRUE
Solenocera membranacea,1,1997,4,ESP_1_COR_1997_18_5_14,0.138180439966521,0.10077740923412,species x GSA x year (stratum cell too small),TRUE
Solenocera membranacea,1,2001,4,ESP_1_COR_2001_14_5_15,0.194692677608395,0.179797553746182,species x GSA x year (stratum cell too small),TRUE
Solenocera membranacea,1,2004,4,ESP_1_COR_2004_14_5_9,0.611478976863592,0.5675428010937,species x GSA x stratum x year,TRUE
Solenocera membranacea,6,1999,4,ESP_6_COR_1999_89_5_27,0.0523547203193113,0.0161639007071142,species x GSA x year (stratum cell too small),TRUE
Solenocera membranacea,6,2000,4,ESP_6_COR_2000_80_6_15,0.111512164525964,0.069591084831725,species x GSA x stratum x year,TRUE
Solenocera membranacea,6,2001,4,ESP_6_COR_2001_98_6_7,0.0517134378254385,0.0509298855922185,species x GSA x stratum x year,TRUE
Solenocera membranacea,6,2002,4,ESP_6_COR_2002_50_5_23,0.0451760042552882,0.0374673607282439,species x GSA x stratum x year,TRUE
Solenocera membranacea,6,2004,4,ESP_6_COR_2004_83_5_23,0.0368740487918404,0.0318319781648239,species x GSA x stratum x year,TRUE
Solenocera membranacea,6,2007,4,ESP_6_COR_2007_59_6_2,0.11923973462435,0.112914270536356,species x GSA x year (stratum cell too small),TRUE
Solenocera membranacea,6,2009,4,ESP_6_COR_2009_107_5_4,0.0206729115397846,0.0107943168152554,species x GSA x year (stratum cell too small),TRUE
Solenocera membranacea,6,2019,4,ESP_6_MOL_2019_173_6_9,0.0221617462996773,0.0197314947434943,species x GSA x stratum x year,TRUE
Solenocera membranacea,7,1995,2,FRA_7_LEU_1995_62_7_9,0.057246737254014,0.0508552589450855,species x GSA x stratum x year,TRUE
Solenocera membranacea,7,1996,2,FRA_7_LEU_1996_27_6_6,0.101340297824658,0.0679590477250137,species x GSA x stratum x year,TRUE
Solenocera membranacea,7,2003,2,FRA_7_LEU_2003_78_6_27,0.036471645483935,0.0258763746760634,species x GSA x year (stratum cell too small),TRUE
Solenocera membranacea,7,2008,1,FRA_7_LEU_2008_45_6_3,0.0276689384579146,0.0190138346463942,species x GSA x year (stratum cell too small),TRUE
Solenocera membranacea,7,2009,2,FRA_7_LEU_2009_32_6_3,0.0152257806900897,0.0145202851590567,species x GSA x year (stratum cell too small),TRUE
Solenocera membranacea,7,2012,2,FRA_7_LEU_2012_82_6_23,0.111075688340342,0.0536317115240178,species x GSA x stratum x year,TRUE
Solenocera membranacea,7,2019,2,FRA_7_LEU_2019_43_6_6,0.0587785543372847,0.0496981600802691,species x GSA x stratum x year,TRUE
Solenocera membranacea,7,2022,2,FRA_7_LEU_2022_58_6_3,0.0227120259893713,0.0136465984115368,species x GSA x stratum x year,TRUE
Solenocera membranacea,9,2001,5,ITA_9_FRP_2001_109_6_5,0.00638350950542867,0.00397927521954547,species x GSA x stratum x year,TRUE
Solenocera membranacea,9,2002,4,ITA_9_FRP_2002_139_7_28,0.0418060200668896,0.0128247820315524,species x GSA x stratum x year,TRUE
Solenocera membranacea,9,2005,4,ITA_9_LIB_2005_4_7_28,0.0147733943952643,0.0143238649866028,species x GSA x stratum x year,TRUE
Solenocera membranacea,9,2006,2,ITA_9_LIB_2006_61_6_17,0.0100880833794503,0.00916599890848551,species x GSA x year (stratum cell too small),TRUE
Solenocera membranacea,9,2009,5,ITA_9_LIB_2009_68_6_15,0.0127598905803655,0.00895736619929719,species x GSA x stratum x year,TRUE
Solenocera membranacea,9,2011,2,ITA_9_LIB_2011_31_5_27,0.0209716808907092,0.00841833301912574,species x GSA x year (stratum cell too small),TRUE
Solenocera membranacea,9,2015,4,ITA_9_LIB_2015_139_7_3,0.0104368636285479,0.0089298152919352,species x GSA x stratum x year,TRUE
Solenocera membranacea,9,2017,4,ITA_9_SAN_2017_139_10_3,0.00751242645484749,0.0036538022141494,species x GSA x year (stratum cell too small),TRUE
Solenocera membranacea,9,2019,4,ITA_9_SAN_2019_139_6_12,0.0295971823482404,0.00894937689165726,species x GSA x stratum x year,TRUE
Solenocera membranacea,9,2020,4,ITA_9_SAN_2020_97_10_25,0.00257606374327534,0.00254234088963957,species x GSA x year (stratum cell too small),TRUE
Solenocera membranacea,10,1999,3,ITA_10_SAN_1999_102_5_8,0.0673644274057353,0.022137028226689,species x GSA x year (stratum cell too small),TRUE
Solenocera membranacea,10,2000,3,ITA_10_SAN_2000_99_6_29,0.0290086683175236,0.0231034044952706,species x GSA x year (stratum cell too small),TRUE
Solenocera membranacea,10,2001,3,ITA_10_SAN_2001_99_5_5,0.031645819982753,0.0246019245433743,species x GSA x year (stratum cell too small),TRUE
Solenocera membranacea,10,2003,4,ITA_10_DAP_2003_13_8_5,0.0233081586573307,0.0155784061832362,species x GSA x year (stratum cell too small),TRUE
Solenocera membranacea,10,2006,4,ITA_10_PEC_2006_14_6_20,0.0106207442677719,0.00350307633778338,species x GSA x year (stratum cell too small),TRUE
Solenocera membranacea,10,2011,3,ITA_10_PEC_2011_34_6_16,0.00675447812443381,0.00600914928148941,species x GSA x year (stratum cell too small),TRUE
Solenocera membranacea,10,2012,2,ITA_10_PEC_2012_4_6_28,0.0057407166297309,0.0039167412547557,species x GSA x year (stratum cell too small),TRUE
Spatangus purpureus,7,2015,3,FRA_7_LEU_2015_46_6_9,0.0299498922162562,0.00712794856906466,species x GSA x year (stratum cell too small),TRUE
Spatangus purpureus,11,2014,1,ITA_11_GIS_2014_58_8_5,20.5798268281395,11.8455506347792,species x GSA x year (stratum cell too small),TRUE
Spatangus purpureus,11,2021,1,ITA_11_GIS_2021_59_9_2,1.30403715612719,0.375037303941268,species x GSA x year (stratum cell too small),TRUE
Spatangus purpureus,11,2023,1,ITA_11_GIS_2023_92_9_13,5.82601755786113,1.38048361543895,species x GSA x year (stratum cell too small),TRUE
Sphaerechinus granularis,5,2016,1,ESP_5_MOL_2016_183_6_9,0.232563260478402,0.113400916900939,species x GSA x year (stratum cell too small),TRUE
Sphaerechinus granularis,5,2020,2,ESP_5_MOL_2020_78_6_17,3.38626916801406,3.20883609971005,species x GSA x stratum x year,TRUE
Sphaerechinus granularis,11,2016,1,ITA_11_GIS_2016_61_6_22,0.44943233796152,0.0388564404946305,species x GSA x stratum x year,TRUE
Sphaerechinus granularis,11,2021,1,ITA_11_GIS_2021_40_8_30,2.33191057270543,0.742756459693044,species x GSA x year (stratum cell too small),TRUE
Sphaerococcus coronopifolius,5,2021,2,ESP_5_MOL_2021_212_6_17,0.102725469950997,0.00764951856637615,species x GSA x stratum x year,TRUE
Spicara flexuosa,6,1999,1,ESP_6_COR_1999_96_5_30,1.07673779668527,0.631253065633321,species x GSA x year (stratum cell too small),TRUE
Spicara flexuosa,6,2002,2,ESP_6_COR_2002_107_6_7,8.63924087010427,1.47202172575174,species x GSA x stratum x year,TRUE
Spicara flexuosa,6,2012,1,ESP_6_COR_2012_112_5_24,1.42470346549615,0.638898523862029,species x GSA x year (stratum cell too small),TRUE
Spicara flexuosa,6,2015,1,ESP_6_MOL_2015_73_5_11,0.735721658692997,0.695440463538225,species x GSA x year (stratum cell too small),TRUE
Spicara flexuosa,6,2016,3,ESP_6_MOL_2016_163_6_2,3.05915389788372,0.538861197691114,species x GSA x stratum x year,TRUE
Spicara flexuosa,6,2017,3,ESP_6_MOL_2017_162_6_2,1.17302697127975,0.289592659553631,species x GSA x stratum x year,TRUE
Spicara flexuosa,6,2021,2,ESP_6_MOL_2021_166_6_4,0.487489317217259,0.388253295414987,species x GSA x stratum x year,TRUE
Spicara flexuosa,7,1997,1,FRA_7_LEU_1997_36_6_12,0.121839768681995,0.0740031085572733,species x GSA x year (stratum cell too small),TRUE
Spicara flexuosa,7,2002,1,FRA_7_LEU_2002_57_6_28,0.0616214848994247,0.0604169465813596,species x GSA x year (stratum cell too small),TRUE
Spicara flexuosa,7,2004,1,FRA_7_LEU_2004_89_6_30,0.224716711672501,0.136485266951906,species x GSA x year (stratum cell too small),TRUE
Spicara flexuosa,7,2011,1,FRA_7_LEU_2011_68_6_14,0.0917263197300974,0.0821637932989973,species x GSA x year (stratum cell too small),TRUE
Spicara flexuosa,7,2012,1,FRA_7_LEU_2012_36_6_7,0.209695772553601,0.0426402257177562,species x GSA x stratum x year,TRUE
Spicara flexuosa,7,2013,1,FRA_7_LEU_2013_59_6_14,0.572715867205131,0.563904995669718,species x GSA x stratum x year,TRUE
Spicara flexuosa,7,2017,1,FRA_7_LEU_2017_64_6_17,0.180690412666225,0.17186416583196,species x GSA x year (stratum cell too small),TRUE
Spicara flexuosa,8,2008,2,FRA_8_LEU_2008_7_5_19,3.45890534949985,2.41103934482451,species x GSA x year (stratum cell too small),TRUE
Spicara flexuosa,8,2017,2,FRA_8_LEU_2017_9_5_30,4.90055159544212,4.10856848072572,species x GSA x year (stratum cell too small),TRUE
Spicara flexuosa,9,1994,1,ITA_9_FRP_1994_122_6_10,3.66429098558534,1.33456186505302,species x GSA x stratum x year,TRUE
Spicara flexuosa,9,1995,1,ITA_9_FRP_1995_47_6_1,1.905646011151,0.7048958192499,species x GSA x stratum x year,TRUE
Spicara flexuosa,9,1996,1,ITA_9_FRP_1996_47_6_8,5.27844319696465,0.693753433251018,species x GSA x stratum x year,TRUE
Spicara flexuosa,9,2010,2,ITA_9_LIB_2010_93_5_21,0.0763024999594187,0.0443560856660202,species x GSA x stratum x year,TRUE
Spicara flexuosa,9,2011,2,ITA_9_LIB_2011_93_6_11,0.131330788003588,0.0833033234073596,species x GSA x stratum x year,TRUE
Spicara flexuosa,10,1994,3,ITA_10_SAN_1994_64_6_28,2.61299627094547,1.77779634048485,species x GSA x stratum x year,TRUE
Spicara flexuosa,10,2000,2,ITA_10_SAN_2000_62_6_12,0.856994217332726,0.695328281916109,species x GSA x stratum x year,TRUE
Spicara flexuosa,10,2001,2,ITA_10_SAN_2001_62_5_16,2.57098265199818,1.20551350209437,species x GSA x stratum x year,TRUE
Spicara flexuosa,10,2003,2,ITA_10_DAP_2003_51_8_1,0.672189877729133,0.422347538896789,species x GSA x year (stratum cell too small),TRUE
Spicara flexuosa,10,2004,1,ITA_10_PEC_2004_32_6_3,0.581684825014588,0.547658786507289,species x GSA x year (stratum cell too small),TRUE
Spicara flexuosa,10,2005,2,ITA_10_PEC_2005_53_6_23,1.52453287885684,0.689150396186904,species x GSA x year (stratum cell too small),TRUE
Spicara flexuosa,10,2007,2,ITA_10_PEC_2007_51_8_6,2.84198084509589,0.96733934527976,species x GSA x year (stratum cell too small),TRUE
Spicara flexuosa,10,2009,2,ITA_10_PEC_2009_53_7_17,0.809874290023815,0.540275553024962,species x GSA x year (stratum cell too small),TRUE
Spicara flexuosa,10,2012,3,ITA_10_PEC_2012_57_6_20,0.188834243060556,0.136580858618046,species x GSA x stratum x year,TRUE
Spicara flexuosa,10,2016,2,ITA_10_PEC_2016_51_8_28,1.36355627605034,1.0979710094024,species x GSA x year (stratum cell too small),TRUE
Spicara flexuosa,11,1994,1,ITA_11_NUS_1994_5_6_10,1.423153089019,1.16115435337074,species x GSA x year (stratum cell too small),TRUE
Spicara flexuosa,11,1997,1,ITA_11_NUS_1997_112_7_31,1.10234963980866,0.777770275131814,species x GSA x stratum x year,TRUE
Spicara flexuosa,11,2001,2,ITA_11_NUS_2001_91_7_4,1.46448378911289,1.24362310559776,species x GSA x stratum x year,TRUE
Spicara flexuosa,11,2006,1,ITA_11_GIS_2006_56_6_27,0.747396535083546,0.419397645460783,species x GSA x stratum x year,TRUE
Spicara flexuosa,11,2007,1,ITA_11_GIS_2007_87_8_28,6.40996355207555,1.8389013048973,species x GSA x year (stratum cell too small),TRUE
Spicara flexuosa,11,2013,2,ITA_11_GIS_2013_84_7_22,0.931936884062236,0.901049397635488,species x GSA x stratum x year,TRUE
Spicara flexuosa,11,2015,2,ITA_11_GIS_2015_84_7_15,1.16769885314109,1.04146803751857,species x GSA x stratum x year,TRUE
Spicara flexuosa,11,2016,2,ITA_11_GIS_2016_98_7_1,3.92398973834313,3.87025816503678,species x GSA x stratum x year,TRUE
Spicara flexuosa,11,2017,1,ITA_11_GIS_2017_62_11_20,14.0894994428361,0.916119850583848,species x GSA x stratum x year,TRUE
Spicara flexuosa,11,2020,1,ITA_11_GIS_2020_88_11_10,1.82408822499076,0.359475223919603,species x GSA x stratum x year,TRUE
Spicara smaris,5,2007,3,ESP_5_COR_2007_125_6_18,2.37667668868434,1.98213612734097,species x GSA x stratum x year,TRUE
Spicara smaris,5,2021,3,ESP_5_MOL_2021_262_8_23,9.42848163979064,8.3207388173078,species x GSA x stratum x year,TRUE
Spicara smaris,7,2000,1,FRA_7_LEU_2000_52_6_16,0.212422380351939,0.0831508372224143,species x GSA x year (stratum cell too small),TRUE
Spicara smaris,7,2002,3,FRA_7_LEU_2002_53_6_26,0.0612237676350191,0.0556131421693723,species x GSA x year (stratum cell too small),TRUE
Spicara smaris,7,2003,2,FRA_7_LEU_2003_48_6_18,0.0405131949188015,0.0297271679563792,species x GSA x stratum x year,TRUE
Spicara smaris,7,2006,1,FRA_7_LEU_2006_68_6_27,0.188650665406895,0.0922572075203634,species x GSA x year (stratum cell too small),TRUE
Spicara smaris,7,2010,2,FRA_7_LEU_2010_54_6_7,0.0483935601163979,0.046777516737809,species x GSA x stratum x year,TRUE
Spicara smaris,7,2016,2,FRA_7_LEU_2016_41_6_7,0.0467942549856286,0.0308334136818901,species x GSA x stratum x year,TRUE
Spicara smaris,9,2002,2,ITA_9_FRP_2002_149_7_29,0.0363818299811063,0.017783293526078,species x GSA x year (stratum cell too small),TRUE
Spicara smaris,9,2003,2,ITA_9_CIR_2003_149_7_9,0.776085446503798,0.112825150238316,species x GSA x year (stratum cell too small),TRUE
Spicara smaris,9,2009,2,ITA_9_LIB_2009_93_6_17,0.051545305015612,0.0467570979811709,species x GSA x year (stratum cell too small),TRUE
Spicara smaris,9,2013,2,ITA_9_LIB_2013_93_7_7,2.06932403977525,0.330631864016767,species x GSA x year (stratum cell too small),TRUE
Spicara smaris,9,2014,2,ITA_9_LIB_2014_149_9_4,2.30186409338056,0.0258527060975302,species x GSA x year (stratum cell too small),TRUE
Spicara smaris,10,1995,1,ITA_10_SAN_1995_60_6_25,1.88503543299878,0.692918623134294,species x GSA x year (stratum cell too small),TRUE
Spicara smaris,10,1996,3,ITA_10_SAN_1996_70_6_17,0.38102886608955,0.154788298559228,species x GSA x stratum x year,TRUE
Spicara smaris,10,2004,3,ITA_10_PEC_2004_31_6_3,2.3876380162713,0.341793371049067,species x GSA x year (stratum cell too small),TRUE
Spicara smaris,10,2010,2,ITA_10_PEC_2010_47_6_4,0.117918406528361,0.0900128944897466,species x GSA x year (stratum cell too small),TRUE
Spicara smaris,10,2013,2,ITA_10_PEC_2013_47_7_6,0.0449848935644171,0.0379499383241147,species x GSA x year (stratum cell too small),TRUE
Spicara smaris,10,2015,2,ITA_10_PEC_2015_47_6_17,0.0338409474507345,0.0255633344479758,species x GSA x year (stratum cell too small),TRUE
Spicara smaris,11,1996,3,ITA_11_NUS_1996_25_6_28,0.128985203475886,0.0949622274758448,species x GSA x stratum x year,TRUE
Spicara smaris,11,2001,3,ITA_11_NUS_2001_89_7_4,0.151750346611343,0.134190320559852,species x GSA x stratum x year,TRUE
Spicara smaris,11,2003,3,ITA_11_NUS_2003_11_6_18,2.81377264389371,1.93962795206965,species x GSA x year (stratum cell too small),TRUE
Spicara smaris,11,2004,2,ITA_11_GIS_2004_24_7_2,4.67766385471367,3.28036796601824,species x GSA x stratum x year,TRUE
Spicara smaris,11,2010,1,ITA_11_GIS_2010_10_5_19,8.66055007587188,5.64962671710263,species x GSA x year (stratum cell too small),TRUE
Spicara smaris,11,2013,1,ITA_11_GIS_2013_14_7_3,3.18386847711034,1.74042778431981,species x GSA x year (stratum cell too small),TRUE
Spicara smaris,11,2014,2,ITA_11_GIS_2014_15_7_24,7.538570911674,6.27599359431369,species x GSA x year (stratum cell too small),TRUE
Spicara smaris,11,2020,2,ITA_11_GIS_2020_40_10_29,6.43444170334642,5.05660124714933,species x GSA x year (stratum cell too small),TRUE
Spondyliosoma cantharus,5,2011,3,ESP_5_COR_2011_168_6_20,0.394954308875189,0.342732736949008,species x GSA x year (stratum cell too small),TRUE
Spondyliosoma cantharus,6,2006,1,ESP_6_COR_2006_137_6_11,0.218499891314556,0.166340992273812,species x GSA x year (stratum cell too small),TRUE
Spondyliosoma cantharus,6,2016,2,ESP_6_MOL_2016_89_5_16,0.634873486021134,0.174478816114934,species x GSA x stratum x year,TRUE
Spondyliosoma cantharus,6,2018,2,ESP_6_MOL_2018_87_5_20,0.408960802198216,0.200520571274288,species x GSA x stratum x year,TRUE
Spondyliosoma cantharus,6,2021,2,ESP_6_MOL_2021_91_5_19,0.46274172468917,0.144531825277282,species x GSA x year (stratum cell too small),TRUE
Spongia officinalis,11,2020,1,ITA_11_GIS_2020_60_11_3,0.16628263296672,0.06122691921694,species x GSA x year (stratum cell too small),TRUE
Spongites fruticulosa,5,2021,2,ESP_5_MOL_2021_214_6_18,2.06144240448684,1.80405228592537,species x GSA x stratum x year,TRUE
Sprattus sprattus,7,1997,2,FRA_7_LEU_1997_29_6_11,38.4065885030433,8.92711416829404,species x GSA x year (stratum cell too small),TRUE
Sprattus sprattus,7,2003,1,FRA_7_LEU_2003_86_6_29,3.11119991319909,3.02441319039337,species x GSA x year (stratum cell too small),TRUE
Squalus blainville,11,1999,3,ITA_11_NUS_1999_90_6_16,1.05551394394815,0.712432936516928,species x GSA x year (stratum cell too small),TRUE
Squalus blainville,11,2009,4,ITA_11_GIS_2009_81_7_7,0.143787666185482,0.0673977584102796,species x GSA x year (stratum cell too small),TRUE
Squalus blainville,11,2013,4,ITA_11_GIS_2013_91_7_24,0.11127127430898,0.0701546092935877,species x GSA x year (stratum cell too small),TRUE
Squalus blainville,11,2020,4,ITA_11_GIS_2020_12_10_22,0.0953240035645731,0.0678557023969677,species x GSA x year (stratum cell too small),TRUE
Squilla mantis,6,2001,2,ESP_6_COR_2001_111_6_11,0.0767188624910007,0.0480218149314102,species x GSA x stratum x year,TRUE
Squilla mantis,6,2003,1,ESP_6_COR_2003_116_5_21,0.0920934748770001,0.0801340663825289,species x GSA x year (stratum cell too small),TRUE
Squilla mantis,6,2005,1,ESP_6_COR_2005_101_6_2,0.0851280975181702,0.0381601683981378,species x GSA x year (stratum cell too small),TRUE
Squilla mantis,6,2007,3,ESP_6_COR_2007_78_6_6,0.170676001092326,0.0548718987577239,species x GSA x year (stratum cell too small),TRUE
Squilla mantis,6,2013,1,ESP_6_COR_2013_72_5_27,0.0751561952236197,0.0523341363360274,species x GSA x year (stratum cell too small),TRUE
Squilla mantis,6,2014,2,ESP_6_MOL_2014_87_5_17,0.0708693304535637,0.0598372462378498,species x GSA x year (stratum cell too small),TRUE
Squilla mantis,6,2019,2,ESP_6_MOL_2019_95_5_22,0.039377301670403,0.0374493398334072,species x GSA x stratum x year,TRUE
Squilla mantis,7,2016,1,FRA_7_LEU_2016_85_6_23,0.143693992511722,0.11136501320445,species x GSA x stratum x year,TRUE
Squilla mantis,7,2018,1,FRA_7_LEU_2018_75_6_18,0.364964316332097,0.245508582167458,species x GSA x stratum x year,TRUE
Squilla mantis,7,2019,1,FRA_7_LEU_2019_45_6_8,0.225122653031652,0.155102900264655,species x GSA x year (stratum cell too small),TRUE
Squilla mantis,7,2023,1,FRA_7_LEU_2023_70_6_18,0.285109156076898,0.09361991217153,species x GSA x year (stratum cell too small),TRUE
Squilla mantis,9,1995,1,ITA_9_FRP_1995_28_7_7,0.185390029724201,0.0640314172429991,species x GSA x stratum x year,TRUE
Squilla mantis,9,2002,1,ITA_9_FRP_2002_119_7_25,0.203559308990619,0.155450148864483,species x GSA x year (stratum cell too small),TRUE
Squilla mantis,9,2003,1,ITA_9_CIR_2003_122_7_3,0.558909009613235,0.136687918631016,species x GSA x stratum x year,TRUE
Squilla mantis,9,2004,1,ITA_9_LIB_2004_138_6_5,0.10465724751439,0.103370271826676,species x GSA x year (stratum cell too small),TRUE
Squilla mantis,9,2006,1,ITA_9_LIB_2006_87_6_14,0.106493752366528,0.0667590928220588,species x GSA x year (stratum cell too small),TRUE
Squilla mantis,9,2008,2,ITA_9_LIB_2008_52_5_16,0.242410352244279,0.0915637559308368,species x GSA x year (stratum cell too small),TRUE
Squilla mantis,9,2010,1,ITA_9_LIB_2010_28_5_31,0.217458275193447,0.0930898095262475,species x GSA x year (stratum cell too small),TRUE
Squilla mantis,9,2014,1,ITA_9_LIB_2014_119_9_8,0.0958515451269074,0.0798169008423912,species x GSA x stratum x year,TRUE
Squilla mantis,9,2015,1,ITA_9_LIB_2015_28_7_29,0.377837152187407,0.0786991717719492,species x GSA x year (stratum cell too small),TRUE
Squilla mantis,9,2016,2,ITA_9_SAN_2016_46_6_10,0.146940418679549,0.0542271230806807,species x GSA x year (stratum cell too small),TRUE
Squilla mantis,9,2017,1,ITA_9_SAN_2017_122_10_6,0.333512707243364,0.0878692777294191,species x GSA x year (stratum cell too small),TRUE
Squilla mantis,9,2020,2,ITA_9_SAN_2020_12_11_5,0.162716277051581,0.151726034097788,species x GSA x year (stratum cell too small),TRUE
Squilla mantis,10,2017,1,ITA_10_SAN_2017_6_10_19,0.772355397906059,0.256468279038938,species x GSA x year (stratum cell too small),TRUE
Sternaspis scutata,7,2014,2,FRA_7_LEU_2014_62_6_17,0.00905954570051101,0.00318848790747372,species x GSA x year (stratum cell too small),TRUE
Sternaspis scutata,7,2015,2,FRA_7_LEU_2015_72_6_21,0.0191527395511165,0.0178069679182474,species x GSA x stratum x year,TRUE
Stomias boa boa,1,1998,5,ESP_1_COR_1998_14_5_7,0.00355945604734368,0.0034216248567663,species x GSA x stratum x year,TRUE
Stomias boa boa,1,2000,5,ESP_1_COR_2000_29_5_29,0.0109124901194512,0.00648316433440875,species x GSA x stratum x year,TRUE
Stomias boa boa,1,2004,5,ESP_1_COR_2004_30_5_12,0.00566879341506204,0.00220782330350347,species x GSA x stratum x year,TRUE
Stomias boa boa,1,2007,3,ESP_1_COR_2007_43_5_29,0.00955355025237869,0.00653268447495562,species x GSA x year (stratum cell too small),TRUE
Stomias boa boa,6,2001,4,ESP_6_COR_2001_95_6_6,0.0138020137408792,0.0118570765401116,species x GSA x stratum x year,TRUE
Stomias boa boa,6,2003,4,ESP_6_COR_2003_51_5_7,0.0139052487506078,0.0128124890775404,species x GSA x stratum x year,TRUE
Stomias boa boa,6,2014,4,ESP_6_MOL_2014_99_5_19,0.0205205010092381,0.0145341826514692,species x GSA x year (stratum cell too small),TRUE
Stomias boa boa,6,2017,4,ESP_6_MOL_2017_101_5_19,0.0720073503254398,0.0282788875771025,species x GSA x year (stratum cell too small),TRUE
Stomias boa boa,6,2019,5,ESP_6_MOL_2019_121_5_27,0.00541581694530669,0.00508778470731032,species x GSA x year (stratum cell too small),TRUE
Stomias boa boa,9,1998,5,ITA_9_FRP_1998_81_6_27,0.0187213363230693,0.0133481615417161,species x GSA x stratum x year,TRUE
Stomias boa boa,9,2001,5,ITA_9_FRP_2001_9_6_30,0.00685077800933532,0.00625330517942395,species x GSA x year (stratum cell too small),TRUE
Stomias boa boa,9,2014,4,ITA_9_LIB_2014_24_8_23,0.0347815850828412,0.0085127614330859,species x GSA x year (stratum cell too small),TRUE
Stomias boa boa,9,2016,5,ITA_9_SAN_2016_67_5_22,0.0441810963686431,0.0241615183550995,species x GSA x stratum x year,TRUE
Stomias boa boa,10,1997,5,ITA_10_SAN_1997_78_6_17,0.032123792236511,0.0259356929760435,species x GSA x stratum x year,TRUE
Stomias boa boa,10,2000,5,ITA_10_SAN_2000_78_6_13,0.0444977766691992,0.0201887708474199,species x GSA x stratum x year,TRUE
Stomias boa boa,10,2002,5,ITA_10_GAB_2002_69_7_22,0.0050754388731113,0.00470789402113471,species x GSA x stratum x year,TRUE
Stomias boa boa,10,2003,5,ITA_10_DAP_2003_39_8_3,0.0219819016745844,0.0162694702894002,species x GSA x stratum x year,TRUE
Stomias boa boa,10,2007,4,ITA_10_PEC_2007_22_8_8,0.0104964670631042,0.00973180567099723,species x GSA x year (stratum cell too small),TRUE
Stomias boa boa,10,2009,5,ITA_10_PEC_2009_42_7_8,0.00330608976811278,0.00326929085024254,species x GSA x stratum x year,TRUE
Stomias boa boa,10,2010,5,ITA_10_PEC_2010_39_6_4,0.00466277676535554,0.0038870886121579,species x GSA x stratum x year,TRUE
Stomias boa boa,10,2012,5,ITA_10_PEC_2012_66_6_21,0.0571811738134226,0.0276055740997202,species x GSA x stratum x year,TRUE
Stomias boa boa,11,2000,5,ITA_11_NUS_2000_59_6_26,0.0132981861310251,0.0120463385706261,species x GSA x stratum x year,TRUE
Stomias boa boa,11,2014,5,ITA_11_GIS_2014_41_8_2,0.0257993735519929,0.0138848612500719,species x GSA x stratum x year,TRUE
Stomias boa boa,11,2015,5,ITA_11_GIS_2015_30_6_30,0.0110734247822853,0.010816179779948,species x GSA x stratum x year,TRUE
Stomias boa boa,11,2023,5,ITA_11_GIS_2023_3_7_19,0.0133421109608376,0.0115124803166564,species x GSA x year (stratum cell too small),TRUE
Stylocidaris affinis,5,2016,2,ESP_5_MOL_2016_207_6_15,0.0481255113335579,0.037116960562089,species x GSA x stratum x year,TRUE
Stylocidaris affinis,11,2012,2,ITA_11_GIS_2012_94_7_11,2.56769878088251,0.12829198474061,species x GSA x year (stratum cell too small),TRUE
Stylocidaris affinis,11,2014,1,ITA_11_GIS_2014_16_7_24,0.312087942027348,0.122293346972572,species x GSA x year (stratum cell too small),TRUE
Stylocidaris affinis,11,2016,2,ITA_11_GIS_2016_45_6_20,0.103743077538395,0.0595804996448388,species x GSA x stratum x year,TRUE
Stylocidaris affinis,11,2018,1,ITA_11_GIS_2018_13_7_18,0.0401202910988773,0.0282537773151783,species x GSA x year (stratum cell too small),TRUE
Stylocidaris affinis,11,2020,2,ITA_11_GIS_2020_41_10_29,0.174911753859122,0.153069031330851,species x GSA x stratum x year,TRUE
Stylocidaris affinis,11,2023,2,ITA_11_GIS_2023_39_7_28,0.0925497454881999,0.0713668753623824,species x GSA x stratum x year,TRUE
Suberites carnosus,7,2013,1,FRA_7_LEU_2013_84_6_23,0.00214530892448513,0.0021209391116529,species x GSA x year (stratum cell too small),TRUE
Suberites domuncula,5,2012,2,ESP_5_COR_2012_139_6_1,0.583508036338225,0.53481476841462,species x GSA x stratum x year,TRUE
Suberites domuncula,5,2020,2,ESP_5_MOL_2020_78_6_17,0.323853610637371,0.168950272586808,species x GSA x stratum x year,TRUE
Suberites domuncula,11,2016,2,ITA_11_GIS_2016_44_6_17,0.0422669802999118,0.0399945630388058,species x GSA x year (stratum cell too small),TRUE
Suberites domuncula,11,2020,1,ITA_11_GIS_2020_60_11_3,0.06795530051344,0.0591076855744684,species x GSA x year (stratum cell too small),TRUE
Symphodus cinereus,11,2000,1,ITA_11_NUS_2000_60_6_26,0.111089248825884,0.0909650632962673,species x GSA x year (stratum cell too small),TRUE
Symphurus ligulatus,6,2003,5,ESP_6_COR_2003_82_5_13,0.00512200836664479,0.00231881493196345,species x GSA x year (stratum cell too small),TRUE
Symphurus ligulatus,9,2001,5,ITA_9_FRP_2001_33_6_22,0.00452044670411197,0.00344963956419981,species x GSA x stratum x year,TRUE
Symphurus ligulatus,9,2007,2,ITA_9_LIB_2007_60_9_12,0.0083941738476806,0.00388401584873464,species x GSA x year (stratum cell too small),TRUE
Symphurus ligulatus,9,2008,5,ITA_9_LIB_2008_23_6_1,0.00299601224792936,0.00270205652730496,species x GSA x year (stratum cell too small),TRUE
Symphurus ligulatus,10,1999,5,ITA_10_SAN_1999_81_5_21,0.014021227674448,0.0116964048698764,species x GSA x stratum x year,TRUE
Symphurus ligulatus,10,2004,2,ITA_10_PEC_2004_53_5_25,0.00324021096627296,0.00310225470444207,species x GSA x year (stratum cell too small),TRUE
Symphurus ligulatus,10,2007,2,ITA_10_PEC_2007_5_8_11,0.00833109024488555,0.00797413585234125,species x GSA x year (stratum cell too small),TRUE
Symphurus ligulatus,10,2008,5,ITA_10_PEC_2008_24_7_28,0.00401936682685083,0.00345908731419168,species x GSA x stratum x year,TRUE
Symphurus ligulatus,10,2009,5,ITA_10_PEC_2009_39_7_8,0.00603635662853425,0.00560631611065644,species x GSA x stratum x year,TRUE
Symphurus ligulatus,10,2010,5,ITA_10_PEC_2010_70_6_7,0.00382768680444279,0.00378604782738821,species x GSA x stratum x year,TRUE
Symphurus ligulatus,10,2012,4,ITA_10_PEC_2012_63_6_20,0.0139095152576236,0.00840209132749259,species x GSA x year (stratum cell too small),TRUE
Symphurus ligulatus,10,2015,5,ITA_10_PEC_2015_69_6_19,0.00155340415209078,0.000824581972119658,species x GSA x year (stratum cell too small),TRUE
Symphurus nigrescens,1,1994,2,ESP_1_COR_1994_2_5_28,0.0375688940339773,0.0162461591377545,species x GSA x year (stratum cell too small),TRUE
Symphurus nigrescens,1,1996,2,ESP_1_COR_1996_3_5_2,0.0111970888813152,0.00712188080695763,species x GSA x year (stratum cell too small),TRUE
Symphurus nigrescens,1,1999,1,ESP_1_COR_1999_8_5_5,0.0133209671526728,0.0103342035895142,species x GSA x year (stratum cell too small),TRUE
Symphurus nigrescens,1,2003,5,ESP_1_COR_2003_15_4_29,0.0127273366845565,0.0110461901804707,species x GSA x year (stratum cell too small),TRUE
Symphurus nigrescens,1,2004,4,ESP_1_COR_2004_12_5_8,0.00690459660887691,0.00643569891968752,species x GSA x year (stratum cell too small),TRUE
Symphurus nigrescens,1,2005,5,ESP_1_COR_2005_13_5_12,0.00618250318700237,0.00252207411442317,species x GSA x year (stratum cell too small),TRUE
Symphurus nigrescens,1,2006,4,ESP_1_COR_2006_34_5_13,0.0263393413280981,0.0234489327307947,species x GSA x year (stratum cell too small),TRUE
Symphurus nigrescens,1,2012,3,ESP_1_COR_2012_1_4_26,0.407480420925187,0.0529893118348817,species x GSA x year (stratum cell too small),TRUE
Symphurus nigrescens,1,2016,2,ESP_1_MOL_2016_33_5_1,0.00787666714061907,0.00475894253080365,species x GSA x year (stratum cell too small),TRUE
Symphurus nigrescens,5,2007,4,ESP_5_COR_2007_122_6_17,0.0114792057075583,0.0100973799341693,species x GSA x year (stratum cell too small),TRUE
Symphurus nigrescens,5,2014,3,ESP_5_MOL_2014_191_6_10,0.00799237017342627,0.00657668423965948,species x GSA x year (stratum cell too small),TRUE
Symphurus nigrescens,5,2019,3,ESP_5_MOL_2019_195_6_17,0.00325164976830685,0.00306751741380361,species x GSA x year (stratum cell too small),TRUE
Symphurus nigrescens,6,1996,4,ESP_6_COR_1996_73_5_19,0.0252191014798096,0.0181057759865561,species x GSA x year (stratum cell too small),TRUE
Symphurus nigrescens,6,2001,2,ESP_6_COR_2001_118_6_13,0.0123378032996634,0.0123297500142306,species x GSA x stratum x year,TRUE
Symphurus nigrescens,6,2002,2,ESP_6_COR_2002_101_6_5,0.0106356380963168,0.00747759808599708,species x GSA x year (stratum cell too small),TRUE
Symphurus nigrescens,6,2003,5,ESP_6_COR_2003_82_5_13,0.013002021238406,0.0116918607363788,species x GSA x stratum x year,TRUE
Symphurus nigrescens,7,1995,4,FRA_7_LEU_1995_6_6_26,0.0106952276035182,0.00870264991654382,species x GSA x year (stratum cell too small),TRUE
Symphurus nigrescens,9,1995,3,ITA_9_FRP_1995_58_6_10,0.0150464257299846,0.00821869081576861,species x GSA x stratum x year,TRUE
Symphurus nigrescens,9,1997,3,ITA_9_FRP_1997_42_7_15,0.0136706992061879,0.00727945735265691,species x GSA x stratum x year,TRUE
Symphurus nigrescens,9,1999,3,ITA_9_FRP_1999_90_5_20,0.00903681164378244,0.00748471388779327,species x GSA x stratum x year,TRUE
Symphurus nigrescens,9,2002,2,ITA_9_FRP_2002_15_8_3,0.0167491789013842,0.0132092889154246,species x GSA x year (stratum cell too small),TRUE
Symphurus nigrescens,9,2003,4,ITA_9_CIR_2003_144_7_8,0.0137612238101368,0.0133985886543053,species x GSA x stratum x year,TRUE
Symphurus nigrescens,9,2005,2,ITA_9_LIB_2005_31_8_2,0.05268309046143,0.0103915229775659,species x GSA x year (stratum cell too small),TRUE
Symphurus nigrescens,9,2009,2,ITA_9_LIB_2009_60_6_15,0.0129981093089851,0.011250997558255,species x GSA x year (stratum cell too small),TRUE
Symphurus nigrescens,9,2011,3,ITA_9_LIB_2011_91_6_11,0.00910546395135216,0.00905652086465291,species x GSA x stratum x year,TRUE
Symphurus nigrescens,9,2014,4,ITA_9_LIB_2014_35_9_15,0.00385251814515317,0.00366750851032169,species x GSA x stratum x year,TRUE
Symphurus nigrescens,9,2019,3,ITA_9_SAN_2019_91_6_2,0.0138797511393044,0.00633701520661678,species x GSA x year (stratum cell too small),TRUE
Symphurus nigrescens,10,1999,3,ITA_10_SAN_1999_102_5_8,0.0537999856214385,0.00925933610205283,species x GSA x year (stratum cell too small),TRUE
Symphurus nigrescens,10,2001,3,ITA_10_SAN_2001_102_5_5,0.0557146740276295,0.0186230252238781,species x GSA x year (stratum cell too small),TRUE
Symphurus nigrescens,10,2004,4,ITA_10_PEC_2004_64_5_25,0.0107557034303035,0.00671116970789871,species x GSA x year (stratum cell too small),TRUE
Symphurus nigrescens,10,2006,4,ITA_10_PEC_2006_64_6_13,0.027567021801049,0.0246851093453306,species x GSA x stratum x year,TRUE
Symphurus nigrescens,10,2009,4,ITA_10_PEC_2009_64_7_17,0.0245785300526933,0.00521313053239487,species x GSA x year (stratum cell too small),TRUE
Symphurus nigrescens,10,2010,3,ITA_10_PEC_2010_3_5_29,0.0248382843475836,0.00640269938403017,species x GSA x year (stratum cell too small),TRUE
Symphurus nigrescens,10,2011,3,ITA_10_PEC_2011_57_6_9,0.00623607018503708,0.0050389411471041,species x GSA x year (stratum cell too small),TRUE
Symphurus nigrescens,10,2016,4,ITA_10_PEC_2016_63_9_9,0.00818947731864262,0.00661821740953249,species x GSA x year (stratum cell too small),TRUE
Symphurus nigrescens,11,1998,5,ITA_11_NUS_1998_51_6_11,0.0164582978992236,0.00936328178952268,species x GSA x stratum x year,TRUE
Symphurus nigrescens,11,2007,5,ITA_11_GIS_2007_56_8_20,0.0254262027534498,0.0230578795749214,species x GSA x year (stratum cell too small),TRUE
Symphurus nigrescens,11,2008,1,ITA_11_GIS_2008_52_7_7,0.0184246057052137,0.0127662714026665,species x GSA x year (stratum cell too small),TRUE
Symphurus nigrescens,11,2011,3,ITA_11_GIS_2011_82_6_30,0.0164483236961455,0.0131303548477979,species x GSA x year (stratum cell too small),TRUE
Symphurus nigrescens,11,2014,2,ITA_11_GIS_2014_30_7_31,0.0128422995614477,0.00933900567246516,species x GSA x year (stratum cell too small),TRUE
Symphurus nigrescens,11,2015,2,ITA_11_GIS_2015_68_7_10,0.00431945161108663,0.00324345300863522,species x GSA x year (stratum cell too small),TRUE
Symphurus nigrescens,11,2021,5,ITA_11_GIS_2021_36_8_30,0.0275327423446993,0.00452375512063762,species x GSA x stratum x year,TRUE
Symphurus nigrescens,11,2023,5,ITA_11_GIS_2023_74_9_11,0.00564167306359502,0.00465779625053069,species x GSA x stratum x year,TRUE
Synapturichthys kleinii,11,2003,3,ITA_11_NUS_2003_23_6_19,0.72340505201447,0.531390418235669,species x GSA x year (stratum cell too small),TRUE
Synapturichthys kleinii,11,2010,1,ITA_11_GIS_2010_49_6_7,0.489410810428187,0.482486026190914,species x GSA x stratum x year,TRUE
Synapturichthys kleinii,11,2012,1,ITA_11_GIS_2012_56_6_27,0.879528011026326,0.768907608436795,species x GSA x stratum x year,TRUE
Synapturichthys kleinii,11,2013,1,ITA_11_GIS_2013_25_7_5,0.501892338612603,0.499711462718622,species x GSA x year (stratum cell too small),TRUE
Synchiropus phaeton,5,2009,4,ESP_5_COR_2009_78_4_28,0.4948176968349,0.347072696156362,species x GSA x year (stratum cell too small),TRUE
Synchiropus phaeton,5,2010,4,ESP_5_COR_2010_127_6_23,0.287304513365105,0.116343465925124,species x GSA x year (stratum cell too small),TRUE
Synchiropus phaeton,5,2013,4,ESP_5_COR_2013_193_6_26,0.71990863521072,0.249484133134066,species x GSA x year (stratum cell too small),TRUE
Synchiropus phaeton,5,2015,4,ESP_5_MOL_2015_182_6_8,0.589596655891099,0.253077378396013,species x GSA x year (stratum cell too small),TRUE
Synchiropus phaeton,5,2016,4,ESP_5_MOL_2016_180_6_8,1.3011820268647,0.238790377614255,species x GSA x year (stratum cell too small),TRUE
Synchiropus phaeton,5,2018,4,ESP_5_MOL_2018_174_6_12,1.19086823127774,0.410939333658046,species x GSA x year (stratum cell too small),TRUE
Synchiropus phaeton,5,2020,4,ESP_5_MOL_2020_95_6_21,0.298369714458154,0.296736377098632,species x GSA x year (stratum cell too small),TRUE
Synchiropus phaeton,6,2013,4,ESP_6_COR_2013_51_5_23,0.116002973463498,0.0328934416140588,species x GSA x year (stratum cell too small),TRUE
Synchiropus phaeton,6,2017,4,ESP_6_MOL_2017_74_5_13,0.327098781946237,0.283300262410368,species x GSA x stratum x year,TRUE
Synchiropus phaeton,6,2021,4,ESP_6_MOL_2021_78_5_16,0.536523589932394,0.391970027480699,species x GSA x stratum x year,TRUE
Synchiropus phaeton,8,2018,4,FRA_8_LEU_2018_5_5_25,0.0532533650693509,0.0185356648658011,species x GSA x year (stratum cell too small),TRUE
Synchiropus phaeton,9,1997,4,ITA_9_FRP_1997_54_6_7,0.01165854092083,0.00890171600619885,species x GSA x stratum x year,TRUE
Synchiropus phaeton,9,2000,4,ITA_9_FRP_2000_40_7_7,0.0108433026871596,0.00499698738166321,species x GSA x stratum x year,TRUE
Synchiropus phaeton,9,2002,4,ITA_9_FRP_2002_53_7_19,0.0142843796145019,0.0103675339258879,species x GSA x stratum x year,TRUE
Synchiropus phaeton,9,2009,4,ITA_9_LIB_2009_53_6_11,0.00642398795399437,0.00338940582350156,species x GSA x year (stratum cell too small),TRUE
Synchiropus phaeton,9,2010,4,ITA_9_LIB_2010_41_6_1,0.0108923734849244,0.00430637049507283,species x GSA x year (stratum cell too small),TRUE
Synchiropus phaeton,9,2012,4,ITA_9_LIB_2012_53_7_4,0.0186512616832807,0.0103569893478104,species x GSA x year (stratum cell too small),TRUE
Synchiropus phaeton,9,2016,4,ITA_9_SAN_2016_53_5_28,0.0748599086940122,0.0147099087345636,species x GSA x year (stratum cell too small),TRUE
Synchiropus phaeton,9,2017,4,ITA_9_SAN_2017_53_9_25,0.0142335160839489,0.010310121434398,species x GSA x year (stratum cell too small),TRUE
Synchiropus phaeton,9,2020,4,ITA_9_SAN_2020_54_10_29,0.00932022217046434,0.00722171256911717,species x GSA x stratum x year,TRUE
Synchiropus phaeton,9,2021,4,ITA_9_SAN_2021_53_9_8,0.00504281139307579,0.00257400889320555,species x GSA x year (stratum cell too small),TRUE
Synchiropus phaeton,10,1997,4,ITA_10_SAN_1997_114_6_28,0.0171952900167509,0.0166225418661943,species x GSA x stratum x year,TRUE
Synchiropus phaeton,10,2006,4,ITA_10_PEC_2006_30_6_22,0.00407285298616655,0.00168675885266662,species x GSA x year (stratum cell too small),TRUE
Synchiropus phaeton,10,2009,4,ITA_10_PEC_2009_63_7_17,0.011788385465313,0.00610079087856479,species x GSA x year (stratum cell too small),TRUE
Synchiropus phaeton,10,2011,4,ITA_10_PEC_2011_63_6_8,0.00735879431827136,0.00617213784372586,species x GSA x stratum x year,TRUE
Synchiropus phaeton,10,2016,4,ITA_10_PEC_2016_63_9_9,0.00440426252891726,0.00408032933261726,species x GSA x stratum x year,TRUE
Synchiropus phaeton,11,1996,4,ITA_11_NUS_1996_10_6_21,0.0869862177481628,0.020462245761263,species x GSA x stratum x year,TRUE
Synchiropus phaeton,11,1999,4,ITA_11_NUS_1999_21_5_24,0.0251865424046277,0.0205422802559991,species x GSA x year (stratum cell too small),TRUE
Synchiropus phaeton,11,2010,3,ITA_11_GIS_2010_70_6_14,0.0307722007652833,0.019290973546104,species x GSA x year (stratum cell too small),TRUE
Synchiropus phaeton,11,2012,4,ITA_11_GIS_2012_18_6_8,0.0441868313119903,0.0302339814860896,species x GSA x year (stratum cell too small),TRUE
Synchiropus phaeton,11,2014,4,ITA_11_GIS_2014_14_7_24,0.0276306474482248,0.0210198901353104,species x GSA x year (stratum cell too small),TRUE
Synchiropus phaeton,11,2016,4,ITA_11_GIS_2016_41_6_17,0.0465558566786165,0.030762920243606,species x GSA x stratum x year,TRUE
Synchiropus phaeton,11,2018,4,ITA_11_GIS_2018_17_7_19,0.0231845369348368,0.00650003036689915,species x GSA x stratum x year,TRUE
Synchiropus phaeton,11,2019,4,ITA_11_GIS_2019_17_6_6,0.0496077528999454,0.0120370838848864,species x GSA x stratum x year,TRUE
Syngnathus acus,5,2019,2,ESP_5_MOL_2019_212_6_21,0.0299224654607956,0.0258248195822642,species x GSA x stratum x year,TRUE
Syngnathus acus,5,2020,2,ESP_5_MOL_2020_57_6_12,0.0245370828330332,0.0203914577883002,species x GSA x stratum x year,TRUE
Syngnathus typhle,11,2000,1,ITA_11_NUS_2000_42_6_12,0.0815513764144159,0.0657801877326981,species x GSA x year (stratum cell too small),TRUE
Synodus saurus,11,2003,1,ITA_11_NUS_2003_5_6_16,0.69653353004165,0.601180943317819,species x GSA x year (stratum cell too small),TRUE
Synodus saurus,11,2014,1,ITA_11_GIS_2014_16_7_24,0.306835209230098,0.287515683196119,species x GSA x stratum x year,TRUE
Synodus saurus,11,2016,1,ITA_11_GIS_2016_34_6_16,0.305967137567613,0.241655778431134,species x GSA x stratum x year,TRUE
Synoicum blochmanni,5,2013,2,ESP_5_COR_2013_188_6_25,0.0116893942354029,0.00899772170677479,species x GSA x stratum x year,TRUE
Synoicum blochmanni,5,2017,3,ESP_5_MOL_2017_220_6_18,0.0294673080349189,0.0235531228315461,species x GSA x year (stratum cell too small),TRUE
Synoicum blochmanni,5,2018,2,ESP_5_MOL_2018_196_6_18,0.0130520926734735,0.00663286661317413,species x GSA x stratum x year,TRUE
Tethya aurantium,5,2014,2,ESP_5_MOL_2014_197_6_11,0.0193236714975845,0.0102599755458223,species x GSA x stratum x year,TRUE
Tethyaster subinermis,1,2018,3,ESP_1_MOL_2018_42_5_6,0.0549542211711137,0.0330691153177327,species x GSA x year (stratum cell too small),TRUE
Tethyaster subinermis,5,2020,3,ESP_5_MOL_2020_59_6_12,0.0509916421869834,0.0438738129564491,species x GSA x year (stratum cell too small),TRUE
Tethyaster subinermis,6,2021,2,ESP_6_MOL_2021_70_5_14,0.0368094625472839,0.0360633904897216,species x GSA x year (stratum cell too small),TRUE
Tethyaster subinermis,9,2019,4,ITA_9_SAN_2019_97_6_2,0.0136440155943072,0.0133970858550927,species x GSA x year (stratum cell too small),TRUE
Tethyaster subinermis,9,2021,3,ITA_9_SAN_2021_42_9_9,0.0274641493218001,0.0133885612671722,species x GSA x year (stratum cell too small),TRUE
Tethyaster subinermis,10,2011,1,ITA_10_PEC_2011_32_6_19,0.0137177974704381,0.0098733532680989,species x GSA x year (stratum cell too small),TRUE
Tethyaster subinermis,10,2014,3,ITA_10_PEC_2014_54_9_5,0.0476883586496316,0.0192259151950158,species x GSA x year (stratum cell too small),TRUE
Tethys fimbria,7,2015,1,FRA_7_LEU_2015_54_6_12,0.0229801186437466,0.00654639538308289,species x GSA x year (stratum cell too small),TRUE
Thenea muricata,1,2018,5,ESP_1_MOL_2018_17_4_30,0.010662177328844,0.0037922066595304,species x GSA x year (stratum cell too small),TRUE
Todarodes sagittatus,1,1998,5,ESP_1_COR_1998_7_5_5,0.139293226170411,0.0502061107879226,species x GSA x year (stratum cell too small),TRUE
Todarodes sagittatus,1,2000,5,ESP_1_COR_2000_11_5_25,1.20574162679426,0.496154298961906,species x GSA x year (stratum cell too small),TRUE
Todarodes sagittatus,1,2005,4,ESP_1_COR_2005_123_6_7,1.2455088949336,0.450891331198774,species x GSA x stratum x year,TRUE
Todarodes sagittatus,1,2010,5,ESP_1_COR_2010_6_5_17,0.363155457772586,0.269264334098493,species x GSA x year (stratum cell too small),TRUE
Todarodes sagittatus,1,2016,4,ESP_1_MOL_2016_66_5_9,0.105284558748784,0.0898341320850441,species x GSA x stratum x year,TRUE
Todarodes sagittatus,1,2017,4,ESP_1_MOL_2017_35_5_2,0.348048161433096,0.296715722704457,species x GSA x stratum x year,TRUE
Todarodes sagittatus,1,2019,5,ESP_1_MOL_2019_17_5_1,0.157679693316842,0.154268111751619,species x GSA x stratum x year,TRUE
Todarodes sagittatus,5,2007,4,ESP_5_COR_2007_84_6_8,0.39883172982525,0.31624467187514,species x GSA x year (stratum cell too small),TRUE
Todarodes sagittatus,5,2008,5,ESP_5_COR_2008_83_5_25,0.0761005406520633,0.0524212253478973,species x GSA x year (stratum cell too small),TRUE
Todarodes sagittatus,5,2017,2,ESP_5_MOL_2017_217_6_18,0.284274829435102,0.259257785861867,species x GSA x stratum x year,TRUE
Todarodes sagittatus,6,1996,5,ESP_6_COR_1996_51_5_13,0.163623273774462,0.082717576989782,species x GSA x year (stratum cell too small),TRUE
Todarodes sagittatus,6,2002,4,ESP_6_COR_2002_116_6_9,0.189361661837944,0.0975512992930917,species x GSA x year (stratum cell too small),TRUE
Todarodes sagittatus,6,2006,5,ESP_6_COR_2006_56_5_18,0.274897205991589,0.230530172309521,species x GSA x year (stratum cell too small),TRUE
Todarodes sagittatus,6,2010,4,ESP_6_COR_2010_80_6_11,0.158987281017519,0.108647324075022,species x GSA x year (stratum cell too small),TRUE
Todarodes sagittatus,6,2011,4,ESP_6_COR_2011_39_5_17,0.237230499652929,0.228979632663701,species x GSA x year (stratum cell too small),TRUE
Todarodes sagittatus,6,2015,4,ESP_6_MOL_2015_100_5_19,0.110311622637792,0.0429392650229801,species x GSA x year (stratum cell too small),TRUE
Todarodes sagittatus,7,2004,4,FRA_7_LEU_2004_27_6_9,0.114090409998003,0.0822877981625246,species x GSA x year (stratum cell too small),TRUE
Todarodes sagittatus,7,2005,4,FRA_7_LEU_2005_90_7_4,0.0979447506268464,0.0953259842282946,species x GSA x year (stratum cell too small),TRUE
Todarodes sagittatus,8,1999,2,FRA_8_LEU_1999_17_5_9,0.696466021848687,0.375698984433876,species x GSA x year (stratum cell too small),TRUE
Todarodes sagittatus,8,2008,4,FRA_8_LEU_2008_3_5_18,0.306195194345028,0.246752500229718,species x GSA x year (stratum cell too small),TRUE
Todarodes sagittatus,9,1995,5,ITA_9_FRP_1995_39_7_5,0.205822301257986,0.150897121977102,species x GSA x stratum x year,TRUE
Todarodes sagittatus,9,2003,5,ITA_9_CIR_2003_142_7_8,0.108938653328786,0.0963130006641703,species x GSA x year (stratum cell too small),TRUE
Todarodes sagittatus,9,2008,4,ITA_9_LIB_2008_139_5_7,0.216272330118085,0.164214969798973,species x GSA x year (stratum cell too small),TRUE
Todarodes sagittatus,9,2018,4,ITA_9_SAN_2018_25_7_1,0.204421368667237,0.133159523825033,species x GSA x stratum x year,TRUE
Todarodes sagittatus,10,1996,5,ITA_10_SAN_1996_137_7_3,0.739596004733414,0.30298733193692,species x GSA x stratum x year,TRUE
Todarodes sagittatus,10,2003,5,ITA_10_DAP_2003_67_7_31,0.35097192224622,0.266066026182118,species x GSA x stratum x year,TRUE
Todarodes sagittatus,10,2010,5,ITA_10_PEC_2010_67_6_5,0.456747809437506,0.419679404364289,species x GSA x stratum x year,TRUE
Todarodes sagittatus,10,2019,5,ITA_10_SAN_2019_51_7_4,0.27959488150571,0.223539462693665,species x GSA x stratum x year,TRUE
Todarodes sagittatus,10,2021,5,ITA_10_SAN_2021_66_10_8,0.565551049740773,0.44533395850578,species x GSA x stratum x year,TRUE
Todarodes sagittatus,11,1994,5,ITA_11_NUS_1994_104_7_29,0.351696002250854,0.196009680833595,species x GSA x year (stratum cell too small),TRUE
Todarodes sagittatus,11,2001,5,ITA_11_NUS_2001_112_7_12,0.254360657365613,0.199188429320494,species x GSA x year (stratum cell too small),TRUE
Todarodes sagittatus,11,2003,4,ITA_11_NUS_2003_72_7_3,0.344234756301463,0.113811706583251,species x GSA x stratum x year,TRUE
Todarodes sagittatus,11,2011,5,ITA_11_GIS_2011_40_6_15,0.108995452021349,0.0837132401717987,species x GSA x year (stratum cell too small),TRUE
Todarodes sagittatus,11,2013,4,ITA_11_GIS_2013_71_7_18,0.263945364817742,0.149032033057828,species x GSA x stratum x year,TRUE
Todarodes sagittatus,11,2016,5,ITA_11_GIS_2016_64_6_23,0.155640171346978,0.121316145727458,species x GSA x year (stratum cell too small),TRUE
Todarodes sagittatus,11,2020,5,ITA_11_GIS_2020_23_10_26,0.28496898222232,0.192455217130424,species x GSA x year (stratum cell too small),TRUE
Todarodes sagittatus,11,2023,5,ITA_11_GIS_2023_63_8_9,0.274556213017751,0.154611164546274,species x GSA x year (stratum cell too small),TRUE
Todaropsis eblanae,1,1996,4,ESP_1_COR_1996_32_5_9,0.123216442002021,0.0778547320129925,species x GSA x year (stratum cell too small),TRUE
Todaropsis eblanae,1,2004,3,ESP_1_COR_2004_1_5_6,0.0870110124917817,0.055455519110158,species x GSA x year (stratum cell too small),TRUE
Todaropsis eblanae,1,2005,3,ESP_1_COR_2005_9_5_11,0.235639204331237,0.108424492439832,species x GSA x year (stratum cell too small),TRUE
Todaropsis eblanae,1,2015,3,ESP_1_MOL_2015_6_4_24,0.0764856920765356,0.0646749161095994,species x GSA x year (stratum cell too small),TRUE
Todaropsis eblanae,6,2000,3,ESP_6_COR_2000_113_6_23,0.0499963544324893,0.0314466767253179,species x GSA x year (stratum cell too small),TRUE
Todaropsis eblanae,6,2019,4,ESP_6_MOL_2019_171_6_8,0.0302551423750247,0.0277317313549019,species x GSA x year (stratum cell too small),TRUE
Todaropsis eblanae,6,2020,4,ESP_6_MOL_2020_33_6_5,0.0522575431687105,0.0520205115824473,species x GSA x year (stratum cell too small),TRUE
Todaropsis eblanae,7,1998,4,FRA_7_LEU_1998_37_5_30,0.225398994797637,0.128384424836741,species x GSA x year (stratum cell too small),TRUE
Todaropsis eblanae,7,1999,2,FRA_7_LEU_1999_88_6_6,0.11479040622299,0.107418156913656,species x GSA x year (stratum cell too small),TRUE
Todaropsis eblanae,7,2005,5,FRA_7_LEU_2005_52_6_19,0.0920601004705294,0.0807245201182876,species x GSA x year (stratum cell too small),TRUE
Todaropsis eblanae,7,2008,5,FRA_7_LEU_2008_79_6_17,0.13626777598661,0.113196974946441,species x GSA x year (stratum cell too small),TRUE
Todaropsis eblanae,7,2009,4,FRA_7_LEU_2009_29_5_31,0.239973262032086,0.1931797014715,species x GSA x year (stratum cell too small),TRUE
Todaropsis eblanae,7,2013,3,FRA_7_LEU_2013_66_6_15,0.131526104417671,0.118255912912641,species x GSA x year (stratum cell too small),TRUE
Todaropsis eblanae,7,2014,4,FRA_7_LEU_2014_75_6_23,0.133563975515443,0.0662185014803714,species x GSA x year (stratum cell too small),TRUE
Todaropsis eblanae,7,2017,4,FRA_7_LEU_2017_45_6_11,0.0809014067764009,0.0695180128783474,species x GSA x year (stratum cell too small),TRUE
Todaropsis eblanae,7,2018,4,FRA_7_LEU_2018_30_6_2,0.155400850677977,0.0650387870134672,species x GSA x year (stratum cell too small),TRUE
Todaropsis eblanae,7,2022,3,FRA_7_LEU_2022_94_6_16,0.117640796337698,0.0788329434190548,species x GSA x stratum x year,TRUE
Todaropsis eblanae,7,2023,4,FRA_7_LEU_2023_30_6_4,0.172476931311042,0.155841066702089,species x GSA x year (stratum cell too small),TRUE
Todaropsis eblanae,8,2016,4,FRA_8_LEU_2016_16_5_27,0.248973382096801,0.214021294761427,species x GSA x year (stratum cell too small),TRUE
Todaropsis eblanae,8,2018,4,FRA_8_LEU_2018_13_5_27,0.326983601126387,0.289782324888578,species x GSA x stratum x year,TRUE
Todaropsis eblanae,9,1994,4,ITA_9_FRP_1994_113_6_8,0.214018191546281,0.16352259417829,species x GSA x stratum x year,TRUE
Todaropsis eblanae,9,1997,4,ITA_9_FRP_1997_22_7_23,0.143064057178264,0.142661325664277,species x GSA x stratum x year,TRUE
Todaropsis eblanae,9,1998,3,ITA_9_FRP_1998_104_5_24,0.30539363330623,0.229523329179747,species x GSA x stratum x year,TRUE
Todaropsis eblanae,9,1999,4,ITA_9_FRP_1999_113_5_26,0.302844101123596,0.235014735517106,species x GSA x stratum x year,TRUE
Todaropsis eblanae,9,2000,3,ITA_9_FRP_2000_104_6_1,0.1585414189457,0.136139425414933,species x GSA x stratum x year,TRUE
Todaropsis eblanae,9,2001,3,ITA_9_FRP_2001_63_5_9,0.0789081635229654,0.0573047395799169,species x GSA x stratum x year,TRUE
Todaropsis eblanae,9,2002,3,ITA_9_FRP_2002_104_7_23,0.344827586206897,0.253450472928229,species x GSA x stratum x year,TRUE
Todaropsis eblanae,9,2004,3,ITA_9_LIB_2004_131_6_4,0.144885540423066,0.13563452467418,species x GSA x stratum x year,TRUE
Todaropsis eblanae,9,2013,3,ITA_9_LIB_2013_5_7_21,0.20701858373139,0.0858679939153776,species x GSA x stratum x year,TRUE
Todaropsis eblanae,9,2014,3,ITA_9_LIB_2014_27_8_23,0.435050331976869,0.43399416462665,species x GSA x stratum x year,TRUE
Todaropsis eblanae,9,2016,3,ITA_9_SAN_2016_131_5_29,0.194099378881988,0.154117481756211,species x GSA x stratum x year,TRUE
Todaropsis eblanae,9,2017,4,ITA_9_SAN_2017_41_10_10,0.339615495355529,0.33130522011232,species x GSA x stratum x year,TRUE
Todaropsis eblanae,9,2023,5,ITA_9_SAN_2023_39_10_17,0.0753977687111792,0.0683225116024369,species x GSA x stratum x year,TRUE
Todaropsis eblanae,10,1998,4,ITA_10_SAN_1998_73_6_9,0.329189635548017,0.131983143434088,species x GSA x stratum x year,TRUE
Todaropsis eblanae,10,1999,4,ITA_10_SAN_1999_106_5_12,0.139644000893722,0.117933182249356,species x GSA x stratum x year,TRUE
Todaropsis eblanae,10,2002,4,ITA_10_GAB_2002_61_7_22,0.146487951366,0.110191908356919,species x GSA x stratum x year,TRUE
Todaropsis eblanae,10,2006,4,ITA_10_PEC_2006_35_6_17,0.0483683215440028,0.0317269706959132,species x GSA x year (stratum cell too small),TRUE
Todaropsis eblanae,10,2009,4,ITA_10_PEC_2009_1_7_12,0.155039547792847,0.151937846912093,species x GSA x stratum x year,TRUE
Todaropsis eblanae,10,2017,4,ITA_10_SAN_2017_14_10_22,0.480112235079122,0.476591476021061,species x GSA x stratum x year,TRUE
Todaropsis eblanae,11,1997,4,ITA_11_NUS_1997_44_7_8,0.265988573130898,0.244992299940054,species x GSA x stratum x year,TRUE
Todaropsis eblanae,11,2000,4,ITA_11_NUS_2000_24_6_6,0.781341433572014,0.516059180483364,species x GSA x stratum x year,TRUE
Todaropsis eblanae,11,2001,4,ITA_11_NUS_2001_27_6_12,0.194117342551679,0.186944170306434,species x GSA x stratum x year,TRUE
Todaropsis eblanae,11,2003,4,ITA_11_NUS_2003_32_6_23,0.639254295728841,0.419293130533701,species x GSA x stratum x year,TRUE
Todaropsis eblanae,11,2011,4,ITA_11_GIS_2011_55_6_21,0.293234058730262,0.26225231340972,species x GSA x stratum x year,TRUE
Todaropsis eblanae,11,2014,4,ITA_11_GIS_2014_52_8_4,0.104661023407003,0.100781131701726,species x GSA x stratum x year,TRUE
Todaropsis eblanae,11,2015,3,ITA_11_GIS_2015_57_7_7,0.159540752085861,0.153166177187866,species x GSA x stratum x year,TRUE
Torpedo marmorata,1,2018,1,ESP_1_MOL_2018_14_4_30,2.16920442112244,0.709189582364457,species x GSA x year (stratum cell too small),TRUE
Torpedo marmorata,6,1998,1,ESP_6_COR_1998_51_5_19,0.232270117620703,0.185997779166089,species x GSA x year (stratum cell too small),TRUE
Torpedo marmorata,6,2008,1,ESP_6_COR_2008_47_5_17,1.96656829601081,0.682515927984628,species x GSA x year (stratum cell too small),TRUE
Torpedo marmorata,6,2021,1,ESP_6_MOL_2021_76_5_15,0.630290957178004,0.419625712510369,species x GSA x year (stratum cell too small),TRUE
Torpedo marmorata,7,1995,1,FRA_7_LEU_1995_45_7_4,1.53807422526827,0.458834460704411,species x GSA x year (stratum cell too small),TRUE
Torpedo marmorata,9,2019,2,ITA_9_SAN_2019_89_6_1,0.191417064135266,0.189856571430211,species x GSA x year (stratum cell too small),TRUE
Trachinus draco,1,2013,1,ESP_1_COR_2013_14_5_11,0.282761892643421,0.260996810381869,species x GSA x year (stratum cell too small),TRUE
Trachinus draco,1,2015,2,ESP_1_MOL_2015_15_4_26,0.472090750556948,0.270660212406196,species x GSA x year (stratum cell too small),TRUE
Trachinus draco,1,2017,1,ESP_1_MOL_2017_21_4_28,0.178832851387171,0.121400730761795,species x GSA x year (stratum cell too small),TRUE
Trachinus draco,1,2018,1,ESP_1_MOL_2018_40_5_6,0.205495277918754,0.195401699053216,species x GSA x year (stratum cell too small),TRUE
Trachinus draco,1,2021,2,ESP_1_MOL_2021_18_4_30,0.288441731070368,0.275422324348858,species x GSA x stratum x year,TRUE
Trachinus draco,5,2009,2,ESP_5_COR_2009_135_5_13,1.34022595760244,0.73129446578644,species x GSA x stratum x year,TRUE
Trachinus draco,5,2013,2,ESP_5_COR_2013_191_6_25,0.610134777782094,0.480320025640938,species x GSA x stratum x year,TRUE
Trachinus draco,5,2020,2,ESP_5_MOL_2020_103_6_23,0.897477486316833,0.502173799061958,species x GSA x stratum x year,TRUE
Trachinus draco,5,2021,2,ESP_5_MOL_2021_214_6_18,1.15357441070927,1.02776103804525,species x GSA x stratum x year,TRUE
Trachinus draco,6,1997,2,ESP_6_COR_1997_42_5_21,0.122864188823954,0.109324243006355,species x GSA x stratum x year,TRUE
Trachinus draco,6,1998,2,ESP_6_COR_1998_91_5_30,0.239212946629339,0.145000576229061,species x GSA x stratum x year,TRUE
Trachinus draco,6,2006,2,ESP_6_COR_2006_128_6_9,0.423061678863144,0.255759850538651,species x GSA x stratum x year,TRUE
Trachinus draco,6,2009,3,ESP_6_COR_2009_113_5_5,0.224410057195841,0.118681268831316,species x GSA x year (stratum cell too small),TRUE
Trachinus draco,6,2011,1,ESP_6_COR_2011_101_6_1,0.153237376609163,0.132884393995183,species x GSA x year (stratum cell too small),TRUE
Trachinus draco,6,2013,2,ESP_6_COR_2013_140_6_12,0.186205155721409,0.165623007310806,species x GSA x stratum x year,TRUE
Trachinus draco,6,2014,2,ESP_6_MOL_2014_135_5_27,0.166455058075307,0.148066439737772,species x GSA x stratum x year,TRUE
Trachinus draco,6,2015,3,ESP_6_MOL_2015_97_5_18,0.504200557352447,0.195619798331529,species x GSA x year (stratum cell too small),TRUE
Trachinus draco,6,2017,3,ESP_6_MOL_2017_104_5_20,0.299135238917049,0.078511080395477,species x GSA x year (stratum cell too small),TRUE
Trachinus draco,7,1995,2,FRA_7_LEU_1995_18_6_28,0.063652824388703,0.0557609754757298,species x GSA x stratum x year,TRUE
Trachinus draco,7,2000,1,FRA_7_LEU_2000_77_6_27,0.0511441608207896,0.0264074433590602,species x GSA x year (stratum cell too small),TRUE
Trachinus draco,7,2013,1,FRA_7_LEU_2013_59_6_14,0.113588001609311,0.101906190876234,species x GSA x year (stratum cell too small),TRUE
Trachinus draco,7,2014,1,FRA_7_LEU_2014_63_6_17,0.205754393510701,0.119738803930853,species x GSA x year (stratum cell too small),TRUE
Trachinus draco,7,2015,1,FRA_7_LEU_2015_70_6_21,0.388195440499849,0.0788652918566092,species x GSA x year (stratum cell too small),TRUE
Trachinus draco,7,2017,1,FRA_7_LEU_2017_64_6_17,0.0654938028718553,0.0583447117940743,species x GSA x year (stratum cell too small),TRUE
Trachinus draco,7,2018,1,FRA_7_LEU_2018_79_6_19,0.198538629778312,0.121194573268076,species x GSA x year (stratum cell too small),TRUE
Trachinus draco,7,2021,1,FRA_7_LEU_2021_47_6_5,0.197913284537645,0.169892027560422,species x GSA x year (stratum cell too small),TRUE
Trachinus draco,9,1994,2,ITA_9_FRP_1994_118_6_9,0.291517951316365,0.255438880480321,species x GSA x year (stratum cell too small),TRUE
Trachinus draco,9,1998,3,ITA_9_FRP_1998_95_5_22,0.0309191902668845,0.0286956286586758,species x GSA x year (stratum cell too small),TRUE
Trachinus draco,9,2002,3,ITA_9_FRP_2002_95_7_22,0.0460213961342371,0.0448954658961749,species x GSA x year (stratum cell too small),TRUE
Trachinus draco,9,2004,2,ITA_9_LIB_2004_15_6_30,0.167222398304846,0.0818502917596539,species x GSA x year (stratum cell too small),TRUE
Trachinus draco,9,2009,2,ITA_9_LIB_2009_132_6_25,0.0712787070698624,0.0436006753750171,species x GSA x year (stratum cell too small),TRUE
Trachinus draco,9,2013,2,ITA_9_LIB_2013_15_7_22,0.179704856261346,0.0623851237910635,species x GSA x year (stratum cell too small),TRUE
Trachinus draco,9,2023,2,ITA_9_SAN_2023_19_10_23,0.1550372677432,0.0683116959768284,species x GSA x year (stratum cell too small),TRUE
Trachinus draco,10,2007,2,ITA_10_PEC_2007_51_8_6,0.0469194950841303,0.0297951670344417,species x GSA x year (stratum cell too small),TRUE
Trachinus draco,10,2008,1,ITA_10_PEC_2008_50_7_24,0.0665008361941428,0.0288570220109337,species x GSA x year (stratum cell too small),TRUE
Trachinus draco,10,2012,1,ITA_10_PEC_2012_50_6_20,0.042378898785666,0.0373574716062605,species x GSA x year (stratum cell too small),TRUE
Trachinus draco,11,1994,2,ITA_11_NUS_1994_52_6_30,0.205027730475804,0.177469700216663,species x GSA x stratum x year,TRUE
Trachinus draco,11,1995,1,ITA_11_NUS_1995_23_6_23,0.363964148492489,0.308417108426103,species x GSA x stratum x year,TRUE
Trachinus draco,11,1996,2,ITA_11_NUS_1996_92_7_24,0.204378325026788,0.157327220956386,species x GSA x stratum x year,TRUE
Trachinus draco,11,1997,2,ITA_11_NUS_1997_62_7_14,0.787791279660725,0.520460555747359,species x GSA x stratum x year,TRUE
Trachinus draco,11,1998,2,ITA_11_NUS_1998_34_6_4,0.418083853024211,0.213076745146894,species x GSA x stratum x year,TRUE
Trachinus draco,11,1999,1,ITA_11_NUS_1999_97_6_17,0.255054519460971,0.223801702094291,species x GSA x stratum x year,TRUE
Trachinus draco,11,2000,1,ITA_11_NUS_2000_84_7_4,0.195723303394598,0.183238315057308,species x GSA x stratum x year,TRUE
Trachinus draco,11,2003,1,ITA_11_NUS_2003_50_6_27,0.383093441522907,0.318947503748096,species x GSA x stratum x year,TRUE
Trachinus draco,11,2009,2,ITA_11_GIS_2009_72_7_3,0.288598845288299,0.248863183666706,species x GSA x stratum x year,TRUE
Trachinus draco,11,2015,2,ITA_11_GIS_2015_54_7_6,0.213901083742756,0.125239322164244,species x GSA x stratum x year,TRUE
Trachinus draco,11,2016,1,ITA_11_GIS_2016_34_6_16,0.0650993909718325,0.0646065814760149,species x GSA x stratum x year,TRUE
Trachinus draco,11,2023,2,ITA_11_GIS_2023_82_9_12,0.0444903850119452,0.0412264261125876,species x GSA x stratum x year,TRUE
Trachinus radiatus,5,2011,2,ESP_5_COR_2011_139_6_13,0.606160927389539,0.564127914304509,species x GSA x stratum x year,TRUE
Trachinus radiatus,11,2000,2,ITA_11_NUS_2000_12_6_1,0.544763194448298,0.281380191540258,species x GSA x year (stratum cell too small),TRUE
Trachinus radiatus,11,2005,1,ITA_11_GIS_2005_41_7_5,0.5793771838275,0.550591781668823,species x GSA x year (stratum cell too small),TRUE
Trachinus radiatus,11,2007,2,ITA_11_GIS_2007_49_8_7,0.489538304682305,0.475818304940941,species x GSA x year (stratum cell too small),TRUE
Trachinus radiatus,11,2011,2,ITA_11_GIS_2011_86_7_1,0.719253757024264,0.551798643358291,species x GSA x stratum x year,TRUE
Trachurus mediterraneus,1,2014,1,ESP_1_MOL_2014_17_4_29,9.33019849473698,6.60123656014555,species x GSA x year (stratum cell too small),TRUE
Trachurus mediterraneus,5,2021,2,ESP_5_MOL_2021_260_8_23,115.11240531273,32.5034152477661,species x GSA x stratum x year,TRUE
Trachurus mediterraneus,6,2001,3,ESP_6_COR_2001_62_5_28,0.773288869223353,0.486682012945193,species x GSA x stratum x year,TRUE
Trachurus mediterraneus,6,2008,1,ESP_6_COR_2008_109_5_31,24.337922247266,22.4693876445043,species x GSA x year (stratum cell too small),TRUE
Trachurus mediterraneus,6,2015,2,ESP_6_MOL_2015_154_5_31,6.45661829409896,4.74084071345391,species x GSA x stratum x year,TRUE
Trachurus mediterraneus,6,2021,1,ESP_6_MOL_2021_171_6_5,8.72311167487553,6.28786422446696,species x GSA x year (stratum cell too small),TRUE
Trachurus mediterraneus,7,2000,1,FRA_7_LEU_2000_52_6_16,7.9434508592692,3.59610052475916,species x GSA x year (stratum cell too small),TRUE
Trachurus mediterraneus,7,2007,2,FRA_7_LEU_2007_68_6_27,23.0184163535794,7.47290942289517,species x GSA x stratum x year,TRUE
Trachurus mediterraneus,7,2016,2,FRA_7_LEU_2016_76_6_19,13.9047571063682,7.51354014229207,species x GSA x stratum x year,TRUE
Trachurus mediterraneus,7,2022,2,FRA_7_LEU_2022_82_6_12,5.47898249047674,3.97260363339395,species x GSA x stratum x year,TRUE
Trachurus mediterraneus,8,2015,2,FRA_8_LEU_2015_9_5_26,120.912665963117,67.5057623901201,species x GSA x year (stratum cell too small),TRUE
Trachurus mediterraneus,9,1994,3,ITA_9_FRP_1994_91_6_2,32.6189541701735,4.65390485615714,species x GSA x stratum x year,TRUE
Trachurus mediterraneus,9,2005,3,ITA_9_LIB_2005_32_7_31,3.92998220609199,1.38975274172329,species x GSA x stratum x year,TRUE
Trachurus mediterraneus,9,2014,3,ITA_9_LIB_2014_13_9_16,115.926442236971,93.3168410652913,species x GSA x stratum x year,TRUE
Trachurus mediterraneus,9,2018,2,ITA_9_SAN_2018_132_6_24,24.9035865818476,24.2475186889539,species x GSA x stratum x year,TRUE
Trachurus mediterraneus,11,2005,3,ITA_11_GIS_2005_93_7_26,27.4085443192532,7.41310502306605,species x GSA x year (stratum cell too small),TRUE
Trachurus mediterraneus,11,2006,3,ITA_11_GIS_2006_30_6_20,155.394236176079,136.343683367073,species x GSA x stratum x year,TRUE
Trachurus mediterraneus,11,2010,2,ITA_11_GIS_2010_30_5_26,25.9557502402147,5.98311183349692,species x GSA x stratum x year,TRUE
Trachurus mediterraneus,11,2011,1,ITA_11_GIS_2011_52_6_20,9.14245458639928,8.14980741795978,species x GSA x year (stratum cell too small),TRUE
Trachurus mediterraneus,11,2015,3,ITA_11_GIS_2015_82_7_14,13.5483395920772,11.8608976987811,species x GSA x year (stratum cell too small),TRUE
Trachurus mediterraneus,11,2016,2,ITA_11_GIS_2016_72_6_27,83.6786407415727,53.3139626200287,species x GSA x stratum x year,TRUE
Trachurus mediterraneus,11,2017,2,ITA_11_GIS_2017_54_11_16,44.2586386324402,19.8074428679234,species x GSA x stratum x year,TRUE
Trachurus mediterraneus,11,2020,1,ITA_11_GIS_2020_87_11_10,23.7505525548328,9.91685966926893,species x GSA x year (stratum cell too small),TRUE
Trachurus mediterraneus,11,2023,3,ITA_11_GIS_2023_84_9_12,18.3056619838229,14.4120478731368,species x GSA x year (stratum cell too small),TRUE
Trachurus picturatus,1,2006,4,ESP_1_COR_2006_43_5_15,11.2192499399115,2.51010428237798,species x GSA x year (stratum cell too small),TRUE
Trachurus picturatus,1,2014,2,ESP_1_MOL_2014_51_5_8,8.85264020827277,3.55585340540025,species x GSA x year (stratum cell too small),TRUE
Trachurus picturatus,1,2015,4,ESP_1_MOL_2015_57_5_6,9.30696509236399,5.23206981298194,species x GSA x year (stratum cell too small),TRUE
Trachurus picturatus,5,2007,3,ESP_5_COR_2007_140_6_21,12.9550046008831,10.6413381909416,species x GSA x year (stratum cell too small),TRUE
Trachurus picturatus,5,2011,3,ESP_5_COR_2011_145_6_14,11.8341890621945,2.18168747899215,species x GSA x year (stratum cell too small),TRUE
Trachurus picturatus,5,2014,3,ESP_5_MOL_2014_214_6_15,5.88483809239792,2.6465546297353,species x GSA x year (stratum cell too small),TRUE
Trachurus picturatus,5,2016,2,ESP_5_MOL_2016_182_6_9,0.692338705225158,0.36338270642301,species x GSA x year (stratum cell too small),TRUE
Trachurus picturatus,6,1994,2,ESP_6_COR_1994_58_6_14,1.9854812081227,0.917764184987978,species x GSA x year (stratum cell too small),TRUE
Trachurus picturatus,6,2005,4,ESP_6_COR_2005_59_5_23,0.953770915748102,0.419710479595321,species x GSA x year (stratum cell too small),TRUE
Trachurus picturatus,6,2008,3,ESP_6_COR_2008_117_6_2,10.1401411696588,1.80564380124115,species x GSA x year (stratum cell too small),TRUE
Trachurus picturatus,6,2010,3,ESP_6_COR_2010_38_5_31,4.34837007911162,0.392949183001209,species x GSA x year (stratum cell too small),TRUE
Trachurus picturatus,6,2011,3,ESP_6_COR_2011_53_5_20,1.83104092731237,1.21748028737106,species x GSA x year (stratum cell too small),TRUE
Trachurus picturatus,6,2014,2,ESP_6_MOL_2014_164_6_2,0.624263784387445,0.511648977342673,species x GSA x year (stratum cell too small),TRUE
Trachurus picturatus,6,2016,3,ESP_6_MOL_2016_74_5_12,37.7957100489689,0.481878782139948,species x GSA x year (stratum cell too small),TRUE
Trachurus picturatus,6,2017,2,ESP_6_MOL_2017_88_5_16,0.808329524857687,0.617905974614454,species x GSA x year (stratum cell too small),TRUE
Trachurus picturatus,6,2018,4,ESP_6_MOL_2018_96_5_22,0.561126427460872,0.509135127963903,species x GSA x year (stratum cell too small),TRUE
Trachurus picturatus,6,2019,3,ESP_6_MOL_2019_156_6_5,6.10350021263708,4.71160505782995,species x GSA x stratum x year,TRUE
Trachurus picturatus,7,2007,3,FRA_7_LEU_2007_46_6_21,6.55651996648165,5.06180889526743,species x GSA x year (stratum cell too small),TRUE
Trachurus picturatus,7,2015,5,FRA_7_LEU_2015_26_6_2,2.912254652965,1.07983587873715,species x GSA x year (stratum cell too small),TRUE
Trachurus picturatus,9,1995,1,ITA_9_FRP_1995_21_7_10,0.448723471468367,0.440128279732816,species x GSA x year (stratum cell too small),TRUE
Trachurus picturatus,9,2008,4,ITA_9_LIB_2008_98_5_9,0.52997444614642,0.1002551758321,species x GSA x year (stratum cell too small),TRUE
Trachurus picturatus,9,2009,4,ITA_9_LIB_2009_152_6_24,1.37863528892749,0.249689807679919,species x GSA x year (stratum cell too small),TRUE
Trachurus picturatus,9,2015,3,ITA_9_LIB_2015_26_7_27,0.389479193291221,0.27276780119584,species x GSA x stratum x year,TRUE
Trachurus picturatus,9,2019,3,ITA_9_SAN_2019_16_6_21,0.800324931922361,0.332972992266491,species x GSA x year (stratum cell too small),TRUE
Trachurus picturatus,10,2011,4,ITA_10_PEC_2011_25_6_17,13.6186598510992,3.16983380973759,species x GSA x year (stratum cell too small),TRUE
Trachurus picturatus,10,2013,4,ITA_10_PEC_2013_8_7_4,4.59253606907174,0.124020674134984,species x GSA x year (stratum cell too small),TRUE
Trachurus picturatus,10,2015,4,ITA_10_PEC_2015_12_6_10,1.17436966504112,0.452597814979877,species x GSA x year (stratum cell too small),TRUE
Trachurus trachurus,1,2005,2,ESP_1_COR_2005_11_5_12,10.0264639554628,5.25024303472864,species x GSA x year (stratum cell too small),TRUE
Trachurus trachurus,5,2010,2,ESP_5_COR_2010_122_6_22,40.1180776361152,33.8633776388286,species x GSA x stratum x year,TRUE
Trachurus trachurus,6,2001,2,ESP_6_COR_2001_101_6_8,21.8827865372047,2.80126156215879,species x GSA x stratum x year,TRUE
Trachurus trachurus,6,2002,3,ESP_6_COR_2002_110_6_8,1.69427229985712,1.2967178905157,species x GSA x stratum x year,TRUE
Trachurus trachurus,6,2004,3,ESP_6_COR_2004_103_5_28,7.46518446297199,0.576963214794032,species x GSA x stratum x year,TRUE
Trachurus trachurus,6,2012,2,ESP_6_COR_2012_108_5_23,25.9670175613324,19.2837931230617,species x GSA x stratum x year,TRUE
Trachurus trachurus,6,2021,3,ESP_6_MOL_2021_168_6_4,285.857289371381,265.676354891923,species x GSA x stratum x year,TRUE
Trachurus trachurus,7,1997,4,FRA_7_LEU_1997_23_6_10,9.82658214693577,7.08213568959101,species x GSA x year (stratum cell too small),TRUE
Trachurus trachurus,7,1998,4,FRA_7_LEU_1998_37_5_30,41.8436983260779,27.3347121799031,species x GSA x year (stratum cell too small),TRUE
Trachurus trachurus,8,2008,4,FRA_8_LEU_2008_3_5_18,59.8953975098544,49.9241016654355,species x GSA x year (stratum cell too small),TRUE
Trachurus trachurus,8,2022,4,FRA_8_LEU_2022_11_5_17,31.7847205092295,1.23261510403551,species x GSA x year (stratum cell too small),TRUE
Trachurus trachurus,9,1995,3,ITA_9_FRP_1995_125_6_19,10.4261293099198,8.37814938157423,species x GSA x stratum x year,TRUE
Trachurus trachurus,9,1997,3,ITA_9_FRP_1997_58_6_12,8.82852612475042,8.80269058837938,species x GSA x stratum x year,TRUE
Trachurus trachurus,9,2000,2,ITA_9_FRP_2000_150_6_13,68.4714370398655,5.02542724185685,species x GSA x stratum x year,TRUE
Trachurus trachurus,9,2001,2,ITA_9_FRP_2001_130_5_30,29.2935914720318,19.7893349475236,species x GSA x year (stratum cell too small),TRUE
Trachurus trachurus,9,2003,4,ITA_9_CIR_2003_27_6_25,1.61042772960498,0.703368425300068,species x GSA x stratum x year,TRUE
Trachurus trachurus,9,2006,2,ITA_9_LIB_2006_12_6_30,0.735607832752203,0.603723015026462,species x GSA x stratum x year,TRUE
Trachurus trachurus,9,2008,2,ITA_9_LIB_2008_60_5_16,4.4304947153692,4.01951989054826,species x GSA x stratum x year,TRUE
Trachurus trachurus,9,2010,2,ITA_9_LIB_2010_19_5_30,2.96081087642878,2.4058362866658,species x GSA x stratum x year,TRUE
Trachurus trachurus,9,2012,4,ITA_9_LIB_2012_38_7_18,18.9739848514222,6.47413558472456,species x GSA x stratum x year,TRUE
Trachurus trachurus,9,2014,4,ITA_9_LIB_2014_98_9_8,56.1580763005475,41.7745286509056,species x GSA x year (stratum cell too small),TRUE
Trachurus trachurus,9,2016,2,ITA_9_SAN_2016_31_6_12,11.1434427901925,5.10199971490917,species x GSA x stratum x year,TRUE
Trachurus trachurus,9,2017,4,ITA_9_SAN_2017_115_10_7,14.0013194843482,3.98916538891451,species x GSA x stratum x year,TRUE
Trachurus trachurus,9,2018,2,ITA_9_SAN_2018_132_6_24,9.61528439453573,4.32363636920723,species x GSA x stratum x year,TRUE
Trachurus trachurus,10,1995,2,ITA_10_SAN_1995_64_6_24,113.917598580175,54.9165411853148,species x GSA x year (stratum cell too small),TRUE
Trachurus trachurus,10,1997,3,ITA_10_SAN_1997_66_6_18,4.33388229175696,3.84948378579455,species x GSA x stratum x year,TRUE
Trachurus trachurus,10,1998,3,ITA_10_SAN_1998_70_6_12,120.602530241084,6.90154069811061,species x GSA x stratum x year,TRUE
Trachurus trachurus,10,1999,2,ITA_10_SAN_1999_61_5_20,71.5691536947576,25.2693908661734,species x GSA x year (stratum cell too small),TRUE
Trachurus trachurus,10,2001,3,ITA_10_SAN_2001_141_4_28,33.307811565551,20.0577850177131,species x GSA x stratum x year,TRUE
Trachurus trachurus,10,2002,2,ITA_10_GAB_2002_51_7_24,11.2440803932473,4.30129361202647,species x GSA x year (stratum cell too small),TRUE
Trachurus trachurus,10,2012,2,ITA_10_PEC_2012_53_6_19,123.810757907399,17.7831460608357,species x GSA x year (stratum cell too small),TRUE
Trachurus trachurus,10,2018,2,ITA_10_SAN_2018_48_7_14,62.1047877145438,52.5386706301303,species x GSA x year (stratum cell too small),TRUE
Trachurus trachurus,10,2019,4,ITA_10_SAN_2019_16_6_28,9.99848328092603,3.85886080804323,species x GSA x stratum x year,TRUE
Trachurus trachurus,11,1996,3,ITA_11_NUS_1996_49_7_11,1.58984533984534,1.27439869166577,species x GSA x stratum x year,TRUE
Trachurus trachurus,11,1998,3,ITA_11_NUS_1998_35_6_4,18.8612686961214,5.91208290709231,species x GSA x stratum x year,TRUE
Trachurus trachurus,11,1999,4,ITA_11_NUS_1999_46_6_1,76.3170394187332,60.2036992997907,species x GSA x year (stratum cell too small),TRUE
Trachurus trachurus,11,2005,2,ITA_11_GIS_2005_7_6_22,2.82829857721728,1.09663026367958,species x GSA x stratum x year,TRUE
Trachurus trachurus,11,2012,2,ITA_11_GIS_2012_55_6_27,31.6249832288549,16.5786178508979,species x GSA x year (stratum cell too small),TRUE
Trachurus trachurus,11,2013,4,ITA_11_GIS_2013_98_7_25,4.83911807556985,1.26934251469962,species x GSA x stratum x year,TRUE
Trachurus trachurus,11,2016,4,ITA_11_GIS_2016_12_6_8,1.93950452641566,1.44648814475359,species x GSA x stratum x year,TRUE
Trachurus trachurus,11,2020,4,ITA_11_GIS_2020_2_10_19,28.2347317405005,12.9167812468212,species x GSA x stratum x year,TRUE
Trachurus trachurus,11,2021,3,ITA_11_GIS_2021_99_9_8,43.0681043137075,22.3781942473298,species x GSA x stratum x year,TRUE
Trachyrincus scabrus,6,2014,5,ESP_6_MOL_2014_115_5_22,0.23512544665525,0.0571251821314045,species x GSA x year (stratum cell too small),TRUE
Trachyrincus scabrus,6,2019,5,ESP_6_MOL_2019_149_6_3,0.260948321891446,0.15378207126911,species x GSA x year (stratum cell too small),TRUE
Trachyrincus scabrus,9,1995,5,ITA_9_FRP_1995_153_6_28,0.322487948669045,0.106100894536707,species x GSA x stratum x year,TRUE
Trachyrincus scabrus,9,2000,5,ITA_9_FRP_2000_140_6_9,0.356053581255435,0.336990975188918,species x GSA x stratum x year,TRUE
Trachyrincus scabrus,9,2001,5,ITA_9_FRP_2001_108_6_5,0.398566433405869,0.245414192008996,species x GSA x stratum x year,TRUE
Trachyrincus scabrus,9,2005,5,ITA_9_LIB_2005_153_7_12,0.306606544085485,0.0631122272413019,species x GSA x stratum x year,TRUE
Trachyrincus scabrus,9,2008,5,ITA_9_LIB_2008_109_5_9,1.21615460032568,0.575281031290926,species x GSA x stratum x year,TRUE
Trigla lyra,5,2008,4,ESP_5_COR_2008_175_6_18,1.17933421171413,0.327510897095439,species x GSA x stratum x year,TRUE
Trigla lyra,5,2011,4,ESP_5_COR_2011_143_6_14,1.72462856243913,1.28298816920266,species x GSA x stratum x year,TRUE
Trigla lyra,5,2014,4,ESP_5_MOL_2014_201_6_12,1.28683294224542,1.18195423349589,species x GSA x year (stratum cell too small),TRUE
Trigla lyra,5,2015,3,ESP_5_MOL_2015_221_6_17,1.03201020302363,0.483277299855974,species x GSA x year (stratum cell too small),TRUE
Trigla lyra,6,2000,4,ESP_6_COR_2000_88_6_17,0.614479914975285,0.503044093375417,species x GSA x year (stratum cell too small),TRUE
Trigla lyra,6,2002,4,ESP_6_COR_2002_104_6_6,0.0274678362013653,0.0263038375989583,species x GSA x year (stratum cell too small),TRUE
Trigla lyra,6,2011,3,ESP_6_COR_2011_50_5_19,0.684661862308015,0.356923163307049,species x GSA x year (stratum cell too small),TRUE
Trigla lyra,7,2000,4,FRA_7_LEU_2000_58_6_20,2.3525010018233,1.02407270833207,species x GSA x year (stratum cell too small),TRUE
Trigla lyra,7,2003,3,FRA_7_LEU_2003_64_6_22,1.99139677496955,1.62209930582849,species x GSA x year (stratum cell too small),TRUE
Trigla lyra,7,2007,4,FRA_7_LEU_2007_84_7_3,0.932404821393656,0.842902273961506,species x GSA x year (stratum cell too small),TRUE
Trigla lyra,7,2010,4,FRA_7_LEU_2010_68_6_13,1.27371115815783,1.17491102243823,species x GSA x year (stratum cell too small),TRUE
Trigla lyra,7,2012,4,FRA_7_LEU_2012_26_6_5,2.66440786831538,0.477799876863728,species x GSA x year (stratum cell too small),TRUE
Trigla lyra,7,2013,3,FRA_7_LEU_2013_65_6_15,2.16881327318617,1.35172970432263,species x GSA x year (stratum cell too small),TRUE
Trigla lyra,7,2014,4,FRA_7_LEU_2014_36_6_10,2.8236365573534,0.856245084708132,species x GSA x year (stratum cell too small),TRUE
Trigla lyra,8,2014,3,FRA_8_LEU_2014_19_6_2,0.373181676322922,0.201589089502751,species x GSA x year (stratum cell too small),TRUE
Trigla lyra,8,2016,4,FRA_8_LEU_2016_16_5_27,0.119677663158594,0.0807909767025441,species x GSA x year (stratum cell too small),TRUE
Trigla lyra,8,2017,3,FRA_8_LEU_2017_21_6_3,0.396331484077567,0.245062910379272,species x GSA x year (stratum cell too small),TRUE
Trigla lyra,8,2021,4,FRA_8_LEU_2021_17_5_28,0.643344834624547,0.55740326317403,species x GSA x year (stratum cell too small),TRUE
Trigla lyra,8,2023,3,FRA_8_LEU_2023_17_5_29,3.15443667396323,2.29456024363911,species x GSA x year (stratum cell too small),TRUE
Trigla lyra,9,1994,4,ITA_9_FRP_1994_98_6_3,0.231680332547336,0.0753015869906508,species x GSA x stratum x year,TRUE
Trigla lyra,9,1997,4,ITA_9_FRP_1997_96_6_18,0.163768518589118,0.0676636101036182,species x GSA x stratum x year,TRUE
Trigla lyra,9,2000,4,ITA_9_FRP_2000_96_5_27,0.114513546534341,0.0828976455101724,species x GSA x stratum x year,TRUE
Trigla lyra,9,2002,4,ITA_9_FRP_2002_105_7_22,0.0891995884257298,0.0613846894567109,species x GSA x stratum x year,TRUE
Trigla lyra,9,2003,3,ITA_9_CIR_2003_104_6_30,0.200625813884251,0.0984683188215149,species x GSA x year (stratum cell too small),TRUE
Trigla lyra,9,2004,3,ITA_9_LIB_2004_104_6_8,0.236884079441897,0.095368332485134,species x GSA x year (stratum cell too small),TRUE
Trigla lyra,9,2006,3,ITA_9_LIB_2006_104_6_12,0.856377674730328,0.0865313476774572,species x GSA x year (stratum cell too small),TRUE
Trigla lyra,9,2009,4,ITA_9_LIB_2009_94_6_22,0.515037393476348,0.512218960351091,species x GSA x stratum x year,TRUE
Trigla lyra,9,2013,4,ITA_9_LIB_2013_115_7_2,0.850866721768007,0.687752031288097,species x GSA x year (stratum cell too small),TRUE
Trigla lyra,9,2014,3,ITA_9_LIB_2014_104_9_10,0.480464233595215,0.0821920799476988,species x GSA x stratum x year,TRUE
Trigla lyra,11,1994,4,ITA_11_NUS_1994_92_7_27,0.306425257941643,0.243637561473267,species x GSA x stratum x year,TRUE
Trigla lyra,11,1995,4,ITA_11_NUS_1995_100_7_25,0.168096147684928,0.136713184759784,species x GSA x stratum x year,TRUE
Trigla lyra,11,1998,4,ITA_11_NUS_1998_78_6_22,0.331156623155267,0.292930993332485,species x GSA x stratum x year,TRUE
Trigla lyra,11,1999,4,ITA_11_NUS_1999_26_5_25,0.0854463519940319,0.0789261111550951,species x GSA x stratum x year,TRUE
Trigla lyra,11,2003,3,ITA_11_NUS_2003_53_6_28,0.319557165785084,0.291314854108829,species x GSA x year (stratum cell too small),TRUE
Trigla lyra,11,2004,3,ITA_11_GIS_2004_33_7_6,0.996539237699128,0.207123311415279,species x GSA x year (stratum cell too small),TRUE
Trigla lyra,11,2006,3,ITA_11_GIS_2006_21_6_18,0.176617415666061,0.0821767099090157,species x GSA x year (stratum cell too small),TRUE
Trigla lyra,11,2007,3,ITA_11_GIS_2007_24_8_3,0.893810278567172,0.417534980509637,species x GSA x stratum x year,TRUE
Trigla lyra,11,2009,3,ITA_11_GIS_2009_20_6_12,0.262673502051074,0.259492592135823,species x GSA x year (stratum cell too small),TRUE
Trigla lyra,11,2011,3,ITA_11_GIS_2011_84_7_1,0.404662270541178,0.125221232411154,species x GSA x stratum x year,TRUE
Trigla lyra,11,2014,4,ITA_11_GIS_2014_14_7_24,0.0561526061044568,0.0283756775895385,species x GSA x stratum x year,TRUE
Trigla lyra,11,2015,3,ITA_11_GIS_2015_55_7_7,0.103137307804421,0.101152993599273,species x GSA x stratum x year,TRUE
Trigla lyra,11,2019,3,ITA_11_GIS_2019_22_6_7,0.5970295742266,0.509455985877882,species x GSA x stratum x year,TRUE
Trigloporus lastoviza,1,2007,1,ESP_1_COR_2007_45_5_29,1.11771148489605,0.186867280226587,species x GSA x year (stratum cell too small),TRUE
Trigloporus lastoviza,5,2008,2,ESP_5_COR_2008_161_6_15,2.5432813204372,1.41576694001007,species x GSA x stratum x year,TRUE
Trigloporus lastoviza,5,2013,2,ESP_5_COR_2013_189_6_25,1.42303262702097,0.509978640342776,species x GSA x stratum x year,TRUE
Trigloporus lastoviza,5,2016,2,ESP_5_MOL_2016_214_6_17,2.36558205572086,1.5864990410975,species x GSA x stratum x year,TRUE
Trigloporus lastoviza,5,2021,2,ESP_5_MOL_2021_185_6_11,6.34386455172103,5.55963161202743,species x GSA x stratum x year,TRUE
Trigloporus lastoviza,6,2006,1,ESP_6_COR_2006_53_5_17,0.433307667600377,0.193046194441471,species x GSA x year (stratum cell too small),TRUE
Trigloporus lastoviza,6,2013,1,ESP_6_COR_2013_48_5_22,4.3484996137774,0.803552358611528,species x GSA x year (stratum cell too small),TRUE
Trigloporus lastoviza,6,2015,1,ESP_6_MOL_2015_73_5_11,1.03396209342617,0.662955778379651,species x GSA x year (stratum cell too small),TRUE
Trigloporus lastoviza,6,2017,1,ESP_6_MOL_2017_72_5_12,0.288177223654487,0.217177996135002,species x GSA x year (stratum cell too small),TRUE
Trigloporus lastoviza,9,1996,1,ITA_9_FRP_1996_149_7_4,0.128887668098789,0.0196521541760531,species x GSA x year (stratum cell too small),TRUE
Trigloporus lastoviza,9,1999,1,ITA_9_FRP_1999_149_6_21,0.202002455647115,0.0467209572540763,species x GSA x year (stratum cell too small),TRUE
Trigloporus lastoviza,10,2021,3,ITA_10_SAN_2021_58_10_5,0.166263973825297,0.126197425894742,species x GSA x year (stratum cell too small),TRUE
Trigloporus lastoviza,11,1997,1,ITA_11_NUS_1997_42_7_7,1.08635976240432,0.820354957630914,species x GSA x stratum x year,TRUE
Trigloporus lastoviza,11,1999,1,ITA_11_NUS_1999_106_6_24,1.11696781677879,0.953535292381881,species x GSA x stratum x year,TRUE
Trigloporus lastoviza,11,2004,2,ITA_11_GIS_2004_44_7_8,0.239377345889418,0.231381263671083,species x GSA x stratum x year,TRUE
Trigloporus lastoviza,11,2005,1,ITA_11_GIS_2005_79_7_21,2.35745417256402,2.24716877666707,species x GSA x stratum x year,TRUE
Trigloporus lastoviza,11,2007,1,ITA_11_GIS_2007_37_8_5,2.34558900974315,0.728581369564694,species x GSA x stratum x year,TRUE
Trigloporus lastoviza,11,2008,1,ITA_11_GIS_2008_59_7_9,1.43845073793557,0.626440599185345,species x GSA x stratum x year,TRUE
Trigloporus lastoviza,11,2010,1,ITA_11_GIS_2010_1_5_17,1.13668160925863,0.509117741731426,species x GSA x stratum x year,TRUE
Trigloporus lastoviza,11,2014,2,ITA_11_GIS_2014_92_8_13,0.22829767713249,0.152976616898214,species x GSA x stratum x year,TRUE
Trigloporus lastoviza,11,2018,1,ITA_11_GIS_2018_20_7_19,0.177578689181512,0.150069606865276,species x GSA x stratum x year,TRUE
Trisopterus capelanus,5,2008,3,ESP_5_COR_2008_166_6_16,0.541150380783487,0.350999878143854,species x GSA x year (stratum cell too small),TRUE
Trisopterus capelanus,5,2009,3,ESP_5_COR_2009_143_5_14,0.121507736838931,0.107147453230626,species x GSA x year (stratum cell too small),TRUE
Trisopterus capelanus,5,2010,3,ESP_5_COR_2010_94_6_15,1.42249012263333,0.222076380166404,species x GSA x stratum x year,TRUE
Trisopterus capelanus,6,1997,2,ESP_6_COR_1997_41_5_21,3.4983196410203,1.27426206081845,species x GSA x stratum x year,TRUE
Trisopterus capelanus,6,2002,2,ESP_6_COR_2002_55_5_24,1.31620184084035,0.635479026474212,species x GSA x stratum x year,TRUE
Trisopterus capelanus,6,2006,2,ESP_6_COR_2006_79_5_26,7.85955771052997,4.44971736841288,species x GSA x stratum x year,TRUE
Trisopterus capelanus,6,2007,3,ESP_6_COR_2007_69_6_4,1.32213596481111,0.997387726788028,species x GSA x stratum x year,TRUE
Trisopterus capelanus,6,2009,3,ESP_6_COR_2009_95_5_1,0.596137916679875,0.539871995451481,species x GSA x stratum x year,TRUE
Trisopterus capelanus,6,2011,2,ESP_6_COR_2011_43_5_18,0.574569780000918,0.489775331626291,species x GSA x stratum x year,TRUE
Trisopterus capelanus,6,2012,2,ESP_6_COR_2012_93_5_19,2.47199981989625,0.866200133957389,species x GSA x stratum x year,TRUE
Trisopterus capelanus,6,2013,2,ESP_6_COR_2013_103_6_4,2.53400390801002,1.3389296031262,species x GSA x stratum x year,TRUE
Trisopterus capelanus,6,2019,2,ESP_6_MOL_2019_91_5_21,1.03542174055268,0.316657012538246,species x GSA x stratum x year,TRUE
Trisopterus capelanus,7,1997,1,FRA_7_LEU_1997_63_6_20,0.18291266439864,0.0853601982641704,species x GSA x stratum x year,TRUE
Trisopterus capelanus,7,1999,2,FRA_7_LEU_1999_53_5_24,8.48235833946926,3.90166598430046,species x GSA x stratum x year,TRUE
Trisopterus capelanus,7,2000,1,FRA_7_LEU_2000_77_6_27,0.315765377327317,0.167325200466882,species x GSA x stratum x year,TRUE
Trisopterus capelanus,7,2003,3,FRA_7_LEU_2003_94_7_3,1.32633332800153,1.3193832499019,species x GSA x stratum x year,TRUE
Trisopterus capelanus,7,2006,1,FRA_7_LEU_2006_71_6_28,0.319588735453611,0.175850183601035,species x GSA x stratum x year,TRUE
Trisopterus capelanus,7,2011,3,FRA_7_LEU_2011_40_6_6,2.74668938641703,2.01421531041448,species x GSA x stratum x year,TRUE
Trisopterus capelanus,7,2012,3,FRA_7_LEU_2012_30_6_6,1.06544970267311,0.95720333141159,species x GSA x stratum x year,TRUE
Trisopterus capelanus,7,2013,1,FRA_7_LEU_2013_53_6_13,1.28628833062121,1.19839189001028,species x GSA x stratum x year,TRUE
Trisopterus capelanus,7,2015,1,FRA_7_LEU_2015_54_6_12,0.414669478626828,0.359944462656549,species x GSA x stratum x year,TRUE
Trisopterus capelanus,7,2016,1,FRA_7_LEU_2016_60_6_13,0.319087412504872,0.312118064037494,species x GSA x stratum x year,TRUE
Trisopterus capelanus,7,2018,1,FRA_7_LEU_2018_74_6_18,0.64541959949291,0.415964953125485,species x GSA x stratum x year,TRUE
Trisopterus capelanus,7,2019,1,FRA_7_LEU_2019_45_6_8,1.45623006464471,0.73847051227027,species x GSA x stratum x year,TRUE
Trisopterus capelanus,9,1996,2,ITA_9_FRP_1996_89_6_17,0.324757754347828,0.148586835819665,species x GSA x stratum x year,TRUE
Trisopterus capelanus,9,1999,2,ITA_9_FRP_1999_92_5_20,1.11687720547631,0.96048220743759,species x GSA x stratum x year,TRUE
Trisopterus capelanus,9,2000,2,ITA_9_FRP_2000_89_5_26,0.276097795525453,0.244439119841975,species x GSA x stratum x year,TRUE
Trisopterus capelanus,9,2003,3,ITA_9_CIR_2003_36_6_23,0.463233824428674,0.320448930511873,species x GSA x stratum x year,TRUE
Trisopterus capelanus,9,2006,2,ITA_9_LIB_2006_127_6_13,1.00716813089716,0.343495606243551,species x GSA x stratum x year,TRUE
Trisopterus capelanus,9,2008,3,ITA_9_LIB_2008_44_5_23,0.230597417175106,0.208513140245438,species x GSA x stratum x year,TRUE
Trisopterus capelanus,9,2009,2,ITA_9_LIB_2009_89_6_17,0.145038715370966,0.0894138232855594,species x GSA x stratum x year,TRUE
Trisopterus capelanus,9,2012,3,ITA_9_LIB_2012_75_7_3,0.540431614428241,0.5019455045593,species x GSA x stratum x year,TRUE
Trisopterus capelanus,9,2015,2,ITA_9_LIB_2015_89_7_10,0.330092901309478,0.0807677708994412,species x GSA x stratum x year,TRUE
Trisopterus capelanus,9,2016,2,ITA_9_SAN_2016_89_6_9,0.125406342769456,0.118466433784988,species x GSA x stratum x year,TRUE
Trisopterus capelanus,9,2021,2,ITA_9_SAN_2021_89_8_24,0.116620176101725,0.0733732995410441,species x GSA x stratum x year,TRUE
Trisopterus capelanus,9,2023,2,ITA_9_SAN_2023_89_10_4,0.103457448725874,0.0776775041672423,species x GSA x stratum x year,TRUE
Trisopterus capelanus,10,1994,3,ITA_10_SAN_1994_97_7_12,0.143731024692503,0.0940206806723077,species x GSA x stratum x year,TRUE
Trisopterus capelanus,10,1995,2,ITA_10_SAN_1995_62_6_22,0.312078735453874,0.0795545180681125,species x GSA x year (stratum cell too small),TRUE
Trisopterus capelanus,10,1996,2,ITA_10_SAN_1996_62_6_17,0.154258959119891,0.0727236513131432,species x GSA x year (stratum cell too small),TRUE
Trisopterus capelanus,10,2002,2,ITA_10_GAB_2002_53_7_20,0.515374275334698,0.210622907962928,species x GSA x year (stratum cell too small),TRUE
Trisopterus capelanus,10,2007,3,ITA_10_PEC_2007_15_8_9,0.50564754638719,0.406640766550094,species x GSA x stratum x year,TRUE
Trisopterus capelanus,10,2009,2,ITA_10_PEC_2009_53_7_17,0.250170592206309,0.0420403326724447,species x GSA x year (stratum cell too small),TRUE
Trisopterus capelanus,10,2013,3,ITA_10_PEC_2013_54_6_27,0.421589219290736,0.074939919171766,species x GSA x year (stratum cell too small),TRUE
Trisopterus capelanus,10,2015,2,ITA_10_PEC_2015_53_6_20,0.397086723813103,0.0814308636621765,species x GSA x year (stratum cell too small),TRUE
Trisopterus capelanus,10,2018,2,ITA_10_SAN_2018_69_7_19,0.133497369909159,0.0626963228909335,species x GSA x year (stratum cell too small),TRUE
Trisopterus capelanus,11,1995,3,ITA_11_NUS_1995_29_6_27,1.915648083244,1.5086718783186,species x GSA x stratum x year,TRUE
Trisopterus capelanus,11,1997,3,ITA_11_NUS_1997_69_7_16,1.01978989501825,0.761398312172796,species x GSA x stratum x year,TRUE
Trisopterus capelanus,11,1998,3,ITA_11_NUS_1998_94_6_25,0.914510409902941,0.68412748555405,species x GSA x stratum x year,TRUE
Trisopterus capelanus,11,2004,3,ITA_11_GIS_2004_54_7_15,3.47871694271761,1.49642697996189,species x GSA x stratum x year,TRUE
Trisopterus capelanus,11,2010,3,ITA_11_GIS_2010_70_6_14,2.8276233369877,2.02613368073565,species x GSA x stratum x year,TRUE
Trisopterus capelanus,11,2012,3,ITA_11_GIS_2012_54_6_25,3.01850150619505,1.94118714247441,species x GSA x stratum x year,TRUE
Trisopterus capelanus,11,2016,2,ITA_11_GIS_2016_53_6_21,0.729032697765061,0.26279848845238,species x GSA x year (stratum cell too small),TRUE
Trisopterus capelanus,11,2017,3,ITA_11_GIS_2017_60_11_17,1.47586952584128,1.02705155301795,species x GSA x stratum x year,TRUE
Trisopterus capelanus,11,2018,3,ITA_11_GIS_2018_14_7_18,0.371669866817651,0.321527997958436,species x GSA x stratum x year,TRUE
Trisopterus capelanus,11,2019,3,ITA_11_GIS_2019_85_6_24,0.240979669298689,0.172859728400875,species x GSA x stratum x year,TRUE
Trisopterus capelanus,11,2023,3,ITA_11_GIS_2023_96_9_14,2.62468416606783,0.477862752610718,species x GSA x stratum x year,TRUE
Turritella spp.,6,2017,2,ESP_6_MOL_2017_170_6_4,0.00119267567028373,0.000431249098846476,species x GSA x stratum x year,TRUE
Turritella spp.,6,2021,1,ESP_6_MOL_2021_121_5_26,0.000374874417070282,0.000278999411191857,species x GSA x year (stratum cell too small),TRUE
Umbraculum umbraculum,5,2019,2,ESP_5_MOL_2019_211_6_21,0.0177786965734663,0.0128052981443005,species x GSA x stratum x year,TRUE
Umbraculum umbraculum,5,2021,2,ESP_5_MOL_2021_199_6_15,0.0181539749885074,0.0101307973453447,species x GSA x stratum x year,TRUE
Uranoscopus scaber,5,2009,2,ESP_5_COR_2009_148_5_15,0.11823834208862,0.0940148513905636,species x GSA x year (stratum cell too small),TRUE
Uranoscopus scaber,5,2012,3,ESP_5_COR_2012_158_6_6,0.301385896391666,0.139606642545783,species x GSA x year (stratum cell too small),TRUE
Uranoscopus scaber,6,1995,2,ESP_6_COR_1995_89_5_17,0.179902439528132,0.119260391106536,species x GSA x stratum x year,TRUE
Uranoscopus scaber,6,1998,2,ESP_6_COR_1998_69_5_26,0.309342832459674,0.159641322184888,species x GSA x stratum x year,TRUE
Uranoscopus scaber,6,1999,2,ESP_6_COR_1999_114_6_2,0.46599060567467,0.219374727595821,species x GSA x year (stratum cell too small),TRUE
Uranoscopus scaber,6,2000,2,ESP_6_COR_2000_74_6_12,0.309080202491108,0.280672039725883,species x GSA x stratum x year,TRUE
Uranoscopus scaber,6,2002,2,ESP_6_COR_2002_79_6_1,0.157532799672664,0.108530699584383,species x GSA x year (stratum cell too small),TRUE
Uranoscopus scaber,6,2004,2,ESP_6_COR_2004_98_5_27,0.253299990298211,0.231836740637695,species x GSA x year (stratum cell too small),TRUE
Uranoscopus scaber,7,1997,2,FRA_7_LEU_1997_55_6_17,0.202464883844857,0.189001724108079,species x GSA x stratum x year,TRUE
Uranoscopus scaber,7,2001,2,FRA_7_LEU_2001_87_7_2,0.241596697437036,0.218267877577956,species x GSA x stratum x year,TRUE
Uranoscopus scaber,7,2018,1,FRA_7_LEU_2018_76_6_18,0.349300064006604,0.147147815017851,species x GSA x year (stratum cell too small),TRUE
Uranoscopus scaber,7,2021,2,FRA_7_LEU_2021_74_6_16,0.707309024978136,0.245664785424382,species x GSA x stratum x year,TRUE
Uranoscopus scaber,7,2022,2,FRA_7_LEU_2022_83_6_12,0.227625055383728,0.22009842954922,species x GSA x stratum x year,TRUE
Uranoscopus scaber,9,2001,3,ITA_9_FRP_2001_95_6_7,0.21309027457045,0.12060218769583,species x GSA x year (stratum cell too small),TRUE
Uranoscopus scaber,9,2002,2,ITA_9_FRP_2002_61_7_20,0.197344788232243,0.173661413378345,species x GSA x year (stratum cell too small),TRUE
Uranoscopus scaber,9,2003,3,ITA_9_CIR_2003_95_7_1,0.486052637463561,0.188964436624736,species x GSA x year (stratum cell too small),TRUE
Uranoscopus scaber,9,2011,3,ITA_9_LIB_2011_95_6_12,0.327632098114772,0.274319679467036,species x GSA x year (stratum cell too small),TRUE
Uranoscopus scaber,9,2013,2,ITA_9_LIB_2013_46_6_26,0.271032199708823,0.234828939281975,species x GSA x stratum x year,TRUE
Uranoscopus scaber,9,2017,1,ITA_9_SAN_2017_128_10_1,0.0959766431595231,0.0786058298185652,species x GSA x year (stratum cell too small),TRUE
Uranoscopus scaber,11,2000,1,ITA_11_NUS_2000_14_6_1,0.146792477545949,0.12282153223373,species x GSA x stratum x year,TRUE
Uranoscopus scaber,11,2007,2,ITA_11_GIS_2007_49_8_7,1.74835108815109,0.497702198873578,species x GSA x year (stratum cell too small),TRUE
Uranoscopus scaber,11,2009,2,ITA_11_GIS_2009_42_6_22,0.443977714649015,0.227636004715248,species x GSA x stratum x year,TRUE
Uranoscopus scaber,11,2012,2,ITA_11_GIS_2012_46_6_21,0.828124239611847,0.551146862088911,species x GSA x stratum x year,TRUE
Uranoscopus scaber,11,2016,2,ITA_11_GIS_2016_72_6_27,0.419735961278453,0.356084169638572,species x GSA x year (stratum cell too small),TRUE
Uranoscopus scaber,11,2017,1,ITA_11_GIS_2017_70_11_22,0.252320605159637,0.143438818716219,species x GSA x year (stratum cell too small),TRUE
Venus casina,6,1995,2,ESP_6_COR_1995_105_5_20,2.00226518890057,1.9421827413996,species x GSA x year (stratum cell too small),TRUE
Venus casina,6,2007,3,ESP_6_COR_2007_78_6_6,1.62980065043072,0.269382431905997,species x GSA x year (stratum cell too small),TRUE
Venus nux,1,2013,2,ESP_1_COR_2013_2_5_8,1.23589207131097,0.246346476077493,species x GSA x year (stratum cell too small),TRUE
Venus nux,1,2016,2,ESP_1_MOL_2016_33_5_1,0.595453839382799,0.516381194303129,species x GSA x year (stratum cell too small),TRUE
Venus nux,1,2018,2,ESP_1_MOL_2018_2_4_27,0.913100689078455,0.191385711580006,species x GSA x year (stratum cell too small),TRUE
Venus nux,6,2005,2,ESP_6_COR_2005_63_5_24,0.65004712841681,0.589099363875462,species x GSA x stratum x year,TRUE
Venus nux,6,2008,2,ESP_6_COR_2008_74_5_23,0.261087546731201,0.124838073201807,species x GSA x year (stratum cell too small),TRUE
Venus nux,6,2012,2,ESP_6_COR_2012_82_5_16,0.140412608050959,0.0833373475650989,species x GSA x year (stratum cell too small),TRUE
Venus nux,6,2015,2,ESP_6_MOL_2015_79_5_13,0.184910760459083,0.176949962286843,species x GSA x stratum x year,TRUE
Venus nux,6,2016,2,ESP_6_MOL_2016_124_5_24,0.0948090371167294,0.072923157740949,species x GSA x stratum x year,TRUE
Venus nux,6,2018,2,ESP_6_MOL_2018_76_5_18,0.116577537840009,0.0666090158363521,species x GSA x stratum x year,TRUE
Venus nux,6,2021,3,ESP_6_MOL_2021_114_5_24,0.064494840412767,0.0414008285407116,species x GSA x year (stratum cell too small),TRUE
Venus spp.,6,2000,2,ESP_6_COR_2000_107_6_21,0.0871587549991306,0.0277044950954784,species x GSA x year (stratum cell too small),TRUE
Veretillidae,7,2012,2,FRA_7_LEU_2012_89_6_25,0.00409683239607841,0.00315533332677103,species x GSA x year (stratum cell too small),TRUE
Veretillum cynomorium,7,2013,1,FRA_7_LEU_2013_53_6_13,0.25894528437725,0.0266170737964607,species x GSA x stratum x year,TRUE
Xenophora crispa,1,2015,3,ESP_1_MOL_2015_1_4_23,0.0151653460887769,0.00731612065550895,species x GSA x year (stratum cell too small),TRUE
Zeus faber,1,2021,4,ESP_1_MOL_2021_61_5_11,0.111603071733342,0.094470755298689,species x GSA x year (stratum cell too small),TRUE
Zeus faber,5,2010,2,ESP_5_COR_2010_103_6_17,0.539068107332669,0.2129410848766,species x GSA x stratum x year,TRUE
Zeus faber,5,2014,2,ESP_5_MOL_2014_195_6_11,2.87213639698964,1.57479597692384,species x GSA x stratum x year,TRUE
Zeus faber,6,1997,3,ESP_6_COR_1997_79_5_29,0.226826194751915,0.11850331776836,species x GSA x year (stratum cell too small),TRUE
Zeus faber,6,1998,3,ESP_6_COR_1998_84_5_29,0.141586993082961,0.12514498037415,species x GSA x year (stratum cell too small),TRUE
Zeus faber,6,2001,2,ESP_6_COR_2001_54_5_26,0.883827665390826,0.591726699336346,species x GSA x year (stratum cell too small),TRUE
Zeus faber,6,2003,3,ESP_6_COR_2003_69_5_10,1.13542756226475,0.35354217105919,species x GSA x year (stratum cell too small),TRUE
Zeus faber,6,2004,2,ESP_6_COR_2004_98_5_27,0.0925696328180733,0.0695590454986614,species x GSA x stratum x year,TRUE
Zeus faber,6,2005,3,ESP_6_COR_2005_116_6_5,0.157953835558839,0.152392779848134,species x GSA x stratum x year,TRUE
Zeus faber,6,2008,2,ESP_6_COR_2008_48_5_18,0.145235558841276,0.106522719582777,species x GSA x stratum x year,TRUE
Zeus faber,6,2010,1,ESP_6_COR_2010_49_6_3,0.217470337105109,0.201857198014209,species x GSA x year (stratum cell too small),TRUE
Zeus faber,6,2015,3,ESP_6_MOL_2015_133_5_27,0.531427442881259,0.416391545026457,species x GSA x stratum x year,TRUE
Zeus faber,6,2017,3,ESP_6_MOL_2017_136_5_28,0.64767705111816,0.500597434990256,species x GSA x year (stratum cell too small),TRUE
Zeus faber,7,1997,3,FRA_7_LEU_1997_20_6_9,0.23723198293748,0.199925330522392,species x GSA x year (stratum cell too small),TRUE
Zeus faber,7,1998,2,FRA_7_LEU_1998_65_6_6,0.358334319387788,0.260971255318403,species x GSA x year (stratum cell too small),TRUE
Zeus faber,7,1999,3,FRA_7_LEU_1999_59_5_25,1.54754140789844,0.0896818938490891,species x GSA x year (stratum cell too small),TRUE
Zeus faber,7,2001,3,FRA_7_LEU_2001_60_6_21,0.822408818977868,0.330295203893557,species x GSA x year (stratum cell too small),TRUE
Zeus faber,7,2002,3,FRA_7_LEU_2002_15_6_14,0.256298677293694,0.219237492522,species x GSA x year (stratum cell too small),TRUE
Zeus faber,7,2006,3,FRA_7_LEU_2006_26_6_14,0.256995475232922,0.211395938864517,species x GSA x year (stratum cell too small),TRUE
Zeus faber,9,1998,3,ITA_9_FRP_1998_103_5_23,0.771269167781949,0.330119307391776,species x GSA x stratum x year,TRUE
Zeus faber,9,1999,3,ITA_9_FRP_1999_100_5_23,0.819771223187842,0.620588823195262,species x GSA x stratum x year,TRUE
Zeus faber,9,2004,3,ITA_9_LIB_2004_125_6_8,0.40494726001196,0.33837966846568,species x GSA x stratum x year,TRUE
Zeus faber,9,2008,3,ITA_9_LIB_2008_95_5_13,0.692761148236139,0.438627781107866,species x GSA x stratum x year,TRUE
Zeus faber,9,2011,3,ITA_9_LIB_2011_84_6_7,0.963697713493571,0.530472755381961,species x GSA x stratum x year,TRUE
Zeus faber,9,2012,3,ITA_9_LIB_2012_104_6_28,1.19625333554835,0.64991020920737,species x GSA x year (stratum cell too small),TRUE
Zeus faber,9,2013,3,ITA_9_LIB_2013_143_6_29,0.317390761618222,0.276686020345439,species x GSA x year (stratum cell too small),TRUE
Zeus faber,9,2018,4,ITA_9_SAN_2018_94_6_27,0.147373869256006,0.146403380729029,species x GSA x stratum x year,TRUE
Zeus faber,9,2023,3,ITA_9_SAN_2023_75_9_29,0.932518202198785,0.880275569212678,species x GSA x stratum x year,TRUE
Zeus faber,10,1996,3,ITA_10_SAN_1996_70_6_17,0.616573983308545,0.240955508897467,species x GSA x year (stratum cell too small),TRUE
Zeus faber,10,1997,3,ITA_10_SAN_1997_104_6_29,0.551980831718635,0.187574669948644,species x GSA x year (stratum cell too small),TRUE
Zeus faber,10,1999,3,ITA_10_SAN_1999_104_5_12,0.860063156398803,0.300815081214985,species x GSA x year (stratum cell too small),TRUE
Zeus faber,10,2005,3,ITA_10_PEC_2005_17_7_1,0.405142372245868,0.288538174974839,species x GSA x year (stratum cell too small),TRUE
Zeus faber,10,2007,2,ITA_10_PEC_2007_47_8_14,0.271303446538778,0.240486931969752,species x GSA x year (stratum cell too small),TRUE
Zeus faber,10,2015,3,ITA_10_PEC_2015_58_6_20,0.71780176945304,0.330049273039348,species x GSA x year (stratum cell too small),TRUE
Zeus faber,10,2016,3,ITA_10_PEC_2016_27_9_2,0.44985358690149,0.371269395810965,species x GSA x year (stratum cell too small),TRUE
Zeus faber,10,2018,4,ITA_10_SAN_2018_53_7_16,0.770440629349532,0.757983414632374,species x GSA x year (stratum cell too small),TRUE
Zeus faber,10,2021,3,ITA_10_SAN_2021_69_10_9,1.77580357003754,0.820326710578602,species x GSA x stratum x year,TRUE
Zeus faber,11,1998,1,ITA_11_NUS_1998_100_6_26,1.56031017653719,0.568354500819864,species x GSA x stratum x year,TRUE
Zeus faber,11,2000,2,ITA_11_NUS_2000_80_7_3,0.936654849228722,0.909124525518747,species x GSA x stratum x year,TRUE
Zeus faber,11,2006,2,ITA_11_GIS_2006_81_7_4,1.02411318480308,0.459217556213342,species x GSA x stratum x year,TRUE
Zeus faber,11,2011,2,ITA_11_GIS_2011_24_6_8,0.327443141722489,0.188271943255102,species x GSA x stratum x year,TRUE
Zeus faber,11,2016,3,ITA_11_GIS_2016_11_6_8,1.93545800154049,1.54992842514154,species x GSA x stratum x year,TRUE
Zeus faber,11,2017,1,ITA_11_GIS_2017_50_11_15,2.85097568484184,1.54665570196754,species x GSA x year (stratum cell too small),TRUE
Zeus faber,11,2019,1,ITA_11_GIS_2019_91_6_25,0.497156902969506,0.430726487076992,species x GSA x stratum x year,TRUE
