Species,FG,FG_name,Biomass,dispatch_group,M_Pauly_1980,M_FishLife_2023,M_Gascuel_2008,M_Hoenig_1983,M_Then_2015,M_AlversonCarney_1975,Fmort,Fmort_species,Fmort_source,PB_Pauly_1980,PB_FishLife_2023,PB_Gascuel_2008,PB_Hoenig_1983,PB_Then_2015,PB_AlversonCarney_1975,PB,PB_method,QB_PalomaresPauly_1998Z,QB_PalomaresPauly_1998noZ,QB_ChristensenPauly_1992,QB_ChristensenEtAl_2008,QB,QB_method,PB_TumbioloDowning_1994,PB_Brey_1999
Galeus atlanticus,57,Other small demersal sharks,0.00167697988332664,fish,0.6315486786755312,NA,0.4626575843883502,0.6134999999999999,0.553,0.605,0.02470315586385544,NA,FG rate (02_fao_catches.R),0.6562518345393866,NA,0.48736074025220566,0.6382031558638553,0.5777031558638555,0.6297031558638554,0.5777031558638555,Then et al. 2015+F(FG rate (02_fao_catches.R)),NA,NA,6.557378683906946,1.7331094675915664,6.557378683906946,Christensen & Pauly 1992,NA,NA
Galeus melastomus,56,Blackmouth catshark,0.2376404923218097,fish,0.6315486786755312,NA,0.4626575843883502,0.6134999999999999,0.553,0.605,0.010096701142415804,NA,FG rate (02_fao_catches.R),0.641645379817947,NA,0.472754285530766,0.6235967011424157,0.5630967011424158,0.6150967011424158,0.5630967011424158,Then et al. 2015+F(FG rate (02_fao_catches.R)),NA,NA,6.557378683906946,1.6892901034272474,6.557378683906946,Christensen & Pauly 1992,NA,NA
Scyliorhinus canicula,55,Small-spotted catshark,0.07809262730410498,fish,0.402534819162841,NA,0.5379534738621431,0.6134999999999999,0.336,0.605,0.01945934164446372,NA,FG rate (02_fao_catches.R),0.42199416080730473,NA,0.5574128155066068,0.6329593416444637,0.35545934164446374,0.6244593416444637,0.35545934164446374,Then et al. 2015+F(FG rate (02_fao_catches.R)),NA,NA,6.876386857654317,1.0663780249333912,6.876386857654317,Christensen & Pauly 1992,NA,NA
Scyliorhinus stellaris,57,Other small demersal sharks,0.009076845204639904,fish,0.2062950263939225,NA,0.49064685701144,0.6134999999999999,0.156,0.605,0.02470315586385544,NA,FG rate (02_fao_catches.R),0.23099818225777793,NA,0.5153500128752955,0.6382031558638553,0.18070315586385544,0.6297031558638554,0.18070315586385544,Then et al. 2015+F(FG rate (02_fao_catches.R)),NA,NA,6.876386857654317,0.5421094675915663,6.876386857654317,Christensen & Pauly 1992,NA,NA
Galeorhinus galeus,11,Pelagic sharks,2.6221951197306e-4,fish,0.39928445533107115,NA,0.4319280073754509,0.6134999999999999,0.325,0.605,107.1780902272536,NA,FG rate (02_fao_catches.R),107.57737468258468,NA,107.61001823462905,107.79159022725361,107.50309022725361,107.78309022725361,107.50309022725361,Then et al. 2015+F(FG rate (02_fao_catches.R)),NA,NA,3.766532911615846,322.5092706817608,3.766532911615846,Christensen & Pauly 1992,NA,NA
Mustelus mustelus,57,Other small demersal sharks,0.0701361839415509,fish,0.2581393795111474,NA,0.4459736403111326,0.6134999999999999,0.202,0.605,0.02470315586385544,NA,FG rate (02_fao_catches.R),0.28284253537500287,NA,0.4706767961749881,0.6382031558638553,0.22670315586385545,0.6297031558638554,0.22670315586385545,Then et al. 2015+F(FG rate (02_fao_catches.R)),NA,NA,5.158189993483564,0.6801094675915663,5.158189993483564,Christensen & Pauly 1992,NA,NA
Heptranchias perlo,57,Other small demersal sharks,0.00297094206450764,fish,0.2946696844539424,NA,0.4645721505873458,0.335875,0.23813636363636365,0.442125,0.02470315586385544,NA,FG rate (02_fao_catches.R),0.3193728403177979,NA,0.48927530645120126,0.36057815586385544,0.2628395195002191,0.46682815586385545,0.2628395195002191,Then et al. 2015+F(FG rate (02_fao_catches.R)),NA,NA,3.7501376941250975,0.7885185585006573,3.7501376941250975,Christensen & Pauly 1992,NA,NA
Hexanchus griseus,57,Other small demersal sharks,0.0018196082101496179,fish,0.2946696844539424,NA,0.4089738279534958,0.335875,0.23813636363636365,0.442125,0.02470315586385544,NA,FG rate (02_fao_catches.R),0.3193728403177979,NA,0.43367698381735126,0.36057815586385544,0.2628395195002191,0.46682815586385545,0.2628395195002191,Then et al. 2015+F(FG rate (02_fao_catches.R)),NA,NA,3.7501376941250975,0.7885185585006573,3.7501376941250975,Christensen & Pauly 1992,NA,NA
Dasyatis pastinaca,58,Rays and skates,0.9617714860400803,fish,0.18822896585988008,NA,0.5928998128626938,0.2695,0.142,0.376,0.04773140123450395,NA,FG rate (02_fao_catches.R),0.23596036709438403,NA,0.6406312140971977,0.317231401234504,0.18973140123450394,0.4237314012345039,0.18973140123450394,Then et al. 2015+F(FG rate (02_fao_catches.R)),NA,NA,3.0305759142445594,0.5691942037035118,3.0305759142445594,Christensen & Pauly 1992,NA,NA
Pteroplatytrygon violacea,58,Rays and skates,0.0728157368514642,fish,0.30770193054880196,NA,0.5928998128626938,0.2695,0.245,0.376,0.04773140123450395,NA,FG rate (02_fao_catches.R),0.35543333178330594,NA,0.6406312140971977,0.317231401234504,0.2927314012345039,0.4237314012345039,0.2927314012345039,Then et al. 2015+F(FG rate (02_fao_catches.R)),NA,NA,3.4921635939705786,0.8781942037035118,3.4921635939705786,Christensen & Pauly 1992,NA,NA
Myliobatis aquila,58,Rays and skates,0.04325040373015337,fish,0.24796544820434102,NA,0.5928998128626938,0.2695,0.1935,0.376,0.04773140123450395,NA,FG rate (02_fao_catches.R),0.295696849438845,NA,0.6406312140971977,0.317231401234504,0.24123140123450396,0.4237314012345039,0.24123140123450396,Then et al. 2015+F(FG rate (02_fao_catches.R)),NA,NA,3.206264753138339,0.7236942037035119,3.206264753138339,Christensen & Pauly 1992,NA,NA
Dipturus batis,58,Rays and skates,1.93428021938575e-5,fish,0.11652242412722306,NA,0.6192133619297694,0.478,0.082,0.819,0.04773140123450395,NA,FG rate (02_fao_catches.R),0.164253825361727,NA,0.6669447631642733,0.5257314012345039,0.12973140123450394,0.8667314012345039,0.12973140123450394,Then et al. 2015+F(FG rate (02_fao_catches.R)),NA,NA,2.690540390955517,0.3891942037035118,2.690540390955517,Christensen & Pauly 1992,NA,NA
Dipturus oxyrinchus,58,Rays and skates,0.07404552413458552,fish,0.09221851022141918,NA,0.6253118577579652,0.478,0.063,0.819,0.04773140123450395,NA,FG rate (02_fao_catches.R),0.13994991145592311,NA,0.6730432589924691,0.5257314012345039,0.11073140123450395,0.8667314012345039,0.11073140123450395,Then et al. 2015+F(FG rate (02_fao_catches.R)),NA,NA,2.9783739177768274,0.3321942037035118,2.9783739177768274,Christensen & Pauly 1992,NA,NA
Leucoraja naevus,58,Rays and skates,0.017374361478559235,fish,0.3214993706352479,NA,0.45512269843235137,0.43474999999999997,0.26,0.692,0.04773140123450395,NA,FG rate (02_fao_catches.R),0.36923077186975184,NA,0.5028540996668553,0.4824814012345039,0.30773140123450393,0.7397314012345039,0.30773140123450393,Then et al. 2015+F(FG rate (02_fao_catches.R)),NA,NA,5.409648616944718,0.9231942037035118,5.409648616944718,Christensen & Pauly 1992,NA,NA
Raja asterias,58,Rays and skates,0.04529974020972993,fish,0.655850317847537,NA,0.5403843243643531,0.3915,0.577,0.565,0.04773140123450395,NA,FG rate (02_fao_catches.R),0.7035817190820409,NA,0.588115725598857,0.439231401234504,0.6247314012345039,0.6127314012345039,0.6247314012345039,Then et al. 2015+F(FG rate (02_fao_catches.R)),NA,NA,5.538471699744946,1.8741942037035115,5.538471699744946,Christensen & Pauly 1992,NA,NA
Raja brachyura,58,Rays and skates,0.044381281878223065,fish,0.21205283784629794,NA,0.5683118806712201,0.3915,0.162,0.565,0.04773140123450395,NA,FG rate (02_fao_catches.R),0.2597842390808019,NA,0.616043281905724,0.439231401234504,0.20973140123450396,0.6127314012345039,0.20973140123450396,Then et al. 2015+F(FG rate (02_fao_catches.R)),NA,NA,4.28287885085166,0.6291942037035119,4.28287885085166,Christensen & Pauly 1992,NA,NA
Raja clavata,58,Rays and skates,0.18364379119100102,fish,0.20247458079621658,NA,0.5331433476625255,0.3915,0.153,0.565,0.04773140123450395,NA,FG rate (02_fao_catches.R),0.25020598203072053,NA,0.5808747488970294,0.439231401234504,0.20073140123450395,0.6127314012345039,0.20073140123450395,Then et al. 2015+F(FG rate (02_fao_catches.R)),NA,NA,3.9301138029876173,0.6021942037035118,3.9301138029876173,Christensen & Pauly 1992,NA,NA
Raja miraletus,58,Rays and skates,0.043061440769,fish,0.31630561503108684,NA,0.5709635062777463,0.3915,0.254,0.565,0.04773140123450395,NA,FG rate (02_fao_catches.R),0.3640370162655908,NA,0.6186949075122502,0.439231401234504,0.3017314012345039,0.6127314012345039,0.3017314012345039,Then et al. 2015+F(FG rate (02_fao_catches.R)),NA,NA,4.878500650325189,0.9051942037035118,4.878500650325189,Christensen & Pauly 1992,NA,NA
Raja montagui,58,Rays and skates,0.005895225750100604,fish,0.3785933304210334,NA,0.5237247914858026,0.3915,0.311,0.565,0.04773140123450395,NA,FG rate (02_fao_catches.R),0.4263247316555373,NA,0.5714561927203066,0.439231401234504,0.358731401234504,0.6127314012345039,0.358731401234504,Then et al. 2015+F(FG rate (02_fao_catches.R)),NA,NA,5.546526171727894,1.076194203703512,5.546526171727894,Christensen & Pauly 1992,NA,NA
Raja polystigma,58,Rays and skates,0.04930788327963479,fish,0.24860153142091357,NA,0.6991827248366024,0.3915,0.195,0.565,0.04773140123450395,NA,FG rate (02_fao_catches.R),0.2963329326554175,NA,0.7469141260711063,0.439231401234504,0.24273140123450396,0.6127314012345039,0.24273140123450396,Then et al. 2015+F(FG rate (02_fao_catches.R)),NA,NA,5.34694735321304,0.7281942037035118,5.34694735321304,Christensen & Pauly 1992,NA,NA
Raja spp.,58,Rays and skates,0.022071871911009757,fish,0.3356463688938476,NA,0.5683118806712201,0.3915,0.2753333333333333,0.565,0.04773140123450395,NA,FG rate (02_fao_catches.R),0.3833777701283515,NA,0.616043281905724,0.439231401234504,0.32306473456783724,0.6127314012345039,0.32306473456783724,Then et al. 2015+F(FG rate (02_fao_catches.R)),NA,NA,4.619030925795089,0.9691942037035117,4.619030925795089,Christensen & Pauly 1992,NA,NA
Centrophorus granulosus,57,Other small demersal sharks,0.00678444892554261,fish,0.20751393929748885,NA,0.4743356504858291,0.111,0.158,0.091,0.02470315586385544,NA,FG rate (02_fao_catches.R),0.23221709516134428,NA,0.49903880634968456,0.13570315586385545,0.18270315586385544,0.11570315586385543,0.18270315586385544,Then et al. 2015+F(FG rate (02_fao_catches.R)),NA,NA,4.588151704416878,0.5481094675915663,4.588151704416878,Christensen & Pauly 1992,NA,NA
Dalatias licha,57,Other small demersal sharks,0.004045814243392626,fish,0.31932726094042474,NA,0.45142776695202524,0.233625,0.255,0.293,0.02470315586385544,NA,FG rate (02_fao_catches.R),0.3440304168042802,NA,0.4761309228158807,0.25832815586385544,0.27970315586385547,0.31770315586385545,0.27970315586385547,Then et al. 2015+F(FG rate (02_fao_catches.R)),NA,NA,4.11063157994571,0.8391094675915665,4.11063157994571,Christensen & Pauly 1992,NA,NA
Etmopterus spinax,57,Other small demersal sharks,0.00415211134150621,fish,0.3710211039225385,NA,0.4684390740177099,0.4305,0.308,0.574,0.02470315586385544,NA,FG rate (02_fao_catches.R),0.395724259786394,NA,0.49314222988156536,0.45520315586385546,0.33270315586385546,0.5987031558638554,0.33270315586385546,Then et al. 2015+F(FG rate (02_fao_catches.R)),NA,NA,7.415062116362203,0.9981094675915664,7.415062116362203,Christensen & Pauly 1992,NA,NA
Oxynotus centrina,57,Other small demersal sharks,0.0013202883863102732,fish,0.25020252444743096,NA,0.7878668851057649,0.233625,0.1972,0.293,0.02470315586385544,NA,FG rate (02_fao_catches.R),0.2749056803112864,NA,0.8125700409696203,0.25832815586385544,0.22190315586385542,0.31770315586385545,0.22190315586385542,Then et al. 2015+F(FG rate (02_fao_catches.R)),NA,NA,4.50436802440472,0.6657094675915662,4.50436802440472,Christensen & Pauly 1992,NA,NA
Squalus acanthias,57,Other small demersal sharks,0.005603303650037257,fish,0.12453143563726415,NA,0.4268405088373673,0.16599999999999998,0.089,0.235,0.02470315586385544,NA,FG rate (02_fao_catches.R),0.1492345915011196,NA,0.45154366470122276,0.19070315586385542,0.11370315586385543,0.25970315586385545,0.11370315586385543,Then et al. 2015+F(FG rate (02_fao_catches.R)),NA,NA,4.139979104568956,0.3411094675915663,4.139979104568956,Christensen & Pauly 1992,NA,NA
Squalus blainville,57,Other small demersal sharks,0.03224533947367034,fish,0.22861888243943854,NA,0.5034705000312801,0.227,0.176,0.272,0.02470315586385544,NA,FG rate (02_fao_catches.R),0.253322038303294,NA,0.5281736558951355,0.25170315586385544,0.20070315586385543,0.2967031558638555,0.20070315586385543,Then et al. 2015+F(FG rate (02_fao_catches.R)),NA,NA,4.810016112754346,0.6021094675915662,4.810016112754346,Christensen & Pauly 1992,NA,NA
Squalus uyato,57,Other small demersal sharks,0.01525725487969969,fish,0.17657515903835136,NA,0.4626575843883502,0.1965,0.1325,0.2535,0.02470315586385544,NA,FG rate (02_fao_catches.R),0.2012783149022068,NA,0.48736074025220566,0.22120315586385544,0.15720315586385544,0.27820315586385547,0.15720315586385544,Then et al. 2015+F(FG rate (02_fao_catches.R)),NA,NA,4.390664971923003,0.4716094675915663,4.390664971923003,Christensen & Pauly 1992,NA,NA
Squatina squatina,57,Other small demersal sharks,0.014430228186603,fish,0.2946696844539424,NA,0.48648679966617037,0.335875,0.23813636363636365,0.442125,0.02470315586385544,NA,FG rate (02_fao_catches.R),0.3193728403177979,NA,0.5111899555300258,0.36057815586385544,0.2628395195002191,0.46682815586385545,0.2628395195002191,Then et al. 2015+F(FG rate (02_fao_catches.R)),NA,NA,3.7501376941250975,0.7885185585006573,3.7501376941250975,Christensen & Pauly 1992,NA,NA
Torpedo marmorata,59,Torpedos,0.01301221782412519,fish,0.29386866191940825,NA,0.4058524545287503,0.335875,0.237,0.442125,0.010163748947675298,NA,FG rate (02_fao_catches.R),0.30403241086708355,NA,0.4160162034764256,0.3460387489476753,0.2471637489476753,0.4522887489476753,0.2471637489476753,Then et al. 2015+F(FG rate (02_fao_catches.R)),NA,NA,6.355837146972792,0.7414912468430259,6.355837146972792,Christensen & Pauly 1992,NA,NA
Torpedo nobiliana,59,Torpedos,0.016709073947303567,fish,0.29386866191940825,NA,0.4058524545287503,0.335875,0.237,0.442125,0.010163748947675298,NA,FG rate (02_fao_catches.R),0.30403241086708355,NA,0.4160162034764256,0.3460387489476753,0.2471637489476753,0.4522887489476753,0.2471637489476753,Then et al. 2015+F(FG rate (02_fao_catches.R)),NA,NA,6.355837146972792,0.7414912468430259,6.355837146972792,Christensen & Pauly 1992,NA,NA
Torpedo spp.,59,Torpedos,0.00283874596986309,fish,0.29386866191940825,NA,0.4058524545287503,0.335875,0.237,0.442125,0.010163748947675298,NA,FG rate (02_fao_catches.R),0.30403241086708355,NA,0.4160162034764256,0.3460387489476753,0.2471637489476753,0.4522887489476753,0.2471637489476753,Then et al. 2015+F(FG rate (02_fao_catches.R)),NA,NA,6.355837146972792,0.7414912468430259,6.355837146972792,Christensen & Pauly 1992,NA,NA
Torpedo torpedo,59,Torpedos,0.008443874756646435,fish,0.29386866191940825,NA,0.4058524545287503,0.335875,0.237,0.442125,0.010163748947675298,NA,FG rate (02_fao_catches.R),0.30403241086708355,NA,0.4160162034764256,0.3460387489476753,0.2471637489476753,0.4522887489476753,0.2471637489476753,Then et al. 2015+F(FG rate (02_fao_catches.R)),NA,NA,6.355837146972792,0.7414912468430259,6.355837146972792,Christensen & Pauly 1992,NA,NA
Chimaera monstrosa,57,Other small demersal sharks,0.005531778802231886,fish,0.24769923465435797,NA,0.6192133619297694,NA,0.195,NA,0.02470315586385544,NA,FG rate (02_fao_catches.R),0.2724023905182134,NA,0.6439165177936248,NA,0.21970315586385544,NA,0.21970315586385544,Then et al. 2015+F(FG rate (02_fao_catches.R)),NA,NA,5.377567923738684,0.6591094675915663,5.377567923738684,Christensen & Pauly 1992,NA,NA
Capros aper,53,No commercial small demersal fish,0.21899285437591928,fish,1.0423408586506278,NA,0.7536586808896092,1.072,1,1.396,0.004290267984339308,NA,FG rate (02_fao_catches.R),1.046631126634967,NA,0.7579489488739485,1.0762902679843394,1.0042902679843393,1.4002902679843392,1.0042902679843393,Then et al. 2015+F(FG rate (02_fao_catches.R)),12.155990896676292,12.251595176343562,12.395927922816584,3.012870803953018,12.155990896676292,Palomares & Pauly 1998 (Z-based),NA,NA
Epigonus constanciae,54,Bathydemersal (deep sea) fish,1.3517890618139372e-4,fish,0.12758843417849103,NA,0.5985924695378027,0.7936515151515152,0.093,0.9263030303030303,0.0024443900162903014,NA,FG rate (02_fao_catches.R),0.13003282419478132,NA,0.6010368595540929,0.7960959051678055,0.0954443900162903,0.9287474203193206,0.0954443900162903,Then et al. 2015+F(FG rate (02_fao_catches.R)),2.4854044274197302,3.524130723424553,4.4425652872965875,0.28633317004887093,2.4854044274197302,Palomares & Pauly 1998 (Z-based),NA,NA
Epigonus denticulatus,54,Bathydemersal (deep sea) fish,0.0016476597099614701,fish,0.12758843417849103,NA,0.5985924695378027,0.7936515151515152,0.093,0.9263030303030303,0.0024443900162903014,NA,FG rate (02_fao_catches.R),0.13003282419478132,NA,0.6010368595540929,0.7960959051678055,0.0954443900162903,0.9287474203193206,0.0954443900162903,Then et al. 2015+F(FG rate (02_fao_catches.R)),2.4854044274197302,3.524130723424553,4.4425652872965875,0.28633317004887093,2.4854044274197302,Palomares & Pauly 1998 (Z-based),NA,NA
Epigonus telescopus,54,Bathydemersal (deep sea) fish,0.002473910900812813,fish,0.12758843417849103,NA,0.5985924695378027,0.7936515151515152,0.093,0.9263030303030303,0.0024443900162903014,NA,FG rate (02_fao_catches.R),0.13003282419478132,NA,0.6010368595540929,0.7960959051678055,0.0954443900162903,0.9287474203193206,0.0954443900162903,Then et al. 2015+F(FG rate (02_fao_catches.R)),2.4854044274197302,3.524130723424553,4.4425652872965875,0.28633317004887093,2.4854044274197302,Palomares & Pauly 1998 (Z-based),NA,NA
Polyprion americanus,45,Other commercial medium demersal fish,0.024991787122223,fish,0.22171844475478594,NA,0.5985924695378027,0.7936515151515152,0.17,0.9263030303030303,0.4822507605270581,NA,FG rate (02_fao_catches.R),0.703969205281844,NA,1.0808432300648607,1.2759022756785734,0.6522507605270581,1.4085537908300885,0.6522507605270581,Then et al. 2015+F(FG rate (02_fao_catches.R)),3.477104516896046,2.6859671247477612,3.55220024767951,1.9567522815811742,3.477104516896046,Palomares & Pauly 1998 (Z-based),NA,NA
Alepocephalus rostratus,54,Bathydemersal (deep sea) fish,0.008458527744916141,fish,0.2323479371930368,NA,0.5763258109335516,0.7936515151515152,0.182,0.9263030303030303,0.0024443900162903014,NA,FG rate (02_fao_catches.R),0.2347923272093271,NA,0.5787702009498419,0.7960959051678055,0.1844443900162903,0.9287474203193206,0.1844443900162903,Then et al. 2015+F(FG rate (02_fao_catches.R)),4.3938650588579415,5.910666588326536,6.801202736577226,0.5533331700488708,4.3938650588579415,Palomares & Pauly 1998 (Z-based),NA,NA
Chlopsis bicolor,46,No commercial medium demersal fish,9.64440187343803e-5,fish,0.23381380633973445,NA,0.5191138026836403,0.7936515151515152,0.185,0.9263030303030303,0.07121190067232094,NA,FG rate (02_fao_catches.R),0.3050257070120554,NA,0.5903257033559612,0.8648634158238362,0.2562119006723209,0.9975149309753513,0.2562119006723209,Then et al. 2015+F(FG rate (02_fao_catches.R)),3.635763125367179,4.051435266698243,4.983152780418813,0.7686357020169627,3.635763125367179,Palomares & Pauly 1998 (Z-based),NA,NA
Conger conger,28,European conger,0.04608191545198753,fish,0.1250179083165078,NA,0.43711206699727956,0.7936515151515152,0.089,0.9263030303030303,0.5956068631132465,NA,FG rate (02_fao_catches.R),0.7206247714297543,NA,1.032718930110526,1.3892583782647616,0.6846068631132465,1.521909893416277,0.6846068631132465,Then et al. 2015+F(FG rate (02_fao_catches.R)),12.043595134278117,13.973861255001939,13.814086223890556,2.0538205893397397,12.043595134278117,Palomares & Pauly 1998 (Z-based),NA,NA
Gnathophis mystax,45,Other commercial medium demersal fish,6.392108246883553e-4,fish,0.1250179083165078,NA,0.6315058833420352,0.7936515151515152,0.089,0.9263030303030303,0.4822507605270581,NA,FG rate (02_fao_catches.R),0.6072686688435659,NA,1.1137566438690933,1.2759022756785734,0.5712507605270581,1.4085537908300885,0.5712507605270581,Then et al. 2015+F(FG rate (02_fao_catches.R)),11.44838166605884,13.973861255001939,13.814086223890556,1.7137522815811743,11.44838166605884,Palomares & Pauly 1998 (Z-based),NA,NA
Muraena helena,46,No commercial medium demersal fish,9.36904873264872e-4,fish,0.1284321520563348,NA,0.5191138026836403,0.7936515151515152,0.092,0.9263030303030303,0.07121190067232094,NA,FG rate (02_fao_catches.R),0.19964405272865574,NA,0.5903257033559612,0.8648634158238362,0.16321190067232094,0.9975149309753513,0.16321190067232094,Then et al. 2015+F(FG rate (02_fao_catches.R)),2.758753979939007,3.3136851767083146,4.222911818035418,0.4896357020169628,2.758753979939007,Palomares & Pauly 1998 (Z-based),NA,NA
Nemichthys scolopaceus,26,No commercial meso (bathy) pelagic fishes,3.1760781365937634e-4,fish,0.44799135864636075,NA,0.6253118577579652,0.7936515151515152,0.374,0.9263030303030303,0.0333128325303818,NA,FG rate (02_fao_catches.R),0.48130419117674256,NA,0.6586246902883469,0.826964347681897,0.4073128325303818,0.959615862833412,0.4073128325303818,Then et al. 2015+F(FG rate (02_fao_catches.R)),4.924944403984467,5.115037893091599,6.037793840569814,1.2219384975911454,4.924944403984467,Palomares & Pauly 1998 (Z-based),NA,NA
Nettastoma melanurum,54,Bathydemersal (deep sea) fish,0.0011627066516388966,fish,0.23381380633973445,NA,0.5191138026836403,0.7936515151515152,0.185,0.9263030303030303,0.0024443900162903014,NA,FG rate (02_fao_catches.R),0.23625819635602474,NA,0.5215581926999305,0.7960959051678055,0.1874443900162903,0.9287474203193206,0.1874443900162903,Then et al. 2015+F(FG rate (02_fao_catches.R)),3.331133686209648,4.051435266698243,4.983152780418813,0.5623331700488708,3.331133686209648,Palomares & Pauly 1998 (Z-based),NA,NA
Dalophis imberbis,46,No commercial medium demersal fish,0.0020760885192713766,fish,0.23381380633973445,NA,0.43711206699727956,0.7936515151515152,0.185,0.9263030303030303,0.07121190067232094,NA,FG rate (02_fao_catches.R),0.3050257070120554,NA,0.5083239676696005,0.8648634158238362,0.2562119006723209,0.9975149309753513,0.2562119006723209,Then et al. 2015+F(FG rate (02_fao_catches.R)),3.635763125367179,4.051435266698243,4.983152780418813,0.7686357020169627,3.635763125367179,Palomares & Pauly 1998 (Z-based),NA,NA
Echelus myrus,46,No commercial medium demersal fish,0.0038332765684991866,fish,0.23381380633973445,NA,0.43711206699727956,0.7936515151515152,0.185,0.9263030303030303,0.07121190067232094,NA,FG rate (02_fao_catches.R),0.3050257070120554,NA,0.5083239676696005,0.8648634158238362,0.2562119006723209,0.9975149309753513,0.2562119006723209,Then et al. 2015+F(FG rate (02_fao_catches.R)),3.635763125367179,4.051435266698243,4.983152780418813,0.7686357020169627,3.635763125367179,Palomares & Pauly 1998 (Z-based),NA,NA
Ophichthus rufus,46,No commercial medium demersal fish,0.00435601660821575,fish,0.23381380633973445,NA,0.43711206699727956,0.7936515151515152,0.185,0.9263030303030303,0.07121190067232094,NA,FG rate (02_fao_catches.R),0.3050257070120554,NA,0.5083239676696005,0.8648634158238362,0.2562119006723209,0.9975149309753513,0.2562119006723209,Then et al. 2015+F(FG rate (02_fao_catches.R)),3.635763125367179,4.051435266698243,4.983152780418813,0.7686357020169627,3.635763125367179,Palomares & Pauly 1998 (Z-based),NA,NA
Ophisurus serpens,46,No commercial medium demersal fish,0.003798549273356568,fish,0.23381380633973445,NA,0.43711206699727956,0.7936515151515152,0.185,0.9263030303030303,0.07121190067232094,NA,FG rate (02_fao_catches.R),0.3050257070120554,NA,0.5083239676696005,0.8648634158238362,0.2562119006723209,0.9975149309753513,0.2562119006723209,Then et al. 2015+F(FG rate (02_fao_catches.R)),3.635763125367179,4.051435266698243,4.983152780418813,0.7686357020169627,3.635763125367179,Palomares & Pauly 1998 (Z-based),NA,NA
Dysomma brevirostre,25,Benthopelagic fishes,3.41184060906294e-6,fish,0.23381380633973445,NA,0.5191138026836403,0.7936515151515152,0.185,0.9263030303030303,0.23314890901462454,NA,FG rate (02_fao_catches.R),0.46696271535435896,NA,0.7522627116982648,1.0268004241661397,0.41814890901462454,1.1594519393176548,0.41814890901462454,Then et al. 2015+F(FG rate (02_fao_catches.R)),4.17023422466174,4.051435266698243,4.983152780418813,1.2544467270438737,4.17023422466174,Palomares & Pauly 1998 (Z-based),NA,NA
Apogon imberbis,53,No commercial small demersal fish,1.11379210151547e-4,fish,1.5607042485485518,NA,0.5798671357481577,0.7936515151515152,1.56,0.9263030303030303,0.004290267984339308,NA,FG rate (02_fao_catches.R),1.5649945165328911,NA,0.584157403732497,0.7979417831358545,1.5642902679843393,0.9305932982873696,1.5642902679843393,Then et al. 2015+F(FG rate (02_fao_catches.R)),11.934067036566697,10.11881209663,10.589467718096897,4.692870803953018,11.934067036566697,Palomares & Pauly 1998 (Z-based),NA,NA
Argentina sphyraena,54,Bathydemersal (deep sea) fish,0.17143104902412434,fish,0.647814482945391,NA,0.6283968019835852,0.7936515151515152,0.581,0.9263030303030303,0.0024443900162903014,NA,FG rate (02_fao_catches.R),0.6502588729616813,NA,0.6308411919998754,0.7960959051678055,0.5834443900162902,0.9287474203193206,0.5834443900162902,Then et al. 2015+F(FG rate (02_fao_catches.R)),8.49132066947131,9.283376512856782,9.864037691811019,1.7503331700488707,8.49132066947131,Palomares & Pauly 1998 (Z-based),NA,NA
Glossanodon leioglossus,54,Bathydemersal (deep sea) fish,0.3455595561492473,fish,0.647814482945391,NA,0.6283968019835852,0.7936515151515152,0.581,0.9263030303030303,0.0024443900162903014,NA,FG rate (02_fao_catches.R),0.6502588729616813,NA,0.6308411919998754,0.7960959051678055,0.5834443900162902,0.9287474203193206,0.5834443900162902,Then et al. 2015+F(FG rate (02_fao_catches.R)),8.49132066947131,9.283376512856782,9.864037691811019,1.7503331700488707,8.49132066947131,Palomares & Pauly 1998 (Z-based),NA,NA
Aulopus filamentosus,46,No commercial medium demersal fish,0.04635486883575788,fish,0.5293846685540259,NA,0.5452984452109931,0.4305,0.4635,0.533,0.07121190067232094,NA,FG rate (02_fao_catches.R),0.6005965692263469,NA,0.6165103458833141,0.501711900672321,0.534711900672321,0.604211900672321,0.534711900672321,Then et al. 2015+F(FG rate (02_fao_catches.R)),6.902192597173672,7.263854428906161,8.05966259020922,1.604135702016963,6.902192597173672,Palomares & Pauly 1998 (Z-based),NA,NA
Chlorophthalmus agassizi,53,No commercial small demersal fish,0.10663895704847325,fish,0.6162097590462323,NA,0.5790368906501577,0.4305,0.551,0.533,0.004290267984339308,NA,FG rate (02_fao_catches.R),0.6205000270305716,NA,0.583327158634497,0.4347902679843393,0.5552902679843393,0.5372902679843393,0.5552902679843393,Then et al. 2015+F(FG rate (02_fao_catches.R)),9.022717174207518,10.260261168811594,10.71122381968574,1.665870803953018,9.022717174207518,Palomares & Pauly 1998 (Z-based),NA,NA
Evermannella balbo,26,No commercial meso (bathy) pelagic fishes,5.096730512099305e-5,fish,0.5293846685540259,NA,0.5452984452109931,0.4305,0.4635,0.533,0.0333128325303818,NA,FG rate (02_fao_catches.R),0.5626975010844076,NA,0.5786112777413749,0.4638128325303818,0.49681283253038183,0.5663128325303818,0.49681283253038183,Then et al. 2015+F(FG rate (02_fao_catches.R)),6.761569260590672,7.263854428906161,8.05966259020922,1.4904384975911456,6.761569260590672,Palomares & Pauly 1998 (Z-based),NA,NA
Bathypterois dubius,54,Bathydemersal (deep sea) fish,6.64909306551253e-6,fish,0.5293846685540259,NA,0.5452984452109931,0.4305,0.4635,0.533,0.0024443900162903014,NA,FG rate (02_fao_catches.R),0.5318290585703161,NA,0.5477428352272834,0.4329443900162903,0.46594439001629034,0.5354443900162903,0.46594439001629034,Then et al. 2015+F(FG rate (02_fao_catches.R)),6.641207657680264,7.263854428906161,8.05966259020922,1.397833170048871,6.641207657680264,Palomares & Pauly 1998 (Z-based),NA,NA
Arctozenus risso,26,No commercial meso (bathy) pelagic fishes,1.0585251927110364e-4,fish,0.5293846685540259,NA,0.7217413726388706,0.4305,0.4635,0.533,0.0333128325303818,NA,FG rate (02_fao_catches.R),0.5626975010844076,NA,0.7550542051692524,0.4638128325303818,0.49681283253038183,0.5663128325303818,0.49681283253038183,Then et al. 2015+F(FG rate (02_fao_catches.R)),6.761569260590672,7.263854428906161,8.05966259020922,1.4904384975911456,6.761569260590672,Palomares & Pauly 1998 (Z-based),NA,NA
Lestidiops sphyrenoides,26,No commercial meso (bathy) pelagic fishes,6.42861368789463e-5,fish,0.5293846685540259,NA,0.7217413726388706,0.4305,0.4635,0.533,0.0333128325303818,NA,FG rate (02_fao_catches.R),0.5626975010844076,NA,0.7550542051692524,0.4638128325303818,0.49681283253038183,0.5663128325303818,0.49681283253038183,Then et al. 2015+F(FG rate (02_fao_catches.R)),6.761569260590672,7.263854428906161,8.05966259020922,1.4904384975911456,6.761569260590672,Palomares & Pauly 1998 (Z-based),NA,NA
Lestidiops spp.,26,No commercial meso (bathy) pelagic fishes,9.12085877578143e-6,fish,0.5293846685540259,NA,0.7217413726388706,0.4305,0.4635,0.533,0.0333128325303818,NA,FG rate (02_fao_catches.R),0.5626975010844076,NA,0.7550542051692524,0.4638128325303818,0.49681283253038183,0.5663128325303818,0.49681283253038183,Then et al. 2015+F(FG rate (02_fao_catches.R)),6.761569260590672,7.263854428906161,8.05966259020922,1.4904384975911456,6.761569260590672,Palomares & Pauly 1998 (Z-based),NA,NA
Paralepis coregonoides,26,No commercial meso (bathy) pelagic fishes,1.9881036576477048e-5,fish,0.5293846685540259,NA,0.7217413726388706,0.4305,0.4635,0.533,0.0333128325303818,NA,FG rate (02_fao_catches.R),0.5626975010844076,NA,0.7550542051692524,0.4638128325303818,0.49681283253038183,0.5663128325303818,0.49681283253038183,Then et al. 2015+F(FG rate (02_fao_catches.R)),6.761569260590672,7.263854428906161,8.05966259020922,1.4904384975911456,6.761569260590672,Palomares & Pauly 1998 (Z-based),NA,NA
Synodus saurus,46,No commercial medium demersal fish,0.003445175895591783,fish,0.4425595780618194,NA,0.4074084139992992,0.4305,0.376,0.533,0.07121190067232094,NA,FG rate (02_fao_catches.R),0.5137714787341403,NA,0.47862031467162014,0.501711900672321,0.44721190067232097,0.604211900672321,0.44721190067232097,Then et al. 2015+F(FG rate (02_fao_catches.R)),5.996123647740475,6.431408117327627,7.290951697006142,1.341635702016963,5.996123647740475,Palomares & Pauly 1998 (Z-based),NA,NA
Blennius ocellaris,53,No commercial small demersal fish,0.002145368364847623,fish,0.45257580257369917,NA,0.5798671357481577,0.7936515151515152,0.39,0.9263030303030303,0.004290267984339308,NA,FG rate (02_fao_catches.R),0.45686607055803846,NA,0.584157403732497,0.7979417831358545,0.3942902679843393,0.9305932982873696,0.3942902679843393,Then et al. 2015+F(FG rate (02_fao_catches.R)),3.5876150520227013,3.3844209277201664,4.297009881742354,1.1828708039530178,3.5876150520227013,Palomares & Pauly 1998 (Z-based),NA,NA
Callionymus lyra,53,No commercial small demersal fish,9.370909137008765e-4,fish,1.0831806474211527,NA,0.6474225381975994,0.7155,1.035,0.659,0.004290267984339308,NA,FG rate (02_fao_catches.R),1.087470915405492,NA,0.6517128061819387,0.7197902679843393,1.0392902679843392,0.6632902679843393,1.0392902679843392,Then et al. 2015+F(FG rate (02_fao_catches.R)),11.601134911398612,11.359798388963428,11.647940621438401,3.117870803953018,11.601134911398612,Palomares & Pauly 1998 (Z-based),NA,NA
Callionymus maculatus,53,No commercial small demersal fish,0.005774878834212887,fish,1.0831806474211527,NA,0.7179023287923721,0.7155,1.035,0.659,0.004290267984339308,NA,FG rate (02_fao_catches.R),1.087470915405492,NA,0.7221925967767114,0.7197902679843393,1.0392902679843392,0.6632902679843393,1.0392902679843392,Then et al. 2015+F(FG rate (02_fao_catches.R)),11.601134911398612,11.359798388963428,11.647940621438401,3.117870803953018,11.601134911398612,Palomares & Pauly 1998 (Z-based),NA,NA
Callionymus risso,53,No commercial small demersal fish,7.141401191745466e-4,fish,1.0831806474211527,NA,0.801331803551199,0.7155,1.035,0.659,0.004290267984339308,NA,FG rate (02_fao_catches.R),1.087470915405492,NA,0.8056220715355383,0.7197902679843393,1.0392902679843392,0.6632902679843393,1.0392902679843392,Then et al. 2015+F(FG rate (02_fao_catches.R)),11.601134911398612,11.359798388963428,11.647940621438401,3.117870803953018,11.601134911398612,Palomares & Pauly 1998 (Z-based),NA,NA
Callionymus spp.,53,No commercial small demersal fish,3.28863115096632e-4,fish,1.0831806474211527,NA,0.7179023287923721,0.7155,1.035,0.659,0.004290267984339308,NA,FG rate (02_fao_catches.R),1.087470915405492,NA,0.7221925967767114,0.7197902679843393,1.0392902679843392,0.6632902679843393,1.0392902679843392,Then et al. 2015+F(FG rate (02_fao_catches.R)),11.601134911398612,11.359798388963428,11.647940621438401,3.117870803953018,11.601134911398612,Palomares & Pauly 1998 (Z-based),NA,NA
Synchiropus phaeton,53,No commercial small demersal fish,0.0019544454678279166,fish,0.5934517122645179,NA,0.7179023287923721,0.7155,0.526,0.659,0.004290267984339308,NA,FG rate (02_fao_catches.R),0.5977419802488572,NA,0.7221925967767114,0.7197902679843393,0.5302902679843393,0.6632902679843393,0.5302902679843393,Then et al. 2015+F(FG rate (02_fao_catches.R)),8.943113402091724,10.316001038825604,10.759121883628627,1.590870803953018,8.943113402091724,Palomares & Pauly 1998 (Z-based),NA,NA
Sphyraena sphyraena,18,Other medium pelagic fishes,0.06150438951267273,fish,0.29491292239882466,NA,0.5798671357481577,0.7936515151515152,0.237,0.9263030303030303,0.9122527922366169,NA,FG rate (02_fao_catches.R),1.2071657146354415,NA,1.4921199279847746,1.7059043073881321,1.149252792236617,1.8385558225396472,1.149252792236617,Then et al. 2015+F(FG rate (02_fao_catches.R)),7.439562800649563,6.025502955589951,6.909837367721507,3.4477583767098507,7.439562800649563,Palomares & Pauly 1998 (Z-based),NA,NA
Caranx rhonchus,18,Other medium pelagic fishes,0.0491591401497764,fish,0.5624005198266593,NA,0.4984212288678829,0.3315,0.489,0.281,0.9122527922366169,NA,FG rate (02_fao_catches.R),1.474653312063276,NA,1.4106740211045,1.243752792236617,1.401252792236617,1.193252792236617,1.401252792236617,Then et al. 2015+F(FG rate (02_fao_catches.R)),8.836866695307936,7.0411851950052204,6.206092032612862,4.2037583767098505,8.836866695307936,Palomares & Pauly 1998 (Z-based),NA,NA
Seriola dumerili,15,Other large pelagic fishes,4.35155953584003e-4,fish,0.40313783940702985,NA,0.4058524545287503,0.3315,0.331,0.281,156.48968315632072,NA,FG rate (02_fao_catches.R),156.89282099572776,NA,156.89553561084946,156.82118315632073,156.8206831563207,156.77068315632073,156.8206831563207,Then et al. 2015+F(FG rate (02_fao_catches.R)),19.991863195004523,3.577220772753644,3.553188047914733,470.46204946896216,19.991863195004523,Palomares & Pauly 1998 (Z-based),NA,NA
Trachurus mediterraneus,17,Horse mackerels,0.6138155145253367,fish,0.44840612668055285,NA,0.5502836106256314,0.3315,0.38,0.281,0.13090146717172177,NA,FG rate (02_fao_catches.R),0.5793075938522746,NA,0.6811850777973532,0.4624014671717218,0.5109014671717218,0.4119014671717218,0.5109014671717218,Then et al. 2015+F(FG rate (02_fao_catches.R)),7.329648475751894,8.004047577881302,6.896981575338534,1.5327044015151654,7.329648475751894,Palomares & Pauly 1998 (Z-based),NA,NA
Trachurus picturatus,17,Horse mackerels,0.11955539620651799,fish,0.7230027830034838,NA,0.5578976663152502,0.3315,0.652,0.281,0.13090146717172177,NA,FG rate (02_fao_catches.R),0.8539042501752055,NA,0.688799133486972,0.4624014671717218,0.7829014671717218,0.4119014671717218,0.7829014671717218,Then et al. 2015+F(FG rate (02_fao_catches.R)),9.360153855272216,9.466314915963586,7.919006757211096,2.3487044015151657,9.360153855272216,Palomares & Pauly 1998 (Z-based),NA,NA
Trachurus trachurus,17,Horse mackerels,1.8007865146277835,fish,0.4538247523345722,NA,0.5656796766769671,0.3315,0.386,0.281,0.13090146717172177,NA,FG rate (02_fao_catches.R),0.584726219506294,NA,0.6965811438486889,0.4624014671717218,0.5169014671717218,0.4119014671717218,0.5169014671717218,Then et al. 2015+F(FG rate (02_fao_catches.R)),7.884021688750381,8.788231517778986,7.448822577904775,1.5507044015151654,7.884021688750381,Palomares & Pauly 1998 (Z-based),NA,NA
Alosa fallax,18,Other medium pelagic fishes,0.052845127242550305,fish,0.7416504528330147,NA,0.49064685701144,1.072,0.668,1.622,0.9122527922366169,NA,FG rate (02_fao_catches.R),1.6539032450696316,NA,1.402899649248057,1.9842527922366169,1.580252792236617,2.534252792236617,1.580252792236617,Then et al. 2015+F(FG rate (02_fao_catches.R)),7.5935256305791095,5.496464556507152,7.0416771387717665,4.7407583767098505,7.5935256305791095,Palomares & Pauly 1998 (Z-based),NA,NA
Sardina pilchardus,19,European sardine adult,2.719663408885403,fish,0.8314413310226872,NA,0.7878668851057649,1.072,0.768,1.622,0.5149275673157144,NA,FG rate (02_fao_catches.R),1.3463688983384017,NA,1.3027944524214794,1.5869275673157146,1.2829275673157143,2.1369275673157144,1.2829275673157143,Then et al. 2015+F(FG rate (02_fao_catches.R)),9.582050312052537,8.122211620426983,9.712682164595265,3.848782701947143,9.582050312052537,Palomares & Pauly 1998 (Z-based),NA,NA
Sprattus sprattus,24,Other small pelagic fish,0.39316055605382366,fish,0.6909316426078786,NA,0.6263375064418345,1.072,0.63,1.622,0.027988099319400012,NA,FG rate (02_fao_catches.R),0.7189197419272787,NA,0.6543256057612346,1.0999880993194,0.6579880993194,1.6499880993194,0.6579880993194,Then et al. 2015+F(FG rate (02_fao_catches.R)),10.213976644483935,11.371568027898899,12.324729528871853,1.9739642979582002,10.213976644483935,Palomares & Pauly 1998 (Z-based),NA,NA
Sardinella aurita,23,Round sardinella,0.23259890036848016,fish,0.9777097585362294,NA,0.6572793123708905,1.072,0.918,1.622,0.48336674589994044,NA,FG rate (02_fao_catches.R),1.46107650443617,NA,1.140646058270831,1.5553667458999405,1.4013667458999404,2.1053667458999406,1.4013667458999404,Then et al. 2015+F(FG rate (02_fao_catches.R)),9.453503488207337,7.71597066147784,9.310818647309024,4.204100237699821,9.453503488207337,Palomares & Pauly 1998 (Z-based),NA,NA
Engraulis encrasicolus,21,European anchovy juv.,2.0914927985023635,fish,0.70388230709847,NA,0.6263375064418345,1.072,0.638,1.622,0.33751150069070424,NA,FG rate (02_fao_catches.R),1.0413938077891742,NA,0.9638490071325387,1.4095115006907042,0.9755115006907042,1.9595115006907045,0.9755115006907042,Then et al. 2015+F(FG rate (02_fao_catches.R)),9.224340382743982,8.555752404670102,10.540350245119974,2.926534502072113,9.224340382743982,Palomares & Pauly 1998 (Z-based),NA,NA
Dactylopterus volitans,40,Scorpaenidae+,0.0018662791937855327,fish,0.6074256455537058,NA,0.5817681933935751,0.7936515151515152,0.536,0.9263030303030303,0.02896155925624968,NA,FG rate (02_fao_catches.R),0.6363872048099555,NA,0.6107297526498248,0.8226130744077649,0.5649615592562497,0.95526458955928,0.5649615592562497,Then et al. 2015+F(FG rate (02_fao_catches.R)),6.6022256313522325,6.7032883785149755,7.543845582628228,1.6948846777687492,6.6022256313522325,Palomares & Pauly 1998 (Z-based),NA,NA
Callanthias ruber,53,No commercial small demersal fish,9.502686873095851e-4,fish,0.6393101533020394,NA,0.6234141143673053,0.51475,0.5783928571428572,0.647,0.004290267984339308,NA,FG rate (02_fao_catches.R),0.6436004212863787,NA,0.6277043823516446,0.5190402679843393,0.5826831251271964,0.6512902679843393,0.5826831251271964,Then et al. 2015+F(FG rate (02_fao_catches.R)),5.073544418263889,4.65372260233616,5.8496576309131525,1.7480493753815893,5.073544418263889,Palomares & Pauly 1998 (Z-based),NA,NA
Cepola macrophthalma,46,No commercial medium demersal fish,0.05244299970449223,fish,0.33052422454501934,NA,0.6234141143673053,0.51475,0.268,0.647,0.07121190067232094,NA,FG rate (02_fao_catches.R),0.40173612521734026,NA,0.6946260150396263,0.585961900672321,0.339211900672321,0.718211900672321,0.339211900672321,Then et al. 2015+F(FG rate (02_fao_catches.R)),6.567938755197335,8.064364634090378,9.199501388917959,1.017635702016963,6.567938755197335,Palomares & Pauly 1998 (Z-based),NA,NA
Acantholabrus palloni,43,Labridae and serranidae+,2.69602619779111e-4,fish,0.8326600109219233,NA,0.6306150963717881,0.51475,0.7833749999999999,0.647,0.39312072257690145,NA,FG rate (02_fao_catches.R),1.2257807334988247,NA,1.0237358189486896,0.9078707225769015,1.1764957225769015,1.0401207225769014,1.1764957225769015,Then et al. 2015+F(FG rate (02_fao_catches.R)),8.375306136493865,7.003049789038321,8.190227849258326,3.5294871677307045,8.375306136493865,Palomares & Pauly 1998 (Z-based),NA,NA
Coris julis,43,Labridae and serranidae+,0.019715535667035634,fish,0.32814839276911867,NA,0.6441888141026766,0.51475,0.271,0.647,0.39312072257690145,NA,FG rate (02_fao_catches.R),0.7212691153460201,NA,1.0373095366795781,0.9078707225769015,0.6641207225769015,1.0401207225769014,0.6641207225769015,Then et al. 2015+F(FG rate (02_fao_catches.R)),7.152072460292603,7.024016014624865,8.210415860241303,1.9923621677307044,7.152072460292603,Palomares & Pauly 1998 (Z-based),NA,NA
Labrus mixtus,43,Labridae and serranidae+,0.00361493688566569,fish,0.26364042840647844,NA,0.5123167012804424,0.51475,0.21,0.647,0.39312072257690145,NA,FG rate (02_fao_catches.R),0.65676115098338,NA,0.9054374238573438,0.9078707225769015,0.6031207225769014,1.0401207225769014,0.6031207225769014,Then et al. 2015+F(FG rate (02_fao_catches.R)),5.547400671445367,5.178673046045689,6.38788423475974,1.8093621677307041,5.547400671445367,Palomares & Pauly 1998 (Z-based),NA,NA
Labrus viridis,43,Labridae and serranidae+,3.34689650309246e-4,fish,0.26364042840647844,NA,0.5123167012804424,0.51475,0.21,0.647,0.39312072257690145,NA,FG rate (02_fao_catches.R),0.65676115098338,NA,0.9054374238573438,0.9078707225769015,0.6031207225769014,1.0401207225769014,0.6031207225769014,Then et al. 2015+F(FG rate (02_fao_catches.R)),5.547400671445367,5.178673046045689,6.38788423475974,1.8093621677307041,5.547400671445367,Palomares & Pauly 1998 (Z-based),NA,NA
Symphodus cinereus,43,Labridae and serranidae+,0.0041550082021437505,fish,1.0638250240452103,NA,0.6132083922069145,0.51475,1.022,0.647,0.39312072257690145,NA,FG rate (02_fao_catches.R),1.4569457466221118,NA,1.0063291147838158,0.9078707225769015,1.4151207225769014,1.0401207225769014,1.4151207225769014,Then et al. 2015+F(FG rate (02_fao_catches.R)),12.618112926537107,11.324890891702939,12.167605585716435,4.245362167730704,12.618112926537107,Palomares & Pauly 1998 (Z-based),NA,NA
Symphodus mediterraneus,43,Labridae and serranidae+,4.2665755475610265e-4,fish,1.0073649252624397,NA,0.7179023287923721,0.51475,0.956,0.647,0.39312072257690145,NA,FG rate (02_fao_catches.R),1.400485647839341,NA,1.1110230513692736,0.9078707225769015,1.3491207225769015,1.0401207225769014,1.3491207225769015,Then et al. 2015+F(FG rate (02_fao_catches.R)),11.283792905305976,9.923938229602948,10.913793521489465,4.047362167730705,11.283792905305976,Palomares & Pauly 1998 (Z-based),NA,NA
Symphodus ocellatus,43,Labridae and serranidae+,8.18548104014218e-4,fish,1.3938066605966932,NA,0.6315058833420352,0.51475,1.385,0.647,0.39312072257690145,NA,FG rate (02_fao_catches.R),1.7869273831735946,NA,1.0246266059189366,0.9078707225769015,1.7781207225769013,1.0401207225769014,1.7781207225769013,Then et al. 2015+F(FG rate (02_fao_catches.R)),14.171886940603088,12.146595944236303,12.890131507717411,5.3343621677307045,14.171886940603088,Palomares & Pauly 1998 (Z-based),NA,NA
Symphodus roissali,43,Labridae and serranidae+,5.93377770979695e-5,fish,0.8130713738953579,NA,0.66567585354913394,0.51475,0.752,0.647,0.39312072257690145,NA,FG rate (02_fao_catches.R),1.2061920964722592,NA,1.0587965761260354,0.9078707225769015,1.1451207225769013,1.0401207225769014,1.1451207225769013,Then et al. 2015+F(FG rate (02_fao_catches.R)),10.425190332899911,9.4909664132914,10.520127191530147,3.435362167730704,10.425190332899911,Palomares & Pauly 1998 (Z-based),NA,NA
Symphodus tinca,43,Labridae and serranidae+,0.0012812158530494772,fish,1.1920436959233727,NA,0.710320452533748,0.51475,1.14,0.647,0.39312072257690145,NA,FG rate (02_fao_catches.R),1.5851644185002742,NA,1.1034411751106494,0.9078707225769015,1.5331207225769012,1.0401207225769014,1.5331207225769012,Then et al. 2015+F(FG rate (02_fao_catches.R)),8.663725670833804,6.634542849754072,7.833622404338648,4.599362167730703,8.663725670833804,Palomares & Pauly 1998 (Z-based),NA,NA
Xyrichtys novacula,43,Labridae and serranidae+,4.35368386415858e-4,fish,0.5993795864767154,NA,0.6222507951155192,0.51475,0.531,0.647,0.39312072257690145,NA,FG rate (02_fao_catches.R),0.9925003090536169,NA,1.0153715176924205,0.9078707225769015,0.9241207225769015,1.0401207225769014,0.9241207225769015,Then et al. 2015+F(FG rate (02_fao_catches.R)),8.173682447970092,7.421466146180933,8.591143656089384,2.772362167730704,8.173682447970092,Palomares & Pauly 1998 (Z-based),NA,NA
Dicentrarchus labrax,45,Other commercial medium demersal fish,0.08243161715425666,fish,0.34952025853128504,NA,0.6234141143673053,0.51475,0.285,0.647,0.4822507605270581,NA,FG rate (02_fao_catches.R),0.8317710190583432,NA,1.1056648748943634,0.9970007605270581,0.7672507605270581,1.129250760527058,0.7672507605270581,Then et al. 2015+F(FG rate (02_fao_catches.R)),4.417733384444588,3.485277277360741,4.6870820402966915,2.3017522815811744,4.417733384444588,Palomares & Pauly 1998 (Z-based),NA,NA
Umbrina cirrosa,45,Other commercial medium demersal fish,0.0027009708139795648,fish,0.29167596574939325,NA,0.6234141143673053,0.51475,0.231,0.647,0.4822507605270581,NA,FG rate (02_fao_catches.R),0.7739267262764513,NA,1.1056648748943634,0.9970007605270581,0.7132507605270582,1.129250760527058,0.7132507605270582,Then et al. 2015+F(FG rate (02_fao_catches.R)),3.887124751249757,3.0167807334544463,4.093506464835935,2.1397522815811745,3.887124751249757,Palomares & Pauly 1998 (Z-based),NA,NA
Umbrina ronchus,45,Other commercial medium demersal fish,0.00197355758932253,fish,0.5747937989638091,NA,0.6234141143673053,0.51475,0.496,0.647,0.4822507605270581,NA,FG rate (02_fao_catches.R),1.0570445594908673,NA,1.1056648748943634,0.9970007605270581,0.9782507605270581,1.129250760527058,0.9782507605270581,Then et al. 2015+F(FG rate (02_fao_catches.R)),4.836151513702934,3.5917812080179568,4.725971687532164,2.934752281581174,4.836151513702934,Palomares & Pauly 1998 (Z-based),NA,NA
Boops boops,35,Sparidae+,0.6724580303033587,fish,0.5313606027939363,NA,0.9235373646823639,0.51475,0.465,0.647,0.25671994143400373,NA,FG rate (02_fao_catches.R),0.7880805442279399,NA,1.1802573061163677,0.7714699414340038,0.7217199414340038,0.9037199414340038,0.7217199414340038,Then et al. 2015+F(FG rate (02_fao_catches.R)),7.525112235968161,7.288268629595965,8.325236559735604,2.165159824302011,7.525112235968161,Palomares & Pauly 1998 (Z-based),NA,NA
Centracanthus cirrus,35,Sparidae+,0.3797268083670063,fish,0.9871344334900978,NA,0.6198622637710041,0.51475,0.934,0.647,0.25671994143400373,NA,FG rate (02_fao_catches.R),1.2438543749241016,NA,0.8765822052050078,0.7714699414340038,1.1907199414340037,0.9037199414340038,1.1907199414340037,Then et al. 2015+F(FG rate (02_fao_catches.R)),11.416337345151339,10.564573067948817,11.302440688225802,3.572159824302011,11.416337345151339,Palomares & Pauly 1998 (Z-based),NA,NA
Dentex dentex,38,Common dentex,0.06770664209720832,fish,0.2977136861087591,NA,0.4012405278593545,0.12,0.238,0.068,0.5876357574109063,NA,FG rate (02_fao_catches.R),0.8853494435196654,NA,0.9888762852702608,0.7076357574109063,0.8256357574109063,0.6556357574109064,0.8256357574109063,Then et al. 2015+F(FG rate (02_fao_catches.R)),4.562438918666778,3.5400548564282013,4.593311697885079,2.476907272232719,4.562438918666778,Palomares & Pauly 1998 (Z-based),NA,NA
Diplodus annularis,35,Sparidae+,0.11972228379313499,fish,1.0303973742832846,NA,0.5845199260428581,0.51475,0.976,0.647,0.25671994143400373,NA,FG rate (02_fao_catches.R),1.2871173157172884,NA,0.8412398674768617,0.7714699414340038,1.2327199414340038,0.9037199414340038,1.2327199414340038,Then et al. 2015+F(FG rate (02_fao_catches.R)),9.415551108941793,8.051665840329884,9.036985683208774,3.698159824302011,9.415551108941793,Palomares & Pauly 1998 (Z-based),NA,NA
Diplodus cervinus cervinus,35,Sparidae+,0.0107960150435471,fish,0.7661589938097664,NA,0.6377974971119554,0.51475,0.7010000000000001,0.647,0.25671994143400373,NA,FG rate (02_fao_catches.R),1.0228789352437702,NA,0.8945174385459591,0.7714699414340038,0.9577199414340039,0.9037199414340038,0.9577199414340039,Then et al. 2015+F(FG rate (02_fao_catches.R)),6.93442113656769,5.872225602956559,6.968378039410659,2.8731598243020118,6.93442113656769,Palomares & Pauly 1998 (Z-based),NA,NA
Diplodus puntazzo,35,Sparidae+,0.01250640259596784,fish,0.5165904478008565,NA,0.7217413726388706,0.51475,0.445,0.647,0.25671994143400373,NA,FG rate (02_fao_catches.R),0.7733103892348603,NA,0.9784613140728744,0.7714699414340038,0.7017199414340037,0.9037199414340038,0.7017199414340037,Then et al. 2015+F(FG rate (02_fao_catches.R)),5.637336551895176,4.998716105554016,6.102819823081591,2.105159824302011,5.637336551895176,Palomares & Pauly 1998 (Z-based),NA,NA
Diplodus sargus sargus,36,White seabream,0.009101158046414782,fish,0.7661589938097664,NA,0.6377974971119554,0.51475,0.7010000000000001,0.647,1.8228129531821589,NA,FG rate (02_fao_catches.R),2.5889719469919252,NA,2.4606104502941144,2.337562953182159,2.523812953182159,2.469812953182159,2.523812953182159,Then et al. 2015+F(FG rate (02_fao_catches.R)),9.09576918472167,5.872225602956559,6.968378039410659,7.571438859546477,9.09576918472167,Palomares & Pauly 1998 (Z-based),NA,NA
Diplodus vulgaris,37,Common two-banded seabream,0.028232007877511508,fish,0.7514891593451579,NA,0.6192133619297694,0.51475,0.682,0.647,0.4569732788156152,NA,FG rate (02_fao_catches.R),1.2084624381607731,NA,1.0761866407453846,0.9717232788156153,1.1389732788156153,1.1039732788156154,1.1389732788156153,Then et al. 2015+F(FG rate (02_fao_catches.R)),7.897444811164639,6.551072910408784,7.6253071044391,3.416919836446846,7.897444811164639,Palomares & Pauly 1998 (Z-based),NA,NA
Lithognathus mormyrus,35,Sparidae+,0.020852861008277723,fish,0.40415442970725113,NA,0.6198622637710041,0.51475,0.339,0.647,0.25671994143400373,NA,FG rate (02_fao_catches.R),0.6608743711412548,NA,0.8765822052050078,0.7714699414340038,0.5957199414340038,0.9037199414340038,0.5957199414340038,Then et al. 2015+F(FG rate (02_fao_catches.R)),5.302726384229649,4.896876446707711,6.000241776870746,1.7871598243020113,5.302726384229649,Palomares & Pauly 1998 (Z-based),NA,NA
Oblada melanura,35,Sparidae+,0.006143700743502565,fish,0.6058056223307632,NA,0.6198622637710041,0.51475,0.5405,0.647,0.25671994143400373,NA,FG rate (02_fao_catches.R),0.8625255637647669,NA,0.8765822052050078,0.7714699414340038,0.7972199414340038,0.9037199414340038,0.7972199414340038,Then et al. 2015+F(FG rate (02_fao_catches.R)),5.937332816177578,5.108049660662744,6.21253654386005,2.3916598243020113,5.937332816177578,Palomares & Pauly 1998 (Z-based),NA,NA
Pagellus acarne,35,Sparidae+,0.0690834497152732,fish,0.8442842234884104,NA,0.5403843243643531,0.2535,0.779,0.296,0.25671994143400373,NA,FG rate (02_fao_catches.R),1.101004164922414,NA,0.7971042657983569,0.5102199414340037,1.0357199414340037,0.5527199414340037,1.0357199414340037,Then et al. 2015+F(FG rate (02_fao_catches.R)),8.443078355670961,7.426118104304038,8.454696792567036,3.107159824302011,8.443078355670961,Palomares & Pauly 1998 (Z-based),NA,NA
Pagellus bogaraveo,35,Sparidae+,0.03640839821578493,fish,0.30798464868853836,NA,0.45512269843235137,0.2535,0.249,0.296,0.25671994143400373,NA,FG rate (02_fao_catches.R),0.564704590122542,NA,0.7118426398663551,0.5102199414340037,0.5057199414340037,0.5527199414340037,0.5057199414340037,Then et al. 2015+F(FG rate (02_fao_catches.R)),4.653959065367289,4.371029953414106,5.46436407255628,1.517159824302011,4.653959065367289,Palomares & Pauly 1998 (Z-based),NA,NA
Pagellus erythrinus,34,Common pandora,0.04589129311238616,fish,0.49873410329326423,NA,0.6315058833420352,0.2535,0.428,0.296,1.3156567097476535,NA,FG rate (02_fao_catches.R),1.8143908130409176,NA,1.9471625930896885,1.5691567097476535,1.7436567097476534,1.6116567097476535,1.7436567097476534,Then et al. 2015+F(FG rate (02_fao_catches.R)),7.194656154695089,4.9259197059721105,6.029533657935727,5.2309701292429605,7.194656154695089,Palomares & Pauly 1998 (Z-based),NA,NA
Pagrus pagrus,35,Sparidae+,0.016197973282096188,fish,0.45080651096557806,NA,0.5284008852227501,1.072,0.385,1.702,0.25671994143400373,NA,FG rate (02_fao_catches.R),0.7075264523995818,NA,0.7851208266567538,1.3287199414340038,0.6417199414340038,1.9587199414340037,0.6417199414340038,Then et al. 2015+F(FG rate (02_fao_catches.R)),6.229010582642742,5.910438038892335,7.005699962269954,1.9251598243020114,6.229010582642742,Palomares & Pauly 1998 (Z-based),NA,NA
Sarpa salpa,47,Salema,0.007513214364851695,fish,0.5505842030419197,NA,1.6372768001264884,0.51475,0.48,0.647,2.1520403096290757,NA,FG rate (02_fao_catches.R),2.7026245126709956,NA,3.7893171097555642,2.666790309629076,2.6320403096290756,2.799040309629076,2.6320403096290756,Then et al. 2015+F(FG rate (02_fao_catches.R)),8.926959730530408,5.636777564794669,6.7374580580443535,7.8961209288872265,8.926959730530408,Palomares & Pauly 1998 (Z-based),NA,NA
Sparus aurata,35,Sparidae+,0.022735557404724268,fish,0.5609793000640729,NA,0.56831188067122,0.51475,0.487,0.647,0.25671994143400373,NA,FG rate (02_fao_catches.R),0.8176992414980766,NA,0.8250318221052237,0.7714699414340038,0.7437199414340037,0.9037199414340038,0.7437199414340037,Then et al. 2015+F(FG rate (02_fao_catches.R)),5.460167369856405,4.685534200573586,5.786152805938666,2.231159824302011,5.460167369856405,Palomares & Pauly 1998 (Z-based),NA,NA
Spicara flexuosa,24,Other small pelagic fish,0.09464944003168553,fish,0.5449186925058361,NA,0.6029189042556592,0.51475,0.4795,0.647,0.027988099319400012,NA,FG rate (02_fao_catches.R),0.5729067918252362,NA,0.6309070035750592,0.5427380993194001,0.5074880993194,0.6749880993194001,0.5074880993194,Then et al. 2015+F(FG rate (02_fao_catches.R)),6.8889668985115255,7.389533494195024,8.420380304311763,1.5224642979582,6.8889668985115255,Palomares & Pauly 1998 (Z-based),NA,NA
Spicara maena,24,Other small pelagic fish,0.01247703996048592,fish,0.4475344736403301,NA,0.46649927614704617,0.51475,0.384,0.647,0.027988099319400012,NA,FG rate (02_fao_catches.R),0.4755225729597301,NA,0.49448737546644617,0.5427380993194001,0.4119880993194,0.6749880993194001,0.4119880993194,Then et al. 2015+F(FG rate (02_fao_catches.R)),6.279767268981054,7.057886320571597,8.10790374658166,1.2359642979582,6.279767268981054,Palomares & Pauly 1998 (Z-based),NA,NA
Spicara smaris,24,Other small pelagic fish,0.7293637285463553,fish,0.6423029113713421,NA,0.8151642828745096,0.51475,0.575,0.647,0.027988099319400012,NA,FG rate (02_fao_catches.R),0.6702910106907422,NA,0.8431523821939096,0.5427380993194001,0.6029880993194,0.6749880993194001,0.6029880993194,Then et al. 2015+F(FG rate (02_fao_catches.R)),7.556610550382759,7.84139157660347,8.842174868661218,1.8089642979582,7.556610550382759,Palomares & Pauly 1998 (Z-based),NA,NA
Spondyliosoma cantharus,35,Sparidae+,0.00793092914576967,fish,0.8708394492094118,NA,0.6777191814540234,0.6134999999999999,0.802,0.522,0.25671994143400373,NA,FG rate (02_fao_catches.R),1.1275593906434156,NA,0.9344391228880271,0.8702199414340037,1.0587199414340038,0.7787199414340038,1.0587199414340038,Then et al. 2015+F(FG rate (02_fao_catches.R)),7.0271021610653115,5.7567656046130695,6.85534685103169,3.1761598243020117,7.0271021610653115,Palomares & Pauly 1998 (Z-based),NA,NA
Gadiculus argenteus,26,No commercial meso (bathy) pelagic fishes,0.137744823585348,fish,1.0398497332426266,NA,0.595735388422825,1.4275,0.99,1.952,0.0333128325303818,NA,FG rate (02_fao_catches.R),1.0731625657730084,NA,0.6290482209532068,1.4608128325303817,1.0233128325303817,1.9853128325303817,1.0233128325303817,Then et al. 2015+F(FG rate (02_fao_catches.R)),11.060564149079074,10.717324662189471,11.102654760590235,3.0699384975911452,11.060564149079074,Palomares & Pauly 1998 (Z-based),NA,NA
Micromesistius poutassou,33,Blue whiting,0.5488967621557447,fish,0.4068233064136717,NA,0.4703916584415787,0.478,0.341,0.623,0.1741302216029492,NA,FG rate (02_fao_catches.R),0.5809535280166209,NA,0.6445218800445279,0.6521302216029492,0.5151302216029492,0.7971302216029492,0.5151302216029492,Then et al. 2015+F(FG rate (02_fao_catches.R)),5.781465717997384,5.807405667458074,6.703200059959683,1.5453906648088476,5.781465717997384,Palomares & Pauly 1998 (Z-based),NA,NA
Trisopterus capelanus,32,Poor cod,0.15655004505753267,fish,0.6617685937180192,NA,0.5604727598663468,0.95275,0.587,1.2875,0.2143097248505898,NA,FG rate (02_fao_catches.R),0.876078318568609,NA,0.7747824847169367,1.1670597248505898,0.8013097248505898,1.50180972485059,0.8013097248505898,Then et al. 2015+F(FG rate (02_fao_catches.R)),5.881172667397573,5.033161303976192,5.958088922750571,2.4039291745517692,5.881172667397573,Palomares & Pauly 1998 (Z-based),NA,NA
Trisopterus luscus,32,Poor cod,0.0167999967987075,fish,0.6617685937180192,NA,0.5604727598663468,0.95275,0.587,1.2875,0.2143097248505898,NA,FG rate (02_fao_catches.R),0.876078318568609,NA,0.7747824847169367,1.1670597248505898,0.8013097248505898,1.50180972485059,0.8013097248505898,Then et al. 2015+F(FG rate (02_fao_catches.R)),5.881172667397573,5.033161303976192,5.958088922750571,2.4039291745517692,5.881172667397573,Palomares & Pauly 1998 (Z-based),NA,NA
Gaidropsarus biscayensis,45,Other commercial medium demersal fish,8.650069488124777e-4,fish,1.6650482459124742,NA,0.6043720461527018,0.762625,1.662,1.04225,0.4822507605270581,NA,FG rate (02_fao_catches.R),2.1472990064395323,NA,1.0866228066797599,1.2448757605270582,2.144250760527058,1.524500760527058,2.144250760527058,Then et al. 2015+F(FG rate (02_fao_catches.R)),11.98548180319539,9.03998714359309,9.650564452681296,6.432752281581175,11.98548180319539,Palomares & Pauly 1998 (Z-based),NA,NA
Gaidropsarus mediterraneus,45,Other commercial medium demersal fish,5.122759613180541e-4,fish,1.6650482459124742,NA,0.6346393608626352,0.762625,1.662,1.04225,0.4822507605270581,NA,FG rate (02_fao_catches.R),2.1472990064395323,NA,1.1168901213896933,1.2448757605270582,2.144250760527058,1.524500760527058,2.144250760527058,Then et al. 2015+F(FG rate (02_fao_catches.R)),11.98548180319539,9.03998714359309,9.650564452681296,6.432752281581175,11.98548180319539,Palomares & Pauly 1998 (Z-based),NA,NA
Gaidropsarus spp.,45,Other commercial medium demersal fish,1.05530888225501e-5,fish,1.6650482459124742,NA,0.6192133619297694,0.762625,1.662,1.04225,0.4822507605270581,NA,FG rate (02_fao_catches.R),2.1472990064395323,NA,1.1014641224568276,1.2448757605270582,2.144250760527058,1.524500760527058,2.144250760527058,Then et al. 2015+F(FG rate (02_fao_catches.R)),11.98548180319539,9.03998714359309,9.650564452681296,6.432752281581175,11.98548180319539,Palomares & Pauly 1998 (Z-based),NA,NA
Molva dypterygia,31,Other commercial large demersal fish,0.00296902983863297,fish,0.20380881256680508,NA,0.4074084139992992,0.28700000000000003,0.154,0.348,0.013065200268514559,NA,FG rate (02_fao_catches.R),0.21687401283531965,NA,0.42047361426781377,0.3000652002685146,0.16706520026851457,0.3610652002685145,0.16706520026851457,Then et al. 2015+F(FG rate (02_fao_catches.R)),2.553117979360591,2.9604089262895767,3.8485079807294285,0.5011956008055437,2.553117979360591,Palomares & Pauly 1998 (Z-based),NA,NA
Molva macrophthalma,31,Other commercial large demersal fish,0.013766418568499991,fish,0.22906604319571655,NA,0.4058524545287503,0.28700000000000003,0.176,0.348,0.013065200268514559,NA,FG rate (02_fao_catches.R),0.24213124346423112,NA,0.41891765479726484,0.3000652002685146,0.18906520026851456,0.3610652002685145,0.18906520026851456,Then et al. 2015+F(FG rate (02_fao_catches.R)),2.6133650023215025,2.9157925620032787,3.8006786224207456,0.5671956008055437,2.6133650023215025,Palomares & Pauly 1998 (Z-based),NA,NA
Molva molva,31,Other commercial large demersal fish,0.00168257414896933,fish,0.25432327382462805,NA,0.42184712827203874,0.28700000000000003,0.198,0.348,0.013065200268514559,NA,FG rate (02_fao_catches.R),0.2673884740931426,NA,0.4349123285405533,0.3000652002685146,0.21106520026851458,0.3610652002685145,0.21106520026851458,Then et al. 2015+F(FG rate (02_fao_catches.R)),2.6669328920780018,2.8748729000324125,3.756698533922898,0.6331956008055437,2.6669328920780018,Palomares & Pauly 1998 (Z-based),NA,NA
Coelorinchus caelorhincus,25,Benthopelagic fishes,0.032188936678743764,fish,0.5052083726146102,NA,0.6283968019835852,0.762625,0.445,1.04225,0.23314890901462454,NA,FG rate (02_fao_catches.R),0.7383572816292348,NA,0.8615457109982096,0.9957739090146245,0.6781489090146245,1.2753989090146245,0.6781489090146245,Then et al. 2015+F(FG rate (02_fao_catches.R)),7.387889457893397,7.2781418449188715,8.072715496269947,2.0344467270438735,7.387889457893397,Palomares & Pauly 1998 (Z-based),NA,NA
Coelorinchus occa,54,Bathydemersal (deep sea) fish,3.61955674673453e-5,fish,0.5052083726146102,NA,0.6283968019835852,0.762625,0.445,1.04225,0.0024443900162903014,NA,FG rate (02_fao_catches.R),0.5076527626309004,NA,0.6308411919998754,0.7650693900162903,0.4474443900162903,1.0446943900162902,0.4474443900162903,Then et al. 2015+F(FG rate (02_fao_catches.R)),6.575916782499015,7.2781418449188715,8.072715496269947,1.342333170048871,6.575916782499015,Palomares & Pauly 1998 (Z-based),NA,NA
Hymenocephalus italicus,25,Benthopelagic fishes,0.011860007837007974,fish,0.8736160225955697,NA,0.6572793123708905,0.762625,0.833,1.04225,0.23314890901462454,NA,FG rate (02_fao_catches.R),1.1067649316101942,NA,0.890428221385515,0.9957739090146245,1.0661489090146246,1.2753989090146245,1.0661489090146246,Then et al. 2015+F(FG rate (02_fao_catches.R)),21.86674879581272,26.34306190771507,23.28524663782257,3.1984467270438737,21.86674879581272,Palomares & Pauly 1998 (Z-based),NA,NA
Nezumia aequalis,25,Benthopelagic fishes,0.032994390566559305,fish,0.6305016209668584,NA,0.7065768892864117,0.762625,0.574,1.04225,0.23314890901462454,NA,FG rate (02_fao_catches.R),0.863650529981483,NA,0.9397257983010363,0.9957739090146245,0.8071489090146244,1.2753989090146245,0.8071489090146244,Then et al. 2015+F(FG rate (02_fao_catches.R)),15.541967781532616,18.496126183618294,17.401980921533337,2.4214467270438735,15.541967781532616,Palomares & Pauly 1998 (Z-based),NA,NA
Nezumia sclerorhynchus,25,Benthopelagic fishes,0.012190544179028753,fish,0.4305438688175265,NA,0.7065768892864117,0.762625,0.367,1.04225,0.23314890901462454,NA,FG rate (02_fao_catches.R),0.6636927778321511,NA,0.9397257983010363,0.9957739090146245,0.6001489090146246,1.2753989090146245,0.6001489090146246,Then et al. 2015+F(FG rate (02_fao_catches.R)),9.011370103711998,9.948238447027196,10.44224140239855,1.8004467270438738,9.011370103711998,Palomares & Pauly 1998 (Z-based),NA,NA
Trachyrincus scabrus,54,Bathydemersal (deep sea) fish,0.07114781408781164,fish,0.4242157996119273,NA,0.5845199260428581,0.762625,0.362,1.04225,0.0024443900162903014,NA,FG rate (02_fao_catches.R),0.4266601896282176,NA,0.5869643160591483,0.7650693900162903,0.3644443900162903,1.0446943900162902,0.3644443900162903,Then et al. 2015+F(FG rate (02_fao_catches.R)),8.57782224026057,11.230861244778097,11.538954208568779,1.0933331700488709,8.57782224026057,Palomares & Pauly 1998 (Z-based),NA,NA
Merluccius merluccius,29,European hake juv.,0.3303121709468093,fish,0.2876049173125988,NA,0.41856932453782164,0.762625,0.229,1.04225,1.0567769950460864,NA,FG rate (02_fao_catches.R),1.344381912358685,NA,1.475346319583908,1.8194019950460865,1.2857769950460864,2.0990269950460863,1.2857769950460864,Then et al. 2015+F(FG rate (02_fao_catches.R)),5.93458371267137,4.265169576893019,5.198660683702301,3.857330985138259,5.93458371267137,Palomares & Pauly 1998 (Z-based),NA,NA
Eretmophorus kleinenbergi,25,Benthopelagic fishes,2.67764373828278e-5,fish,0.5360591036975337,NA,0.5985924695378027,0.762625,0.471,1.04225,0.23314890901462454,NA,FG rate (02_fao_catches.R),0.7692080127121583,NA,0.8317413785524272,0.9957739090146245,0.7041489090146245,1.2753989090146245,0.7041489090146245,Then et al. 2015+F(FG rate (02_fao_catches.R)),5.487913555312782,4.815006941038507,5.744589989320696,2.1124467270438734,5.487913555312782,Palomares & Pauly 1998 (Z-based),NA,NA
Gadella maraldi,25,Benthopelagic fishes,3.238995099977373e-5,fish,0.5360591036975337,NA,0.5985924695378027,0.762625,0.471,1.04225,0.23314890901462454,NA,FG rate (02_fao_catches.R),0.7692080127121583,NA,0.8317413785524272,0.9957739090146245,0.7041489090146245,1.2753989090146245,0.7041489090146245,Then et al. 2015+F(FG rate (02_fao_catches.R)),5.487913555312782,4.815006941038507,5.744589989320696,2.1124467270438734,5.487913555312782,Palomares & Pauly 1998 (Z-based),NA,NA
Lepidion lepidion,25,Benthopelagic fishes,0.004253111650323524,fish,0.7828727262351495,NA,0.5985924695378027,0.762625,0.711,1.04225,0.23314890901462454,NA,FG rate (02_fao_catches.R),1.016021635249774,NA,0.8317413785524272,0.9957739090146245,0.9441489090146244,1.2753989090146245,0.9441489090146244,Then et al. 2015+F(FG rate (02_fao_catches.R)),7.944216931353904,7.084860394534442,7.895747144897913,2.832446727043873,7.944216931353904,Palomares & Pauly 1998 (Z-based),NA,NA
Mora moro,26,No commercial meso (bathy) pelagic fishes,0.0010787046778992636,fish,0.2892454811599179,NA,0.5985924695378027,0.762625,0.231,1.04225,0.0333128325303818,NA,FG rate (02_fao_catches.R),0.3225583136902997,NA,0.6319053020681844,0.7959378325303818,0.2643128325303818,1.0755628325303817,0.2643128325303818,Then et al. 2015+F(FG rate (02_fao_catches.R)),3.798962190410099,4.247386225919732,5.1808037087717755,0.7929384975911453,3.798962190410099,Palomares & Pauly 1998 (Z-based),NA,NA
Physiculus dalwigki,25,Benthopelagic fishes,0.0011969358579634853,fish,0.5360591036975337,NA,0.5985924695378027,0.762625,0.471,1.04225,0.23314890901462454,NA,FG rate (02_fao_catches.R),0.7692080127121583,NA,0.8317413785524272,0.9957739090146245,0.7041489090146245,1.2753989090146245,0.7041489090146245,Then et al. 2015+F(FG rate (02_fao_catches.R)),5.487913555312782,4.815006941038507,5.744589989320696,2.1124467270438734,5.487913555312782,Palomares & Pauly 1998 (Z-based),NA,NA
Rhynchogadus hepaticus,26,No commercial meso (bathy) pelagic fishes,9.62886983206585e-6,fish,0.5360591036975337,NA,0.5985924695378027,0.762625,0.471,1.04225,0.0333128325303818,NA,FG rate (02_fao_catches.R),0.5693719362279155,NA,0.6319053020681844,0.7959378325303818,0.5043128325303817,1.0755628325303817,0.5043128325303817,Then et al. 2015+F(FG rate (02_fao_catches.R)),4.998241132632469,4.815006941038507,5.744589989320696,1.5129384975911453,4.998241132632469,Palomares & Pauly 1998 (Z-based),NA,NA
Phycis blennoides,45,Other commercial medium demersal fish,0.06546295539926376,fish,0.4892441647077892,NA,0.4477800503725699,0.858,0.418,1.246,0.4822507605270581,NA,FG rate (02_fao_catches.R),0.9714949252348473,NA,0.930030810899628,1.3402507605270582,0.9002507605270581,1.728250760527058,0.9002507605270581,Then et al. 2015+F(FG rate (02_fao_catches.R)),6.870226068468331,5.9352826495311755,6.8245205367283575,2.7007522815811744,6.870226068468331,Palomares & Pauly 1998 (Z-based),NA,NA
Phycis phycis,45,Other commercial medium demersal fish,0.009101445702138604,fish,0.44832040738827267,NA,0.4477800503725699,0.858,0.378,1.246,0.4822507605270581,NA,FG rate (02_fao_catches.R),0.9305711679153308,NA,0.930030810899628,1.3402507605270582,0.8602507605270582,1.728250760527058,0.8602507605270582,Then et al. 2015+F(FG rate (02_fao_catches.R)),5.592242433059622,4.58030893352261,5.512983357274856,2.5807522815811748,5.592242433059622,Palomares & Pauly 1998 (Z-based),NA,NA
Diplecogaster bimaculata bimaculata,53,No commercial small demersal fish,4.270777107868363e-6,fish,0.7984504577891322,NA,0.5798671357481577,0.7936515151515152,0.7617426470588236,0.9263030303030303,0.004290267984339308,NA,FG rate (02_fao_catches.R),0.8027407257734714,NA,0.584157403732497,0.7979417831358545,0.7660329150431628,0.9305932982873696,0.7660329150431628,Then et al. 2015+F(FG rate (02_fao_catches.R)),4.320824451180718,3.3844209277201664,4.297009881742354,2.2980987451294883,4.320824451180718,Palomares & Pauly 1998 (Z-based),NA,NA
Aphia minuta,49,Transparent gobies,5.969545803362582e-4,fish,2.8711944949334596,NA,0.7454729998514718,1.3556666666666666,3.128,1.7786666666666666,5.908035571241107e-5,NA,FG rate (02_fao_catches.R),2.871253575289172,NA,0.7455320802071842,1.355725747022379,3.1280590803557127,1.778725747022379,3.1280590803557127,Then et al. 2015+F(FG rate (02_fao_catches.R)),20.111737638723884,15.72403517268868,19.455805851910135,9.384177241067139,20.111737638723884,Palomares & Pauly 1998 (Z-based),NA,NA
Crystallogobius linearis,53,No commercial small demersal fish,1.70427997660285e-5,fish,2.1796968004566515,NA,0.723286087744614,1.3556666666666666,2.309,1.7786666666666666,0.004290267984339308,NA,FG rate (02_fao_catches.R),2.1839870684409908,NA,0.7275763557289533,1.3599569346510059,2.3132902679843395,1.782956934651006,2.3132902679843395,Then et al. 2015+F(FG rate (02_fao_catches.R)),18.888300656409584,16.189293555466296,19.928669779118994,6.939870803953019,18.888300656409584,Palomares & Pauly 1998 (Z-based),NA,NA
Deltentosteus collonianus,53,No commercial small demersal fish,7.45479360437596e-4,fish,0.9708824695851485,NA,0.7704626447471016,0.858,0.925,1.087,0.004290267984339308,NA,FG rate (02_fao_catches.R),0.9751727375694877,NA,0.7747529127314409,0.8622902679843393,0.9292902679843393,1.0912902679843393,0.9292902679843393,Then et al. 2015+F(FG rate (02_fao_catches.R)),10.276182078403416,10.07557177616971,13.485457298395593,2.787870803953018,10.276182078403416,Palomares & Pauly 1998 (Z-based),NA,NA
Deltentosteus quadrimaculatus,53,No commercial small demersal fish,0.006122899834743036,fish,0.9708824695851485,NA,0.7704626447471016,0.858,0.925,1.087,0.004290267984339308,NA,FG rate (02_fao_catches.R),0.9751727375694877,NA,0.7747529127314409,0.8622902679843393,0.9292902679843393,1.0912902679843393,0.9292902679843393,Then et al. 2015+F(FG rate (02_fao_catches.R)),10.276182078403416,10.07557177616971,13.485457298395593,2.787870803953018,10.276182078403416,Palomares & Pauly 1998 (Z-based),NA,NA
Gobius geniporus,53,No commercial small demersal fish,3.3529754217458666e-4,fish,0.7979807669918567,NA,0.6883186727051805,1.072,0.738,1.531,0.004290267984339308,NA,FG rate (02_fao_catches.R),0.802271034976196,NA,0.6926089406895198,1.0762902679843394,0.7422902679843393,1.5352902679843392,0.7422902679843393,Then et al. 2015+F(FG rate (02_fao_catches.R)),8.185941081173677,8.079561031809058,11.243566280907354,2.226870803953018,8.185941081173677,Palomares & Pauly 1998 (Z-based),NA,NA
Gobius niger,53,No commercial small demersal fish,0.005289845350472063,fish,0.7979807669918567,NA,0.6883186727051805,1.072,0.738,1.531,0.004290267984339308,NA,FG rate (02_fao_catches.R),0.802271034976196,NA,0.6926089406895198,1.0762902679843394,0.7422902679843393,1.5352902679843392,0.7422902679843393,Then et al. 2015+F(FG rate (02_fao_catches.R)),8.185941081173677,8.079561031809058,11.243566280907354,2.226870803953018,8.185941081173677,Palomares & Pauly 1998 (Z-based),NA,NA
Gobius spp.,53,No commercial small demersal fish,0.002559834972653359,fish,0.7979807669918567,NA,0.6883186727051805,1.072,0.738,1.531,0.004290267984339308,NA,FG rate (02_fao_catches.R),0.802271034976196,NA,0.6926089406895198,1.0762902679843394,0.7422902679843393,1.5352902679843392,0.7422902679843393,Then et al. 2015+F(FG rate (02_fao_catches.R)),8.185941081173677,8.079561031809058,11.243566280907354,2.226870803953018,8.185941081173677,Palomares & Pauly 1998 (Z-based),NA,NA
Lesueurigobius friesii,53,No commercial small demersal fish,0.004057776422643297,fish,1.6719913297577789,NA,0.723286087744614,1.3556666666666666,1.711,1.7786666666666666,0.004290267984339308,NA,FG rate (02_fao_catches.R),1.6762815977421182,NA,0.7275763557289533,1.3599569346510059,1.7152902679843394,1.782956934651006,1.7152902679843394,Then et al. 2015+F(FG rate (02_fao_catches.R)),16.05980370196669,14.5708623903634,18.27291779012039,5.145870803953018,16.05980370196669,Palomares & Pauly 1998 (Z-based),NA,NA
Lesueurigobius sanzi,53,No commercial small demersal fish,0.0011373444368411414,fish,1.6719913297577789,NA,0.723286087744614,1.3556666666666666,1.711,1.7786666666666666,0.004290267984339308,NA,FG rate (02_fao_catches.R),1.6762815977421182,NA,0.7275763557289533,1.3599569346510059,1.7152902679843394,1.782956934651006,1.7152902679843394,Then et al. 2015+F(FG rate (02_fao_catches.R)),16.05980370196669,14.5708623903634,18.27291779012039,5.145870803953018,16.05980370196669,Palomares & Pauly 1998 (Z-based),NA,NA
Lesueurigobius suerii,53,No commercial small demersal fish,6.202169912427625e-4,fish,1.6719913297577789,NA,0.723286087744614,1.3556666666666666,1.711,1.7786666666666666,0.004290267984339308,NA,FG rate (02_fao_catches.R),1.6762815977421182,NA,0.7275763557289533,1.3599569346510059,1.7152902679843394,1.782956934651006,1.7152902679843394,Then et al. 2015+F(FG rate (02_fao_catches.R)),16.05980370196669,14.5708623903634,18.27291779012039,5.145870803953018,16.05980370196669,Palomares & Pauly 1998 (Z-based),NA,NA
Pomatoschistus marmoratus,53,No commercial small demersal fish,5.703528518046167e-5,fish,1.3205593678696372,NA,0.7084447605849379,2.137,1.318,2.718,0.004290267984339308,NA,FG rate (02_fao_catches.R),1.3248496358539765,NA,0.7127350285692772,2.1412902679843393,1.3222902679843394,2.7222902679843393,1.3222902679843394,Then et al. 2015+F(FG rate (02_fao_catches.R)),11.592842527378131,10.374761858276702,13.814381603227762,3.966870803953018,11.592842527378131,Palomares & Pauly 1998 (Z-based),NA,NA
Pomatoschistus microps,53,No commercial small demersal fish,7.1996273747328e-4,fish,0.8161348378068427,NA,0.6955314239113565,2.137,0.761,2.718,0.004290267984339308,NA,FG rate (02_fao_catches.R),0.820425105791182,NA,0.6998216918956958,2.1412902679843393,0.7652902679843393,2.7222902679843393,0.7652902679843393,Then et al. 2015+F(FG rate (02_fao_catches.R)),9.269013498961733,9.437005780238373,12.77756867903349,2.295870803953018,9.269013498961733,Palomares & Pauly 1998 (Z-based),NA,NA
Pomatoschistus minutus,53,No commercial small demersal fish,6.88355635645622e-5,fish,1.8249838979324318,NA,0.7217413726388706,2.137,1.875,2.718,0.004290267984339308,NA,FG rate (02_fao_catches.R),1.829274165916771,NA,0.7260316406232099,2.1412902679843393,1.8792902679843393,2.7222902679843393,1.8792902679843393,Then et al. 2015+F(FG rate (02_fao_catches.R)),14.654265120563519,12.450850747094297,16.05359054482347,5.637870803953017,14.654265120563519,Palomares & Pauly 1998 (Z-based),NA,NA
Lophius budegassa,27,Anglerfish,0.11538263342156267,fish,0.18423045156175077,NA,0.4202031722008911,0.7936515151515152,0.138,0.9263030303030303,0.4430708253162657,NA,FG rate (02_fao_catches.R),0.6273012768780164,NA,0.8632739975171568,1.236722340467781,0.5810708253162657,1.369373855619296,0.5810708253162657,Then et al. 2015+F(FG rate (02_fao_catches.R)),3.296525667615117,2.6114096441228494,3.4707970980564595,1.7432124759487972,3.296525667615117,Palomares & Pauly 1998 (Z-based),NA,NA
Lophius piscatorius,27,Anglerfish,0.056076793231266193,fish,0.10680865296710837,NA,0.4137275883479942,0.7936515151515152,0.074,0.9263030303030303,0.4430708253162657,NA,FG rate (02_fao_catches.R),0.549879478283374,NA,0.8567984136642599,1.236722340467781,0.5170708253162657,1.369373855619296,0.5170708253162657,Then et al. 2015+F(FG rate (02_fao_catches.R)),2.642839924039859,2.028135044797987,2.818536759965569,1.551212475948797,2.642839924039859,Palomares & Pauly 1998 (Z-based),NA,NA
Liza aurata,48,Mugilidae,0.05548719168352253,fish,0.7984504577891322,NA,0.5798671357481577,0.7936515151515152,0.7617426470588236,0.9263030303030303,0.02242676862354704,NA,FG rate (02_fao_catches.R),0.8208772264126792,NA,0.6022939043717048,0.8160782837750623,0.7841694156823706,0.9487297989265774,0.7841694156823706,Then et al. 2015+F(FG rate (02_fao_catches.R)),4.349227378177752,3.3844209277201664,4.297009881742354,2.352508247047112,4.349227378177752,Palomares & Pauly 1998 (Z-based),NA,NA
Liza ramada,48,Mugilidae,3.2056957972857685,fish,0.7984504577891322,NA,0.5798671357481577,0.7936515151515152,0.7617426470588236,0.9263030303030303,0.02242676862354704,NA,FG rate (02_fao_catches.R),0.8208772264126792,NA,0.6022939043717048,0.8160782837750623,0.7841694156823706,0.9487297989265774,0.7841694156823706,Then et al. 2015+F(FG rate (02_fao_catches.R)),4.349227378177752,3.3844209277201664,4.297009881742354,2.352508247047112,4.349227378177752,Palomares & Pauly 1998 (Z-based),NA,NA
Liza saliens,48,Mugilidae,0.16891964009263574,fish,0.7984504577891322,NA,0.5798671357481577,0.7936515151515152,0.7617426470588236,0.9263030303030303,0.02242676862354704,NA,FG rate (02_fao_catches.R),0.8208772264126792,NA,0.6022939043717048,0.8160782837750623,0.7841694156823706,0.9487297989265774,0.7841694156823706,Then et al. 2015+F(FG rate (02_fao_catches.R)),4.349227378177752,3.3844209277201664,4.297009881742354,2.352508247047112,4.349227378177752,Palomares & Pauly 1998 (Z-based),NA,NA
Mullus barbatus,50,Red mullet,0.09074447303328233,fish,0.9737465827225694,NA,0.7536586808896092,0.7936515151515152,0.916,0.9263030303030303,0.9459137279826889,NA,FG rate (02_fao_catches.R),1.9196603107052583,NA,1.699572408872298,1.7395652431342041,1.861913727982689,1.8722167582857192,1.861913727982689,Then et al. 2015+F(FG rate (02_fao_catches.R)),9.489042014931117,6.967481002542992,7.787859560068939,5.585741183948067,9.489042014931117,Palomares & Pauly 1998 (Z-based),NA,NA
Mullus surmuletus,51,Surmullet,0.029022340625666665,fish,0.5411795324967537,NA,0.6409805582525225,0.7936515151515152,0.472,0.9263030303030303,1.4888972208161106,NA,FG rate (02_fao_catches.R),2.0300767533128643,NA,2.129877779068633,2.2825487359676258,1.9608972208161106,2.415200251119141,1.9608972208161106,Then et al. 2015+F(FG rate (02_fao_catches.R)),9.389625746507193,6.737261408725165,7.5753175880505585,5.882691662448332,9.389625746507193,Palomares & Pauly 1998 (Z-based),NA,NA
Myctophidae,26,No commercial meso (bathy) pelagic fishes,9.1713277233971e-6,fish,2.5496513535764054,NA,0.7495481697337629,2.8465,2.8155,1.966,0.0333128325303818,NA,FG rate (02_fao_catches.R),2.5829641861067874,NA,0.7828610022641447,2.879812832530382,2.848812832530382,1.9993128325303817,2.848812832530382,Then et al. 2015+F(FG rate (02_fao_catches.R)),18.526505019707685,14.576151691477994,14.302584919283092,8.546438497591147,18.526505019707685,Palomares & Pauly 1998 (Z-based),NA,NA
Benthosema glaciale,26,No commercial meso (bathy) pelagic fishes,1.338731882152361e-4,fish,0.9428553370672093,NA,0.7495481697337629,2.8465,0.901,1.966,0.0333128325303818,NA,FG rate (02_fao_catches.R),0.976168169597591,NA,0.7828610022641447,2.879812832530382,0.9343128325303818,1.9993128325303817,0.9343128325303818,Then et al. 2015+F(FG rate (02_fao_catches.R)),14.3451237803562,15.721575776671534,15.221943532723813,2.8029384975911453,14.3451237803562,Palomares & Pauly 1998 (Z-based),NA,NA
Ceratoscopelus maderensis,26,No commercial meso (bathy) pelagic fishes,3.2944697314953833e-4,fish,4.813911184979104,NA,0.7495481697337629,2.8465,5.56,1.966,0.0333128325303818,NA,FG rate (02_fao_catches.R),4.847224017509486,NA,0.7828610022641447,2.879812832530382,5.593312832530382,1.9993128325303817,5.593312832530382,Then et al. 2015+F(FG rate (02_fao_catches.R)),27.303959023547808,19.036550424284133,17.81964143065155,16.779938497591147,27.303959023547808,Palomares & Pauly 1998 (Z-based),NA,NA
Diaphus holti,26,No commercial meso (bathy) pelagic fishes,4.92585713405931e-5,fish,2.5496513535764054,NA,0.7495481697337629,2.8465,2.8155,1.966,0.0333128325303818,NA,FG rate (02_fao_catches.R),2.5829641861067874,NA,0.7828610022641447,2.879812832530382,2.848812832530382,1.9993128325303817,2.848812832530382,Then et al. 2015+F(FG rate (02_fao_catches.R)),18.526505019707685,14.576151691477994,14.302584919283092,8.546438497591147,18.526505019707685,Palomares & Pauly 1998 (Z-based),NA,NA
Diaphus metopoclampus,26,No commercial meso (bathy) pelagic fishes,2.470569450094613e-4,fish,2.5496513535764054,NA,0.7495481697337629,2.8465,2.8155,1.966,0.0333128325303818,NA,FG rate (02_fao_catches.R),2.5829641861067874,NA,0.7828610022641447,2.879812832530382,2.848812832530382,1.9993128325303817,2.848812832530382,Then et al. 2015+F(FG rate (02_fao_catches.R)),18.526505019707685,14.576151691477994,14.302584919283092,8.546438497591147,18.526505019707685,Palomares & Pauly 1998 (Z-based),NA,NA
Diaphus rafinesquii,26,No commercial meso (bathy) pelagic fishes,1.6996181507774666e-4,fish,2.5496513535764054,NA,0.7495481697337629,2.8465,2.8155,1.966,0.0333128325303818,NA,FG rate (02_fao_catches.R),2.5829641861067874,NA,0.7828610022641447,2.879812832530382,2.848812832530382,1.9993128325303817,2.848812832530382,Then et al. 2015+F(FG rate (02_fao_catches.R)),18.526505019707685,14.576151691477994,14.302584919283092,8.546438497591147,18.526505019707685,Palomares & Pauly 1998 (Z-based),NA,NA
Diaphus spp.,26,No commercial meso (bathy) pelagic fishes,5.48892341501034e-5,fish,2.5496513535764054,NA,0.7495481697337629,2.8465,2.8155,1.966,0.0333128325303818,NA,FG rate (02_fao_catches.R),2.5829641861067874,NA,0.7828610022641447,2.879812832530382,2.848812832530382,1.9993128325303817,2.848812832530382,Then et al. 2015+F(FG rate (02_fao_catches.R)),18.526505019707685,14.576151691477994,14.302584919283092,8.546438497591147,18.526505019707685,Palomares & Pauly 1998 (Z-based),NA,NA
Electrona risso,26,No commercial meso (bathy) pelagic fishes,2.7138122032389436e-5,fish,4.439050521496499,NA,0.7495481697337629,2.8465,5.093,1.966,0.0333128325303818,NA,FG rate (02_fao_catches.R),4.472363354026881,NA,0.7828610022641447,2.879812832530382,5.126312832530382,1.9993128325303817,5.126312832530382,Then et al. 2015+F(FG rate (02_fao_catches.R)),23.057349762830928,15.677789577952913,15.18702168451703,15.378938497591147,23.057349762830928,Palomares & Pauly 1998 (Z-based),NA,NA
Gonichthys cocco,26,No commercial meso (bathy) pelagic fishes,5.38978888334718e-6,fish,2.5496513535764054,NA,0.7495481697337629,2.8465,2.8155,1.966,0.0333128325303818,NA,FG rate (02_fao_catches.R),2.5829641861067874,NA,0.7828610022641447,2.879812832530382,2.848812832530382,1.9993128325303817,2.848812832530382,Then et al. 2015+F(FG rate (02_fao_catches.R)),18.526505019707685,14.576151691477994,14.302584919283092,8.546438497591147,18.526505019707685,Palomares & Pauly 1998 (Z-based),NA,NA
Hygophum benoiti,26,No commercial meso (bathy) pelagic fishes,1.0965080273692211e-4,fish,2.5496513535764054,NA,0.7495481697337629,2.8465,2.8155,1.966,0.0333128325303818,NA,FG rate (02_fao_catches.R),2.5829641861067874,NA,0.7828610022641447,2.879812832530382,2.848812832530382,1.9993128325303817,2.848812832530382,Then et al. 2015+F(FG rate (02_fao_catches.R)),18.526505019707685,14.576151691477994,14.302584919283092,8.546438497591147,18.526505019707685,Palomares & Pauly 1998 (Z-based),NA,NA
Hygophum hygomii,26,No commercial meso (bathy) pelagic fishes,6.781398538194985e-5,fish,2.5496513535764054,NA,0.7495481697337629,2.8465,2.8155,1.966,0.0333128325303818,NA,FG rate (02_fao_catches.R),2.5829641861067874,NA,0.7828610022641447,2.879812832530382,2.848812832530382,1.9993128325303817,2.848812832530382,Then et al. 2015+F(FG rate (02_fao_catches.R)),18.526505019707685,14.576151691477994,14.302584919283092,8.546438497591147,18.526505019707685,Palomares & Pauly 1998 (Z-based),NA,NA
Hygophum spp.,26,No commercial meso (bathy) pelagic fishes,1.32981861310251e-6,fish,2.5496513535764054,NA,0.7495481697337629,2.8465,2.8155,1.966,0.0333128325303818,NA,FG rate (02_fao_catches.R),2.5829641861067874,NA,0.7828610022641447,2.879812832530382,2.848812832530382,1.9993128325303817,2.848812832530382,Then et al. 2015+F(FG rate (02_fao_catches.R)),18.526505019707685,14.576151691477994,14.302584919283092,8.546438497591147,18.526505019707685,Palomares & Pauly 1998 (Z-based),NA,NA
Lampanyctus crocodilus,26,No commercial meso (bathy) pelagic fishes,0.0179633663360915,fish,2.5496513535764054,NA,0.7495481697337629,2.8465,2.8155,1.966,0.0333128325303818,NA,FG rate (02_fao_catches.R),2.5829641861067874,NA,0.7828610022641447,2.879812832530382,2.848812832530382,1.9993128325303817,2.848812832530382,Then et al. 2015+F(FG rate (02_fao_catches.R)),18.526505019707685,14.576151691477994,14.302584919283092,8.546438497591147,18.526505019707685,Palomares & Pauly 1998 (Z-based),NA,NA
Lampanyctus pusillus,26,No commercial meso (bathy) pelagic fishes,3.92283498131805e-6,fish,2.5496513535764054,NA,0.7495481697337629,2.8465,2.8155,1.966,0.0333128325303818,NA,FG rate (02_fao_catches.R),2.5829641861067874,NA,0.7828610022641447,2.879812832530382,2.848812832530382,1.9993128325303817,2.848812832530382,Then et al. 2015+F(FG rate (02_fao_catches.R)),18.526505019707685,14.576151691477994,14.302584919283092,8.546438497591147,18.526505019707685,Palomares & Pauly 1998 (Z-based),NA,NA
Lampanyctus spp.,26,No commercial meso (bathy) pelagic fishes,2.4546175592529533e-4,fish,2.5496513535764054,NA,0.7495481697337629,2.8465,2.8155,1.966,0.0333128325303818,NA,FG rate (02_fao_catches.R),2.5829641861067874,NA,0.7828610022641447,2.879812832530382,2.848812832530382,1.9993128325303817,2.848812832530382,Then et al. 2015+F(FG rate (02_fao_catches.R)),18.526505019707685,14.576151691477994,14.302584919283092,8.546438497591147,18.526505019707685,Palomares & Pauly 1998 (Z-based),NA,NA
Lobianchia dofleini,26,No commercial meso (bathy) pelagic fishes,3.7320166256959536e-5,fish,2.8789587777346917,NA,0.7495481697337629,2.8465,3.158,1.966,0.0333128325303818,NA,FG rate (02_fao_catches.R),2.9122716102650736,NA,0.7828610022641447,2.879812832530382,3.191312832530382,1.9993128325303817,3.191312832530382,Then et al. 2015+F(FG rate (02_fao_catches.R)),26.412706575444215,22.481467886527717,20.435617709679466,9.573938497591145,26.412706575444215,Palomares & Pauly 1998 (Z-based),NA,NA
Lobianchia gemellarii,26,No commercial meso (bathy) pelagic fishes,2.8258645528428253e-4,fish,2.8789587777346917,NA,0.7495481697337629,2.8465,3.158,1.966,0.0333128325303818,NA,FG rate (02_fao_catches.R),2.9122716102650736,NA,0.7828610022641447,2.879812832530382,3.191312832530382,1.9993128325303817,3.191312832530382,Then et al. 2015+F(FG rate (02_fao_catches.R)),26.412706575444215,22.481467886527717,20.435617709679466,9.573938497591145,26.412706575444215,Palomares & Pauly 1998 (Z-based),NA,NA
Myctophum punctatum,26,No commercial meso (bathy) pelagic fishes,1.8411959725555182e-4,fish,0.5704191636453105,NA,0.7495481697337629,2.8465,0.511,1.966,0.0333128325303818,NA,FG rate (02_fao_catches.R),0.6037319961756923,NA,0.7828610022641447,2.879812832530382,0.5443128325303818,1.9993128325303817,0.5443128325303818,Then et al. 2015+F(FG rate (02_fao_catches.R)),12.174475962656192,15.454050289812029,15.008307610710222,1.6329384975911454,12.174475962656192,Palomares & Pauly 1998 (Z-based),NA,NA
Notoscopelus bolini,26,No commercial meso (bathy) pelagic fishes,3.9017368918039e-5,fish,1.652713136535618,NA,0.7495481697337629,2.8465,1.67,1.966,0.0333128325303818,NA,FG rate (02_fao_catches.R),1.6860259690659998,NA,0.7828610022641447,2.879812832530382,1.7033128325303817,1.9993128325303817,1.7033128325303817,Then et al. 2015+F(FG rate (02_fao_catches.R)),13.277787234761407,11.308978510944659,11.605010417102859,5.109938497591145,13.277787234761407,Palomares & Pauly 1998 (Z-based),NA,NA
Notoscopelus elongatus,26,No commercial meso (bathy) pelagic fishes,0.001497732056993622,fish,1.652713136535618,NA,0.7495481697337629,2.8465,1.67,1.966,0.0333128325303818,NA,FG rate (02_fao_catches.R),1.6860259690659998,NA,0.7828610022641447,2.879812832530382,1.7033128325303817,1.9993128325303817,1.7033128325303817,Then et al. 2015+F(FG rate (02_fao_catches.R)),13.277787234761407,11.308978510944659,11.605010417102859,5.109938497591145,13.277787234761407,Palomares & Pauly 1998 (Z-based),NA,NA
Symbolophorus veranyi,26,No commercial meso (bathy) pelagic fishes,0.00212018667496907,fish,2.5496513535764054,NA,0.7495481697337629,2.8465,2.8155,1.966,0.0333128325303818,NA,FG rate (02_fao_catches.R),2.5829641861067874,NA,0.7828610022641447,2.879812832530382,2.848812832530382,1.9993128325303817,2.848812832530382,Then et al. 2015+F(FG rate (02_fao_catches.R)),18.526505019707685,14.576151691477994,14.302584919283092,8.546438497591147,18.526505019707685,Palomares & Pauly 1998 (Z-based),NA,NA
Notacanthus bonaparte,26,No commercial meso (bathy) pelagic fishes,0.0010053609828126926,fish,0.7984504577891322,NA,0.5123167012804424,0.7936515151515152,0.7617426470588236,0.9263030303030303,0.0333128325303818,NA,FG rate (02_fao_catches.R),0.8317632903195139,NA,0.5456295338108241,0.826964347681897,0.7950554795892053,0.959615862833412,0.7950554795892053,Then et al. 2015+F(FG rate (02_fao_catches.R)),4.366049177266194,3.3844209277201664,4.297009881742354,2.385166438767616,4.366049177266194,Palomares & Pauly 1998 (Z-based),NA,NA
Polyacanthonotus rissoanus,54,Bathydemersal (deep sea) fish,1.0217830666749185e-4,fish,0.7984504577891322,NA,0.5123167012804424,0.7936515151515152,0.7617426470588236,0.9263030303030303,0.0024443900162903014,NA,FG rate (02_fao_catches.R),0.8008948478054224,NA,0.5147610912967326,0.7960959051678055,0.7641870370751138,0.9287474203193206,0.7641870370751138,Then et al. 2015+F(FG rate (02_fao_catches.R)),4.317906639176426,3.3844209277201664,4.297009881742354,2.2925611112253415,4.317906639176426,Palomares & Pauly 1998 (Z-based),NA,NA
Bellottia apoda,54,Bathydemersal (deep sea) fish,5.28212944670185e-6,fish,1.8030927458055728,NA,0.6043720461527018,0.7936515151515152,1.847,0.9263030303030303,0.0024443900162903014,NA,FG rate (02_fao_catches.R),1.805537135821863,NA,0.6068164361689921,0.7960959051678055,1.8494443900162902,0.9287474203193206,1.8494443900162902,Then et al. 2015+F(FG rate (02_fao_catches.R)),17.58998210219127,15.992428198623834,15.437583676550714,5.5483331700488705,17.58998210219127,Palomares & Pauly 1998 (Z-based),NA,NA
Cataetyx alleni,54,Bathydemersal (deep sea) fish,9.119097014323627e-5,fish,1.8030927458055728,NA,0.6043720461527018,0.7936515151515152,1.847,0.9263030303030303,0.0024443900162903014,NA,FG rate (02_fao_catches.R),1.805537135821863,NA,0.6068164361689921,0.7960959051678055,1.8494443900162902,0.9287474203193206,1.8494443900162902,Then et al. 2015+F(FG rate (02_fao_catches.R)),17.58998210219127,15.992428198623834,15.437583676550714,5.5483331700488705,17.58998210219127,Palomares & Pauly 1998 (Z-based),NA,NA
Grammonus ater,53,No commercial small demersal fish,1.52445611196926e-5,fish,1.8030927458055728,NA,0.6043720461527018,0.7936515151515152,1.847,0.9263030303030303,0.004290267984339308,NA,FG rate (02_fao_catches.R),1.807383013789912,NA,0.6086623141370411,0.7979417831358545,1.8512902679843393,0.9305932982873696,1.8512902679843393,Then et al. 2015+F(FG rate (02_fao_catches.R)),17.594896034329427,15.992428198623834,15.437583676550714,5.553870803953018,17.594896034329427,Palomares & Pauly 1998 (Z-based),NA,NA
Carapus acus,53,No commercial small demersal fish,1.5465825006705168e-4,fish,1.8030927458055728,NA,0.6043720461527018,0.7936515151515152,1.847,0.9263030303030303,0.004290267984339308,NA,FG rate (02_fao_catches.R),1.807383013789912,NA,0.6086623141370411,0.7979417831358545,1.8512902679843393,0.9305932982873696,1.8512902679843393,Then et al. 2015+F(FG rate (02_fao_catches.R)),17.594896034329427,15.992428198623834,15.437583676550714,5.553870803953018,17.594896034329427,Palomares & Pauly 1998 (Z-based),NA,NA
Echiodon dentatus,53,No commercial small demersal fish,5.4547844680935756e-5,fish,1.8030927458055728,NA,0.6043720461527018,0.7936515151515152,1.847,0.9263030303030303,0.004290267984339308,NA,FG rate (02_fao_catches.R),1.807383013789912,NA,0.6086623141370411,0.7979417831358545,1.8512902679843393,0.9305932982873696,1.8512902679843393,Then et al. 2015+F(FG rate (02_fao_catches.R)),17.594896034329427,15.992428198623834,15.437583676550714,5.553870803953018,17.594896034329427,Palomares & Pauly 1998 (Z-based),NA,NA
Benthocometes robustus,54,Bathydemersal (deep sea) fish,9.935242741813853e-5,fish,1.8030927458055728,NA,0.6043720461527018,0.7936515151515152,1.847,0.9263030303030303,0.0024443900162903014,NA,FG rate (02_fao_catches.R),1.805537135821863,NA,0.6068164361689921,0.7960959051678055,1.8494443900162902,0.9287474203193206,1.8494443900162902,Then et al. 2015+F(FG rate (02_fao_catches.R)),17.58998210219127,15.992428198623834,15.437583676550714,5.5483331700488705,17.58998210219127,Palomares & Pauly 1998 (Z-based),NA,NA
Ophidion barbatum,46,No commercial medium demersal fish,7.10809310472865e-4,fish,1.8030927458055728,NA,0.6043720461527018,0.7936515151515152,1.847,0.9263030303030303,0.07121190067232094,NA,FG rate (02_fao_catches.R),1.8743046464778936,NA,0.6755839468250228,0.8648634158238362,1.9182119006723208,0.9975149309753513,1.9182119006723208,Then et al. 2015+F(FG rate (02_fao_catches.R)),17.770714211893313,15.992428198623834,15.437583676550714,5.754635702016962,17.770714211893313,Palomares & Pauly 1998 (Z-based),NA,NA
Ophidion rochei,46,No commercial medium demersal fish,9.930620139472705e-4,fish,1.8030927458055728,NA,0.6043720461527018,0.7936515151515152,1.847,0.9263030303030303,0.07121190067232094,NA,FG rate (02_fao_catches.R),1.8743046464778936,NA,0.6755839468250228,0.8648634158238362,1.9182119006723208,0.9975149309753513,1.9182119006723208,Then et al. 2015+F(FG rate (02_fao_catches.R)),17.770714211893313,15.992428198623834,15.437583676550714,5.754635702016962,17.770714211893313,Palomares & Pauly 1998 (Z-based),NA,NA
Chromis chromis,53,No commercial small demersal fish,7.32510746081336e-5,fish,0.645276799244697,NA,0.5502836106256314,0.7936515151515152,0.583,0.9263030303030303,0.004290267984339308,NA,FG rate (02_fao_catches.R),0.6495670672290363,NA,0.5545738786099706,0.7979417831358545,0.5872902679843393,0.9305932982873696,0.5872902679843393,Then et al. 2015+F(FG rate (02_fao_catches.R)),8.64758021305364,9.489914989586232,10.044415379280235,1.7618708039530178,8.64758021305364,Palomares & Pauly 1998 (Z-based),NA,NA
Gymnammodytes cicerelus,49,Transparent gobies,2.0602292153994957,fish,0.5987582309137806,NA,0.5713185342986916,0.7150714285714286,0.5387894736842105,0.9149999999999999,5.908035571241107e-5,NA,FG rate (02_fao_catches.R),0.598817311269493,NA,0.5713776146544041,0.715130508927141,0.5388485540399229,0.9150590803557124,0.5388485540399229,Then et al. 2015+F(FG rate (02_fao_catches.R)),5.467277905613258,5.297451497902339,6.2145668022839615,1.6165456621197687,5.467277905613258,Palomares & Pauly 1998 (Z-based),NA,NA
Anthias anthias,43,Labridae and serranidae+,0.0037780868910130025,fish,0.5987582309137806,NA,0.5713185342986916,0.7150714285714286,0.5387894736842105,0.9149999999999999,0.39312072257690145,NA,FG rate (02_fao_catches.R),0.991878953490682,NA,0.9644392568755931,1.1081921511483301,0.9319101962611119,1.3081207225769014,0.9319101962611119,Then et al. 2015+F(FG rate (02_fao_catches.R)),6.373605891785137,5.297451497902339,6.2145668022839615,2.7957305887833357,6.373605891785137,Palomares & Pauly 1998 (Z-based),NA,NA
Epinephelus costae,41,Groupers,0.242961379434412,fish,0.2563840254705828,NA,0.5713185342986916,0.7150714285714286,0.201,0.9149999999999999,0.06261350459941568,NA,FG rate (02_fao_catches.R),0.3189975300699985,NA,0.6339320388981073,0.7776849331708443,0.2636135045994157,0.9776135045994157,0.2636135045994157,Then et al. 2015+F(FG rate (02_fao_catches.R)),3.169280683981238,3.3336862502173563,4.243891667900473,0.790840513798247,3.169280683981238,Palomares & Pauly 1998 (Z-based),NA,NA
Eutelichthys leptochirus,54,Bathydemersal (deep sea) fish,1.9441001463054933e-5,fish,0.5987582309137806,NA,0.5713185342986916,0.7150714285714286,0.5387894736842105,0.9149999999999999,0.0024443900162903014,NA,FG rate (02_fao_catches.R),0.6012026209300708,NA,0.5737629243149819,0.7175158185877188,0.5412338637005008,0.9174443900162902,0.5412338637005008,Then et al. 2015+F(FG rate (02_fao_catches.R)),5.474043661668886,5.297451497902339,6.2145668022839615,1.6237015911015023,5.474043661668886,Palomares & Pauly 1998 (Z-based),NA,NA
Peristedion cataphractum,40,Scorpaenidae+,0.007903638801915034,fish,0.421915516591785,NA,0.5713185342986916,0.7150714285714286,0.356,0.9149999999999999,0.02896155925624968,NA,FG rate (02_fao_catches.R),0.45087707584803466,NA,0.6002800935549413,0.7440329878276782,0.38496155925624964,0.9439615592562496,0.38496155925624964,Then et al. 2015+F(FG rate (02_fao_catches.R)),6.205072830339712,7.124165848856745,7.931803488728294,1.154884677768749,6.205072830339712,Palomares & Pauly 1998 (Z-based),NA,NA
Scorpaena elongata,40,Scorpaenidae+,0.005087738059168387,fish,0.6017722748943397,NA,0.5063922168771087,0.5821666666666667,0.55,0.722,0.02896155925624968,NA,FG rate (02_fao_catches.R),0.6307338341505894,NA,0.5353537761333583,0.6111282259229164,0.5789615592562497,0.7509615592562496,0.5789615592562497,Then et al. 2015+F(FG rate (02_fao_catches.R)),5.519695401987318,5.222883959310526,6.142436981381962,1.736884677768749,5.519695401987318,Palomares & Pauly 1998 (Z-based),NA,NA
Scorpaena loppei,40,Scorpaenidae+,7.062454131167888e-4,fish,1.2049981001713135,NA,0.5063922168771087,0.858,1.176,0.915,0.02896155925624968,NA,FG rate (02_fao_catches.R),1.2339596594275632,NA,0.5353537761333583,0.8869615592562496,1.2049615592562497,0.9439615592562497,1.2049615592562497,Then et al. 2015+F(FG rate (02_fao_catches.R)),12.473321444514283,11.843578894134481,12.054943730847334,3.614884677768749,12.473321444514283,Palomares & Pauly 1998 (Z-based),NA,NA
Scorpaena notata,40,Scorpaenidae+,0.006864737391163914,fish,0.5461511475774591,NA,0.56831188067122,0.7155,0.482,1.045,0.02896155925624968,NA,FG rate (02_fao_catches.R),0.5751127068337087,NA,0.5972734399274696,0.7444615592562497,0.5109615592562496,1.0739615592562497,0.5109615592562496,Then et al. 2015+F(FG rate (02_fao_catches.R)),8.089105646643608,9.142630122752847,9.7407132373211,1.5328846777687488,8.089105646643608,Palomares & Pauly 1998 (Z-based),NA,NA
Scorpaena porcus,40,Scorpaenidae+,0.0065092977009148,fish,0.4392097194268535,NA,0.514566685425748,0.5821666666666667,0.374,0.722,0.02896155925624968,NA,FG rate (02_fao_catches.R),0.46817127868310315,NA,0.5435282446819977,0.6111282259229164,0.40296155925624966,0.7509615592562496,0.40296155925624966,Then et al. 2015+F(FG rate (02_fao_catches.R)),5.723934758948472,6.283943257907542,7.15299857293628,1.208884677768749,5.723934758948472,Palomares & Pauly 1998 (Z-based),NA,NA
Scorpaena scrofa,39,Red scorpionfish,0.01001740983972157,fish,0.21673013240173267,NA,0.4477800503725699,0.173,0.168,0.206,0.08530950026599095,NA,FG rate (02_fao_catches.R),0.3020396326677236,NA,0.5330895506385609,0.2583095002659909,0.25330950026599097,0.29130950026599095,0.25330950026599097,Then et al. 2015+F(FG rate (02_fao_catches.R)),3.617747067774523,4.041781309754867,4.973372052968301,0.7599285007979729,3.617747067774523,Palomares & Pauly 1998 (Z-based),NA,NA
Helicolenus dactylopterus,40,Scorpaenidae+,0.04322561300097024,fish,0.3206084649171995,NA,0.6132083922069145,0.7150714285714286,0.263,0.9149999999999999,0.02896155925624968,NA,FG rate (02_fao_catches.R),0.3495700241734492,NA,0.6421699514631641,0.7440329878276782,0.29196155925624967,0.9439615592562496,0.29196155925624967,Then et al. 2015+F(FG rate (02_fao_catches.R)),5.078501617715475,6.04066715576318,6.924155184160045,0.875884677768749,5.078501617715475,Palomares & Pauly 1998 (Z-based),NA,NA
Trachyscorpia cristulata echinata,40,Scorpaenidae+,0.010721563068218197,fish,0.3206084649171995,NA,0.6132083922069145,0.7150714285714286,0.263,0.9149999999999999,0.02896155925624968,NA,FG rate (02_fao_catches.R),0.3495700241734492,NA,0.6421699514631641,0.7440329878276782,0.29196155925624967,0.9439615592562496,0.29196155925624967,Then et al. 2015+F(FG rate (02_fao_catches.R)),5.078501617715475,6.04066715576318,6.924155184160045,0.875884677768749,5.078501617715475,Palomares & Pauly 1998 (Z-based),NA,NA
Serranus cabrilla,43,Labridae and serranidae+,0.0279853999841331,fish,0.6686589559955379,NA,0.6742432889914781,0.7150714285714286,0.601,0.9149999999999999,0.39312072257690145,NA,FG rate (02_fao_catches.R),1.0617796785724394,NA,1.0673640115683796,1.1081921511483301,0.9941207225769014,1.3081207225769014,0.9941207225769014,Then et al. 2015+F(FG rate (02_fao_catches.R)),8.953925788293708,8.159304329216514,8.869386216041995,2.982362167730704,8.953925788293708,Palomares & Pauly 1998 (Z-based),NA,NA
Serranus hepatus,43,Labridae and serranidae+,0.046383399545359603,fish,0.7398072760588473,NA,0.6346393608626352,0.7150714285714286,0.683,0.9149999999999999,0.39312072257690145,NA,FG rate (02_fao_catches.R),1.1329279986357488,NA,1.0277600834395366,1.1081921511483301,1.0761207225769014,1.3081207225769014,1.0761207225769014,Then et al. 2015+F(FG rate (02_fao_catches.R)),11.32801690008616,10.859277259986829,11.223619188446174,3.228362167730704,11.32801690008616,Palomares & Pauly 1998 (Z-based),NA,NA
Serranus scriba,43,Labridae and serranidae+,5.755720807036549e-4,fish,0.4488943521637613,NA,0.5379534738621431,0.7150714285714286,0.386,0.9149999999999999,0.39312072257690145,NA,FG rate (02_fao_catches.R),0.8420150747406627,NA,0.9310741964390445,1.1081921511483301,0.7791207225769015,1.3081207225769014,0.7791207225769015,Then et al. 2015+F(FG rate (02_fao_catches.R)),7.653287059732725,7.243347403238024,8.040919559864353,2.3373621677307046,7.653287059732725,Palomares & Pauly 1998 (Z-based),NA,NA
Trachinus araneus,46,No commercial medium demersal fish,0.004414604789289413,fish,0.751678191822206,NA,0.5191138026836403,0.7155,0.681,0.795,0.07121190067232094,NA,FG rate (02_fao_catches.R),0.8228900924945269,NA,0.5903257033559612,0.786711900672321,0.752211900672321,0.866211900672321,0.752211900672321,Then et al. 2015+F(FG rate (02_fao_catches.R)),7.755164772665139,7.471078859293718,8.248543163045575,2.256635702016963,7.755164772665139,Palomares & Pauly 1998 (Z-based),NA,NA
Trachinus draco,46,No commercial medium demersal fish,0.021374595467875967,fish,0.8989507421108142,NA,0.5191138026836403,0.858,0.834,0.946,0.07121190067232094,NA,FG rate (02_fao_catches.R),0.9701626427831351,NA,0.5903257033559612,0.929211900672321,0.9052119006723209,1.0172119006723208,0.9052119006723209,Then et al. 2015+F(FG rate (02_fao_catches.R)),8.625166222212997,8.037846656957592,8.76051378866925,2.7156357020169626,8.625166222212997,Palomares & Pauly 1998 (Z-based),NA,NA
Trachinus radiatus,45,Other commercial medium demersal fish,0.012215335212663105,fish,0.44750750230630426,NA,0.5191138026836403,0.7867500000000001,0.379,0.8705,0.4822507605270581,NA,FG rate (02_fao_catches.R),0.9297582628333624,NA,1.0013645632106984,1.2690007605270581,0.8612507605270581,1.3527507605270581,0.8612507605270581,Then et al. 2015+F(FG rate (02_fao_catches.R)),6.4439332405066185,5.537731977773224,6.445789343807315,2.583752281581174,6.4439332405066185,Palomares & Pauly 1998 (Z-based),NA,NA
Chelidonichthys cuculus,40,Scorpaenidae+,0.044128311674965226,fish,1.201553262734609,NA,0.5403843243643531,0.84275,1.155,1.2489999999999999,0.02896155925624968,NA,FG rate (02_fao_catches.R),1.2305148219908588,NA,0.5693458836206028,0.8717115592562497,1.1839615592562498,1.2779615592562497,1.1839615592562498,Then et al. 2015+F(FG rate (02_fao_catches.R)),9.499102103461095,8.271454240805589,8.969661586525575,3.5518846777687494,9.499102103461095,Palomares & Pauly 1998 (Z-based),NA,NA
Chelidonichthys lucerna,40,Scorpaenidae+,0.005113418409644,fish,0.5558390888808648,NA,0.5012966663944908,0.84275,0.488,1.2489999999999999,0.02896155925624968,NA,FG rate (02_fao_catches.R),0.5848006481371144,NA,0.5302582256507404,0.8717115592562497,0.5169615592562496,1.2779615592562497,0.5169615592562496,Then et al. 2015+F(FG rate (02_fao_catches.R)),7.446720336928271,8.1458557413005,8.857345302645037,1.550884677768749,7.446720336928271,Palomares & Pauly 1998 (Z-based),NA,NA
Chelidonichthys obscurus,40,Scorpaenidae+,0.007942090752506526,fish,0.878696175807737,NA,0.5578976663152502,0.84275,0.8215,1.2489999999999999,0.02896155925624968,NA,FG rate (02_fao_catches.R),0.9076577350639866,NA,0.5868592255714998,0.8717115592562497,0.8504615592562497,1.2779615592562497,0.8504615592562497,Then et al. 2015+F(FG rate (02_fao_catches.R)),8.608535657521902,8.207237574721654,8.912273814228945,2.551384677768749,8.608535657521902,Palomares & Pauly 1998 (Z-based),NA,NA
Eutrigla gurnardus,40,Scorpaenidae+,0.17368766048965567,fish,0.5361635733739111,NA,0.5260546219744253,1.072,0.468,1.654,0.02896155925624968,NA,FG rate (02_fao_catches.R),0.5651251326301607,NA,0.555016181230675,1.1009615592562498,0.4969615592562497,1.6829615592562497,0.4969615592562497,Then et al. 2015+F(FG rate (02_fao_catches.R)),7.333106404055365,8.098689040064766,8.81508780156909,1.490884677768749,7.333106404055365,Palomares & Pauly 1998 (Z-based),NA,NA
Lepidotrigla cavillone,40,Scorpaenidae+,0.053388166198559635,fish,0.944822092230651,NA,0.6812234962605577,0.84275,0.895,1.2489999999999999,0.02896155925624968,NA,FG rate (02_fao_catches.R),0.9737836514869006,NA,0.7101850555168073,0.8717115592562497,0.9239615592562497,1.2779615592562497,0.9239615592562497,Then et al. 2015+F(FG rate (02_fao_catches.R)),10.925853561845274,10.95498514649048,11.305018763873024,2.771884677768749,10.925853561845274,Palomares & Pauly 1998 (Z-based),NA,NA
Lepidotrigla dieuzeidei,40,Scorpaenidae+,0.019444020305697234,fish,0.944822092230651,NA,0.6812234962605577,0.84275,0.895,1.2489999999999999,0.02896155925624968,NA,FG rate (02_fao_catches.R),0.9737836514869006,NA,0.7101850555168073,0.8717115592562497,0.9239615592562497,1.2779615592562497,0.9239615592562497,Then et al. 2015+F(FG rate (02_fao_catches.R)),10.925853561845274,10.95498514649048,11.305018763873024,2.771884677768749,10.925853561845274,Palomares & Pauly 1998 (Z-based),NA,NA
Trigla lyra,40,Scorpaenidae+,0.014226428757986576,fish,0.4228636121127279,NA,0.5817681933935751,0.6134999999999999,0.355,0.844,0.02896155925624968,NA,FG rate (02_fao_catches.R),0.45182517136897754,NA,0.6107297526498248,0.6424615592562496,0.38396155925624964,0.8729615592562496,0.38396155925624964,Then et al. 2015+F(FG rate (02_fao_catches.R)),4.943743757541918,5.256599653432269,6.175072816865439,1.151884677768749,4.943743757541918,Palomares & Pauly 1998 (Z-based),NA,NA
Trigloporus lastoviza,40,Scorpaenidae+,0.010553624230030431,fish,0.7322483258665528,NA,0.5604727598663468,0.84275,0.6722,1.2489999999999999,0.02896155925624968,NA,FG rate (02_fao_catches.R),0.7612098851228024,NA,0.5894343191225965,0.8717115592562497,0.7011615592562497,1.2779615592562497,0.7011615592562497,Then et al. 2015+F(FG rate (02_fao_catches.R)),7.122231335483128,6.842722453124046,7.672837214788081,2.103484677768749,7.122231335483128,Palomares & Pauly 1998 (Z-based),NA,NA
Uranoscopus scaber,46,No commercial medium demersal fish,0.020051675678885366,fish,0.3536706310146693,NA,0.5713185342986916,0.7150714285714286,0.292,0.9149999999999999,0.07121190067232094,NA,FG rate (02_fao_catches.R),0.4248825316869902,NA,0.6425304349710126,0.7862833292437496,0.3632119006723209,0.9862119006723209,0.3632119006723209,Then et al. 2015+F(FG rate (02_fao_catches.R)),4.672527639514405,4.976050545836922,5.902357553539812,1.0896357020169627,4.672527639514405,Palomares & Pauly 1998 (Z-based),NA,NA
Melanostigma atlanticum,26,No commercial meso (bathy) pelagic fishes,5.417584870333974e-5,fish,0.5987582309137806,NA,0.8151642828745096,0.7150714285714286,0.5387894736842105,0.9149999999999999,0.0333128325303818,NA,FG rate (02_fao_catches.R),0.6320710634441623,NA,0.8484771154048913,0.7483842611018103,0.5721023062145922,0.9483128325303817,0.5721023062145922,Then et al. 2015+F(FG rate (02_fao_catches.R)),5.559722346933399,5.297451497902339,6.2145668022839615,1.7163069186437767,5.559722346933399,Palomares & Pauly 1998 (Z-based),NA,NA
Arnoglossus imperialis,44,Flatfishes,0.0680726190452226,fish,0.8146658468743087,NA,0.6458024753767108,0.48400000000000004,0.755,0.461,0.10431269276932045,NA,FG rate (02_fao_catches.R),0.9189785396436291,NA,0.7501151681460312,0.5883126927693205,0.8593126927693204,0.5653126927693205,0.8593126927693204,Then et al. 2015+F(FG rate (02_fao_catches.R)),9.672515362851174,9.559416761559742,10.104957467919332,2.5779380783079615,9.672515362851174,Palomares & Pauly 1998 (Z-based),NA,NA
Arnoglossus laterna,44,Flatfishes,0.15229868253077003,fish,0.6095846641668724,NA,0.5985924695378027,0.5375000000000001,0.543,0.665,0.10431269276932045,NA,FG rate (02_fao_catches.R),0.7138973569361928,NA,0.7029051623071231,0.6418126927693205,0.6473126927693205,0.7693126927693205,0.6473126927693205,Then et al. 2015+F(FG rate (02_fao_catches.R)),8.747727622419248,9.29163980516342,9.87126783485389,1.9419380783079614,8.747727622419248,Palomares & Pauly 1998 (Z-based),NA,NA
Arnoglossus rueppelii,44,Flatfishes,0.0746353597701065,fish,0.8146658468743087,NA,0.6458024753767108,0.48400000000000004,0.755,0.461,0.10431269276932045,NA,FG rate (02_fao_catches.R),0.9189785396436291,NA,0.7501151681460312,0.5883126927693205,0.8593126927693204,0.5653126927693205,0.8593126927693204,Then et al. 2015+F(FG rate (02_fao_catches.R)),9.672515362851174,9.559416761559742,10.104957467919332,2.5779380783079615,9.672515362851174,Palomares & Pauly 1998 (Z-based),NA,NA
Arnoglossus spp.,44,Flatfishes,0.08495508036003335,fish,0.8146658468743087,NA,0.6458024753767108,0.48400000000000004,0.755,0.461,0.10431269276932045,NA,FG rate (02_fao_catches.R),0.9189785396436291,NA,0.7501151681460312,0.5883126927693205,0.8593126927693204,0.5653126927693205,0.8593126927693204,Then et al. 2015+F(FG rate (02_fao_catches.R)),9.672515362851174,9.559416761559742,10.104957467919332,2.5779380783079615,9.672515362851174,Palomares & Pauly 1998 (Z-based),NA,NA
Arnoglossus thori,44,Flatfishes,0.10466452771503587,fish,1.0197470295817448,NA,0.6991827248366024,0.4305,0.967,0.257,0.10431269276932045,NA,FG rate (02_fao_catches.R),1.1240597223510653,NA,0.8034954176059228,0.5348126927693204,1.0713126927693204,0.36131269276932043,1.0713126927693204,Then et al. 2015+F(FG rate (02_fao_catches.R)),10.544798957171677,9.880327648969775,10.383502246162353,3.213938078307961,10.544798957171677,Palomares & Pauly 1998 (Z-based),NA,NA
Bothus podas,44,Flatfishes,0.26190291430298435,fish,1.0586799277795031,NA,0.6673755181427725,0.858,1.005,0.863,0.10431269276932045,NA,FG rate (02_fao_catches.R),1.1629926205488237,NA,0.7716882109120929,0.9623126927693204,1.1093126927693204,0.9673126927693204,1.1093126927693204,Then et al. 2015+F(FG rate (02_fao_catches.R)),9.372749289615678,8.32540693419897,9.017816104919183,3.3279380783079615,9.372749289615678,Palomares & Pauly 1998 (Z-based),NA,NA
Citharus linguatula,44,Flatfishes,0.027744000823990898,fish,1.2122978689475583,NA,0.5845199260428581,1.072,1.167,1.068,0.10431269276932045,NA,FG rate (02_fao_catches.R),1.3166105617168788,NA,0.6888326188121785,1.1763126927693206,1.2713126927693206,1.1723126927693206,1.2713126927693206,Then et al. 2015+F(FG rate (02_fao_catches.R)),10.066510460920586,8.70523770294975,9.355292963847647,3.8139380783079617,10.066510460920586,Palomares & Pauly 1998 (Z-based),NA,NA
Symphurus ligulatus,44,Flatfishes,2.76585538619612e-4,fish,1.3156000461361568,NA,0.6253118577579652,0.6957857142857143,1.293,0.7481428571428571,0.10431269276932045,NA,FG rate (02_fao_catches.R),1.4199127389054773,NA,0.7296245505272856,0.8000984070550348,1.3973126927693205,0.8524555499121775,1.3973126927693205,Then et al. 2015+F(FG rate (02_fao_catches.R)),14.625892972760415,13.87092912838443,13.73023318824652,4.191938078307961,14.625892972760415,Palomares & Pauly 1998 (Z-based),NA,NA
Symphurus nigrescens,44,Flatfishes,0.0027500426553392237,fish,1.3156000461361568,NA,0.6253118577579652,0.6957857142857143,1.293,0.7481428571428571,0.10431269276932045,NA,FG rate (02_fao_catches.R),1.4199127389054773,NA,0.7296245505272856,0.8000984070550348,1.3973126927693205,0.8524555499121775,1.3973126927693205,Then et al. 2015+F(FG rate (02_fao_catches.R)),14.625892972760415,13.87092912838443,13.73023318824652,4.191938078307961,14.625892972760415,Palomares & Pauly 1998 (Z-based),NA,NA
Lepidorhombus boscii,44,Flatfishes,0.04053678791706596,fish,0.4426895015306329,NA,0.5578976663152502,0.6134999999999999,0.376,0.897,0.10431269276932045,NA,FG rate (02_fao_catches.R),0.5470021942999533,NA,0.6622103590845706,0.7178126927693204,0.4803126927693204,1.0013126927693206,0.4803126927693204,Then et al. 2015+F(FG rate (02_fao_catches.R)),6.232921068875069,6.5952032862468455,7.443529358712891,1.4409380783079613,6.232921068875069,Palomares & Pauly 1998 (Z-based),NA,NA
Lepidorhombus whiffiagonis,44,Flatfishes,0.013059460730397333,fish,0.38053916076838606,NA,0.4319280073754509,0.6134999999999999,0.317,0.897,0.10431269276932045,NA,FG rate (02_fao_catches.R),0.48485185353770655,NA,0.5362407001447713,0.7178126927693204,0.4213126927693205,1.0013126927693206,0.4213126927693205,Then et al. 2015+F(FG rate (02_fao_catches.R)),5.6542951199318905,6.078959292441665,6.960281878259619,1.2639380783079615,5.6542951199318905,Palomares & Pauly 1998 (Z-based),NA,NA
Scophthalmus maximus,44,Flatfishes,0.03354363486423,fish,0.5418890919864932,NA,0.4285257651157423,0.6134999999999999,0.468,0.897,0.10431269276932045,NA,FG rate (02_fao_catches.R),0.6462017847558136,NA,0.5328384578850628,0.7178126927693204,0.5723126927693205,1.0013126927693206,0.5723126927693205,Then et al. 2015+F(FG rate (02_fao_catches.R)),4.905082030328626,4.477002038677842,5.410377656440014,1.7169380783079615,4.905082030328626,Palomares & Pauly 1998 (Z-based),NA,NA
Scophthalmus rhombus,44,Flatfishes,0.0393498037571123,fish,0.8173289127156405,NA,0.41856932453782164,0.6134999999999999,0.745,0.897,0.10431269276932045,NA,FG rate (02_fao_catches.R),0.9216416054849609,NA,0.5228820173071421,0.7178126927693204,0.8493126927693204,1.0013126927693206,0.8493126927693204,Then et al. 2015+F(FG rate (02_fao_catches.R)),6.709473371699744,5.876882504470635,6.7691725118440615,2.5479380783079613,6.709473371699744,Palomares & Pauly 1998 (Z-based),NA,NA
Zeugopterus regius,44,Flatfishes,6.79970045764268e-4,fish,0.5456116667502882,NA,0.4541944935595784,0.6134999999999999,0.47650000000000003,0.897,0.10431269276932045,NA,FG rate (02_fao_catches.R),0.6499243595196086,NA,0.5585071863288988,0.7178126927693204,0.5808126927693205,1.0013126927693206,0.5808126927693205,Then et al. 2015+F(FG rate (02_fao_catches.R)),5.642056126843145,5.372411983778782,6.2868963566131555,1.7424380783079614,5.642056126843145,Palomares & Pauly 1998 (Z-based),NA,NA
Bathysolea profundicola,44,Flatfishes,0.0032139930615371127,fish,1.184558834839512,NA,0.7028644308494871,0.6795,1.148,0.7435,0.10431269276932045,NA,FG rate (02_fao_catches.R),1.2888715276088325,NA,0.8071771236188076,0.7838126927693204,1.2523126927693204,0.8478126927693205,1.2523126927693204,Then et al. 2015+F(FG rate (02_fao_catches.R)),11.013059346691172,9.87686720004829,10.380507241556751,3.7569380783079613,11.013059346691172,Palomares & Pauly 1998 (Z-based),NA,NA
Buglossidium luteum,44,Flatfishes,0.008121500753358121,fish,1.0711791619787463,NA,0.710320452533748,1.072,1.027,1.339,0.10431269276932045,NA,FG rate (02_fao_catches.R),1.1754918547480668,NA,0.8146331453030684,1.1763126927693206,1.1313126927693204,1.4433126927693205,1.1313126927693204,Then et al. 2015+F(FG rate (02_fao_catches.R)),12.178762937445931,11.744821060153477,11.97210119876312,3.3939380783079613,12.178762937445931,Palomares & Pauly 1998 (Z-based),NA,NA
Microchirus azevia,44,Flatfishes,0.0327102233911201,fish,0.6697811768697791,NA,0.7028644308494871,0.6795,0.598,0.7435,0.10431269276932045,NA,FG rate (02_fao_catches.R),0.7740938696390995,NA,0.8071771236188076,0.7838126927693204,0.7023126927693204,0.8478126927693205,0.7023126927693204,Then et al. 2015+F(FG rate (02_fao_catches.R)),6.798393764550433,6.42447405491389,7.284477493555931,2.1069380783079614,6.798393764550433,Palomares & Pauly 1998 (Z-based),NA,NA
Microchirus boscanion,44,Flatfishes,0.00365129185611529,fish,0.736434797681727,NA,0.7028644308494871,0.6795,0.6685,0.7435,0.10431269276932045,NA,FG rate (02_fao_catches.R),0.8407474904510475,NA,0.8071771236188076,0.7838126927693204,0.7728126927693204,0.8478126927693205,0.7728126927693204,Then et al. 2015+F(FG rate (02_fao_catches.R)),7.557596905978316,7.1438513037517515,7.949848481394387,2.3184380783079614,7.557596905978316,Palomares & Pauly 1998 (Z-based),NA,NA
Microchirus ocellatus,44,Flatfishes,0.0014863749932011634,fish,0.736434797681727,NA,0.7028644308494871,0.6795,0.6685,0.7435,0.10431269276932045,NA,FG rate (02_fao_catches.R),0.8407474904510475,NA,0.8071771236188076,0.7838126927693204,0.7728126927693204,0.8478126927693205,0.7728126927693204,Then et al. 2015+F(FG rate (02_fao_catches.R)),7.557596905978316,7.1438513037517515,7.949848481394387,2.3184380783079614,7.557596905978316,Palomares & Pauly 1998 (Z-based),NA,NA
Microchirus variegatus,44,Flatfishes,0.014010093994393074,fish,0.803088418493675,NA,0.7028644308494871,0.6795,0.739,0.7435,0.10431269276932045,NA,FG rate (02_fao_catches.R),0.9074011112629954,NA,0.8071771236188076,0.7838126927693204,0.8433126927693204,0.8478126927693205,0.8433126927693204,Then et al. 2015+F(FG rate (02_fao_catches.R)),9.22007969506121,9.027690102493144,9.639752184904424,2.5299380783079615,9.22007969506121,Palomares & Pauly 1998 (Z-based),NA,NA
Monochirus hispidus,44,Flatfishes,0.0011681130998788779,fish,0.8880533686126988,NA,0.7028644308494871,0.6795,0.832,0.7435,0.10431269276932045,NA,FG rate (02_fao_catches.R),0.9923660613820192,NA,0.8071771236188076,0.7838126927693204,0.9363126927693204,0.8478126927693205,0.9363126927693204,Then et al. 2015+F(FG rate (02_fao_catches.R)),10.343344639504922,10.127681846974399,10.597111381076573,2.8089380783079614,10.343344639504922,Palomares & Pauly 1998 (Z-based),NA,NA
Pegusa impar,44,Flatfishes,0.00319613947850807,fish,0.6563088739854049,NA,0.6812234962605577,0.28700000000000003,0.589,0.148,0.10431269276932045,NA,FG rate (02_fao_catches.R),0.7606215667547254,NA,0.7855361890298781,0.39131269276932046,0.6933126927693204,0.25231269276932045,0.6933126927693204,Then et al. 2015+F(FG rate (02_fao_catches.R)),7.31426241400267,7.121532222847796,7.929388665696145,2.0799380783079613,7.31426241400267,Palomares & Pauly 1998 (Z-based),NA,NA
Pegusa lascaris,44,Flatfishes,0.003744219947196855,fish,0.7395095483371957,NA,0.6955314239113565,0.28700000000000003,0.67,0.148,0.10431269276932045,NA,FG rate (02_fao_catches.R),0.8438222411065162,NA,0.7998441166806769,0.39131269276932046,0.7743126927693205,0.25231269276932045,0.7743126927693205,Then et al. 2015+F(FG rate (02_fao_catches.R)),7.5041281870985586,7.070947075877628,7.882975492616261,2.3229380783079616,7.5041281870985586,Palomares & Pauly 1998 (Z-based),NA,NA
Solea solea,44,Flatfishes,0.0179964157198725,fish,0.4729250136767676,NA,0.7256129831541825,0.6795,0.403,0.7435,0.10431269276932045,NA,FG rate (02_fao_catches.R),0.5772377064460881,NA,0.829925675923503,0.7838126927693204,0.5073126927693205,0.8478126927693205,0.5073126927693205,Then et al. 2015+F(FG rate (02_fao_catches.R)),5.546322376402102,5.524282992656263,6.432894801057308,1.5219380783079615,5.546322376402102,Palomares & Pauly 1998 (Z-based),NA,NA
Solea spp.,44,Flatfishes,0.00154138824871393,fish,0.4729250136767676,NA,0.7256129831541825,0.6795,0.403,0.7435,0.10431269276932045,NA,FG rate (02_fao_catches.R),0.5772377064460881,NA,0.829925675923503,0.7838126927693204,0.5073126927693205,0.8478126927693205,0.5073126927693205,Then et al. 2015+F(FG rate (02_fao_catches.R)),5.546322376402102,5.524282992656263,6.432894801057308,1.5219380783079615,5.546322376402102,Palomares & Pauly 1998 (Z-based),NA,NA
Synapturichthys kleinii,44,Flatfishes,0.020756276173521864,fish,0.6190475055833452,NA,0.7028644308494871,0.6795,0.546,0.7435,0.10431269276932045,NA,FG rate (02_fao_catches.R),0.7233601983526656,NA,0.8071771236188076,0.7838126927693204,0.6503126927693205,0.8478126927693205,0.6503126927693205,Then et al. 2015+F(FG rate (02_fao_catches.R)),6.40470910028174,6.104108810496983,6.983987320747359,1.9509380783079613,6.40470910028174,Palomares & Pauly 1998 (Z-based),NA,NA
Centrolophus niger,26,No commercial meso (bathy) pelagic fishes,0.09251397401388622,fish,0.6157527608605619,NA,0.5617673624441888,0.7936515151515152,0.5436666666666666,0.9263030303030303,0.0333128325303818,NA,FG rate (02_fao_catches.R),0.6490655933909436,NA,0.5950801949745705,0.826964347681897,0.5769794991970484,0.959615862833412,0.5769794991970484,Then et al. 2015+F(FG rate (02_fao_catches.R)),6.58627870120345,6.6229837519001356,5.582884182742827,1.7309384975911453,6.58627870120345,Palomares & Pauly 1998 (Z-based),NA,NA
Schedophilus ovalis,25,Benthopelagic fishes,0.0117714926193175,fish,0.6157527608605619,NA,0.5617673624441888,0.7936515151515152,0.5436666666666666,0.9263030303030303,0.23314890901462454,NA,FG rate (02_fao_catches.R),0.8489016698751863,NA,0.7949162714588134,1.0268004241661397,0.7768155756812911,1.1594519393176548,0.7768155756812911,Then et al. 2015+F(FG rate (02_fao_catches.R)),7.158206388769486,6.6229837519001356,5.582884182742827,2.3304467270438733,7.158206388769486,Palomares & Pauly 1998 (Z-based),NA,NA
Scomber colias,16,Mackerels,0.039853171415686534,fish,0.6635732194967177,NA,0.5872922981697227,0.7936515151515152,0.59,0.9263030303030303,0.9697533876822324,NA,FG rate (02_fao_catches.R),1.63332660717895,NA,1.5570456858519552,1.7634049028337477,1.5597533876822323,1.8960564179852626,1.5597533876822323,Then et al. 2015+F(FG rate (02_fao_catches.R)),10.570986589181231,8.600456940589545,6.9231337015420955,4.679260163046697,10.570986589181231,Palomares & Pauly 1998 (Z-based),NA,NA
Scomber scombrus,16,Mackerels,0.15853079794462965,fish,0.8144985741053937,NA,0.5872922981697227,0.7936515151515152,0.743,0.9263030303030303,0.9697533876822324,NA,FG rate (02_fao_catches.R),1.7842519617876262,NA,1.5570456858519552,1.7634049028337477,1.7127533876822323,1.8960564179852626,1.7127533876822323,Then et al. 2015+F(FG rate (02_fao_catches.R)),11.665488089633161,9.47709078378794,7.499242170579758,5.138260163046697,11.665488089633161,Palomares & Pauly 1998 (Z-based),NA,NA
Lepidopus caudatus,25,Benthopelagic fishes,0.154505146416238,fish,0.36918648897957407,NA,0.5379534738621431,0.7936515151515152,0.298,0.9263030303030303,0.23314890901462454,NA,FG rate (02_fao_catches.R),0.6023353979941986,NA,0.7711023828767676,1.0268004241661397,0.5311489090146245,1.1594519393176548,0.5311489090146245,Then et al. 2015+F(FG rate (02_fao_catches.R)),5.582053695222102,5.471873873728991,4.770605745461973,1.5934467270438737,5.582053695222102,Palomares & Pauly 1998 (Z-based),NA,NA
Cyclothone pygmaea,26,No commercial meso (bathy) pelagic fishes,6.044833816436294e-6,fish,2.3587866004417606,NA,0.5943149263146693,0.7936515151515152,2.526,0.9263030303030303,0.0333128325303818,NA,FG rate (02_fao_catches.R),2.3920994329721426,NA,0.6276277588450511,0.826964347681897,2.5593128325303818,0.959615862833412,2.5593128325303818,Then et al. 2015+F(FG rate (02_fao_catches.R)),25.087188561889274,22.794595259657203,20.669734246590565,7.677938497591145,25.087188561889274,Palomares & Pauly 1998 (Z-based),NA,NA
Cyclothone spp.,26,No commercial meso (bathy) pelagic fishes,2.83793742051414e-6,fish,2.3587866004417606,NA,0.5943149263146693,0.7936515151515152,2.526,0.9263030303030303,0.0333128325303818,NA,FG rate (02_fao_catches.R),2.3920994329721426,NA,0.6276277588450511,0.826964347681897,2.5593128325303818,0.959615862833412,2.5593128325303818,Then et al. 2015+F(FG rate (02_fao_catches.R)),25.087188561889274,22.794595259657203,20.669734246590565,7.677938497591145,25.087188561889274,Palomares & Pauly 1998 (Z-based),NA,NA
Gonostoma denudatum,26,No commercial meso (bathy) pelagic fishes,4.6506571161023446e-4,fish,2.3587866004417606,NA,0.5943149263146693,0.7936515151515152,2.526,0.9263030303030303,0.0333128325303818,NA,FG rate (02_fao_catches.R),2.3920994329721426,NA,0.6276277588450511,0.826964347681897,2.5593128325303818,0.959615862833412,2.5593128325303818,Then et al. 2015+F(FG rate (02_fao_catches.R)),25.087188561889274,22.794595259657203,20.669734246590565,7.677938497591145,25.087188561889274,Palomares & Pauly 1998 (Z-based),NA,NA
Ichthyococcus ovatus,26,No commercial meso (bathy) pelagic fishes,1.6899003890496151e-6,fish,2.3587866004417606,NA,0.5943149263146693,0.7936515151515152,2.526,0.9263030303030303,0.0333128325303818,NA,FG rate (02_fao_catches.R),2.3920994329721426,NA,0.6276277588450511,0.826964347681897,2.5593128325303818,0.959615862833412,2.5593128325303818,Then et al. 2015+F(FG rate (02_fao_catches.R)),25.087188561889274,22.794595259657203,20.669734246590565,7.677938497591145,25.087188561889274,Palomares & Pauly 1998 (Z-based),NA,NA
Argyropelecus hemigymnus,26,No commercial meso (bathy) pelagic fishes,7.036756206206232e-5,fish,2.3587866004417606,NA,0.8105117741149191,0.7936515151515152,2.526,0.9263030303030303,0.0333128325303818,NA,FG rate (02_fao_catches.R),2.3920994329721426,NA,0.8438246066453009,0.826964347681897,2.5593128325303818,0.959615862833412,2.5593128325303818,Then et al. 2015+F(FG rate (02_fao_catches.R)),25.087188561889274,22.794595259657203,20.669734246590565,7.677938497591145,25.087188561889274,Palomares & Pauly 1998 (Z-based),NA,NA
Maurolicus muelleri,26,No commercial meso (bathy) pelagic fishes,5.24338963504728e-4,fish,2.3587866004417606,NA,0.8105117741149191,0.7936515151515152,2.526,0.9263030303030303,0.0333128325303818,NA,FG rate (02_fao_catches.R),2.3920994329721426,NA,0.8438246066453009,0.826964347681897,2.5593128325303818,0.959615862833412,2.5593128325303818,Then et al. 2015+F(FG rate (02_fao_catches.R)),25.087188561889274,22.794595259657203,20.669734246590565,7.677938497591145,25.087188561889274,Palomares & Pauly 1998 (Z-based),NA,NA
Borostomias antarcticus,54,Bathydemersal (deep sea) fish,1.47533320804238e-4,fish,2.3587866004417606,NA,0.45698813146378664,0.7936515151515152,2.526,0.9263030303030303,0.0024443900162903014,NA,FG rate (02_fao_catches.R),2.361230990458051,NA,0.45943252148007696,0.7960959051678055,2.5284443900162903,0.9287474203193206,2.5284443900162903,Then et al. 2015+F(FG rate (02_fao_catches.R)),25.00209511785334,22.794595259657203,20.669734246590565,7.585333170048871,25.00209511785334,Palomares & Pauly 1998 (Z-based),NA,NA
Chauliodus sloani,26,No commercial meso (bathy) pelagic fishes,7.679170979766489e-4,fish,2.3587866004417606,NA,0.45698813146378664,0.7936515151515152,2.526,0.9263030303030303,0.0333128325303818,NA,FG rate (02_fao_catches.R),2.3920994329721426,NA,0.49030096399416845,0.826964347681897,2.5593128325303818,0.959615862833412,2.5593128325303818,Then et al. 2015+F(FG rate (02_fao_catches.R)),25.087188561889274,22.794595259657203,20.669734246590565,7.677938497591145,25.087188561889274,Palomares & Pauly 1998 (Z-based),NA,NA
Stomias boa boa,26,No commercial meso (bathy) pelagic fishes,0.001304434319323074,fish,2.3587866004417606,NA,0.45698813146378664,0.7936515151515152,2.526,0.9263030303030303,0.0333128325303818,NA,FG rate (02_fao_catches.R),2.3920994329721426,NA,0.49030096399416845,0.826964347681897,2.5593128325303818,0.959615862833412,2.5593128325303818,Then et al. 2015+F(FG rate (02_fao_catches.R)),25.087188561889274,22.794595259657203,20.669734246590565,7.677938497591145,25.087188561889274,Palomares & Pauly 1998 (Z-based),NA,NA
Vinciguerria poweriae,26,No commercial meso (bathy) pelagic fishes,8.1489468295012e-6,fish,2.3587866004417606,NA,0.5943149263146693,0.7936515151515152,2.526,0.9263030303030303,0.0333128325303818,NA,FG rate (02_fao_catches.R),2.3920994329721426,NA,0.6276277588450511,0.826964347681897,2.5593128325303818,0.959615862833412,2.5593128325303818,Then et al. 2015+F(FG rate (02_fao_catches.R)),25.087188561889274,22.794595259657203,20.669734246590565,7.677938497591145,25.087188561889274,Palomares & Pauly 1998 (Z-based),NA,NA
Macroramphosus scolopax,53,No commercial small demersal fish,0.015351015480827299,fish,0.9310587282638485,NA,0.5966853483023691,0.7936515151515152,0.872,0.9263030303030303,0.004290267984339308,NA,FG rate (02_fao_catches.R),0.9353489962481878,NA,0.6009756162867084,0.7979417831358545,0.8762902679843393,0.9305932982873696,0.8762902679843393,Then et al. 2015+F(FG rate (02_fao_catches.R)),10.240676029114931,10.244909272907583,10.698023660267472,2.628870803953018,10.240676029114931,Palomares & Pauly 1998 (Z-based),NA,NA
Hippocampus hippocampus,53,No commercial small demersal fish,1.91794581878619e-4,fish,1.5945499634434475,NA,0.7495481697337629,0.7936515151515152,1.598,0.9263030303030303,0.004290267984339308,NA,FG rate (02_fao_catches.R),1.5988402314277868,NA,0.7538384377181022,0.7979417831358545,1.6022902679843394,0.9305932982873696,1.6022902679843394,Then et al. 2015+F(FG rate (02_fao_catches.R)),16.95837157826212,16.06984969309,15.499104250519842,4.806870803953018,16.95837157826212,Palomares & Pauly 1998 (Z-based),NA,NA
Syngnathus acus,53,No commercial small demersal fish,0.0010308369421210197,fish,0.9770254938341142,NA,0.6812234962605577,0.7936515151515152,0.916,0.9263030303030303,0.004290267984339308,NA,FG rate (02_fao_catches.R),0.9813157618184535,NA,0.685513764244897,0.7979417831358545,0.9202902679843393,0.9305932982873696,0.9202902679843393,Then et al. 2015+F(FG rate (02_fao_catches.R)),14.022868580562372,15.33631170780084,14.914079596178132,2.760870803953018,14.022868580562372,Palomares & Pauly 1998 (Z-based),NA,NA
Syngnathus spp.,53,No commercial small demersal fish,0.00295272224948747,fish,0.9770254938341142,NA,0.5379534738621431,0.7936515151515152,0.916,0.9263030303030303,0.004290267984339308,NA,FG rate (02_fao_catches.R),0.9813157618184535,NA,0.5422437418464824,0.7979417831358545,0.9202902679843393,0.9305932982873696,0.9202902679843393,Then et al. 2015+F(FG rate (02_fao_catches.R)),14.022868580562372,15.33631170780084,14.914079596178132,2.760870803953018,14.022868580562372,Palomares & Pauly 1998 (Z-based),NA,NA
Syngnathus typhle,53,No commercial small demersal fish,9.524208818812229e-4,fish,0.9770254938341142,NA,0.43711206699727956,0.7936515151515152,0.916,0.9263030303030303,0.004290267984339308,NA,FG rate (02_fao_catches.R),0.9813157618184535,NA,0.44140233498161885,0.7979417831358545,0.9202902679843393,0.9305932982873696,0.9202902679843393,Then et al. 2015+F(FG rate (02_fao_catches.R)),14.022868580562372,15.33631170780084,14.914079596178132,2.760870803953018,14.022868580562372,Palomares & Pauly 1998 (Z-based),NA,NA
Balistes capriscus,46,No commercial medium demersal fish,0.0130816527988065,fish,1.2656725216432272,NA,0.48442764899512164,0.4305,1.215,0.082,0.07121190067232094,NA,FG rate (02_fao_catches.R),1.336884422315548,NA,0.5556395496674426,0.501711900672321,1.286211900672321,0.15321190067232093,1.286211900672321,Then et al. 2015+F(FG rate (02_fao_catches.R)),7.149374350842742,5.4755481279515825,6.386122524335853,3.858635702016963,7.149374350842742,Palomares & Pauly 1998 (Z-based),NA,NA
Mola mola,12,Non-commercial large pelagic fishes,1.0169682214343485,fish,0.32639124271971165,NA,0.48442764899512164,0.4305,0.257,0.082,0.03427726498131919,NA,FG rate (02_fao_catches.R),0.3606685077010308,NA,0.5187049139764408,0.46477726498131916,0.2912772649813192,0.11627726498131918,0.2912772649813192,Then et al. 2015+F(FG rate (02_fao_catches.R)),1.6453434013191244,1.3320958363604476,1.9937882038214625,0.8738317949439576,1.6453434013191244,Palomares & Pauly 1998 (Z-based),NA,NA
Hoplostethus mediterraneus mediterraneus,25,Benthopelagic fishes,0.003212336778084837,fish,0.7984504577891322,NA,0.5798671357481577,0.7936515151515152,0.7617426470588236,0.9263030303030303,0.23314890901462454,NA,FG rate (02_fao_catches.R),1.0315993668037566,NA,0.8130160447627823,1.0268004241661397,0.9948915560734481,1.1594519393176548,0.9948915560734481,Then et al. 2015+F(FG rate (02_fao_catches.R)),4.6489465158860455,3.3844209277201664,4.297009881742354,2.9846746682203444,4.6489465158860455,Palomares & Pauly 1998 (Z-based),NA,NA
Zeus faber,45,Other commercial medium demersal fish,0.03766461888078873,fish,0.2698584038150057,NA,0.4058524545287503,0.2395,0.215,0.294,0.4822507605270581,NA,FG rate (02_fao_catches.R),0.7521091643420639,NA,0.8881032150558084,0.7217507605270581,0.6972507605270581,0.7762507605270581,0.6972507605270581,Then et al. 2015+F(FG rate (02_fao_catches.R)),5.277666671939217,4.586003548779907,5.518627367470756,2.0917522815811744,5.277666671939217,Palomares & Pauly 1998 (Z-based),NA,NA
Microcosmus sabatieri,78,Other macro-benthos,0.001534632554609312,invertebrate,NA,NA,NA,NA,NA,NA,NA,NA,NA,NA,NA,NA,NA,NA,NA,NA,NA,NA,NA,NA,NA,NA,NA,NA,NA
Botryllus schlosseri,78,Other macro-benthos,3.34424858914513e-4,invertebrate,NA,NA,NA,NA,NA,NA,NA,NA,NA,NA,NA,NA,NA,NA,NA,NA,NA,NA,NA,NA,NA,NA,NA,NA,NA
Cardiomya spp.,64,Bivalves,7.85391714117416e-6,invertebrate,NA,NA,NA,NA,NA,NA,NA,NA,NA,NA,NA,NA,NA,NA,NA,NA,NA,NA,NA,NA,NA,NA,NA,NA,NA
Cuspidaria cuspidata,64,Bivalves,1.328931469489478e-5,invertebrate,NA,NA,NA,NA,NA,NA,NA,NA,NA,NA,NA,NA,NA,NA,NA,NA,NA,NA,NA,NA,NA,NA,NA,NA,NA
Anadara transversa,64,Bivalves,4.056941115000955e-4,invertebrate,NA,NA,NA,NA,NA,NA,NA,NA,NA,NA,NA,NA,NA,NA,NA,NA,NA,NA,NA,NA,NA,NA,NA,NA,NA
Acanthocardia aculeata,64,Bivalves,2.197316686600585e-4,invertebrate,NA,NA,NA,NA,NA,NA,NA,NA,NA,NA,NA,NA,NA,NA,NA,NA,NA,NA,NA,NA,NA,NA,NA,NA,NA
Acanthocardia echinata,64,Bivalves,0.007001139616175898,invertebrate,NA,NA,NA,NA,NA,NA,NA,NA,NA,NA,NA,NA,NA,NA,NA,NA,NA,NA,NA,NA,NA,NA,NA,NA,NA
Laevicardium oblongum,64,Bivalves,0.009344681577454335,invertebrate,NA,NA,NA,NA,NA,NA,NA,NA,NA,NA,NA,NA,NA,NA,NA,NA,NA,NA,NA,NA,NA,NA,NA,NA,NA
Tellina spp.,64,Bivalves,2.824467200965534e-4,invertebrate,NA,NA,NA,NA,NA,NA,NA,NA,NA,NA,NA,NA,NA,NA,NA,NA,NA,NA,NA,NA,NA,NA,NA,NA,NA
Mytilus galloprovincialis,64,Bivalves,0.0646450124633079,invertebrate,NA,NA,NA,NA,NA,NA,NA,NA,NA,NA,NA,NA,NA,NA,NA,NA,NA,NA,NA,NA,NA,NA,NA,NA,NA
Crassostrea,64,Bivalves,0.00174952851009189,invertebrate,NA,NA,NA,NA,NA,NA,NA,NA,NA,NA,NA,NA,NA,NA,NA,NA,NA,NA,NA,NA,NA,NA,NA,NA,NA
Crassostrea gigas,64,Bivalves,0.0389444860432493,invertebrate,NA,NA,NA,NA,NA,NA,NA,NA,NA,NA,NA,NA,NA,NA,NA,NA,NA,NA,NA,NA,NA,NA,NA,NA,NA
Ostrea edulis,64,Bivalves,0.012095970831355872,invertebrate,NA,NA,NA,NA,NA,NA,NA,NA,NA,NA,NA,NA,NA,NA,NA,NA,NA,NA,NA,NA,NA,NA,NA,NA,NA
Ostrea spp.,64,Bivalves,2.69454501330641e-4,invertebrate,NA,NA,NA,NA,NA,NA,NA,NA,NA,NA,NA,NA,NA,NA,NA,NA,NA,NA,NA,NA,NA,NA,NA,NA,NA
Atrina fragilis,64,Bivalves,0.0030516027153592,invertebrate,NA,NA,NA,NA,NA,NA,NA,NA,NA,NA,NA,NA,NA,NA,NA,NA,NA,NA,NA,NA,NA,NA,NA,NA,NA
Atrina pectinata,64,Bivalves,0.0115141802874315,invertebrate,NA,NA,NA,NA,NA,NA,NA,NA,NA,NA,NA,NA,NA,NA,NA,NA,NA,NA,NA,NA,NA,NA,NA,NA,NA
Pinna nobilis,64,Bivalves,0.01268792090977936,invertebrate,NA,NA,NA,NA,NA,NA,NA,NA,NA,NA,NA,NA,NA,NA,NA,NA,NA,NA,NA,NA,NA,NA,NA,NA,NA
Pteria hirundo,64,Bivalves,0.0018364177631212503,invertebrate,NA,NA,NA,NA,NA,NA,NA,NA,NA,NA,NA,NA,NA,NA,NA,NA,NA,NA,NA,NA,NA,NA,NA,NA,NA
Aequipecten opercularis,64,Bivalves,0.0023827760148773416,invertebrate,NA,NA,NA,NA,NA,NA,NA,NA,NA,NA,NA,NA,NA,NA,NA,NA,NA,NA,NA,NA,NA,NA,NA,NA,NA
Flexopecten flexuosus,64,Bivalves,1.24909417364462e-4,invertebrate,NA,NA,NA,NA,NA,NA,NA,NA,NA,NA,NA,NA,NA,NA,NA,NA,NA,NA,NA,NA,NA,NA,NA,NA,NA
Mimachlamys varia,64,Bivalves,2.886659587604415e-4,invertebrate,NA,NA,NA,NA,NA,NA,NA,NA,NA,NA,NA,NA,NA,NA,NA,NA,NA,NA,NA,NA,NA,NA,NA,NA,NA
Pecten jacobaeus,64,Bivalves,0.00495633859686569,invertebrate,NA,NA,NA,NA,NA,NA,NA,NA,NA,NA,NA,NA,NA,NA,NA,NA,NA,NA,NA,NA,NA,NA,NA,NA,NA
Pecten maximus,64,Bivalves,0.0458759052731088,invertebrate,NA,NA,NA,NA,NA,NA,NA,NA,NA,NA,NA,NA,NA,NA,NA,NA,NA,NA,NA,NA,NA,NA,NA,NA,NA
Glossus humanus,64,Bivalves,0.0015064864956885356,invertebrate,NA,NA,NA,NA,NA,NA,NA,NA,NA,NA,NA,NA,NA,NA,NA,NA,NA,NA,NA,NA,NA,NA,NA,NA,NA
Lutraria spp.,64,Bivalves,5.56492936991644e-4,invertebrate,NA,NA,NA,NA,NA,NA,NA,NA,NA,NA,NA,NA,NA,NA,NA,NA,NA,NA,NA,NA,NA,NA,NA,NA,NA
Spisula spp.,64,Bivalves,5.93771346903005e-5,invertebrate,NA,NA,NA,NA,NA,NA,NA,NA,NA,NA,NA,NA,NA,NA,NA,NA,NA,NA,NA,NA,NA,NA,NA,NA,NA
Spisula subtruncata,64,Bivalves,6.50035723886276e-6,invertebrate,NA,NA,NA,NA,NA,NA,NA,NA,NA,NA,NA,NA,NA,NA,NA,NA,NA,NA,NA,NA,NA,NA,NA,NA,NA
Dosinia spp.,64,Bivalves,1.0989010989011e-4,invertebrate,NA,NA,NA,NA,NA,NA,NA,NA,NA,NA,NA,NA,NA,NA,NA,NA,NA,NA,NA,NA,NA,NA,NA,NA,NA
Venus casina,64,Bivalves,0.07029999917037363,invertebrate,NA,NA,NA,NA,NA,NA,NA,NA,NA,NA,NA,NA,NA,NA,NA,NA,NA,NA,NA,NA,NA,NA,NA,NA,NA
Venus spp.,64,Bivalves,0.00101077250232283,invertebrate,NA,NA,NA,NA,NA,NA,NA,NA,NA,NA,NA,NA,NA,NA,NA,NA,NA,NA,NA,NA,NA,NA,NA,NA,NA
Venus verrucosa,64,Bivalves,0.00307919240689234,invertebrate,NA,NA,NA,NA,NA,NA,NA,NA,NA,NA,NA,NA,NA,NA,NA,NA,NA,NA,NA,NA,NA,NA,NA,NA,NA
Chtenopteryx sicula,62,Mesopelagic cephalopods,2.41807793755362e-6,invertebrate,NA,NA,NA,NA,NA,NA,NA,NA,NA,NA,NA,0.4129153549211271,NA,NA,NA,0.6081254480076475,Tumbiolo & Downing 1994 (Eq.17),NA,NA,NA,1.8243763440229424,1.8243763440229424,Q/P=3 (Christensen et al. 2008),0.6081254480076475,2.323395002279381
Alloteuthis media,61,Benthopelagic cephalopods,0.01679661052378135,invertebrate,NA,NA,NA,NA,NA,NA,NA,NA,NA,NA,NA,0.4129153549211271,NA,NA,NA,0.5240651706569085,Tumbiolo & Downing 1994 (Eq.17),NA,NA,NA,1.5721955119707256,1.5721955119707256,Q/P=3 (Christensen et al. 2008),0.5240651706569085,3.150397625144207
Alloteuthis spp.,61,Benthopelagic cephalopods,0.006409411255893183,invertebrate,NA,NA,NA,NA,NA,NA,NA,NA,NA,NA,NA,0.4129153549211271,NA,NA,NA,0.5446372894420433,Tumbiolo & Downing 1994 (Eq.17),NA,NA,NA,1.6339118683261298,1.6339118683261298,Q/P=3 (Christensen et al. 2008),0.5446372894420433,3.150397625144207
Alloteuthis subulata,61,Benthopelagic cephalopods,0.0033230586141122106,invertebrate,NA,NA,NA,NA,NA,NA,NA,NA,NA,NA,NA,0.4129153549211271,NA,NA,NA,0.565209408227178,Tumbiolo & Downing 1994 (Eq.17),NA,NA,NA,1.695628224681534,1.695628224681534,Q/P=3 (Christensen et al. 2008),0.565209408227178,3.150397625144207
Loligo forbesii,61,Benthopelagic cephalopods,0.0196800868605373,invertebrate,NA,NA,NA,NA,NA,NA,NA,NA,NA,NA,NA,0.4129153549211271,NA,NA,NA,0.5463243004627466,Tumbiolo & Downing 1994 (Eq.17),NA,NA,NA,1.63897290138824,1.63897290138824,Q/P=3 (Christensen et al. 2008),0.5463243004627466,3.150397625144207
Loligo spp.,61,Benthopelagic cephalopods,6.11234906844403e-4,invertebrate,NA,NA,NA,NA,NA,NA,NA,NA,NA,NA,NA,0.4129153549211271,NA,NA,NA,0.5538350557424419,Tumbiolo & Downing 1994 (Eq.17),NA,NA,NA,1.6615051672273256,1.6615051672273256,Q/P=3 (Christensen et al. 2008),0.5538350557424419,3.150397625144207
Loligo vulgaris,61,Benthopelagic cephalopods,0.009909776300263724,invertebrate,NA,NA,NA,NA,NA,NA,NA,NA,NA,NA,NA,0.4129153549211271,NA,NA,NA,0.5613458110221371,Tumbiolo & Downing 1994 (Eq.17),NA,NA,NA,1.6840374330664112,1.6840374330664112,Q/P=3 (Christensen et al. 2008),0.5613458110221371,3.150397625144207
Bathypolypus sponsalis,63,Other benthic cephalopods,0.0029193504852807702,invertebrate,NA,NA,NA,NA,NA,NA,NA,NA,NA,NA,NA,0.5324302321638743,NA,NA,NA,0.40713558167026964,Tumbiolo & Downing 1994 (Eq.17),NA,NA,NA,1.221406745010809,1.221406745010809,Q/P=3 (Christensen et al. 2008),0.40713558167026964,2.323359135135883
Eledone cirrhosa,63,Other benthic cephalopods,0.0711780443584279,invertebrate,NA,NA,NA,NA,NA,NA,NA,NA,NA,NA,NA,0.5324302321638743,NA,NA,NA,0.5428022285969925,Tumbiolo & Downing 1994 (Eq.17),NA,NA,NA,1.6284066857909774,1.6284066857909774,Q/P=3 (Christensen et al. 2008),0.5428022285969925,2.38612426075029
Eledone moschata,63,Other benthic cephalopods,0.016780073630092134,invertebrate,NA,NA,NA,NA,NA,NA,NA,NA,NA,NA,NA,0.5324302321638743,NA,NA,NA,0.5557949368387904,Tumbiolo & Downing 1994 (Eq.17),NA,NA,NA,1.6673848105163713,1.6673848105163713,Q/P=3 (Christensen et al. 2008),0.5557949368387904,2.372458753381525
Callistoctopus macropus,60,Coastal benthic cephalopods,3.17372729303913e-4,invertebrate,NA,NA,NA,NA,NA,NA,NA,NA,NA,NA,NA,0.5324302321638743,NA,NA,NA,0.781325070840535,Tumbiolo & Downing 1994 (Eq.17),NA,NA,NA,2.343975212521605,2.343975212521605,Q/P=3 (Christensen et al. 2008),0.781325070840535,2.3438420967906777
Macrotritopus defilippi,60,Coastal benthic cephalopods,3.690191421409093e-4,invertebrate,NA,NA,NA,NA,NA,NA,NA,NA,NA,NA,NA,0.5324302321638743,NA,NA,NA,1.4694640863615966,Tumbiolo & Downing 1994 (Eq.17),NA,NA,NA,4.40839225908479,4.40839225908479,Q/P=3 (Christensen et al. 2008),1.4694640863615966,2.6556426287469668
Octopus salutii,63,Other benthic cephalopods,0.0111340156153197,invertebrate,NA,NA,NA,NA,NA,NA,NA,NA,NA,NA,NA,0.5324302321638743,NA,NA,NA,0.6032774511636713,Tumbiolo & Downing 1994 (Eq.17),NA,NA,NA,1.809832353491014,1.809832353491014,Q/P=3 (Christensen et al. 2008),0.6032774511636713,2.425700936130281
Octopus spp.,63,Other benthic cephalopods,0.006653101826979469,invertebrate,NA,NA,NA,NA,NA,NA,NA,NA,NA,NA,NA,0.5324302321638743,NA,NA,NA,0.48390209996147227,Tumbiolo & Downing 1994 (Eq.17),NA,NA,NA,1.4517062998844168,1.4517062998844168,Q/P=3 (Christensen et al. 2008),0.48390209996147227,2.2641289282454142
Octopus vulgaris,60,Coastal benthic cephalopods,0.09762998495168564,invertebrate,NA,NA,NA,NA,NA,NA,NA,NA,NA,NA,NA,0.5324302321638743,NA,NA,NA,0.36452674875927327,Tumbiolo & Downing 1994 (Eq.17),NA,NA,NA,1.0935802462778197,1.0935802462778197,Q/P=3 (Christensen et al. 2008),0.36452674875927327,2.215462483046547
Pteroctopus tetracirrhus,63,Other benthic cephalopods,0.016797414178142265,invertebrate,NA,NA,NA,NA,NA,NA,NA,NA,NA,NA,NA,0.5324302321638743,NA,NA,NA,0.4370797178900277,Tumbiolo & Downing 1994 (Eq.17),NA,NA,NA,1.3112391536700831,1.3112391536700831,Q/P=3 (Christensen et al. 2008),0.4370797178900277,2.305560656844287
Scaeurgus unicirrhus,63,Other benthic cephalopods,0.006379883039543483,invertebrate,NA,NA,NA,NA,NA,NA,NA,NA,NA,NA,NA,0.5324302321638743,NA,NA,NA,0.44921953871479037,Tumbiolo & Downing 1994 (Eq.17),NA,NA,NA,1.347658616144371,1.347658616144371,Q/P=3 (Christensen et al. 2008),0.44921953871479037,2.305560656844287
Opisthoteuthis calypso,61,Benthopelagic cephalopods,2.92832953046215e-4,invertebrate,NA,NA,NA,NA,NA,NA,NA,NA,NA,NA,NA,0.5324302321638743,NA,NA,NA,0.444311262942993,Tumbiolo & Downing 1994 (Eq.17),NA,NA,NA,1.332933788828979,1.332933788828979,Q/P=3 (Christensen et al. 2008),0.444311262942993,2.323359135135883
Brachioteuthis riisei,62,Mesopelagic cephalopods,3.00511444376202e-5,invertebrate,NA,NA,NA,NA,NA,NA,NA,NA,NA,NA,NA,0.40225004957937815,NA,NA,NA,0.4906320172670107,Tumbiolo & Downing 1994 (Eq.17),NA,NA,NA,1.4718960518010322,1.4718960518010322,Q/P=3 (Christensen et al. 2008),0.4906320172670107,2.078189524773906
Abralia veranyi,61,Benthopelagic cephalopods,3.4641612559731136e-4,invertebrate,NA,NA,NA,NA,NA,NA,NA,NA,NA,NA,NA,0.40225004957937815,NA,NA,NA,0.5392151332033177,Tumbiolo & Downing 1994 (Eq.17),NA,NA,NA,1.6176453996099531,1.6176453996099531,Q/P=3 (Christensen et al. 2008),0.5392151332033177,2.078189524773906
Histioteuthis bonnellii,62,Mesopelagic cephalopods,0.003287173544500624,invertebrate,NA,NA,NA,NA,NA,NA,NA,NA,NA,NA,NA,0.40225004957937815,NA,NA,NA,0.3765986696791453,Tumbiolo & Downing 1994 (Eq.17),NA,NA,NA,1.129796009037436,1.129796009037436,Q/P=3 (Christensen et al. 2008),0.3765986696791453,2.078189524773906
Histioteuthis reversa,62,Mesopelagic cephalopods,0.0010151357920301124,invertebrate,NA,NA,NA,NA,NA,NA,NA,NA,NA,NA,NA,0.40225004957937815,NA,NA,NA,0.40187671683168025,Tumbiolo & Downing 1994 (Eq.17),NA,NA,NA,1.2056301504950406,1.2056301504950406,Q/P=3 (Christensen et al. 2008),0.40187671683168025,2.078189524773906
Histioteuthis spp.,62,Mesopelagic cephalopods,1.6641288701397e-5,invertebrate,NA,NA,NA,NA,NA,NA,NA,NA,NA,NA,NA,0.40225004957937815,NA,NA,NA,0.3892376932554128,Tumbiolo & Downing 1994 (Eq.17),NA,NA,NA,1.1677130797662385,1.1677130797662385,Q/P=3 (Christensen et al. 2008),0.3892376932554128,2.078189524773906
Illex coindetii,61,Benthopelagic cephalopods,0.019622094382947833,invertebrate,NA,NA,NA,NA,NA,NA,NA,NA,NA,NA,NA,0.4453647250459515,NA,NA,NA,0.45123978795903774,Tumbiolo & Downing 1994 (Eq.17),NA,NA,NA,1.3537193638771132,1.3537193638771132,Q/P=3 (Christensen et al. 2008),0.45123978795903774,3.1084491811636816
Todarodes sagittatus,61,Benthopelagic cephalopods,0.013425190351391834,invertebrate,NA,NA,NA,NA,NA,NA,NA,NA,NA,NA,NA,0.3644313956134932,NA,NA,NA,0.3587910807631813,Tumbiolo & Downing 1994 (Eq.17),NA,NA,NA,1.0763732422895438,1.0763732422895438,Q/P=3 (Christensen et al. 2008),0.3587910807631813,1.5617840598886625
Todaropsis eblanae,61,Benthopelagic cephalopods,0.011367986286837398,invertebrate,NA,NA,NA,NA,NA,NA,NA,NA,NA,NA,NA,0.40225004957937815,NA,NA,NA,0.4715698788585534,Tumbiolo & Downing 1994 (Eq.17),NA,NA,NA,1.4147096365756602,1.4147096365756602,Q/P=3 (Christensen et al. 2008),0.4715698788585534,2.078189524773906
Ancistroteuthis lichtensteinii,62,Mesopelagic cephalopods,2.9850282711359465e-4,invertebrate,NA,NA,NA,NA,NA,NA,NA,NA,NA,NA,NA,0.40225004957937815,NA,NA,NA,0.5252705433021696,Tumbiolo & Downing 1994 (Eq.17),NA,NA,NA,1.5758116299065088,1.5758116299065088,Q/P=3 (Christensen et al. 2008),0.5252705433021696,2.078189524773906
Onychoteuthis banksii,62,Mesopelagic cephalopods,5.843564917984263e-5,invertebrate,NA,NA,NA,NA,NA,NA,NA,NA,NA,NA,NA,0.40225004957937815,NA,NA,NA,0.59009376041659,Tumbiolo & Downing 1994 (Eq.17),NA,NA,NA,1.77028128124977,1.77028128124977,Q/P=3 (Christensen et al. 2008),0.59009376041659,2.078189524773906
Sepia elegans,63,Other benthic cephalopods,0.00164372492583639,invertebrate,NA,NA,NA,NA,NA,NA,NA,NA,NA,NA,NA,0.34264044584196074,NA,NA,NA,0.4999010394506652,Tumbiolo & Downing 1994 (Eq.17),NA,NA,NA,1.4997031183519955,1.4997031183519955,Q/P=3 (Christensen et al. 2008),0.4999010394506652,2.2876643287120433
Sepia officinalis,60,Coastal benthic cephalopods,0.018691524663953726,invertebrate,NA,NA,NA,NA,NA,NA,NA,NA,NA,NA,NA,0.34264044584196074,NA,NA,NA,0.4999010394506652,Tumbiolo & Downing 1994 (Eq.17),NA,NA,NA,1.4997031183519955,1.4997031183519955,Q/P=3 (Christensen et al. 2008),0.4999010394506652,2.2876643287120433
Sepia orbignyana,63,Other benthic cephalopods,0.006098709160763134,invertebrate,NA,NA,NA,NA,NA,NA,NA,NA,NA,NA,NA,0.34264044584196074,NA,NA,NA,0.4999010394506652,Tumbiolo & Downing 1994 (Eq.17),NA,NA,NA,1.4997031183519955,1.4997031183519955,Q/P=3 (Christensen et al. 2008),0.4999010394506652,2.2876643287120433
Heteroteuthis dispar,62,Mesopelagic cephalopods,1.1511459539287696e-5,invertebrate,NA,NA,NA,NA,NA,NA,NA,NA,NA,NA,NA,0.4129153549211271,NA,NA,NA,0.4884319626127872,Tumbiolo & Downing 1994 (Eq.17),NA,NA,NA,1.4652958878383617,1.4652958878383617,Q/P=3 (Christensen et al. 2008),0.4884319626127872,2.323395002279381
Neorossia caroli,63,Other benthic cephalopods,9.426418807537727e-4,invertebrate,NA,NA,NA,NA,NA,NA,NA,NA,NA,NA,NA,0.4129153549211271,NA,NA,NA,0.45865883540913865,Tumbiolo & Downing 1994 (Eq.17),NA,NA,NA,1.375976506227416,1.375976506227416,Q/P=3 (Christensen et al. 2008),0.45865883540913865,2.323395002279381
Rondeletiola minor,63,Other benthic cephalopods,1.8201775034753893e-4,invertebrate,NA,NA,NA,NA,NA,NA,NA,NA,NA,NA,NA,0.4129153549211271,NA,NA,NA,0.5758193456834823,Tumbiolo & Downing 1994 (Eq.17),NA,NA,NA,1.7274580370504466,1.7274580370504466,Q/P=3 (Christensen et al. 2008),0.5758193456834823,2.323395002279381
Rossia macrosoma,63,Other benthic cephalopods,0.00232009452789066,invertebrate,NA,NA,NA,NA,NA,NA,NA,NA,NA,NA,NA,0.4129153549211271,NA,NA,NA,0.48118869329675085,Tumbiolo & Downing 1994 (Eq.17),NA,NA,NA,1.4435660798902525,1.4435660798902525,Q/P=3 (Christensen et al. 2008),0.48118869329675085,2.323395002279381
Sepietta neglecta,63,Other benthic cephalopods,4.29272983275525e-5,invertebrate,NA,NA,NA,NA,NA,NA,NA,NA,NA,NA,NA,0.4129153549211271,NA,NA,NA,0.6232966133215994,Tumbiolo & Downing 1994 (Eq.17),NA,NA,NA,1.869889839964798,1.869889839964798,Q/P=3 (Christensen et al. 2008),0.6232966133215994,2.323395002279381
Sepietta obscura,63,Other benthic cephalopods,1.94379327369776e-5,invertebrate,NA,NA,NA,NA,NA,NA,NA,NA,NA,NA,NA,0.4129153549211271,NA,NA,NA,0.6658522896105539,Tumbiolo & Downing 1994 (Eq.17),NA,NA,NA,1.9975568688316616,1.9975568688316616,Q/P=3 (Christensen et al. 2008),0.6658522896105539,2.323395002279381
Sepietta oweniana,63,Other benthic cephalopods,0.0019898194889292806,invertebrate,NA,NA,NA,NA,NA,NA,NA,NA,NA,NA,NA,0.4129153549211271,NA,NA,NA,0.501902262385787,Tumbiolo & Downing 1994 (Eq.17),NA,NA,NA,1.5057067871573608,1.5057067871573608,Q/P=3 (Christensen et al. 2008),0.501902262385787,2.323395002279381
Sepietta spp.,63,Other benthic cephalopods,0.007300490363567585,invertebrate,NA,NA,NA,NA,NA,NA,NA,NA,NA,NA,NA,0.4129153549211271,NA,NA,NA,0.59701705510598,Tumbiolo & Downing 1994 (Eq.17),NA,NA,NA,1.7910511653179402,1.7910511653179402,Q/P=3 (Christensen et al. 2008),0.59701705510598,2.323395002279381
Sepiola intermedia,63,Other benthic cephalopods,1.559072548673178e-4,invertebrate,NA,NA,NA,NA,NA,NA,NA,NA,NA,NA,NA,0.4129153549211271,NA,NA,NA,0.6805295125597047,Tumbiolo & Downing 1994 (Eq.17),NA,NA,NA,2.041588537679114,2.041588537679114,Q/P=3 (Christensen et al. 2008),0.6805295125597047,2.323395002279381
Sepiola robusta,63,Other benthic cephalopods,8.55487318084899e-5,invertebrate,NA,NA,NA,NA,NA,NA,NA,NA,NA,NA,NA,0.4129153549211271,NA,NA,NA,0.6018253014863129,Tumbiolo & Downing 1994 (Eq.17),NA,NA,NA,1.8054759044589386,1.8054759044589386,Q/P=3 (Christensen et al. 2008),0.6018253014863129,2.323395002279381
Sepiola rondeletii,63,Other benthic cephalopods,1.5520897466652958e-4,invertebrate,NA,NA,NA,NA,NA,NA,NA,NA,NA,NA,NA,0.4129153549211271,NA,NA,NA,0.5977261392623946,Tumbiolo & Downing 1994 (Eq.17),NA,NA,NA,1.7931784177871837,1.7931784177871837,Q/P=3 (Christensen et al. 2008),0.5977261392623946,2.323395002279381
Sepiola spp.,63,Other benthic cephalopods,0.0018918506100909199,invertebrate,NA,NA,NA,NA,NA,NA,NA,NA,NA,NA,NA,0.4129153549211271,NA,NA,NA,0.6266936511028041,Tumbiolo & Downing 1994 (Eq.17),NA,NA,NA,1.8800809533084122,1.8800809533084122,Q/P=3 (Christensen et al. 2008),0.6266936511028041,2.323395002279381
Stoloteuthis leucoptera,62,Mesopelagic cephalopods,6.14837048551837e-6,invertebrate,NA,NA,NA,NA,NA,NA,NA,NA,NA,NA,NA,0.4129153549211271,NA,NA,NA,0.6178529725813182,Tumbiolo & Downing 1994 (Eq.17),NA,NA,NA,1.8535589177439546,1.8535589177439546,Q/P=3 (Christensen et al. 2008),0.6178529725813182,2.323395002279381
Psammechinus microtuberculatus,75,Purple sea urchin,8.44544663744542e-6,invertebrate,NA,NA,NA,NA,NA,NA,NA,NA,NA,NA,NA,NA,NA,NA,NA,NA,NA,NA,NA,NA,NA,NA,NA,NA,NA
Opisthobranchia,65,Gastropods,9.39516634510427e-5,invertebrate,NA,NA,NA,NA,NA,NA,NA,NA,NA,NA,NA,NA,NA,NA,NA,1.6436083613368486,Tumbiolo & Downing 1994 (Eq.17),NA,NA,NA,4.930825084010546,4.930825084010546,Q/P=3 (Christensen et al. 2008),1.6436083613368486,NA
Prosobranchia,65,Gastropods,4.8180940955920104e-5,invertebrate,NA,NA,NA,NA,NA,NA,NA,NA,NA,NA,NA,NA,NA,NA,NA,1.6436083613368486,Tumbiolo & Downing 1994 (Eq.17),NA,NA,NA,4.930825084010546,4.930825084010546,Q/P=3 (Christensen et al. 2008),1.6436083613368486,NA
Turritella spp.,65,Gastropods,0.019439898783176517,invertebrate,NA,NA,NA,NA,NA,NA,NA,NA,NA,NA,NA,NA,NA,NA,NA,1.6436083613368486,Tumbiolo & Downing 1994 (Eq.17),NA,NA,NA,4.930825084010546,4.930825084010546,Q/P=3 (Christensen et al. 2008),1.6436083613368486,NA
Scaphander lignarius,65,Gastropods,7.791852914719157e-5,invertebrate,NA,NA,NA,NA,NA,NA,NA,NA,NA,NA,NA,NA,NA,NA,NA,1.2330850566779399,Tumbiolo & Downing 1994 (Eq.17),NA,NA,NA,3.69925517003382,3.69925517003382,Q/P=3 (Christensen et al. 2008),1.2330850566779399,NA
Diodora italica,65,Gastropods,1.86813186813187e-4,invertebrate,NA,NA,NA,NA,NA,NA,NA,NA,NA,NA,NA,NA,NA,NA,NA,1.6436083613368486,Tumbiolo & Downing 1994 (Eq.17),NA,NA,NA,4.930825084010546,4.930825084010546,Q/P=3 (Christensen et al. 2008),1.6436083613368486,NA
Aporrhais pespelecani,65,Gastropods,4.776176127517526e-5,invertebrate,NA,NA,NA,NA,NA,NA,NA,NA,NA,NA,NA,NA,NA,NA,NA,2.3027680328783036,Tumbiolo & Downing 1994 (Eq.17),NA,NA,NA,6.908304098634911,6.908304098634911,Q/P=3 (Christensen et al. 2008),2.3027680328783036,NA
Aporrhais serresianus,65,Gastropods,3.423868261963343e-4,invertebrate,NA,NA,NA,NA,NA,NA,NA,NA,NA,NA,NA,NA,NA,NA,NA,2.3027680328783036,Tumbiolo & Downing 1994 (Eq.17),NA,NA,NA,6.908304098634911,6.908304098634911,Q/P=3 (Christensen et al. 2008),2.3027680328783036,NA
Galeodea echinophora,65,Gastropods,3.979363760394787e-4,invertebrate,NA,NA,NA,NA,NA,NA,NA,NA,NA,NA,NA,NA,NA,NA,NA,1.0583528113419134,Tumbiolo & Downing 1994 (Eq.17),NA,NA,NA,3.17505843402574,3.17505843402574,Q/P=3 (Christensen et al. 2008),1.0583528113419134,NA
Galeodea rugosa,65,Gastropods,5.66496371406521e-4,invertebrate,NA,NA,NA,NA,NA,NA,NA,NA,NA,NA,NA,NA,NA,NA,NA,1.0583528113419134,Tumbiolo & Downing 1994 (Eq.17),NA,NA,NA,3.17505843402574,3.17505843402574,Q/P=3 (Christensen et al. 2008),1.0583528113419134,NA
Semicassis granulata,65,Gastropods,2.75396186712052e-5,invertebrate,NA,NA,NA,NA,NA,NA,NA,NA,NA,NA,NA,NA,NA,NA,NA,1.59120747043061,Tumbiolo & Downing 1994 (Eq.17),NA,NA,NA,4.77362241129183,4.77362241129183,Q/P=3 (Christensen et al. 2008),1.59120747043061,NA
Semicassis saburon,65,Gastropods,2.8244865745164134e-4,invertebrate,NA,NA,NA,NA,NA,NA,NA,NA,NA,NA,NA,NA,NA,NA,NA,1.59120747043061,Tumbiolo & Downing 1994 (Eq.17),NA,NA,NA,4.77362241129183,4.77362241129183,Q/P=3 (Christensen et al. 2008),1.59120747043061,NA
Charonia lampas,65,Gastropods,0.00952293302979184,invertebrate,NA,NA,NA,NA,NA,NA,NA,NA,NA,NA,NA,NA,NA,NA,NA,1.2418397418033449,Tumbiolo & Downing 1994 (Eq.17),NA,NA,NA,3.725519225410035,3.725519225410035,Q/P=3 (Christensen et al. 2008),1.2418397418033449,NA
Monoplex corrugatus,65,Gastropods,5.006543454230263e-4,invertebrate,NA,NA,NA,NA,NA,NA,NA,NA,NA,NA,NA,NA,NA,NA,NA,1.6109119682955577,Tumbiolo & Downing 1994 (Eq.17),NA,NA,NA,4.832735904886674,4.832735904886674,Q/P=3 (Christensen et al. 2008),1.6109119682955577,NA
Euspira catena,65,Gastropods,1.57017923380044e-5,invertebrate,NA,NA,NA,NA,NA,NA,NA,NA,NA,NA,NA,NA,NA,NA,NA,2.3626045309470394,Tumbiolo & Downing 1994 (Eq.17),NA,NA,NA,7.087813592841118,7.087813592841118,Q/P=3 (Christensen et al. 2008),2.3626045309470394,NA
Ranella olearium,65,Gastropods,4.0798607395939394e-4,invertebrate,NA,NA,NA,NA,NA,NA,NA,NA,NA,NA,NA,NA,NA,NA,NA,1.1086992223721355,Tumbiolo & Downing 1994 (Eq.17),NA,NA,NA,3.3260976671164064,3.3260976671164064,Q/P=3 (Christensen et al. 2008),1.1086992223721355,NA
Buccinum humphreysianum,65,Gastropods,2.2275721902035735e-4,invertebrate,NA,NA,NA,NA,NA,NA,NA,NA,NA,NA,NA,NA,NA,NA,NA,1.5757992609734495,Tumbiolo & Downing 1994 (Eq.17),NA,NA,NA,4.727397782920349,4.727397782920349,Q/P=3 (Christensen et al. 2008),1.5757992609734495,NA
Bivetiella cancellata,65,Gastropods,4.904536208404175e-5,invertebrate,NA,NA,NA,NA,NA,NA,NA,NA,NA,NA,NA,NA,NA,NA,NA,1.5757992609734495,Tumbiolo & Downing 1994 (Eq.17),NA,NA,NA,4.727397782920349,4.727397782920349,Q/P=3 (Christensen et al. 2008),1.5757992609734495,NA
Fusinus rostratus,65,Gastropods,1.0255527951926859e-5,invertebrate,NA,NA,NA,NA,NA,NA,NA,NA,NA,NA,NA,NA,NA,NA,NA,1.5757992609734495,Tumbiolo & Downing 1994 (Eq.17),NA,NA,NA,4.727397782920349,4.727397782920349,Q/P=3 (Christensen et al. 2008),1.5757992609734495,NA
Fusiturris undatiruga,65,Gastropods,2.3196832521962246e-5,invertebrate,NA,NA,NA,NA,NA,NA,NA,NA,NA,NA,NA,NA,NA,NA,NA,1.5757992609734495,Tumbiolo & Downing 1994 (Eq.17),NA,NA,NA,4.727397782920349,4.727397782920349,Q/P=3 (Christensen et al. 2008),1.5757992609734495,NA
Bolinus brandaris,65,Gastropods,0.001147519285041738,invertebrate,NA,NA,NA,NA,NA,NA,NA,NA,NA,NA,NA,NA,NA,NA,NA,1.3099924300162193,Tumbiolo & Downing 1994 (Eq.17),NA,NA,NA,3.929977290048658,3.929977290048658,Q/P=3 (Christensen et al. 2008),1.3099924300162193,NA
Hadriania craticulata,65,Gastropods,1.004895551919165e-5,invertebrate,NA,NA,NA,NA,NA,NA,NA,NA,NA,NA,NA,NA,NA,NA,NA,1.3695741067149156,Tumbiolo & Downing 1994 (Eq.17),NA,NA,NA,4.1087223201447465,4.1087223201447465,Q/P=3 (Christensen et al. 2008),1.3695741067149156,NA
Hexaplex trunculus,65,Gastropods,0.010231425267092399,invertebrate,NA,NA,NA,NA,NA,NA,NA,NA,NA,NA,NA,NA,NA,NA,NA,1.4291557834136117,Tumbiolo & Downing 1994 (Eq.17),NA,NA,NA,4.287467350240835,4.287467350240835,Q/P=3 (Christensen et al. 2008),1.4291557834136117,NA
Ocenebra erinaceus,65,Gastropods,1.46330756286125e-4,invertebrate,NA,NA,NA,NA,NA,NA,NA,NA,NA,NA,NA,NA,NA,NA,NA,1.3695741067149156,Tumbiolo & Downing 1994 (Eq.17),NA,NA,NA,4.1087223201447465,4.1087223201447465,Q/P=3 (Christensen et al. 2008),1.3695741067149156,NA
Nassarius incrassatus,65,Gastropods,3.12105796808813e-4,invertebrate,NA,NA,NA,NA,NA,NA,NA,NA,NA,NA,NA,NA,NA,NA,NA,1.8847321636000613,Tumbiolo & Downing 1994 (Eq.17),NA,NA,NA,5.654196490800184,5.654196490800184,Q/P=3 (Christensen et al. 2008),1.8847321636000613,NA
Nassarius reticulatus,65,Gastropods,6.67588443322099e-5,invertebrate,NA,NA,NA,NA,NA,NA,NA,NA,NA,NA,NA,NA,NA,NA,NA,1.8847321636000613,Tumbiolo & Downing 1994 (Eq.17),NA,NA,NA,5.654196490800184,5.654196490800184,Q/P=3 (Christensen et al. 2008),1.8847321636000613,NA
Euthria cornea,65,Gastropods,1.0736287433891185e-4,invertebrate,NA,NA,NA,NA,NA,NA,NA,NA,NA,NA,NA,NA,NA,NA,NA,1.5757992609734495,Tumbiolo & Downing 1994 (Eq.17),NA,NA,NA,4.727397782920349,4.727397782920349,Q/P=3 (Christensen et al. 2008),1.5757992609734495,NA
Cymbium olla,65,Gastropods,0.00114679748228802,invertebrate,NA,NA,NA,NA,NA,NA,NA,NA,NA,NA,NA,NA,NA,NA,NA,1.6793166668639055,Tumbiolo & Downing 1994 (Eq.17),NA,NA,NA,5.037950000591716,5.037950000591716,Q/P=3 (Christensen et al. 2008),1.6793166668639055,NA
Armina maculata,65,Gastropods,1.20268632016472e-5,invertebrate,NA,NA,NA,NA,NA,NA,NA,NA,NA,NA,NA,NA,NA,NA,NA,2.277502306942595,Tumbiolo & Downing 1994 (Eq.17),NA,NA,NA,6.832506920827785,6.832506920827785,Q/P=3 (Christensen et al. 2008),2.277502306942595,NA
Armina tigrina,65,Gastropods,1.30471541547358e-5,invertebrate,NA,NA,NA,NA,NA,NA,NA,NA,NA,NA,NA,NA,NA,NA,NA,2.277502306942595,Tumbiolo & Downing 1994 (Eq.17),NA,NA,NA,6.832506920827785,6.832506920827785,Q/P=3 (Christensen et al. 2008),2.277502306942595,NA
Felimare picta,65,Gastropods,7.4487895716946e-6,invertebrate,NA,NA,NA,NA,NA,NA,NA,NA,NA,NA,NA,NA,NA,NA,NA,2.0241803164180405,Tumbiolo & Downing 1994 (Eq.17),NA,NA,NA,6.072540949254122,6.072540949254122,Q/P=3 (Christensen et al. 2008),2.0241803164180405,NA
Peltodoris atromaculata,65,Gastropods,4.33508548205958e-5,invertebrate,NA,NA,NA,NA,NA,NA,NA,NA,NA,NA,NA,NA,NA,NA,NA,2.277502306942595,Tumbiolo & Downing 1994 (Eq.17),NA,NA,NA,6.832506920827785,6.832506920827785,Q/P=3 (Christensen et al. 2008),2.277502306942595,NA
Doris verrucosa,65,Gastropods,7.68693196455381e-6,invertebrate,NA,NA,NA,NA,NA,NA,NA,NA,NA,NA,NA,NA,NA,NA,NA,2.5308242974671495,Tumbiolo & Downing 1994 (Eq.17),NA,NA,NA,7.592472892401449,7.592472892401449,Q/P=3 (Christensen et al. 2008),2.5308242974671495,NA
Tethys fimbria,65,Gastropods,1.8055744108906206e-4,invertebrate,NA,NA,NA,NA,NA,NA,NA,NA,NA,NA,NA,NA,NA,NA,NA,2.277502306942595,Tumbiolo & Downing 1994 (Eq.17),NA,NA,NA,6.832506920827785,6.832506920827785,Q/P=3 (Christensen et al. 2008),2.277502306942595,NA
Pleurobranchaea meckeli,65,Gastropods,1.48447715101222e-4,invertebrate,NA,NA,NA,NA,NA,NA,NA,NA,NA,NA,NA,NA,NA,NA,NA,1.6436083613368486,Tumbiolo & Downing 1994 (Eq.17),NA,NA,NA,4.930825084010546,4.930825084010546,Q/P=3 (Christensen et al. 2008),1.6436083613368486,NA
Calliostoma granulatum,65,Gastropods,2.5284150517467815e-4,invertebrate,NA,NA,NA,NA,NA,NA,NA,NA,NA,NA,NA,NA,NA,NA,NA,1.2861229835561725,Tumbiolo & Downing 1994 (Eq.17),NA,NA,NA,3.8583689506685177,3.8583689506685177,Q/P=3 (Christensen et al. 2008),1.2861229835561725,NA
Bolma rugosa,65,Gastropods,0.002966080922737773,invertebrate,NA,NA,NA,NA,NA,NA,NA,NA,NA,NA,NA,NA,NA,NA,NA,1.2861229835561725,Tumbiolo & Downing 1994 (Eq.17),NA,NA,NA,3.8583689506685177,3.8583689506685177,Q/P=3 (Christensen et al. 2008),1.2861229835561725,NA
Umbraculum umbraculum,65,Gastropods,2.1796267963331717e-4,invertebrate,NA,NA,NA,NA,NA,NA,NA,NA,NA,NA,NA,NA,NA,NA,NA,1.6112439122662836,Tumbiolo & Downing 1994 (Eq.17),NA,NA,NA,4.833731736798851,4.833731736798851,Q/P=3 (Christensen et al. 2008),1.6112439122662836,NA
Parastichopus regalis,77,Sea cucumbers,0.00469707049924848,invertebrate,NA,NA,NA,NA,NA,NA,NA,NA,NA,NA,NA,NA,NA,NA,NA,NA,NA,NA,NA,NA,NA,NA,NA,NA,NA
Hyperiidae,85,Suprabenthos,6.143159879009561e-5,invertebrate,NA,NA,NA,NA,NA,NA,NA,NA,NA,NA,NA,0.6675520959281634,NA,NA,NA,0.5333179558548078,Tumbiolo & Downing 1994 (Eq.17),NA,NA,NA,1.5999538675644234,1.5999538675644234,Q/P=3 (Christensen et al. 2008),0.5333179558548078,0.194552971059802
Acanthephyra eximia,74,Non-commercial decapods,6.78185034072828e-5,invertebrate,NA,NA,NA,NA,NA,NA,NA,NA,NA,NA,NA,0.6675520959281634,NA,NA,NA,0.41726100537018035,Tumbiolo & Downing 1994 (Eq.17),NA,NA,NA,1.251783016110541,1.251783016110541,Q/P=3 (Christensen et al. 2008),0.41726100537018035,0.194552971059802
Acanthephyra pelagica,74,Non-commercial decapods,6.434060161680952e-5,invertebrate,NA,NA,NA,NA,NA,NA,NA,NA,NA,NA,NA,0.6675520959281634,NA,NA,NA,0.4532145101023551,Tumbiolo & Downing 1994 (Eq.17),NA,NA,NA,1.3596435303070653,1.3596435303070653,Q/P=3 (Christensen et al. 2008),0.4532145101023551,0.194552971059802
Alpheus glaber,74,Non-commercial decapods,8.087673353758459e-4,invertebrate,NA,NA,NA,NA,NA,NA,NA,NA,NA,NA,NA,0.6675520959281634,NA,NA,NA,0.5336588487030531,Tumbiolo & Downing 1994 (Eq.17),NA,NA,NA,1.6009765461091594,1.6009765461091594,Q/P=3 (Christensen et al. 2008),0.5336588487030531,0.194552971059802
Aristaeomorpha foliacea,68,Giant red shrimp,0.04385731885702996,invertebrate,NA,NA,NA,NA,NA,NA,NA,NA,NA,NA,NA,0.5011168130859143,NA,NA,NA,0.9376356578352566,Tumbiolo & Downing 1994 (Eq.17),NA,NA,NA,2.8129069735057697,2.8129069735057697,Q/P=3 (Christensen et al. 2008),0.9376356578352566,0.45143659794278523
Aristeus antennatus,67,Blue and red shrimp,0.03374019712927556,invertebrate,NA,NA,NA,NA,NA,NA,NA,NA,NA,NA,NA,0.5011168130859143,NA,NA,NA,0.8192009630653422,Tumbiolo & Downing 1994 (Eq.17),NA,NA,NA,2.4576028891960267,2.4576028891960267,Q/P=3 (Christensen et al. 2008),0.8192009630653422,0.6007045615583673
Atelecyclus rotundatus,74,Non-commercial decapods,0.0013092321387552879,invertebrate,NA,NA,NA,NA,NA,NA,NA,NA,NA,NA,NA,0.6675520959281634,NA,NA,NA,0.5698919464536298,Tumbiolo & Downing 1994 (Eq.17),NA,NA,NA,1.7096758393608895,1.7096758393608895,Q/P=3 (Christensen et al. 2008),0.5698919464536298,0.194552971059802
Calocarides coronatus,74,Non-commercial decapods,9.6035450695292e-6,invertebrate,NA,NA,NA,NA,NA,NA,NA,NA,NA,NA,NA,0.6675520959281634,NA,NA,NA,0.5969779161307209,Tumbiolo & Downing 1994 (Eq.17),NA,NA,NA,1.7909337483921628,1.7909337483921628,Q/P=3 (Christensen et al. 2008),0.5969779161307209,0.31240176705811357
Calocaris macandreae,74,Non-commercial decapods,4.467870451405444e-4,invertebrate,NA,NA,NA,NA,NA,NA,NA,NA,NA,NA,NA,0.6675520959281634,NA,NA,NA,0.5969779161307209,Tumbiolo & Downing 1994 (Eq.17),NA,NA,NA,1.7909337483921628,1.7909337483921628,Q/P=3 (Christensen et al. 2008),0.5969779161307209,0.31240176705811357
Gennadas elegans,74,Non-commercial decapods,4.0717097715277237e-4,invertebrate,NA,NA,NA,NA,NA,NA,NA,NA,NA,NA,NA,0.6675520959281634,NA,NA,NA,0.5336588487030531,Tumbiolo & Downing 1994 (Eq.17),NA,NA,NA,1.6009765461091594,1.6009765461091594,Q/P=3 (Christensen et al. 2008),0.5336588487030531,0.194552971059802
Calappa granulata,74,Non-commercial decapods,0.0023363178875605846,invertebrate,NA,NA,NA,NA,NA,NA,NA,NA,NA,NA,NA,0.6675520959281634,NA,NA,NA,0.4854407393198833,Tumbiolo & Downing 1994 (Eq.17),NA,NA,NA,1.45632221795965,1.45632221795965,Q/P=3 (Christensen et al. 2008),0.4854407393198833,0.194552971059802
Aegaeon cataphractus,74,Non-commercial decapods,2.0964436040928037e-4,invertebrate,NA,NA,NA,NA,NA,NA,NA,NA,NA,NA,NA,0.6675520959281634,NA,NA,NA,0.527395949782235,Tumbiolo & Downing 1994 (Eq.17),NA,NA,NA,1.5821878493467052,1.5821878493467052,Q/P=3 (Christensen et al. 2008),0.527395949782235,0.194552971059802
Aegaeon lacazei,74,Non-commercial decapods,1.7558911520632332e-4,invertebrate,NA,NA,NA,NA,NA,NA,NA,NA,NA,NA,NA,0.6675520959281634,NA,NA,NA,0.527395949782235,Tumbiolo & Downing 1994 (Eq.17),NA,NA,NA,1.5821878493467052,1.5821878493467052,Q/P=3 (Christensen et al. 2008),0.527395949782235,0.194552971059802
Philocheras echinulatus,74,Non-commercial decapods,6.155838770900243e-5,invertebrate,NA,NA,NA,NA,NA,NA,NA,NA,NA,NA,NA,0.6675520959281634,NA,NA,NA,0.5068462170671499,Tumbiolo & Downing 1994 (Eq.17),NA,NA,NA,1.5205386512014498,1.5205386512014498,Q/P=3 (Christensen et al. 2008),0.5068462170671499,0.194552971059802
Pontophilus norvegicus,74,Non-commercial decapods,7.91440413638418e-6,invertebrate,NA,NA,NA,NA,NA,NA,NA,NA,NA,NA,NA,0.6675520959281634,NA,NA,NA,0.48629648435206485,Tumbiolo & Downing 1994 (Eq.17),NA,NA,NA,1.4588894530561944,1.4588894530561944,Q/P=3 (Christensen et al. 2008),0.48629648435206485,0.194552971059802
Pontophilus spinosus,74,Non-commercial decapods,9.408470081263271e-5,invertebrate,NA,NA,NA,NA,NA,NA,NA,NA,NA,NA,NA,0.6675520959281634,NA,NA,NA,0.48629648435206485,Tumbiolo & Downing 1994 (Eq.17),NA,NA,NA,1.4588894530561944,1.4588894530561944,Q/P=3 (Christensen et al. 2008),0.48629648435206485,0.194552971059802
Dardanus arrosor,74,Non-commercial decapods,0.011072180207390758,invertebrate,NA,NA,NA,NA,NA,NA,NA,NA,NA,NA,NA,0.6675520959281634,NA,NA,NA,0.45169952132656477,Tumbiolo & Downing 1994 (Eq.17),NA,NA,NA,1.3550985639796944,1.3550985639796944,Q/P=3 (Christensen et al. 2008),0.45169952132656477,0.194552971059802
Dardanus calidus,74,Non-commercial decapods,0.0011892661791633125,invertebrate,NA,NA,NA,NA,NA,NA,NA,NA,NA,NA,NA,0.6675520959281634,NA,NA,NA,0.807629636052209,Tumbiolo & Downing 1994 (Eq.17),NA,NA,NA,2.422888908156627,2.422888908156627,Q/P=3 (Christensen et al. 2008),0.807629636052209,0.194552971059802
Paguristes eremita,74,Non-commercial decapods,0.011207875542264161,invertebrate,NA,NA,NA,NA,NA,NA,NA,NA,NA,NA,NA,0.6675520959281634,NA,NA,NA,0.6296645786893869,Tumbiolo & Downing 1994 (Eq.17),NA,NA,NA,1.8889937360681606,1.8889937360681606,Q/P=3 (Christensen et al. 2008),0.6296645786893869,0.194552971059802
Medorippe lanata,74,Non-commercial decapods,0.00349305471886217,invertebrate,NA,NA,NA,NA,NA,NA,NA,NA,NA,NA,NA,0.6675520959281634,NA,NA,NA,0.5336588487030531,Tumbiolo & Downing 1994 (Eq.17),NA,NA,NA,1.6009765461091594,1.6009765461091594,Q/P=3 (Christensen et al. 2008),0.5336588487030531,0.194552971059802
Dromia personata,74,Non-commercial decapods,0.001654920552970467,invertebrate,NA,NA,NA,NA,NA,NA,NA,NA,NA,NA,NA,0.6675520959281634,NA,NA,NA,0.5336588487030531,Tumbiolo & Downing 1994 (Eq.17),NA,NA,NA,1.6009765461091594,1.6009765461091594,Q/P=3 (Christensen et al. 2008),0.5336588487030531,0.194552971059802
Lissa chiragra,74,Non-commercial decapods,3.11006923791641e-4,invertebrate,NA,NA,NA,NA,NA,NA,NA,NA,NA,NA,NA,0.6675520959281634,NA,NA,NA,0.5146708983058761,Tumbiolo & Downing 1994 (Eq.17),NA,NA,NA,1.5440126949176283,1.5440126949176283,Q/P=3 (Christensen et al. 2008),0.5146708983058761,0.194552971059802
Pisa armata,74,Non-commercial decapods,0.00217442874088303,invertebrate,NA,NA,NA,NA,NA,NA,NA,NA,NA,NA,NA,0.6675520959281634,NA,NA,NA,0.5146708983058761,Tumbiolo & Downing 1994 (Eq.17),NA,NA,NA,1.5440126949176283,1.5440126949176283,Q/P=3 (Christensen et al. 2008),0.5146708983058761,0.194552971059802
Pisa nodipes,74,Non-commercial decapods,1.83150183150183e-4,invertebrate,NA,NA,NA,NA,NA,NA,NA,NA,NA,NA,NA,0.6675520959281634,NA,NA,NA,0.5146708983058761,Tumbiolo & Downing 1994 (Eq.17),NA,NA,NA,1.5440126949176283,1.5440126949176283,Q/P=3 (Christensen et al. 2008),0.5146708983058761,0.194552971059802
Rochinia carpenteri,74,Non-commercial decapods,8.533624855944583e-4,invertebrate,NA,NA,NA,NA,NA,NA,NA,NA,NA,NA,NA,0.6675520959281634,NA,NA,NA,0.5146708983058761,Tumbiolo & Downing 1994 (Eq.17),NA,NA,NA,1.5440126949176283,1.5440126949176283,Q/P=3 (Christensen et al. 2008),0.5146708983058761,0.194552971059802
Ethusa mascarone,74,Non-commercial decapods,4.1894133991873935e-4,invertebrate,NA,NA,NA,NA,NA,NA,NA,NA,NA,NA,NA,0.6675520959281634,NA,NA,NA,0.5336588487030531,Tumbiolo & Downing 1994 (Eq.17),NA,NA,NA,1.6009765461091594,1.6009765461091594,Q/P=3 (Christensen et al. 2008),0.5336588487030531,0.194552971059802
Eurynome aspera,74,Non-commercial decapods,7.113541702387296e-5,invertebrate,NA,NA,NA,NA,NA,NA,NA,NA,NA,NA,NA,0.6675520959281634,NA,NA,NA,0.5336588487030531,Tumbiolo & Downing 1994 (Eq.17),NA,NA,NA,1.6009765461091594,1.6009765461091594,Q/P=3 (Christensen et al. 2008),0.5336588487030531,0.194552971059802
Galathea dispersa,74,Non-commercial decapods,1.7576044046751092e-4,invertebrate,NA,NA,NA,NA,NA,NA,NA,NA,NA,NA,NA,0.6675520959281634,NA,NA,NA,0.5336588487030531,Tumbiolo & Downing 1994 (Eq.17),NA,NA,NA,1.6009765461091594,1.6009765461091594,Q/P=3 (Christensen et al. 2008),0.5336588487030531,1.544509898784686
Galathea intermedia,74,Non-commercial decapods,4.02070065516984e-5,invertebrate,NA,NA,NA,NA,NA,NA,NA,NA,NA,NA,NA,0.6675520959281634,NA,NA,NA,0.5336588487030531,Tumbiolo & Downing 1994 (Eq.17),NA,NA,NA,1.6009765461091594,1.6009765461091594,Q/P=3 (Christensen et al. 2008),0.5336588487030531,1.544509898784686
Galathea nexa,74,Non-commercial decapods,8.66453519100968e-6,invertebrate,NA,NA,NA,NA,NA,NA,NA,NA,NA,NA,NA,0.6675520959281634,NA,NA,NA,0.5336588487030531,Tumbiolo & Downing 1994 (Eq.17),NA,NA,NA,1.6009765461091594,1.6009765461091594,Q/P=3 (Christensen et al. 2008),0.5336588487030531,1.544509898784686
Geryon longipes,74,Non-commercial decapods,0.04166559193524847,invertebrate,NA,NA,NA,NA,NA,NA,NA,NA,NA,NA,NA,0.6675520959281634,NA,NA,NA,0.36798376837124236,Tumbiolo & Downing 1994 (Eq.17),NA,NA,NA,1.103951305113727,1.103951305113727,Q/P=3 (Christensen et al. 2008),0.36798376837124236,0.194552971059802
Goneplax rhomboides,74,Non-commercial decapods,0.00170890267332517,invertebrate,NA,NA,NA,NA,NA,NA,NA,NA,NA,NA,NA,0.6675520959281634,NA,NA,NA,0.4869609000471109,Tumbiolo & Downing 1994 (Eq.17),NA,NA,NA,1.4608827001413327,1.4608827001413327,Q/P=3 (Christensen et al. 2008),0.4869609000471109,0.194552971059802
Caridion steveni,74,Non-commercial decapods,9.17409545161925e-6,invertebrate,NA,NA,NA,NA,NA,NA,NA,NA,NA,NA,NA,0.6675520959281634,NA,NA,NA,0.5336588487030531,Tumbiolo & Downing 1994 (Eq.17),NA,NA,NA,1.6009765461091594,1.6009765461091594,Q/P=3 (Christensen et al. 2008),0.5336588487030531,0.194552971059802
Homola barbata,74,Non-commercial decapods,6.10641176686116e-4,invertebrate,NA,NA,NA,NA,NA,NA,NA,NA,NA,NA,NA,0.6675520959281634,NA,NA,NA,0.5143104376194674,Tumbiolo & Downing 1994 (Eq.17),NA,NA,NA,1.5429313128584021,1.5429313128584021,Q/P=3 (Christensen et al. 2008),0.5143104376194674,0.194552971059802
Paromola cuvieri,74,Non-commercial decapods,0.013239264395011332,invertebrate,NA,NA,NA,NA,NA,NA,NA,NA,NA,NA,NA,0.6675520959281634,NA,NA,NA,0.41529310033258193,Tumbiolo & Downing 1994 (Eq.17),NA,NA,NA,1.2458793009977458,1.2458793009977458,Q/P=3 (Christensen et al. 2008),0.41529310033258193,0.194552971059802
Dicranodromia mahieuxii,74,Non-commercial decapods,6.29720421813249e-6,invertebrate,NA,NA,NA,NA,NA,NA,NA,NA,NA,NA,NA,0.6675520959281634,NA,NA,NA,0.5336588487030531,Tumbiolo & Downing 1994 (Eq.17),NA,NA,NA,1.6009765461091594,1.6009765461091594,Q/P=3 (Christensen et al. 2008),0.5336588487030531,0.194552971059802
Dorhynchus thomsoni,74,Non-commercial decapods,6.6626238692155e-6,invertebrate,NA,NA,NA,NA,NA,NA,NA,NA,NA,NA,NA,0.6675520959281634,NA,NA,NA,0.5129933385306725,Tumbiolo & Downing 1994 (Eq.17),NA,NA,NA,1.5389800155920175,1.5389800155920175,Q/P=3 (Christensen et al. 2008),0.5129933385306725,0.194552971059802
Inachus communissimus,74,Non-commercial decapods,3.438415020736837e-4,invertebrate,NA,NA,NA,NA,NA,NA,NA,NA,NA,NA,NA,0.6675520959281634,NA,NA,NA,0.609493543234998,Tumbiolo & Downing 1994 (Eq.17),NA,NA,NA,1.8284806297049943,1.8284806297049943,Q/P=3 (Christensen et al. 2008),0.609493543234998,0.194552971059802
Inachus dorsettensis,74,Non-commercial decapods,3.144039827019897e-5,invertebrate,NA,NA,NA,NA,NA,NA,NA,NA,NA,NA,NA,0.6675520959281634,NA,NA,NA,0.609493543234998,Tumbiolo & Downing 1994 (Eq.17),NA,NA,NA,1.8284806297049943,1.8284806297049943,Q/P=3 (Christensen et al. 2008),0.609493543234998,0.194552971059802
Inachus parvirostris,74,Non-commercial decapods,3.07324974519591e-5,invertebrate,NA,NA,NA,NA,NA,NA,NA,NA,NA,NA,NA,0.6675520959281634,NA,NA,NA,0.609493543234998,Tumbiolo & Downing 1994 (Eq.17),NA,NA,NA,1.8284806297049943,1.8284806297049943,Q/P=3 (Christensen et al. 2008),0.609493543234998,0.194552971059802
Inachus thoracicus,74,Non-commercial decapods,1.2141301473349985e-4,invertebrate,NA,NA,NA,NA,NA,NA,NA,NA,NA,NA,NA,0.6675520959281634,NA,NA,NA,0.609493543234998,Tumbiolo & Downing 1994 (Eq.17),NA,NA,NA,1.8284806297049943,1.8284806297049943,Q/P=3 (Christensen et al. 2008),0.609493543234998,0.194552971059802
Macropodia linaresi,74,Non-commercial decapods,2.3183946964326284e-5,invertebrate,NA,NA,NA,NA,NA,NA,NA,NA,NA,NA,NA,0.6675520959281634,NA,NA,NA,0.8461573193482761,Tumbiolo & Downing 1994 (Eq.17),NA,NA,NA,2.5384719580448283,2.5384719580448283,Q/P=3 (Christensen et al. 2008),0.8461573193482761,0.194552971059802
Macropodia longipes,74,Non-commercial decapods,3.15446956529487e-4,invertebrate,NA,NA,NA,NA,NA,NA,NA,NA,NA,NA,NA,0.6675520959281634,NA,NA,NA,0.48001847845437867,Tumbiolo & Downing 1994 (Eq.17),NA,NA,NA,1.440055435363136,1.440055435363136,Q/P=3 (Christensen et al. 2008),0.48001847845437867,0.194552971059802
Macropodia rostrata,74,Non-commercial decapods,8.3977854576993e-5,invertebrate,NA,NA,NA,NA,NA,NA,NA,NA,NA,NA,NA,0.6675520959281634,NA,NA,NA,0.7353432885017296,Tumbiolo & Downing 1994 (Eq.17),NA,NA,NA,2.206029865505189,2.206029865505189,Q/P=3 (Christensen et al. 2008),0.7353432885017296,0.194552971059802
Ebalia cranchii,74,Non-commercial decapods,7.75918520783717e-6,invertebrate,NA,NA,NA,NA,NA,NA,NA,NA,NA,NA,NA,0.6675520959281634,NA,NA,NA,0.5336588487030531,Tumbiolo & Downing 1994 (Eq.17),NA,NA,NA,1.6009765461091594,1.6009765461091594,Q/P=3 (Christensen et al. 2008),0.5336588487030531,0.194552971059802
Ebalia nux,74,Non-commercial decapods,9.6035450695292e-6,invertebrate,NA,NA,NA,NA,NA,NA,NA,NA,NA,NA,NA,0.6675520959281634,NA,NA,NA,0.5336588487030531,Tumbiolo & Downing 1994 (Eq.17),NA,NA,NA,1.6009765461091594,1.6009765461091594,Q/P=3 (Christensen et al. 2008),0.5336588487030531,0.194552971059802
Ilia nucleus,74,Non-commercial decapods,6.42847003617063e-5,invertebrate,NA,NA,NA,NA,NA,NA,NA,NA,NA,NA,NA,0.6675520959281634,NA,NA,NA,0.5336588487030531,Tumbiolo & Downing 1994 (Eq.17),NA,NA,NA,1.6009765461091594,1.6009765461091594,Q/P=3 (Christensen et al. 2008),0.5336588487030531,0.194552971059802
Ligur ensiferus,74,Non-commercial decapods,4.05036663712234e-5,invertebrate,NA,NA,NA,NA,NA,NA,NA,NA,NA,NA,NA,0.6675520959281634,NA,NA,NA,0.5709232434893187,Tumbiolo & Downing 1994 (Eq.17),NA,NA,NA,1.712769730467956,1.712769730467956,Q/P=3 (Christensen et al. 2008),0.5709232434893187,0.194552971059802
Maja crispata,73,Other commercial decapods,0.0019135340239844788,invertebrate,NA,NA,NA,NA,NA,NA,NA,NA,NA,NA,NA,0.6675520959281634,NA,NA,NA,0.723132996835962,Tumbiolo & Downing 1994 (Eq.17),NA,NA,NA,2.169398990507886,2.169398990507886,Q/P=3 (Christensen et al. 2008),0.723132996835962,0.194552971059802
Maja squinado,73,Other commercial decapods,0.00614349747500446,invertebrate,NA,NA,NA,NA,NA,NA,NA,NA,NA,NA,NA,0.6675520959281634,NA,NA,NA,0.5979194698587154,Tumbiolo & Downing 1994 (Eq.17),NA,NA,NA,1.793758409576146,1.793758409576146,Q/P=3 (Christensen et al. 2008),0.5979194698587154,0.194552971059802
Munida curvimana,74,Non-commercial decapods,8.055406987116265e-4,invertebrate,NA,NA,NA,NA,NA,NA,NA,NA,NA,NA,NA,0.6675520959281634,NA,NA,NA,0.44195225399500443,Tumbiolo & Downing 1994 (Eq.17),NA,NA,NA,1.3258567619850132,1.3258567619850132,Q/P=3 (Christensen et al. 2008),0.44195225399500443,0.194552971059802
Munida intermedia,74,Non-commercial decapods,0.0031819551615217367,invertebrate,NA,NA,NA,NA,NA,NA,NA,NA,NA,NA,NA,0.6675520959281634,NA,NA,NA,0.4611824784087655,Tumbiolo & Downing 1994 (Eq.17),NA,NA,NA,1.3835474352262964,1.3835474352262964,Q/P=3 (Christensen et al. 2008),0.4611824784087655,0.194552971059802
Munida rutllanti,74,Non-commercial decapods,0.024835400360612686,invertebrate,NA,NA,NA,NA,NA,NA,NA,NA,NA,NA,NA,0.6675520959281634,NA,NA,NA,0.4457510414896654,Tumbiolo & Downing 1994 (Eq.17),NA,NA,NA,1.337253124468996,1.337253124468996,Q/P=3 (Christensen et al. 2008),0.4457510414896654,0.194552971059802
Munida spp.,74,Non-commercial decapods,0.005107508671528485,invertebrate,NA,NA,NA,NA,NA,NA,NA,NA,NA,NA,NA,0.6675520959281634,NA,NA,NA,0.44195225399500443,Tumbiolo & Downing 1994 (Eq.17),NA,NA,NA,1.3258567619850132,1.3258567619850132,Q/P=3 (Christensen et al. 2008),0.44195225399500443,0.194552971059802
Munida tenuimana,74,Non-commercial decapods,0.00182664424742164,invertebrate,NA,NA,NA,NA,NA,NA,NA,NA,NA,NA,NA,0.6675520959281634,NA,NA,NA,0.4189232420865825,Tumbiolo & Downing 1994 (Eq.17),NA,NA,NA,1.2567697262597475,1.2567697262597475,Q/P=3 (Christensen et al. 2008),0.4189232420865825,0.194552971059802
Homarus gammarus,73,Other commercial decapods,0.0277990500943717,invertebrate,NA,NA,NA,NA,NA,NA,NA,NA,NA,NA,NA,0.6675520959281634,NA,NA,NA,0.487412726327461,Tumbiolo & Downing 1994 (Eq.17),NA,NA,NA,1.462238178982383,1.462238178982383,Q/P=3 (Christensen et al. 2008),0.487412726327461,0.04294989463542217
Nephrops norvegicus,71,Norway lobster,0.06419219060956964,invertebrate,NA,NA,NA,NA,NA,NA,NA,NA,NA,NA,NA,0.6675520959281634,NA,NA,NA,0.35981085233220556,Tumbiolo & Downing 1994 (Eq.17),NA,NA,NA,1.0794325569966166,1.0794325569966166,Q/P=3 (Christensen et al. 2008),0.35981085233220556,0.04294989463542217
Ergasticus clouei,74,Non-commercial decapods,9.13232692476871e-5,invertebrate,NA,NA,NA,NA,NA,NA,NA,NA,NA,NA,NA,0.6675520959281634,NA,NA,NA,0.5336588487030531,Tumbiolo & Downing 1994 (Eq.17),NA,NA,NA,1.6009765461091594,1.6009765461091594,Q/P=3 (Christensen et al. 2008),0.5336588487030531,0.194552971059802
Anapagurus bicorniger,74,Non-commercial decapods,5.8574234663633847e-5,invertebrate,NA,NA,NA,NA,NA,NA,NA,NA,NA,NA,NA,0.6675520959281634,NA,NA,NA,0.6146787302882161,Tumbiolo & Downing 1994 (Eq.17),NA,NA,NA,1.844036190864648,1.844036190864648,Q/P=3 (Christensen et al. 2008),0.6146787302882161,0.194552971059802
Anapagurus laevis,74,Non-commercial decapods,3.7243947858473e-5,invertebrate,NA,NA,NA,NA,NA,NA,NA,NA,NA,NA,NA,0.6675520959281634,NA,NA,NA,0.6146787302882161,Tumbiolo & Downing 1994 (Eq.17),NA,NA,NA,1.844036190864648,1.844036190864648,Q/P=3 (Christensen et al. 2008),0.6146787302882161,0.194552971059802
Pagurus alatus,74,Non-commercial decapods,0.002536575185617287,invertebrate,NA,NA,NA,NA,NA,NA,NA,NA,NA,NA,NA,0.6675520959281634,NA,NA,NA,0.4849427259191218,Tumbiolo & Downing 1994 (Eq.17),NA,NA,NA,1.4548281777573653,1.4548281777573653,Q/P=3 (Christensen et al. 2008),0.4849427259191218,0.194552971059802
Pagurus cuanensis,74,Non-commercial decapods,1.416891015518596e-4,invertebrate,NA,NA,NA,NA,NA,NA,NA,NA,NA,NA,NA,0.6675520959281634,NA,NA,NA,0.6146787302882161,Tumbiolo & Downing 1994 (Eq.17),NA,NA,NA,1.844036190864648,1.844036190864648,Q/P=3 (Christensen et al. 2008),0.6146787302882161,0.194552971059802
Pagurus excavatus,74,Non-commercial decapods,0.00105973185644464,invertebrate,NA,NA,NA,NA,NA,NA,NA,NA,NA,NA,NA,0.6675520959281634,NA,NA,NA,0.5360135351167088,Tumbiolo & Downing 1994 (Eq.17),NA,NA,NA,1.6080406053501264,1.6080406053501264,Q/P=3 (Christensen et al. 2008),0.5360135351167088,0.194552971059802
Pagurus forbesii,74,Non-commercial decapods,7.520390063414875e-5,invertebrate,NA,NA,NA,NA,NA,NA,NA,NA,NA,NA,NA,0.6675520959281634,NA,NA,NA,0.8230799298288176,Tumbiolo & Downing 1994 (Eq.17),NA,NA,NA,2.469239789486453,2.469239789486453,Q/P=3 (Christensen et al. 2008),0.8230799298288176,0.194552971059802
Pagurus prideaux,74,Non-commercial decapods,0.01581044909373813,invertebrate,NA,NA,NA,NA,NA,NA,NA,NA,NA,NA,NA,0.6675520959281634,NA,NA,NA,0.6146787302882161,Tumbiolo & Downing 1994 (Eq.17),NA,NA,NA,1.844036190864648,1.844036190864648,Q/P=3 (Christensen et al. 2008),0.6146787302882161,0.194552971059802
Periclimenes granulatus,74,Non-commercial decapods,1.196039667275377e-5,invertebrate,NA,NA,NA,NA,NA,NA,NA,NA,NA,NA,NA,0.6675520959281634,NA,NA,NA,0.5772067849961577,Tumbiolo & Downing 1994 (Eq.17),NA,NA,NA,1.7316203549884732,1.7316203549884732,Q/P=3 (Christensen et al. 2008),0.5772067849961577,0.194552971059802
Palinurus elephas,72,European lobster,0.022158058219930655,invertebrate,NA,NA,NA,NA,NA,NA,NA,NA,NA,NA,NA,0.6675520959281634,NA,NA,NA,0.5406270525248617,Tumbiolo & Downing 1994 (Eq.17),NA,NA,NA,1.621881157574585,1.621881157574585,Q/P=3 (Christensen et al. 2008),0.5406270525248617,0.20885980177999341
Palinurus mauritanicus,73,Other commercial decapods,0.005544559956041243,invertebrate,NA,NA,NA,NA,NA,NA,NA,NA,NA,NA,NA,0.6675520959281634,NA,NA,NA,0.46196229797495925,Tumbiolo & Downing 1994 (Eq.17),NA,NA,NA,1.3858868939248778,1.3858868939248778,Q/P=3 (Christensen et al. 2008),0.46196229797495925,0.14953736444914015
Chlorotocus crassicornis,74,Non-commercial decapods,7.37324382061913e-4,invertebrate,NA,NA,NA,NA,NA,NA,NA,NA,NA,NA,NA,0.6675520959281634,NA,NA,NA,0.5217795971322127,Tumbiolo & Downing 1994 (Eq.17),NA,NA,NA,1.5653387913966381,1.5653387913966381,Q/P=3 (Christensen et al. 2008),0.5217795971322127,0.194552971059802
Pandalina profunda,74,Non-commercial decapods,2.1137467482735232e-5,invertebrate,NA,NA,NA,NA,NA,NA,NA,NA,NA,NA,NA,0.6675520959281634,NA,NA,NA,0.4488046945809354,Tumbiolo & Downing 1994 (Eq.17),NA,NA,NA,1.3464140837428062,1.3464140837428062,Q/P=3 (Christensen et al. 2008),0.4488046945809354,0.194552971059802
Plesionika acanthonotus,74,Non-commercial decapods,0.0024758360687165133,invertebrate,NA,NA,NA,NA,NA,NA,NA,NA,NA,NA,NA,0.6675520959281634,NA,NA,NA,0.41971811849436363,Tumbiolo & Downing 1994 (Eq.17),NA,NA,NA,1.2591543554830908,1.2591543554830908,Q/P=3 (Christensen et al. 2008),0.41971811849436363,0.194552971059802
Plesionika antigai,74,Non-commercial decapods,0.0017142847914491568,invertebrate,NA,NA,NA,NA,NA,NA,NA,NA,NA,NA,NA,0.6675520959281634,NA,NA,NA,0.47157853681883,Tumbiolo & Downing 1994 (Eq.17),NA,NA,NA,1.41473561045649,1.41473561045649,Q/P=3 (Christensen et al. 2008),0.47157853681883,0.194552971059802
Plesionika edwardsii,74,Non-commercial decapods,0.0069041591613060406,invertebrate,NA,NA,NA,NA,NA,NA,NA,NA,NA,NA,NA,0.6675520959281634,NA,NA,NA,0.4475863352287923,Tumbiolo & Downing 1994 (Eq.17),NA,NA,NA,1.342759005686377,1.342759005686377,Q/P=3 (Christensen et al. 2008),0.4475863352287923,0.194552971059802
Plesionika gigliolii,74,Non-commercial decapods,0.00459296551136839,invertebrate,NA,NA,NA,NA,NA,NA,NA,NA,NA,NA,NA,0.6675520959281634,NA,NA,NA,0.4548629141996495,Tumbiolo & Downing 1994 (Eq.17),NA,NA,NA,1.3645887425989485,1.3645887425989485,Q/P=3 (Christensen et al. 2008),0.4548629141996495,0.194552971059802
Plesionika heterocarpus,74,Non-commercial decapods,0.033649041680537804,invertebrate,NA,NA,NA,NA,NA,NA,NA,NA,NA,NA,NA,0.6675520959281634,NA,NA,NA,0.42123806555855337,Tumbiolo & Downing 1994 (Eq.17),NA,NA,NA,1.26371419667566,1.26371419667566,Q/P=3 (Christensen et al. 2008),0.42123806555855337,0.194552971059802
Plesionika martia,74,Non-commercial decapods,0.037745530204570395,invertebrate,NA,NA,NA,NA,NA,NA,NA,NA,NA,NA,NA,0.6675520959281634,NA,NA,NA,0.3608506005785977,Tumbiolo & Downing 1994 (Eq.17),NA,NA,NA,1.0825518017357931,1.0825518017357931,Q/P=3 (Christensen et al. 2008),0.3608506005785977,0.194552971059802
Plesionika narval,74,Non-commercial decapods,5.697062355876051e-4,invertebrate,NA,NA,NA,NA,NA,NA,NA,NA,NA,NA,NA,0.6675520959281634,NA,NA,NA,0.49282338863648406,Tumbiolo & Downing 1994 (Eq.17),NA,NA,NA,1.4784701659094521,1.4784701659094521,Q/P=3 (Christensen et al. 2008),0.49282338863648406,0.194552971059802
Plesionika spp.,74,Non-commercial decapods,0.0020197639949787877,invertebrate,NA,NA,NA,NA,NA,NA,NA,NA,NA,NA,NA,0.6675520959281634,NA,NA,NA,0.4383797085021815,Tumbiolo & Downing 1994 (Eq.17),NA,NA,NA,1.3151391255065445,1.3151391255065445,Q/P=3 (Christensen et al. 2008),0.4383797085021815,0.194552971059802
Derilambrus angulifrons,74,Non-commercial decapods,0.0011740424973712585,invertebrate,NA,NA,NA,NA,NA,NA,NA,NA,NA,NA,NA,0.6675520959281634,NA,NA,NA,0.4872058973746403,Tumbiolo & Downing 1994 (Eq.17),NA,NA,NA,1.461617692123921,1.461617692123921,Q/P=3 (Christensen et al. 2008),0.4872058973746403,0.194552971059802
Parthenopoides massena,74,Non-commercial decapods,1.54763663289871e-4,invertebrate,NA,NA,NA,NA,NA,NA,NA,NA,NA,NA,NA,0.6675520959281634,NA,NA,NA,0.4872058973746403,Tumbiolo & Downing 1994 (Eq.17),NA,NA,NA,1.461617692123921,1.461617692123921,Q/P=3 (Christensen et al. 2008),0.4872058973746403,0.194552971059802
Spinolambrus macrochelos,74,Non-commercial decapods,1.1275561891926706e-4,invertebrate,NA,NA,NA,NA,NA,NA,NA,NA,NA,NA,NA,0.6675520959281634,NA,NA,NA,0.4872058973746403,Tumbiolo & Downing 1994 (Eq.17),NA,NA,NA,1.461617692123921,1.461617692123921,Q/P=3 (Christensen et al. 2008),0.4872058973746403,0.194552971059802
Pasiphaea multidentata,74,Non-commercial decapods,0.0032453309946737035,invertebrate,NA,NA,NA,NA,NA,NA,NA,NA,NA,NA,NA,0.6675520959281634,NA,NA,NA,0.4057359228441018,Tumbiolo & Downing 1994 (Eq.17),NA,NA,NA,1.2172077685323055,1.2172077685323055,Q/P=3 (Christensen et al. 2008),0.4057359228441018,0.194552971059802
Pasiphaea sivado,74,Non-commercial decapods,0.016646298723791465,invertebrate,NA,NA,NA,NA,NA,NA,NA,NA,NA,NA,NA,0.6675520959281634,NA,NA,NA,0.4234221728412655,Tumbiolo & Downing 1994 (Eq.17),NA,NA,NA,1.2702665185237965,1.2702665185237965,Q/P=3 (Christensen et al. 2008),0.4234221728412655,0.194552971059802
Parapenaeus longirostris,66,Deep-water rose shrimp,0.009632441205807944,invertebrate,NA,NA,NA,NA,NA,NA,NA,NA,NA,NA,NA,0.6675520959281634,NA,NA,NA,0.4458798168739733,Tumbiolo & Downing 1994 (Eq.17),NA,NA,NA,1.33763945062192,1.33763945062192,Q/P=3 (Christensen et al. 2008),0.4458798168739733,1.0325998932246732
Penaeus kerathurus,69,Other commercial shrimps,0.001983634093006434,invertebrate,NA,NA,NA,NA,NA,NA,NA,NA,NA,NA,NA,0.6675520959281634,NA,NA,NA,0.6744349338953266,Tumbiolo & Downing 1994 (Eq.17),NA,NA,NA,2.02330480168598,2.02330480168598,Q/P=3 (Christensen et al. 2008),0.6744349338953266,1.0325998932246732
Pilumnus hirtellus,74,Non-commercial decapods,0.00013926289966460851,invertebrate,NA,NA,NA,NA,NA,NA,NA,NA,NA,NA,NA,0.6675520959281634,NA,NA,NA,0.5336588487030531,Tumbiolo & Downing 1994 (Eq.17),NA,NA,NA,1.6009765461091594,1.6009765461091594,Q/P=3 (Christensen et al. 2008),0.5336588487030531,0.194552971059802
Pilumnus spinifer,74,Non-commercial decapods,2.37168548962881e-4,invertebrate,NA,NA,NA,NA,NA,NA,NA,NA,NA,NA,NA,0.6675520959281634,NA,NA,NA,0.5336588487030531,Tumbiolo & Downing 1994 (Eq.17),NA,NA,NA,1.6009765461091594,1.6009765461091594,Q/P=3 (Christensen et al. 2008),0.5336588487030531,0.194552971059802
Pilumnus villosissimus,74,Non-commercial decapods,6.08561239517533e-5,invertebrate,NA,NA,NA,NA,NA,NA,NA,NA,NA,NA,NA,0.6675520959281634,NA,NA,NA,0.5336588487030531,Tumbiolo & Downing 1994 (Eq.17),NA,NA,NA,1.6009765461091594,1.6009765461091594,Q/P=3 (Christensen et al. 2008),0.5336588487030531,0.194552971059802
Euchirograpsus liguricus,74,Non-commercial decapods,6.6010635606571e-6,invertebrate,NA,NA,NA,NA,NA,NA,NA,NA,NA,NA,NA,0.6675520959281634,NA,NA,NA,0.5336588487030531,Tumbiolo & Downing 1994 (Eq.17),NA,NA,NA,1.6009765461091594,1.6009765461091594,Q/P=3 (Christensen et al. 2008),0.5336588487030531,0.194552971059802
Bathynectes maravigna,74,Non-commercial decapods,0.001839458513906117,invertebrate,NA,NA,NA,NA,NA,NA,NA,NA,NA,NA,NA,0.6582573120098668,NA,NA,NA,0.43662164519096863,Tumbiolo & Downing 1994 (Eq.17),NA,NA,NA,1.309864935572906,1.309864935572906,Q/P=3 (Christensen et al. 2008),0.43662164519096863,0.3898927186121906
Liocarcinus corrugatus,74,Non-commercial decapods,3.4219492723396e-4,invertebrate,NA,NA,NA,NA,NA,NA,NA,NA,NA,NA,NA,0.6613366744450189,NA,NA,NA,0.7437191363091488,Tumbiolo & Downing 1994 (Eq.17),NA,NA,NA,2.231157408927446,2.231157408927446,Q/P=3 (Christensen et al. 2008),0.7437191363091488,0.3898927186121906
Liocarcinus depurator,74,Non-commercial decapods,0.0434350762481255,invertebrate,NA,NA,NA,NA,NA,NA,NA,NA,NA,NA,NA,0.6613366744450189,NA,NA,NA,0.4233123195240216,Tumbiolo & Downing 1994 (Eq.17),NA,NA,NA,1.2699369585720648,1.2699369585720648,Q/P=3 (Christensen et al. 2008),0.4233123195240216,0.3898927186121906
Liocarcinus maculatus,74,Non-commercial decapods,3.46041058852474e-4,invertebrate,NA,NA,NA,NA,NA,NA,NA,NA,NA,NA,NA,0.6613366744450189,NA,NA,NA,0.6243397957042311,Tumbiolo & Downing 1994 (Eq.17),NA,NA,NA,1.8730193871126934,1.8730193871126934,Q/P=3 (Christensen et al. 2008),0.6243397957042311,0.3898927186121906
Liocarcinus navigator,74,Non-commercial decapods,3.27380952380952e-4,invertebrate,NA,NA,NA,NA,NA,NA,NA,NA,NA,NA,NA,0.6613366744450189,NA,NA,NA,0.7059879312795232,Tumbiolo & Downing 1994 (Eq.17),NA,NA,NA,2.1179637938385696,2.1179637938385696,Q/P=3 (Christensen et al. 2008),0.7059879312795232,0.3898927186121906
Macropipus tuberculatus,74,Non-commercial decapods,0.0040125144780229,invertebrate,NA,NA,NA,NA,NA,NA,NA,NA,NA,NA,NA,0.6582573120098668,NA,NA,NA,0.38197988380286807,Tumbiolo & Downing 1994 (Eq.17),NA,NA,NA,1.1459396514086042,1.1459396514086042,Q/P=3 (Christensen et al. 2008),0.38197988380286807,0.3898927186121906
Necora puber,73,Other commercial decapods,9.21596496266891e-4,invertebrate,NA,NA,NA,NA,NA,NA,NA,NA,NA,NA,NA,0.6551966594537069,NA,NA,NA,0.7120040236244676,Tumbiolo & Downing 1994 (Eq.17),NA,NA,NA,2.1360120708734027,2.1360120708734027,Q/P=3 (Christensen et al. 2008),0.7120040236244676,0.3898927186121906
Polybius henslowii,74,Non-commercial decapods,6.01973158564108e-5,invertebrate,NA,NA,NA,NA,NA,NA,NA,NA,NA,NA,NA,0.6582573120098668,NA,NA,NA,0.5942628987416225,Tumbiolo & Downing 1994 (Eq.17),NA,NA,NA,1.7827886962248676,1.7827886962248676,Q/P=3 (Christensen et al. 2008),0.5942628987416225,0.3898927186121906
Polycheles typhlops,74,Non-commercial decapods,0.004401554385596683,invertebrate,NA,NA,NA,NA,NA,NA,NA,NA,NA,NA,NA,0.6675520959281634,NA,NA,NA,0.3932401116734671,Tumbiolo & Downing 1994 (Eq.17),NA,NA,NA,1.1797203350204013,1.1797203350204013,Q/P=3 (Christensen et al. 2008),0.3932401116734671,0.194552971059802
Pisidia longicornis,74,Non-commercial decapods,7.2909673987117e-5,invertebrate,NA,NA,NA,NA,NA,NA,NA,NA,NA,NA,NA,0.6675520959281634,NA,NA,NA,0.7302491525202282,Tumbiolo & Downing 1994 (Eq.17),NA,NA,NA,2.1907474575606845,2.1907474575606845,Q/P=3 (Christensen et al. 2008),0.7302491525202282,0.194552971059802
Processa canaliculata,74,Non-commercial decapods,9.168680213574583e-4,invertebrate,NA,NA,NA,NA,NA,NA,NA,NA,NA,NA,NA,0.6675520959281634,NA,NA,NA,0.4868871483736295,Tumbiolo & Downing 1994 (Eq.17),NA,NA,NA,1.4606614451208886,1.4606614451208886,Q/P=3 (Christensen et al. 2008),0.4868871483736295,0.194552971059802
Processa edulis edulis,74,Non-commercial decapods,2.66763896771762e-5,invertebrate,NA,NA,NA,NA,NA,NA,NA,NA,NA,NA,NA,0.6675520959281634,NA,NA,NA,0.5135534475624058,Tumbiolo & Downing 1994 (Eq.17),NA,NA,NA,1.5406603426872176,1.5406603426872176,Q/P=3 (Christensen et al. 2008),0.5135534475624058,0.194552971059802
Processa nouveli,74,Non-commercial decapods,2.0088914071239965e-4,invertebrate,NA,NA,NA,NA,NA,NA,NA,NA,NA,NA,NA,0.6675520959281634,NA,NA,NA,0.5402197467511822,Tumbiolo & Downing 1994 (Eq.17),NA,NA,NA,1.6206592402535467,1.6206592402535467,Q/P=3 (Christensen et al. 2008),0.5402197467511822,0.194552971059802
Processa spp.,74,Non-commercial decapods,9.895638504714252e-5,invertebrate,NA,NA,NA,NA,NA,NA,NA,NA,NA,NA,NA,0.6675520959281634,NA,NA,NA,0.5135534475624058,Tumbiolo & Downing 1994 (Eq.17),NA,NA,NA,1.5406603426872176,1.5406603426872176,Q/P=3 (Christensen et al. 2008),0.5135534475624058,0.194552971059802
Scyllarus arctus,74,Non-commercial decapods,1.16627596421865e-4,invertebrate,NA,NA,NA,NA,NA,NA,NA,NA,NA,NA,NA,0.6675520959281634,NA,NA,NA,0.589805294104464,Tumbiolo & Downing 1994 (Eq.17),NA,NA,NA,1.769415882313392,1.769415882313392,Q/P=3 (Christensen et al. 2008),0.589805294104464,0.194552971059802
Allosergestes sargassi,74,Non-commercial decapods,6.99994894065163e-5,invertebrate,NA,NA,NA,NA,NA,NA,NA,NA,NA,NA,NA,0.9431026358902107,NA,NA,NA,0.46796755019502767,Tumbiolo & Downing 1994 (Eq.17),NA,NA,NA,1.4039026505850831,1.4039026505850831,Q/P=3 (Christensen et al. 2008),0.46796755019502767,0.194552971059802
Eusergestes arcticus,74,Non-commercial decapods,0.00161502653640384,invertebrate,NA,NA,NA,NA,NA,NA,NA,NA,NA,NA,NA,0.9431026358902107,NA,NA,NA,0.36448367799558945,Tumbiolo & Downing 1994 (Eq.17),NA,NA,NA,1.0934510339867685,1.0934510339867685,Q/P=3 (Christensen et al. 2008),0.36448367799558945,0.194552971059802
Sergia robusta,74,Non-commercial decapods,8.879340054286417e-4,invertebrate,NA,NA,NA,NA,NA,NA,NA,NA,NA,NA,NA,0.9431026358902107,NA,NA,NA,0.3682142540968366,Tumbiolo & Downing 1994 (Eq.17),NA,NA,NA,1.10464276229051,1.10464276229051,Q/P=3 (Christensen et al. 2008),0.3682142540968366,0.194552971059802
Sicyonia carinata,74,Non-commercial decapods,3.24838057422645e-4,invertebrate,NA,NA,NA,NA,NA,NA,NA,NA,NA,NA,NA,0.6675520959281634,NA,NA,NA,0.7913153501486075,Tumbiolo & Downing 1994 (Eq.17),NA,NA,NA,2.3739460504458227,2.3739460504458227,Q/P=3 (Christensen et al. 2008),0.7913153501486075,0.194552971059802
Solenocera membranacea,74,Non-commercial decapods,0.0036800104708740165,invertebrate,NA,NA,NA,NA,NA,NA,NA,NA,NA,NA,NA,0.6675520959281634,NA,NA,NA,0.46114730797561543,Tumbiolo & Downing 1994 (Eq.17),NA,NA,NA,1.3834419239268463,1.3834419239268463,Q/P=3 (Christensen et al. 2008),0.46114730797561543,0.194552971059802
Richardina fredericii,74,Non-commercial decapods,4.53927227944694e-6,invertebrate,NA,NA,NA,NA,NA,NA,NA,NA,NA,NA,NA,0.6675520959281634,NA,NA,NA,0.5591330518719257,Tumbiolo & Downing 1994 (Eq.17),NA,NA,NA,1.6773991556157772,1.6773991556157772,Q/P=3 (Christensen et al. 2008),0.5591330518719257,0.194552971059802
Monodaeus couchii,74,Non-commercial decapods,9.987292501900233e-4,invertebrate,NA,NA,NA,NA,NA,NA,NA,NA,NA,NA,NA,0.6675520959281634,NA,NA,NA,0.4527182987224962,Tumbiolo & Downing 1994 (Eq.17),NA,NA,NA,1.3581548961674885,1.3581548961674885,Q/P=3 (Christensen et al. 2008),0.4527182987224962,0.194552971059802
Rissoides pallidus,74,Non-commercial decapods,9.516227177690105e-5,invertebrate,NA,NA,NA,NA,NA,NA,NA,NA,NA,NA,NA,0.6675520959281634,NA,NA,NA,0.5104781350223685,Tumbiolo & Downing 1994 (Eq.17),NA,NA,NA,1.5314344050671056,1.5314344050671056,Q/P=3 (Christensen et al. 2008),0.5104781350223685,0.194552971059802
Squilla mantis,73,Other commercial decapods,0.00921135103395025,invertebrate,NA,NA,NA,NA,NA,NA,NA,NA,NA,NA,NA,0.6675520959281634,NA,NA,NA,0.5104781350223685,Tumbiolo & Downing 1994 (Eq.17),NA,NA,NA,1.5314344050671056,1.5314344050671056,Q/P=3 (Christensen et al. 2008),0.5104781350223685,0.194552971059802
Ophiothrix fragilis,78,Other macro-benthos,8.44544663744542e-6,invertebrate,NA,NA,NA,NA,NA,NA,NA,NA,NA,NA,NA,NA,NA,NA,NA,NA,NA,NA,NA,NA,NA,NA,NA,NA,NA
Pleurobrachia pileus,79,Jellyfish,1.99212955566421e-4,invertebrate,NA,NA,NA,NA,NA,NA,NA,NA,NA,NA,NA,NA,NA,NA,NA,NA,NA,NA,NA,NA,NA,NA,NA,NA,NA
