Species,Genus,Family,SuperFamily,Order,Class,Major,J_per_mgWM,Mobility_code,Food_code
Hyas araneus,Hyas,Majidae,Brachyura,Decapoda,Malacostraca,Crustacea,,3.0,3.0
Hyas araneus,Hyas,Majidae,Brachyura,Decapoda,Malacostraca,Crustacea,,3.0,3.0
Hyas araneus,Hyas,Majidae,Brachyura,Decapoda,Malacostraca,Crustacea,,3.0,3.0
Nemaster rubiginosa,Nemaster,Comasteridae,Comatulida,Crinoidea,Crinoidea,Echinodermata,,2.0,1.0
Nemaster discoidea,Nemaster,Comasteridae,Comatulida,Crinoidea,Crinoidea,Echinodermata,,2.0,1.0
Comactinia echinoptera,Comactinia,Comasteridae,Comatulida,Crinoidea,Crinoidea,Echinodermata,,2.0,1.0
Cenocrinus asterius,Cenocrinus,Bathycrinidae,Bourgueticrinida,Crinoidea,Crinoidea,Echinodermata,,0.0,1.0
Democrinus conifer,Democrinus,Bathycrinidae,Bourgueticrinida,Crinoidea,Crinoidea,Echinodermata,,0.0,1.0
Holopus rangii,Holopus,Bathycrinidae,Bourgueticrinida,Crinoidea,Crinoidea,Echinodermata,,0.0,1.0
Chionoecetes bairdi,Chionoecetes,Majidae,Brachyura,Decapoda,Malacostraca,Crustacea,2.21952,1.0,3.0
Chionoecetes bairdi,Chionoecetes,Majidae,Brachyura,Decapoda,Malacostraca,Crustacea,2.3235,1.0,3.0
Artemisina apolloni,Artemisina,Anchinoidae,Poecilosclerida,Demospongiae,Demospongiae,Porifera,,0.0,1.0
Artemisina plumosa,Artemisina,Anchinoidae,Poecilosclerida,Demospongiae,Demospongiae,Porifera,,0.0,1.0
Cinachyra antarctica,Cinachyra,Tetillidae,Choristida,Demospongiae,Demospongiae,Porifera,,0.0,1.0
Cinachyra barbata,Cinachyra,Tetillidae,Choristida,Demospongiae,Demospongiae,Porifera,,0.0,1.0
Desmacidon ramosa,Desmacidon,Desmacidionidae,Haplosclerida,Demospongiae,Demospongiae,Porifera,,0.0,1.0
Ectyodoryx ramilobosa,Ectyodoryx,Poecilosclerida,Poecilosclerida,Demospongiae,Demospongiae,Porifera,,0.0,1.0
Gellius rudis,Gellius,Haliclonidae,Haplosclerida,Demospongiae,Demospongiae,Porifera,,0.0,1.0
Haliclona cf. gaussiana,Haliclona,Haliclonidae,Haplosclerida,Demospongiae,Demospongiae,Porifera,,0.0,1.0
Hemigellius flagellifer,Hemigellius,Haliclonidae,Haplosclerida,Demospongiae,Demospongiae,Porifera,,0.0,1.0
Iophon spatulatus,Iophon,Myxillidae,Poecilosclerida,Demospongiae,Demospongiae,Porifera,,0.0,1.0
Isodictya cavicornuta,Isodictya,Demascidonidae,Haplosclerida,Demospongiae,Demospongiae,Porifera,,0.0,1.0
Isodictya erinacea,Isodictya,Demascidonidae,Haplosclerida,Demospongiae,Demospongiae,Porifera,,0.0,1.0
Isodictya toxophila,Isodictya,Demascidonidae,Haplosclerida,Demospongiae,Demospongiae,Porifera,,0.0,1.0
Latrunculia apicalis,Latrunculia,Latrunculiidae,Hadromerida,Demospongiae,Demospongiae,Porifera,,0.0,1.0
Monosyringa sp.,Monosyringa,Choristida,Choristida,Demospongiae,Demospongiae,Porifera,,0.0,1.0
Mycale acerata,Mycale,Mycalidae,Poecilosclerida,Demospongiae,Demospongiae,Porifera,,0.0,1.0
Myxodoryx hanitschi,Myxodoryx,Poecilosclerida,Poecilosclerida,Demospongiae,Demospongiae,Porifera,,0.0,1.0
Phorbas glaberrima,Phorbas,Phorbasidae,Poecilosclerida,Demospongiae,Demospongiae,Porifera,,0.0,1.0
Polymastia invaginata,Polymastia,Polymastiidae,Hadromerida,Demospongiae,Demospongiae,Porifera,,0.0,1.0
Polymastia isidis,Polymastia,Polymastiidae,Hadromerida,Demospongiae,Demospongiae,Porifera,,0.0,1.0
Pseudosuberites nudus,Pseudosuberites,Suberitidae,Hadromerida,Demospongiae,Demospongiae,Porifera,,0.0,1.0
Rhabdocalyptus spinosus,Rhabdocalyptus,Rossellidae,Hexasterophora,Hexasterophora,Hyalospongia,Porifera,,0.0,1.0
Rossella fibulata,Rossella,Rossellidae,Hexasterophora,Hexasterophora,Hyalospongia,Porifera,,0.0,1.0
Rossella nuda,Rossella,Rossellidae,Hexasterophora,Hexasterophora,Hyalospongia,Porifera,,0.0,1.0
Rossella racovitzae,Rossella,Rossellidae,Hexasterophora,Hexasterophora,Hyalospongia,Porifera,,0.0,1.0
Rossella vanhoeffni,Rossella,Rossellidae,Hexasterophora,Hexasterophora,Hyalospongia,Porifera,,0.0,1.0
Rossella villosa,Rossella,Rossellidae,Hexasterophora,Hexasterophora,Hyalospongia,Porifera,,0.0,1.0
Scolymastra joubini,Scolymastra,Hexasterophora,Hexasterophora,Hexasterophora,Hyalospongia,Porifera,,0.0,1.0
Suberites sp.,Suberites,Suberitidae,Hadromerida,Demospongiae,Demospongiae,Porifera,,0.0,1.0
Tedania oxeata,Tedania,Myxillidae,Poecilosclerida,Demospongiae,Demospongiae,Porifera,,0.0,1.0
Tedania tantula,Tedania,Myxillidae,Poecilosclerida,Demospongiae,Demospongiae,Porifera,,0.0,1.0
Tedania triraphis,Tedania,Myxillidae,Poecilosclerida,Demospongiae,Demospongiae,Porifera,,0.0,1.0
Tedania vanhoeffeni,Tedania,Myxillidae,Poecilosclerida,Demospongiae,Demospongiae,Porifera,,0.0,1.0
Tentorium papillatum,Tentorium,Suberitidae,Hadromerida,Demospongiae,Demospongiae,Porifera,,0.0,1.0
Tetilla leptoderma,Tetilla,Tetillidae,Choristida,Demospongiae,Demospongiae,Porifera,,0.0,1.0
Tetilla sp.,Tetilla,Tetillidae,Choristida,Demospongiae,Demospongiae,Porifera,,0.0,1.0
Xestospongia cf. coralloides,Xestospongia,Haliclonidae,Haplosclerida,Demospongiae,Demospongiae,Porifera,,0.0,1.0
Calyx arcuarius,Calyx,Poecilosclerida,Poecilosclerida,Demospongiae,Demospongiae,Porifera,1.17624,0.0,1.0
Cinachyra antarctica,Cinachyra,Tetillidae,Choristida,Demospongiae,Demospongiae,Porifera,1.711464,0.0,1.0
Dendrilla membranosa,Dendrilla,Dysideidae,Dendroceratida,Demospongiae,Demospongiae,Porifera,2.018744,0.0,1.0
Gellius tenella,Gellius,Haliclonidae,Haplosclerida,Demospongiae,Demospongiae,Porifera,,0.0,1.0
Haliclona dancoi,Haliclona,Haliclonidae,Haplosclerida,Demospongiae,Demospongiae,Porifera,0.6622439999999999,0.0,1.0
Homaxonella sp.,Homaxonella,Demospongiae,Demospongiae,Demospongiae,Demospongiae,Porifera,1.067814,0.0,1.0
Inflatella belli,Inflatella,Coelosphaeridae,Poecilosclerida,Demospongiae,Demospongiae,Porifera,,0.0,1.0
Isodictya erinacea,Isodictya,Demascidonidae,Haplosclerida,Demospongiae,Demospongiae,Porifera,0.8344799999999999,0.0,1.0
Isodictya setifera,Isodictya,Demascidonidae,Haplosclerida,Demospongiae,Demospongiae,Porifera,,0.0,1.0
Kirkpatrickia variolosa,Kirkpatrickia,Myxillidae,Poecilosclerida,Demospongiae,Demospongiae,Porifera,1.014401,0.0,1.0
Latrunculia apicalis,Latrunculia,Latrunculiidae,Hadromerida,Demospongiae,Demospongiae,Porifera,,0.0,1.0
Leucetta leptorhapsis,Leucetta,Leucascidae,Leucettida,Calcarea,Calcarea,Porifera,0.7025560000000001,0.0,1.0
Mycale acerata,Mycale,Mycalidae,Poecilosclerida,Demospongiae,Demospongiae,Porifera,,0.0,1.0
Pachychalina peduncuiata,Pachychalina,Haplosclerida,Haplosclerida,Demospongiae,Demospongiae,Porifera,0.851816,0.0,1.0
Polymastia invaginata,Polymastia,Polymastiidae,Hadromerida,Demospongiae,Demospongiae,Porifera,1.08454,0.0,1.0
Rossella racovitzae,Rossella,Rossellidae,Hexasterophora,Hexasterophora,Hyalospongia,Porifera,0.36376,0.0,1.0
Scolymastra joubini,Scolymastra,Hexasterophora,Hexasterophora,Hexasterophora,Hyalospongia,Porifera,0.6512,0.0,1.0
Sphaerotylus anarcticus,Sphaerotylus,Polymastiidae,Hadromerida,Demospongiae,Demospongiae,Porifera,0.892476,0.0,1.0
Tetilla leptoderma,Tetilla,Tetillidae,Choristida,Demospongiae,Demospongiae,Porifera,1.113399,0.0,1.0
Isodictya kerguelensis,Isodictya,Demascidonidae,Haplosclerida,Demospongiae,Demospongiae,Porifera,,0.0,1.0
Mycale acerata,Mycale,Mycalidae,Poecilosclerida,Demospongiae,Demospongiae,Porifera,,0.0,1.0
Tomopteris pacifica,Tomopteris,Tomopteridae,Phyllodocida,Aciculata,Polychaeta,Annelida,0.9018753333333336,3.0,2.0
Tomopteris nisseni,Tomopteris,Tomopteridae,Phyllodocida,Aciculata,Polychaeta,Annelida,,3.0,2.0
Tomopteris sp.,Tomopteris,Tomopteridae,Phyllodocida,Aciculata,Polychaeta,Annelida,1.1067736666666668,3.0,2.0
Traviopsis lobifera,Traviopsis,Typhloscolecidae,Phyllodocida,Aciculata,Polychaeta,Annelida,1.3927098333333332,3.0,2.0
Pelagobia sp.,Pelagobia,Lopadorhynchidae,Phyllodocida,Aciculata,Polychaeta,Annelida,,3.0,2.0
Poeobius meseres,Poeobius,Poeobiidae,Terebellida,Canalipalpata,Polychaeta,Annelida,0.6370746666666668,3.0,2.0
Nectonemertes mirabilis,Nectonemertes,Nectonemertidae,Hoplonemertea,Enopla,Enopla,Nemertea,2.6582200200000003,3.0,3.0
Beroe ovata,Beroe,Beroidae,Beroida,Nuda,Ctenophora,Ctenophora,0.067,3.0,3.0
Mytilus galloprovincialis,Mytilus,Mytilidae,Mytiloida,Pteriomorphia,Bivalvia,Mollusca,,0.0,1.0
Bugula neritina,Bugula,Bugulidae,Cheilostomata,Cheilostomata,Gymnolaemata,Bryozoa,,0.0,2.0
Bugula simplex,Bugula,Bugulidae,Cheilostomata,Cheilostomata,Gymnolaemata,Bryozoa,,0.0,2.0
Bugula stolonifera,Bugula,Bugulidae,Cheilostomata,Cheilostomata,Gymnolaemata,Bryozoa,,0.0,2.0
Bugula turrita,Bugula,Bugulidae,Cheilostomata,Cheilostomata,Gymnolaemata,Bryozoa,,0.0,2.0
Beroe ovata,Beroe,Beroidae,Beroida,Nuda,Ctenophora,Ctenophora,,3.0,3.0
Mnemiopsis leidyi,Mnemiopsis,Mnemiidae,Lobata,Tentaculata,Ctenophora,Ctenophora,,3.0,2.0
Ciona intestinalis,Ciona,Cionidae,Phlebobranchia,Phlebobranchia,Ascidiacea,Tunicata,,0.0,1.0
Mytilus edulis,Mytilus,Mytilidae,Mytiloida,Pteriomorphia,Bivalvia,Mollusca,,0.0,1.0
Panulirus homarus,Panulirus,Palinuridae,Palinura,Decapoda,Malacostraca,Crustacea,,1.0,3.0
Musculium partumeium,Musculium,Sphaeriidae,Veneroida,Heterodonta,Bivalvia,Mollusca,,0.0,1.0
Marenzelleria viridis,Marenzelleria,Spionidae,Canalipalpata,Canalipalpata,Polychaeta,Annelida,,1.0,1.0
Pontoporeia femorata,Pontoporeia,Pontoporeiidae,Gammaridea,Amphipoda,Malacostraca,Crustacea,,2.0,2.0
Monoporeia affinis,Monoporeia,Pontoporeiidae,Gammaridea,Amphipoda,Malacostraca,Crustacea,,2.0,2.0
Ciona intestinalis,Ciona,Cionidae,Phlebobranchia,Phlebobranchia,Ascidiacea,Tunicata,,0.0,3.0
Mya arenaria,Mya,Myidae,Myoida,Heterodonta,Bivalvia,Mollusca,,0.0,1.0
Anthopleura elegantissima,Anthopleura,Actiniidae,Actiniaria,Hexacorallia,Anthozoa,Cnidaria,,0.0,3.0
Patinopecten yessoensis,Patinopecten,Pectinidae,Ostreoida,Pteriomorphia,Bivalvia,Mollusca,,2.0,1.0
Nerita tessellata,Nerita,Neritidae,Neritopsina,Prosobranchia,Gastropoda,Mollusca,,1.0,1.0
Nerita versicolor,Nerita,Neritidae,Neritopsina,Prosobranchia,Gastropoda,Mollusca,,1.0,1.0
Nerita peloronta,Nerita,Neritidae,Neritopsina,Prosobranchia,Gastropoda,Mollusca,,1.0,1.0
Paramoera walkeri,Paramoera,Eusiridae,Gammaridea,Amphipoda,Malacostraca,Crustacea,,2.0,2.0
Holothuria forscali,Holothuria,Holothuriidae,Aspidochirotida,Aspidochirotacea,Holothuroidea,Echinodermata,,1.0,2.0
Florometra serratissima,Florometra,Antedonidae,Comatulida,Crinoidea,Crinoidea,Echinodermata,,2.0,2.0
Gorgonocephalus caryi,Gorgonocephalus,Gorgonocephalidae,Phrynophiurida,Ophiuroidea,Ophiuroidea,Echinodermata,,1.0,2.0
Ophiopholis aculeata,Ophiopholis,Ophiactidae,Ophiurida,Ophiuroidea,Ophiuroidea,Echinodermata,,1.0,2.0
Abatus cordatus,Abatus,Spatangidae,Spatangoida,Euechinoidea,Echinoidea,Echinodermata,,1.0,2.0
Corophium curvispinum,Corophium,Corophiidae,Gammaridea,Amphipoda,Malacostraca,Crustacea,,2.0,2.0
Corophium curvispinum,Corophium,Corophiidae,Gammaridea,Amphipoda,Malacostraca,Crustacea,,2.0,2.0
Corophium curvispinum,Corophium,Corophiidae,Gammaridea,Amphipoda,Malacostraca,Crustacea,,2.0,2.0
Corophium curvispinum,Corophium,Corophiidae,Gammaridea,Amphipoda,Malacostraca,Crustacea,,2.0,2.0
Gammarus fossarum,Gammarus,Gammaridae,Gammaridea,Amphipoda,Malacostraca,Crustacea,,2.0,1.0
Gammarus fossarum,Gammarus,Gammaridae,Gammaridea,Amphipoda,Malacostraca,Crustacea,,2.0,1.0
Mytilus chilensis,Mytilus,Mytilidae,Mytiloida,Pteriomorphia,Bivalvia,Mollusca,,0.0,1.0
Macrobrachium rosenbergii,Macrobrachium,Palaemonidae,Caridea,Decapoda,Malacostraca,Crustacea,,2.0,2.0
Nereis sp.,Nereis,Nereididae,Phyllodocida,Aciculata,Polychaeta,Annelida,,1.0,2.0
Clava multicornis,Clava,Clavidae,Anthomedusae,Hydroida,Hydrozoa,Cnidaria,,0.0,3.0
Calliopius laeviusculus,Calliopius,Calliopidae,Gammaridea,Amphipoda,Malacostraca,Crustacea,4.126584,2.0,1.0
Ophionereis fasciata,Ophionereis,Amphiuridae,Ophiurida,Ophiuroidea,Ophiuroidea,Echinodermata,,1.0,2.0
Ophiactis resiliens,Ophiactis,Ophiactidae,Ophiurida,Ophiuroidea,Ophiuroidea,Echinodermata,,1.0,2.0
Ophiopteris antipodum,Ophiopteris,Ophiocomidae,Ophiurida,Ophiuroidea,Ophiuroidea,Echinodermata,,1.0,2.0
Anax junius,Anax,Aeshnidae,Anisoptera,Odonata,Pterygota,Insecta,,1.0,3.0
Gammarus fossarum,Gammarus,Gammaridae,Gammaridea,Amphipoda,Malacostraca,Crustacea,,2.0,1.0
Orchomene plebs,Orchomene,Lysianassidae,Gammaridea,Amphipoda,Malacostraca,Crustacea,,2.0,2.0
Orchomene plebs,Orchomene,Lysianassidae,Gammaridea,Amphipoda,Malacostraca,Crustacea,,2.0,2.0
Orchomene plebs,Orchomene,Lysianassidae,Gammaridea,Amphipoda,Malacostraca,Crustacea,,2.0,2.0
Verongia fistularis,Verongia,Verongiidae,Dendroceratida,Demospongiae,Demospongiae,Porifera,2.2841,0.0,1.0
Maretia planulata,Maretia,Spatangidae,Spatangoida,Euechinoidea,Echinoidea,Echinodermata,0.185306154,1.0,2.0
Toxopneustes chlorocanthus,Toxopneustes,Toxopneustidae,Temnopleuroida,Euechinoidea,Echinoidea,Echinodermata,0.285285,1.0,2.0
Echinaster luzonicus,Echinaster,Echinasteridae,Spinulosida,Asteroidea,Asteroidea,Echinodermata,1.25239257,1.0,3.0
Stichopus chloronotus,Stichopus,Stichopodidae,Aspidochirotida,Aspidochirotacea,Holothuroidea,Echinodermata,0.5561594500000001,1.0,2.0
Ophiocoma scolopendrina,Ophiocoma,Ophiocomidae,Ophiurida,Ophiuroidea,Ophiuroidea,Echinodermata,0.7762859999999999,1.0,2.0
Himerometra magnipinna,Himerometra,Himerometridae,Comatulida,Crinoidea,Crinoidea,Echinodermata,1.7047595,2.0,1.0
Paralicella caperesca,Paralicella,Lysianassidae,Gammaridea,Amphipoda,Malacostraca,Crustacea,,2.0,3.0
Orchomene sp.,Orchomene,Lysianassidae,Gammaridea,Amphipoda,Malacostraca,Crustacea,,2.0,3.0
Orchomene sp.,Orchomene,Lysianassidae,Gammaridea,Amphipoda,Malacostraca,Crustacea,,2.0,3.0
Ophiopthalmus normani,Ophiopthalmus,Ophiacanthidae,Ophiurida,Ophiuroidea,Ophiuroidea,Echinodermata,1.0231755958999995,1.0,2.0
Scotoplanes globosa,Scotoplanes,Elpidiidae,Elasipodida,Aspidochirotacea,Holothuroidea,Echinodermata,,1.0,2.0
Bathymodiolus thermopilus,Bathymodiolus,Mytilidae,Mytiloida,Pteriomorphia,Bivalvia,Mollusca,,0.0,1.0
Stenonema pulchellum,Stenonema,Heptageniidae,Setisura,Ephemeroptera,Pterygota,Insecta,4.5744875,1.0,1.0
Pinctada margaritifera,Pinctada,Pteriidae,Pterioida,Pteriomorphia,Bivalvia,Mollusca,,0.0,1.0
Pinctada maxima,Pinctada,Pteriidae,Pterioida,Pteriomorphia,Bivalvia,Mollusca,,0.0,1.0
Balanus glandula,Balanus,Balanidae,Balanomorpha,Thoracica,Cirripedia,Crustacea,,0.0,1.0
Sterechinus neumayeri,Sterechinus,Echinidae,Echinoida,Euechinoidea,Echinoidea,Echinodermata,,3.0,1.0
Euphausia superba,Euphausia,Euphausiidae,Euphausiacea,Euphausiacea,Malacostraca,Crustacea,,3.0,1.0
Euphausia superba,Euphausia,Euphausiidae,Euphausiacea,Euphausiacea,Malacostraca,Crustacea,,3.0,2.0
Euphausia superba,Euphausia,Euphausiidae,Euphausiacea,Euphausiacea,Malacostraca,Crustacea,,3.0,2.0
Adamussium colbecki,Adamussium,Pectinidae,Ostreoida,Pteriomorphia,Bivalvia,Mollusca,,2.0,1.0
Zygochlamys patagonica,Zygochlamys,Pectinidae,Ostreoida,Pteriomorphia,Bivalvia,Mollusca,,2.0,1.0
Aristeus antennatus,Aristeus,Aristeidae,Penaeoidea,Decapoda,Malacostraca,Crustacea,5.396,2.0,3.0
Parapenaeus longirostris,Parapenaeus,Penaeidae,Penaeoidea,Decapoda,Malacostraca,Crustacea,4.347,2.0,3.0
Solenocera membranacea,Solenocera,Solenoceridae,Penaeoidea,Decapoda,Malacostraca,Crustacea,3.383,2.0,3.0
Acanthephyra eximia,Acanthephyra,Oplophoridae,Caridea,Decapoda,Malacostraca,Crustacea,3.767,2.0,3.0
Ligur ensiferus,Ligur,Hippolytidae,Caridea,Decapoda,Malacostraca,Crustacea,3.814,2.0,3.0
Processa canaliculata,Processa,Processidae,Caridea,Decapoda,Malacostraca,Crustacea,4.027,2.0,3.0
Plesionika acanthonotus,Plesionika,Pandalidae,Caridea,Decapoda,Malacostraca,Crustacea,5.071,2.0,3.0
Plesionika edwardsi,Plesionika,Pandalidae,Caridea,Decapoda,Malacostraca,Crustacea,5.156,2.0,3.0
Plesionika gigliolii,Plesionika,Pandalidae,Caridea,Decapoda,Malacostraca,Crustacea,4.178,2.0,3.0
Plesionika heterocarpus,Plesionika,Pandalidae,Caridea,Decapoda,Malacostraca,Crustacea,4.033,2.0,3.0
Plesionika martia,Plesionika,Pandalidae,Caridea,Decapoda,Malacostraca,Crustacea,5.282,2.0,3.0
Pontophilus norvegicus,Pontophilus,Crangonidae,Caridea,Decapoda,Malacostraca,Crustacea,3.164,2.0,3.0
Nephrops norvegicus,Nephrops,Nephropidae,Astacoidea,Decapoda,Malacostraca,Crustacea,3.343,1.0,3.0
Polycheles typhlops,Polycheles,Polychelidae,Palinura,Decapoda,Malacostraca,Crustacea,2.887,1.0,3.0
Munida intermedia,Munida,Galatheidae,Anomura,Decapoda,Malacostraca,Crustacea,3.17,1.0,2.0
Munida tenuimana,Munida,Galatheidae,Anomura,Decapoda,Malacostraca,Crustacea,2.996,1.0,2.0
Homola barbata,Homola,Homolidae,Brachyura,Decapoda,Malacostraca,Crustacea,2.65,1.0,3.0
Geryon longipes,Geryon,Geryonidae,Brachyura,Decapoda,Malacostraca,Crustacea,3.144,1.0,3.0
Liocarcinus depurator,Liocarcinus,Portunidae,Brachyura,Decapoda,Malacostraca,Crustacea,3.4,2.0,3.0
Macropipus tuberculatus,Macropipus,Portunidae,Brachyura,Decapoda,Malacostraca,Crustacea,2.673,2.0,3.0
Goneplax rhomboides,Goneplax,Goneplacidae,Brachyura,Decapoda,Malacostraca,Crustacea,2.717,1.0,3.0
Monodaeus couchi,Monodaeus,Xanthidae,Brachyura,Decapoda,Malacostraca,Crustacea,2.226,1.0,3.0
Hyas araneus,Hyas,Majidae,Brachyura,Decapoda,Malacostraca,Crustacea,,3.0,3.0
Hyas araneus,Hyas,Majidae,Brachyura,Decapoda,Malacostraca,Crustacea,,3.0,3.0
Hyas araneus,Hyas,Majidae,Brachyura,Decapoda,Malacostraca,Crustacea,,3.0,3.0
Hyas araneus,Hyas,Majidae,Brachyura,Decapoda,Malacostraca,Crustacea,,3.0,3.0
Hyas araneus,Hyas,Majidae,Brachyura,Decapoda,Malacostraca,Crustacea,,3.0,3.0
Hyas araneus,Hyas,Majidae,Brachyura,Decapoda,Malacostraca,Crustacea,,3.0,3.0
Calanus glacialis,Calanus,Calanidae,Calanoida,Gymnoplea,Copepoda,Crustacea,,3.0,1.0
Enypniastes eximia,Enypniastes,Pelagothuriidae,Aspidochirotida,Aspidochirotacea,Holothuroidea,Echinodermata,,3.0,2.0
Bathocyroe fosteri,Bathocyroe,Bathocyroidae,Lobata,Tentaculata,Ctenophora,Ctenophora,,3.0,3.0
Benthocodon pedunculata,Benthocodon,Trachymedusae,Trachymedusae,Trachylina,Hydrozoa,Cnidaria,,3.0,2.0
Calanus glacialis,Calanus,Calanidae,Calanoida,Gymnoplea,Copepoda,Crustacea,,3.0,1.0
Calanus glacialis,Calanus,Calanidae,Calanoida,Gymnoplea,Copepoda,Crustacea,,3.0,1.0
Calanus glacialis,Calanus,Calanidae,Calanoida,Gymnoplea,Copepoda,Crustacea,,3.0,1.0
Panulirus interuptus,Panulirus,Palinuridae,Palinura,Decapoda,Malacostraca,Crustacea,,3.0,3.0
Cancer productus,Cancer,Cancridae,Brachyura,Decapoda,Malacostraca,Crustacea,,3.0,3.0
Bullia digitalis,Bullia,Nassariidae,Neogastropoda,Prosobranchia,Gastropoda,Mollusca,,1.0,3.0
Salpa fusiformis,Salpa,Salpidae,Salpida,Salpida,Thaliacea,Tunicata,,3.0,1.0
Salpa fusiformis,Salpa,Salpidae,Salpida,Salpida,Thaliacea,Tunicata,,3.0,1.0
Waldeckia obesa,Waldeckia,Lysianassidae,Gammaridea,Amphipoda,Malacostraca,Crustacea,,2.0,3.0
Waldeckia obesa,Waldeckia,Lysianassidae,Gammaridea,Amphipoda,Malacostraca,Crustacea,,2.0,3.0
Waldeckia obesa,Waldeckia,Lysianassidae,Gammaridea,Amphipoda,Malacostraca,Crustacea,,2.0,3.0
Waldeckia obesa,Waldeckia,Lysianassidae,Gammaridea,Amphipoda,Malacostraca,Crustacea,,2.0,3.0
Anonyx nugax,Anonyx,Lysianassidae,Gammaridea,Amphipoda,Malacostraca,Crustacea,,2.0,2.0
Orchomenella obtusa,Orchomenella,Lysianassidae,Gammaridea,Amphipoda,Malacostraca,Crustacea,,2.0,2.0
Tmetonyx cicada,Tmetonyx,Lysianassidae,Gammaridea,Amphipoda,Malacostraca,Crustacea,,2.0,2.0
Parborlasia corrugatus,Parborlasia,Enopla,Enopla,Enopla,Enopla,Nemertea,,1.0,3.0
Nacella concinna,Nacella,Nacellidae,Archaeogastropoda,Prosobranchia,Gastropoda,Mollusca,,1.0,1.0
Sacculina carcini,Sacculina,Sacculinidae,Kentrogonida,Rhizocephala,Cirripedia,Crustacea,,3.0,1.0
Sacculina carcini,Sacculina,Sacculinidae,Kentrogonida,Rhizocephala,Cirripedia,Crustacea,,3.0,1.0
Sacculina carcini,Sacculina,Sacculinidae,Kentrogonida,Rhizocephala,Cirripedia,Crustacea,,3.0,1.0
Sacculina carcini,Sacculina,Sacculinidae,Kentrogonida,Rhizocephala,Cirripedia,Crustacea,,3.0,1.0
Calanus hyperboreus,Calanus,Calanidae,Calanoida,Gymnoplea,Copepoda,Crustacea,,3.0,2.0
Calanus hyperboreus,Calanus,Calanidae,Calanoida,Gymnoplea,Copepoda,Crustacea,,3.0,2.0
Eupolymnia heterobranchia,Eupolymnia,Terebellidae,Terebellida,Canalipalpata,Polychaeta,Annelida,,0.0,2.0
Thelepus crispus,Thelepus,Terebellidae,Terebellida,Canalipalpata,Polychaeta,Annelida,,0.0,2.0
Neoamphitrite robusta,Neoamphitrite,Terebellidae,Terebellida,Canalipalpata,Polychaeta,Annelida,,0.0,2.0
Pelagia noctiluca,Pelagia,Pelagiidae,Semaeostomeae,Semaeostomeae,Scyphozoa,Cnidaria,,3.0,2.0
Phrosina semilunata,Phrosina,Phrosinidae,Hyperiidea,Amphipoda,Malacostraca,Crustacea,,3.0,2.0
Euphausia gibboides,Euphausia,Euphausiidae,Euphausiacea,Euphausiacea,Malacostraca,Crustacea,,3.0,2.0
Systellapsis debilis,Systellapsis,Pasiphaeidae,Caridea,Decapoda,Malacostraca,Crustacea,,3.0,3.0
Dromia sp.,Dromia,Dromiidae,Brachyura,Decapoda,Malacostraca,Crustacea,,1.0,3.0
Cavolinia tridentata,Cavolinia,Cavoliniidae,Thecosomata,Thecosomata,Gastropoda,Mollusca,,3.0,2.0
Carinaria lamarcki,Carinaria,Carinariidae,Neotaenioglossa,Neotaenioglossa,Gastropoda,Mollusca,,3.0,3.0
Pterotrachea scutata,Pterotrachea,Pterotracheidae,Neotaenioglossa,Neotaenioglossa,Gastropoda,Mollusca,,3.0,3.0
Carcinus maenas,Carcinus,Portunidae,Brachyura,Decapoda,Malacostraca,Crustacea,,1.0,1.0
Carcinus maenas,Carcinus,Portunidae,Brachyura,Decapoda,Malacostraca,Crustacea,,1.0,1.0
Carcinus maenas,Carcinus,Portunidae,Brachyura,Decapoda,Malacostraca,Crustacea,,1.0,1.0
Carcinus maenas,Carcinus,Portunidae,Brachyura,Decapoda,Malacostraca,Crustacea,,1.0,1.0
Carcinus maenas,Carcinus,Portunidae,Brachyura,Decapoda,Malacostraca,Crustacea,,1.0,1.0
Carcinus maenas,Carcinus,Portunidae,Brachyura,Decapoda,Malacostraca,Crustacea,,1.0,1.0
Carcinus maenas,Carcinus,Portunidae,Brachyura,Decapoda,Malacostraca,Crustacea,,1.0,1.0
Carcinus maenas,Carcinus,Portunidae,Brachyura,Decapoda,Malacostraca,Crustacea,,1.0,1.0
Pagurus bernhardus,Pagurus,Paguridae,Anomura,Decapoda,Malacostraca,Crustacea,,3.0,1.0
Pagurus bernhardus,Pagurus,Paguridae,Anomura,Decapoda,Malacostraca,Crustacea,,3.0,1.0
Pagurus bernhardus,Pagurus,Paguridae,Anomura,Decapoda,Malacostraca,Crustacea,,3.0,1.0
Pagurus bernhardus,Pagurus,Paguridae,Anomura,Decapoda,Malacostraca,Crustacea,,3.0,1.0
Pagurus bernhardus,Pagurus,Paguridae,Anomura,Decapoda,Malacostraca,Crustacea,,3.0,1.0
Pagurus bernhardus,Pagurus,Paguridae,Anomura,Decapoda,Malacostraca,Crustacea,,3.0,1.0
Pagurus bernhardus,Pagurus,Paguridae,Anomura,Decapoda,Malacostraca,Crustacea,,3.0,1.0
Pagurus bernhardus,Pagurus,Paguridae,Anomura,Decapoda,Malacostraca,Crustacea,,3.0,1.0
Pagurus bernhardus,Pagurus,Paguridae,Anomura,Decapoda,Malacostraca,Crustacea,,1.0,3.0
Thysanopoda monocantha,Thysanopoda,Euphausiidae,Euphausiacea,Euphausiacea,Malacostraca,Crustacea,,3.0,2.0
Sergestes armatus,Sergestes,Sergestidae,Sergestoidea,Decapoda,Malacostraca,Crustacea,,3.0,3.0
Sergestes corniculum,Sergestes,Sergestidae,Sergestoidea,Decapoda,Malacostraca,Crustacea,,3.0,3.0
Sergestes grandis,Sergestes,Sergestidae,Sergestoidea,Decapoda,Malacostraca,Crustacea,,3.0,3.0
Sergia robusta,Sergia,Sergestidae,Sergestoidea,Decapoda,Malacostraca,Crustacea,,3.0,3.0
Sergia splendens,Sergia,Sergestidae,Sergestoidea,Decapoda,Malacostraca,Crustacea,,3.0,3.0
Sergia talismani,Sergia,Sergestidae,Sergestoidea,Decapoda,Malacostraca,Crustacea,,3.0,3.0
Funchalia villosa,Funchalia,Penaeidae,Penaeoidea,Decapoda,Malacostraca,Crustacea,,3.0,3.0
Gennadas capensis,Gennadas,Benthesicymidae,Penaeoidea,Decapoda,Malacostraca,Crustacea,,3.0,3.0
Gennadas scutatus,Gennadas,Benthesicymidae,Penaeoidea,Decapoda,Malacostraca,Crustacea,,3.0,3.0
Gennadas valens,Gennadas,Benthesicymidae,Penaeoidea,Decapoda,Malacostraca,Crustacea,,3.0,3.0
Acanthephyra purpurea,Acanthephyra,Oplophoridae,Caridea,Decapoda,Malacostraca,Crustacea,,3.0,3.0
Oplophorus gracilirostris,Oplophorus,Oplophoridae,Caridea,Decapoda,Malacostraca,Crustacea,,3.0,3.0
Systellapsis debilis,Systellapsis,Pasiphaeidae,Caridea,Decapoda,Malacostraca,Crustacea,,3.0,3.0
Parapandalus richardi,Parapandalus,Pandalidae,Caridea,Decapoda,Malacostraca,Crustacea,,3.0,3.0
Calanoides acutus,Calanoides,Calanidae,Calanoida,Gymnoplea,Copepoda,Crustacea,,3.0,1.0
Calanoides acutus,Calanoides,Calanidae,Calanoida,Gymnoplea,Copepoda,Crustacea,,3.0,1.0
Oikopleura dioica,Oikopleura,Oikopleuridae,Copelata,Copelata,Appendicularia,Tunicata,,3.0,1.0
Placopecten magellanicus,Placopecten,Pectinidae,Ostreoida,Pteriomorphia,Bivalvia,Mollusca,,2.0,1.0
Elminius modestus,Elminius,Balanidae,Balanomorpha,Thoracica,Cirripedia,Crustacea,,3.0,1.0
Elminius modestus,Elminius,Balanidae,Balanomorpha,Thoracica,Cirripedia,Crustacea,,3.0,1.0
Elminius modestus,Elminius,Balanidae,Balanomorpha,Thoracica,Cirripedia,Crustacea,,3.0,1.0
Elminius modestus,Elminius,Balanidae,Balanomorpha,Thoracica,Cirripedia,Crustacea,,3.0,1.0
Elminius modestus,Elminius,Balanidae,Balanomorpha,Thoracica,Cirripedia,Crustacea,,3.0,1.0
Elminius modestus,Elminius,Balanidae,Balanomorpha,Thoracica,Cirripedia,Crustacea,,3.0,1.0
Pleurobrachia bachei,Pleurobrachia,Pleurobrachiidae,Cydippida,Tentaculata,Ctenophora,Ctenophora,,3.0,2.0
Pleurobrachia bachei,Pleurobrachia,Pleurobrachiidae,Cydippida,Tentaculata,Ctenophora,Ctenophora,,3.0,2.0
Pleurobrachia bachei,Pleurobrachia,Pleurobrachiidae,Cydippida,Tentaculata,Ctenophora,Ctenophora,,3.0,2.0
Pleurobrachia bachei,Pleurobrachia,Pleurobrachiidae,Cydippida,Tentaculata,Ctenophora,Ctenophora,,3.0,2.0
Euphausia superba,Euphausia,Euphausiidae,Euphausiacea,Euphausiacea,Malacostraca,Crustacea,,3.0,2.0
Euphausia superba,Euphausia,Euphausiidae,Euphausiacea,Euphausiacea,Malacostraca,Crustacea,,3.0,2.0
Euphausia superba,Euphausia,Euphausiidae,Euphausiacea,Euphausiacea,Malacostraca,Crustacea,,3.0,2.0
Conchoecia pseudodiscophora,Conchoecia,Conchoecinae,Myodocopa,Ostracoda,Ostracoda,Crustacea,,3.0,2.0
Conchoecia pseudodiscophora,Conchoecia,Conchoecinae,Myodocopa,Ostracoda,Ostracoda,Crustacea,,3.0,2.0
Conchoecia pseudodiscophora,Conchoecia,Conchoecinae,Myodocopa,Ostracoda,Ostracoda,Crustacea,,3.0,2.0
Conchoecia pseudodiscophora,Conchoecia,Conchoecinae,Myodocopa,Ostracoda,Ostracoda,Crustacea,,3.0,2.0
Conchoecia pseudodiscophora,Conchoecia,Conchoecinae,Myodocopa,Ostracoda,Ostracoda,Crustacea,,3.0,2.0
Conchoecia pseudodiscophora,Conchoecia,Conchoecinae,Myodocopa,Ostracoda,Ostracoda,Crustacea,,3.0,2.0
Conchoecia pseudodiscophora,Conchoecia,Conchoecinae,Myodocopa,Ostracoda,Ostracoda,Crustacea,,3.0,2.0
Gigantocypris mulleri,Gigantocypris,Cyprididae,Podocopa,Ostracoda,Ostracoda,Crustacea,,3.0,2.0
Gigantocypris mulleri,Gigantocypris,Cyprididae,Podocopa,Ostracoda,Ostracoda,Crustacea,,3.0,2.0
Gigantocypris mulleri,Gigantocypris,Cyprididae,Podocopa,Ostracoda,Ostracoda,Crustacea,,3.0,2.0
Gigantocypris mulleri,Gigantocypris,Cyprididae,Podocopa,Ostracoda,Ostracoda,Crustacea,,3.0,2.0
Cyphocaris sp.,Cyphocaris,Lysianassidae,Gammaridea,Amphipoda,Malacostraca,Crustacea,,2.0,3.0
Gnathophausia gigas,Gnathophausia,Lophogastridae,Lophogastrida,Lophogastrida,Malacostraca,Crustacea,,3.0,3.0
Pasiphaea scotiae,Pasiphaea,Pasiphaeidae,Caridea,Decapoda,Malacostraca,Crustacea,,3.0,3.0
Pasiphaea scotiae,Pasiphaea,Pasiphaeidae,Caridea,Decapoda,Malacostraca,Crustacea,,3.0,3.0
Gennadas kempi,Gennadas,Benthesicymidae,Penaeoidea,Decapoda,Malacostraca,Crustacea,,3.0,3.0
Gennadas kempi,Gennadas,Benthesicymidae,Penaeoidea,Decapoda,Malacostraca,Crustacea,,3.0,3.0
Petalidium foliaceum,Petalidium,Sergestidae,Sergestoidea,Decapoda,Malacostraca,Crustacea,,3.0,3.0
Euphausia triacantha,Euphausia,Euphausiidae,Euphausiacea,Euphausiacea,Malacostraca,Crustacea,,3.0,2.0
Beroe sp.,Beroe,Beroidae,Beroida,Nuda,Ctenophora,Ctenophora,,3.0,2.0
Limacina antarctica,Limacina,Limacinidae,Thecosomata,Thecosomata,Gastropoda,Mollusca,,3.0,1.0
Clione antarctica,Clione,Clionidae,Gymnosomata,Opisthobranchia,Gastropoda,Mollusca,,3.0,3.0
Cleodora sulcata,Cleodora,Cavoliniidae,Thecosomata,Thecosomata,Gastropoda,Mollusca,,3.0,1.0
Tomopteris carpenteri,Tomopteris,Tomopteridae,Phyllodocida,Aciculata,Polychaeta,Annelida,,3.0,2.0
Tomopteris carpenteri,Tomopteris,Tomopteridae,Phyllodocida,Aciculata,Polychaeta,Annelida,,3.0,2.0
Calanus propinquus,Calanus,Calanidae,Calanoida,Gymnoplea,Copepoda,Crustacea,,3.0,1.0
Calanus propinquus,Calanus,Calanidae,Calanoida,Gymnoplea,Copepoda,Crustacea,,3.0,1.0
Metridia gerlachei,Metridia,Metridinidae,Calanoida,Gymnoplea,Copepoda,Crustacea,,3.0,2.0
Metridia gerlachei,Metridia,Metridinidae,Calanoida,Gymnoplea,Copepoda,Crustacea,,3.0,2.0
Parathemisto gaudichaudii,Parathemisto,Hyperiidae,Hyperiidea,Amphipoda,Malacostraca,Crustacea,,3.0,3.0
Parathemisto gaudichaudii,Parathemisto,Hyperiidae,Hyperiidea,Amphipoda,Malacostraca,Crustacea,,3.0,3.0
Vibilia antarctica,Vibilia,Vibiliidae,Hyperiidea,Amphipoda,Malacostraca,Crustacea,,3.0,3.0
Hyperia gaudichaudii,Hyperia,Hyperiidae,Hyperiidea,Amphipoda,Malacostraca,Crustacea,,2.0,3.0
Euphausia superba,Euphausia,Euphausiidae,Euphausiacea,Euphausiacea,Malacostraca,Crustacea,,3.0,2.0
Euphausia superba,Euphausia,Euphausiidae,Euphausiacea,Euphausiacea,Malacostraca,Crustacea,,3.0,2.0
Euphausia superba,Euphausia,Euphausiidae,Euphausiacea,Euphausiacea,Malacostraca,Crustacea,,3.0,2.0
Euphausia superba,Euphausia,Euphausiidae,Euphausiacea,Euphausiacea,Malacostraca,Crustacea,,3.0,2.0
Euphausia superba,Euphausia,Euphausiidae,Euphausiacea,Euphausiacea,Malacostraca,Crustacea,,3.0,2.0
Euphausia triacantha,Euphausia,Euphausiidae,Euphausiacea,Euphausiacea,Malacostraca,Crustacea,,3.0,2.0
Ihlea racovitzai,Ihlea,Salpidae,Salpida,Salpida,Thaliacea,Tunicata,,3.0,1.0
Salpa thompsoni,Salpa,Salpidae,Salpida,Salpida,Thaliacea,Tunicata,,3.0,1.0
Beroe sp.,Beroe,Beroidae,Beroida,Nuda,Ctenophora,Ctenophora,,3.0,3.0
Beroe sp.,Beroe,Beroidae,Beroida,Nuda,Ctenophora,Ctenophora,,3.0,3.0
Mertensiidae sp.,Mertensiidae,Mertensiidae,Cydippida,Tentaculata,Ctenophora,Ctenophora,,3.0,3.0
Diphyes antarctica,Diphyes,Diphyidae,Calycophorae,Siphonophorae,Hydrozoa,Cnidaria,,3.0,3.0
Antarctomysis maxima,Antarctomysis,Mysidae,Mysida,Mysida,Malacostraca,Crustacea,,3.0,3.0
Euphausia superba,Euphausia,Euphausiidae,Euphausiacea,Euphausiacea,Malacostraca,Crustacea,,3.0,2.0
Euphausia superba,Euphausia,Euphausiidae,Euphausiacea,Euphausiacea,Malacostraca,Crustacea,,3.0,2.0
Euphausia superba,Euphausia,Euphausiidae,Euphausiacea,Euphausiacea,Malacostraca,Crustacea,,3.0,2.0
Euphausia superba,Euphausia,Euphausiidae,Euphausiacea,Euphausiacea,Malacostraca,Crustacea,,3.0,2.0
Euphausia crystallorophias,Euphausia,Euphausiidae,Euphausiacea,Euphausiacea,Malacostraca,Crustacea,,3.0,2.0
Euphausia crystallorophias,Euphausia,Euphausiidae,Euphausiacea,Euphausiacea,Malacostraca,Crustacea,,3.0,2.0
Euphausia crystallorophias,Euphausia,Euphausiidae,Euphausiacea,Euphausiacea,Malacostraca,Crustacea,,3.0,2.0
Chorismus antarcticus,Chorismus,Hippolytidae,Caridea,Decapoda,Malacostraca,Crustacea,,3.0,2.0
Salpa thompsoni,Salpa,Salpidae,Salpida,Salpida,Thaliacea,Tunicata,,3.0,1.0
Salpa thompsoni,Salpa,Salpidae,Salpida,Salpida,Thaliacea,Tunicata,,3.0,1.0
Psychroteuthis sp.,Psychroteuthis,Psychroteuthidae,Teuthida,Decabrachia,Cephalopoda,Mollusca,,3.0,3.0
Beroe sp.,Beroe,Beroidae,Beroida,Nuda,Ctenophora,Ctenophora,,3.0,3.0
Neocalanus cristatus,Neocalanus,Calanidae,Calanoida,Gymnoplea,Copepoda,Crustacea,,3.0,1.0
Neocalanus plumchrus,Neocalanus,Calanidae,Calanoida,Gymnoplea,Copepoda,Crustacea,,3.0,1.0
Pseudocalanus minutus,Pseudocalanus,Pseudocalanidae,Calanoida,Gymnoplea,Copepoda,Crustacea,,3.0,1.0
Gaidius variabilis,Gaidius,Fosshageniidae,Calanoida,Gymnoplea,Copepoda,Crustacea,,3.0,1.0
Gaidius variabilis,Gaidius,Fosshageniidae,Calanoida,Gymnoplea,Copepoda,Crustacea,,3.0,1.0
Paraeuchaeta elongata,Paraeuchaeta,Euchaetidae,Calanoida,Gymnoplea,Copepoda,Crustacea,,3.0,1.0
Paraeuchaeta elongata,Paraeuchaeta,Euchaetidae,Calanoida,Gymnoplea,Copepoda,Crustacea,,3.0,1.0
Metridia pacifica,Metridia,Metridinidae,Calanoida,Gymnoplea,Copepoda,Crustacea,,3.0,2.0
Oithona atlantica,Oithona,Diaixidae,Calanoida,Gymnoplea,Copepoda,Crustacea,,3.0,1.0
Themisto japonica,Themisto,Hyperiidae,Hyperiidea,Amphipoda,Malacostraca,Crustacea,,3.0,3.0
Primno abyssalis,Primno,Phrosinidae,Hyperiidea,Amphipoda,Malacostraca,Crustacea,,3.0,3.0
Primno abyssalis,Primno,Phrosinidae,Hyperiidea,Amphipoda,Malacostraca,Crustacea,,3.0,3.0
Meterythrops micropthalma,Meterythrops,Mysidae,Mysida,Mysida,Malacostraca,Crustacea,,3.0,3.0
Meterythrops micropthalma,Meterythrops,Mysidae,Mysida,Mysida,Malacostraca,Crustacea,,3.0,3.0
Meterythrops micropthalma,Meterythrops,Mysidae,Mysida,Mysida,Malacostraca,Crustacea,,3.0,3.0
Sagitta elegans,Sagitta,Sagittidae,Aphragmophora,Sagittoidea,Chaetognatha,Chaetognatha,,3.0,3.0
Conchoecia pseudodiscophora,Conchoecia,Conchoecinae,Myodocopa,Ostracoda,Ostracoda,Crustacea,,3.0,2.0
Conchoecia pseudodiscophora,Conchoecia,Conchoecinae,Myodocopa,Ostracoda,Ostracoda,Crustacea,,3.0,2.0
Aglantha digitale,Aglantha,Rhopalonematidae,Trachymedusae,Trachylina,Hydrozoa,Cnidaria,,3.0,2.0
Limacina helicina,Limacina,Limacinidae,Thecosomata,Thecosomata,Gastropoda,Mollusca,,3.0,1.0
Clione limacina,Clione,Clionidae,Gymnosomata,Opisthobranchia,Gastropoda,Mollusca,,3.0,3.0
Clione limacina,Clione,Clionidae,Gymnosomata,Opisthobranchia,Gastropoda,Mollusca,,3.0,3.0
Calanus finmarchicus,Calanus,Calanidae,Calanoida,Gymnoplea,Copepoda,Crustacea,,3.0,1.0
Calanus glacialis,Calanus,Calanidae,Calanoida,Gymnoplea,Copepoda,Crustacea,,3.0,1.0
Calanus glacialis,Calanus,Calanidae,Calanoida,Gymnoplea,Copepoda,Crustacea,,3.0,1.0
Calanus hyperboreus,Calanus,Calanidae,Calanoida,Gymnoplea,Copepoda,Crustacea,,3.0,1.0
Calanus hyperboreus,Calanus,Calanidae,Calanoida,Gymnoplea,Copepoda,Crustacea,,3.0,1.0
Calanus hyperboreus,Calanus,Calanidae,Calanoida,Gymnoplea,Copepoda,Crustacea,,3.0,1.0
Metridia longa,Metridia,Metridinidae,Calanoida,Gymnoplea,Copepoda,Crustacea,,3.0,2.0
Themisto libellula,Parathemisto,Hyperiidae,Hyperiidea,Amphipoda,Malacostraca,Crustacea,,3.0,3.0
Thysanoessa inermis,Thysanoessa,Euphausiidae,Euphausiacea,Euphausiacea,Malacostraca,Crustacea,,3.0,2.0
Thysanoessa inermis,Thysanoessa,Euphausiidae,Euphausiacea,Euphausiacea,Malacostraca,Crustacea,,3.0,2.0
Sagitta elegans,Sagitta,Sagittidae,Aphragmophora,Sagittoidea,Chaetognatha,Chaetognatha,,3.0,3.0
Pleurobrachia sp.,Pleurobrachia,Pleurobrachiidae,Cydippida,Tentaculata,Ctenophora,Ctenophora,,3.0,3.0
Limacina antarctica,Limacina,Limacinidae,Thecosomata,Thecosomata,Gastropoda,Mollusca,,3.0,1.0
Clione antarctica,Clione,Clionidae,Gymnosomata,Opisthobranchia,Gastropoda,Mollusca,,3.0,3.0
Tomopteris sp.,Tomopteris,Tomopteridae,Phyllodocida,Aciculata,Polychaeta,Annelida,,3.0,2.0
Calanus propinquus,Calanus,Calanidae,Calanoida,Gymnoplea,Copepoda,Crustacea,,3.0,1.0
Calanus propinquus,Calanus,Calanidae,Calanoida,Gymnoplea,Copepoda,Crustacea,,3.0,1.0
Calanus propinquus,Calanus,Calanidae,Calanoida,Gymnoplea,Copepoda,Crustacea,,3.0,1.0
Calanus propinquus,Calanus,Calanidae,Calanoida,Gymnoplea,Copepoda,Crustacea,,3.0,1.0
Calanus acutus,Calanus,Calanidae,Calanoida,Gymnoplea,Copepoda,Crustacea,,3.0,1.0
Calanus acutus,Calanus,Calanidae,Calanoida,Gymnoplea,Copepoda,Crustacea,,3.0,1.0
Calanus acutus,Calanus,Calanidae,Calanoida,Gymnoplea,Copepoda,Crustacea,,3.0,1.0
Calanus tonsus,Calanus,Calanidae,Calanoida,Gymnoplea,Copepoda,Crustacea,,3.0,1.0
Metridia gerlachei,Metridia,Metridinidae,Calanoida,Gymnoplea,Copepoda,Crustacea,,3.0,2.0
Paralabidocera antarctica,Paralabidocera,Pontellidae,Calanoida,Gymnoplea,Copepoda,Crustacea,,3.0,2.0
Parathemisto gaudichaudii,Parathemisto,Hyperiidae,Hyperiidea,Amphipoda,Malacostraca,Crustacea,,3.0,3.0
Parathemisto gaudichaudii,Parathemisto,Hyperiidae,Hyperiidea,Amphipoda,Malacostraca,Crustacea,,3.0,3.0
Euphausia superba,Euphausia,Euphausiidae,Euphausiacea,Euphausiacea,Malacostraca,Crustacea,,3.0,2.0
Thysanoessa macrura,Thysanoessa,Euphausiidae,Euphausiacea,Euphausiacea,Malacostraca,Crustacea,,3.0,2.0
Thysanoessa macrura,Thysanoessa,Euphausiidae,Euphausiacea,Euphausiacea,Malacostraca,Crustacea,,3.0,2.0
Thysanoessa macrura,Thysanoessa,Euphausiidae,Euphausiacea,Euphausiacea,Malacostraca,Crustacea,,3.0,2.0
Thysanoessa macrura,Thysanoessa,Euphausiidae,Euphausiacea,Euphausiacea,Malacostraca,Crustacea,,3.0,2.0
Oikopleura gaussica,Oikopleura,Oikopleuridae,Copelata,Copelata,Appendicularia,Tunicata,,3.0,1.0
Oikopleura gaussica,Oikopleura,Oikopleuridae,Copelata,Copelata,Appendicularia,Tunicata,,3.0,1.0
Euphausia crystallorophias,Euphausia,Euphausiidae,Euphausiacea,Euphausiacea,Malacostraca,Crustacea,,3.0,2.0
Euphausia crystallorophias,Euphausia,Euphausiidae,Euphausiacea,Euphausiacea,Malacostraca,Crustacea,,3.0,2.0
Sagitta gazellae,Sagitta,Sagittidae,Aphragmophora,Sagittoidea,Chaetognatha,Chaetognatha,,3.0,3.0
Sagitta gazellae,Sagitta,Sagittidae,Aphragmophora,Sagittoidea,Chaetognatha,Chaetognatha,,3.0,3.0
Sagitta gazellae,Sagitta,Sagittidae,Aphragmophora,Sagittoidea,Chaetognatha,Chaetognatha,,3.0,3.0
Sagitta gazellae,Sagitta,Sagittidae,Aphragmophora,Sagittoidea,Chaetognatha,Chaetognatha,,3.0,3.0
Sagitta elegans,Sagitta,Sagittidae,Aphragmophora,Sagittoidea,Chaetognatha,Chaetognatha,,3.0,3.0
Sagitta elegans,Sagitta,Sagittidae,Aphragmophora,Sagittoidea,Chaetognatha,Chaetognatha,,3.0,3.0
Sagitta minima,Sagitta,Sagittidae,Aphragmophora,Sagittoidea,Chaetognatha,Chaetognatha,,3.0,3.0
Sagitta hexaptera,Sagitta,Sagittidae,Aphragmophora,Sagittoidea,Chaetognatha,Chaetognatha,,3.0,3.0
Sagitta enflata,Sagitta,Sagittidae,Aphragmophora,Sagittoidea,Chaetognatha,Chaetognatha,,3.0,3.0
Sagitta elegans,Sagitta,Sagittidae,Aphragmophora,Sagittoidea,Chaetognatha,Chaetognatha,,3.0,3.0
Sagitta nagae,Sagitta,Sagittidae,Aphragmophora,Sagittoidea,Chaetognatha,Chaetognatha,,3.0,3.0
Euphausia superba,Euphausia,Euphausiidae,Euphausiacea,Euphausiacea,Malacostraca,Crustacea,,3.0,2.0
Euphausia superba,Euphausia,Euphausiidae,Euphausiacea,Euphausiacea,Malacostraca,Crustacea,,3.0,2.0
Euphausia superba,Euphausia,Euphausiidae,Euphausiacea,Euphausiacea,Malacostraca,Crustacea,,3.0,2.0
Euphausia superba,Euphausia,Euphausiidae,Euphausiacea,Euphausiacea,Malacostraca,Crustacea,,3.0,2.0
Euphausia superba,Euphausia,Euphausiidae,Euphausiacea,Euphausiacea,Malacostraca,Crustacea,,3.0,2.0
Conchoecia obtusata,Conchoecia,Conchoecinae,Myodocopa,Ostracoda,Ostracoda,Crustacea,,3.0,2.0
Conchoecia sp.,Conchoecia,Conchoecinae,Myodocopa,Ostracoda,Ostracoda,Crustacea,,3.0,2.0
Calanus gracilis,Calanus,Calanidae,Calanoida,Gymnoplea,Copepoda,Crustacea,,3.0,1.0
Calanus minor,Calanus,Calanidae,Calanoida,Gymnoplea,Copepoda,Crustacea,,3.0,1.0
Undinula vulgaris,Undinula,Calanidae,Calanoida,Gymnoplea,Copepoda,Crustacea,,3.0,1.0
Clausocalanus furcatus,Clausocalanus,Clausocalanidae,Calanoida,Gymnoplea,Copepoda,Crustacea,,3.0,1.0
Clausocalanus arcuicornis,Clausocalanus,Clausocalanidae,Calanoida,Gymnoplea,Copepoda,Crustacea,,3.0,1.0
Eucalanus monachus,Eucalanus,Eucalanidae,Calanoida,Gymnoplea,Copepoda,Crustacea,,3.0,1.0
Euchaeta hebes,Euchaeta,Euchaetidae,Calanoida,Gymnoplea,Copepoda,Crustacea,,3.0,3.0
Euchaeta marina,Euchaeta,Euchaetidae,Calanoida,Gymnoplea,Copepoda,Crustacea,,3.0,3.0
Temora stylifera,Temora,Sulcanidae,Calanoida,Gymnoplea,Copepoda,Crustacea,,3.0,2.0
Haloptilus longicornis,Haloptilus,Augaptilidae,Calanoida,Gymnoplea,Copepoda,Crustacea,,3.0,1.0
Haloptilus plumosus,Haloptilus,Augaptilidae,Calanoida,Gymnoplea,Copepoda,Crustacea,,3.0,1.0
Candacia aethiopica,Candacia,Candaciidae,Calanoida,Gymnoplea,Copepoda,Crustacea,,3.0,3.0
Candacia pachydactyla,Candacia,Candaciidae,Calanoida,Gymnoplea,Copepoda,Crustacea,,3.0,3.0
Scolecithrix danae,Scolecithrix,Sapphirinidae,Calanoida,Gymnoplea,Copepoda,Crustacea,,3.0,1.0
Labidocera nerii,Labidocera,Pontellidae,Calanoida,Gymnoplea,Copepoda,Crustacea,,3.0,3.0
Labidocera acutifrons,Labidocera,Pontellidae,Calanoida,Gymnoplea,Copepoda,Crustacea,,3.0,3.0
Pontellopsis regalis,Pontellopsis,Pontellidae,Calanoida,Gymnoplea,Copepoda,Crustacea,,3.0,1.0
Pontella atlantica,Pontella,Pontellidae,Calanoida,Gymnoplea,Copepoda,Crustacea,,3.0,1.0
Pontella spinipans,Pontella,Pontellidae,Calanoida,Gymnoplea,Copepoda,Crustacea,,3.0,1.0
Clytemnestra scutellata,Clytemnestra,Pseudopeltidiidae,Harpacticoida,Podoplea,Copepoda,Crustacea,,3.0,1.0
Sapphirina metallina,Sapphirina,Sapphirinidae,Calanoida,Gymnoplea,Copepoda,Crustacea,,3.0,1.0
Sapphirina ovatolanceolata,Sapphirina,Sapphirinidae,Calanoida,Gymnoplea,Copepoda,Crustacea,,3.0,1.0
Copilia sp.,Copilia,Sapphirinidae,Calanoida,Gymnoplea,Copepoda,Crustacea,,3.0,1.0
Oncaea sp.,Oncaea,Mormonillidae,Calanoida,Gymnoplea,Copepoda,Crustacea,,3.0,1.0
Corycaeus sp.,Corycaeus,Corycaeidae,Calanoida,Gymnoplea,Copepoda,Crustacea,,3.0,1.0
Labidocera wollastoni,Labidocera,Pontellidae,Calanoida,Gymnoplea,Copepoda,Crustacea,,3.0,3.0
Mysis sp.,Mysis,Mysidae,Mysida,Mysida,Malacostraca,Crustacea,,3.0,2.0
Phronima atlantica,Phronima,Phronimidae,Hyperiidea,Amphipoda,Malacostraca,Crustacea,,3.0,3.0
Phronimella elongata,Phronimella,Phronimidae,Hyperiidea,Amphipoda,Malacostraca,Crustacea,,3.0,3.0
Rhabdosoma sp.,Rhabdosoma,Oxycephalidae,Hyperiidea,Amphipoda,Malacostraca,Crustacea,,3.0,2.0
Hyperia sp.,Hyperia,Hyperiidae,Hyperiidea,Amphipoda,Malacostraca,Crustacea,,2.0,2.0
Euphausia kronhii,Euphausia,Euphausiidae,Euphausiacea,Euphausiacea,Malacostraca,Crustacea,,3.0,2.0
Macropipus tuberculatus,Macropipus,Portunidae,Brachyura,Decapoda,Malacostraca,Crustacea,,2.0,3.0
Clibanarius sp.,Clibanarius,Diogenidae,Anomura,Decapoda,Malacostraca,Crustacea,,3.0,3.0
Planes minutus,Planes,Grapsidae,Brachyura,Decapoda,Malacostraca,Crustacea,,3.0,3.0
Lucifer acesta,Lucifer,Luciferidae,Sergestoidea,Decapoda,Malacostraca,Crustacea,,3.0,3.0
Metapenaeus sp.,Metapenaeus,Penaeidae,Penaeoidea,Decapoda,Malacostraca,Crustacea,,3.0,3.0
Panulirus vulgaris,Panulirus,Palinuridae,Palinura,Decapoda,Malacostraca,Crustacea,,3.0,3.0
Alitade squilla,Alitade,Decapoda,Decapoda,Decapoda,Malacostraca,Crustacea,,3.0,3.0
Calanus gracilis,Calanus,Calanidae,Calanoida,Gymnoplea,Copepoda,Crustacea,,3.0,1.0
Calanus minor,Calanus,Calanidae,Calanoida,Gymnoplea,Copepoda,Crustacea,,3.0,1.0
Lepas fascicularis,Lepas,Lepadidae,Lepadomorpha,Thoracica,Cirripedia,Crustacea,,3.0,1.0
Undinula darwini,Undinula,Calanidae,Calanoida,Gymnoplea,Copepoda,Crustacea,,3.0,1.0
Undinula vulgaris,Undinula,Calanidae,Calanoida,Gymnoplea,Copepoda,Crustacea,,3.0,1.0
Clausocalanus furcatus,Clausocalanus,Clausocalanidae,Calanoida,Gymnoplea,Copepoda,Crustacea,,3.0,1.0
Clausocalanus arcuicornis,Clausocalanus,Clausocalanidae,Calanoida,Gymnoplea,Copepoda,Crustacea,,3.0,1.0
Eucalanus monachus,Eucalanus,Eucalanidae,Calanoida,Gymnoplea,Copepoda,Crustacea,,3.0,1.0
Euchaeta marina,Euchaeta,Euchaetidae,Calanoida,Gymnoplea,Copepoda,Crustacea,,3.0,3.0
Centropages chierchiae,Centropages,Centropagidae,Calanoida,Gymnoplea,Copepoda,Crustacea,,3.0,2.0
Candacia aethiopica,Candacia,Candaciidae,Calanoida,Gymnoplea,Copepoda,Crustacea,,3.0,3.0
Scolecithrix danae,Scolecithrix,Sapphirinidae,Calanoida,Gymnoplea,Copepoda,Crustacea,,3.0,1.0
Anomalocera patersoni,Anomalocera,Pontellidae,Calanoida,Gymnoplea,Copepoda,Crustacea,,3.0,3.0
Labidocera acutifrons,Labidocera,Pontellidae,Calanoida,Gymnoplea,Copepoda,Crustacea,,3.0,3.0
Pontellopsis regalis,Pontellopsis,Pontellidae,Calanoida,Gymnoplea,Copepoda,Crustacea,,3.0,1.0
Pontella atlantica,Pontella,Pontellidae,Calanoida,Gymnoplea,Copepoda,Crustacea,,3.0,1.0
Pontella sp.,Pontella,Pontellidae,Calanoida,Gymnoplea,Copepoda,Crustacea,,3.0,1.0
Sapphirina metallina,Sapphirina,Sapphirinidae,Calanoida,Gymnoplea,Copepoda,Crustacea,,3.0,1.0
Oncaea sp.,Oncaea,Mormonillidae,Calanoida,Gymnoplea,Copepoda,Crustacea,,3.0,1.0
Corycaeus speciosus,Corycaeus,Corycaeidae,Calanoida,Gymnoplea,Copepoda,Crustacea,,3.0,1.0
Idotea metallica,Idotea,Idoteidae,Valvifera,Isopoda,Malacostraca,Crustacea,,3.0,3.0
Streetsia chellengeri,Streetsia,Oxycephalidae,Hyperiidea,Amphipoda,Malacostraca,Crustacea,,3.0,2.0
Eusirus sp.,Eusirus,Eusiridae,Gammaridea,Amphipoda,Malacostraca,Crustacea,,3.0,2.0
Phronima atlantica,Phronima,Phronimidae,Hyperiidea,Amphipoda,Malacostraca,Crustacea,,3.0,3.0
Phronimella elongata,Phronimella,Phronimidae,Hyperiidea,Amphipoda,Malacostraca,Crustacea,,3.0,3.0
Euphausia sp.,Euphausia,Euphausiidae,Euphausiacea,Euphausiacea,Malacostraca,Crustacea,,3.0,2.0
Planes minutus,Planes,Grapsidae,Brachyura,Decapoda,Malacostraca,Crustacea,,3.0,3.0
Conchoecia sp.,Conchoecia,Conchoecinae,Myodocopa,Ostracoda,Ostracoda,Crustacea,,3.0,2.0
Lepas fascicularis,Lepas,Lepadidae,Lepadomorpha,Thoracica,Cirripedia,Crustacea,,3.0,1.0
Calanus cornutus,Calanus,Calanidae,Calanoida,Gymnoplea,Copepoda,Crustacea,,3.0,1.0
Calanus minor,Calanus,Calanidae,Calanoida,Gymnoplea,Copepoda,Crustacea,,3.0,1.0
Eucalanus elongatus,Eucalanus,Eucalanidae,Calanoida,Gymnoplea,Copepoda,Crustacea,,3.0,1.0
Rhincalanus nasutus,Rhincalanus,Eucalanidae,Calanoida,Gymnoplea,Copepoda,Crustacea,,3.0,1.0
Euchirella curticauda,Euchirella,Lucicitiidae,Calanoida,Gymnoplea,Copepoda,Crustacea,,3.0,1.0
Pleuromamma sp.,Pleuromamma,Metridinidae,Calanoida,Gymnoplea,Copepoda,Crustacea,,3.0,1.0
Pleuromamma piseki,Pleuromamma,Metridinidae,Calanoida,Gymnoplea,Copepoda,Crustacea,,3.0,1.0
Pleuromamma abdominalis,Pleuromamma,Metridinidae,Calanoida,Gymnoplea,Copepoda,Crustacea,,3.0,1.0
Metridia lucens,Metridia,Metridinidae,Calanoida,Gymnoplea,Copepoda,Crustacea,,3.0,2.0
Centropages typicus,Centropages,Centropagidae,Calanoida,Gymnoplea,Copepoda,Crustacea,,3.0,2.0
Candacia aethiopica,Candacia,Candaciidae,Calanoida,Gymnoplea,Copepoda,Crustacea,,3.0,3.0
Anomalocera patersoni,Anomalocera,Pontellidae,Calanoida,Gymnoplea,Copepoda,Crustacea,,3.0,3.0
Pontella atlantica,Pontella,Pontellidae,Calanoida,Gymnoplea,Copepoda,Crustacea,,3.0,1.0
Sphaeroma serratum,Sphaeroma,Idoteidae,Valvifera,Isopoda,Malacostraca,Crustacea,,3.0,3.0
Idotea balthica,Idotea,Idoteidae,Valvifera,Isopoda,Malacostraca,Crustacea,,3.0,3.0
Eusirus sp.,Eusirus,Eusiridae,Gammaridea,Amphipoda,Malacostraca,Crustacea,,3.0,2.0
Hyperia sp.,Hyperia,Hyperiidae,Hyperiidea,Amphipoda,Malacostraca,Crustacea,,2.0,2.0
Lestrigonus latissimus,Hyperia,Lestrigonidae,Hyperiidea,Amphipoda,Malacostraca,Crustacea,,2.0,2.0
Tryphana boecki,Lestrigonus,Lycaeidae,Hyperiidea,Amphipoda,Malacostraca,Crustacea,,3.0,2.0
Euphausia kronhii,Euphausia,Euphausiidae,Euphausiacea,Euphausiacea,Malacostraca,Crustacea,,3.0,2.0
Clibanarius sp.,Clibanarius,Diogenidae,Anomura,Decapoda,Malacostraca,Crustacea,,3.0,3.0
Alitade squilla,Alitade,Decapoda,Decapoda,Decapoda,Malacostraca,Crustacea,,3.0,3.0
Palaemon adspersus,Palaemon,Palaemonidae,Caridea,Decapoda,Malacostraca,Crustacea,,3.0,3.0
Palaemon elegans,Palaemon,Palaemonidae,Caridea,Decapoda,Malacostraca,Crustacea,,3.0,3.0
Flaccisagitta enflata,Flaccisagitta,Sagittidae,Aphragmophora,Sagittoidea,Chaetognatha,Chaetognatha,,3.0,3.0
Flaccisagitta lyra,Flaccisagitta,Sagittidae,Aphragmophora,Sagittoidea,Chaetognatha,Chaetognatha,,3.0,3.0
Flaccisagitta hexaptera,Flaccisagitta,Sagittidae,Aphragmophora,Sagittoidea,Chaetognatha,Chaetognatha,,3.0,3.0
Sagitta bipunctata,Sagitta,Sagittidae,Aphragmophora,Sagittoidea,Chaetognatha,Chaetognatha,,3.0,3.0
Sagitta serratodentata,Sagitta,Sagittidae,Aphragmophora,Sagittoidea,Chaetognatha,Chaetognatha,,3.0,3.0
Sagitta sp.,Sagitta,Sagittidae,Aphragmophora,Sagittoidea,Chaetognatha,Chaetognatha,,3.0,3.0
Cytaeis tetrastyla,Cytaeis,Cytaeididae,Anthomedusae,Hydroida,Hydrozoa,Cnidaria,,3.0,2.0
Phialidium hemisphaericum,Phialidium,Campanulariidae,Leptomedusae,Hydroida,Hydrozoa,Cnidaria,,3.0,3.0
Liriope tetraphylla,Liriope,Geryoniidae,Trachymedusae,Trachylina,Hydrozoa,Cnidaria,,3.0,3.0
Cunina octonaria,Cunina,Cuninidae,Narcomedusida,Trachylina,Hydrozoa,Cnidaria,,3.0,3.0
Rhopalonema velatum,Rhopalonema,Rhopalonematidae,Trachymedusae,Trachylina,Hydrozoa,Cnidaria,,3.0,3.0
Solmaris flavescens,Solmaris,Solmarisidae,Narcomedusida,Trachylina,Hydrozoa,Cnidaria,,3.0,3.0
Porpita sp.,Porpita,Porpitidae,Chondrophora,Chondrophora,Hydrozoa,Cnidaria,,3.0,3.0
Abylopsis tetragona,Abylopsis,Abylidae,Calycophorae,Siphonophorae,Hydrozoa,Cnidaria,,3.0,3.0
Agalma okeni,Agalma,Agalmidae,Physophorae,Siphonophorae,Hydrozoa,Cnidaria,,3.0,3.0
Agalma elegans,Agalma,Agalmidae,Physophorae,Siphonophorae,Hydrozoa,Cnidaria,,3.0,3.0
Stephanonomia bijuga,Stephanonomia,Agalmidae,Physophorae,Siphonophorae,Hydrozoa,Cnidaria,,3.0,3.0
Hippopodius hippopus,Hippopodius,Hippopodiidae,Calycophorae,Siphonophorae,Hydrozoa,Cnidaria,,3.0,3.0
Sulculeolaria sp.,Sulculeolaria,Diphyidae,Calycophorae,Siphonophorae,Hydrozoa,Cnidaria,,3.0,3.0
Sulculeolaria biloba,Sulculeolaria,Diphyidae,Calycophorae,Siphonophorae,Hydrozoa,Cnidaria,,3.0,3.0
Lensia multicristata,Lensia,Diphyidae,Calycophorae,Siphonophorae,Hydrozoa,Cnidaria,,3.0,3.0
Lensia canoidea,Lensia,Diphyidae,Calycophorae,Siphonophorae,Hydrozoa,Cnidaria,,3.0,3.0
Pelagia noctiluca,Pelagia,Pelagiidae,Semaeostomeae,Semaeostomeae,Scyphozoa,Cnidaria,,3.0,2.0
Arachnactis sp.,Arachnactis,Cerianthidae,Actiniaria,Hexacorallia,Anthozoa,Cnidaria,,3.0,3.0
Actinia equina,Actinia,Actiniidae,Actiniaria,Hexacorallia,Anthozoa,Cnidaria,,0.0,3.0
Metridium senile,Metridium,Metridiidae,Actiniaria,Hexacorallia,Anthozoa,Cnidaria,,0.0,3.0
Bunodactis stella,Bunodactis,Actiniidae,Actiniaria,Hexacorallia,Anthozoa,Cnidaria,,0.0,3.0
Callianira bialata,Callianira,Mertensiidae,Cydippida,Tentaculata,Ctenophora,Ctenophora,,3.0,3.0
Euplokamis stationes,Euplokamis,Pleurobrachiidae,Cydippida,Tentaculata,Ctenophora,Ctenophora,,3.0,3.0
Pleurobrachia pileus,Pleurobrachia,Pleurobrachiidae,Cydippida,Tentaculata,Ctenophora,Ctenophora,,3.0,3.0
Pleurobrachia rhodopis,Pleurobrachia,Pleurobrachiidae,Cydippida,Tentaculata,Ctenophora,Ctenophora,,3.0,3.0
Beroe forskate,Beroe,Beroidae,Beroida,Nuda,Ctenophora,Ctenophora,,3.0,3.0
Actinia equina,Actinia,Actiniidae,Actiniaria,Hexacorallia,Anthozoa,Cnidaria,,0.0,3.0
Hyas coarcatus,Hyas,Majidae,Brachyura,Decapoda,Malacostraca,Crustacea,,3.0,3.0
Hyas coarcatus,Hyas,Majidae,Brachyura,Decapoda,Malacostraca,Crustacea,,3.0,3.0
Hyas coarcatus,Hyas,Majidae,Brachyura,Decapoda,Malacostraca,Crustacea,,3.0,3.0
Rhodomonas baltica,Rhodomonas,Cryptomonadaceae,Cryptomonadales,Cryptomonadales,Cryptophyceae,Cryptophycophyta,,3.0,0.0
Acartia tonsa,Acartia,Acartiidae,Calanoida,Gymnoplea,Copepoda,Crustacea,,3.0,1.0
Mnemiopsis mccradyi,Mnemiopsis,Mnemiidae,Lobata,Tentaculata,Ctenophora,Ctenophora,,3.0,2.0
Gnathophausia ingens,Gnathophausia,Lophogastridae,Lophogastrida,Lophogastrida,Malacostraca,Crustacea,,3.0,3.0
Gnathophausia gracilis,Gnathophausia,Lophogastridae,Lophogastrida,Lophogastrida,Malacostraca,Crustacea,,3.0,3.0
Charalaspidium sp.,Charalaspidium,Lophogastridae,Lophogastrida,Lophogastrida,Malacostraca,Crustacea,,3.0,3.0
Sergestes phorcus,Sergestes,Sergestidae,Sergestoidea,Decapoda,Malacostraca,Crustacea,,3.0,3.0
Sergestes similis,Sergestes,Sergestidae,Sergestoidea,Decapoda,Malacostraca,Crustacea,,3.0,3.0
Sergestes tenuroides,Sergestes,Sergestidae,Sergestoidea,Decapoda,Malacostraca,Crustacea,,3.0,3.0
Gennadas propinquus,Gennadas,Benthesicymidae,Penaeoidea,Decapoda,Malacostraca,Crustacea,,3.0,3.0
Acanthephyra curtirostris,Acanthephyra,Oplophoridae,Caridea,Decapoda,Malacostraca,Crustacea,,2.0,3.0
Systellaspis cristata,Systellaspis,Pasiphaeidae,Caridea,Decapoda,Malacostraca,Crustacea,,3.0,3.0
Systellaspis braueri,Systellaspis,Pasiphaeidae,Caridea,Decapoda,Malacostraca,Crustacea,,3.0,3.0
Hymenodora frontalis,Hymenodora,Oplophoridae,Caridea,Decapoda,Malacostraca,Crustacea,,3.0,3.0
Pasiphaea chaeci,Pasiphaea,Pasiphaeidae,Caridea,Decapoda,Malacostraca,Crustacea,,3.0,3.0
Pasiphaea emarginata,Pasiphaea,Pasiphaeidae,Caridea,Decapoda,Malacostraca,Crustacea,,3.0,3.0
Parapasiphaea sulcatifrons,Parapasiphaea,Pasiphaeidae,Caridea,Decapoda,Malacostraca,Crustacea,,3.0,3.0
Bentheuphausia amblyops,Bentheuphausia,Euphausiidae,Euphausiacea,Euphausiacea,Malacostraca,Crustacea,,3.0,2.0
Gaussia princeps,Gaussia,Metridinidae,Calanoida,Gymnoplea,Copepoda,Crustacea,,3.0,2.0
Paracallisoma coecus,Paracallisoma,Lysianassidae,Gammaridea,Amphipoda,Malacostraca,Crustacea,,2.0,3.0
Anuropus bathypelagicus,Anuropus,Anuropidae,Flabellifera,Isopoda,Malacostraca,Crustacea,,3.0,3.0
Carinaria sp.,Carinaria,Carinariidae,Neotaenioglossa,Neotaenioglossa,Gastropoda,Mollusca,,3.0,3.0
Teredo navalis,Teredo,Teredinidae,Myoida,Heterodonta,Bivalvia,Mollusca,,3.0,1.0
Sterechinus neumayeri,Sterechinus,Echinidae,Echinoida,Euechinoidea,Echinoidea,Echinodermata,,3.0,1.0
Sterechinus neumayeri,Sterechinus,Echinidae,Echinoida,Euechinoidea,Echinoidea,Echinodermata,,3.0,1.0
Phronima sedentaria,Phronima,Phronimidae,Hyperiidea,Amphipoda,Malacostraca,Crustacea,,3.0,3.0
Meganyctiphanes norvegica,Meganyctiphanes,Euphausiidae,Euphausiacea,Euphausiacea,Malacostraca,Crustacea,,3.0,2.0
Meganyctiphanes norvegica,Meganyctiphanes,Euphausiidae,Euphausiacea,Euphausiacea,Malacostraca,Crustacea,,3.0,2.0
Acartia clausi,Acartia,Acartiidae,Calanoida,Gymnoplea,Copepoda,Crustacea,,3.0,3.0
Mastigias sp.,Mastigias,Mastigiidae,Rhizostomeae,Rhizostomeae,Scyphozoa,Cnidaria,,3.0,2.0
Mastigias sp.,Mastigias,Mastigiidae,Rhizostomeae,Rhizostomeae,Scyphozoa,Cnidaria,,3.0,2.0
Spisula subtruncata,Spisula,Mactridae,Veneroida,Heterodonta,Bivalvia,Mollusca,,1.0,1.0
Aequorea victoria,Aequorea,Aequoreidae,Leptomedusae,Hydroida,Hydrozoa,Cnidaria,,3.0,2.0
Calanus cristatus,Calanus,Calanidae,Calanoida,Gymnoplea,Copepoda,Crustacea,,3.0,1.0
Calanus cristatus,Calanus,Calanidae,Calanoida,Gymnoplea,Copepoda,Crustacea,,3.0,1.0
Calanus cristatus,Calanus,Calanidae,Calanoida,Gymnoplea,Copepoda,Crustacea,,3.0,1.0
Enteromorpha linza,Enteromorpha,Ulvaceae,Ulotrichales,Ulotrichales,Chlorophyceae,Chlorophyta,2.54276055,0.0,0.0
Ulva lactuca,Ulva,Ulvaceae,Ulotrichales,Ulotrichales,Chlorophyceae,Chlorophyta,2.54276055,0.0,0.0
Dictyosiphon foeniculaceus,Dictyosiphon,Dictyosiphonaceae,Dictyosiphonales,Dictyosiphonales,Phaeophyceae,Phaeophyta,2.880381229999999,0.0,0.0
Chondrus crispus,Chondrus,Gigartinaceae,Gigartinales,Florideophycideae,Rhodophytina,Rhodophyta,3.39727176,0.0,0.0
Fucus vesiculosus,Fucus,Fucaceae,Fucales,Fucales,Phaeophyceae,Phaeophyta,3.6317886,0.0,0.0
Mytilus galloprovincialis,Mytilus,Mytilidae,Mytiloida,Pteriomorphia,Bivalvia,Mollusca,,0.0,1.0
Mytilus galloprovincialis,Mytilus,Mytilidae,Mytiloida,Pteriomorphia,Bivalvia,Mollusca,,0.0,1.0
Mytilus galloprovincialis,Mytilus,Mytilidae,Mytiloida,Pteriomorphia,Bivalvia,Mollusca,,0.0,1.0
Rhodomonas sp.,Rhodomonas,Cryptomonadaceae,Cryptomonadales,Cryptomonadales,Cryptophyceae,Cryptophycophyta,,3.0,0.0
Euphausia superba,Euphausia,Euphausiidae,Euphausiacea,Euphausiacea,Malacostraca,Crustacea,,3.0,2.0
Euphausia superba,Euphausia,Euphausiidae,Euphausiacea,Euphausiacea,Malacostraca,Crustacea,,3.0,2.0
Euphausia superba,Euphausia,Euphausiidae,Euphausiacea,Euphausiacea,Malacostraca,Crustacea,,3.0,2.0
Rhincalanus gigas,Rhincalanus,Eucalanidae,Calanoida,Gymnoplea,Copepoda,Crustacea,,3.0,2.0
Sagitta hispida,Sagitta,Sagittidae,Aphragmophora,Sagittoidea,Chaetognatha,Chaetognatha,,3.0,3.0
Mycale sp.,Mycale,Mycalidae,Poecilosclerida,Demospongiae,Demospongiae,Porifera,,0.0,1.0
Verongia gigantea,Verongia,Verongiidae,Dendroceratida,Demospongiae,Demospongiae,Porifera,,0.0,1.0
Tethya crypta,Tethya,Tethyidae,Epipolasida,Demospongiae,Demospongiae,Porifera,,0.0,1.0
Dysidea avara,Dysidea,Dysideidae,Dendroceratida,Demospongiae,Demospongiae,Porifera,,0.0,1.0
Euphausia pacifica,Euphausia,Euphausiidae,Euphausiacea,Euphausiacea,Malacostraca,Crustacea,,3.0,2.0
Sicyonia brevirostris,Sicyonia,Penaeidae,Penaeoidea,Decapoda,Malacostraca,Crustacea,,2.0,3.0
Penaeus aztecus,Penaeus,Penaeidae,Penaeoidea,Decapoda,Malacostraca,Crustacea,,2.0,3.0
Callinectes similis,Callinectes,Portunidae,Brachyura,Decapoda,Malacostraca,Crustacea,,2.0,3.0
Portunus spinicarpus,Portunus,Portunidae,Brachyura,Decapoda,Malacostraca,Crustacea,,2.0,3.0
Calappa sulcata,Calappa,Calappidae,Brachyura,Decapoda,Malacostraca,Crustacea,,1.0,3.0
Hepatus ephelyticus,Hepatus,Calappidae,Brachyura,Decapoda,Malacostraca,Crustacea,,1.0,3.0
Calanoides acutus,Calanoides,Calanidae,Calanoida,Gymnoplea,Copepoda,Crustacea,,3.0,1.0
Metridia gerlachei,Metridia,Metridinidae,Calanoida,Gymnoplea,Copepoda,Crustacea,,3.0,2.0
Calanus propinquus,Calanus,Calanidae,Calanoida,Gymnoplea,Copepoda,Crustacea,,3.0,1.0
Rhincalanus gigas,Rhincalanus,Eucalanidae,Calanoida,Gymnoplea,Copepoda,Crustacea,,3.0,1.0
Calanoides acutus,Calanoides,Calanidae,Calanoida,Gymnoplea,Copepoda,Crustacea,,3.0,1.0
Metridia gerlachei,Metridia,Metridinidae,Calanoida,Gymnoplea,Copepoda,Crustacea,,3.0,2.0
Calanus propinquus,Calanus,Calanidae,Calanoida,Gymnoplea,Copepoda,Crustacea,,3.0,1.0
Rhincalanus gigas,Rhincalanus,Eucalanidae,Calanoida,Gymnoplea,Copepoda,Crustacea,,3.0,1.0
Calanoides acutus,Calanoides,Calanidae,Calanoida,Gymnoplea,Copepoda,Crustacea,,3.0,1.0
Metridia gerlachei,Metridia,Metridinidae,Calanoida,Gymnoplea,Copepoda,Crustacea,,3.0,2.0
Calanus propinquus,Calanus,Calanidae,Calanoida,Gymnoplea,Copepoda,Crustacea,,3.0,1.0
Rhincalanus gigas,Rhincalanus,Eucalanidae,Calanoida,Gymnoplea,Copepoda,Crustacea,,3.0,1.0
Euphausia superba,Euphausia,Euphausiidae,Euphausiacea,Euphausiacea,Malacostraca,Crustacea,,3.0,2.0
Chlamydomonas sp.,Chlamydomonas,Chlamydomonadaceae,Volvocales,Volvocales,Chlorophyceae,Chlorophyta,,3.0,0.0
Simocephalus vetulus,Simocephalus,Daphniidae,Cladocera,Phyllopoda,Branchiopoda,Crustacea,,3.0,1.0
Simocephalus vetulus,Simocephalus,Daphniidae,Cladocera,Phyllopoda,Branchiopoda,Crustacea,,3.0,1.0
Simocephalus vetulus,Simocephalus,Daphniidae,Cladocera,Phyllopoda,Branchiopoda,Crustacea,,3.0,1.0
Simocephalus vetulus,Simocephalus,Daphniidae,Cladocera,Phyllopoda,Branchiopoda,Crustacea,,3.0,1.0
Neomysis mirabilis,Neomysis,Mysidae,Mysida,Mysida,Malacostraca,Crustacea,4.738644,3.0,3.0
Neomysis mirabilis,Neomysis,Mysidae,Mysida,Mysida,Malacostraca,Crustacea,4.019526,3.0,3.0
Neomysis mirabilis,Neomysis,Mysidae,Mysida,Mysida,Malacostraca,Crustacea,3.6208704,3.0,3.0
Calanus cristatus,Calanus,Calanidae,Calanoida,Gymnoplea,Copepoda,Crustacea,,3.0,1.0
Calanus cristatus,Calanus,Calanidae,Calanoida,Gymnoplea,Copepoda,Crustacea,,3.0,1.0
Calanus plumchrus,Calanus,Calanidae,Calanoida,Gymnoplea,Copepoda,Crustacea,,3.0,1.0
Bathocyroe fosteri,Bathocyroe,Bathocyroidae,Lobata,Tentaculata,Ctenophora,Ctenophora,,3.0,3.0
Bolinopsis infundibulum,Bolinopsis,Bolinopsidae,Lobata,Tentaculata,Ctenophora,Ctenophora,,3.0,3.0
Bolinopsis vitrea,Bolinopsis,Bolinopsidae,Lobata,Tentaculata,Ctenophora,Ctenophora,,3.0,3.0
Ocyropsis sp.,Ocyropsis,Ocyropsidae,Lobata,Tentaculata,Ctenophora,Ctenophora,,3.0,3.0
Eurhamphaea vexilligera,Eurhamphaea,Eurhampaeidae,Lobata,Tentaculata,Ctenophora,Ctenophora,,3.0,3.0
Mnemiopsis mccradyi,Mnemiopsis,Mnemiidae,Lobata,Tentaculata,Ctenophora,Ctenophora,,3.0,3.0
Mnemiopsis leidyi,Mnemiopsis,Mnemiidae,Lobata,Tentaculata,Ctenophora,Ctenophora,,3.0,3.0
Pleurobrachia brachei,Pleurobrachia,Pleurobrachiidae,Cydippida,Tentaculata,Ctenophora,Ctenophora,,3.0,3.0
Pleurobrachia brachei,Pleurobrachia,Pleurobrachiidae,Cydippida,Tentaculata,Ctenophora,Ctenophora,,3.0,3.0
Pleurobrachia pileus,Pleurobrachia,Pleurobrachiidae,Cydippida,Tentaculata,Ctenophora,Ctenophora,,3.0,3.0
Beroe ovata,Beroe,Beroidae,Beroida,Nuda,Ctenophora,Ctenophora,,3.0,3.0
Beroe gracilis,Beroe,Beroidae,Beroida,Nuda,Ctenophora,Ctenophora,,3.0,3.0
Isochrysis aff. galbana,Isochrysis,Isochrysidaceae,Isochrysidales,Isochrysidales,Prymnesiophyceae,Haptophyta,,3.0,0.0
Electra bellula,Electra,Electridae,Cheilostomata,Cheilostomata,Gymnolaemata,Bryozoa,,0.0,2.0
Electra crustulenta,Electra,Electridae,Cheilostomata,Cheilostomata,Gymnolaemata,Bryozoa,,0.0,2.0
Spiochaetopterus oculatus,Spiochaetopterus,Spionidae,Canalipalpata,Canalipalpata,Polychaeta,Annelida,,0.0,2.0
Spio setosa,Spio,Spionidae,Canalipalpata,Canalipalpata,Polychaeta,Annelida,,0.0,2.0
Marenzelleria viridis,Marenzelleria,Spionidae,Canalipalpata,Canalipalpata,Polychaeta,Annelida,,0.0,2.0
Gnathophausia ingens,Gnathophausia,Lophogastridae,Lophogastrida,Lophogastrida,Malacostraca,Crustacea,5.624033384853335,3.0,3.0
Gnathophausia ingens,Gnathophausia,Lophogastridae,Lophogastrida,Lophogastrida,Malacostraca,Crustacea,1.4191673210000002,3.0,3.0
Euphausia pacifica,Euphausia,Euphausiidae,Euphausiacea,Euphausiacea,Malacostraca,Crustacea,2.902187431,3.0,2.0
Gnathophausia gigas,Gnathophausia,Lophogastridae,Lophogastrida,Lophogastrida,Malacostraca,Crustacea,3.2357204591999995,3.0,3.0
Gnathophausia gracilis,Gnathophausia,Lophogastridae,Lophogastrida,Lophogastrida,Malacostraca,Crustacea,3.2382128566666672,3.0,3.0
Boreomysis californica,Boreomysis,Mysidae,Mysida,Mysida,Malacostraca,Crustacea,2.6953849494,3.0,3.0
Sergestes phorcus,Sergestes,Sergestidae,Sergestoidea,Decapoda,Malacostraca,Crustacea,4.0911884115,3.0,3.0
Sergestes similis,Sergestes,Sergestidae,Sergestoidea,Decapoda,Malacostraca,Crustacea,3.36944489544,3.0,3.0
Gennadas propinquus,Gennadas,Benthesicymidae,Penaeoidea,Decapoda,Malacostraca,Crustacea,4.191077947,3.0,3.0
Acanthephyra curtirostris,Acanthephyra,Oplophoridae,Caridea,Decapoda,Malacostraca,Crustacea,4.31277505056,3.0,3.0
Systellaspis cristata,Systellaspis,Pasiphaeidae,Caridea,Decapoda,Malacostraca,Crustacea,6.155960272266666,3.0,3.0
Hymenodora frontalis,Hymenodora,Oplophoridae,Caridea,Decapoda,Malacostraca,Crustacea,9.0711145188,3.0,3.0
Notostomus sp.,Notostomus,Oplophoridae,Caridea,Decapoda,Malacostraca,Crustacea,1.0343012603,3.0,3.0
Pasiphaea pacifica,Pasiphaea,Pasiphaeidae,Caridea,Decapoda,Malacostraca,Crustacea,,3.0,3.0
Pasiphaea chacei,Pasiphaea,Pasiphaeidae,Caridea,Decapoda,Malacostraca,Crustacea,2.9929574918833333,3.0,3.0
Pasiphaea emarginata,Pasiphaea,Pasiphaeidae,Caridea,Decapoda,Malacostraca,Crustacea,4.38217551825,3.0,3.0
Plesionika sp.,Plesionika,Pandalidae,Caridea,Decapoda,Malacostraca,Crustacea,4.26720868162,3.0,3.0
Pleuroncodes planipes,Pleuroncodes,Galatheidae,Anomura,Decapoda,Malacostraca,Crustacea,2.1595306800000005,2.0,3.0
Bathycalanus bradyi,Bathycalanus,Calanidae,Calanoida,Gymnoplea,Copepoda,Crustacea,,3.0,2.0
Bathycalanus princeps,Bathycalanus,Calanidae,Calanoida,Gymnoplea,Copepoda,Crustacea,3.3943043177333334,3.0,2.0
Gaussia princeps,Gaussia,Metridinidae,Calanoida,Gymnoplea,Copepoda,Crustacea,,3.0,2.0
Labidocera jollae,Labidocera,Pontellidae,Calanoida,Gymnoplea,Copepoda,Crustacea,,3.0,2.0
Phronima sedentaria,Phronima,Phronimidae,Hyperiidea,Amphipoda,Malacostraca,Crustacea,0.3732701855533333,3.0,3.0
Hyperia galba,Hyperia,Hyperiidae,Hyperiidea,Amphipoda,Malacostraca,Crustacea,,2.0,3.0
Paracallisoma coecus,Paracallisoma,Lysianassidae,Gammaridea,Amphipoda,Malacostraca,Crustacea,,2.0,3.0
Gigantocypris agassizii,Gigantocypris,Cyprididae,Podocopa,Ostracoda,Ostracoda,Crustacea,0.1353313420799999,3.0,2.0
Anuropus bathypelagicus,Anuropus,Anuropidae,Flabellifera,Isopoda,Malacostraca,Crustacea,7.09371589092,3.0,2.0
Pleurobrachia sp.,Pleurobrachia,Pleurobrachiidae,Cydippida,Tentaculata,Ctenophora,Ctenophora,,3.0,2.0
Beroe sp.,Beroe,Beroidae,Beroida,Nuda,Ctenophora,Ctenophora,,3.0,3.0
Calycopsis borchgrevinki,Calycopsis,Calycopsidae,Anthomedusae,Hydroida,Hydrozoa,Cnidaria,0.144991,3.0,3.0
Botrynema brucei,Botrynema,Halicreatidae,Trachymedusae,Trachylina,Hydrozoa,Cnidaria,0.0919050666666666,3.0,3.0
Diphyes antarctica,Diphyes,Diphyidae,Calycophorae,Siphonophorae,Hydrozoa,Cnidaria,0.1830543666666666,3.0,2.0
Atolla wyvillei,Atolla,Atollidae,Coronatae,Coronatae,Scyphozoa,Cnidaria,0.2519244,3.0,3.0
Tomopteris carpenteri,Tomopteris,Tomopteridae,Phyllodocida,Aciculata,Polychaeta,Annelida,1.6490844,3.0,3.0
Salpa fusiformis,Salpa,Salpidae,Salpida,Salpida,Thaliacea,Tunicata,0.1878086666666666,3.0,1.0
Calanoides acutus,Calanoides,Calanidae,Calanoida,Gymnoplea,Copepoda,Crustacea,2.52017855,3.0,1.0
Calanus propinquus,Calanus,Calanidae,Calanoida,Gymnoplea,Copepoda,Crustacea,3.5727165000000003,3.0,1.0
Euaugaptilus laticeps,Euaugaptilus,Augaptilidae,Calanoida,Gymnoplea,Copepoda,Crustacea,1.6603832000000005,3.0,1.0
Euchaeta antarctica,Euchaeta,Euchaetidae,Calanoida,Gymnoplea,Copepoda,Crustacea,3.734808000000001,3.0,3.0
Euchirella rostromagna,Euchirella,Lucicitiidae,Calanoida,Gymnoplea,Copepoda,Crustacea,1.405509,3.0,2.0
Gaetanus tenuispinus,Gaetanus,Fosshageniidae,Calanoida,Gymnoplea,Copepoda,Crustacea,1.9663398,3.0,1.0
Heterorhabdus austrinus,Heterorhabdus,Heterorhabdidae,Calanoida,Gymnoplea,Copepoda,Crustacea,1.3688368,3.0,1.0
Heterorhabdus farrani,Heterorhabdus,Heterorhabdidae,Calanoida,Gymnoplea,Copepoda,Crustacea,1.284255,3.0,1.0
Metridia gerlachei,Metridia,Metridinidae,Calanoida,Gymnoplea,Copepoda,Crustacea,0.94215975,3.0,2.0
Rhincalanus gigas,Rhincalanus,Eucalanidae,Calanoida,Gymnoplea,Copepoda,Crustacea,1.216224,3.0,2.0
Conchoecia antipoda,Conchoecia,Conchoecinae,Myodocopa,Ostracoda,Ostracoda,Crustacea,1.4535080000000002,3.0,2.0
Conchoecia belgicae,Conchoecia,Conchoecinae,Myodocopa,Ostracoda,Ostracoda,Crustacea,1.1338655999999998,3.0,2.0
Conchoecia hettacra,Conchoecia,Conchoecinae,Myodocopa,Ostracoda,Ostracoda,Crustacea,1.1269125,3.0,2.0
Eukrohnia hamata,Eukrohnia,Eukrohniidae,Phragmophora,Sagittoidea,Chaetognatha,Chaetognatha,0.6650375000000001,3.0,3.0
Sagitta gazellae,Sagitta,Sagittidae,Aphragmophora,Sagittoidea,Chaetognatha,Chaetognatha,0.37894455,3.0,3.0
Sagitta marri,Sagitta,Sagittidae,Aphragmophora,Sagittoidea,Chaetognatha,Chaetognatha,1.0504559999999998,3.0,3.0
Vanadis antarctica,Vanadis,Alciopidae,Phyllodocida,Aciculata,Polychaeta,Annelida,1.94403,3.0,3.0
Tomopteris carpenteri,Tomopteris,Tomopteridae,Phyllodocida,Aciculata,Polychaeta,Annelida,1.1330022,3.0,3.0
Atolla wyvillei,Atolla,Atollidae,Coronatae,Coronatae,Scyphozoa,Cnidaria,,3.0,3.0
Diphyes antarctica,Diphyes,Diphyidae,Calycophorae,Siphonophorae,Hydrozoa,Cnidaria,,3.0,2.0
Periphylla periphylla,Periphylla,Periphyllidae,Coronatae,Coronatae,Scyphozoa,Cnidaria,,3.0,3.0
Calycopsis borchgrevinki,Calycopsis,Calycopsidae,Anthomedusae,Hydroida,Hydrozoa,Cnidaria,,3.0,3.0
Salpa thompsoni,Salpa,Salpidae,Salpida,Salpida,Thaliacea,Tunicata,,3.0,1.0
Bryopsis sp.,Bryopsis,Bryopsidaceae,Bryopsidales,Bryopsidales,Chlorophyceae,Chlorophyta,1.9882098,0.0,0.0
Caulerpa brownii,Caulerpa,Caulerpaceae,Caulerpales,Caulerpales,Chlorophyceae,Chlorophyta,6.5167983,0.0,0.0
Codium fragile,Codium,Codiaceae,Caulerpales,Caulerpales,Chlorophyceae,Chlorophyta,0.5407856999999996,0.0,0.0
Enteromorpha sp.,Enteromorpha,Ulvaceae,Ulotrichales,Ulotrichales,Chlorophyceae,Chlorophyta,3.8209049999999993,0.0,0.0
Ulva lactuca,Ulva,Ulvaceae,Ulotrichales,Ulotrichales,Chlorophyceae,Chlorophyta,2.586832199999999,0.0,0.0
Cystophora scalaris,Cystophora,Cystoseiraceae,Fucales,Fucales,Phaeophyceae,Phaeophyta,2.516022,0.0,0.0
Cystophora tortulosa,Cystophora,Cystoseiraceae,Fucales,Fucales,Phaeophyceae,Phaeophyta,1.5292827,0.0,0.0
Durvillaea antarctica,Durvillaea,Durvillaeaceae,Fucales,Fucales,Phaeophyceae,Phaeophyta,5.294192399999999,0.0,0.0
Ecklonia radiata,Ecklonia,Alariaceae,Laminariales,Laminariales,Phaeophyceae,Phaeophyta,1.7122090500000002,0.0,0.0
Halopteris funicularis,Halopteris,Styphocaulaceae,Sphacelariales,Sphacelariales,Phaeophyceae,Phaeophyta,,0.0,0.0
Hormosira banksii,Hormosira,Hormosiraceae,Fucales,Fucales,Phaeophyceae,Phaeophyta,1.61520075,0.0,0.0
Lessonia variegata,Lessonia,Lessoniaceae,Laminariales,Laminariales,Phaeophyceae,Phaeophyta,1.34066475,0.0,0.0
Macrocystis pyrifera,Macrocystis,Lessoniaceae,Laminariales,Laminariales,Phaeophyceae,Phaeophyta,1.74803265,0.0,0.0
Marginariella sp.,Marginariella,Seirococcaceae,Fucales,Fucales,Phaeophyceae,Phaeophyta,1.7436384,0.0,0.0
Scytosiphon lomentaria,Scytosiphon,Scytosiphonaceae,Scytosiphonales,Scytosiphonales,Phaeophyceae,Phaeophyta,1.7787924000000002,0.0,0.0
Undaria pinnatifada,Undaria,Alariaceae,Laminariales,Laminariales,Phaeophyceae,Phaeophyta,3.286899,0.0,0.0
Xiphophora gladiata,Xiphophora,Fucaceae,Laminariales,Laminariales,Phaeophyceae,Phaeophyta,2.2147438500000005,0.0,0.0
Zonaria turneriana,Zonaria,Dictyotaceae,Dictyonales,Dictyonales,Phaeophyceae,Phaeophyta,7.319565,0.0,0.0
Carpomitra costata,Carpomitra,Sporochnaceae,Sporochnales,Sporochnales,Phaeophyceae,Phaeophyta,,0.0,0.0
Corallina officinalis,Corallina,Corallinaceae,Cryptonemiales,Florideophycideae,Rhodophytina,Rhodophyta,2.441696399999999,0.0,0.0
Euptilota formosissima,Euptilota,Ceramiaceae,Ceramiales,Florideophycideae,Rhodophytina,Rhodophyta,,0.0,0.0
Gigartina decipiens,Gigartina,Gigartinaceae,Gigartinales,Florideophycideae,Rhodophytina,Rhodophyta,2.4527448,0.0,0.0
Gigartina sp.,Gigartina,Gigartinaceae,Gigartinales,Florideophycideae,Rhodophytina,Rhodophyta,1.6241148,0.0,0.0
Lenormandia chauvinii,Lenormandia,Rhodomelaceae,Ceramiales,Florideophycideae,Rhodophytina,Rhodophyta,2.9423897999999995,0.0,0.0
Pachymenia lusoria,Pachymenia,Pachymenaceae,Cryptonemiales,Florideophycideae,Rhodophytina,Rhodophyta,2.96076195,0.0,0.0
Plocamium sp.,Plocamium,Plocamiaceae,Gigartinales,Florideophycideae,Rhodophytina,Rhodophyta,,0.0,0.0
Polysiphonia sp.,Polysiphonia,Rhodomelaceae,Ceramiales,Florideophycideae,Rhodophytina,Rhodophyta,1.2635351999999995,0.0,0.0
Stictosiphonia hookeri,Stictosiphonia,Rhodomelaceae,Ceramiales,Florideophycideae,Rhodophytina,Rhodophyta,3.56825655,0.0,0.0
Mytilus edulis,Mytilus,Mytilidae,Mytiloida,Pteriomorphia,Bivalvia,Mollusca,,0.0,1.0
Mytilus edulis,Mytilus,Mytilidae,Mytiloida,Pteriomorphia,Bivalvia,Mollusca,,0.0,1.0
Iridaea cordata,Iridaea,Gigartinaceae,Gigartinales,Florideophycideae,Rhodophytina,Rhodophyta,3.017,0.0,0.0
Hedophyllum sessile,Hedophyllum,Laminariaceae,Laminariales,Laminariales,Phaeophyceae,Phaeophyta,1.901,0.0,0.0
Lessoniopsis littoralis,Lessoniopsis,Lessoniaceae,Laminariales,Laminariales,Phaeophyceae,Phaeophyta,2.646,0.0,0.0
Himantothallus grandifolius,Himantothallus,Desmarestiaceae,Desmarestiales,Desmarestiales,Phaeophyceae,Phaeophyta,,0.0,0.0
Adenocystis utricularis,Adenocystis,Punctariaceae,Dictyosiphonales,Dictyosiphonales,Phaeophyceae,Phaeophyta,,0.0,0.0
Macrocystis pyrifera,Macrocystis,Lessoniaceae,Laminariales,Laminariales,Phaeophyceae,Phaeophyta,,0.0,0.0
Lessonia nigrescens,Lessonia,Lessoniaceae,Laminariales,Laminariales,Phaeophyceae,Phaeophyta,,0.0,0.0
Durvillaea antarctica,Durvillaea,Durvillaeaceae,Fucales,Fucales,Phaeophyceae,Phaeophyta,,0.0,0.0
Ascoseira mirabilis,Ascoseira,Ascoseiraceae,Ascoseirales,Ascoseirales,Phaeophyceae,Phaeophyta,,0.0,0.0
Desmarestia antarctica,Desmarestia,Desmarestiaceae,Desmarestiales,Desmarestiales,Phaeophyceae,Phaeophyta,,0.0,0.0
Cystophora jacquinotii,Cystophora,Cystoseiraceae,Fucales,Fucales,Phaeophyceae,Phaeophyta,,0.0,0.0
Phaeurus antarcticus,Phaeurus,Desmarestiaceae,Desmarestiales,Desmarestiales,Phaeophyceae,Phaeophyta,,0.0,0.0
Arthrocardia sp.,Arthrocardia,Corallinaceae,Cryptonemiales,Florideophycideae,Rhodophytina,Rhodophyta,,0.0,0.0
Centroceras clavulatum,Centroceras,Ceramiaceae,Ceramiales,Florideophycideae,Rhodophytina,Rhodophyta,,0.0,0.0
Nothogenia erinacea,Nothogenia,Liagoraceae,Nemaliales,Florideophycideae,Rhodophytina,Rhodophyta,,0.0,0.0
Gelidium pristoides,Gelidium,Gelidiaceae,Nemaliales,Florideophycideae,Rhodophytina,Rhodophyta,,0.0,0.0
Gigartina radula,Gigartina,Gigartinaceae,Gigartinales,Florideophycideae,Rhodophytina,Rhodophyta,,0.0,0.0
Gigartina stiriata,Gigartina,Gigartinaceae,Gigartinales,Florideophycideae,Rhodophytina,Rhodophyta,,0.0,0.0
Porphyra capensis,Porphyra,Bangiaceae,Bangiales,Bangiophyceae,Rhodophytina,Rhodophyta,,0.0,0.0
Pterosiphonia cloiophylla,Pterosiphonia,Rhodomelaceae,Ceramiales,Florideophycideae,Rhodophytina,Rhodophyta,,0.0,0.0
Ulva sp.,Ulva,Ulvaceae,Ulotrichales,Ulotrichales,Chlorophyceae,Chlorophyta,,0.0,0.0
Porphyra capensis,Porphyra,Bangiaceae,Bangiales,Bangiophyceae,Rhodophytina,Rhodophyta,,0.0,0.0
Ulva rigida,Ulva,Ulvaceae,Ulotrichales,Ulotrichales,Chlorophyceae,Chlorophyta,,0.0,0.0
Gigartina radula,Gigartina,Gigartinaceae,Gigartinales,Florideophycideae,Rhodophytina,Rhodophyta,,0.0,0.0
Splachnidium rugosum,Splachnidium,Splachnidiaceae,Chordariales,Chordariales,Phaeophyceae,Phaeophyta,,0.0,0.0
Bifurcaria brassicaeformis,Bifurcaria,Cystoseiraceae,Fucales,Fucales,Phaeophyceae,Phaeophyta,,0.0,0.0
Furcellaria lumbricalis,Furcellaria,Furcellariaceae,Gigartinales,Florideophycideae,Rhodophytina,Rhodophyta,,0.0,0.0
Nitzschia paradoxa,Nitzschia,Bacillariaceae,Bacillariales,Bacillariales,Bacillariophyceae,Bacillariophyta,6.602590799999999,0.0,0.0
Monostroma fuscum,Monostroma,Monostromataceae,Ulotrichales,Ulotrichales,Chlorophyceae,Chlorophyta,,0.0,0.0
Enteromorpha sp.,Enteromorpha,Ulvaceae,Ulotrichales,Ulotrichales,Chlorophyceae,Chlorophyta,,0.0,0.0
Ulva fenestrata,Ulva,Ulvaceae,Ulotrichales,Ulotrichales,Chlorophyceae,Chlorophyta,,0.0,0.0
Ulva lactuca,Ulva,Ulvaceae,Ulotrichales,Ulotrichales,Chlorophyceae,Chlorophyta,,0.0,0.0
Ulva sp.,Ulva,Ulvaceae,Ulotrichales,Ulotrichales,Chlorophyceae,Chlorophyta,,0.0,0.0
Ulva rigida,Ulva,Ulvaceae,Ulotrichales,Ulotrichales,Chlorophyceae,Chlorophyta,4.684689,0.0,0.0
Cladophora sp.,Cladophora,Cladophoraceae,Cladophorales,Cladophorales,Chlorophyceae,Chlorophyta,,0.0,0.0
Spongomorpha sp.,Spongomorpha,Acrosiphoniaceae,Acrosiphoniales,Acrosiphoniales,Chlorophyceae,Chlorophyta,1.3792085999999997,0.0,0.0
Codium fragile,Codium,Codiaceae,Caulerpales,Caulerpales,Chlorophyceae,Chlorophyta,0.7675289999999994,0.0,0.0
Ectocarpus dimorphus,Ectocarpus,Ectocarpaceae,Ectocarpales,Ectocarpales,Phaeophyceae,Phaeophyta,,0.0,0.0
Ralfsia sp.,Ralfsia,Ralfsiaceae,Ectocarpales,Ectocarpales,Phaeophyceae,Phaeophyta,,0.0,0.0
Elachista fucicola,Elachista,Elachistaceae,Ectocarpales,Ectocarpales,Phaeophyceae,Phaeophyta,,0.0,0.0
Desmarestia herbacea,Desmarestia,Desmarestiaceae,Desmarestiales,Desmarestiales,Phaeophyceae,Phaeophyta,1.22202,0.0,0.0
Desmarestia intermedia,Desmarestia,Desmarestiaceae,Desmarestiales,Desmarestiales,Phaeophyceae,Phaeophyta,,0.0,0.0
Punctaria expansa,Punctaria,Punctariaceae,Dictyosiphonales,Dictyosiphonales,Phaeophyceae,Phaeophyta,,0.0,0.0
Scytosiphon lomentaria,Scytosiphon,Scytosiphonaceae,Scytosiphonales,Scytosiphonales,Phaeophyceae,Phaeophyta,,0.0,0.0
Colpomenia sinuosa,Colpomenia,Scytosiphonaceae,Scytosiphonales,Scytosiphonales,Phaeophyceae,Phaeophyta,0.3455136000000002,0.0,0.0
Laminaria complanata,Laminaria,Laminariaceae,Laminariales,Laminariales,Phaeophyceae,Phaeophyta,,0.0,0.0
Laminaria saccharina,Laminaria,Laminariaceae,Laminariales,Laminariales,Phaeophyceae,Phaeophyta,2.733642,0.0,0.0
Laminaria setchellii,Laminaria,Laminariaceae,Laminariales,Laminariales,Phaeophyceae,Phaeophyta,,0.0,0.0
Pleurophycus gardeneri,Pleurophycus,Laminariaceae,Laminariales,Laminariales,Phaeophyceae,Phaeophyta,,0.0,0.0
Costaria costata,Costaria,Laminariaceae,Laminariales,Laminariales,Phaeophyceae,Phaeophyta,1.3165172999999997,0.0,0.0
Agarum cribrosum,Agarum,Laminariaceae,Laminariales,Laminariales,Phaeophyceae,Phaeophyta,2.477603700000001,0.0,0.0
Agarum fimbriatum,Agarum,Laminariaceae,Laminariales,Laminariales,Phaeophyceae,Phaeophyta,1.9081089,0.0,0.0
Hedophyllum sessile,Hedophyllum,Laminariaceae,Laminariales,Laminariales,Phaeophyceae,Phaeophyta,2.0276325,0.0,0.0
Nereocystis luetkeana,Nereocystis,Lessoniaceae,Laminariales,Laminariales,Phaeophyceae,Phaeophyta,0.8436959999999997,0.0,0.0
Postelsia palmaeformis,Postelsia,Lessoniaceae,Laminariales,Laminariales,Phaeophyceae,Phaeophyta,1.4193427499999998,0.0,0.0
Macrocystis integrifolia,Macrocystis,Lessoniaceae,Laminariales,Laminariales,Phaeophyceae,Phaeophyta,2.1707595000000004,0.0,0.0
Pterygophora californica,Pterygophora,Alariaceae,Laminariales,Laminariales,Phaeophyceae,Phaeophyta,2.27617965,0.0,0.0
Alaria marginata,Alaria,Alariaceae,Laminariales,Laminariales,Phaeophyceae,Phaeophyta,,0.0,0.0
Alaria nana,Alaria,Alariaceae,Laminariales,Laminariales,Phaeophyceae,Phaeophyta,2.5842375,0.0,0.0
Egregia menziesii,Egregia,Alariaceae,Laminariales,Laminariales,Phaeophyceae,Phaeophyta,2.1841515,0.0,0.0
Fucus distichus,Fucus,Fucaceae,Fucales,Fucales,Phaeophyceae,Phaeophyta,2.7273645,0.0,0.0
Pelvetiopsis limitata,Pelvetiopsis,Fucaceae,Fucales,Fucales,Phaeophyceae,Phaeophyta,2.6233672500000007,0.0,0.0
Bangia fuscopurpurea,Bangia,Bangiaceae,Bangiales,Bangiophyceae,Rhodophytina,Rhodophyta,,0.0,0.0
Porphyra nereocystis,Porphyra,Bangiaceae,Bangiales,Bangiophyceae,Rhodophytina,Rhodophyta,2.3107477499999995,0.0,0.0
Porphyra perforata,Porphyra,Bangiaceae,Bangiales,Bangiophyceae,Rhodophytina,Rhodophyta,2.79578925,0.0,0.0
Gelidium cartilagineum,Gelidium,Gelidiaceae,Nemaliales,Florideophycideae,Rhodophytina,Rhodophyta,5.892479999999999,0.0,0.0
Dilsea californica,Dilsea,Dumontiaceae,Cryptonemiales,Florideophycideae,Rhodophytina,Rhodophyta,2.2307305499999983,0.0,0.0
Constantinea simplex,Constantinea,Weeksiaceae,Cryptonemiales,Florideophycideae,Rhodophytina,Rhodophyta,,0.0,0.0
Lithothamnium sp.,Lithothamnium,Corallinaceae,Cryptonemiales,Florideophycideae,Rhodophytina,Rhodophyta,,0.0,0.0
Bossiella sp.,Bossiella,Corallinaceae,Cryptonemiales,Florideophycideae,Rhodophytina,Rhodophyta,,0.0,0.0
Serraticardia sp.,Serraticardia,Corallinaceae,Cryptonemiales,Florideophycideae,Rhodophytina,Rhodophyta,,0.0,0.0
Corallina vancouveriensis,Corallina,Corallinaceae,Cryptonemiales,Florideophycideae,Rhodophytina,Rhodophyta,,0.0,0.0
Calliarthron sp.,Calliarthron,Corallinaceae,Cryptonemiales,Florideophycideae,Rhodophytina,Rhodophyta,2.06739,0.0,0.0
Endocladia muricata,Endocladia,Endocladiaceae,Cryptonemiales,Florideophycideae,Rhodophytina,Rhodophyta,6.17706,0.0,0.0
Grateloupia doryphora,Grateloupia,Cryptonemiaceae,Cryptonemiales,Florideophycideae,Rhodophytina,Rhodophyta,,0.0,0.0
Prionitis lyallii,Prionitis,Cryptonemiaceae,Cryptonemiales,Florideophycideae,Rhodophytina,Rhodophyta,3.23919,0.0,0.0
Callophyllis flabellulata,Callophyllis,Kallymeniaceae,Cryptonemiales,Florideophycideae,Rhodophytina,Rhodophyta,1.71756585,0.0,0.0
Erythrophyllum delesserioides,Erythrophyllum,Kallymeniaceae,Cryptonemiales,Florideophycideae,Rhodophytina,Rhodophyta,,0.0,0.0
Schizymenia pacifica,Schizymenia,Nemastomataceae,Gigartinales,Florideophycideae,Rhodophytina,Rhodophyta,,0.0,0.0
Opuntiella californica,Opuntiella,Solieriaceae,Gigartinales,Florideophycideae,Rhodophytina,Rhodophyta,2.4740883000000005,0.0,0.0
Gigartina corymbifera,Gigartina,Gigartinaceae,Gigartinales,Florideophycideae,Rhodophytina,Rhodophyta,2.55285,0.0,0.0
Gigartina papillata,Gigartina,Gigartinaceae,Gigartinales,Florideophycideae,Rhodophytina,Rhodophyta,5.375214,0.0,0.0
Iridea sp.,Iridea,Gigartinaceae,Gigartinales,Florideophycideae,Rhodophytina,Rhodophyta,2.407379400000001,0.0,0.0
Halosaccion glandiforme,Halosaccion,Rhodymeniaceae,Rhodymeniales,Florideophycideae,Rhodophytina,Rhodophyta,2.0345796,0.0,0.0
Rhodymenia palmata,Rhodymenia,Rhodymeniaceae,Rhodymeniales,Florideophycideae,Rhodophytina,Rhodophyta,2.456846100000001,0.0,0.0
Antithamnion subulatum,Antithamnion,Ceramiaceae,Ceramiales,Florideophycideae,Rhodophytina,Rhodophyta,,0.0,0.0
Microcladia coulteri,Microcladia,Ceramiaceae,Ceramiales,Florideophycideae,Rhodophytina,Rhodophyta,3.0841775999999985,0.0,0.0
Ptilota filicina,Ptilota,Ceramiaceae,Ceramiales,Florideophycideae,Rhodophytina,Rhodophyta,2.5111255500000005,0.0,0.0
Membranoptera sp.,Membranoptera,Delesseriaceae,Ceramiales,Florideophycideae,Rhodophytina,Rhodophyta,,0.0,0.0
Delesseria decipiens,Delesseria,Delesseriaceae,Ceramiales,Florideophycideae,Rhodophytina,Rhodophyta,,0.0,0.0
Delesseria decipiens,Delesseria,Delesseriaceae,Ceramiales,Florideophycideae,Rhodophytina,Rhodophyta,1.9795887,0.0,0.0
Polyneura latissima,Polyneura,Delesseriaceae,Ceramiales,Florideophycideae,Rhodophytina,Rhodophyta,,0.0,0.0
Polyneura latissima,Polyneura,Delesseriaceae,Ceramiales,Florideophycideae,Rhodophytina,Rhodophyta,,0.0,0.0
Cryptopleura violacea,Cryptopleura,Rhodomelaceae,Ceramiales,Florideophycideae,Rhodophytina,Rhodophyta,,0.0,0.0
Polysiphonia brodiae,Polysiphonia,Rhodomelaceae,Ceramiales,Florideophycideae,Rhodophytina,Rhodophyta,,0.0,0.0
Polysiphonia sp.,Polysiphonia,Rhodomelaceae,Ceramiales,Florideophycideae,Rhodophytina,Rhodophyta,2.1952835999999984,0.0,0.0
Pterosiphonia bipinnata,Pterosiphonia,Rhodomelaceae,Ceramiales,Florideophycideae,Rhodophytina,Rhodophyta,,0.0,0.0
Pterosiphonia sp.,Pterosiphonia,Rhodomelaceae,Ceramiales,Florideophycideae,Rhodophytina,Rhodophyta,1.89777195,0.0,0.0
Laurencia spectabilis,Laurencia,Rhodomelaceae,Ceramiales,Florideophycideae,Rhodophytina,Rhodophyta,1.1852756999999996,0.0,0.0
Rhodomela larix,Rhodomela,Rhodomelaceae,Ceramiales,Florideophycideae,Rhodophytina,Rhodophyta,,0.0,0.0
Odonthalia floccosa,Odonthalia,Rhodomelaceae,Ceramiales,Florideophycideae,Rhodophytina,Rhodophyta,2.5842375,0.0,0.0
Phyllospadix scouleri,Phyllospadix,Zosteraceae,Najadales,Alismatidae,Magnoliopsida,Tracheophyta,4.5045666,0.0,0.0
Sargassum muticum,Sargassum,Sargassaceae,Fucales,Fucales,Phaeophyceae,Phaeophyta,,0.0,0.0
Halidrys siliquosa,Halidrys,Cystoseiraceae,Fucales,Fucales,Phaeophyceae,Phaeophyta,,0.0,0.0
Pilayella littoralis,Pilayella,Ectocarpaceae,Ectocarpales,Ectocarpales,Phaeophyceae,Phaeophyta,,0.0,0.0
Laminaria longicuris,Laminaria,Laminariaceae,Laminariales,Laminariales,Phaeophyceae,Phaeophyta,2.070522,0.0,0.0
Laminaria digitata,Laminaria,Laminariaceae,Laminariales,Laminariales,Phaeophyceae,Phaeophyta,2.23400043,0.0,0.0
Agarum cribrosum,Agarum,Laminariaceae,Laminariales,Laminariales,Phaeophyceae,Phaeophyta,3.21419,0.0,0.0
Acrosiphonia coalita,Acrosiphonia,Acrosiphoniaceae,Acrosiphoniales,Acrosiphoniales,Chlorophyceae,Chlorophyta,,0.0,0.0
Ulva lobata,Ulva,Ulvaceae,Ulotrichales,Ulotrichales,Chlorophyceae,Chlorophyta,,0.0,0.0
Cryptopleura violacea,Cryptopleura,Rhodomelaceae,Ceramiales,Florideophycideae,Rhodophytina,Rhodophyta,,0.0,0.0
Cryptosiphonia woodii,Cryptosiphonia,Dumontiaceae,Cryptonemiales,Florideophycideae,Rhodophytina,Rhodophyta,,0.0,0.0
Gelidium coulteri,Gelidium,Gelidiaceae,Nemaliales,Florideophycideae,Rhodophytina,Rhodophyta,,0.0,0.0
Gigartina canaliculata,Gigartina,Gigartinaceae,Gigartinales,Florideophycideae,Rhodophytina,Rhodophyta,,0.0,0.0
Gigartina leptorhynchos,Gigartina,Gigartinaceae,Gigartinales,Florideophycideae,Rhodophytina,Rhodophyta,,0.0,0.0
Iridea spendens,Iridea,Gigartinaceae,Gigartinales,Florideophycideae,Rhodophytina,Rhodophyta,,0.0,0.0
Mastocarpus papillatus,Mastocarpus,Gigartinaceae,Gigartinales,Florideophycideae,Rhodophytina,Rhodophyta,,0.0,0.0
Microcladia coulteri,Microcladia,Ceramiaceae,Ceramiales,Florideophycideae,Rhodophytina,Rhodophyta,,0.0,0.0
Porphyra perforata,Porphyra,Bangiaceae,Bangiales,Bangiophyceae,Rhodophytina,Rhodophyta,,0.0,0.0
Rhodoglossum affine,Rhodoglossum,Gigartinaceae,Gigartinales,Florideophycideae,Rhodophytina,Rhodophyta,,0.0,0.0
Smithora naiadum,Smithora,Erythropeltidaceae,Bangiales,Bangiophyceae,Rhodophytina,Rhodophyta,,0.0,0.0
Corallina vancouveriensis,Corallina,Corallinaceae,Cryptonemiales,Florideophycideae,Rhodophytina,Rhodophyta,,0.0,0.0
Endocladia muricata,Endocladia,Endocladiaceae,Cryptonemiales,Florideophycideae,Rhodophytina,Rhodophyta,,0.0,0.0
Gastroclonium subarticulatum,Gastroclonium,Champiaceae,Rhodymeniales,Florideophycideae,Rhodophytina,Rhodophyta,,0.0,0.0
Laurencia spectabilis,Laurencia,Rhodomelaceae,Ceramiales,Florideophycideae,Rhodophytina,Rhodophyta,,0.0,0.0
Prionitis lanceolata,Prionitis,Cryptonemiaceae,Cryptonemiales,Florideophycideae,Rhodophytina,Rhodophyta,,0.0,0.0
Fucus gardneri,Fucus,Fucaceae,Fucales,Fucales,Phaeophyceae,Phaeophyta,,0.0,0.0
Hesperophycus harveyanus,Hesperophycus,Fucaceae,Fucales,Fucales,Phaeophyceae,Phaeophyta,,0.0,0.0
Macrocystis integrifolia,Macrocystis,Lessoniaceae,Laminariales,Laminariales,Phaeophyceae,Phaeophyta,,0.0,0.0
Pelvetia fastigiata,Pelvetia,Fucaceae,Fucales,Fucales,Phaeophyceae,Phaeophyta,,0.0,0.0
Phyllospadix scouleri,Phyllospadix,Zosteraceae,Najadales,Alismatidae,Magnoliopsida,Tracheophyta,,0.0,0.0
Chondrus crispus,Chondrus,Gigartinaceae,Gigartinales,Florideophycideae,Rhodophytina,Rhodophyta,,0.0,0.0
Chondrus crispus,Chondrus,Gigartinaceae,Gigartinales,Florideophycideae,Rhodophytina,Rhodophyta,,0.0,0.0
Chondrus crispus,Chondrus,Gigartinaceae,Gigartinales,Florideophycideae,Rhodophytina,Rhodophyta,,0.0,0.0
Chondrus crispus,Chondrus,Gigartinaceae,Gigartinales,Florideophycideae,Rhodophytina,Rhodophyta,,0.0,0.0
Chondrus crispus,Chondrus,Gigartinaceae,Gigartinales,Florideophycideae,Rhodophytina,Rhodophyta,,0.0,0.0
Furcellaria lumbricalis,Furcellaria,Furcellariaceae,Gigartinales,Florideophycideae,Rhodophytina,Rhodophyta,,0.0,0.0
Furcellaria lumbricalis,Furcellaria,Furcellariaceae,Gigartinales,Florideophycideae,Rhodophytina,Rhodophyta,,0.0,0.0
Furcellaria lumbricalis,Furcellaria,Furcellariaceae,Gigartinales,Florideophycideae,Rhodophytina,Rhodophyta,,0.0,0.0
Furcellaria lumbricalis,Furcellaria,Furcellariaceae,Gigartinales,Florideophycideae,Rhodophytina,Rhodophyta,,0.0,0.0
Phyllophora sp.,Phyllophora,Phyllophoraceae,Gigartinales,Florideophycideae,Rhodophytina,Rhodophyta,,0.0,0.0
Phyllophora sp.,Phyllophora,Phyllophoraceae,Gigartinales,Florideophycideae,Rhodophytina,Rhodophyta,,0.0,0.0
Phyllophora sp.,Phyllophora,Phyllophoraceae,Gigartinales,Florideophycideae,Rhodophytina,Rhodophyta,,0.0,0.0
Laminaria saccharina,Laminaria,Laminariaceae,Laminariales,Laminariales,Phaeophyceae,Phaeophyta,,0.0,0.0
Laminaria saccharina,Laminaria,Laminariaceae,Laminariales,Laminariales,Phaeophyceae,Phaeophyta,,0.0,0.0
Fucus serratus,Fucus,Fucaceae,Fucales,Fucales,Phaeophyceae,Phaeophyta,,0.0,0.0
Fucus serratus,Fucus,Fucaceae,Fucales,Fucales,Phaeophyceae,Phaeophyta,,0.0,0.0
Fucus serratus,Fucus,Fucaceae,Fucales,Fucales,Phaeophyceae,Phaeophyta,,0.0,0.0
Fucus vesiculosus,Fucus,Fucaceae,Fucales,Fucales,Phaeophyceae,Phaeophyta,,0.0,0.0
Fucus vesiculosus,Fucus,Fucaceae,Fucales,Fucales,Phaeophyceae,Phaeophyta,,0.0,0.0
Fucus vesiculosus,Fucus,Fucaceae,Fucales,Fucales,Phaeophyceae,Phaeophyta,,0.0,0.0
Chondrus crispus,Chondrus,Gigartinaceae,Gigartinales,Florideophycideae,Rhodophytina,Rhodophyta,,0.0,0.0
Fucus virsoides,Fucus,Fucaceae,Fucales,Fucales,Phaeophyceae,Phaeophyta,,0.0,0.0
Macrocystis pyrifera,Macrocystis,Lessoniaceae,Laminariales,Laminariales,Phaeophyceae,Phaeophyta,,0.0,0.0
Mya truncata,Mya,Myidae,Myoida,Heterodonta,Bivalvia,Mollusca,4.228199999999999,0.0,1.0
Hiatella arctica,Hiatella,Hiatellidae,Myoida,Heterodonta,Bivalvia,Mollusca,5.6826,0.0,1.0
Serripes groenlandicus,Serripes,Cardiidae,Veneroida,Heterodonta,Bivalvia,Mollusca,5.202,0.0,1.0
Durvillaea antarctica,Durvillaea,Durvillaeaceae,Fucales,Fucales,Phaeophyceae,Phaeophyta,2.001489,0.0,0.0
Durvillaea antarctica,Durvillaea,Durvillaeaceae,Fucales,Fucales,Phaeophyceae,Phaeophyta,2.26457,0.0,0.0
Pelvetiopsis limitata,Pelvetiopsis,Fucaceae,Fucales,Fucales,Phaeophyceae,Phaeophyta,,0.0,0.0
Ulva rigida,Ulva,Ulvaceae,Ulotrichales,Ulotrichales,Chlorophyceae,Chlorophyta,,0.0,0.0
Hypnea musciformis,Hypnea,Hypneaceae,Gigartinales,Florideophycideae,Rhodophytina,Rhodophyta,,0.0,0.0
Hypnea musciformis,Hypnea,Hypneaceae,Gigartinales,Florideophycideae,Rhodophytina,Rhodophyta,,0.0,0.0
Sargassum muticum,Sargassum,Sargassaceae,Fucales,Fucales,Phaeophyceae,Phaeophyta,,3.0,0.0
Postelsia palmaeformis,Postelsia,Lessoniaceae,Laminariales,Laminariales,Phaeophyceae,Phaeophyta,2.3436569,0.0,0.0
Ceratophyllum demersum,Ceratophyllum,Ceratophyllaceae,Nymphaeales,Magnoliidae,Magnoliopsida,Tracheophyta,,0.0,0.0
Heteranthera dubia,Heteranthera,Pontederiaceae,Liliales,Liliidae,Magnoliopsida,Tracheophyta,,0.0,0.0
Myriophyllum sp.,Myriophyllum,Haloragaceae,Haloragales,Rosidae,Magnoliopsida,Tracheophyta,,0.0,0.0
Potamogeton richardsonii,Potamogeton,Potamogetonaceae,Najadales,Alismatidae,Magnoliopsida,Tracheophyta,,0.0,0.0
Potamogeton zosteriformis,Potamogeton,Potamogetonaceae,Najadales,Alismatidae,Magnoliopsida,Tracheophyta,,0.0,0.0
Vallisneria americana,Vallisneria,Hydrocharitaceae,Hydrocharitales,Alismatidae,Magnoliopsida,Tracheophyta,,0.0,0.0
Elodea sp.,Elodea,Hydrocharitaceae,Hydrocharitales,Alismatidae,Magnoliopsida,Tracheophyta,,0.0,0.0
Eriocaulon septangulare,Eriocaulon,Eriocaulaceae,Erioaulales,Commelinidae,Magnoliopsida,Tracheophyta,,0.0,0.0
Lobelia dortmania,Lobelia,Campanulaceae,Campanulales,Asteridae,Magnoliopsida,Tracheophyta,,0.0,0.0
Potamogeton epihydrus,Potamogeton,Potamogetonaceae,Najadales,Alismatidae,Magnoliopsida,Tracheophyta,,0.0,0.0
Halophila engelmannii,Halophila,Hydrocharitaceae,Hydrocharitales,Alismatidae,Magnoliopsida,Tracheophyta,,0.0,0.0
Halophila engelmannii,Halophila,Hydrocharitaceae,Hydrocharitales,Alismatidae,Magnoliopsida,Tracheophyta,,0.0,0.0
Calanus finmarchicus,Calanus,Calanidae,Calanoida,Gymnoplea,Copepoda,Crustacea,,3.0,1.0
Acanthophora spicifera,Acanthophora,Rhodomelaceae,Ceramiales,Florideophycideae,Rhodophytina,Rhodophyta,,0.0,0.0
Acanthophora spicifera,Acanthophora,Rhodomelaceae,Ceramiales,Florideophycideae,Rhodophytina,Rhodophyta,,0.0,0.0
Amphibolis griffithii,Amphibolis,Potamogetonaceae,Najadales,Alismatidae,Magnoliopsida,Tracheophyta,,0.0,0.0
Amphiroa foliacea,Amphiroa,Corallinaceae,Cryptonemiales,Florideophycideae,Rhodophytina,Rhodophyta,,0.0,0.0
Asparagopsis sp.,Asparagopsis,Bonnemaisoniaceae,Nemaliales,Florideophycideae,Rhodophytina,Rhodophyta,,0.0,0.0
Boodlea sp.,Boodlea,Valoniaceae,Siphonocladales,Siphonocladales,Chlorophyceae,Chlorophyta,,0.0,0.0
Calothrix sp.,Calothrix,Rivulariaceae,Nostocales,Nostocales,Cyanophyceae,Cyanophycota,,0.0,0.0
Cladophora sp.,Cladophora,Cladophoraceae,Cladophorales,Cladophorales,Chlorophyceae,Chlorophyta,,0.0,0.0
Cladostephus spongiosus,Cladostephus,Cladostephaceae,Sphacelariales,Sphacelariales,Phaeophyceae,Phaeophyta,,0.0,0.0
Codium sp.,Codium,Codiaceae,Caulerpales,Caulerpales,Chlorophyceae,Chlorophyta,,0.0,0.0
Codium arabicum,Codium,Codiaceae,Caulerpales,Caulerpales,Chlorophyceae,Chlorophyta,,0.0,0.0
Codium barsa,Codium,Codiaceae,Caulerpales,Caulerpales,Chlorophyceae,Chlorophyta,,0.0,0.0
Colpomenia sinuosa,Colpomenia,Scytosiphonaceae,Scytosiphonales,Scytosiphonales,Phaeophyceae,Phaeophyta,,0.0,0.0
Cymodocea nodosa,Cymodocea,Cymodoceaceae,Najadales,Alismatidae,Magnoliopsida,Tracheophyta,,0.0,0.0
Cymodocea serrulata,Cymodocea,Cymodoceaceae,Najadales,Alismatidae,Magnoliopsida,Tracheophyta,,0.0,0.0
Cystoseira balearica,Cystoseira,Cystoseiraceae,Fucales,Fucales,Phaeophyceae,Phaeophyta,,0.0,0.0
Cystoseira fimbriata,Cystoseira,Cystoseiraceae,Fucales,Fucales,Phaeophyceae,Phaeophyta,,0.0,0.0
Cystoseira spinosa,Cystoseira,Cystoseiraceae,Fucales,Fucales,Phaeophyceae,Phaeophyta,,0.0,0.0
Cystoseira stricta,Cystoseira,Cystoseiraceae,Fucales,Fucales,Phaeophyceae,Phaeophyta,,0.0,0.0
Cystoseira trinodis,Cystoseira,Cystoseiraceae,Fucales,Fucales,Phaeophyceae,Phaeophyta,,0.0,0.0
Dictyosphaeria cavernosa,Dictyosphaeria,Valoniaceae,Siphonocladales,Siphonocladales,Chlorophyceae,Chlorophyta,,0.0,0.0
Dictyosphaeria versluysii,Dictyosphaeria,Valoniaceae,Siphonocladales,Siphonocladales,Chlorophyceae,Chlorophyta,,0.0,0.0
Dictyota pardalis,Dictyota,Dictyotaceae,Dictyonales,Dictyonales,Phaeophyceae,Phaeophyta,,0.0,0.0
Dictyota sandvicenvis,Dictyota,Dictyotaceae,Dictyonales,Dictyonales,Phaeophyceae,Phaeophyta,,0.0,0.0
Dictyota acutiloba,Dictyota,Dictyotaceae,Dictyonales,Dictyonales,Phaeophyceae,Phaeophyta,,0.0,0.0
Ecklonia radiata,Ecklonia,Alariaceae,Laminariales,Laminariales,Phaeophyceae,Phaeophyta,,0.0,0.0
Ecklonia acoroides,Ecklonia,Alariaceae,Laminariales,Laminariales,Phaeophyceae,Phaeophyta,,0.0,0.0
Enteromorpha flexuosa,Enteromorpha,Ulvaceae,Ulotrichales,Ulotrichales,Chlorophyceae,Chlorophyta,,0.0,0.0
Galaxaura rugosa,Galaxaura,Chaetangiaceae,Nemaliales,Florideophycideae,Rhodophytina,Rhodophyta,,0.0,0.0
Gracilaria sp.,Gracilaria,Gracilariaceae,Gigartinales,Florideophycideae,Rhodophytina,Rhodophyta,,0.0,0.0
Gracilaria sp.,Gracilaria,Gracilariaceae,Gigartinales,Florideophycideae,Rhodophytina,Rhodophyta,,0.0,0.0
Halimeda sp.,Halimeda,Codiaceae,Caulerpales,Caulerpales,Chlorophyceae,Chlorophyta,,0.0,0.0
Halimeda discoidea,Halimeda,Codiaceae,Caulerpales,Caulerpales,Chlorophyceae,Chlorophyta,,0.0,0.0
Halimeda opuntia,Halimeda,Codiaceae,Caulerpales,Caulerpales,Chlorophyceae,Chlorophyta,,0.0,0.0
Halimeda tuna,Halimeda,Codiaceae,Caulerpales,Caulerpales,Chlorophyceae,Chlorophyta,,0.0,0.0
Halodule uninervis,Halodule,Cymodoceaceae,Najadales,Alismatidae,Magnoliopsida,Tracheophyta,,0.0,0.0
Halophila hawaiiana,Halophila,Hydrocharitaceae,Hydrocharitales,Alismatidae,Magnoliopsida,Tracheophyta,,0.0,0.0
Halophila ovalis,Halophila,Hydrocharitaceae,Hydrocharitales,Alismatidae,Magnoliopsida,Tracheophyta,,0.0,0.0
Halophila spinulosa,Halophila,Hydrocharitaceae,Hydrocharitales,Alismatidae,Magnoliopsida,Tracheophyta,,0.0,0.0
Hydroclathrus clathratus,Hydroclathrus,Scytosiphonaceae,Scytosiphonales,Scytosiphonales,Phaeophyceae,Phaeophyta,,0.0,0.0
Hydroclathrus clathratus,Hydroclathrus,Scytosiphonaceae,Scytosiphonales,Scytosiphonales,Phaeophyceae,Phaeophyta,,0.0,0.0
Hypnea valentiae,Hypnea,Hypneaceae,Gigartinales,Florideophycideae,Rhodophytina,Rhodophyta,,0.0,0.0
Iridea cordata,Iridea,Gigartinaceae,Gigartinales,Florideophycideae,Rhodophytina,Rhodophyta,,0.0,0.0
Laminaria dentigera,Laminaria,Laminariaceae,Laminariales,Laminariales,Phaeophyceae,Phaeophyta,,0.0,0.0
Laurencia sp.,Laurencia,Rhodomelaceae,Ceramiales,Florideophycideae,Rhodophytina,Rhodophyta,,0.0,0.0
Laurencia sp.,Laurencia,Rhodomelaceae,Ceramiales,Florideophycideae,Rhodophytina,Rhodophyta,,0.0,0.0
Lyngbya majuscula,Lyngbya,Oscillatoriaceae,Nostocales,Nostocales,Cyanophyceae,Cyanophycota,,0.0,0.0
Lyngbya majuscula,Lyngbya,Oscillatoriaceae,Nostocales,Nostocales,Cyanophyceae,Cyanophycota,,0.0,0.0
Macrocystis pyrifera,Macrocystis,Lessoniaceae,Laminariales,Laminariales,Phaeophyceae,Phaeophyta,,0.0,0.0
Nereocystis luetkeana,Nereocystis,Lessoniaceae,Laminariales,Laminariales,Phaeophyceae,Phaeophyta,,0.0,0.0
Padina japonica,Padina,Dictyotaceae,Dictyonales,Dictyonales,Phaeophyceae,Phaeophyta,,0.0,0.0
Padina tenuis,Padina,Dictyotaceae,Dictyonales,Dictyonales,Phaeophyceae,Phaeophyta,,0.0,0.0
Padina sp.,Padina,Dictyotaceae,Dictyonales,Dictyonales,Phaeophyceae,Phaeophyta,,0.0,0.0
Padina sp.,Padina,Dictyotaceae,Dictyonales,Dictyonales,Phaeophyceae,Phaeophyta,,0.0,0.0
Peyssonelia sp.,Peyssonelia,Squamariaceae,Cryptonemiales,Florideophycideae,Rhodophytina,Rhodophyta,,0.0,0.0
Phyllospadix scouleri,Phyllospadix,Zosteraceae,Najadales,Alismatidae,Magnoliopsida,Tracheophyta,,0.0,0.0
Posidonia oceania,Posidonia,Posidoniaceae,Najadales,Alismatidae,Magnoliopsida,Tracheophyta,,0.0,0.0
Posidonia ostenfeldia,Posidonia,Posidoniaceae,Najadales,Alismatidae,Magnoliopsida,Tracheophyta,,0.0,0.0
Posidonia sinuosa,Posidonia,Posidoniaceae,Najadales,Alismatidae,Magnoliopsida,Tracheophyta,,0.0,0.0
Polysiphonia sp.,Polysiphonia,Rhodomelaceae,Ceramiales,Florideophycideae,Rhodophytina,Rhodophyta,,0.0,0.0
Ruppia maritima,Ruppia,Ruppiaceae,Najadales,Alismatidae,Magnoliopsida,Tracheophyta,,0.0,0.0
Sargassum sp.,Sargassum,Sargassaceae,Fucales,Fucales,Phaeophyceae,Phaeophyta,,3.0,0.0
Sargassum sp.,Sargassum,Sargassaceae,Fucales,Fucales,Phaeophyceae,Phaeophyta,,3.0,0.0
Sargassum sp.,Sargassum,Sargassaceae,Fucales,Fucales,Phaeophyceae,Phaeophyta,,3.0,0.0
Schizothrix sp.,Schizothrix,Oscillatoriaceae,Nostocales,Nostocales,Cyanophyceae,Cyanophycota,,0.0,0.0
Schizothrix sp.,Schizothrix,Oscillatoriaceae,Nostocales,Nostocales,Cyanophyceae,Cyanophycota,,0.0,0.0
Spaerococcus coronopifolius,Spaerococcus,Oscillatoriaceae,Nostocales,Nostocales,Cyanophyceae,Cyanophycota,,0.0,0.0
Spyridia sp.,Spyridia,Ceramiaceae,Ceramiales,Florideophycideae,Rhodophytina,Rhodophyta,,0.0,0.0
Stypopodium sp.,Stypopodium,Dictyotaceae,Dictyonales,Dictyonales,Phaeophyceae,Phaeophyta,,0.0,0.0
Thalassia hemprichii,Thalassia,Hydrocharitaceae,Hydrocharitales,Alismatidae,Magnoliopsida,Tracheophyta,,0.0,0.0
Turbinaria ornata,Turbinaria,Sargassaceae,Fucales,Fucales,Phaeophyceae,Phaeophyta,,0.0,0.0
Turbinaria ornata,Turbinaria,Sargassaceae,Fucales,Fucales,Phaeophyceae,Phaeophyta,,0.0,0.0
Udotea peticolata,Udotea,Codiaceae,Caulerpales,Caulerpales,Chlorophyceae,Chlorophyta,,0.0,0.0
Ulva sp.,Ulva,Ulvaceae,Ulotrichales,Ulotrichales,Chlorophyceae,Chlorophyta,,0.0,0.0
Ulva reticolata,Ulva,Ulvaceae,Ulotrichales,Ulotrichales,Chlorophyceae,Chlorophyta,,0.0,0.0
Zostera capricorni,Zostera,Zosteraceae,Najadales,Alismatidae,Magnoliopsida,Tracheophyta,,0.0,0.0
Zostera marina,Zostera,Zosteraceae,Najadales,Alismatidae,Magnoliopsida,Tracheophyta,,0.0,0.0
Zostera marina,Zostera,Zosteraceae,Najadales,Alismatidae,Magnoliopsida,Tracheophyta,,0.0,0.0
Zostera marina,Zostera,Zosteraceae,Najadales,Alismatidae,Magnoliopsida,Tracheophyta,,0.0,0.0
Eucheuma isiforme,Eucheuma,Solieriaceae,Gigartinales,Florideophycideae,Rhodophytina,Rhodophyta,,0.0,0.0
Eucheuma gelidium,Eucheuma,Solieriaceae,Gigartinales,Florideophycideae,Rhodophytina,Rhodophyta,,0.0,0.0
Eucheuma nudum,Eucheuma,Solieriaceae,Gigartinales,Florideophycideae,Rhodophytina,Rhodophyta,,0.0,0.0
Eucheuma sp.,Eucheuma,Solieriaceae,Gigartinales,Florideophycideae,Rhodophytina,Rhodophyta,,0.0,0.0
Nereocystis luetkeana,Nereocystis,Lessoniaceae,Laminariales,Laminariales,Phaeophyceae,Phaeophyta,,0.0,0.0
Postelsia palmaeformis,Postelsia,Lessoniaceae,Laminariales,Laminariales,Phaeophyceae,Phaeophyta,,0.0,0.0
Coilodesme californica,Coilodesme,Laminariaceae,Laminariales,Laminariales,Phaeophyceae,Phaeophyta,,0.0,0.0
Egregia menziesii,Egregia,Alariaceae,Laminariales,Laminariales,Phaeophyceae,Phaeophyta,,0.0,0.0
Macrocystis pyrifera,Macrocystis,Lessoniaceae,Laminariales,Laminariales,Phaeophyceae,Phaeophyta,,0.0,0.0
Laminaria dentigera,Laminaria,Laminariaceae,Laminariales,Laminariales,Phaeophyceae,Phaeophyta,,0.0,0.0
Dictyoneurum californicum,Dictyoneurum,Laminariaceae,Laminariales,Laminariales,Phaeophyceae,Phaeophyta,,0.0,0.0
Pelvetia fastigiata,Pelvetia,Fucaceae,Fucales,Fucales,Phaeophyceae,Phaeophyta,,0.0,0.0
Pelvetiopsis limitata,Pelvetiopsis,Fucaceae,Fucales,Fucales,Phaeophyceae,Phaeophyta,,0.0,0.0
Analipus japonicus,Analipus,Chordariaceae,Ectocarpales,Ectocarpales,Phaeophyceae,Phaeophyta,,0.0,0.0
Cystoseira osmundacea,Cystoseira,Cystoseiraceae,Fucales,Fucales,Phaeophyceae,Phaeophyta,,0.0,0.0
Fucus distichus,Fucus,Fucaceae,Fucales,Fucales,Phaeophyceae,Phaeophyta,,0.0,0.0
Dictyota flabellata,Dictyota,Dictyotaceae,Dictyonales,Dictyonales,Phaeophyceae,Phaeophyta,,0.0,0.0
Enteromorpha bulbosa,Enteromorpha,Ulvaceae,Ulotrichales,Ulotrichales,Chlorophyceae,Chlorophyta,,0.0,0.0
Urospora penicilliformis,Urospora,Acrosiphoniaceae,Acrosiphoniales,Acrosiphoniales,Chlorophyceae,Chlorophyta,,0.0,0.0
Cladophora subsimplex,Cladophora,Cladophoraceae,Cladophorales,Cladophorales,Chlorophyceae,Chlorophyta,,0.0,0.0
Himantothallus grandifolius,Himantothallus,Desmarestiaceae,Desmarestiales,Desmarestiales,Phaeophyceae,Phaeophyta,,0.0,0.0
Desmarestia menziesii,Desmarestia,Desmarestiaceae,Desmarestiales,Desmarestiales,Phaeophyceae,Phaeophyta,,0.0,0.0
Porphyra endiviifolium,Porphyra,Bangiaceae,Bangiales,Bangiophyceae,Rhodophytina,Rhodophyta,,0.0,0.0
Phyllophora antarctica,Phyllophora,Phyllophoraceae,Gigartinales,Florideophycideae,Rhodophytina,Rhodophyta,,0.0,0.0
Iridea cordata,Iridea,Gigartinaceae,Gigartinales,Florideophycideae,Rhodophytina,Rhodophyta,,0.0,0.0
Palmaria decipiens,Palmaria,Rhodymeniaceae,Rhodymeniales,Florideophycideae,Rhodophytina,Rhodophyta,,0.0,0.0
Ectocarpus confervoides,Ectocarpus,Ectocarpaceae,Ectocarpales,Ectocarpales,Phaeophyceae,Phaeophyta,,0.0,0.0
Ectocarpus siliculosus,Ectocarpus,Ectocarpaceae,Ectocarpales,Ectocarpales,Phaeophyceae,Phaeophyta,,0.0,0.0
Ectocarpus fasciulatus,Ectocarpus,Ectocarpaceae,Ectocarpales,Ectocarpales,Phaeophyceae,Phaeophyta,,0.0,0.0
Spongonema tomentosum,Spongonema,Ectocarpaceae,Ectocarpales,Ectocarpales,Phaeophyceae,Phaeophyta,,0.0,0.0
Ralfsia fungiformis,Ralfsia,Ralfsiaceae,Ectocarpales,Ectocarpales,Phaeophyceae,Phaeophyta,,0.0,0.0
Leathesia difformis,Leathesia,Corynophlaeaceae,Ectocarpales,Ectocarpales,Phaeophyceae,Phaeophyta,,0.0,0.0
Eudesme virescens,Eudesme,Chordariaceae,Ectocarpales,Ectocarpales,Phaeophyceae,Phaeophyta,,0.0,0.0
Chordaria flagelliformis,Chordaria,Chordariaceae,Ectocarpales,Ectocarpales,Phaeophyceae,Phaeophyta,,0.0,0.0
Chordaria firmus,Chordaria,Chordariaceae,Ectocarpales,Ectocarpales,Phaeophyceae,Phaeophyta,,0.0,0.0
Desmarestia viridis,Desmarestia,Desmarestiaceae,Desmarestiales,Desmarestiales,Phaeophyceae,Phaeophyta,,0.0,0.0
Desmarestia aculeata,Desmarestia,Desmarestiaceae,Desmarestiales,Desmarestiales,Phaeophyceae,Phaeophyta,,0.0,0.0
Desmarestia ligulata,Desmarestia,Desmarestiaceae,Desmarestiales,Desmarestiales,Phaeophyceae,Phaeophyta,,0.0,0.0
Sphacelaria radicans,Sphacelaria,Sphacelariaceae,Sphacelariales,Sphacelariales,Phaeophyceae,Phaeophyta,,0.0,0.0
Chaetopteris plumosa,Chaetopteris,Sphacelariaceae,Sphacelariales,Sphacelariales,Phaeophyceae,Phaeophyta,,0.0,0.0
Scytosiphon lomentaria,Scytosiphon,Scytosiphonaceae,Scytosiphonales,Scytosiphonales,Phaeophyceae,Phaeophyta,,0.0,0.0
Petalonia fascia,Petalonia,Scytosiphonaceae,Scytosiphonales,Scytosiphonales,Phaeophyceae,Phaeophyta,,0.0,0.0
Petalonia zosterifolia,Petalonia,Scytosiphonaceae,Scytosiphonales,Scytosiphonales,Phaeophyceae,Phaeophyta,,0.0,0.0
Coilodesme bulligera,Coilodesme,Laminariaceae,Laminariales,Laminariales,Phaeophyceae,Phaeophyta,,0.0,0.0
Dictyosiphon sp.,Dictyosiphon,Dictyosiphonaceae,Dictyosiphonales,Dictyosiphonales,Phaeophyceae,Phaeophyta,,0.0,0.0
Dictyosiphon foeniculaceus,Dictyosiphon,Dictyosiphonaceae,Dictyosiphonales,Dictyosiphonales,Phaeophyceae,Phaeophyta,,0.0,0.0
Dictyosiphon chordaria,Dictyosiphon,Dictyosiphonaceae,Dictyosiphonales,Dictyosiphonales,Phaeophyceae,Phaeophyta,,0.0,0.0
Pylaiella littoralis,Pylaiella,Ectocarpaceae,Ectocarpales,Ectocarpales,Phaeophyceae,Phaeophyta,,0.0,0.0
Stictyosiphon torilis,Stictyosiphon,Striariaceae,Dictyosiphonales,Dictyosiphonales,Phaeophyceae,Phaeophyta,,0.0,0.0
Punctaria plantaginea,Punctaria,Punctariaceae,Dictyosiphonales,Dictyosiphonales,Phaeophyceae,Phaeophyta,,0.0,0.0
Asperococcus echinatus,Asperococcus,Punctariaceae,Dictyosiphonales,Dictyosiphonales,Phaeophyceae,Phaeophyta,,0.0,0.0
Chorda filum,Chorda,Chordaceae,Laminariales,Laminariales,Phaeophyceae,Phaeophyta,,0.0,0.0
Chorda tomentosa,Chorda,Chordaceae,Laminariales,Laminariales,Phaeophyceae,Phaeophyta,,0.0,0.0
Laminaria saccharina,Laminaria,Laminariaceae,Laminariales,Laminariales,Phaeophyceae,Phaeophyta,,0.0,0.0
Laminaria saccharina,Laminaria,Laminariaceae,Laminariales,Laminariales,Phaeophyceae,Phaeophyta,,0.0,0.0
Laminaria saccharina,Laminaria,Laminariaceae,Laminariales,Laminariales,Phaeophyceae,Phaeophyta,,0.0,0.0
Laminaria digitata,Laminaria,Laminariaceae,Laminariales,Laminariales,Phaeophyceae,Phaeophyta,,0.0,0.0
Laminaria digitata,Laminaria,Laminariaceae,Laminariales,Laminariales,Phaeophyceae,Phaeophyta,,0.0,0.0
Laminaria digitata,Laminaria,Laminariaceae,Laminariales,Laminariales,Phaeophyceae,Phaeophyta,,0.0,0.0
Laminaria digitata,Laminaria,Laminariaceae,Laminariales,Laminariales,Phaeophyceae,Phaeophyta,,0.0,0.0
Laminaria nigripes,Laminaria,Laminariaceae,Laminariales,Laminariales,Phaeophyceae,Phaeophyta,,0.0,0.0
Laminaria hyperborea,Laminaria,Laminariaceae,Laminariales,Laminariales,Phaeophyceae,Phaeophyta,,0.0,0.0
Saccorhiza dermatodea,Saccorhiza,Laminariaceae,Laminariales,Laminariales,Phaeophyceae,Phaeophyta,,0.0,0.0
Alaria esculenta,Alaria,Alariaceae,Laminariales,Laminariales,Phaeophyceae,Phaeophyta,,0.0,0.0
Fucus vesiculosus,Fucus,Fucaceae,Fucales,Fucales,Phaeophyceae,Phaeophyta,,0.0,0.0
Fucus spiralis,Fucus,Fucaceae,Fucales,Fucales,Phaeophyceae,Phaeophyta,,0.0,0.0
Fucus distichus,Fucus,Fucaceae,Fucales,Fucales,Phaeophyceae,Phaeophyta,,0.0,0.0
Fucus distichus,Fucus,Fucaceae,Fucales,Fucales,Phaeophyceae,Phaeophyta,,0.0,0.0
Fucus distichus,Fucus,Fucaceae,Fucales,Fucales,Phaeophyceae,Phaeophyta,,0.0,0.0
Fucus distichus,Fucus,Fucaceae,Fucales,Fucales,Phaeophyceae,Phaeophyta,,0.0,0.0
Fucus ceranoides,Fucus,Fucaceae,Fucales,Fucales,Phaeophyceae,Phaeophyta,,0.0,0.0
Fucus serratus,Fucus,Fucaceae,Fucales,Fucales,Phaeophyceae,Phaeophyta,,0.0,0.0
Pelvetia canaliculata,Pelvetia,Fucaceae,Fucales,Fucales,Phaeophyceae,Phaeophyta,,0.0,0.0
Ascophyllum nodosum,Ascophyllum,Fucaceae,Fucales,Fucales,Phaeophyceae,Phaeophyta,,0.0,0.0
Porphyra umbilicalis,Porphyra,Bangiaceae,Bangiales,Bangiophyceae,Rhodophytina,Rhodophyta,,0.0,0.0
Porphyra abyssicola,Porphyra,Bangiaceae,Bangiales,Bangiophyceae,Rhodophytina,Rhodophyta,,0.0,0.0
Porphyra linearis,Porphyra,Bangiaceae,Bangiales,Bangiophyceae,Rhodophytina,Rhodophyta,,0.0,0.0
Porphyra miniata,Porphyra,Bangiaceae,Bangiales,Bangiophyceae,Rhodophytina,Rhodophyta,,0.0,0.0
Porphyra sp.,Porphyra,Bangiaceae,Bangiales,Bangiophyceae,Rhodophytina,Rhodophyta,,0.0,0.0
Dumontia incrassata,Dumontia,Dumontiaceae,Cryptonemiales,Florideophycideae,Rhodophytina,Rhodophyta,,0.0,0.0
Dilsea edulis,Dilsea,Dumontiaceae,Cryptonemiales,Florideophycideae,Rhodophytina,Rhodophyta,,0.0,0.0
Peyssonelia rosenvingii,Peyssonelia,Squamariaceae,Cryptonemiales,Florideophycideae,Rhodophytina,Rhodophyta,,0.0,0.0
Corallina officinalis,Corallina,Corallinaceae,Cryptonemiales,Florideophycideae,Rhodophytina,Rhodophyta,,0.0,0.0
Euthora cristata,Euthora,Kallymeniaceae,Cryptonemiales,Florideophycideae,Rhodophytina,Rhodophyta,,0.0,0.0
Cystoclonium purpureum,Cystoclonium,Rhodophyllidaceae,Gigartinales,Florideophycideae,Rhodophytina,Rhodophyta,,0.0,0.0
Rhodophyllis dichotoma,Rhodophyllis,Rhodophyllidaceae,Gigartinales,Florideophycideae,Rhodophytina,Rhodophyta,,0.0,0.0
Phyllophora membranifolia,Phyllophora,Phyllophoraceae,Gigartinales,Florideophycideae,Rhodophytina,Rhodophyta,,0.0,0.0
Plocamium coccineum,Plocamium,Plocamiaceae,Gigartinales,Florideophycideae,Rhodophytina,Rhodophyta,,0.0,0.0
Gigartina stellata,Gigartina,Gigartinaceae,Gigartinales,Florideophycideae,Rhodophytina,Rhodophyta,,0.0,0.0
Chondrus crispus,Chondrus,Gigartinaceae,Gigartinales,Florideophycideae,Rhodophytina,Rhodophyta,,0.0,0.0
Ahnfeltia plicata,Ahnfeltia,Phyllophoraceae,Gigartinales,Florideophycideae,Rhodophytina,Rhodophyta,,0.0,0.0
Rhodymenia palmata,Rhodymenia,Rhodymeniaceae,Rhodymeniales,Florideophycideae,Rhodophytina,Rhodophyta,,0.0,0.0
Halosaccion ramentaceum,Halosaccion,Rhodymeniaceae,Rhodymeniales,Florideophycideae,Rhodophytina,Rhodophyta,,0.0,0.0
Callithamnion arbuscula,Callithamnion,Ceramiaceae,Ceramiales,Florideophycideae,Rhodophytina,Rhodophyta,,0.0,0.0
Plumaria elegans,Plumaria,Ceramiaceae,Ceramiales,Florideophycideae,Rhodophytina,Rhodophyta,,0.0,0.0
Ptilota pectinata,Ptilota,Ceramiaceae,Ceramiales,Florideophycideae,Rhodophytina,Rhodophyta,,0.0,0.0
Ptilota plumosa,Ptilota,Ceramiaceae,Ceramiales,Florideophycideae,Rhodophytina,Rhodophyta,,0.0,0.0
Ceramium areschougii,Ceramium,Ceramiaceae,Ceramiales,Florideophycideae,Rhodophytina,Rhodophyta,,0.0,0.0
Ceramium sp.,Ceramium,Ceramiaceae,Ceramiales,Florideophycideae,Rhodophytina,Rhodophyta,,0.0,0.0
Delesseria sanguinea,Delesseria,Delesseriaceae,Ceramiales,Florideophycideae,Rhodophytina,Rhodophyta,,0.0,0.0
Phycodrys rubens,Phycodrys,Delesseriaceae,Ceramiales,Florideophycideae,Rhodophytina,Rhodophyta,,0.0,0.0
Membranoptera alata,Membranoptera,Delesseriaceae,Ceramiales,Florideophycideae,Rhodophytina,Rhodophyta,,0.0,0.0
Polysiphona lanosa,Polysiphona,Rhodomelaceae,Ceramiales,Florideophycideae,Rhodophytina,Rhodophyta,,0.0,0.0
Polysiphonia arctica,Polysiphonia,Rhodomelaceae,Ceramiales,Florideophycideae,Rhodophytina,Rhodophyta,,0.0,0.0
Polysiphonia nigrescens,Polysiphonia,Rhodomelaceae,Ceramiales,Florideophycideae,Rhodophytina,Rhodophyta,,0.0,0.0
Rhodomela lycopodioides,Rhodomela,Rhodomelaceae,Ceramiales,Florideophycideae,Rhodophytina,Rhodophyta,,0.0,0.0
Odonthalia dentata,Odonthalia,Rhodomelaceae,Ceramiales,Florideophycideae,Rhodophytina,Rhodophyta,,0.0,0.0
Ceramium rubrum,Ceramium,Ceramiaceae,Ceramiales,Florideophycideae,Rhodophytina,Rhodophyta,,0.0,0.0
Ulothrix flacca,Ulothrix,Ulotrichaceae,Ulotrichales,Ulotrichales,Chlorophyceae,Chlorophyta,,0.0,0.0
Blidingia minima,Blidingia,Ulvaceae,Ulotrichales,Ulotrichales,Chlorophyceae,Chlorophyta,,0.0,0.0
Enteromorpha intestinalis,Enteromorpha,Ulvaceae,Ulotrichales,Ulotrichales,Chlorophyceae,Chlorophyta,,0.0,0.0
Enteromorpha sp.,Enteromorpha,Ulvaceae,Ulotrichales,Ulotrichales,Chlorophyceae,Chlorophyta,,0.0,0.0
Enteromorpha clathrata,Enteromorpha,Ulvaceae,Ulotrichales,Ulotrichales,Chlorophyceae,Chlorophyta,,0.0,0.0
Enteromorpha compressa,Enteromorpha,Ulvaceae,Ulotrichales,Ulotrichales,Chlorophyceae,Chlorophyta,,0.0,0.0
Enteromorpha ahineriana,Enteromorpha,Ulvaceae,Ulotrichales,Ulotrichales,Chlorophyceae,Chlorophyta,,0.0,0.0
Enteromorpha prolifera,Enteromorpha,Ulvaceae,Ulotrichales,Ulotrichales,Chlorophyceae,Chlorophyta,,0.0,0.0
Enteromorpha sp.,Enteromorpha,Ulvaceae,Ulotrichales,Ulotrichales,Chlorophyceae,Chlorophyta,,0.0,0.0
Enteromorpha linza,Enteromorpha,Ulvaceae,Ulotrichales,Ulotrichales,Chlorophyceae,Chlorophyta,,0.0,0.0
Ulva lactuca,Ulva,Ulvaceae,Ulotrichales,Ulotrichales,Chlorophyceae,Chlorophyta,,0.0,0.0
Monostroma grevillei,Monostroma,Monostromataceae,Ulotrichales,Ulotrichales,Chlorophyceae,Chlorophyta,,0.0,0.0
Monostroma groenlandicum,Monostroma,Monostromataceae,Ulotrichales,Ulotrichales,Chlorophyceae,Chlorophyta,,0.0,0.0
Prasiola stipitata,Prasiola,Prasiolaceae,Prasiolales,Prasiolales,Chlorophyceae,Chlorophyta,,0.0,0.0
Rhizoclonium riparum,Rhizoclonium,Cladophoraceae,Cladophorales,Cladophorales,Chlorophyceae,Chlorophyta,,0.0,0.0
Cladophora rupestris,Cladophora,Cladophoraceae,Cladophorales,Cladophorales,Chlorophyceae,Chlorophyta,,0.0,0.0
Cladophora oblitterata,Cladophora,Cladophoraceae,Cladophorales,Cladophorales,Chlorophyceae,Chlorophyta,,0.0,0.0
Chaetomorpha melagonium,Chaetomorpha,Cladophoraceae,Cladophorales,Cladophorales,Chlorophyceae,Chlorophyta,,0.0,0.0
Chaetomorpha tortuosa,Chaetomorpha,Cladophoraceae,Cladophorales,Cladophorales,Chlorophyceae,Chlorophyta,,0.0,0.0
Acrosiphonia sp.,Acrosiphonia,Acrosiphoniaceae,Acrosiphoniales,Acrosiphoniales,Chlorophyceae,Chlorophyta,,0.0,0.0
Posidonia australis,Posidonia,Posidoniaceae,Najadales,Alismatidae,Magnoliopsida,Tracheophyta,,0.0,0.0
Posidonia oceania,Posidonia,Posidoniaceae,Najadales,Alismatidae,Magnoliopsida,Tracheophyta,,0.0,0.0
Cymodocea nodosa,Cymodocea,Cymodoceaceae,Najadales,Alismatidae,Magnoliopsida,Tracheophyta,,0.0,0.0
Thalassia testudinum,Thalassia,Hydrocharitaceae,Hydrocharitales,Alismatidae,Magnoliopsida,Tracheophyta,,0.0,0.0
Fucus distichus,Fucus,Fucaceae,Fucales,Fucales,Phaeophyceae,Phaeophyta,,0.0,0.0
Fucus vesiculosus,Fucus,Fucaceae,Fucales,Fucales,Phaeophyceae,Phaeophyta,,0.0,0.0
Ascophyllum nodosum,Ascophyllum,Fucaceae,Fucales,Fucales,Phaeophyceae,Phaeophyta,,0.0,0.0
Cymodocea serrulata,Cymodocea,Cymodoceaceae,Najadales,Alismatidae,Magnoliopsida,Tracheophyta,,0.0,0.0
Zostera capricorni,Zostera,Zosteraceae,Najadales,Alismatidae,Magnoliopsida,Tracheophyta,,0.0,0.0
Posidonia australis,Posidonia,Posidoniaceae,Najadales,Alismatidae,Magnoliopsida,Tracheophyta,,0.0,0.0
Posidonia sinuosa,Posidonia,Posidoniaceae,Najadales,Alismatidae,Magnoliopsida,Tracheophyta,,0.0,0.0
Zostera marina,Zostera,Zosteraceae,Najadales,Alismatidae,Magnoliopsida,Tracheophyta,,0.0,0.0
Zostera marina,Zostera,Zosteraceae,Najadales,Alismatidae,Magnoliopsida,Tracheophyta,,0.0,0.0
Zostera marina,Zostera,Zosteraceae,Najadales,Alismatidae,Magnoliopsida,Tracheophyta,,0.0,0.0
Cystoseira apicata,Cystoseira,Cystoseiraceae,Fucales,Fucales,Phaeophyceae,Phaeophyta,,0.0,0.0
Cystoseira barbata,Cystoseira,Cystoseiraceae,Fucales,Fucales,Phaeophyceae,Phaeophyta,,0.0,0.0
Cystoseira abrotanifolia,Cystoseira,Cystoseiraceae,Fucales,Fucales,Phaeophyceae,Phaeophyta,,0.0,0.0
Cystoseira crinata,Cystoseira,Cystoseiraceae,Fucales,Fucales,Phaeophyceae,Phaeophyta,,0.0,0.0
Cystoseira discors,Cystoseira,Cystoseiraceae,Fucales,Fucales,Phaeophyceae,Phaeophyta,,0.0,0.0
Fucus virsoidea,Fucus,Fucaceae,Fucales,Fucales,Phaeophyceae,Phaeophyta,,0.0,0.0
Sargassum vulgare,Sargassum,Sargassaceae,Fucales,Fucales,Phaeophyceae,Phaeophyta,,0.0,0.0
Dictyota dichotoma,Dictyota,Dictyotaceae,Dictyonales,Dictyonales,Phaeophyceae,Phaeophyta,,0.0,0.0
Dictyopteris polypodioidea,Dictyopteris,Dictyotaceae,Dictyonales,Dictyonales,Phaeophyceae,Phaeophyta,,0.0,0.0
Padina pavonia,Padina,Dictyotaceae,Dictyonales,Dictyonales,Phaeophyceae,Phaeophyta,,0.0,0.0
Halopteris scoparia,Halopteris,Styphocaulaceae,Sphacelariales,Sphacelariales,Phaeophyceae,Phaeophyta,,0.0,0.0
Laminaria rodriguezii,Laminaria,Laminariaceae,Laminariales,Laminariales,Phaeophyceae,Phaeophyta,,0.0,0.0
Cystoseira barbata,Cystoseira,Cystoseiraceae,Fucales,Fucales,Phaeophyceae,Phaeophyta,,0.0,0.0
Cystoseira abrotanifolia,Cystoseira,Cystoseiraceae,Fucales,Fucales,Phaeophyceae,Phaeophyta,,0.0,0.0
Fucus virsoidea,Fucus,Fucaceae,Fucales,Fucales,Phaeophyceae,Phaeophyta,,0.0,0.0
Sargassum hornschuchii,Sargassum,Sargassaceae,Fucales,Fucales,Phaeophyceae,Phaeophyta,,0.0,0.0
Dictyota dichotoma,Dictyota,Dictyotaceae,Dictyonales,Dictyonales,Phaeophyceae,Phaeophyta,,0.0,0.0
Padina pavonia,Padina,Dictyotaceae,Dictyonales,Dictyonales,Phaeophyceae,Phaeophyta,,0.0,0.0
Halopteris scoparia,Halopteris,Styphocaulaceae,Sphacelariales,Sphacelariales,Phaeophyceae,Phaeophyta,,0.0,0.0
Halophila stipulacea,Halophila,Hydrocharitaceae,Hydrocharitales,Alismatidae,Magnoliopsida,Tracheophyta,,0.0,0.0
Halodule uninervis,Halodule,Cymodoceaceae,Najadales,Alismatidae,Magnoliopsida,Tracheophyta,,0.0,0.0
Amphibolis antarctica,Amphibolis,Potamogetonaceae,Najadales,Alismatidae,Magnoliopsida,Tracheophyta,,0.0,0.0
Posidonia australis,Posidonia,Posidoniaceae,Najadales,Alismatidae,Magnoliopsida,Tracheophyta,,0.0,0.0
Batophora oerstedii,Batophora,Dasycladaceae,Dasycladales,Dasycladales,Chlorophyceae,Chlorophyta,,0.0,0.0
Caulerpa ashmeadii,Caulerpa,Caulerpaceae,Caulerpales,Caulerpales,Chlorophyceae,Chlorophyta,,0.0,0.0
Caulerpa cupressoides,Caulerpa,Caulerpaceae,Caulerpales,Caulerpales,Chlorophyceae,Chlorophyta,,0.0,0.0
Caulerpa paspaloides,Caulerpa,Caulerpaceae,Caulerpales,Caulerpales,Chlorophyceae,Chlorophyta,,0.0,0.0
Caulerpa prolifera,Caulerpa,Caulerpaceae,Caulerpales,Caulerpales,Chlorophyceae,Chlorophyta,,0.0,0.0
Cladophora sp.,Cladophora,Cladophoraceae,Cladophorales,Cladophorales,Chlorophyceae,Chlorophyta,,0.0,0.0
Enteromorpha intestinalis,Enteromorpha,Ulvaceae,Ulotrichales,Ulotrichales,Chlorophyceae,Chlorophyta,,0.0,0.0
Halimeda incrassata,Halimeda,Codiaceae,Caulerpales,Caulerpales,Chlorophyceae,Chlorophyta,,0.0,0.0
Penicillus capitatus,Penicillus,Codiaceae,Caulerpales,Caulerpales,Chlorophyceae,Chlorophyta,,0.0,0.0
Udotea conglutinata,Udotea,Codiaceae,Caulerpales,Caulerpales,Chlorophyceae,Chlorophyta,,0.0,0.0
Ulva lactuca,Ulva,Ulvaceae,Ulotrichales,Ulotrichales,Chlorophyceae,Chlorophyta,,0.0,0.0
Dictyota dichotoma,Dictyota,Dictyotaceae,Dictyonales,Dictyonales,Phaeophyceae,Phaeophyta,,0.0,0.0
Sargassum filipendula,Sargassum,Sargassaceae,Fucales,Fucales,Phaeophyceae,Phaeophyta,,0.0,0.0
Acanthophora spicifera,Acanthophora,Rhodomelaceae,Ceramiales,Florideophycideae,Rhodophytina,Rhodophyta,,0.0,0.0
Amphora sp.,Amphora,Catenulaceae,Thalassiophysales,Thalassiophysales,Bacillariophyceae,Bacillariophyta,,0.0,0.0
Champia parvula,Champia,Champiaceae,Rhodymeniales,Florideophycideae,Rhodophytina,Rhodophyta,,0.0,0.0
Chondria littoralis,Chondria,Rhodomelaceae,Ceramiales,Florideophycideae,Rhodophytina,Rhodophyta,,0.0,0.0
Digenia simplex,Digenia,Rhodomelaceae,Ceramiales,Florideophycideae,Rhodophytina,Rhodophyta,,0.0,0.0
Gracilaria compressa,Gracilaria,Gracilariaceae,Gigartinales,Florideophycideae,Rhodophytina,Rhodophyta,,0.0,0.0
Gracilaria foliifera,Gracilaria,Gracilariaceae,Gigartinales,Florideophycideae,Rhodophytina,Rhodophyta,,0.0,0.0
Gracilaria mammillaris,Gracilaria,Gracilariaceae,Gigartinales,Florideophycideae,Rhodophytina,Rhodophyta,,0.0,0.0
Gracilaria verrucosa,Gracilaria,Gracilariaceae,Gigartinales,Florideophycideae,Rhodophytina,Rhodophyta,,0.0,0.0
Hypnea musciformis,Hypnea,Hypneaceae,Gigartinales,Florideophycideae,Rhodophytina,Rhodophyta,,0.0,0.0
Laurencia intricata,Laurencia,Rhodomelaceae,Ceramiales,Florideophycideae,Rhodophytina,Rhodophyta,,0.0,0.0
Laurencia obtusa,Laurencia,Rhodomelaceae,Ceramiales,Florideophycideae,Rhodophytina,Rhodophyta,,0.0,0.0
Laurencia poitei,Laurencia,Rhodomelaceae,Ceramiales,Florideophycideae,Rhodophytina,Rhodophyta,,0.0,0.0
Lomentaria baileyana,Lomentaria,Champiaceae,Rhodymeniales,Florideophycideae,Rhodophytina,Rhodophyta,,0.0,0.0
Polysiphonia hapalacantha,Polysiphonia,Rhodomelaceae,Ceramiales,Florideophycideae,Rhodophytina,Rhodophyta,,0.0,0.0
Polysiphonia ramentacea,Polysiphonia,Rhodomelaceae,Ceramiales,Florideophycideae,Rhodophytina,Rhodophyta,,0.0,0.0
Spyridia filamentosa,Spyridia,Ceramiaceae,Ceramiales,Florideophycideae,Rhodophytina,Rhodophyta,,0.0,0.0
Thalassia testudinum,Thalassia,Hydrocharitaceae,Hydrocharitales,Alismatidae,Magnoliopsida,Tracheophyta,,0.0,0.0
Syringodium filiforme,Syringodium,Cymodoceaceae,Najadales,Alismatidae,Magnoliopsida,Tracheophyta,,0.0,0.0
Halodule wrightii,Halodule,Cymodoceaceae,Najadales,Alismatidae,Magnoliopsida,Tracheophyta,,0.0,0.0
Nucula turgida,Nucula,Nuculidae,Nuculoida,Protobranchia,Bivalvia,Mollusca,,0.0,2.0
Meretrix meretrix,Meretrix,Veneridae,Veneroida,Heterodonta,Bivalvia,Mollusca,,0.0,1.0
Pecten maximus,Pecten,Pectinidae,Ostreoida,Pteriomorphia,Bivalvia,Mollusca,,2.0,1.0
Mytilus edulis,Mytilus,Mytilidae,Mytiloida,Pteriomorphia,Bivalvia,Mollusca,,0.0,1.0
Crassostrea gigas,Crassostrea,Ostreidae,Ostreoida,Pteriomorphia,Bivalvia,Mollusca,,0.0,1.0
Concholepas cocholepas,Concholepas,Muricidae,Neogastropoda,Prosobranchia,Gastropoda,Mollusca,,1.0,3.0
Zostera marina,Zostera,Zosteraceae,Najadales,Alismatidae,Magnoliopsida,Tracheophyta,,0.0,0.0
Cymodocea nodosa,Cymodocea,Cymodoceaceae,Najadales,Alismatidae,Magnoliopsida,Tracheophyta,,0.0,0.0
Zostera noltii,Zostera,Zosteraceae,Najadales,Alismatidae,Magnoliopsida,Tracheophyta,,0.0,0.0
Ruppia cirrhosa,Ruppia,Ruppiaceae,Najadales,Alismatidae,Magnoliopsida,Tracheophyta,,0.0,0.0
Posidonia oceanica,Posidonia,Posidoniaceae,Najadales,Alismatidae,Magnoliopsida,Tracheophyta,,0.0,0.0
Zostera marina,Zostera,Zosteraceae,Najadales,Alismatidae,Magnoliopsida,Tracheophyta,,0.0,0.0
Thalassia testudinum,Thalassia,Hydrocharitaceae,Hydrocharitales,Alismatidae,Magnoliopsida,Tracheophyta,,0.0,0.0
Thalassia testudinum,Thalassia,Hydrocharitaceae,Hydrocharitales,Alismatidae,Magnoliopsida,Tracheophyta,,0.0,0.0
Thalassia testudinum,Thalassia,Hydrocharitaceae,Hydrocharitales,Alismatidae,Magnoliopsida,Tracheophyta,,0.0,0.0
Thalassia testudinum,Thalassia,Hydrocharitaceae,Hydrocharitales,Alismatidae,Magnoliopsida,Tracheophyta,,0.0,0.0
Enhalus acoroides,Enhalus,Hydrocharitaceae,Hydrocharitales,Alismatidae,Magnoliopsida,Tracheophyta,,0.0,0.0
Cymodocea serrulata,Cymodocea,Cymodoceaceae,Najadales,Alismatidae,Magnoliopsida,Tracheophyta,,0.0,0.0
Halodule uninervis,Halodule,Cymodoceaceae,Najadales,Alismatidae,Magnoliopsida,Tracheophyta,,0.0,0.0
Syringodium isoetifolium,Syringodium,Cymodoceaceae,Najadales,Alismatidae,Magnoliopsida,Tracheophyta,,0.0,0.0
Halophila spinulosa,Halophila,Hydrocharitaceae,Hydrocharitales,Alismatidae,Magnoliopsida,Tracheophyta,,0.0,0.0
Halophila ovalis,Halophila,Hydrocharitaceae,Hydrocharitales,Alismatidae,Magnoliopsida,Tracheophyta,,0.0,0.0
Halophila minor,Halophila,Hydrocharitaceae,Hydrocharitales,Alismatidae,Magnoliopsida,Tracheophyta,,0.0,0.0
Halophila decipiens,Halophila,Hydrocharitaceae,Hydrocharitales,Alismatidae,Magnoliopsida,Tracheophyta,,0.0,0.0
Zostera marina,Zostera,Zosteraceae,Najadales,Alismatidae,Magnoliopsida,Tracheophyta,,0.0,0.0
Typha latifolia,Typha,Typhaceae,Typhales,Commelinidae,Magnoliopsida,Tracheophyta,,0.0,0.0
Justicia americana,Justicia,Acanthaceae,Scrophulariales,Asteridae,Magnoliopsida,Tracheophyta,,0.0,0.0
Alternanthera philoxeroides,Alternanthera,Amaranthaceae,Caryophyllales,Caryophylidae,Magnoliopsida,Tracheophyta,,0.0,0.0
Wrangelia penicillata,Wrangelia,Ceramiaceae,Ceramiales,Florideophycideae,Rhodophytina,Rhodophyta,,0.0,0.0
Gigartina stellata,Gigartina,Gigartinaceae,Gigartinales,Florideophycideae,Rhodophytina,Rhodophyta,,0.0,0.0
Gigartina stellata,Gigartina,Gigartinaceae,Gigartinales,Florideophycideae,Rhodophytina,Rhodophyta,,0.0,0.0
Monostroma latissimum,Monostroma,Monostromataceae,Ulotrichales,Ulotrichales,Chlorophyceae,Chlorophyta,,0.0,0.0
Heterochordaria abietina,Heterochordaria,Ralfsiaceae,Ectocarpales,Ectocarpales,Phaeophyceae,Phaeophyta,,0.0,0.0
Alaria crassifolia,Alaria,Alariaceae,Laminariales,Laminariales,Phaeophyceae,Phaeophyta,,0.0,0.0
Undaria pinnatifida,Undaria,Alariaceae,Laminariales,Laminariales,Phaeophyceae,Phaeophyta,,0.0,0.0
Laminaria angustata,Laminaria,Laminariaceae,Laminariales,Laminariales,Phaeophyceae,Phaeophyta,,0.0,0.0
Laminaria japonica,Laminaria,Laminariaceae,Laminariales,Laminariales,Phaeophyceae,Phaeophyta,,0.0,0.0
Laminaria religiosa,Laminaria,Laminariaceae,Laminariales,Laminariales,Phaeophyceae,Phaeophyta,,0.0,0.0
Kjellmaniella crassifolia,Kjellmaniella,Laminariaceae,Laminariales,Laminariales,Phaeophyceae,Phaeophyta,,0.0,0.0
Porphyra yezoensis,Porphyra,Bangiaceae,Bangiales,Bangiophyceae,Rhodophytina,Rhodophyta,,0.0,0.0
Gracilaria verrucosa,Gracilaria,Gracilariaceae,Gigartinales,Florideophycideae,Rhodophytina,Rhodophyta,,0.0,0.0
Tetraselmis maculata,Tetraselmis,Platymonadaceae,Pyramimonadales,Pyramimonadales,Prasinophyceae,Chlorophyta,,3.0,0.0
Dunaliella salina,Dunaliella,Dunaliellaceae,Volvocales,Volvocales,Chlorophyceae,Chlorophyta,,3.0,0.0
Monochrysis lutheri,Monochrysis,Chromulinaceae,Chromalinales,Chromalinales,Chrysophyceae,Chrysophyta,,3.0,0.0
Syracosphaera carterae,Syracosphaera,Syracosphaeraceae,Prymnesiales,Prymnesiales,Prymnesiophyceae,Haptophyta,,3.0,0.0
Chaetoceros sp.,Chaetoceros,Chaetocerotaceae,Chaetocerotales,Chaetocerotales,Coscinodiscophyceae,Bacillariophyta,,3.0,0.0
Skeletonema costatum,Skeletonema,Skeletonemaceae,Thalassiosirales,Thalassiosirales,Coscinodiscophyceae,Bacillariophyta,,3.0,0.0
Coscinodiscus sp.,Coscinodiscus,Coscinodiscaceae,Coscinodiscales,Coscinodiscales,Coscinodiscophyceae,Bacillariophyta,,3.0,0.0
Phaeodactylum tricornutum,Phaeodactylum,Phaeodactylaceae,Naviculales,Naviculales,Bacillariophyceae,Bacillariophyta,,3.0,0.0
Amphidinium carteri,Amphidinium,Gymnodiniaceae,Gymnodiniales,Gymnodiniales,Dinophyceae,Pyrrophycophyta,,3.0,0.0
Prorocentrum sp.,Prorocentrum,Prorocentraceae,Prorocentrales,Prorocentrales,Dinophyceae,Pyrrophycophyta,,3.0,0.0
Agmenellum quadruplicatum,Agmenellum,Rhodomelaceae,Chroococcales,Chroococcales,Cyanophyceae,Cyanophycota,,3.0,0.0
Codium fragile,Codium,Codiaceae,Caulerpales,Caulerpales,Chlorophyceae,Chlorophyta,0.8113877999999999,0.0,0.0
Enteromorpha linza,Enteromorpha,Ulvaceae,Ulotrichales,Ulotrichales,Chlorophyceae,Chlorophyta,2.14652835,0.0,0.0
Spongomorpha lanosa,Spongomorpha,Acrosiphoniaceae,Acrosiphoniales,Acrosiphoniales,Chlorophyceae,Chlorophyta,2.5392906,0.0,0.0
Ulva lactuca,Ulva,Ulvaceae,Ulotrichales,Ulotrichales,Chlorophyceae,Chlorophyta,3.0833406,0.0,0.0
Ascophyllum nodosum,Ascophyllum,Fucaceae,Fucales,Fucales,Phaeophyceae,Phaeophyta,,0.0,0.0
Fucus vesiculosus,Fucus,Fucaceae,Fucales,Fucales,Phaeophyceae,Phaeophyta,3.1292919,0.0,0.0
Petalonia fascia,Petalonia,Scytosiphonaceae,Scytosiphonales,Scytosiphonales,Phaeophyceae,Phaeophyta,,0.0,0.0
Sargassum filipendula,Sargassum,Sargassaceae,Fucales,Fucales,Phaeophyceae,Phaeophyta,,0.0,0.0
Scytosiphon lomentaria,Scytosiphon,Scytosiphonaceae,Scytosiphonales,Scytosiphonales,Phaeophyceae,Phaeophyta,2.77837965,0.0,0.0
Ceramium rubrum,Ceramium,Ceramiaceae,Ceramiales,Florideophycideae,Rhodophytina,Rhodophyta,1.57477365,0.0,0.0
Chondrus crispus,Chondrus,Gigartinaceae,Gigartinales,Florideophycideae,Rhodophytina,Rhodophyta,,0.0,0.0
Corallina officinalis,Corallina,Corallinaceae,Cryptonemiales,Florideophycideae,Rhodophytina,Rhodophyta,2.1126716999999995,0.0,0.0
Dictyosiphon feoniculaceus,Dictyosiphon,Dictyosiphonaceae,Dictyosiphonales,Dictyosiphonales,Phaeophyceae,Phaeophyta,,0.0,0.0
Gracilaria foliifera,Gracilaria,Gracilariaceae,Gigartinales,Florideophycideae,Rhodophytina,Rhodophyta,,0.0,0.0
Hypnea musciformis,Hypnea,Hypneaceae,Gigartinales,Florideophycideae,Rhodophytina,Rhodophyta,,0.0,0.0
Neoagardhiella bayleyi,Neoagardhiella,Solieriaceae,Gigartinales,Florideophycideae,Rhodophytina,Rhodophyta,,0.0,0.0
Porphyra sp.,Porphyra,Bangiaceae,Bangiales,Bangiophyceae,Rhodophytina,Rhodophyta,2.700999,0.0,0.0
Zostera marina,Zostera,Zosteraceae,Najadales,Alismatidae,Magnoliopsida,Tracheophyta,4.5747072,0.0,0.0
Thalassia testudinum,Thalassia,Hydrocharitaceae,Hydrocharitales,Alismatidae,Magnoliopsida,Tracheophyta,,0.0,0.0
Syringodium filiforme,Syringodium,Cymodoceaceae,Najadales,Alismatidae,Magnoliopsida,Tracheophyta,,0.0,0.0
Sargassum sp.,Sargassum,Sargassaceae,Fucales,Fucales,Phaeophyceae,Phaeophyta,,0.0,0.0
Ulva lactuca,Ulva,Ulvaceae,Ulotrichales,Ulotrichales,Chlorophyceae,Chlorophyta,,0.0,0.0
Eucheuma isiforme,Eucheuma,Solieriaceae,Gigartinales,Florideophycideae,Rhodophytina,Rhodophyta,,0.0,0.0
Halimeda incrassata,Halimeda,Codiaceae,Caulerpales,Caulerpales,Chlorophyceae,Chlorophyta,,0.0,0.0
Zostera marina,Zostera,Zosteraceae,Najadales,Alismatidae,Magnoliopsida,Tracheophyta,,0.0,0.0
Zostera marina,Zostera,Zosteraceae,Najadales,Alismatidae,Magnoliopsida,Tracheophyta,,0.0,0.0
Zostera marina,Zostera,Zosteraceae,Najadales,Alismatidae,Magnoliopsida,Tracheophyta,,0.0,0.0
Zostera marina,Zostera,Zosteraceae,Najadales,Alismatidae,Magnoliopsida,Tracheophyta,,0.0,0.0
Thalassia testudinum,Thalassia,Hydrocharitaceae,Hydrocharitales,Alismatidae,Magnoliopsida,Tracheophyta,1.9792434375,0.0,0.0
Syringodium filiforme,Syringodium,Cymodoceaceae,Najadales,Alismatidae,Magnoliopsida,Tracheophyta,2.47752,0.0,0.0
Halodule wrightii,Halodule,Cymodoceaceae,Najadales,Alismatidae,Magnoliopsida,Tracheophyta,2.9273203125,0.0,0.0
Chara contraria,Chara,Characeae,Charales,Charales,Charophyceae,Charophyta,,0.0,0.0
Lemna minor,Lemna,Lemnaceae,Arales,Arecidae,Magnoliopsida,Tracheophyta,,0.0,0.0
Fucus vesiculosus,Fucus,Fucaceae,Fucales,Fucales,Phaeophyceae,Phaeophyta,,0.0,0.0
Halophila ovalis,Halophila,Hydrocharitaceae,Hydrocharitales,Alismatidae,Magnoliopsida,Tracheophyta,,0.0,0.0
Desmarestia menziesii,Desmarestia,Desmarestiaceae,Desmarestiales,Desmarestiales,Phaeophyceae,Phaeophyta,,0.0,0.0
Macrocystis pyrifera,Macrocystis,Lessoniaceae,Laminariales,Laminariales,Phaeophyceae,Phaeophyta,,0.0,0.0
Macrocystis pyrifera,Macrocystis,Lessoniaceae,Laminariales,Laminariales,Phaeophyceae,Phaeophyta,,0.0,0.0
Ascoseira mirabilis,Ascoseira,Ascoseiraceae,Ascoseirales,Ascoseirales,Phaeophyceae,Phaeophyta,2.1775,0.0,0.0
Laminaria solidungula,Laminaria,Laminariaceae,Laminariales,Laminariales,Phaeophyceae,Phaeophyta,,0.0,0.0
Laminaria saccharina,Laminaria,Laminariaceae,Laminariales,Laminariales,Phaeophyceae,Phaeophyta,,0.0,0.0
Macrocystis integrifolia,Macrocystis,Lessoniaceae,Laminariales,Laminariales,Phaeophyceae,Phaeophyta,,0.0,0.0
Nereocystis luetkeana,Nereocystis,Lessoniaceae,Laminariales,Laminariales,Phaeophyceae,Phaeophyta,,0.0,0.0
Enteromorpha bulbosa,Enteromorpha,Ulvaceae,Ulotrichales,Ulotrichales,Chlorophyceae,Chlorophyta,,0.0,0.0
Monostroma hariotii,Monostroma,Monostromataceae,Ulotrichales,Ulotrichales,Chlorophyceae,Chlorophyta,,0.0,0.0
Urospora penicilliformis,Urospora,Acrosiphoniaceae,Acrosiphoniales,Acrosiphoniales,Chlorophyceae,Chlorophyta,,0.0,0.0
Antarctosaccion applanatum,Antarctosaccion,Monostromataceae,Ulotrichales,Ulotrichales,Chlorophyceae,Chlorophyta,,0.0,0.0
Adenocystis utricularis,Adenocystis,Punctariaceae,Dictyosiphonales,Dictyosiphonales,Phaeophyceae,Phaeophyta,,0.0,0.0
Ascoseira mirabilis,Ascoseira,Ascoseiraceae,Ascoseirales,Ascoseirales,Phaeophyceae,Phaeophyta,,0.0,0.0
Cystosphaera jacquinotii,Cystosphaera,Seirococcaceae,Fucales,Fucales,Phaeophyceae,Phaeophyta,,0.0,0.0
Desmarestia anceps,Desmarestia,Desmarestiaceae,Desmarestiales,Desmarestiales,Phaeophyceae,Phaeophyta,,0.0,0.0
Desmarestia antarctica,Desmarestia,Desmarestiaceae,Desmarestiales,Desmarestiales,Phaeophyceae,Phaeophyta,,0.0,0.0
Desmarestia menziesii,Desmarestia,Desmarestiaceae,Desmarestiales,Desmarestiales,Phaeophyceae,Phaeophyta,,0.0,0.0
Geminocarpus geminatus,Geminocarpus,Ectocarpaceae,Ectocarpales,Ectocarpales,Phaeophyceae,Phaeophyta,,0.0,0.0
Halopteris obovata,Halopteris,Styphocaulaceae,Sphacelariales,Sphacelariales,Phaeophyceae,Phaeophyta,,0.0,0.0
Himantothallus grandifolius,Himantothallus,Desmarestiaceae,Desmarestiales,Desmarestiales,Phaeophyceae,Phaeophyta,,0.0,0.0
Phaeurus antarcticus,Phaeurus,Desmarestiaceae,Desmarestiales,Desmarestiales,Phaeophyceae,Phaeophyta,,0.0,0.0
Ballia callitricha,Ballia,Balliaceae,Balliales,Florideophycideae,Rhodophytina,Rhodophyta,,0.0,0.0
Callophyllis variegata,Callophyllis,Kallymeniaceae,Cryptonemiales,Florideophycideae,Rhodophytina,Rhodophyta,,0.0,0.0
Callophyllis sp.,Callophyllis,Kallymeniaceae,Cryptonemiales,Florideophycideae,Rhodophytina,Rhodophyta,,0.0,0.0
Curdiea racovitzae,Curdiea,Gracilariaceae,Gigartinales,Florideophycideae,Rhodophytina,Rhodophyta,,0.0,0.0
Delesseria lancifolia,Delesseria,Delesseriaceae,Ceramiales,Florideophycideae,Rhodophytina,Rhodophyta,,0.0,0.0
Georgiella confluens,Georgiella,Ceramiaceae,Ceramiales,Florideophycideae,Rhodophytina,Rhodophyta,,0.0,0.0
Gigartina skottsbergii,Gigartina,Gigartinaceae,Gigartinales,Florideophycideae,Rhodophytina,Rhodophyta,,0.0,0.0
Gymnogongrus antarcticus,Gymnogongrus,Phyllophoraceae,Gigartinales,Florideophycideae,Rhodophytina,Rhodophyta,,0.0,0.0
Hymenocladiopsis crustigena,Hymenocladiopsis,Faucheaceae,Rhodymeniales,Florideophycideae,Rhodophytina,Rhodophyta,,0.0,0.0
Iridaea cordata,Iridaea,Gigartinaceae,Gigartinales,Florideophycideae,Rhodophytina,Rhodophyta,,0.0,0.0
Kallymenia antarctica,Kallymenia,Kallymeniaceae,Cryptonemiales,Florideophycideae,Rhodophytina,Rhodophyta,,0.0,0.0
Myriogramme mangini,Myriogramme,Delesseriaceae,Ceramiales,Florideophycideae,Rhodophytina,Rhodophyta,,0.0,0.0
Myriogramme smithii,Myriogramme,Delesseriaceae,Ceramiales,Florideophycideae,Rhodophytina,Rhodophyta,,0.0,0.0
Palmaria decipiens,Palmaria,Rhodymeniaceae,Rhodymeniales,Florideophycideae,Rhodophytina,Rhodophyta,,0.0,0.0
Pantoneura plocamioides,Pantoneura,Delesseriaceae,Ceramiales,Florideophycideae,Rhodophytina,Rhodophyta,,0.0,0.0
Phycodrys quercifolia,Phycodrys,Delesseriaceae,Ceramiales,Florideophycideae,Rhodophytina,Rhodophyta,,0.0,0.0
Phyllophora ahnfeltioides,Phyllophora,Phyllophoraceae,Gigartinales,Florideophycideae,Rhodophytina,Rhodophyta,,0.0,0.0
Phyllophora appendiculata,Phyllophora,Phyllophoraceae,Gigartinales,Florideophycideae,Rhodophytina,Rhodophyta,,0.0,0.0
Picconiella plumosa,Picconiella,Rhodomelaceae,Ceramiales,Florideophycideae,Rhodophytina,Rhodophyta,,0.0,0.0
Plocamium cartilagineum,Plocamium,Plocamiaceae,Gigartinales,Florideophycideae,Rhodophytina,Rhodophyta,,0.0,0.0
Porphyra endiviifolium,Porphyra,Bangiaceae,Bangiales,Bangiophyceae,Rhodophytina,Rhodophyta,,0.0,0.0
Saccorhiza polyschides,Saccorhiza,Laminariaceae,Laminariales,Laminariales,Phaeophyceae,Phaeophyta,,0.0,0.0
Thalassia testudinum,Thalassia,Hydrocharitaceae,Hydrocharitales,Alismatidae,Magnoliopsida,Tracheophyta,,0.0,0.0
Thalassia testudinum,Thalassia,Hydrocharitaceae,Hydrocharitales,Alismatidae,Magnoliopsida,Tracheophyta,,0.0,0.0
Thalassia testudinum,Thalassia,Hydrocharitaceae,Hydrocharitales,Alismatidae,Magnoliopsida,Tracheophyta,,0.0,0.0
Thalassia testudinum,Thalassia,Hydrocharitaceae,Hydrocharitales,Alismatidae,Magnoliopsida,Tracheophyta,,0.0,0.0
Zostera marina,Zostera,Zosteraceae,Najadales,Alismatidae,Magnoliopsida,Tracheophyta,,0.0,0.0
Laminaria solidungula,Laminaria,Laminariaceae,Laminariales,Laminariales,Phaeophyceae,Phaeophyta,,0.0,0.0
Macrocystis pyrifera,Macrocystis,Lessoniaceae,Laminariales,Laminariales,Phaeophyceae,Phaeophyta,,0.0,0.0
Macrocystis pyrifera,Macrocystis,Lessoniaceae,Laminariales,Laminariales,Phaeophyceae,Phaeophyta,,0.0,0.0
Laminaria hyperborea,Laminaria,Laminariaceae,Laminariales,Laminariales,Phaeophyceae,Phaeophyta,,0.0,0.0
Laminaria saccharina,Laminaria,Laminariaceae,Laminariales,Laminariales,Phaeophyceae,Phaeophyta,,0.0,0.0
Lessonia nigrescens,Lessonia,Lessoniaceae,Laminariales,Laminariales,Phaeophyceae,Phaeophyta,,0.0,0.0
Cyanea capillata,Cyanea,Cyaneidae,Semaeostomeae,Semaeostomeae,Scyphozoa,Cnidaria,,3.0,2.0
Physalia physalia,Physalia,Physaliidae,Rhizophysaliae,Siphonophorae,Hydrozoa,Cnidaria,,3.0,1.0
Pelagia noctiluca,Pelagia,Pelagiidae,Semaeostomeae,Semaeostomeae,Scyphozoa,Cnidaria,,3.0,2.0
Aequorea vitrina,Aequorea,Aequoreidae,Leptomedusae,Hydroida,Hydrozoa,Cnidaria,,3.0,2.0
Mnemiopsis sp.,Mnemiopsis,Mnemiidae,Lobata,Tentaculata,Ctenophora,Ctenophora,,3.0,3.0
Euphausia kronhii,Euphausia,Euphausiidae,Euphausiacea,Euphausiacea,Malacostraca,Crustacea,,3.0,2.0
Centropages hamatus,Centropages,Centropagidae,Calanoida,Gymnoplea,Copepoda,Crustacea,,3.0,2.0
Calanus finmarchicus,Calanus,Calanidae,Calanoida,Gymnoplea,Copepoda,Crustacea,,3.0,1.0
Meganyctiphanes norvegica,Meganyctiphanes,Euphausiidae,Euphausiacea,Euphausiacea,Malacostraca,Crustacea,,3.0,2.0
Lophogaster sp.,Lophogaster,Lophogastridae,Lophogastrida,Lophogastrida,Malacostraca,Crustacea,,3.0,3.0
Centropages sp.,Centropages,Centropagidae,Calanoida,Gymnoplea,Copepoda,Crustacea,,3.0,2.0
Limacina sp.,Limacina,Limacinidae,Thecosomata,Thecosomata,Gastropoda,Mollusca,,3.0,1.0
Ommastrephes sp.,Ommastrephes,Ommastrephidae,Teuthida,Decabrachia,Cephalopoda,Mollusca,,3.0,3.0
Sthenoteuthis sp.,Sthenoteuthis,Ommastrephidae,Teuthida,Decabrachia,Cephalopoda,Mollusca,,3.0,3.0
Clione limacina,Clione,Clionidae,Gymnosomata,Opisthobranchia,Gastropoda,Mollusca,,3.0,3.0
Illex illecebrosus,Illex,Ommastrephidae,Teuthida,Decabrachia,Cephalopoda,Mollusca,,3.0,3.0
Salpa sp.,Salpa,Salpidae,Salpida,Salpida,Thaliacea,Tunicata,,3.0,1.0
Salpa fusiformis,Salpa,Salpidae,Salpida,Salpida,Thaliacea,Tunicata,,3.0,1.0
Pyrosoma sp.,Pyrosoma,Pyrosomidae,Pyrosomida,Pyrosomida,Thaliacea,Tunicata,,3.0,1.0
Diatoms sp.,Diatoms,Bacillariaceae,Bacillariales,Bacillariales,Bacillariophyceae,Bacillariophyta,,3.0,0.0
Sargassum sp.,Sargassum,Sargassaceae,Fucales,Fucales,Phaeophyceae,Phaeophyta,,3.0,0.0
Neomysis integer,Neomysis,Mysidae,Mysida,Mysida,Malacostraca,Crustacea,3.9626268000000007,3.0,2.0
Calanus helgolandicus,Calanus,Calanidae,Calanoida,Gymnoplea,Copepoda,Crustacea,,3.0,1.0
Calanus plumchrus,Calanus,Calanidae,Calanoida,Gymnoplea,Copepoda,Crustacea,,3.0,1.0
Paracalanus parvus,Paracalanus,Paracalanidae,Calanoida,Gymnoplea,Copepoda,Crustacea,,3.0,1.0
Pseudocalanus elongatus,Pseudocalanus,Pseudocalanidae,Calanoida,Gymnoplea,Copepoda,Crustacea,,3.0,1.0
Euchaeta japonica,Euchaeta,Euchaetidae,Calanoida,Gymnoplea,Copepoda,Crustacea,,3.0,3.0
Acartia clausi,Acartia,Acartiidae,Calanoida,Gymnoplea,Copepoda,Crustacea,,3.0,1.0
Euphausia pacifica,Euphausia,Euphausiidae,Euphausiacea,Euphausiacea,Malacostraca,Crustacea,,3.0,2.0
Thalassiosira sp.,Thalassiosira,Thalassiosiraceae,Thalassiosirales,Thalassiosirales,Coscinodiscophyceae,Bacillariophyta,,0.0,0.0
Rhizophora mucronata,Rhizophora,Rhizophoraceae,Rhizophorales,Rosidae,Magnoliopsida,Tracheophyta,,0.0,0.0
Bruguiera gymnorrhiza,Bruguiera,Rhizophoraceae,Rhizophorales,Rosidae,Magnoliopsida,Tracheophyta,,0.0,0.0
Ceriops targal,Ceriops,Rhizophoraceae,Rhizophorales,Rosidae,Magnoliopsida,Tracheophyta,,0.0,0.0
Xylocarpus granatum,Xylocarpus,Meliaceae,Sapindales,Rosidae,Magnoliopsida,Tracheophyta,,0.0,0.0
Lumnitzera recemosa,Lumnitzera,Combretaceae,Myrtales,Rosidae,Magnoliopsida,Tracheophyta,,0.0,0.0
Sonneratia alba,Sonneratia,Sonneratiaceae,Magnoliales,Magnoliidae,Magnoliopsida,Tracheophyta,,0.0,0.0
Avicennia marina,Avicennia,Verbenaceae,Lamiales,Asteridae,Magnoliopsida,Tracheophyta,,0.0,0.0
Heritiera littoralis,Heritiera,Sterculiaceae,Malvales,Dilleniidae,Magnoliopsida,Tracheophyta,,0.0,0.0
Rhizophora mucronata,Rhizophora,Rhizophoraceae,Rhizophorales,Rosidae,Magnoliopsida,Tracheophyta,,0.0,0.0
Bruguiera gymnorrhiza,Bruguiera,Rhizophoraceae,Rhizophorales,Rosidae,Magnoliopsida,Tracheophyta,,0.0,0.0
Ceriops targal,Ceriops,Rhizophoraceae,Rhizophorales,Rosidae,Magnoliopsida,Tracheophyta,,0.0,0.0
Xylocarpus granatum,Xylocarpus,Meliaceae,Sapindales,Rosidae,Magnoliopsida,Tracheophyta,,0.0,0.0
Lumnitzera recemosa,Lumnitzera,Combretaceae,Myrtales,Rosidae,Magnoliopsida,Tracheophyta,,0.0,0.0
Sonneratia alba,Sonneratia,Sonneratiaceae,Magnoliales,Magnoliidae,Magnoliopsida,Tracheophyta,,0.0,0.0
Avicennia marina,Avicennia,Verbenaceae,Lamiales,Asteridae,Magnoliopsida,Tracheophyta,,0.0,0.0
Heritiera littoralis,Heritiera,Sterculiaceae,Malvales,Dilleniidae,Magnoliopsida,Tracheophyta,,0.0,0.0
Gigartina papillosa,Gigartina,Gigartinaceae,Gigartinales,Florideophycideae,Rhodophytina,Rhodophyta,,0.0,0.0
Durvillaea antarctica,Durvillaea,Durvillaeaceae,Fucales,Fucales,Phaeophyceae,Phaeophyta,,0.0,0.0
Macrocystis pyrifera,Macrocystis,Lessoniaceae,Laminariales,Laminariales,Phaeophyceae,Phaeophyta,,0.0,0.0
Callophyllis tenera,Callophyllis,Kallymeniaceae,Cryptonemiales,Florideophycideae,Rhodophytina,Rhodophyta,,0.0,0.0
Delesseria crassimura,Delesseria,Delesseriaceae,Ceramiales,Florideophycideae,Rhodophytina,Rhodophyta,,0.0,0.0
Aulacomya ater,Aulacomya,Mytilidae,Mytiloida,Pteriomorphia,Bivalvia,Mollusca,,2.0,1.0
Siphonaria lateralis,Siphonaria,Siphonariidae,Basommatophora,Basommatophora,Gastropoda,Mollusca,,3.0,1.0
Mytilus edulis,Mytilus,Mytilidae,Mytiloida,Pteriomorphia,Bivalvia,Mollusca,,0.0,1.0
Pseudocnus laevigatus,Pseudocnus,Cucumariidae,Dendrochirotida,Dendrochirotacea,Holothuroidea,Echinodermata,,1.0,2.0
Pentacucumis bouvetensis,Pentacucumis,Cucumariidae,Dendrochirotida,Dendrochirotacea,Holothuroidea,Echinodermata,,1.0,2.0
Abra alba,Abra,Semelidae,Veneroida,Heterodonta,Bivalvia,Mollusca,3.9394644935972063,0.0,1.0
Abra alba,Abra,Semelidae,Veneroida,Heterodonta,Bivalvia,Mollusca,,0.0,1.0
Arctica islandica,Arctica,Arcticidae,Veneroida,Heterodonta,Bivalvia,Mollusca,,0.0,1.0
Astarte elliptica,Astarte,Astartidae,Veneroida,Heterodonta,Bivalvia,Mollusca,,0.0,1.0
Astarte montagui,Astarte,Astartidae,Veneroida,Heterodonta,Bivalvia,Mollusca,,0.0,1.0
Cardium fasciatum,Cardium,Cardiidae,Veneroida,Heterodonta,Bivalvia,Mollusca,,0.0,1.0
Corbula gibba,Corbula,Corbulidae,Myoida,Heterodonta,Bivalvia,Mollusca,,0.0,1.0
Macoma balthica,Macoma,Tellinidae,Veneroida,Heterodonta,Bivalvia,Mollusca,,0.0,1.0
Mya truncata,Mya,Myidae,Myoida,Heterodonta,Bivalvia,Mollusca,,0.0,1.0
Mysella bidentata,Mysella,Lasaeidae,Veneroida,Heterodonta,Bivalvia,Mollusca,,0.0,1.0
Mytilus edulis,Mytilus,Mytilidae,Mytiloida,Pteriomorphia,Bivalvia,Mollusca,,0.0,1.0
Astarte borealis,Astarte,Astartidae,Veneroida,Heterodonta,Bivalvia,Mollusca,,0.0,1.0
Hydrobia sp.,Hydrobia,Hydrobiidae,Neotaenioglossa,Neotaenioglossa,Gastropoda,Mollusca,,1.0,1.0
Potamopyrgus jenkinsi,Potamopyrgus,Hydrobiidae,Neotaenioglossa,Neotaenioglossa,Gastropoda,Mollusca,,1.0,1.0
Corophium insidiosum,Corophium,Corophiidae,Gammaridea,Amphipoda,Malacostraca,Crustacea,,2.0,2.0
Phoxocephalus holboelli,Phoxocephalus,Phoxocephalidae,Gammaridea,Amphipoda,Malacostraca,Crustacea,,2.0,2.0
Pontoporeia femorata,Pontoporeia,Pontoporeiidae,Gammaridea,Amphipoda,Malacostraca,Crustacea,,2.0,2.0
Idotea balthica,Idotea,Idoteidae,Valvifera,Isopoda,Malacostraca,Crustacea,,2.0,2.0
Gastrosaccus spinifer,Gastrosaccus,Mysidae,Mysida,Mysida,Malacostraca,Crustacea,,2.0,3.0
Crangon crangon,Crangon,Crangonidae,Caridea,Decapoda,Malacostraca,Crustacea,,2.0,3.0
Diastylis rathkei,Diastylis,Diastylidae,Cumacea,Cumacea,Malacostraca,Crustacea,,2.0,2.0
Diastylis rathkei,Diastylis,Diastylidae,Cumacea,Cumacea,Malacostraca,Crustacea,,2.0,2.0
Eteone longa,Eteone,Phyllodocidae,Phyllodocida,Aciculata,Polychaeta,Annelida,,1.0,3.0
Harmothoe sarsi,Harmothoe,Polynoidae,Phyllodocida,Aciculata,Polychaeta,Annelida,,1.0,2.0
Nephtys sp.,Nephtys,Nephtyidae,Phyllodocida,Aciculata,Polychaeta,Annelida,,1.0,3.0
Nephtys sp.,Nephtys,Nephtyidae,Phyllodocida,Aciculata,Polychaeta,Annelida,,1.0,3.0
Scoloplos armiger,Scoloplos,Orbiniidae,Scolecida,Scolecida,Polychaeta,Annelida,,1.0,2.0
Aricidea jefreysii,Aricidea,Paraonidae,Scolecida,Scolecida,Polychaeta,Annelida,,1.0,2.0
Pectinaria koreni,Pectinaria,Pectinariidae,Terebellida,Canalipalpata,Polychaeta,Annelida,,0.0,2.0
Pectinaria koreni,Pectinaria,Pectinariidae,Terebellida,Canalipalpata,Polychaeta,Annelida,,0.0,2.0
Pygospia elegans,Pygospia,Spionidae,Spionida,Canalipalpata,Polychaeta,Annelida,,1.0,1.0
Polydora sp.,Polydora,Spionidae,Spionida,Canalipalpata,Polychaeta,Annelida,,0.0,1.0
Terebellides stroemi,Terebellides,Terebellidae,Terebellida,Canalipalpata,Polychaeta,Annelida,,0.0,1.0
Nemertea sp.,Nemertea,Nemertea,Nemertea,Nemertea,Nemertea,Nemertea,,1.0,3.0
Halicryptus spinulosus,Halicryptus,Priapulidae,Priapula,Priapula,Priapula,Priapula,,1.0,2.0
Asterias rubens,Asterias,Asteriidae,Forcipulatida,Asteroidea,Asteroidea,Echinodermata,,1.0,3.0
Ophiura albida,Ophiura,Ophiuridae,Ophiurida,Ophiuroidea,Ophiuroidea,Echinodermata,,1.0,2.0
Anasterias rupicola,Anasterias,Asteriidae,Forcipulatida,Asteroidea,Asteroidea,Echinodermata,,1.0,3.0
Nacella delesserti,Nacella,Nacellidae,Archaeogastropoda,Prosobranchia,Gastropoda,Mollusca,,1.0,1.0
Laternula elliptica,Laternula,Laternulidae,Myoida,Heterodonta,Bivalvia,Mollusca,,0.0,1.0
Adamussium colbecki,Adamussium,Pectinidae,Ostreoida,Pteriomorphia,Bivalvia,Mollusca,,2.0,1.0
Chorismus antarcticus,Chorismus,Hippolytidae,Caridea,Decapoda,Malacostraca,Crustacea,,2.0,3.0
Parborlasia corrugatus,Parborlasia,Enopla,Enopla,Enopla,Enopla,Nemertea,,1.0,3.0
Euphausia superba,Euphausia,Euphausiidae,Euphausiacea,Euphausiacea,Malacostraca,Crustacea,,3.0,2.0
Serolis polita,Serolis,Sphaeromatidae,Flabellifera,Isopoda,Malacostraca,Crustacea,,1.0,2.0
Serolis cornuta,Serolis,Sphaeromatidae,Flabellifera,Isopoda,Malacostraca,Crustacea,,1.0,3.0
Serolis polita,Serolis,Sphaeromatidae,Flabellifera,Isopoda,Malacostraca,Crustacea,,1.0,3.0
Chorismus antarcticus,Chorismus,Hippolytidae,Caridea,Decapoda,Malacostraca,Crustacea,,2.0,3.0
Cnemidocarpa verrucosa,Cnemidocarpa,Styelidae,Stolidobranchia,Stolidobranchia,Ascidiacea,Tunicata,,3.0,1.0
Odontaster validus,Odontaster,Odontasteridae,Valvatida,Asteroidea,Asteroidea,Echinodermata,,1.0,3.0
Ophionotus hexactis,Ophionotus,Ophiuridae,Ophiurida,Ophiuroidea,Ophiuroidea,Echinodermata,,1.0,2.0
Yoldia eightsi,Yoldia,Yoldiidae,Nuculoida,Protobranchia,Bivalvia,Mollusca,,0.0,1.0
Liothyrella neozelania,Liothyrella,Terebratulidae,Terebratulida,Terebratulida,Articulata,Brachiopoda,,0.0,1.0
Neothyris lenticularis,Neothyris,Terebratellidae,Terebratulida,Terebratulida,Articulata,Brachiopoda,,0.0,1.0
Notosaria nigricans,Notosaria,Hemithyrididae,Rhynchonellida,Rhynchonellida,Articulata,Brachiopoda,,0.0,1.0
Mytilus edulis,Mytilus,Mytilidae,Mytiloida,Pteriomorphia,Bivalvia,Mollusca,,0.0,1.0
Lima colorata,Lima,Limidae,Limoida,Pteriomorphia,Bivalvia,Mollusca,,0.0,1.0
Liothyrella uva,Liothyrella,Terebratulidae,Terebratulida,Terebratulida,Articulata,Brachiopoda,,0.0,1.0
Paramoera walkeri,Paramoera,Eusiridae,Gammaridea,Amphipoda,Malacostraca,Crustacea,,0.0,2.0
Philine gibba,Philine,Philinidae,Cephalaspidea,Opisthobranchia,Gastropoda,Mollusca,,1.0,3.0
Navicula glacei,Navicula,Naviculaceae,Naviculales,Naviculales,Bacillariophyceae,Bacillariophyta,,1.0,0.0
Lagarosiphon ilicifolius,Lagarosiphon,Hydrocharitaceae,Hydrocharitales,Alismatidae,Magnoliopsida,Tracheophyta,,0.0,0.0
Acanthophora spicifera,Acanthophora,Rhodomelaceae,Ceramiales,Florideophycideae,Rhodophytina,Rhodophyta,,0.0,0.0
Agardhiella ramosissima,Agardhiella,Solieriaceae,Gigartinales,Florideophycideae,Rhodophytina,Rhodophyta,,0.0,0.0
Bryothamnion seaforthii,Bryothamnion,Rhodomelaceae,Ceramiales,Florideophycideae,Rhodophytina,Rhodophyta,,0.0,0.0
Bryothamnion triquetrum,Bryothamnion,Rhodomelaceae,Ceramiales,Florideophycideae,Rhodophytina,Rhodophyta,,0.0,0.0
Caulerpa racemosa,Caulerpa,Caulerpaceae,Caulerpales,Caulerpales,Chlorophyceae,Chlorophyta,,0.0,0.0
Ceramium nitens,Ceramium,Ceramiaceae,Ceramiales,Florideophycideae,Rhodophytina,Rhodophyta,,0.0,0.0
Chondria littoralis,Chondria,Rhodomelaceae,Ceramiales,Florideophycideae,Rhodophytina,Rhodophyta,,0.0,0.0
Codium isthmocladum,Codium,Codiaceae,Caulerpales,Caulerpales,Chlorophyceae,Chlorophyta,,0.0,0.0
Coelothrix irregularis,Coelothrix,Rhodymeniaceae,Rhodymeniales,Florideophycideae,Rhodophytina,Rhodophyta,,0.0,0.0
Dictyopteris delicatula,Dictyopteris,Dictyotaceae,Dictyonales,Dictyonales,Phaeophyceae,Phaeophyta,,0.0,0.0
Dictyota dichotoma,Dictyota,Dictyotaceae,Dictyonales,Dictyonales,Phaeophyceae,Phaeophyta,,0.0,0.0
Dilophus guineensis,Dilophus,Dictyotaceae,Dictyonales,Dictyonales,Phaeophyceae,Phaeophyta,,0.0,0.0
Gracilaria domingensis,Gracilaria,Gracilariaceae,Gigartinales,Florideophycideae,Rhodophytina,Rhodophyta,,0.0,0.0
Halimeda opuntia,Halimeda,Codiaceae,Caulerpales,Caulerpales,Chlorophyceae,Chlorophyta,,0.0,0.0
Hypnea musciformis,Hypnea,Hypneaceae,Gigartinales,Florideophycideae,Rhodophytina,Rhodophyta,,0.0,0.0
Hypnea spinella,Hypnea,Hypneaceae,Gigartinales,Florideophycideae,Rhodophytina,Rhodophyta,,0.0,0.0
Laurencia obtusa,Laurencia,Rhodomelaceae,Ceramiales,Florideophycideae,Rhodophytina,Rhodophyta,,0.0,0.0
Padina gymnospora,Padina,Dictyotaceae,Dictyonales,Dictyonales,Phaeophyceae,Phaeophyta,,0.0,0.0
Penicillus capitatus,Penicillus,Codiaceae,Caulerpales,Caulerpales,Chlorophyceae,Chlorophyta,,0.0,0.0
Pocockiella variegata,Pocockiella,Dictyotaceae,Dictyonales,Dictyonales,Phaeophyceae,Phaeophyta,,0.0,0.0
Sargassum platycarpum,Sargassum,Sargassaceae,Fucales,Fucales,Phaeophyceae,Phaeophyta,,0.0,0.0
Sargassum rigidulum,Sargassum,Sargassaceae,Fucales,Fucales,Phaeophyceae,Phaeophyta,,0.0,0.0
Sargassum lendigerum,Sargassum,Sargassaceae,Fucales,Fucales,Phaeophyceae,Phaeophyta,,0.0,0.0
Spatoglossum schroederi,Spatoglossum,Dictyotaceae,Dictyonales,Dictyonales,Phaeophyceae,Phaeophyta,,0.0,0.0
Ulva fasciata,Ulva,Ulvaceae,Ulotrichales,Ulotrichales,Chlorophyceae,Chlorophyta,,0.0,0.0
Zonaria zonalis,Zonaria,Dictyotaceae,Dictyonales,Dictyonales,Phaeophyceae,Phaeophyta,,0.0,0.0
Boodlea composita,Boodlea,Valoniaceae,Siphonocladales,Siphonocladales,Chlorophyceae,Chlorophyta,,0.0,0.0
Bryopsis indica,Bryopsis,Bryopsidaceae,Bryopsidales,Bryopsidales,Chlorophyceae,Chlorophyta,,0.0,0.0
Bryopsis plumosa,Bryopsis,Bryopsidaceae,Bryopsidales,Bryopsidales,Chlorophyceae,Chlorophyta,,0.0,0.0
Bryopsis ramulosa,Bryopsis,Bryopsidaceae,Bryopsidales,Bryopsidales,Chlorophyceae,Chlorophyta,,0.0,0.0
Caulerpa racemosa,Caulerpa,Caulerpaceae,Caulerpales,Caulerpales,Chlorophyceae,Chlorophyta,,0.0,0.0
Caulerpa scalpelliformis,Caulerpa,Caulerpaceae,Caulerpales,Caulerpales,Chlorophyceae,Chlorophyta,,0.0,0.0
Caulerpa taxifolia,Caulerpa,Caulerpaceae,Caulerpales,Caulerpales,Chlorophyceae,Chlorophyta,,0.0,0.0
Caulerpa veravalensis,Caulerpa,Caulerpaceae,Caulerpales,Caulerpales,Chlorophyceae,Chlorophyta,,0.0,0.0
Chamaedoris auriculata,Chamaedoris,Siphonocladaceae,Siphonocladales,Siphonocladales,Chlorophyceae,Chlorophyta,,0.0,0.0
Cladophora monumentalis,Cladophora,Cladophoraceae,Cladophorales,Cladophorales,Chlorophyceae,Chlorophyta,,0.0,0.0
Codium dwarkense,Codium,Codiaceae,Caulerpales,Caulerpales,Chlorophyceae,Chlorophyta,,0.0,0.0
Codium taylori,Codium,Codiaceae,Caulerpales,Caulerpales,Chlorophyceae,Chlorophyta,,0.0,0.0
Codium decorticatum,Codium,Codiaceae,Caulerpales,Caulerpales,Chlorophyceae,Chlorophyta,,0.0,0.0
Enteromorpha flexuosa,Enteromorpha,Ulvaceae,Ulotrichales,Ulotrichales,Chlorophyceae,Chlorophyta,,0.0,0.0
Enteromorpha tubulosa,Enteromorpha,Ulvaceae,Ulotrichales,Ulotrichales,Chlorophyceae,Chlorophyta,,0.0,0.0
Udotea indica,Udotea,Codiaceae,Caulerpales,Caulerpales,Chlorophyceae,Chlorophyta,,0.0,0.0
Ulva fasciata,Ulva,Ulvaceae,Ulotrichales,Ulotrichales,Chlorophyceae,Chlorophyta,,0.0,0.0
Ulva lactuca,Ulva,Ulvaceae,Ulotrichales,Ulotrichales,Chlorophyceae,Chlorophyta,,0.0,0.0
Ulva profunda,Ulva,Ulvaceae,Ulotrichales,Ulotrichales,Chlorophyceae,Chlorophyta,,0.0,0.0
Ulva rigida,Ulva,Ulvaceae,Ulotrichales,Ulotrichales,Chlorophyceae,Chlorophyta,,0.0,0.0
Ulva stenophylla,Ulva,Ulvaceae,Ulotrichales,Ulotrichales,Chlorophyceae,Chlorophyta,,0.0,0.0
Corallina officinalis,Corallina,Corallinaceae,Cryptonemiales,Florideophycideae,Rhodophytina,Rhodophyta,,0.0,0.0
Cladophora albida,Cladophora,Cladophoraceae,Cladophorales,Cladophorales,Chlorophyceae,Chlorophyta,,0.0,0.0
Zostera noltii,Zostera,Zosteraceae,Najadales,Alismatidae,Magnoliopsida,Tracheophyta,,0.0,0.0
Fucus vesiculosus,Fucus,Fucaceae,Fucales,Fucales,Phaeophyceae,Phaeophyta,,0.0,0.0
Cystoseira mediterranea,Cystoseira,Cystoseiraceae,Fucales,Fucales,Phaeophyceae,Phaeophyta,,0.0,0.0
Enteromorpha ramulosa,Enteromorpha,Ulvaceae,Ulotrichales,Ulotrichales,Chlorophyceae,Chlorophyta,,0.0,0.0
Ulva gigantea,Ulva,Ulvaceae,Ulotrichales,Ulotrichales,Chlorophyceae,Chlorophyta,,0.0,0.0
Enteromorpha compressa,Enteromorpha,Ulvaceae,Ulotrichales,Ulotrichales,Chlorophyceae,Chlorophyta,,0.0,0.0
Pelvetia canaliculata,Pelvetia,Fucaceae,Fucales,Fucales,Phaeophyceae,Phaeophyta,,0.0,0.0
Fucus spiralis,Fucus,Fucaceae,Fucales,Fucales,Phaeophyceae,Phaeophyta,,0.0,0.0
Himanthalia elongata,Himanthalia,Himanthaliaceae,Fucales,Fucales,Phaeophyceae,Phaeophyta,,0.0,0.0
Laminaria saccharina,Laminaria,Laminariaceae,Laminariales,Laminariales,Phaeophyceae,Phaeophyta,,0.0,0.0
Cystoseira tamariscifolia,Cystoseira,Cystoseiraceae,Fucales,Fucales,Phaeophyceae,Phaeophyta,,0.0,0.0
Cystoseira baccata,Cystoseira,Cystoseiraceae,Fucales,Fucales,Phaeophyceae,Phaeophyta,,0.0,0.0
Laminaria ochroleuca,Laminaria,Laminariaceae,Laminariales,Laminariales,Phaeophyceae,Phaeophyta,,0.0,0.0
Saccorhiza polyschides,Saccorhiza,Laminariaceae,Laminariales,Laminariales,Phaeophyceae,Phaeophyta,,0.0,0.0
Gelidium attenuatum,Gelidium,Gelidiaceae,Nemaliales,Florideophycideae,Rhodophytina,Rhodophyta,,0.0,0.0
Gigartina acicularis,Gigartina,Gigartinaceae,Gigartinales,Florideophycideae,Rhodophytina,Rhodophyta,,0.0,0.0
Gelidium sesquipedale,Gelidium,Gelidiaceae,Nemaliales,Florideophycideae,Rhodophytina,Rhodophyta,,0.0,0.0
Chondrus crispus,Chondrus,Gigartinaceae,Gigartinales,Florideophycideae,Rhodophytina,Rhodophyta,,0.0,0.0
Laurencia obtusa,Laurencia,Rhodomelaceae,Ceramiales,Florideophycideae,Rhodophytina,Rhodophyta,,0.0,0.0
Gymnogongrus norvegicus,Gymnogongrus,Phyllophoraceae,Gigartinales,Florideophycideae,Rhodophytina,Rhodophyta,,0.0,0.0
Plocamium coccineum,Plocamium,Plocamiaceae,Gigartinales,Florideophycideae,Rhodophytina,Rhodophyta,,0.0,0.0
Calliblepharis ciliata,Calliblepharis,Rhodophyllidaceae,Gigartinales,Florideophycideae,Rhodophytina,Rhodophyta,,0.0,0.0
Gracilaria confervoides,Gracilaria,Gracilariaceae,Gigartinales,Florideophycideae,Rhodophytina,Rhodophyta,,0.0,0.0
Laurencia pinnatifada,Laurencia,Rhodomelaceae,Ceramiales,Florideophycideae,Rhodophytina,Rhodophyta,,0.0,0.0
Gastroclonium ovatum,Gastroclonium,Champiaceae,Rhodymeniales,Florideophycideae,Rhodophytina,Rhodophyta,,0.0,0.0
Lithophyllum tortuosum,Lithophyllum,Corallinaceae,Cryptonemiales,Florideophycideae,Rhodophytina,Rhodophyta,,0.0,0.0
Corallina mediterranea,Corallina,Corallinaceae,Cryptonemiales,Florideophycideae,Rhodophytina,Rhodophyta,,0.0,0.0
Ascophyllum nodosum,Ascophyllum,Fucaceae,Fucales,Fucales,Phaeophyceae,Phaeophyta,,0.0,0.0
Caulerpa racemosa,Caulerpa,Caulerpaceae,Caulerpales,Caulerpales,Chlorophyceae,Chlorophyta,,0.0,0.0
Codium isthmocladum,Codium,Codiaceae,Caulerpales,Caulerpales,Chlorophyceae,Chlorophyta,,0.0,0.0
Sargassum filipendula,Sargassum,Sargassaceae,Fucales,Fucales,Phaeophyceae,Phaeophyta,,0.0,0.0
Padina gymnospora,Padina,Dictyotaceae,Dictyonales,Dictyonales,Phaeophyceae,Phaeophyta,,0.0,0.0
Eucheuma isiforme,Eucheuma,Solieriaceae,Gigartinales,Florideophycideae,Rhodophytina,Rhodophyta,,0.0,0.0
Gracilaria cornea,Gracilaria,Gracilariaceae,Gigartinales,Florideophycideae,Rhodophytina,Rhodophyta,,0.0,0.0
Esox lucius,Esox,Esocidae,Esociformes,Protacanthopterygii,Teleostei,Osteichthyes,,3.0,3.0
Lota lota,Lota,Lotidae,Gadiformes,Paracanthopterygii,Teleostei,Osteichthyes,,3.0,3.0
Catostomus catostomus,Catostomus,Catostomidae,Cypriniformes,Ostariophysi,Teleostei,Osteichthyes,,2.0,3.0
Moxostoma anisurum,Moxostoma,Catostomidae,Cypriniformes,Ostariophysi,Teleostei,Osteichthyes,,3.0,2.0
Percopsis omiscomaycus,Percopsis,Percopsidae,Percopsiformes,Paracanthopterygii,Teleostei,Osteichthyes,,3.0,3.0
Notropis atherinoides,Notropis,Cyprinidae,Cypriniformes,Ostariophysi,Teleostei,Osteichthyes,,3.0,2.0
Gymnocephalus cernuus,Gymnocephalus,Percidae,Perciformes,Acanthopterygii,Teleostei,Osteichthyes,,3.0,3.0
Sander vitreum,Sander,Percidae,Perciformes,Acanthopterygii,Teleostei,Osteichthyes,,3.0,3.0
Etheostoma nigrum,Etheostoma,Percidae,Perciformes,Acanthopterygii,Teleostei,Osteichthyes,,3.0,3.0
Catostomus commersoni,Catostomus,Catostomidae,Cypriniformes,Ostariophysi,Teleostei,Osteichthyes,,2.0,3.0
Umbra limni,Umbra,Umbridae,Esociformes,Protacanthopterygii,Teleostei,Osteichthyes,,3.0,3.0
Notropis hudsonius,Notropis,Cyprinidae,Cypriniformes,Ostariophysi,Teleostei,Osteichthyes,,3.0,2.0
Pungitius pungitius,Pungitius,Gasterosteidae,Gasterosteiformes,Acanthopterygii,Teleostei,Osteichthyes,,3.0,3.0
Ameiurus nebulosus,Ameiurus,Ictaluridae,Siluriformes,Ostariophysi,Teleostei,Osteichthyes,,3.0,3.0
Notemigonus crysoleucas,Notemigonus,Cyprinidae,Cypriniformes,Ostariophysi,Teleostei,Osteichthyes,,3.0,3.0
Perca flavescens,Perca,Percidae,Perciformes,Acanthopterygii,Teleostei,Osteichthyes,,3.0,3.0
Notropis heterolepis,Notropis,Cyprinidae,Cypriniformes,Ostariophysi,Teleostei,Osteichthyes,,3.0,2.0
Ambloplites rupestris,Ambloplites,Centrarchidae,Perciformes,Acanthopterygii,Teleostei,Osteichthyes,,3.0,3.0
Cottus bairdi,Cottus,Cottidae,Scorpaeniformes,Acanthopterygii,Teleostei,Osteichthyes,,2.0,2.0
Culaea inconstans,Culaea,Gasterosteidae,Gasterosteiformes,Acanthopterygii,Teleostei,Osteichthyes,,3.0,2.0
Antimora rostrata,Antimora,Moridae,Gadiformes,Paracanthopterygii,Teleostei,Osteichthyes,4.338199999999999,3.0,3.0
Bathylagus antarcticus,Bathylagus,Bathylagidae,Osmeriformes,Protacanthopterygii,Teleostei,Osteichthyes,3.913000000000001,3.0,3.0
Electrona antarctica,Electrona,Bathylagidae,Osmeriformes,Protacanthopterygii,Teleostei,Osteichthyes,9.2708,3.0,3.0
Electrona carlsbergi,Electrona,Bathylagidae,Osmeriformes,Protacanthopterygii,Teleostei,Osteichthyes,5.0561,3.0,3.0
Electrona subaspera,Electrona,Bathylagidae,Osmeriformes,Protacanthopterygii,Teleostei,Osteichthyes,7.421400000000001,3.0,3.0
Gymnoscopelus braueri,Gymnoscopelus,Bathylagidae,Osmeriformes,Protacanthopterygii,Teleostei,Osteichthyes,8.9601,3.0,3.0
Gymnoscopelus fraseri,Gymnoscopelus,Bathylagidae,Osmeriformes,Protacanthopterygii,Teleostei,Osteichthyes,7.8817,3.0,3.0
Gymnoscopelus mircolampus,Gymnoscopelus,Bathylagidae,Osmeriformes,Protacanthopterygii,Teleostei,Osteichthyes,5.7178,3.0,3.0
Krefftichthys anderssoni,Krefftichthys,Bathylagidae,Osmeriformes,Protacanthopterygii,Teleostei,Osteichthyes,8.305,3.0,3.0
Lampanyctus archirus,Lampanyctus,Bathylagidae,Osmeriformes,Protacanthopterygii,Teleostei,Osteichthyes,4.93425,3.0,3.0
Protomyctophum andriashevi,Protomyctophum,Bathylagidae,Osmeriformes,Protacanthopterygii,Teleostei,Osteichthyes,4.8843000000000005,3.0,3.0
Protomyctophum bolini,Protomyctophum,Bathylagidae,Osmeriformes,Protacanthopterygii,Teleostei,Osteichthyes,6.00225,3.0,3.0
Protomyctophum parallelum,Protomyctophum,Bathylagidae,Osmeriformes,Protacanthopterygii,Teleostei,Osteichthyes,8.2353,3.0,3.0
Protomyctophum tenisoni,Protomyctophum,Bathylagidae,Osmeriformes,Protacanthopterygii,Teleostei,Osteichthyes,5.494000000000001,3.0,3.0
Stomias gracilis,Stomias,Stomiidae,Stomiiformes,Stenopterygii,Teleostei,Osteichthyes,5.150399999999999,3.0,3.0
Electrona antarctica,Electrona,Bathylagidae,Osmeriformes,Protacanthopterygii,Teleostei,Osteichthyes,13.4456,3.0,3.0
Electrona carlsbergi,Electrona,Bathylagidae,Osmeriformes,Protacanthopterygii,Teleostei,Osteichthyes,8.547,3.0,3.0
Electrona subaspera,Electrona,Bathylagidae,Osmeriformes,Protacanthopterygii,Teleostei,Osteichthyes,7.368200000000001,3.0,3.0
Gymnoscopelus fraseri,Gymnoscopelus,Bathylagidae,Osmeriformes,Protacanthopterygii,Teleostei,Osteichthyes,10.098,3.0,3.0
Electrona carlsbergi,Electrona,Bathylagidae,Osmeriformes,Protacanthopterygii,Teleostei,Osteichthyes,7.003000000000001,3.0,3.0
Krefftichthys anderssoni,Krefftichthys,Bathylagidae,Osmeriformes,Protacanthopterygii,Teleostei,Osteichthyes,8.104800000000001,3.0,3.0
Electrona carlsbergi,Electrona,Bathylagidae,Osmeriformes,Protacanthopterygii,Teleostei,Osteichthyes,6.57,3.0,3.0
Gymnoscopelus braueri,Gymnoscopelus,Bathylagidae,Osmeriformes,Protacanthopterygii,Teleostei,Osteichthyes,9.06,3.0,3.0
Candacia pachydactyla,Candacia,Candaciidae,Calanoida,Gymnoplea,Copepoda,Crustacea,2.50660575,3.0,3.0
Candacia longimana,Candacia,Candaciidae,Calanoida,Gymnoplea,Copepoda,Crustacea,,3.0,3.0
Undinula vulgaris,Undinula,Calanidae,Calanoida,Gymnoplea,Copepoda,Crustacea,3.32289,3.0,1.0
Labidocera acutifrons,Labidocera,Pontellidae,Calanoida,Gymnoplea,Copepoda,Crustacea,3.6473112,3.0,3.0
Scolecithrix danae,Scolecithrix,Sapphirinidae,Calanoida,Gymnoplea,Copepoda,Crustacea,3.528624599999999,3.0,1.0
Neocalanus robustior,Neocalanus,Calanidae,Calanoida,Gymnoplea,Copepoda,Crustacea,3.059151300000001,3.0,1.0
Neocalanus gracilis,Neocalanus,Calanidae,Calanoida,Gymnoplea,Copepoda,Crustacea,,3.0,1.0
Euchaeta marina,Euchaeta,Euchaetidae,Calanoida,Gymnoplea,Copepoda,Crustacea,2.7156151125,3.0,3.0
Euchaeta media,Euchaeta,Euchaetidae,Calanoida,Gymnoplea,Copepoda,Crustacea,2.8796147999999997,3.0,3.0
Euchaeta hansenii,Euchaeta,Euchaetidae,Calanoida,Gymnoplea,Copepoda,Crustacea,,3.0,3.0
Pleuromamma abdominalis,Pleuromamma,Metridinidae,Calanoida,Gymnoplea,Copepoda,Crustacea,2.6662844250000006,3.0,1.0
Pleuromamma xiphias,Pleuromamma,Metridinidae,Calanoida,Gymnoplea,Copepoda,Crustacea,2.7932364000000005,3.0,1.0
Undeuchaeta plumosa,Undeuchaeta,Aetideidae,Calanoida,Gymnoplea,Copepoda,Crustacea,3.24756,3.0,3.0
Rhincalanus cornutus,Rhincalanus,Eucalanidae,Calanoida,Gymnoplea,Copepoda,Crustacea,5.142527999999999,3.0,1.0
Eucalanus monachus,Eucalanus,Eucalanidae,Calanoida,Gymnoplea,Copepoda,Crustacea,4.902727499999999,3.0,1.0
Eucalanus sewelli,Eucalanus,Eucalanidae,Calanoida,Gymnoplea,Copepoda,Crustacea,1.7530128,3.0,1.0
Eucalanus hyalinus,Eucalanus,Eucalanidae,Calanoida,Gymnoplea,Copepoda,Crustacea,0.9988757999999994,3.0,1.0
Chirundina streetsi,Chirundina,Aetideidae,Calanoida,Gymnoplea,Copepoda,Crustacea,3.7170333,3.0,3.0
Euaugaptilus magnus,Euaugaptilus,Augaptilidae,Calanoida,Gymnoplea,Copepoda,Crustacea,2.4427845,3.0,1.0
Disseta palumboi,Disseta,Heterorhabdidae,Calanoida,Gymnoplea,Copepoda,Crustacea,1.968624,3.0,3.0
Megacalanus princeps,Megacalanus,Calanidae,Calanoida,Gymnoplea,Copepoda,Crustacea,3.4111935,3.0,2.0
Bathycalanus richardi,Bathycalanus,Calanidae,Calanoida,Gymnoplea,Copepoda,Crustacea,,3.0,2.0
Onchocalanus affinis,Onchocalanus,Calanidae,Calanoida,Gymnoplea,Copepoda,Crustacea,,3.0,3.0
Euchirella messinensis,Euchirella,Lucicitiidae,Calanoida,Gymnoplea,Copepoda,Crustacea,,3.0,1.0
Euphausia americana,Euphausia,Euphausiidae,Euphausiacea,Euphausiacea,Malacostraca,Crustacea,2.8501105499999992,3.0,2.0
Euphausia brevis,Euphausia,Euphausiidae,Euphausiacea,Euphausiacea,Malacostraca,Crustacea,2.638056599999999,3.0,2.0
Euphausia tenera,Euphausia,Euphausiidae,Euphausiacea,Euphausiacea,Malacostraca,Crustacea,2.5727705999999992,3.0,2.0
Euphausia hemigibba,Euphausia,Euphausiidae,Euphausiacea,Euphausiacea,Malacostraca,Crustacea,2.6571402,3.0,2.0
Lucifer faxoni,Lucifer,Luciferidae,Sergestoidea,Decapoda,Malacostraca,Crustacea,2.7566176499999995,3.0,3.0
Stylocheiron carinatum,Stylocheiron,Euphausiidae,Euphausiacea,Euphausiacea,Malacostraca,Crustacea,3.059339625,3.0,2.0
Stylocheiron elongatum,Stylocheiron,Euphausiidae,Euphausiacea,Euphausiacea,Malacostraca,Crustacea,2.881539899999999,3.0,2.0
Stylocheiron maximum,Stylocheiron,Euphausiidae,Euphausiacea,Euphausiacea,Malacostraca,Crustacea,2.7970866,3.0,2.0
Nematobrachion boopis,Nematobrachion,Euphausiidae,Euphausiacea,Euphausiacea,Malacostraca,Crustacea,2.7875448000000005,3.0,2.0
Nematobrachion flexipes,Nematobrachion,Euphausiidae,Euphausiacea,Euphausiacea,Malacostraca,Crustacea,3.8508695999999993,3.0,2.0
Nematoscelis microps,Nematoscelis,Euphausiidae,Euphausiacea,Euphausiacea,Malacostraca,Crustacea,2.880681975,3.0,2.0
Thysanopoda monacantha,Thysanopoda,Euphausiidae,Euphausiacea,Euphausiacea,Malacostraca,Crustacea,3.3143107499999998,3.0,2.0
Thysanopoda tricuspidata,Thysanopoda,Euphausiidae,Euphausiacea,Euphausiacea,Malacostraca,Crustacea,3.2980729499999994,3.0,2.0
Siriella thompsoni,Siriella,Mysidae,Mysida,Mysida,Malacostraca,Crustacea,2.9855789999999995,3.0,3.0
Cyphocaris faueri,Cyphocaris,Lysianassidae,Gammaridea,Amphipoda,Malacostraca,Crustacea,2.42,3.0,3.0
Cyphocaris richardi,Cyphocaris,Lysianassidae,Gammaridea,Amphipoda,Malacostraca,Crustacea,3.377,3.0,3.0
Parandania boecki,Parandania,Stegocephalidae,Gammaridea,Amphipoda,Malacostraca,Crustacea,1.6230000000000002,3.0,3.0
Cyllopus lucasii,Cyllopus,Vibiliidae,Hyperiidea,Amphipoda,Malacostraca,Crustacea,4.278,3.0,3.0
Hyperia macrocephala,Hyperia,Hyperiidae,Hyperiidea,Amphipoda,Malacostraca,Crustacea,3.769,2.0,3.0
Hyperiella antarctica,Hyperiella,Hyperiidae,Hyperiidea,Amphipoda,Malacostraca,Crustacea,1.7080000000000002,2.0,3.0
Primno macropa,Primno,Phrosinidae,Hyperiidea,Amphipoda,Malacostraca,Crustacea,4.0760000000000005,2.0,3.0
Themisto gaudichaudi,Themisto,Hyperiidae,Hyperiidea,Amphipoda,Malacostraca,Crustacea,2.88,2.0,3.0
Vibilia stebbingi,Vibilia,Vibiliidae,Hyperiidea,Amphipoda,Malacostraca,Crustacea,3.97,2.0,3.0
Pasiphaea scotiae,Pasiphaea,Pasiphaeidae,Caridea,Decapoda,Malacostraca,Crustacea,7.685499999999999,3.0,3.0
Petalidium foliacium,Petalidium,Sergestidae,Sergestoidea,Decapoda,Malacostraca,Crustacea,6.906000000000001,3.0,3.0
Euphausia superba,Euphausia,Euphausiidae,Euphausiacea,Euphausiacea,Malacostraca,Crustacea,3.936,3.0,2.0
Euphausia triacantha,Euphausia,Euphausiidae,Euphausiacea,Euphausiacea,Malacostraca,Crustacea,2.915,3.0,2.0
Thysanoessa macrura,Thysanoessa,Euphausiidae,Euphausiacea,Euphausiacea,Malacostraca,Crustacea,4.3775,3.0,2.0
Boreomysis rostrata,Boreomysis,Mysidae,Mysida,Mysida,Malacostraca,Crustacea,4.398,3.0,3.0
Eucopia australis,Eucopia,Eucopiidae,Lophogastrida,Lophogastrida,Malacostraca,Crustacea,5.32,3.0,3.0
Gnathophausia gigas,Gnathophausia,Lophogastridae,Lophogastrida,Lophogastrida,Malacostraca,Crustacea,5.945,3.0,3.0
Gigantocypris mulleri,Gigantocypris,Cyprididae,Podocopa,Ostracoda,Ostracoda,Crustacea,0.701,3.0,2.0
Calothrix aeruginea,Calothrix,Rivulariaceae,Nostocales,Nostocales,Cyanophyceae,Cyanophycota,,0.0,0.0
Fucus vesiculosus,Fucus,Fucaceae,Fucales,Fucales,Phaeophyceae,Phaeophyta,,0.0,0.0
Himanthalia elongata,Himanthalia,Himanthaliaceae,Fucales,Fucales,Phaeophyceae,Phaeophyta,,0.0,0.0
Laminaria ochroleuca,Laminaria,Laminariaceae,Laminariales,Laminariales,Phaeophyceae,Phaeophyta,,0.0,0.0
Laminaria saccharina,Laminaria,Laminariaceae,Laminariales,Laminariales,Phaeophyceae,Phaeophyta,,0.0,0.0
Gelidium latifolium,Gelidium,Gelidiaceae,Nemaliales,Florideophycideae,Rhodophytina,Rhodophyta,,0.0,0.0
Plocamium cartilagineum,Plocamium,Plocamiaceae,Gigartinales,Florideophycideae,Rhodophytina,Rhodophyta,,0.0,0.0
Gymnogongrus crenulatus,Gymnogongrus,Phyllophoraceae,Gigartinales,Florideophycideae,Rhodophytina,Rhodophyta,,0.0,0.0
Chondrus crispus,Chondrus,Gigartinaceae,Gigartinales,Florideophycideae,Rhodophytina,Rhodophyta,,0.0,0.0
Gigartina pistillata,Gigartina,Gigartinaceae,Gigartinales,Florideophycideae,Rhodophytina,Rhodophyta,,0.0,0.0
Gigartina stellata,Gigartina,Gigartinaceae,Gigartinales,Florideophycideae,Rhodophytina,Rhodophyta,,0.0,0.0
Enteromorpha clathrata,Enteromorpha,Ulvaceae,Ulotrichales,Ulotrichales,Chlorophyceae,Chlorophyta,,0.0,0.0
Chaetomorpha antennina,Chaetomorpha,Cladophoraceae,Cladophorales,Cladophorales,Chlorophyceae,Chlorophyta,,0.0,0.0
Hincksia mitchelliae,Hincksia,Acinetosporaceae,Ectocarpales,Ectocarpales,Phaeophyceae,Phaeophyta,,0.0,0.0
Ulva fasciata,Ulva,Ulvaceae,Ulotrichales,Ulotrichales,Chlorophyceae,Chlorophyta,,0.0,0.0
Porphyra suborbiculata,Porphyra,Bangiaceae,Bangiales,Bangiophyceae,Rhodophytina,Rhodophyta,,0.0,0.0
Dermonema frappieri,Dermonema,Helminthocladiaceae,Nemaliales,Florideophycideae,Rhodophytina,Rhodophyta,,0.0,0.0
Pterocladia tenuis,Pterocladia,Gelidiaceae,Nemaliales,Florideophycideae,Rhodophytina,Rhodophyta,,0.0,0.0
Endarachne binghamiae,Endarachne,Scytosiphonaceae,Scytosiphonales,Scytosiphonales,Phaeophyceae,Phaeophyta,,0.0,0.0
Dictyota sp.,Dictyota,Dictyotaceae,Dictyonales,Dictyonales,Phaeophyceae,Phaeophyta,,0.0,0.0
Padina sp.,Padina,Dictyotaceae,Dictyonales,Dictyonales,Phaeophyceae,Phaeophyta,,0.0,0.0
Padina sp.,Padina,Dictyotaceae,Dictyonales,Dictyonales,Phaeophyceae,Phaeophyta,,0.0,0.0
Sargassum sp.,Sargassum,Sargassaceae,Fucales,Fucales,Phaeophyceae,Phaeophyta,,0.0,0.0
Sargassum sp.,Sargassum,Sargassaceae,Fucales,Fucales,Phaeophyceae,Phaeophyta,,0.0,0.0
Ulva sp.,Ulva,Ulvaceae,Ulotrichales,Ulotrichales,Chlorophyceae,Chlorophyta,,0.0,0.0
Ulva sp.,Ulva,Ulvaceae,Ulotrichales,Ulotrichales,Chlorophyceae,Chlorophyta,,0.0,0.0
Ahnfeltia concinna,Ahnfeltia,Phyllophoraceae,Gigartinales,Florideophycideae,Rhodophytina,Rhodophyta,,0.0,0.0
Eucheuma denticulatum,Eucheuma,Solieriaceae,Gigartinales,Florideophycideae,Rhodophytina,Rhodophyta,,0.0,0.0
Eucheuma nudum,Eucheuma,Solieriaceae,Gigartinales,Florideophycideae,Rhodophytina,Rhodophyta,,0.0,0.0
Eucheuma striatum,Eucheuma,Solieriaceae,Gigartinales,Florideophycideae,Rhodophytina,Rhodophyta,,0.0,0.0
Gigartina exasperata,Gigartina,Gigartinaceae,Gigartinales,Florideophycideae,Rhodophytina,Rhodophyta,,0.0,0.0
Polysiphonia sp.,Polysiphonia,Rhodomelaceae,Ceramiales,Florideophycideae,Rhodophytina,Rhodophyta,,0.0,0.0
Jania sp.,Jania,Corallinaceae,Cryptonemiales,Florideophycideae,Rhodophytina,Rhodophyta,,0.0,0.0
Amphiroa sp.,Amphiroa,Corallinaceae,Cryptonemiales,Florideophycideae,Rhodophytina,Rhodophyta,,0.0,0.0
Lithophyllum sp.,Lithophyllum,Corallinaceae,Cryptonemiales,Florideophycideae,Rhodophytina,Rhodophyta,,0.0,0.0
Todarodes sagittatus,Todarodes,Todarodinae,Teuthida,Decabrachia,Cephalopoda,Mollusca,4.006778,3.0,3.0
Moroteuthis robusta,Moroteuthis,Onychoteuthidae,Teuthida,Decabrachia,Cephalopoda,Mollusca,1.843664,3.0,3.0
Onychoteuthis sp.,Onychoteuthis,Onychoteuthidae,Teuthida,Decabrachia,Cephalopoda,Mollusca,4.5318570000000005,3.0,3.0
Gonatus sp.,Gonatus,Gonatidae,Teuthida,Decabrachia,Cephalopoda,Mollusca,3.784544,3.0,3.0
Pterygioteuthis giardi,Pterygioteuthis,Pyroteuthidae,Teuthida,Decabrachia,Cephalopoda,Mollusca,,3.0,3.0
Octopoteuthis sp.,Octopoteuthis,Octopoteuthidae,Teuthida,Decabrachia,Cephalopoda,Mollusca,3.081634,3.0,3.0
Histioteuthis sp.,Histioteuthis,Histioteuthidae,Teuthida,Decabrachia,Cephalopoda,Mollusca,2.64696,3.0,3.0
Mastigoteuthis sp.,Mastigoteuthis,Mastigoteuthidae,Teuthida,Decabrachia,Cephalopoda,Mollusca,1.82312,3.0,3.0
Helicocranchia sp.,Helicocranchia,Taoniidae,Teuthida,Decabrachia,Cephalopoda,Mollusca,,3.0,3.0
Taonidium sp.,Taonidium,Taoniidae,Teuthida,Decabrachia,Cephalopoda,Mollusca,,3.0,3.0
Teuthowenia sp.,Teuthowenia,Taoniidae,Teuthida,Decabrachia,Cephalopoda,Mollusca,1.687191,3.0,3.0
Loligo blekeri,Loligo,Loliginidae,Teuthida,Decabrachia,Cephalopoda,Mollusca,3.36,3.0,3.0
Loligo vulgaris,Loligo,Loliginidae,Teuthida,Decabrachia,Cephalopoda,Mollusca,3.62,3.0,3.0
Sepioteuthis lessoniana,Sepioteuthis,Loliginidae,Teuthida,Decabrachia,Cephalopoda,Mollusca,3.71,3.0,3.0
Todarodes pacificus,Todarodes,Todarodinae,Teuthida,Decabrachia,Cephalopoda,Mollusca,3.26,3.0,3.0
Todarodes pacificus,Todarodes,Todarodinae,Teuthida,Decabrachia,Cephalopoda,Mollusca,4.19,3.0,3.0
Sepia madokai,Sepia,Sepiidae,Sepiida,Decabrachia,Cephalopoda,Mollusca,3.32,3.0,3.0
Sepia sp.,Sepia,Sepiidae,Sepiida,Decabrachia,Cephalopoda,Mollusca,3.5,3.0,3.0
Sepiella japonica,Sepiella,Sepiidae,Sepiida,Decabrachia,Cephalopoda,Mollusca,3.01,3.0,3.0
Loligo reynaudi,Loligo,Loliginidae,Teuthida,Decabrachia,Cephalopoda,Mollusca,4.5,3.0,3.0
Todaropsis eblanae,Todaropsis,Todarodinae,Teuthida,Decabrachia,Cephalopoda,Mollusca,4.46,3.0,3.0
Theragra chalcogramma,Theragra,Gadidae,Gadiformes,Paracanthopterygii,Teleostei,Osteichthyes,3.6,3.0,3.0
Gadus morhua,Gadus,Gadidae,Gadiformes,Paracanthopterygii,Teleostei,Osteichthyes,4.796,3.0,3.0
Gadus morhua,Gadus,Gadidae,Gadiformes,Paracanthopterygii,Teleostei,Osteichthyes,4.528,3.0,3.0
Clupea pallasi,Clupea,Clupeidae,Clupeiformes,Clupeomorpha,Teleostei,Osteichthyes,5.05,3.0,3.0
Clupea pallasi,Clupea,Clupeidae,Clupeiformes,Clupeomorpha,Teleostei,Osteichthyes,6.2,3.0,3.0
Gadus macrocephalus,Gadus,Gadidae,Gadiformes,Paracanthopterygii,Teleostei,Osteichthyes,3.80133389020408,3.0,3.0
Pleuronectes asper,Pleuronectes,Pleuronectidae,Pleuronectiformes,Acanthopterygii,Teleostei,Osteichthyes,3.976,2.0,3.0
Theragra chalcogramma,Theragra,Gadidae,Gadiformes,Paracanthopterygii,Teleostei,Osteichthyes,,3.0,3.0
Theragra chalcogramma,Theragra,Gadidae,Gadiformes,Paracanthopterygii,Teleostei,Osteichthyes,5.44583169,3.0,3.0
Nemachilus barbatulus,Nemachilus,Cyprinidae,Cypriniformes,Ostariophysi,Teleostei,Osteichthyes,,3.0,3.0
Gobio gobio,Gobio,Cyprinidae,Cypriniformes,Ostariophysi,Teleostei,Osteichthyes,,3.0,3.0
Rutilus rutilus,Rutilus,Cyprinidae,Cypriniformes,Ostariophysi,Teleostei,Osteichthyes,,3.0,3.0
Gasterosteus aculeatus,Gasterosteus,Gasterosteidae,Gasterosteiformes,Acanthopterygii,Teleostei,Osteichthyes,,3.0,3.0
Pungitius pungitius,Pungitius,Gasterosteidae,Gasterosteiformes,Acanthopterygii,Teleostei,Osteichthyes,,3.0,3.0
Abramis brama,Abramis,Cyprinidae,Cypriniformes,Ostariophysi,Teleostei,Osteichthyes,,3.0,3.0
Abramis brama,Abramis,Cyprinidae,Cypriniformes,Ostariophysi,Teleostei,Osteichthyes,,3.0,3.0
Micropterus salmoides,Micropterus,Centrarchidae,Perciformes,Acanthopterygii,Teleostei,Osteichthyes,,3.0,3.0
Lepomis macrochirus,Lepomis,Centrarchidae,Perciformes,Acanthopterygii,Teleostei,Osteichthyes,,3.0,3.0
Dorosoma cepedianum,Dorosoma,Clupeidae,Clupeiformes,Clupeomorpha,Teleostei,Osteichthyes,,3.0,1.0
Dorosoma petenense,Dorosoma,Clupeidae,Clupeiformes,Clupeomorpha,Teleostei,Osteichthyes,,3.0,1.0
Erimyzon oblongus,Erimyzon,Catostomidae,Cypriniformes,Ostariophysi,Teleostei,Osteichthyes,,3.0,3.0
Gambusia affinis,Gambusia,Poeciliidae,Cyprinodontoformes,Acanthopterygii,Teleostei,Osteichthyes,,3.0,3.0
Ictalurus nebulosus,Ictalurus,Ictaluridae,Siluriformes,Ostariophysi,Teleostei,Osteichthyes,,3.0,3.0
Ictalurus punctatus,Ictalurus,Ictaluridae,Siluriformes,Ostariophysi,Teleostei,Osteichthyes,,3.0,3.0
Lepomis auritus,Lepomis,Centrarchidae,Perciformes,Acanthopterygii,Teleostei,Osteichthyes,,3.0,3.0
Lepomis cyanellus,Lepomis,Centrarchidae,Perciformes,Acanthopterygii,Teleostei,Osteichthyes,,3.0,3.0
Lepomis macrochirus,Lepomis,Centrarchidae,Perciformes,Acanthopterygii,Teleostei,Osteichthyes,,3.0,3.0
Lepomis microlophus,Lepomis,Centrarchidae,Perciformes,Acanthopterygii,Teleostei,Osteichthyes,,3.0,3.0
Lepomis punctatus,Lepomis,Centrarchidae,Perciformes,Acanthopterygii,Teleostei,Osteichthyes,,3.0,3.0
Micropterus salmoides,Micropterus,Centrarchidae,Perciformes,Acanthopterygii,Teleostei,Osteichthyes,,3.0,3.0
Minytrema melanops,Minytrema,Catostomidae,Cypriniformes,Ostariophysi,Teleostei,Osteichthyes,,3.0,3.0
Notemigonus crysoleucas,Notemigonus,Cyprinidae,Cypriniformes,Ostariophysi,Teleostei,Osteichthyes,,3.0,3.0
Perca flavescens,Perca,Percidae,Perciformes,Acanthopterygii,Teleostei,Osteichthyes,,3.0,3.0
Pimephales promelas,Pimephales,Cyprinidae,Cypriniformes,Ostariophysi,Teleostei,Osteichthyes,,3.0,3.0
Pomoxis nigromaculatus,Pomoxis,Centrarchidae,Perciformes,Acanthopterygii,Teleostei,Osteichthyes,,3.0,3.0
Dorosoma cepedianum,Dorosoma,Clupeidae,Clupeiformes,Clupeomorpha,Teleostei,Osteichthyes,4.053130649999999,3.0,1.0
Dorosoma cepedianum,Dorosoma,Clupeidae,Clupeiformes,Clupeomorpha,Teleostei,Osteichthyes,5.51252385,3.0,1.0
Dorosoma petenense,Dorosoma,Clupeidae,Clupeiformes,Clupeomorpha,Teleostei,Osteichthyes,4.208770799999998,3.0,1.0
Alosa pseudoharengus,Alosa,Clupeidae,Clupeiformes,Clupeomorpha,Teleostei,Osteichthyes,4.821873299999999,3.0,1.0
Brevoortia patronus,Brevoortia,Clupeidae,Clupeiformes,Clupeomorpha,Teleostei,Osteichthyes,3.7785,3.0,3.0
Brevoortia patronus,Brevoortia,Clupeidae,Clupeiformes,Clupeomorpha,Teleostei,Osteichthyes,5.904,3.0,3.0
Brevoortia patronus,Brevoortia,Clupeidae,Clupeiformes,Clupeomorpha,Teleostei,Osteichthyes,5.7096,3.0,3.0
Brevoortia patronus,Brevoortia,Clupeidae,Clupeiformes,Clupeomorpha,Teleostei,Osteichthyes,2.29,3.0,3.0
Brevoortia patronus,Brevoortia,Clupeidae,Clupeiformes,Clupeomorpha,Teleostei,Osteichthyes,6.9408,3.0,3.0
Salmo trutta,Salmo,Salmonidae,Salmoniformes,Protacanthopterygii,Teleostei,Osteichthyes,5.51538,3.0,3.0
Salmo trutta,Salmo,Salmonidae,Salmoniformes,Protacanthopterygii,Teleostei,Osteichthyes,5.53878,3.0,3.0
Salmo trutta,Salmo,Salmonidae,Salmoniformes,Protacanthopterygii,Teleostei,Osteichthyes,5.48249,3.0,3.0
Salmo trutta,Salmo,Salmonidae,Salmoniformes,Protacanthopterygii,Teleostei,Osteichthyes,5.4988,3.0,3.0
Salmo trutta,Salmo,Salmonidae,Salmoniformes,Protacanthopterygii,Teleostei,Osteichthyes,5.712,3.0,3.0
Salmo trutta,Salmo,Salmonidae,Salmoniformes,Protacanthopterygii,Teleostei,Osteichthyes,5.673439999999999,3.0,3.0
Salmo trutta,Salmo,Salmonidae,Salmoniformes,Protacanthopterygii,Teleostei,Osteichthyes,5.67141,3.0,3.0
Salmo trutta,Salmo,Salmonidae,Salmoniformes,Protacanthopterygii,Teleostei,Osteichthyes,5.58558,3.0,3.0
Salmo trutta,Salmo,Salmonidae,Salmoniformes,Protacanthopterygii,Teleostei,Osteichthyes,5.56245,3.0,3.0
Osmerus mordax,Osmerus,Osmeridae,Osmeriformes,Protacanthopterygii,Teleostei,Osteichthyes,,3.0,3.0
Alosa pseudoharengus,Alosa,Clupeidae,Clupeiformes,Clupeomorpha,Teleostei,Osteichthyes,8.378,3.0,1.0
Thunnus albacares,Thunnus,Scombridae,Perciformes,Acanthopterygii,Teleostei,Osteichthyes,,3.0,3.0
Engraulis ringens,Engraulis,Engraulidae,Clupeiformes,Clupeomorpha,Teleostei,Osteichthyes,,3.0,2.0
Pleuronectes platessa,Pleuronectes,Pleuronectidae,Pleuronectiformes,Acanthopterygii,Teleostei,Osteichthyes,3.9784633125000006,2.0,3.0
Theragra chalcogramma,Theragra,Gadidae,Gadiformes,Paracanthopterygii,Teleostei,Osteichthyes,3.603285,3.0,3.0
Salmo gairdneri,Salmo,Salmonidae,Salmoniformes,Protacanthopterygii,Teleostei,Osteichthyes,,3.0,3.0
Notothenia coriiceps,Notothenia,Nototheniidae,Perciformes,Acanthopterygii,Teleostei,Osteichthyes,,3.0,2.0
Rutilus rutilus,Rutilus,Cyprinidae,Cypriniformes,Ostariophysi,Teleostei,Osteichthyes,,3.0,3.0
Oncorhynchus gorbuscha,Oncorhynchus,Salmonidae,Salmoniformes,Protacanthopterygii,Teleostei,Osteichthyes,,3.0,3.0
Oncorhynchus nerka,Oncorhynchus,Salmonidae,Salmoniformes,Protacanthopterygii,Teleostei,Osteichthyes,,3.0,3.0
Oncorhynchus nerka,Oncorhynchus,Salmonidae,Salmoniformes,Protacanthopterygii,Teleostei,Osteichthyes,6.3999066,3.0,3.0
Oncorhynchus nerka,Oncorhynchus,Salmonidae,Salmoniformes,Protacanthopterygii,Teleostei,Osteichthyes,6.925160137499999,3.0,3.0
Oncorhynchus nerka,Oncorhynchus,Salmonidae,Salmoniformes,Protacanthopterygii,Teleostei,Osteichthyes,6.52555332,3.0,3.0
Oncorhynchus nerka,Oncorhynchus,Salmonidae,Salmoniformes,Protacanthopterygii,Teleostei,Osteichthyes,6.504661799999999,3.0,3.0
Oncorhynchus nerka,Oncorhynchus,Salmonidae,Salmoniformes,Protacanthopterygii,Teleostei,Osteichthyes,5.7465775080000006,3.0,3.0
Clupea harengus,Clupea,Clupeidae,Clupeiformes,Clupeomorpha,Teleostei,Osteichthyes,5.0,3.0,2.0
Clupea harengus,Clupea,Clupeidae,Clupeiformes,Clupeomorpha,Teleostei,Osteichthyes,2.5,3.0,2.0
Munida subrugosa,Munida,Galatheidae,Anomura,Decapoda,Malacostraca,Crustacea,,1.0,2.0
Munida subrugosa,Munida,Galatheidae,Anomura,Decapoda,Malacostraca,Crustacea,,1.0,2.0
Osmerus mordax,Osmerus,Osmeridae,Osmeriformes,Protacanthopterygii,Teleostei,Osteichthyes,,3.0,3.0
Notemigonus crysoleucas,Notemigonus,Cyprinidae,Cypriniformes,Ostariophysi,Teleostei,Osteichthyes,,3.0,3.0
Perca flavescens,Perca,Percidae,Perciformes,Acanthopterygii,Teleostei,Osteichthyes,,3.0,3.0
Chironomus sp.,Chironomidae,Chironomidae,Nematocera,Diptera,Pterygota,Insecta,,2.0,2.0
Acanthodiaptomus denticornis,Acanthodiaptomus,Diaptomidae,Calanoida,Gymnoplea,Copepoda,Crustacea,,3.0,1.0
Heterocope saliens,Heterocope,Temoridae,Calanoida,Gymnoplea,Copepoda,Crustacea,,3.0,1.0
Bosmina longispina,Bosmina,Bosminidae,Cladocera,Phyllopoda,Branchiopoda,Crustacea,,3.0,1.0
Holopedium gibberum,Holopedium,Holopediidae,Cladocera,Phyllopoda,Branchiopoda,Crustacea,,3.0,1.0
Diaphanosoma brachyurum,Diaphanosoma,Sididae,Cladocera,Phyllopoda,Branchiopoda,Crustacea,,3.0,1.0
Daphnia longispina,Daphnia,Daphniidae,Cladocera,Phyllopoda,Branchiopoda,Crustacea,,3.0,1.0
Porphyra perforata,Porphyra,Bangiaceae,Bangiales,Bangiophyceae,Rhodophytina,Rhodophyta,,0.0,0.0
Microcladia coulteri,Microcladia,Ceramiaceae,Ceramiales,Florideophycideae,Rhodophytina,Rhodophyta,,0.0,0.0
Smithora naiadum,Smithora,Erythropeltidaceae,Bangiales,Bangiophyceae,Rhodophytina,Rhodophyta,,0.0,0.0
Spongomorpha coalita,Spongomorpha,Acrosiphoniaceae,Acrosiphoniales,Acrosiphoniales,Chlorophyceae,Chlorophyta,,0.0,0.0
Ulva lobata,Ulva,Ulvaceae,Ulotrichales,Ulotrichales,Chlorophyceae,Chlorophyta,,0.0,0.0
Gigartina leptorhynchos,Gigartina,Gigartinaceae,Gigartinales,Florideophycideae,Rhodophytina,Rhodophyta,,0.0,0.0
Gigartina canaliculata,Gigartina,Gigartinaceae,Gigartinales,Florideophycideae,Rhodophytina,Rhodophyta,,0.0,0.0
Iridea flaccida,Iridea,Gigartinaceae,Gigartinales,Florideophycideae,Rhodophytina,Rhodophyta,,0.0,0.0
Najas flexilis,Najas,Najadaceae,Najadales,Alismatidae,Magnoliopsida,Tracheophyta,2.261,0.0,0.0
Najas minor,Najas,Najadaceae,Najadales,Alismatidae,Magnoliopsida,Tracheophyta,1.517,0.0,0.0
Potamogeton foliosus,Potamogeton,Potamogetonaceae,Najadales,Alismatidae,Magnoliopsida,Tracheophyta,1.082,0.0,0.0
Chara sp.,Chara,Characeae,Charales,Charales,Charophyceae,Charophyta,1.39,0.0,0.0
Elodea canadensis,Elodea,Hydrocharitaceae,Hydrocharitales,Alismatidae,Magnoliopsida,Tracheophyta,2.209,0.0,0.0
Potamogeton pectinatus,Potamogeton,Potamogetonaceae,Najadales,Alismatidae,Magnoliopsida,Tracheophyta,1.352,0.0,0.0
Potamogeton crispus,Potamogeton,Potamogetonaceae,Najadales,Alismatidae,Magnoliopsida,Tracheophyta,1.273,0.0,0.0
Myriophyllum sp.,Myriophyllum,Haloragaceae,Haloragales,Rosidae,Magnoliopsida,Tracheophyta,3.317,0.0,0.0
Ceratophyllum demersum,Ceratophyllum,Ceratophyllaceae,Nymphaeales,Magnoliidae,Magnoliopsida,Tracheophyta,1.491,0.0,0.0
Ctenopharyngodon idella,Ctenopharyngodon,Cyprinidae,Cypriniformes,Ostariophysi,Teleostei,Osteichthyes,,3.0,1.0
Ulva lactuca,Ulva,Ulvaceae,Ulotrichales,Ulotrichales,Chlorophyceae,Chlorophyta,2.4966134835,0.0,0.0
Pecten maximus,Pecten,Pectinidae,Ostreoida,Pteriomorphia,Bivalvia,Mollusca,4.420872794,2.0,1.0
Gasterosteus aculeatus,Gasterosteus,Gasterosteidae,Gasterosteiformes,Acanthopterygii,Teleostei,Osteichthyes,,3.0,3.0
Gasterosteus aculeatus,Gasterosteus,Gasterosteidae,Gasterosteiformes,Acanthopterygii,Teleostei,Osteichthyes,,3.0,3.0
Tilapia nilotica,Tilapia,Chilidae,Perciformes,Acanthopterygii,Teleostei,Osteichthyes,4.484,3.0,1.0
Gasterosteus aculeatus,Gasterosteus,Gasterosteidae,Gasterosteiformes,Acanthopterygii,Teleostei,Osteichthyes,,3.0,3.0
Perca fluviatilis,Perca,Percidae,Perciformes,Acanthopterygii,Teleostei,Osteichthyes,,3.0,3.0
Pleuronectes platessa,Pleuronectes,Pleuronectidae,Pleuronectiformes,Acanthopterygii,Teleostei,Osteichthyes,5.731289246467818,2.0,3.0
Pleuronectes platessa,Pleuronectes,Pleuronectidae,Pleuronectiformes,Acanthopterygii,Teleostei,Osteichthyes,5.824256,2.0,3.0
Daphnia hyalina,Daphnia,Daphniidae,Cladocera,Phyllopoda,Branchiopoda,Crustacea,,3.0,1.0
Bosmina coregoni,Bosmina,Bosminidae,Cladocera,Phyllopoda,Branchiopoda,Crustacea,,3.0,1.0
Chydorus sphaericus,Chydorus,Chydoridae,Cladocera,Phyllopoda,Branchiopoda,Crustacea,,3.0,1.0
Leptodora kindtii,Leptodora,Leptodoridae,Cladocera,Phyllopoda,Branchiopoda,Crustacea,,3.0,1.0
Eurytemora affinis,Eurytemora,Temoridae,Calanoida,Gymnoplea,Copepoda,Crustacea,,3.0,1.0
Cyclops sp.,Cyclops,Cyclopidae,Cyclopoida,Podoplea,Copepoda,Crustacea,,3.0,1.0
Temora stylifera,Temora,Sulcanidae,Calanoida,Gymnoplea,Copepoda,Crustacea,,3.0,2.0
Centropages typicus,Centropages,Centropagidae,Calanoida,Gymnoplea,Copepoda,Crustacea,,3.0,2.0
Calanus helgolandicus,Calanus,Calanidae,Calanoida,Gymnoplea,Copepoda,Crustacea,,3.0,1.0
Pontella mediterranea,Pontella,Pontellidae,Calanoida,Gymnoplea,Copepoda,Crustacea,,3.0,1.0
Ammodytes marinus,Ammodytes,Ammodytidae,Perciformes,Acanthopterygii,Teleostei,Osteichthyes,5.673913043478261,2.0,3.0
Clupea harengus,Clupea,Clupeidae,Clupeiformes,Clupeomorpha,Teleostei,Osteichthyes,6.707407407407407,3.0,3.0
Sprattus sprattus,Sprattus,Clupeidae,Clupeiformes,Clupeomorpha,Teleostei,Osteichthyes,7.257692307692307,3.0,3.0
Merlangius merlangus,Merlangius,Gadidae,Gadiformes,Paracanthopterygii,Teleostei,Osteichthyes,4.18421052631579,3.0,3.0
Micropterus salmoides,Micropterus,Centrarchidae,Perciformes,Acanthopterygii,Teleostei,Osteichthyes,7.194014999999999,3.0,3.0
Perca flavescens,Perca,Percidae,Perciformes,Acanthopterygii,Teleostei,Osteichthyes,,3.0,3.0
Perca flavescens,Perca,Percidae,Perciformes,Acanthopterygii,Teleostei,Osteichthyes,,3.0,3.0
Pomatoschistus minutus,Pomatoschistus,Gobiidae,Perciformes,Acanthopterygii,Teleostei,Osteichthyes,,3.0,3.0
Corophium volutator,Corophium,Corophiidae,Gammaridea,Amphipoda,Malacostraca,Crustacea,,1.0,2.0
Nereis diversicolor,Nereis,Nereididae,Phyllodocida,Aciculata,Polychaeta,Annelida,,1.0,3.0
Neomysis integer,Neomysis,Mysidae,Mysida,Mysida,Malacostraca,Crustacea,,2.0,2.0
Crangon vulgaris,Crangon,Crangonidae,Caridea,Decapoda,Malacostraca,Crustacea,,2.0,3.0
Gadus morhua,Gadus,Gadidae,Gadiformes,Paracanthopterygii,Teleostei,Osteichthyes,,3.0,3.0
Macoma balthica,Macoma,Tellinidae,Veneroida,Heterodonta,Bivalvia,Mollusca,,1.0,1.0
Daphnia pulex,Daphnia,Daphniidae,Cladocera,Phyllopoda,Branchiopoda,Crustacea,3.779156,3.0,1.0
Daphnia hyalina,Daphnia,Daphniidae,Cladocera,Phyllopoda,Branchiopoda,Crustacea,,3.0,1.0
Daphnia hyalina,Daphnia,Daphniidae,Cladocera,Phyllopoda,Branchiopoda,Crustacea,,3.0,1.0
Ranina ranina,Ranina,Raninidae,Brachyura,Decapoda,Malacostraca,Crustacea,,3.0,3.0
Thermocyclops hyalinus,Thermocyclops,Cyclopidae,Cyclopoida,Podoplea,Copepoda,Crustacea,,3.0,3.0
Alosa pseudoharengus,Alosa,Clupeidae,Clupeiformes,Clupeomorpha,Teleostei,Osteichthyes,5.484,3.0,1.0
Osmerus mordax,Osmerus,Osmeridae,Osmeriformes,Protacanthopterygii,Teleostei,Osteichthyes,4.207,3.0,3.0
Lithodes santolla,Lithodes,Lithodidae,Anomura,Decapoda,Malacostraca,Crustacea,,3.0,3.0
Lithodes santolla,Lithodes,Lithodidae,Anomura,Decapoda,Malacostraca,Crustacea,,1.0,3.0
Fucus serratus,Fucus,Fucaceae,Fucales,Fucales,Phaeophyceae,Phaeophyta,,0.0,0.0
Laminaria saccharina,Laminaria,Laminariaceae,Laminariales,Laminariales,Phaeophyceae,Phaeophyta,,0.0,0.0
Chondrus crispus,Chondrus,Gigartinaceae,Gigartinales,Florideophycideae,Rhodophytina,Rhodophyta,,0.0,0.0
Furcellaria lumbricalis,Furcellaria,Furcellariaceae,Gigartinales,Florideophycideae,Rhodophytina,Rhodophyta,,0.0,0.0
Phyllophora sp.,Phyllophora,Phyllophoraceae,Gigartinales,Florideophycideae,Rhodophytina,Rhodophyta,,0.0,0.0
Phycodrys rubens,Phycodrys,Delesseriaceae,Ceramiales,Florideophycideae,Rhodophytina,Rhodophyta,,0.0,0.0
Pandalus borealis,Pandalus,Pandalidae,Caridea,Decapoda,Malacostraca,Crustacea,,3.0,3.0
Calanus cristatus,Calanus,Calanidae,Calanoida,Gymnoplea,Copepoda,Crustacea,,3.0,1.0
Calanus cristatus,Calanus,Calanidae,Calanoida,Gymnoplea,Copepoda,Crustacea,,3.0,1.0
Calanus cristatus,Calanus,Calanidae,Calanoida,Gymnoplea,Copepoda,Crustacea,,3.0,1.0
Dendrocoelum lacteum,Dendrocoelum,Dendrocoelidae,Tricladida,Archoophora,Turbellaria,Plathelminthes,,1.0,3.0
Polycelis tenuis,Polycelis,Planariidae,Tricladida,Archoophora,Turbellaria,Plathelminthes,,1.0,3.0
Cyprideis torosa,Cyprideis,Cytherideidae,Podocopa,Ostracoda,Ostracoda,Crustacea,,1.0,2.0
Caenorhabditis briggsae,Caenorhabditis,Rhabditidae,Rhabdidita,Secermetea,Secermetea,Nemata,,1.0,3.0
Rhabditis oxycerca,Rhabditis,Rhabditidae,Rhabdidita,Secermetea,Secermetea,Nemata,,1.0,3.0
Aphelenchus avenae,Aphelenchus,Aphelenchidae,Aphelenchida,Secermetea,Secermetea,Nemata,,1.0,3.0
Pandalus montagui,Pandalus,Pandalidae,Caridea,Decapoda,Malacostraca,Crustacea,,3.0,3.0
Crangon crangon,Crangon,Crangonidae,Caridea,Decapoda,Malacostraca,Crustacea,,3.0,3.0
Crangon allmanni,Crangon,Crangonidae,Caridea,Decapoda,Malacostraca,Crustacea,,3.0,3.0
Homarus gammarus,Homarus,Nephropidae,Astacoidea,Decapoda,Malacostraca,Crustacea,,3.0,3.0
Nephrops norvegicus,Nephrops,Nephropidae,Astacoidea,Decapoda,Malacostraca,Crustacea,,3.0,3.0
Galathea squamifera,Galathea,Galatheidae,Anomura,Decapoda,Malacostraca,Crustacea,,3.0,3.0
Pagurus bernhardus,Pagurus,Paguridae,Anomura,Decapoda,Malacostraca,Crustacea,,3.0,3.0
Necora puber,Necora,Portunidae,Brachyura,Decapoda,Malacostraca,Crustacea,,2.0,3.0
Liocarcinus holsatus,Liocarcinus,Portunidae,Brachyura,Decapoda,Malacostraca,Crustacea,,2.0,3.0
Carcinus maenas,Carcinus,Portunidae,Brachyura,Decapoda,Malacostraca,Crustacea,,1.0,3.0
Cancer pagurus,Cancer,Cancridae,Brachyura,Decapoda,Malacostraca,Crustacea,,3.0,3.0
Pinnotheres pisum,Pinnotheres,Pinnotheridae,Brachyura,Decapoda,Malacostraca,Crustacea,,3.0,3.0
Hyas araneus,Hyas,Majidae,Brachyura,Decapoda,Malacostraca,Crustacea,,3.0,3.0
Hyas coarctatus,Hyas,Majidae,Brachyura,Decapoda,Malacostraca,Crustacea,,3.0,3.0
Inachus dorsettensis,Inachus,Majidae,Brachyura,Decapoda,Malacostraca,Crustacea,,3.0,3.0
Macropodia rostrata,Macropodia,Majidae,Brachyura,Decapoda,Malacostraca,Crustacea,,3.0,3.0
Maja squinado,Maja,Majidae,Brachyura,Decapoda,Malacostraca,Crustacea,,3.0,3.0
Hyas araneus,Hyas,Majidae,Brachyura,Decapoda,Malacostraca,Crustacea,,1.0,3.0
Pagurus bernhardus,Pagurus,Paguridae,Anomura,Decapoda,Malacostraca,Crustacea,,1.0,3.0
Mallotus villosus,Mallotus,Osmeridae,Osmeriformes,Protacanthopterygii,Teleostei,Osteichthyes,3.752969121140143,3.0,3.0
Mallotus villosus,Mallotus,Osmeridae,Osmeriformes,Protacanthopterygii,Teleostei,Osteichthyes,4.618320610687023,3.0,3.0
Mallotus villosus,Mallotus,Osmeridae,Osmeriformes,Protacanthopterygii,Teleostei,Osteichthyes,3.7874396135265695,3.0,3.0
Gobius giuris,Gobius,Gobiidae,Perciformes,Acanthopterygii,Teleostei,Osteichthyes,,3.0,3.0
Barbus conchonius,Barbus,Cyprinidae,Cypriniformes,Ostariophysi,Teleostei,Osteichthyes,,3.0,3.0
Lestes malabaricus,Lestes,Lestidae,Zygoptera,Odonata,Pterygota,Insecta,,3.0,1.0
Megalogomphus superbus,Megalogomphus,Gomphidae,Anisoptera,Odonata,Pterygota,Insecta,,3.0,3.0
Chironomus tenuiforceps,Chironomus,Chironomidae,Nematocera,Diptera,Pterygota,Insecta,,3.0,1.0
Ephemera expectance,Ephemera,Ephemeridae,Furcatergalia,Ephemeroptera,Pterygota,Insecta,,3.0,1.0
Macronema pseudoneura,Macronema,Hydropsychidae,Hydropsychoidea,Trichoptera,Pterygota,Insecta,,3.0,1.0
Palaemon lamarrie,Palaemon,Palaemonidae,Caridea,Decapoda,Malacostraca,Crustacea,,3.0,3.0
Stenocypris malcolmsoni,Stenocypris,Cyprididae,Podocopa,Ostracoda,Ostracoda,Crustacea,,3.0,1.0
Branchiodrilus semperi,Branchiodrilus,Naididae,Haplotaxida,Oligochaeta,Clitellata,Annelida,,3.0,2.0
Dero limosa,Dero,Naididae,Haplotaxida,Oligochaeta,Clitellata,Annelida,,3.0,2.0
Spongilla lacustris,Spongilla,Spongillidae,Haplosclerida,Demospongiae,Demospongiae,Porifera,,3.0,1.0
Spirogyra maxima,Spirogyra,Zygnemataceae,Zygnematales,Zygnematales,Chlorophyceae,Chlorophyta,,3.0,0.0
Najas flexilis,Najas,Najadaceae,Najadales,Alismatidae,Magnoliopsida,Tracheophyta,,0.0,0.0
Clupea harengus,Clupea,Clupeidae,Clupeiformes,Clupeomorpha,Teleostei,Osteichthyes,12.865,3.0,2.0
Calanus finmarchicus,Calanus,Calanidae,Calanoida,Gymnoplea,Copepoda,Crustacea,,3.0,1.0
Calanus finmarchicus,Calanus,Calanidae,Calanoida,Gymnoplea,Copepoda,Crustacea,,3.0,1.0
Calanus finmarchicus,Calanus,Calanidae,Calanoida,Gymnoplea,Copepoda,Crustacea,,3.0,1.0
Actinastrum hantzschii,Actinastrum,Scenedesmaceae,Chlorococcales,Chlorococcales,Chlorophyceae,Chlorophyta,,3.0,0.0
Ankistrodesmus falcatus,Ankistrodesmus,Oocystaceae,Chlorococcales,Chlorococcales,Chlorophyceae,Chlorophyta,,3.0,0.0
Asterococcus superbus,Asterococcus,Palmellopsidaceae,Tetrasporales,Tetrasporales,Chlorophyceae,Chlorophyta,,3.0,0.0
Chlamydomonas angulosa,Chlamydomonas,Chlamydomonadaceae,Volvocales,Volvocales,Chlorophyceae,Chlorophyta,,3.0,0.0
Chlorella pyrenoidosa,Chlorella,Oocystaceae,Chlorococcales,Chlorococcales,Chlorophyceae,Chlorophyta,,3.0,0.0
Chodatella sp.,Chodatella,Oocystaceae,Chlorococcales,Chlorococcales,Chlorophyceae,Chlorophyta,,3.0,0.0
Dictyosphaerium ehrenbergianum,Dictyosphaerium,Dictyosphaeriaceae,Chlorococcales,Chlorococcales,Chlorophyceae,Chlorophyta,,3.0,0.0
Eudorina elegans,Eudorina,Volvocaceae,Volvocales,Volvocales,Chlorophyceae,Chlorophyta,,3.0,0.0
Gonium sociale,Gonium,Volvocaceae,Volvocales,Volvocales,Chlorophyceae,Chlorophyta,,3.0,0.0
Micractinium pusillum,Micractinium,Micractiniaceae,Chlorococcales,Chlorococcales,Chlorophyceae,Chlorophyta,,3.0,0.0
Pediastrum duplex,Pediastrum,Hydrodictyaceae,Chlorococcales,Chlorococcales,Chlorophyceae,Chlorophyta,,3.0,0.0
Scenedesmus dimorphus,Scenedesmus,Scenedesmaceae,Chlorococcales,Chlorococcales,Chlorophyceae,Chlorophyta,,3.0,0.0
Scenedesmus quadricauda,Scenedesmus,Scenedesmaceae,Chlorococcales,Chlorococcales,Chlorophyceae,Chlorophyta,,3.0,0.0
Staurastrum sp.,Staurastrum,Desmidiaceae,Zygnematales,Zygnematales,Chlorophyceae,Chlorophyta,,3.0,0.0
Stichococcus bacillaris,Stichococcus,Ulotrichaceae,Ulotrichales,Ulotrichales,Chlorophyceae,Chlorophyta,,3.0,0.0
Ulothrix sp.,Ulothrix,Ulotrichaceae,Ulotrichales,Ulotrichales,Chlorophyceae,Chlorophyta,,3.0,0.0
Asterionella formosa,Asterionella,Fragilariaceae,Fragilariales,Fragilariales,Fragilariophyceae,Bacillariophyta,,3.0,0.0
Fragilaria capucina,Fragilaria,Fragilariaceae,Fragilariales,Fragilariales,Fragilariophyceae,Bacillariophyta,,3.0,0.0
Melosira binderiana,Melosira,Melosiraceae,Melosirales,Melosirales,Coscinodiscophyceae,Bacillariophyta,,3.0,0.0
Navicula pelliculosa,Navicula,Naviculaceae,Naviculales,Naviculales,Bacillariophyceae,Bacillariophyta,,3.0,0.0
Nitzschia acicularis,Nitzschia,Bacillariaceae,Bacillariales,Bacillariales,Bacillariophyceae,Bacillariophyta,,3.0,0.0
Nitzschia kutzingiana,Nitzschia,Bacillariaceae,Bacillariales,Bacillariales,Bacillariophyceae,Bacillariophyta,,3.0,0.0
Stephanodiscus astraea,Stephanodiscus,Stephanodiscaceae,Thalassiosirales,Thalassiosirales,Coscinodiscophyceae,Bacillariophyta,,3.0,0.0
Stephanodiscus tenuis,Stephanodiscus,Stephanodiscaceae,Thalassiosirales,Thalassiosirales,Coscinodiscophyceae,Bacillariophyta,,3.0,0.0
Synedra acus,Synedra,Fragilariaceae,Fragilariales,Fragilariales,Fragilariophyceae,Bacillariophyta,,3.0,0.0
Synedra ulna,Synedra,Fragilariaceae,Fragilariales,Fragilariales,Fragilariophyceae,Bacillariophyta,,3.0,0.0
Tabellaria asterionelloides,Tabellaria,Tabellariaceae,Tabellariales,Tabellariales,Fragilariophyceae,Bacillariophyta,,3.0,0.0
Oscillatoria sp.,Oscillatoria,Oscillatoriaceae,Nostocales,Nostocales,Cyanophyceae,Cyanophycota,,3.0,0.0
Daphnia pulicaria,Daphnia,Daphniidae,Cladocera,Phyllopoda,Branchiopoda,Crustacea,,3.0,1.0
Copepoda sp.,Copepoda,Copepoda,Copepoda,Copepoda,Copepoda,Crustacea,,3.0,2.0
Euphausia sp.,Euphausia,Euphausiidae,Euphausiacea,Euphausiacea,Malacostraca,Crustacea,,3.0,2.0
Chaetognatha,Taxon > Genus,-,-,-,-,Chaetognatha,,3.0,3.0
Osteichthyes,Taxon > Genus,-,-,-,-,Osteichthyes,,3.0,3.0
Phyllodocidae,Taxon > Genus,-,-,Aciculata,Polychaeta,Annelida,,3.0,2.0
Siphonophorae,Taxon > Genus,-,-,Siphonophorae,Hydrozoa,Cnidaria,,3.0,3.0
Hydroida sp.,Hydroida,Hydroida,Hydroida,Hydroida,Hydrozoa,Cnidaria,,3.0,3.0
Pterioida sp.,Pterioida,Pterioida,Pterioida,Pteriomorphia,Bivalvia,Mollusca,,3.0,1.0
Pagurus bernhardus,Pagurus,Paguridae,Anomura,Decapoda,Malacostraca,Crustacea,,3.0,3.0
Pagurus bernhardus,Pagurus,Paguridae,Anomura,Decapoda,Malacostraca,Crustacea,,3.0,3.0
Pagurus bernhardus,Pagurus,Paguridae,Anomura,Decapoda,Malacostraca,Crustacea,,1.0,3.0
Carcinus maenas,Carcinus,Portunidae,Brachyura,Decapoda,Malacostraca,Crustacea,,1.0,3.0
Carcinus maenas,Carcinus,Portunidae,Brachyura,Decapoda,Malacostraca,Crustacea,,1.0,3.0
Carcinus maenas,Carcinus,Portunidae,Brachyura,Decapoda,Malacostraca,Crustacea,,1.0,3.0
Calanus hyperboreus,Calanus,Calanidae,Calanoida,Gymnoplea,Copepoda,Crustacea,,3.0,2.0
Heliocidaris erythrogramma,Heliocidaris,Echinometridae,Echinoida,Euechinoidea,Echinoidea,Echinodermata,3.078906,1.0,2.0
Heliocidaris tuberculata,Heliocidaris,Echinometridae,Echinoida,Euechinoidea,Echinoidea,Echinodermata,3.5098000000000003,1.0,2.0
Diaptomus arcticus,Diaptomus,Diaptomidae,Calanoida,Gymnoplea,Copepoda,Crustacea,,3.0,1.0
Diaptomus arcticus,Diaptomus,Diaptomidae,Calanoida,Gymnoplea,Copepoda,Crustacea,,3.0,1.0
Diaptomus leptopus,Diaptomus,Diaptomidae,Calanoida,Gymnoplea,Copepoda,Crustacea,,3.0,1.0
Diaptomus leptopus,Diaptomus,Diaptomidae,Calanoida,Gymnoplea,Copepoda,Crustacea,,3.0,1.0
Diaptomus siciloides,Diaptomus,Diaptomidae,Calanoida,Gymnoplea,Copepoda,Crustacea,,3.0,1.0
Diaptomus siciloides,Diaptomus,Diaptomidae,Calanoida,Gymnoplea,Copepoda,Crustacea,,3.0,1.0
Mesocyclops edax,Mesocyclops,Cyclopidae,Cyclopoida,Podoplea,Copepoda,Crustacea,,3.0,1.0
Daphnia pulex,Daphnia,Daphniidae,Cladocera,Phyllopoda,Branchiopoda,Crustacea,,3.0,1.0
Streptocephalus seali,Streptocephalus,Streptocephalidae,Anostraca,Sarsostraca,Branchiopoda,Crustacea,,3.0,1.0
Caenestheriella setosa,Caenestheriella,Cyzicidae,Cladocera,Phyllopoda,Branchiopoda,Crustacea,,3.0,1.0
Anacystis sp,Anacystis,Chroococcaceae,Chroococcales,Chroococcales,Cyanophyceae,Cyanophycota,,3.0,0.0
Pandorina morum,Pandorina,Volvocaceae,Volvocales,Volvocales,Chlorophyceae,Chlorophyta,,3.0,0.0
Liocarcinus holsatus,Liocarcinus,Portunidae,Brachyura,Decapoda,Malacostraca,Crustacea,,2.0,3.0
Liocarcinus holsatus,Liocarcinus,Portunidae,Brachyura,Decapoda,Malacostraca,Crustacea,,2.0,3.0
Pontella mediterranea,Pontella,Pontellidae,Calanoida,Gymnoplea,Copepoda,Crustacea,,3.0,1.0
Pegea confoederata,Pegea,Salpidae,Salpida,Salpida,Thaliacea,Tunicata,,3.0,1.0
Salpa cylindrica,Salpa,Salpidae,Salpida,Salpida,Thaliacea,Tunicata,,3.0,1.0
Salpa maxima,Salpa,Salpidae,Salpida,Salpida,Thaliacea,Tunicata,,3.0,1.0
Patinopecten yessoensis,Patinopecten,Pectinidae,Ostreoida,Pteriomorphia,Bivalvia,Mollusca,,3.0,1.0
Crassostrea gigas,Crassostrea,Ostreidae,Ostreoida,Pteriomorphia,Bivalvia,Mollusca,,3.0,1.0
Sagitta nagae,Sagitta,Sagittidae,Aphragmophora,Sagittoidea,Chaetognatha,Chaetognatha,,3.0,3.0
Pleuromamma xiphias,Pleuromamma,Metridinidae,Calanoida,Gymnoplea,Copepoda,Crustacea,,3.0,1.0
Calanus sinicus,Calanus,Calanidae,Calanoida,Gymnoplea,Copepoda,Crustacea,,3.0,1.0
Mallotus villosus,Mallotus,Osmeridae,Osmeriformes,Protacanthopterygii,Teleostei,Osteichthyes,,3.0,3.0
Menippe mercenaria,Menippe,Xanthidae,Brachyura,Decapoda,Malacostraca,Crustacea,,3.0,1.0
Eupagurus bernhardus,Eupagurus,Paguridae,Anomura,Decapoda,Malacostraca,Crustacea,,3.0,1.0
Calanus finmarchicus,Calanus,Calanidae,Calanoida,Gymnoplea,Copepoda,Crustacea,,3.0,1.0
Tortanus discaudatus,Tortanus,Tortanidae,Calanoida,Gymnoplea,Copepoda,Crustacea,,3.0,1.0
Centropages typicus,Centropages,Centropagidae,Calanoida,Gymnoplea,Copepoda,Crustacea,,3.0,1.0
Acartia tonsa,Acartia,Acartiidae,Calanoida,Gymnoplea,Copepoda,Crustacea,,3.0,1.0
Pseudocalanus minutus,Pseudocalanus,Pseudocalanidae,Calanoida,Gymnoplea,Copepoda,Crustacea,,3.0,1.0
Centropages hamatus,Centropages,Centropagidae,Calanoida,Gymnoplea,Copepoda,Crustacea,,3.0,2.0
Temora longicornis,Temora,Sulcanidae,Calanoida,Gymnoplea,Copepoda,Crustacea,,3.0,2.0
Euphausia pacifica,Euphausia,Euphausiidae,Euphausiacea,Euphausiacea,Malacostraca,Crustacea,,3.0,2.0
Euphausia pacifica,Euphausia,Euphausiidae,Euphausiacea,Euphausiacea,Malacostraca,Crustacea,,3.0,2.0
Nematoscelis difficilis,Nematoscelis,Euphausiidae,Euphausiacea,Euphausiacea,Malacostraca,Crustacea,,3.0,2.0
Nematoscelis difficilis,Nematoscelis,Euphausiidae,Euphausiacea,Euphausiacea,Malacostraca,Crustacea,,3.0,2.0
Euphausia pacifica,Euphausia,Euphausiidae,Euphausiacea,Euphausiacea,Malacostraca,Crustacea,,3.0,2.0
Euphausia pacifica,Euphausia,Euphausiidae,Euphausiacea,Euphausiacea,Malacostraca,Crustacea,,3.0,2.0
Nematoscelis difficilis,Nematoscelis,Euphausiidae,Euphausiacea,Euphausiacea,Malacostraca,Crustacea,,3.0,2.0
Nematoscelis difficilis,Nematoscelis,Euphausiidae,Euphausiacea,Euphausiacea,Malacostraca,Crustacea,,3.0,2.0
Calanus pacificus,Calanus,Calanidae,Calanoida,Gymnoplea,Copepoda,Crustacea,,3.0,1.0
Calanus pacificus,Calanus,Calanidae,Calanoida,Gymnoplea,Copepoda,Crustacea,,3.0,1.0
Calanus pacificus,Calanus,Calanidae,Calanoida,Gymnoplea,Copepoda,Crustacea,,3.0,1.0
Calanus pacificus,Calanus,Calanidae,Calanoida,Gymnoplea,Copepoda,Crustacea,,3.0,1.0
Euchaeta norvegica,Euchaeta,Euchaetidae,Calanoida,Gymnoplea,Copepoda,Crustacea,,3.0,3.0
Euchaeta norvegica,Euchaeta,Euchaetidae,Calanoida,Gymnoplea,Copepoda,Crustacea,,3.0,3.0
Euchaeta norvegica,Euchaeta,Euchaetidae,Calanoida,Gymnoplea,Copepoda,Crustacea,,3.0,3.0
Pleurobrachia pileus,Pleurobrachia,Pleurobrachiidae,Cydippida,Tentaculata,Ctenophora,Ctenophora,,3.0,3.0
Mnemiopsis mccradyi,Mnemiopsis,Mnemiidae,Lobata,Tentaculata,Ctenophora,Ctenophora,,3.0,3.0
Mnemiopsis leidyi,Mnemiopsis,Mnemiidae,Lobata,Tentaculata,Ctenophora,Ctenophora,,3.0,3.0
Sagitta hispida,Sagitta,Sagittidae,Aphragmophora,Sagittoidea,Chaetognatha,Chaetognatha,,3.0,3.0
Calanus sp.,Calanus,Calanidae,Calanoida,Gymnoplea,Copepoda,Crustacea,,3.0,1.0
Centropages typicus,Centropages,Centropagidae,Calanoida,Gymnoplea,Copepoda,Crustacea,,3.0,2.0
Centropages typicus,Centropages,Centropagidae,Calanoida,Gymnoplea,Copepoda,Crustacea,,3.0,2.0
Temora stylifera,Temora,Sulcanidae,Calanoida,Gymnoplea,Copepoda,Crustacea,,3.0,2.0
Temora stylifera,Temora,Sulcanidae,Calanoida,Gymnoplea,Copepoda,Crustacea,,3.0,2.0
Nematoscelis difficilis,Nematoscelis,Euphausiidae,Euphausiacea,Euphausiacea,Malacostraca,Crustacea,,3.0,2.0
Tisbe holothuriae,Tisbe,Tisbidae,Harpacticoida,Podoplea,Copepoda,Crustacea,,1.0,1.0
Acanthephyra purpurea,Acanthephyra,Oplophoridae,Caridea,Decapoda,Malacostraca,Crustacea,,2.0,3.0
Gennadas clavicarpus,Gennadas,Benthesicymidae,Penaeoidea,Decapoda,Malacostraca,Crustacea,,2.0,3.0
Sergestes sp.,Sergestes,Sergestidae,Sergestoidea,Decapoda,Malacostraca,Crustacea,,2.0,3.0
Anomalocera patersoni,Anomalocera,Pontellidae,Calanoida,Gymnoplea,Copepoda,Crustacea,,3.0,3.0
Anomalocera patersoni,Anomalocera,Pontellidae,Calanoida,Gymnoplea,Copepoda,Crustacea,,3.0,3.0
Anomalocera patersoni,Anomalocera,Pontellidae,Calanoida,Gymnoplea,Copepoda,Crustacea,,3.0,3.0
Pontella mediterranea,Pontella,Pontellidae,Calanoida,Gymnoplea,Copepoda,Crustacea,,3.0,1.0
Pontella mediterranea,Pontella,Pontellidae,Calanoida,Gymnoplea,Copepoda,Crustacea,,3.0,1.0
Pontella mediterranea,Pontella,Pontellidae,Calanoida,Gymnoplea,Copepoda,Crustacea,,3.0,1.0
Pontella lo biancoi,Pontella,Pontellidae,Calanoida,Gymnoplea,Copepoda,Crustacea,,3.0,1.0
Labidocera wollastoni,Labidocera,Pontellidae,Calanoida,Gymnoplea,Copepoda,Crustacea,,3.0,3.0
Labidocera wollastoni,Labidocera,Pontellidae,Calanoida,Gymnoplea,Copepoda,Crustacea,,3.0,3.0
Pleuroncodes planipes,Pleuroncodes,Galatheidae,Anomura,Decapoda,Malacostraca,Crustacea,,2.0,3.0
Centropages typicus,Centropages,Centropagidae,Calanoida,Gymnoplea,Copepoda,Crustacea,,3.0,2.0
Centropages typicus,Centropages,Centropagidae,Calanoida,Gymnoplea,Copepoda,Crustacea,,3.0,2.0
Temora stylifera,Temora,Sulcanidae,Calanoida,Gymnoplea,Copepoda,Crustacea,,3.0,2.0
Temora stylifera,Temora,Sulcanidae,Calanoida,Gymnoplea,Copepoda,Crustacea,,3.0,2.0
Thalassiosira pseudonana,Thalassiosira,Thalassiosiraceae,Thalassiosirales,Thalassiosirales,Coscinodiscophyceae,Bacillariophyta,,3.0,0.0
Chaetoceros calcitrans,Chaetoceros,Chaetocerotaceae,Chaetocerotales,Chaetocerotales,Coscinodiscophyceae,Bacillariophyta,,3.0,0.0
Chaetoceros sp.,Chaetoceros,Chaetocerotaceae,Chaetocerotales,Chaetocerotales,Coscinodiscophyceae,Bacillariophyta,,3.0,0.0
Isochrysis galbana,Isochrysis,Isochrysidaceae,Isochrysidales,Isochrysidales,Prymnesiophyceae,Haptophyta,,3.0,0.0
Isochrysis aff. galbana,Isochrysis,Isochrysidaceae,Isochrysidales,Isochrysidales,Prymnesiophyceae,Haptophyta,,3.0,0.0
Tetraselmis suecia,Tetraselmis,Platymonadaceae,Pyramimonadales,Pyramimonadales,Prasinophyceae,Chlorophyta,,3.0,0.0
Trophon longstaffi,Trophon,Muricidae,Neogastropoda,Prosobranchia,Gastropoda,Mollusca,,1.0,3.0
Cherax quadricarinatus,Cherax,Parastacidae,Astacoidea,Decapoda,Malacostraca,Crustacea,,3.0,3.0
Leptomysis lingrura,Leptomysis,Mysidae,Mysida,Mysida,Malacostraca,Crustacea,,3.0,3.0
Neomysis integer,Neomysis,Mysidae,Mysida,Mysida,Malacostraca,Crustacea,,3.0,3.0
Systellapsis sp.,Systellapsis,Pasiphaeidae,Caridea,Decapoda,Malacostraca,Crustacea,,3.0,3.0
Funchalia sp.,Funchalia,Penaeidae,Penaeoidea,Decapoda,Malacostraca,Crustacea,,3.0,3.0
Acanthephyra sp.,Acanthephyra,Oplophoridae,Caridea,Decapoda,Malacostraca,Crustacea,,3.0,3.0
Gennadas clavicarpus,Gennadas,Benthesicymidae,Penaeoidea,Decapoda,Malacostraca,Crustacea,,3.0,3.0
Sergestes sp.,Sergestes,Sergestidae,Sergestoidea,Decapoda,Malacostraca,Crustacea,,3.0,3.0
Neomysis integer,Neomysis,Mysidae,Mysida,Mysida,Malacostraca,Crustacea,,3.0,3.0
Leptomysis lingrura,Leptomysis,Mysidae,Mysida,Mysida,Malacostraca,Crustacea,,3.0,3.0
Praunus flexuosus,Praunus,Mysidae,Mysida,Mysida,Malacostraca,Crustacea,,3.0,3.0
Meganyctiphanes norvegica,Meganyctiphanes,Euphausiidae,Euphausiacea,Euphausiacea,Malacostraca,Crustacea,,3.0,3.0
Thysanoessa inermis,Thysanoessa,Euphausiidae,Euphausiacea,Euphausiacea,Malacostraca,Crustacea,,3.0,2.0
Acanthephyra purpurea,Acanthephyra,Oplophoridae,Caridea,Decapoda,Malacostraca,Crustacea,,3.0,3.0
Euchaeta norvegica,Euchaeta,Euchaetidae,Calanoida,Gymnoplea,Copepoda,Crustacea,,3.0,3.0
Euchaeta norvegica,Euchaeta,Euchaetidae,Calanoida,Gymnoplea,Copepoda,Crustacea,,3.0,3.0
Euchaeta norvegica,Euchaeta,Euchaetidae,Calanoida,Gymnoplea,Copepoda,Crustacea,,3.0,3.0
Penaeus japonicus,Penaeus,Penaeidae,Penaeoidea,Decapoda,Malacostraca,Crustacea,,3.0,3.0
Artemia salina,Artemia,Artemiidae,Anostraca,Sarsostraca,Branchiopoda,Crustacea,,3.0,1.0
Perca fluviatilis,Perca,Percidae,Perciformes,Acanthopterygii,Teleostei,Osteichthyes,5.3,3.0,3.0
Perca fluviatilis,Perca,Percidae,Perciformes,Acanthopterygii,Teleostei,Osteichthyes,,3.0,3.0
Paraeuchaeta norvegica,Paraeuchaeta,Euchaetidae,Calanoida,Gymnoplea,Copepoda,Crustacea,,3.0,1.0
Chaceon quinquedens,Chaceon,Geryonidae,Brachyura,Decapoda,Malacostraca,Crustacea,,1.0,3.0
Chaceon quinquedens,Chaceon,Geryonidae,Brachyura,Decapoda,Malacostraca,Crustacea,,1.0,3.0
Balanus balanoides,Balanus,Balanidae,Balanomorpha,Thoracica,Cirripedia,Crustacea,,3.0,1.0
Coralliophila abbreviata,Coralliophila,Coralliophilidae,Neogastropoda,Prosobranchia,Gastropoda,Mollusca,,1.0,3.0
Acropora palmata,Acropora,Acroporidae,Scleractinia,Hexacorallia,Anthozoa,Cnidaria,,0.0,2.0
Montastraea sp.,Montastraea,Faviidae,Scleractinia,Hexacorallia,Anthozoa,Cnidaria,,0.0,2.0
Isoseculiflustra tenuis,Isoseculiflustra,Flustridae,Cheilostomata,Cheilostomata,Gymnolaemata,Bryozoa,,0.0,1.0
Kymella polaris,Kymella,Cheilostomata,Cheilostomata,Cheilostomata,Gymnolaemata,Bryozoa,,0.0,1.0
Camptoplites bicornis,Camptoplites,Bugulidae,Cheilostomata,Cheilostomata,Gymnolaemata,Bryozoa,,0.0,1.0
Ampharete acutifrons,Ampharete,Ampharetidae,Terebellida,Canalipalpata,Polychaeta,Annelida,,0.0,2.0
Amphitrite johnstoni,Amphitrite,Terebellidae,Terebellida,Canalipalpata,Polychaeta,Annelida,,0.0,2.0
Aphrodite aculeata,Aphrodite,Aphroditidae,Phyllodocida,Aciculata,Polychaeta,Annelida,,1.0,1.0
Aricidea fragilis,Aricidea,Paraonidae,Scolecida,Scolecida,Polychaeta,Annelida,,1.0,2.0
Chaetozone setosa,Chaetozone,Cirratulidae,Terebellida,Canalipalpata,Polychaeta,Annelida,,1.0,2.0
Clymene lumbricoides,Clymene,Maldanidae,Scolecida,Scolecida,Polychaeta,Annelida,,0.0,2.0
Diplocirrus glaucus,Diplocirrus,Flabelligeridae,Terebellida,Canalipalpata,Polychaeta,Annelida,,0.0,1.0
Dorvillea neglecta,Dorvillea,Dorvilleidae,Eunicida,Aciculata,Polychaeta,Annelida,,1.0,3.0
Eteone longa,Eteone,Phyllodocidae,Phyllodocida,Aciculata,Polychaeta,Annelida,,1.0,3.0
Euclymene oerstedii,Euclymene,Maldanidae,Scolecida,Scolecida,Polychaeta,Annelida,,0.0,2.0
Eulalia sanguinea,Eulalia,Phyllodocidae,Phyllodocida,Aciculata,Polychaeta,Annelida,,1.0,2.0
Exogone hebes,Exogone,Syllidae,Phyllodocida,Aciculata,Polychaeta,Annelida,,1.0,2.0
Gattyana cirrosa,Gattyana,Polynoidae,Phyllodocida,Aciculata,Polychaeta,Annelida,,1.0,2.0
Glycera alba,Glycera,Glyceridae,Phyllodocida,Aciculata,Polychaeta,Annelida,,1.0,2.0
Glycera convuluta,Glycera,Glyceridae,Phyllodocida,Aciculata,Polychaeta,Annelida,,1.0,2.0
Glycera gigantea,Glycera,Glyceridae,Phyllodocida,Aciculata,Polychaeta,Annelida,,1.0,2.0
Glycera lapidum,Glycera,Glyceridae,Phyllodocida,Aciculata,Polychaeta,Annelida,,1.0,2.0
Goniada maculata,Goniada,Goniadidae,Phyllodocida,Aciculata,Polychaeta,Annelida,,1.0,2.0
Hyalinoecia tubicola,Hyalinoecia,Onuphidae,Eunicida,Aciculata,Polychaeta,Annelida,,1.0,3.0
Harmothoe lunulata,Harmothoe,Polynoidae,Phyllodocida,Aciculata,Polychaeta,Annelida,,1.0,2.0
Caulleriella alatus,Caulleriella,Cirratulidae,Terebellida,Canalipalpata,Polychaeta,Annelida,,0.0,1.0
Lanice conchilega,Lanice,Terebellidae,Terebellida,Canalipalpata,Polychaeta,Annelida,,0.0,1.0
Clymenura clypeata,Clymenura,Maldanidae,Scolecida,Scolecida,Polychaeta,Annelida,,0.0,2.0
Lumbrineris impatiens,Lumbrineris,Lumbrineridae,Eunicida,Aciculata,Polychaeta,Annelida,,1.0,3.0
Lumbrineris fragilis,Lumbrineris,Lumbrineridae,Eunicida,Aciculata,Polychaeta,Annelida,,1.0,3.0
Lumbrineris latreilli,Lumbrineris,Lumbrineridae,Eunicida,Aciculata,Polychaeta,Annelida,,1.0,3.0
Magelona alleni,Magelona,Magelonidae,Spionida,Canalipalpata,Polychaeta,Annelida,,0.0,2.0
Marphysa belli,Marphysa,Eunicidae,Eunicida,Aciculata,Polychaeta,Annelida,,1.0,3.0
Mediomastus fragilis,Mediomastus,Capitellidae,Scolecida,Scolecida,Polychaeta,Annelida,,1.0,2.0
Melinna palmata,Melinna,Ampharetidae,Terebellida,Canalipalpata,Polychaeta,Annelida,,0.0,1.0
Nematonereis unicornis,Nematonereis,Eunicidae,Eunicida,Aciculata,Polychaeta,Annelida,,1.0,3.0
Nephtys caeca,Nephtys,Nephtyidae,Phyllodocida,Aciculata,Polychaeta,Annelida,,1.0,3.0
Nephtys cirrosa,Nephtys,Nephtyidae,Phyllodocida,Aciculata,Polychaeta,Annelida,,1.0,3.0
Nephtys hombergii,Nephtys,Nephtyidae,Phyllodocida,Aciculata,Polychaeta,Annelida,,1.0,3.0
Notomastus latericeus,Notomastus,Capitellidae,Scolecida,Scolecida,Polychaeta,Annelida,,1.0,2.0
Owenia fusiformis,Owenia,Oweniidae,Sabellida,Canalipalpata,Polychaeta,Annelida,,1.0,2.0
Paradoneis armata,Paradoneis,Paraonidae,Scolecida,Scolecida,Polychaeta,Annelida,,1.0,2.0
Perinereis cultrifera,Perinereis,Nereididae,Phyllodocida,Aciculata,Polychaeta,Annelida,,1.0,2.0
Anaitides groenlandica,Anaitides,Phyllodocidae,Phyllodocida,Aciculata,Polychaeta,Annelida,,1.0,3.0
Paranaitis kosteriensis,Paranaitis,Phyllodocidae,Phyllodocida,Aciculata,Polychaeta,Annelida,,1.0,3.0
Phyllodoce laminosa,Phyllodoce,Phyllodocidae,Phyllodocida,Aciculata,Polychaeta,Annelida,,1.0,3.0
Polydora pulchra,Polydora,Spionidae,Spionida,Canalipalpata,Polychaeta,Annelida,,0.0,2.0
Psammolyce inclus,Psammolyce,Sigalionidae,Phyllodocida,Aciculata,Polychaeta,Annelida,,1.0,3.0
Sabella pavonina,Sabella,Sabellidae,Sabellida,Canalipalpata,Polychaeta,Annelida,,0.0,1.0
Scalibregma inflatum,Scalibregma,Scalibregmatidae,Scolecida,Scolecida,Polychaeta,Annelida,,1.0,2.0
Scolelepis girardi,Scolelepis,Spionidae,Spionida,Canalipalpata,Polychaeta,Annelida,,0.0,2.0
Scoloplos armiger,Scoloplos,Orbiniidae,Scolecida,Scolecida,Polychaeta,Annelida,,1.0,2.0
Sigalion mathildae,Sigalion,Sigalionidae,Phyllodocida,Aciculata,Polychaeta,Annelida,,1.0,3.0
Spio decorata,Spio ,Spionidae,Spionida,Canalipalpata,Polychaeta,Annelida,,0.0,2.0
Spiophanes bombyx,Spiophanes,Spionidae,Spionida,Canalipalpata,Polychaeta,Annelida,,0.0,2.0
Sthenelais boa,Sthenelais,Sigalionidae,Phyllodocida,Aciculata,Polychaeta,Annelida,,1.0,3.0
Sthenelais limicola,Sthenelais,Sigalionidae,Phyllodocida,Aciculata,Polychaeta,Annelida,,1.0,3.0
Streblosoma bairdi,Streblosoma,Terebellidae,Terebellida,Canalipalpata,Polychaeta,Annelida,,0.0,1.0
Pherusa plumosa,Pherusa,Flabelligeridae,Terebellida,Canalipalpata,Polychaeta,Annelida,,0.0,2.0
Terebellides stroemi,Terebellides,Terebellidae,Terebellida,Canalipalpata,Polychaeta,Annelida,,0.0,1.0
Aphelochaeta marioni,Aphelochaeta,Cirratulidae,Terebellida,Canalipalpata,Polychaeta,Annelida,,0.0,1.0
Dentalium vulgare,Dentalium,Dentaliidae,Dentaliida,Dentaliida,Scaphopoda,Mollusca,,1.0,2.0
Crepidula fornicata,Crepidula,Calyptraeidae,Neotaenioglossa,Neotaenioglossa,Gastropoda,Mollusca,,1.0,1.0
Natica alderi,Natica,Naticidae,Neotaenioglossa,Neotaenioglossa,Gastropoda,Mollusca,,1.0,3.0
Natica catena,Natica,Naticidae,Neotaenioglossa,Neotaenioglossa,Gastropoda,Mollusca,,1.0,3.0
Nassarius pygmaeus,Nassarius,Nassariidae,Neogastropoda,Prosobranchia,Gastropoda,Mollusca,,1.0,3.0
Nassarius reticulatus,Nassarius,Nassariidae,Neogastropoda,Prosobranchia,Gastropoda,Mollusca,,0.0,1.0
Abra alba,Abra,Semelidae,Veneroida,Heterodonta,Bivalvia,Mollusca,,0.0,1.0
Abra prismatica,Abra,Semelidae,Veneroida,Heterodonta,Bivalvia,Mollusca,,0.0,1.0
Corbula gibba,Corbula,Corbulidae,Myoida,Heterodonta,Bivalvia,Mollusca,,0.0,1.0
Callista chione,Callista,Veneridae,Veneroida,Heterodonta,Bivalvia,Mollusca,,0.0,1.0
Cardium echinatum,Cardium,Cardiidae,Veneroida,Heterodonta,Bivalvia,Mollusca,,0.0,1.0
Cultellus pellucidus,Cultellus,Pharidae,Veneroida,Heterodonta,Bivalvia,Mollusca,,0.0,1.0
Dosinia exoleta,Dosinia,Veneridae,Veneroida,Heterodonta,Bivalvia,Mollusca,,0.0,1.0
Dosinia lupinus,Dosinia,Veneridae,Veneroida,Heterodonta,Bivalvia,Mollusca,,0.0,1.0
Glycymeris glycymeris,Glycymeris,Glycymerididae,Arcoida,Pteriomorphia,Bivalvia,Mollusca,,0.0,1.0
Nucula hanleyi,Nucula,Nuculidae,Nuculoida,Protobranchia,Bivalvia,Mollusca,,0.0,2.0
Nucula turgida,Nucula,Nuculidae,Nuculoida,Protobranchia,Bivalvia,Mollusca,,0.0,2.0
Solecurtus scopula,Solecurtus,Solecurtidae,Veneroida,Heterodonta,Bivalvia,Mollusca,,0.0,1.0
Spisula elliptica,Spisula,Mactridae,Veneroida,Heterodonta,Bivalvia,Mollusca,,0.0,1.0
Tapes rhomboides,Tapes,Veneridae,Veneroida,Heterodonta,Bivalvia,Mollusca,,0.0,1.0
Acropagia crassa,Acropagia,Tellinidae,Veneroida,Heterodonta,Bivalvia,Mollusca,,0.0,1.0
Tellina fabula,Tellina,Tellinidae,Veneroida,Heterodonta,Bivalvia,Mollusca,,0.0,1.0
Tellina squalida,Tellina,Tellinidae,Veneroida,Heterodonta,Bivalvia,Mollusca,,0.0,1.0
Thracia phaseolina,Thracia,Thraciidae,Pholadomyoida,Pholadomyoida,Bivalvia,Mollusca,,0.0,1.0
Thyasira flexuosa,Thyasira,Thyasiridae,Veneroida,Heterodonta,Bivalvia,Mollusca,,0.0,1.0
Venus casina,Venus,Veneridae,Veneroida,Heterodonta,Bivalvia,Mollusca,,0.0,1.0
Venus fasciata,Venus,Veneridae,Veneroida,Heterodonta,Bivalvia,Mollusca,,0.0,1.0
Venus ovata,Venus,Veneridae,Veneroida,Heterodonta,Bivalvia,Mollusca,,0.0,1.0
Ampelisca armoricana,Ampelisca,Ampeliscidae,Gammaridea,Amphipoda,Malacostraca,Crustacea,,1.0,2.0
Ampelisca brevicornis,Ampelisca,Ampeliscidae,Gammaridea,Amphipoda,Malacostraca,Crustacea,,1.0,2.0
Ampelisca sarsi,Ampelisca,Ampeliscidae,Gammaridea,Amphipoda,Malacostraca,Crustacea,,1.0,2.0
Ampelisca spiniges,Ampelisca,Ampeliscidae,Gammaridea,Amphipoda,Malacostraca,Crustacea,,1.0,2.0
Ampelisca tenuicornis,Ampelisca,Ampeliscidae,Gammaridea,Amphipoda,Malacostraca,Crustacea,,1.0,2.0
Bathyporeia tenuipes,Bathyporeia,Pontoporeiidae,Gammaridea,Amphipoda,Malacostraca,Crustacea,,2.0,2.0
Harpinia pectinata,Harpinia,Phoxocephalidae,Gammaridea,Amphipoda,Malacostraca,Crustacea,,2.0,2.0
Leucothoe incisa,Leucothoe,Leucothoidae,Gammaridea,Amphipoda,Malacostraca,Crustacea,,2.0,2.0
Photis longicaudata,Photis,Isaeidae,Gammaridea,Amphipoda,Malacostraca,Crustacea,,2.0,2.0
Perioculodes longimanus,Perioculodes,Oedicerotidae,Gammaridea,Amphipoda,Malacostraca,Crustacea,,2.0,2.0
Tryphosites longipes,Tryphosites,Lysianassidae,Gammaridea,Amphipoda,Malacostraca,Crustacea,,2.0,2.0
Urothoe pulchella,Urothoe,Urothoidae,Gammaridea,Amphipoda,Malacostraca,Crustacea,,2.0,2.0
Conilera cylindracea,Conilera,Cirolanidae,Flabellifera,Isopoda,Malacostraca,Crustacea,,1.0,2.0
Anapagurus hyndmanni,Anapagurus,Paguridae,Anomura,Decapoda,Malacostraca,Crustacea,,1.0,3.0
Atelecyclus rotundatus,Atelecyclus,Atelecyclidae,Brachyura,Decapoda,Malacostraca,Crustacea,,1.0,3.0
Carcinus maenas,Carcinus,Portunidae,Brachyura,Decapoda,Malacostraca,Crustacea,,1.0,3.0
Crangon crangon,Crangon,Crangonidae,Caridea,Decapoda,Malacostraca,Crustacea,,2.0,3.0
Pagurus bernhardus,Pagurus,Paguridae,Anomura,Decapoda,Malacostraca,Crustacea,,1.0,3.0
Pagurus cuanensis,Pagurus,Paguridae,Anomura,Decapoda,Malacostraca,Crustacea,,1.0,3.0
Pagurus prideauxi,Pagurus,Paguridae,Anomura,Decapoda,Malacostraca,Crustacea,,1.0,3.0
Pinnotheres pisum,Pinnotheres,Pinnotheridae,Brachyura,Decapoda,Malacostraca,Crustacea,,1.0,3.0
Pontophilus bispinosus,Pontophilus,Crangonidae,Caridea,Decapoda,Malacostraca,Crustacea,,2.0,3.0
Pontophilus trispinosus,Pontophilus,Crangonidae,Caridea,Decapoda,Malacostraca,Crustacea,,2.0,3.0
Macropipus depurator,Macropipus,Portunidae,Brachyura,Decapoda,Malacostraca,Crustacea,,1.0,3.0
Macropipus pusillus,Macropipus,Portunidae,Brachyura,Decapoda,Malacostraca,Crustacea,,1.0,3.0
Upogebia deltaura,Upogebia,Upogebiidae,Anomura,Decapoda,Malacostraca,Crustacea,,1.0,3.0
Echinocardium cordatum,Echinocardium,Loveniidae,Spatangoida,Euechinoidea,Echinoidea,Echinodermata,,1.0,2.0
Thyone roscovita,Thyone,Cucumariidae,Dendrochirotida,Dendrochirotacea,Holothuroidea,Echinodermata,,1.0,2.0
Amphiura brachiata,Amphiura,Amphiuridae,Ophiurida,Ophiuroidea,Ophiuroidea,Echinodermata,,1.0,2.0
Ophiocomina nigra,Ophiocomina,Ophiocomidae,Ophiurida,Ophiuroidea,Ophiuroidea,Echinodermata,,1.0,2.0
Ophiura albida,Ophiura,Ophiuridae,Ophiurida,Ophiuroidea,Ophiuroidea,Echinodermata,,1.0,2.0
Scolanthus callimorpha,Scolanthus,Edwardsiidae,Actiniaria,Hexacorallia,Anthozoa,Cnidaria,,1.0,3.0
Polygordius lacteus,Polygordius,Polygordiidae,Canalipalpata,Canalipalpata,Polychaeta,Annelida,,1.0,2.0
Phascolion strombi,Phascolion,Golfingiidae,Sipuncula,Sipuncula,Sipuncula,Sipuncula,,1.0,2.0
Branchiostoma lanceolatus,Branchiostoma,Branchiostomidae,Amphioxiformes,Amphioxiformes,Cephalochordata,Cephalochordata,,0.0,1.0
Suberites ruber,Suberites,Suberitidae,Hadromerida,Demospongiae,Demospongiae,Porifera,2.1560546655,0.0,1.0
Argobuccinum argus,Argobuccinum,Ranellidae,Neotaenioglossa,Neotaenioglossa,Gastropoda,Mollusca,5.101050465000001,1.0,3.0
Concholepas concholepas,Concholepas,Muricidae,Neogastropoda,Prosobranchia,Gastropoda,Mollusca,3.93019209,1.0,3.0
Fissurella annulus,Fissurella,Fissurellidae,Archaeogastropoda,Prosobranchia,Gastropoda,Mollusca,2.20821525,1.0,1.0
Fissurella costata,Fissurella,Fissurellidae,Archaeogastropoda,Prosobranchia,Gastropoda,Mollusca,4.716689184000002,1.0,1.0
Nucella calcar,Nucella,Muricidae,Neograstropoda,Prosobranchia,Gastropoda,Mollusca,5.425634461499998,1.0,3.0
Tegula atra,Tegula,Trochidae,Archaeogastropoda,Prosobranchia,Gastropoda,Mollusca,3.720693082499999,1.0,1.0
Aulacomya ater,Aulacomya,Mytilidae,Mytiloida,Pteriomorphia,Bivalvia,Mollusca,4.6117214325,0.0,1.0
Choromytilus chorus,Choromytilus,Mytilidae,Mytiloida,Pteriomorphia,Bivalvia,Mollusca,2.4406237844999987,0.0,1.0
Mytilus chilensis,Mytilus,Mytilidae,Mytiloida,Pteriomorphia,Bivalvia,Mollusca,2.974600907999999,0.0,1.0
Hemigrapsus crenulatus,Hemigrapsus,Grapsidae,Brachyura,Decapoda,Malacostraca,Crustacea,2.70658179,1.0,3.0
Eurypanopeus crenatus,Eurypanopeus,Xanthidae,Brachyura,Decapoda,Malacostraca,Crustacea,2.496457962,1.0,3.0
Homalaspis plans,Homalaspis,Xanthidae,Brachyura,Decapoda,Malacostraca,Crustacea,3.4535561625,1.0,3.0
Cancer adwardii,Cancer,Cancridae,Brachyura,Decapoda,Malacostraca,Crustacea,4.146832799999999,1.0,3.0
Cancer astosus,Cancer,Cancridae,Brachyura,Decapoda,Malacostraca,Crustacea,9.824732784,1.0,3.0
Taliepus dentatus,Taliepus,Majidae,Brachyura,Decapoda,Malacostraca,Crustacea,3.707453835,1.0,3.0
Paraxanthus barbiger,Paraxanthus,Xanthidae,Brachyura,Decapoda,Malacostraca,Crustacea,2.362322015999999,1.0,3.0
Petrolisthes affinis,Petrolisthes,Porcellanidae,Anomura,Decapoda,Malacostraca,Crustacea,4.381927685999998,1.0,3.0
Petrolisthes angulosus,Petrolisthes,Porcellanidae,Anomura,Decapoda,Malacostraca,Crustacea,8.848466027999999,1.0,3.0
Pagurus adwardii,Pagurus,Paguridae,Anomura,Decapoda,Malacostraca,Crustacea,8.06925753,1.0,3.0
Meyenaster gelatinosus,Meyenaster,Asteriidae,Forcipulatida,Asteroidea,Asteroidea,Echinodermata,7.270870850999997,1.0,3.0
Odontaster penicillatus,Odontaster,Odontasteridae,Valvatida,Asteroidea,Asteroidea,Echinodermata,2.87700336,1.0,3.0
Athyonidium chilensis,Athyonidium,Holoturoidae,Dendrochirotida,Dendrochirotacea,Holothuroidea,Echinodermata,1.7934566399999996,1.0,2.0
Pyura chilensis,Pyura,Pyuridae,Stolidobranchia,Stolidobranchia,Ascidiacea,Tunicata,3.7592494875,0.0,1.0
Polycitor adriaticus,Polycitor,Clavelinidae,Aplousobranchia,Aplousobranchia,Ascidiacea,Tunicata,,0.0,1.0
Aplidium conicum,Aplidium,Polyclinidae,Aplousobranchia,Aplousobranchia,Ascidiacea,Tunicata,,0.0,1.0
Aplidium elegans,Aplidium,Polyclinidae,Aplousobranchia,Aplousobranchia,Ascidiacea,Tunicata,,0.0,1.0
Styela plicata,Styela,Styelidae,Stolidobranchia,Stolidobranchia,Ascidiacea,Tunicata,,0.0,1.0
Botryllus schlosseri,Botryllus,Styelidae,Stolidobranchia,Stolidobranchia,Ascidiacea,Tunicata,,0.0,1.0
Botrylloides violaceus,Botrylloides,Styelidae,Stolidobranchia,Stolidobranchia,Ascidiacea,Tunicata,,0.0,1.0
Meganyctiphanes norvegica,Meganyctiphanes,Euphausiidae,Euphausiacea,Euphausiacea,Malacostraca,Crustacea,3.297553333704,3.0,2.0
Thysanoessa raschi,Thysanoessa,Euphausiidae,Euphausiacea,Euphausiacea,Malacostraca,Crustacea,2.7292587394752,3.0,2.0
Thysanoessa inermis,Thysanoessa,Euphausiidae,Euphausiacea,Euphausiacea,Malacostraca,Crustacea,3.8787198178905,3.0,2.0
Euphausiid furcilia,Euphausiid,Euphausiidae,Euphausiacea,Euphausiacea,Malacostraca,Crustacea,2.673680593914,3.0,2.0
Sagitta elegans,Sagitta,Sagittidae,Aphragmophora,Sagittoidea,Chaetognatha,Chaetognatha,1.3107524859359998,3.0,3.0
Cyanophthalma obscura,Cyanophthalma,Hoplonemertea,Hoplonemertea,Enopla,Enopla,Nemertea,,1.0,3.0
Theodoxus fluviatilis,Theodoxus,Neritidae,Neritopsina,Prosobranchia,Gastropoda,Mollusca,,1.0,1.0
Hydrobia sp.,Hydrobia,Hydrobiidae,Neotaenioglossa,Neotaenioglossa,Gastropoda,Mollusca,,1.0,1.0
Potamopyrgus jenkinsi,Potamopyrgus,Hydrobiidae,Neotaenioglossa,Neotaenioglossa,Gastropoda,Mollusca,,1.0,1.0
Physa fontinalis,Physa,Physidae,Basommatophora,Basommatophora,Gastropoda,Mollusca,,1.0,1.0
Lymnaea sp.,Lymnaea,Lymnaeidae,Basommatophora,Basommatophora,Gastropoda,Mollusca,,1.0,1.0
Mytilus edulis,Mytilus,Mytilidae,Mytiloida,Pteriomorphia,Bivalvia,Mollusca,,0.0,1.0
Cardium glaucum,Cardium,Cardiidae,Veneroida,Heterodonta,Bivalvia,Mollusca,,0.0,1.0
Macoma balthica,Macoma,Tellinidae,Veneroida,Heterodonta,Bivalvia,Mollusca,,0.0,1.0
Mya arenaria,Mya,Myidae,Myoida,Heterodonta,Bivalvia,Mollusca,,0.0,1.0
Nereis diversicolor,Nereis,Nereididae,Phyllodocida,Aciculata,Polychaeta,Annelida,,1.0,1.0
Pygospia elegans,Pygospia,Spionidae,Spionida,Canalipalpata,Polychaeta,Annelida,,0.0,2.0
Piscicola geometra,Piscicola,Piscicolidae,Rhynchobdellida,Hirudinea,Clitellata,Annelida,,1.0,1.0
Balanus improvisus,Balanus,Balanidae,Balanomorpha,Thoracica,Cirripedia,Crustacea,,0.0,1.0
Saduria entomon,Saduria,Chaetiliidae,Valvifera,Isopoda,Malacostraca,Crustacea,,1.0,2.0
Idotea sp.,Idotea,Idoteidae,Valvifera,Isopoda,Malacostraca,Crustacea,,2.0,1.0
Asellus aquaticus,Asellus,Asellidae,Asellota,Isopoda,Malacostraca,Crustacea,,1.0,2.0
Jaera albifrons,Jaera,Janiridae,Asellota,Isopoda,Malacostraca,Crustacea,,2.0,2.0
Gammarus sp.,Gammarus,Gammaridae,Gammaridea,Amphipoda,Malacostraca,Crustacea,,2.0,2.0
Gammarus oceanicus,Gammarus,Gammaridae,Gammaridea,Amphipoda,Malacostraca,Crustacea,,2.0,2.0
Gammarus salinus,Gammarus,Gammaridae,Gammaridea,Amphipoda,Malacostraca,Crustacea,,2.0,2.0
Gammarus zaddachi,Gammarus,Gammaridae,Gammaridea,Amphipoda,Malacostraca,Crustacea,,2.0,2.0
Corophium volutator,Corophium,Corophiidae,Gammaridea,Amphipoda,Malacostraca,Crustacea,,2.0,2.0
Chironomus sp.,Chironomidae,Chironomidae,Nematocera,Diptera,Pterygota,Insecta,,1.0,2.0
Plexaura flexosa,Plexaura,Plexauridae,Gorgonacea,Alcyonaria,Anthozoa,Cnidaria,,0.0,1.0
Eunicea tourneforti,Eunicea,Plexauridae,Gorgonacea,Alcyonaria,Anthozoa,Cnidaria,,0.0,1.0
Muriceopsis flavida,Muriceopsis,Plexauridae,Gorgonacea,Alcyonaria,Anthozoa,Cnidaria,,0.0,1.0
Gorgonia ventalina,Gorgonia,Gorgoniidae,Gorgonacea,Alcyonaria,Anthozoa,Cnidaria,,0.0,1.0
Briareum asbestinum,Briareum,Briareidae,Gorgonacea,Alcyonaria,Anthozoa,Cnidaria,,0.0,1.0
Daphnia catawba,Daphnia,Daphniidae,Cladocera,Phyllopoda,Branchiopoda,Crustacea,,2.0,1.0
Holopedium gibberum,Holopedium,Holopediidae,Cladocera,Phyllopoda,Branchiopoda,Crustacea,,2.0,1.0
Diaptomus minutus,Diaptomus,Diaptomidae,Calanoida,Gymnoplea,Copepoda,Crustacea,,2.0,1.0
Cyclops sp.,Cyclops,Cyclopidae,Cyclopoida,Podoplea,Copepoda,Crustacea,,2.0,1.0
Chaoborus sp.,Chaoborus,Chaoboridae,Nematocera,Diptera,Pterygota,Insecta,,3.0,3.0
Cryptochironomus sp.,Cryptochironomus,Chironomidae,Nematocera,Diptera,Pterygota,Insecta,,1.0,2.0
Glyptotendipes sp.,Glyptotendipes,Chironomidae,Nematocera,Diptera,Pterygota,Insecta,,1.0,2.0
Stictochironomus sp.,Stictochironomus,Chironomidae,Nematocera,Diptera,Pterygota,Insecta,,1.0,2.0
Cinachyra antarctica,Cinachyra,Tetillidae,Choristida,Demospongiae,Demospongiae,Porifera,,0.0,1.0
Dendrilla membranosa,Dendrilla,Dysideidae,Dendroceratida,Demospongiae,Demospongiae,Porifera,,0.0,1.0
Gellius benedeni,Gellius,Haliclonidae,Haplosclerida,Demospongiae,Demospongiae,Porifera,,0.0,1.0
Gellius tenella,Gellius,Haliclonidae,Haplosclerida,Demospongiae,Demospongiae,Porifera,,0.0,1.0
Haliclona dancoi,Haliclona,Haliclonidae,Haplosclerida,Demospongiae,Demospongiae,Porifera,,0.0,1.0
Homaxonella sp.,Homaxonella,Demospongiae,Demospongiae,Demospongiae,Demospongiae,Porifera,,0.0,1.0
Inflatella belli,Inflatella,Coelosphaeridae,Poecilosclerida,Demospongiae,Demospongiae,Porifera,,0.0,1.0
Isodictya erinacea,Isodictya,Demascidonidae,Haplosclerida,Demospongiae,Demospongiae,Porifera,,0.0,1.0
Isodictya setifera,Isodictya,Demascidonidae,Haplosclerida,Demospongiae,Demospongiae,Porifera,,0.0,1.0
Kirkpatrickia variolosa,Kirkpatrickia,Myxillidae,Poecilosclerida,Demospongiae,Demospongiae,Porifera,,0.0,1.0
Latrunculia apicalis,Latrunculia,Latrunculiidae,Hadromerida,Demospongiae,Demospongiae,Porifera,,0.0,1.0
Leucetta leptorhapsis,Leucetta,Leucascidae,Leucettida,Calcarea,Calcarea,Porifera,,0.0,1.0
Mycale acerata,Mycale,Mycalidae,Poecilosclerida,Demospongiae,Demospongiae,Porifera,,0.0,1.0
Rossella nuda,Rossella,Rossellidae,Hexasterophora,Hexasterophora,Hyalospongia,Porifera,,0.0,1.0
Rossella racovitzae,Rossella,Rossellidae,Hexasterophora,Hexasterophora,Hyalospongia,Porifera,,0.0,1.0
Sphaerotylus antarcticus,Sphaerotylus,Polymastiidae,Hadromerida,Demospongiae,Demospongiae,Porifera,,0.0,1.0
Tetilla leptoderma,Tetilla,Tetillidae,Choristida,Demospongiae,Demospongiae,Porifera,,0.0,1.0
Tragosia infundibuliformis,Tragosia,Axinellidae,Halichondrida,Demospongiae,Demospongiae,Porifera,,0.0,1.0
Polymastia mamillaris,Polymastia,Polymastiidae,Hadromerida,Demospongiae,Demospongiae,Porifera,,0.0,1.0
Gonactinia prolifera,Gonactinia,Gonactiniidae,Actiniaria,Hexacorallia,Anthozoa,Cnidaria,,0.0,3.0
Alcyonidium gelatinosum,Alcyonidium,Alcyoniidae,Ctenostomata,Ctenostomata,Gymnolaemata,Bryozoa,,0.0,2.0
Flustra securifrons,Flustra,Flustridae,Cheilostomata,Cheilostomata,Gymnolaemata,Bryozoa,,0.0,2.0
Buccinum undatum,Buccinum,Buccinidae,Neogastropoda,Prosobranchia,Gastropoda,Mollusca,,1.0,3.0
Dendronotus frondosus,Dendronotus,Dendronotidae,Nudibranchia,Opisthobranchia,Gastropoda,Mollusca,,1.0,3.0
Glycera alba,Glycera,Glyceridae,Phyllodocida,Aciculata,Polychaeta,Annelida,,1.0,2.0
Sabella penicillum,Sabella,Sabellidae,Sabellida,Canalipalpata,Polychaeta,Annelida,,0.0,1.0
Owenia fusiformis,Owenia,Oweniidae,Sabellida,Canalipalpata,Polychaeta,Annelida,,1.0,2.0
Pagurus bernhardus,Pagurus,Paguridae,Anomura,Decapoda,Malacostraca,Crustacea,,1.0,3.0
Boreomysis arctica,Boreomysis,Mysidae,Mysida,Mysida,Malacostraca,Crustacea,,2.0,3.0
Parathemisto abyssorum,Parathemisto,Hyperiidae,Hyperiidea,Amphipoda,Malacostraca,Crustacea,,2.0,2.0
Conchoecia elegans,Conchoecia,Conchoecinae,Myodocopa,Ostracoda,Ostracoda,Crustacea,,3.0,2.0
Eukrohnia hamata,Eukrohnia,Eukrohniidae,Phragmophora,Sagittoidea,Chaetognatha,Chaetognatha,,3.0,2.0
Henricia sanguinolenta,Henricia,Echinasteridae,Spinulosida,Asteroidea,Asteroidea,Echinodermata,,1.0,2.0
Porania pulvillus,Porania,Poraniidae,Spinulosida,Asteroidea,Asteroidea,Echinodermata,,1.0,3.0
Paracucumaria hyndmani,Paracucumaria,Paracucumidae,Dendrochirotida,Dendrochirotacea,Holothuroidea,Echinodermata,,1.0,2.0
Geodia baretti,Geodia,Geodiidae,Choristida,Demospongiae,Demospongiae,Porifera,,0.0,1.0
Aglantha digitale,Aglantha,Rhopalonematidae,Trachymedusae,Trachylina,Hydrozoa,Cnidaria,,2.0,3.0
Kophobelemnon stelliferum,Kophobelemnon,Kophobelemnidae,Pennatulacea,Alcyonaria,Anthozoa,Cnidaria,,0.0,3.0
Alcyonium digitatum,Alcyonium,Alcyoniidae,Alcyonacea,Alcyonaria,Anthozoa,Cnidaria,,0.0,3.0
Terebratulina retusa,Terebratulina,Cancellothyrididae,Cancellothyridacea,Terebratulida,Articulata,Brachiopoda,,0.0,1.0
Flustra foliacea,Flustra,Flustridae,Cheilostomata,Cheilostomata,Gymnolaemata,Bryozoa,,0.0,2.0
Gibbula cineraria,Gibbula,Trochidae,Archaeogastropoda,Prosobranchia,Gastropoda,Mollusca,,1.0,1.0
Antalis entale,Antalis,Dentaliidae,Dentaliida,Dentaliida,Scaphopoda,Mollusca,,1.0,2.0
Astarte sulcata,Astarte,Astartidae,Veneroida,Heterodonta,Bivalvia,Mollusca,,0.0,1.0
Lepidopleurus asellus,Lepidopleurus,Leptochironidae,Lepidopleurina,Neoloricata,Polyplacophora,Mollusca,,1.0,1.0
Clione limacina,Clione,Clionidae,Gymnosomata,Opisthobranchia,Gastropoda,Mollusca,,3.0,3.0
Onchidoris muricata,Onchidoris,Onchidorididae,Nudibranchia,Opisthobranchia,Gastropoda,Mollusca,,1.0,3.0
Micrura fasciolata,Micrura,Lineidae,Heteronemertea,Anopla,Anopla,Nemertea,,1.0,3.0
Tomopteris helgolandica,Tomopteris,Tomopteridae,Phyllodocida,Aciculata,Polychaeta,Annelida,,1.0,3.0
Aphrodite aculeata,Aphrodite,Aphroditidae,Phyllodocida,Aciculata,Polychaeta,Annelida,,1.0,3.0
Lepidonotus squamatus,Lepidonotus,Polynoidae,Phyllodocida,Aciculata,Polychaeta,Annelida,,1.0,3.0
Polyphysia crassa,Polyphysia,Scalibregmatidae,Scolecida,Scolecida,Polychaeta,Annelida,,1.0,2.0
Hyas coarctatus,Hyas,Majidae,Brachyura,Decapoda,Malacostraca,Crustacea,,1.0,3.0
Galathea intermedia,Galathea,Galatheidae,Anomura,Decapoda,Malacostraca,Crustacea,,1.0,3.0
Pasiphaea multidentata,Pasiphaea,Pasiphaeidae,Caridea,Decapoda,Malacostraca,Crustacea,,1.0,3.0
Meganyctiphanes norvegica,Meganyctiphanes,Euphausiidae,Euphausiacea,Euphausiacea,Malacostraca,Crustacea,,2.0,2.0
Boreomysis arctica,Boreomysis,Mysidae,Mysida,Mysida,Malacostraca,Crustacea,,2.0,3.0
Calanus finmarchicus,Calanus,Calanidae,Calanoida,Gymnoplea,Copepoda,Crustacea,,2.0,1.0
Metridia longa,Metridia,Metridinidae,Calanoida,Gymnoplea,Copepoda,Crustacea,,2.0,2.0
Euchaeta norvegica,Euchaeta,Euchaetidae,Calanoida,Gymnoplea,Copepoda,Crustacea,,2.0,1.0
Euchaeta norvegica,Euchaeta,Euchaetidae,Calanoida,Gymnoplea,Copepoda,Crustacea,,2.0,1.0
Euchaeta norvegica,Euchaeta,Euchaetidae,Calanoida,Gymnoplea,Copepoda,Crustacea,,2.0,1.0
Euchaeta norvegica,Euchaeta,Euchaetidae,Calanoida,Gymnoplea,Copepoda,Crustacea,,2.0,1.0
Chiridius armatus,Chiridius,Aetideidae,Calanoida,Gymnoplea,Copepoda,Crustacea,,2.0,3.0
Sagitta elegans,Sagitta,Sagittidae,Aphragmophora,Sagittoidea,Chaetognatha,Chaetognatha,,2.0,3.0
Asterias rubens,Asterias,Asteriidae,Forcipulatida,Asteroidea,Asteroidea,Echinodermata,,1.0,3.0
Thyone fusus,Thyone,Cucumariidae,Dendrochirotida,Dendrochirotacea,Holothuroidea,Echinodermata,,1.0,2.0
Boltenia echinata,Boltenia,Pyuridae,Stolidobranchia,Stolidobranchia,Ascidiacea,Tunicata,,0.0,1.0
Aegires albopunctatus,Aegires,Notodorididae,Nudibranchia,Opisthobranchia,Gastropoda,Mollusca,,1.0,3.0
Polycera atra,Polycera,Polyceratidae,Nudibranchia,Opisthobranchia,Gastropoda,Mollusca,,1.0,3.0
Triopha maculata,Triopha,Polyceratidae,Nudibranchia,Opisthobranchia,Gastropoda,Mollusca,,1.0,3.0
Acanthodoris rhodoceras,Acanthodoris,Onchidorididae,Nudibranchia,Opisthobranchia,Gastropoda,Mollusca,,1.0,3.0
Hopkinsia rosacea,Hopkinsia,Goniodorididae,Nudibranchia,Opisthobranchia,Gastropoda,Mollusca,,1.0,3.0
Dendrodoris albopunctata,Dendrodoris,Dendrodorididae,Nudibranchia,Opisthobranchia,Gastropoda,Mollusca,,1.0,3.0
Dirona picta,Dirona,Dironidae,Nudibranchia,Opisthobranchia,Gastropoda,Mollusca,,1.0,3.0
Flabellina iodinea,Flabellina,Flabellinidae,Nudibranchia,Opisthobranchia,Gastropoda,Mollusca,,1.0,3.0
Hermissenda crassicornis,Hermissenda,Facelinidae,Nudibranchia,Opisthobranchia,Gastropoda,Mollusca,,1.0,3.0
Bulla gouldiana,Bulla,Bullidae,Cephalaspidea,Opisthobranchia,Gastropoda,Mollusca,,1.0,3.0
Haminoea virescens,Haminoea,Haminoeidae,Cephalaspidea,Opisthobranchia,Gastropoda,Mollusca,,1.0,3.0
Navanax inermis,Navanax,Aglajidae,Cephalaspidea,Opisthobranchia,Gastropoda,Mollusca,,1.0,3.0
Aglaja diomedea,Aglaja,Aglajidae,Cephalaspidea,Opisthobranchia,Gastropoda,Mollusca,,1.0,3.0
Thais lamellosa,Thais,Muricidae,Neogastropoda,Prosobranchia,Gastropoda,Mollusca,,1.0,3.0
Spongilla lacustris,Spongilla,Spongillidae,Haplosclerida,Demospongiae,Demospongiae,Porifera,,0.0,1.0
Balanus cariosus,Balanus,Balanidae,Balanomorpha,Thoracica,Cirripedia,Crustacea,,0.0,1.0
Elliptio complanata,Elliptio,Unionidae,Unionoida,Palaeoheterodonta,Bivalvia,Mollusca,,0.0,1.0
Anodonta cataracta,Anodonta,Unionidae,Unionoida,Palaeoheterodonta,Bivalvia,Mollusca,,0.0,1.0
Lampsilis ochracea,Lampsilis,Unionidae,Unionoida,Palaeoheterodonta,Bivalvia,Mollusca,,0.0,1.0
Calanus finmarchicus,Calanus,Calanidae,Calanoida,Gymnoplea,Copepoda,Crustacea,,3.0,1.0
Calanus finmarchicus,Calanus,Calanidae,Calanoida,Gymnoplea,Copepoda,Crustacea,,3.0,1.0
Calanus finmarchicus,Calanus,Calanidae,Calanoida,Gymnoplea,Copepoda,Crustacea,,3.0,1.0
Caecidotea racovitzai,Caecidotea,Asellidae,Asellota,Isopoda,Malacostraca,Crustacea,,1.0,2.0
Caecidotea racovitzai,Caecidotea,Asellidae,Asellota,Isopoda,Malacostraca,Crustacea,,1.0,2.0
Caecidotea racovitzai,Caecidotea,Asellidae,Asellota,Isopoda,Malacostraca,Crustacea,,1.0,2.0
Caecidotea racovitzai,Caecidotea,Asellidae,Asellota,Isopoda,Malacostraca,Crustacea,,1.0,2.0
Monoporeia affinis,Monoporeia,Pontoporeiidae,Gammaridea,Amphipoda,Malacostraca,Crustacea,,1.0,2.0
Monoporeia affinis,Monoporeia,Pontoporeiidae,Gammaridea,Amphipoda,Malacostraca,Crustacea,,1.0,2.0
Monoporeia affinis,Monoporeia,Pontoporeiidae,Gammaridea,Amphipoda,Malacostraca,Crustacea,,1.0,2.0
Chironomus plumosus,Chironomus,Chironomidae,Nematocera,Diptera,Pterygota,Insecta,,1.0,2.0
Chironomus attenuatus,Chironomus,Chironomidae,Nematocera,Diptera,Pterygota,Insecta,,1.0,2.0
Procladius sp.,Procladius,Chironomidae,Nematocera,Diptera,Pterygota,Insecta,,1.0,2.0
Pisidium sp.,Pisidium,Pisidiidae,Veneroida,Heterodonta,Bivalvia,Mollusca,,0.0,1.0
Pisidium casertanum,Pisidium,Pisidiidae,Veneroida,Heterodonta,Bivalvia,Mollusca,,0.0,1.0
Pisidium henslowanum,Pisidium,Pisidiidae,Veneroida,Heterodonta,Bivalvia,Mollusca,,0.0,1.0
Sphaerium striatinum,Sphaerium,Pisidiidae,Veneroida,Heterodonta,Bivalvia,Mollusca,,0.0,1.0
Peloscolex ferox,Peloscolex,Tubificidae,Haplotaxida,Oligochaeta,Clitellata,Annelida,,1.0,2.0
Limnodrilus hoffmeisteri,Limnodrilus,Tubificidae,Haplotaxida,Oligochaeta,Clitellata,Annelida,,1.0,2.0
Limnodrilus hoffmeisteri,Limnodrilus,Tubificidae,Haplotaxida,Oligochaeta,Clitellata,Annelida,,1.0,2.0
Pegea confederata,Pegea,Salpidae,Salpida,Salpida,Thaliacea,Tunicata,,3.0,1.0
Salpa cylindrica,Salpa,Salpidae,Salpida,Salpida,Thaliacea,Tunicata,,3.0,1.0
Salpa maxima,Salpa,Salpidae,Salpida,Salpida,Thaliacea,Tunicata,,3.0,1.0
Henricia scabrior,Henricia,Echinasteridae,Spinulosida,Asteroidea,Asteroidea,Echinodermata,4.099923971999999,1.0,2.0
Crossaster papposus,Crossaster,Solasteridae,Spinulosida,Asteroidea,Asteroidea,Echinodermata,3.3422422769999995,1.0,3.0
Heliometra glacilis,Heliometra,Antedonidae,Comatulida,Crinoidea,Crinoidea,Echinodermata,1.7502893694,2.0,1.0
Strongylocentrotus droebachiensis,Strongylocentrotus,Strongylocentrotidae,Echinoida,Euechinoidea,Echinoidea,Echinodermata,1.63209978,1.0,1.0
Psolus fabricii,Psolus,Psolidae,Dendrochirotida,Dendrochirotacea,Holothuroidea,Echinodermata,1.89331597125,1.0,2.0
Ophiacantha bidentata,Ophiacantha,Ophiacanthidae,Ophiorida,Ophiuroidea,Ophiuroidea,Echinodermata,2.277436824,1.0,2.0
Ophiopus arcticus,Ophiopus,Amphilepididae,Ophiurida,Ophiuroidea,Ophiuroidea,Echinodermata,,1.0,2.0
Ophiura sarsi,Ophiura,Ophiuridae,Ophiurida,Ophiuroidea,Ophiuroidea,Echinodermata,2.038052313,1.0,2.0
Haliclona gracilis,Haliclona,Haliclonidae,Haplosclerida,Demospongiae,Demospongiae,Porifera,,0.0,1.0
Mycale lingua,Mycale,Mycalidae,Poecilosclerida,Demospongiae,Demospongiae,Porifera,0.8457202844999999,0.0,1.0
Polymastia mamillaris,Polymastia,Polymastiidae,Hadromerida,Demospongiae,Demospongiae,Porifera,1.4036992199999996,0.0,1.0
Polynoe gracilis,Polynoe,Polynoidae,Phyllodocida,Aciculata,Polychaeta,Annelida,2.15905824,1.0,2.0
Harmothoe nodosa,Harmothoe,Polynoidae,Phyllodocida,Aciculata,Polychaeta,Annelida,2.8559523915,1.0,2.0
Nicomache lumbricalis,Nicomache,Maldanidae,Scolecida,Scolecida,Polychaeta,Annelida,0.7342352325,0.0,2.0
Stegocephalus inflatus,Stegocephalus,Stegocephalidae,Gammaridea,Amphipoda,Malacostraca,Crustacea,2.87707869,2.0,3.0
Balanus balanus,Balanus,Balanidae,Balanomorpha,Thoracica,Cirripedia,Crustacea,0.4635924333749999,0.0,2.0
Balanus crenatus,Balanus,Balanidae,Balanomorpha,Thoracica,Cirripedia,Crustacea,,0.0,3.0
Diastylis goodsiri,Diastylis,Diastylidae,Cumacea,Cumacea,Malacostraca,Crustacea,1.4265141659999998,2.0,3.0
Argis dentata,Argis,Crangonidae,Caridea,Decapoda,Malacostraca,Crustacea,3.0290126040000005,2.0,3.0
Eualus gaimardii,Eualus,Hippolytidae,Caridea,Decapoda,Malacostraca,Crustacea,2.336942502,2.0,3.0
Sabinea septemcarinata,Sabinea,Crangonidae,Caridea,Decapoda,Malacostraca,Crustacea,3.14005572,2.0,3.0
Sclerocrangon boreas,Sclerocrangon,Crangonidae,Caridea,Decapoda,Malacostraca,Crustacea,3.626825625,2.0,3.0
Spirontocaris spinus,Spirontocaris,Hippolytidae,Caridea,Decapoda,Malacostraca,Crustacea,3.2650974099,2.0,3.0
Arcturus baffini,Arcturus,Arcturidae,Valvifera,Isopoda,Malacostraca,Crustacea,2.000737037505149,1.0,2.0
Saduria entomon,Saduria,Chaetiliidae,Valvifera,Isopoda,Malacostraca,Crustacea,2.260690128,1.0,3.0
Saduria sabini,Saduria,Chaetiliidae,Valvifera,Isopoda,Malacostraca,Crustacea,2.281662,1.0,3.0
Nymphon hirtipes,Nymphon,Nymphonidae,Pantopoda,Pantopoda,Pycnogonida,Chelicerata,1.77759980055,1.0,3.0
Hemithyris psittacea,Hemithyris,Hemithyrididae,Rhynchonellida,Rhynchonellida,Articulata,Brachiopoda,0.2463466769999999,0.0,1.0
Ascidia callosa,Ascidia,Ascidiidae,Phelobobranchia,Phlebobranchia,Ascidiacea,Tunicata,0.4313908462499999,0.0,1.0
Boltenia ovifera,Boltenia,Pyuridae,Stolidobranchia,Stolidobranchia,Ascidiacea,Tunicata,0.749906802,0.0,1.0
Ciona intestinalis,Ciona,Cionidae,Phlebobranchia,Phlebobranchia,Ascidiacea,Tunicata,0.1623173174999999,0.0,1.0
Kukenthalia borealis,Kukenthalia,Styelidae,Stolidobranchia,Stolidobranchia,Ascidiacea,Tunicata,0.5538261599999998,0.0,1.0
Molgula sp.,Molgula,Molgulidae,Stolidobranchia,Stolidobranchia,Ascidiacea,Tunicata,,0.0,1.0
Rhizomolgula globularis,Rhizomolgula,Molgulidae,Stolidobranchia,Stolidobranchia,Ascidiacea,Tunicata,0.28522449,0.0,1.0
Styela rustica,Styela,Styelidae,Stolidobranchia,Stolidobranchia,Ascidiacea,Tunicata,0.7571100239999999,0.0,1.0
Hormathia sp.,Hormathia,Hormathiidae,Actiniaria,Hexacorallia,Anthozoa,Cnidaria,1.5141781979999998,0.0,3.0
Tubularia regalis,Tubularia,Tubulariidae,Anthomedusae,Hydroida,Hydrozoa,Cnidaria,2.250338112,3.0,3.0
Alcyonidium gelatinosum,Alcyonidium,Alcyoniidae,Alcyonacea,Alcyonaria,Anthozoa,Cnidaria,0.6307129800000001,0.0,3.0
Rossia sp.,Rossia,Rossinae,Sepiolida,Decabrachia,Cephalopoda,Mollusca,3.8850192,3.0,3.0
Boreotrophon fabricii,Boreotrophon,Muricidae,Neogastropoda,Prosobranchia,Gastropoda,Mollusca,,1.0,3.0
Colus islandicus,Colus,Buccinidae,Neogastropoda,Prosobranchia,Gastropoda,Mollusca,,1.0,3.0
Colus tortuosus,Colus,Buccinidae,Neogastropoda,Prosobranchia,Gastropoda,Mollusca,,1.0,3.0
Cylichna alba,Cylichna,Cylichnidae,Cephalaspidea,Opisthobranchia,Gastropoda,Mollusca,,1.0,3.0
Margarites groenlandicus,Margarites,Trochidae,Archaeogastropoda,Prosobranchia,Gastropoda,Mollusca,,1.0,1.0
Margarites olivaceus,Margarites,Trochidae,Archaeogastropoda,Prosobranchia,Gastropoda,Mollusca,,1.0,1.0
Margarites umbilicalis,Margarites,Trochidae,Archaeogastropoda,Prosobranchia,Gastropoda,Mollusca,,1.0,1.0
Natica clausa,Natica,Naticidae,Neotaenioglossa,Neotaenioglossa,Gastropoda,Mollusca,,1.0,3.0
Neptunea despecta,Neptunea,Buccinidae,Neogastropoda,Prosobranchia,Gastropoda,Mollusca,,1.0,3.0
Tachyrhynchus reticulatus,Tachyrhynchus,Turritellidae,Neotaenioglossa,Neotaenioglossa,Gastropoda,Mollusca,,1.0,1.0
Velutina undata,Velutina,Velutinidae,Neotaenioglossa,Neotaenioglossa,Gastropoda,Mollusca,,1.0,2.0
Velutina velutina,Velutina,Velutinidae,Neotaenioglossa,Neotaenioglossa,Gastropoda,Mollusca,,1.0,2.0
Astarte borealis,Astarte,Astartidae,Veneroida,Heterodonta,Bivalvia,Mollusca,,0.0,1.0
Astarte montagui,Astarte,Astartidae,Veneroida,Heterodonta,Bivalvia,Mollusca,,0.0,1.0
Chlamys islandica,Chlamys,Pectinidae,Ostreoida,Pteriomorphia,Bivalvia,Mollusca,,2.0,1.0
Clinocardium ciliatum,Clinocardium,Cardiidae,Vereroida,Heterodonta,Bivalvia,Mollusca,,0.0,1.0
Hiatella arctica,Hiatella,Hiatellidae,Myoida,Heterodonta,Bivalvia,Mollusca,,0.0,1.0
Musculus discors,Musculus,Mytilidae,Mytiloida,Pteriomorphia,Bivalvia,Mollusca,,0.0,1.0
Musculus niger,Musculus,Mytilidae,Mytiloida,Pteriomorphia,Bivalvia,Mollusca,,0.0,1.0
Mya truncata,Mya,Myidae,Myoida,Heterodonta,Bivalvia,Mollusca,,0.0,1.0
Mytilus edulis,Mytilus,Mytilidae,Mytiloida,Pteriomorphia,Bivalvia,Mollusca,,0.0,1.0
Nuculana minuta,Nuculana,Nuculanidae,Nuculoida,Protobranchia,Bivalvia,Mollusca,,0.0,2.0
Nuculana pernula,Nuculana,Nuculanidae,Nuculoida,Protobranchia,Bivalvia,Mollusca,,0.0,2.0
Pecten groenlandicus,Pecten,Pectinidae,Ostreoida,Pteriomorphia,Bivalvia,Mollusca,,2.0,1.0
Serripes groenlandicus,Serripes,Cardiidae,Veneroida,Heterodonta,Bivalvia,Mollusca,,0.0,1.0
Yoldiella intermedia,Yoldiella,Yoldiidae,Nuculoida,Protobranchia,Bivalvia,Mollusca,,2.0,2.0
Austridotea annectens,Austridotea,Idoteidae,Valvifera,Isopoda,Malacostraca,Crustacea,,2.0,2.0
Gobiomorphus cotidianus,Gobiomorphus,Eleotridae,Perciformes,Acanthopterygii,Teleostei,Osteichthyes,,3.0,3.0
Pseudocalliope fluviatilis,Pseudocalliope,Lauxaniidae,Brachycera,Diptera,Pterygota,Insecta,,1.0,2.0
Chironomus zealandicus,Chironomus,Chironomidae,Nematocera,Diptera,Pterygota,Insecta,,1.0,2.0
Galaxias maculatus,Galaxias,Galaxiidae,Osmeriformes,Protacanthopterygii,Teleostei,Osteichthyes,,3.0,3.0
Retropinna retropinna,Retropinna,Retropinnidae,Osmeriformes,Protacanthopterygii,Teleostei,Osteichthyes,,3.0,3.0
Tenagomysis chiltoni,Tenagomysis,Mysidae,Mysida,Mysida,Malacostraca,Crustacea,,2.0,3.0
Erpobdella octoculata,Erpobdella,Erpobdellidae,Arhynchobdellida,Hirudinea,Clitellata,Annelida,,2.0,3.0
Daphnia cristata,Daphnia,Daphniidae,Cladocera,Phyllopoda,Branchiopoda,Crustacea,,3.0,1.0
Limnocalanus macrurus,Limnocalanus,Centropagidae,Calanoida,Gymnoplea,Copepoda,Crustacea,,3.0,1.0
Eudiaptomus gracilis,Eudiaptomus,Diaptomidae,Calanoida,Gymnoplea,Copepoda,Crustacea,,3.0,1.0
Macrocyclops albidus,Macrocyclops,Cyclopidae,Cyclopoida,Podoplea,Copepoda,Crustacea,,3.0,1.0
Mysis relicta,Mysis,Mysidae,Mysida,Mysida,Malacostraca,Crustacea,,2.0,3.0
Asellus aquaticus,Asellus,Asellidae,Asellota,Isopoda,Malacostraca,Crustacea,,1.0,2.0
Pallasea quadrispinosa,Pallasea,Pallaseidae,Gammaridea,Amphipoda,Malacostraca,Crustacea,,1.0,3.0
Gammaracanthus lacustris,Gammaracanthus,Gammaridae,Gammaridea,Amphipoda,Malacostraca,Crustacea,,2.0,2.0
Leptophlebia vespertina,Leptophlebia,Leptophlebiidae,Furcatergalia,Ephemeroptera,Pterygota,Insecta,,1.0,1.0
Centroptilum luteolum,Centroptilum,Baetidae,Pisciforma,Ephemeroptera,Pterygota,Insecta,,1.0,1.0
Heptagenia fuscogrisea,Heptagenia,Heptageniidae,Setisura,Ephemeroptera,Pterygota,Insecta,,1.0,1.0
Cordulia aenea,Cordulia,Corduliidae,Anisoptera,Odonata,Pterygota,Insecta,,1.0,1.0
Sialis sp.,Sialis,Sialidae,Megaloptera,Megaloptera,Pterygota,Insecta,,1.0,1.0
Agrypnia obsoleta,Agrypnia,Phryganeidae,Phryganeoidea,Trichoptera,Pterygota,Insecta,,1.0,1.0
Limnephilidae sp.,Limnephilidae,Limnephilidae,Limnephiloidea,Trichoptera,Pterygota,Insecta,,1.0,1.0
Chaoborus flavicans,Chaoborus,Chaoboridae,Nematocera,Diptera,Pterygota,Insecta,,3.0,3.0
Chironomus plumosus,Chironomus,Chironomidae,Nematocera,Diptera,Pterygota,Insecta,,1.0,2.0
Notonecta glauca,Notonecta,Notonectidae,Heteroptera,Heteroptera,Pterygota,Insecta,,3.0,3.0
Paragorgia arborea,Paragorgia,Paragorgiidae,Gorgonacea,Alcyonaria,Anthozoa,Cnidaria,2.8347,0.0,3.0
Primnoa resedaeformis,Primnoa,Primnoidae,Gorgonacea,Alcyonaria,Anthozoa,Cnidaria,3.0264,0.0,3.0
Pennatula aculeata,Pennatula,Pennatulidae,Pennatulacea,Alcyonaria,Anthozoa,Cnidaria,2.074,0.0,3.0
Actinauge verrilli,Actinauge,Hormathiidae,Actiniaria,Hexacorallia,Anthozoa,Cnidaria,,0.0,3.0
Actinostola callosa,Actinostola,Actinostolidae,Actiniaria,Hexacorallia,Anthozoa,Cnidaria,1.6968,0.0,3.0
Cerianthus borealis,Cerianthus,Cerianthidae,Ceriantharia,Ceriantipatharia,Anthozoa,Cnidaria,3.762,0.0,3.0
Hyalinoecia tubicola,Hyalinoecia,Onuphidae,Eunicida,Aciculata,Polychaeta,Annelida,4.3171,1.0,2.0
Sternaspis fossor,Sternaspis,Sternaspidae,Terebellida,Canalipalpata,Polychaeta,Annelida,3.1341,0.0,1.0
Asychis biceps ,Asychis,Maldanidae,Scolecida,Scolecida,Polychaeta,Annelida,5.242999999999999,0.0,2.0
Antalis entale,Antalis,Dentaliidae,Dentaliida,Dentaliida,Scaphopoda,Mollusca,5.76,1.0,2.0
Solemya grandis,Solemya,Solemyidae,Solemyoida,Protobranchia,Bivalvia,Mollusca,5.76,1.0,2.0
Thyasira flexuosa,Thyasira,Thyasiridae,Veneroida,Heterodonta,Bivalvia,Mollusca,,0.0,1.0
Rossia tenera,Rossia,Rossinae,Sepiolida,Decabrachia,Cephalopoda,Mollusca,9.3472,3.0,3.0
Stoloteuthis leucoptera,Stoloteuthis,Sepiolidae,Sepiolida,Decabrachia,Cephalopoda,Mollusca,,3.0,3.0
Brachioteuthis bonplandi,Brachioteuthis,Brachioteuthidae,Teuthida,Decabrachia,Cephalopoda,Mollusca,5.2122,3.0,3.0
Ommastrephes caroli,Ommastrephes,Ommastrephidae,Teuthida,Decabrachia,Cephalopoda,Mollusca,4.137,3.0,3.0
Bathypolypus arcticus,Bathypolypus,Octopodidae,Octopoda,Octobrachia,Cephalopoda,Mollusca,3.596,2.0,3.0
Haliphron atlanticus,Haliphron,Alloposidae,Octopoda,Octobrachia,Cephalopoda,Mollusca,2.208,2.0,3.0
Poecilasma inaequilaterale,Poecilasma,Poecilasmatidae,Lepadomorpha,Thoracica,Cirripedia,Crustacea,4.166399999999999,0.0,1.0
Syscenus infelix,Syscenus,Aegidae,Flabellifera,Isopoda,Malacostraca,Crustacea,7.239000000000001,1.0,3.0
Epimeria loricata,Epimeria,Epimeriidae,Gammaridea,Amphipoda,Malacostraca,Crustacea,9.667,2.0,2.0
Pleoticus robustus,Pleoticus,Solenoceridae,Penaeoidea,Decapoda,Malacostraca,Crustacea,5.25,2.0,3.0
Metapenaeopsis goodei,Metapenaeopsis,Penaeidae,Penaeoidea,Decapoda,Malacostraca,Crustacea,5.217099999999999,2.0,3.0
Sergestes arcticus,Sergestes,Sergestidae,Sergestoidea,Decapoda,Malacostraca,Crustacea,4.7498,2.0,3.0
Acanthephyra purpurea,Acanthephyra,Oplophoridae,Caridea,Decapoda,Malacostraca,Crustacea,6.473600000000001,2.0,3.0
Pandalus borealis,Pandalus,Pandalidae,Caridea,Decapoda,Malacostraca,Crustacea,6.8302000000000005,2.0,3.0
Pandalus montagui,Pandalus,Pandalidae,Caridea,Decapoda,Malacostraca,Crustacea,4.8832,2.0,3.0
Pandalus propinquis,Pandalus,Pandalidae,Caridea,Decapoda,Malacostraca,Crustacea,9.0736,2.0,3.0
Catapagurus gracilis,Catapagurus,Paguridae,Anomura,Decapoda,Malacostraca,Crustacea,2.5025,2.0,3.0
Lithodes maja,Lithodes,Lithodidae,Anomura,Decapoda,Malacostraca,Crustacea,5.577000000000001,1.0,3.0
Munida valida,Munida,Galatheidae,Anomura,Decapoda,Malacostraca,Crustacea,3.4122,1.0,3.0
Munida iris,Munida,Galatheidae,Anomura,Decapoda,Malacostraca,Crustacea,2.9562,1.0,3.0
Eumunida picta,Eumunida,Chirostylidae,Anomura,Decapoda,Malacostraca,Crustacea,,1.0,3.0
Acanthocarpus alexandri,Acanthocarpus,Calappidae,Brachyura,Decapoda,Malacostraca,Crustacea,2.89,1.0,3.0
Chionoecetes superbus,Chionoecetes,Majidae,Brachyura,Decapoda,Malacostraca,Crustacea,4.7306,1.0,3.0
Rochinia crassa,Rochinia,Majidae,Brachyura,Decapoda,Malacostraca,Crustacea,,1.0,3.0
Bathynectes superba,Bathynectes,Portunidae,Brachyura,Decapoda,Malacostraca,Crustacea,2.7163000000000004,2.0,3.0
Geryon quinquedens,Geryon,Geryonidae,Brachyura,Decapoda,Malacostraca,Crustacea,3.9004,1.0,3.0
Paelopatides gigantea,Paelopatides,Synallactidae,Aspidochirotida,Aspidochirotacea,Holothuroidea,Echinodermata,0.7932,1.0,2.0
Molpadia oolitica,Molpadia,Molpadiidae,Molpadiida,Apodacea,Holothuroidea,Echinodermata,1.2285,1.0,2.0
Astropecten americanus,Astropecten,Astropectinidae,Paxillosida,Asteroidea,Asteroidea,Echinodermata,2.016,1.0,3.0
Pseudarchaster fallax,Pseudarchaster,Goniasteridae,Valvatida,Asteroidea,Asteroidea,Echinodermata,2.4852,1.0,3.0
Porania grandis,Porania,Poraniidae,Spinulosida,Asteroidea,Asteroidea,Echinodermata,1.162,1.0,3.0
Diplopteraster multipes,Diplopteraster,Pterasteridae,Spinulosida,Asteroidea,Asteroidea,Echinodermata,2.418,1.0,3.0
Ophiura sarsi,Ophiura,Ophiuridae,Ophiurida,Ophiuroidea,Ophiuroidea,Echinodermata,2.6313,1.0,2.0
Amphilimna olivacea,Amphilimna,Amphiuridae,Ophiurida,Ophiuroidea,Ophiuroidea,Echinodermata,2.0276,1.0,2.0
Pyrosoma atlanticus,Pyrosoma,Pyrosomidae,Pyrosomida,Pyrosomida,Thaliacea,Tunicata,0.6486000000000006,3.0,1.0
Myxine glutinosa,Myxine,Myxinidae,Myxiniformes,Pteraspidomorpha,Pteraspidomorphi,Agnatha,6.6482,3.0,3.0
Scyliorhinus retifer,Scyliorhinus,Scyliorhinidae,Carcharhiniformes,Euselachii ,Elasmobranchii,Chondrichthyes,6.63,3.0,3.0
Centroscyllium fabricii,Centroscyllium,Dalatiidae,Squaliformes,Euselachii ,Elasmobranchii,Chondrichthyes,5.0336,3.0,3.0
Nemichthys scolopaceus,Nemichthys,Nemichthyidae,Anguilliformes,Elopomorpha,Teleostei,Osteichthyes,9.6705,3.0,3.0
Argentina silus,Argentina,Argentinidae,Osmeriformes,Protacanthopterygii,Teleostei,Osteichthyes,4.626600000000001,3.0,3.0
Argentina striata,Argentina,Argentinidae,Osmeriformes,Protacanthopterygii,Teleostei,Osteichthyes,8.4027,3.0,3.0
Gonostoma elongatum,Gonostoma,Gonostomatidae,Stomiiformes,Stenopterygii,Teleostei,Osteichthyes,4.3472,3.0,3.0
Maurolicus pennati,Maurolicus,Gonostomatidae,Stomiiformes,Stenopterygii,Teleostei,Osteichthyes,8.3886,3.0,3.0
Polyipnus asteroides,Polyipnus,Sternoptychidae,Stomiiformes,Stenopterygii,Teleostei,Osteichthyes,8.1345,3.0,3.0
Chauliodes sloani,Chauliodes,Corydalidae,Megaloptera,Megaloptera,Pterygota,Insecta,5.1312,1.0,3.0
Stomias boa ferox,Stomias,Stomiidae,Stomiiformes,Stenopterygii,Teleostei,Osteichthyes,3.5343,3.0,3.0
Chlorophthalmus agassizi,Chlorophthalmus,Chlorophthalmidae,Aulopiformes,Cyclosquamata,Teleostei,Osteichthyes,4.905,3.0,3.0
Notolepis rissoi,Notolepis,Paralepididae,Aulopiformes,Cyclosquamata,Teleostei,Osteichthyes,7.365999999999999,3.0,3.0
Alepisaurus ferox,Alepisaurus,Alepisauridae,Aulopiformes,Cyclosquamata,Teleostei,Osteichthyes,1.7030000000000003,3.0,3.0
Anotopterus pharoa,Anotopterus,Anotopteridae,Aulopiformes,Cyclosquamata,Teleostei,Osteichthyes,10.836,3.0,3.0
Ceratoscopelus maderensis,Ceratoscopelus,Myctophidae,Myctophiformes,Scopelomorpha,Teleostei,Osteichthyes,7.1658,3.0,3.0
Benthosema glaciale,Benthosema,Myctophidae,Myctophiformes,Scopelomorpha,Teleostei,Osteichthyes,8.257200000000001,3.0,3.0
Hygophum benoiti,Hygophum,Myctophidae,Myctophiformes,Scopelomorpha,Teleostei,Osteichthyes,7.7112,3.0,3.0
Hygophum hygomii,Hygophum,Myctophidae,Myctophiformes,Scopelomorpha,Teleostei,Osteichthyes,6.053600000000001,3.0,3.0
Myctophum affine,Myctophum,Myctophidae,Myctophiformes,Scopelomorpha,Teleostei,Osteichthyes,7.223899999999999,3.0,3.0
Urophycis chesteri,Urophycis,Gadidae,Gadiformes,Paracanthopterygii,Teleostei,Osteichthyes,6.5286,3.0,3.0
Gadella imberbis,Gadella,Moridae,Gadiformes,Paracanthopterygii,Teleostei,Osteichthyes,6.21,3.0,3.0
Merluccius albidus,Merluccius,Merlucciidae,Gadiformes,Paracanthopterygii,Teleostei,Osteichthyes,6.175,3.0,3.0
Lycenchelys verrilli,Lycenchelys,Zoarcidae,Perciformes,Acanthopterygii,Teleostei,Osteichthyes,5.0934,2.0,3.0
Caelorhinchus carminatus,Caelorhinchus,Macrouridae,Gadiformes,Paracanthopterygii,Teleostei,Osteichthyes,5.605200000000001,3.0,3.0
Nezumia bairdii,Nezumia,Macrouridae,Gadiformes,Paracanthopterygii,Teleostei,Osteichthyes,3.8346,3.0,3.0
Polymixia lowei,Polymixia,Polymixiidae,Polymixiiformes,Polymixiomorpha,Teleostei,Osteichthyes,6.6637,3.0,3.0
Hoplostethus mediterraneus,Hoplostethus,Trachichthyidae,Beryciformes,Acanthopterygii,Teleostei,Osteichthyes,3.548,3.0,3.0
Zenopsis conchifera,Zenopsis,Zeidae,Zeiformes,Acanthopterygii,Teleostei,Osteichthyes,2.7808,3.0,3.0
Grammicolepis brachiusculus,Grammicolepis,Grammicolepididae,Zeiformes,Acanthopterygii,Teleostei,Osteichthyes,6.2505,3.0,3.0
Antigonia capros,Antigonia,Caproidae,Zeiformes,Acanthopterygii,Teleostei,Osteichthyes,6.590499999999999,3.0,3.0
Macroramphosus scolopax ,Macroramphosus,Centriscidae,Gasterosteiformes,Acanthopterygii,Teleostei,Osteichthyes,4.8794,3.0,3.0
Helicolenus dactylopterus,Helicolenus,Scorpaenidae,Scorpaeniformes,Acanthopterygii,Teleostei,Osteichthyes,3.5207,3.0,3.0
Peristedion armatus,Peristedion,Triglidae,Scorpaeniformes,Acanthopterygii,Teleostei,Osteichthyes,1.56,3.0,3.0
Epigonus pandionis,Epigonus,Apogonidae,Perciformes,Acanthopterygii,Teleostei,Osteichthyes,7.102099999999999,3.0,3.0
Synagrops bellus,Synagrops,Apogonidae,Perciformes,Acanthopterygii,Teleostei,Osteichthyes,6.6468,3.0,3.0
Lopholatilus chamaeleonticeps,Lopholatilus,Malacanthidae,Perciformes,Acanthopterygii,Teleostei,Osteichthyes,5.3984000000000005,3.0,3.0
Promethichthys prometheus,Promethichthys,Gempylidae,Perciformes,Acanthopterygii,Teleostei,Osteichthyes,5.244,3.0,3.0
Glyptocephalus cynoglossus,Glyptocephalus,Pleuronectidae,Pleuronectiformes,Acanthopterygii,Teleostei,Osteichthyes,3.2688,3.0,3.0
Sergestes arcticus,Sergestes,Sergestidae,Sergestoidea,Decapoda,Malacostraca,Crustacea,,1.0,3.0
Acanthephyra purpurea,Acanthephyra,Oplophoridae,Caridea,Decapoda,Malacostraca,Crustacea,,2.0,3.0
Pandalus propinquis,Pandalus,Pandalidae,Caridea,Decapoda,Malacostraca,Crustacea,,2.0,3.0
Lithodes maja,Lithodes,Lithodidae,Anomura,Decapoda,Malacostraca,Crustacea,,3.0,3.0
Acanthocarpus alexandri,Acanthocarpus,Calappidae,Brachyura,Decapoda,Malacostraca,Crustacea,,1.0,3.0
Nemichthys scolopaceus,Nemichthys,Nemichthyidae,Anguilliformes,Elopomorpha,Teleostei,Osteichthyes,,3.0,3.0
Gonostoma elongatum,Gonostoma,Gonostomatidae,Stomiiformes,Stenopterygii,Teleostei,Osteichthyes,,3.0,3.0
Polyipnus asteroides,Polyipnus,Sternoptychidae,Stomiiformes,Stenopterygii,Teleostei,Osteichthyes,,3.0,3.0
Chauliodes sloani,Chauliodes,Corydalidae,Megaloptera,Megaloptera,Pterygota,Insecta,,1.0,3.0
Stomias boa ferox,Stomias,Stomiidae,Stomiiformes,Stenopterygii,Teleostei,Osteichthyes,,3.0,3.0
Chlorophthalmus agassizi,Chlorophthalmus,Chlorophthalmidae,Aulopiformes,Cyclosquamata,Teleostei,Osteichthyes,,3.0,3.0
Notolepis rissoi,Notolepis,Paralepididae,Aulopiformes,Cyclosquamata,Teleostei,Osteichthyes,,3.0,3.0
Myctophum affine,Myctophum,Myctophidae,Myctophiformes,Scopelomorpha,Teleostei,Osteichthyes,,3.0,3.0
Lycenchelys verrilli,Lycenchelys,Zoarcidae,Perciformes,Acanthopterygii,Teleostei,Osteichthyes,,2.0,3.0
Caelorhinchus carminatus,Caelorhinchus,Macrouridae,Gadiformes,Paracanthopterygii,Teleostei,Osteichthyes,,3.0,3.0
Nezumia bairdii,Nezumia,Macrouridae,Gadiformes,Paracanthopterygii,Teleostei,Osteichthyes,,3.0,3.0
Epigonus pandionis,Epigonus,Apogonidae,Perciformes,Acanthopterygii,Teleostei,Osteichthyes,,3.0,3.0
Glyptocephalus cynoglossus,Glyptocephalus,Pleuronectidae,Pleuronectiformes,Acanthopterygii,Teleostei,Osteichthyes,,2.0,3.0
Suberites ficus,Suberites,Suberitidae,Hadromerida,Demospongiae,Demospongiae,Porifera,1.508,0.0,3.0
Syncoryne sp.,Syncoryne,Corynidae,Anthomedusae,Hydroida,Hydrozoa,Cnidaria,1.85,3.0,3.0
Cyanea cappilata,Cyanea,Cyaneidae,Semaeostomeae,Semaeostomeae,Scyphozoa,Cnidaria,0.118,0.0,3.0
Aurelia aurita,Aurelia,Ulmaridae,Semaeostomeae,Semaeostomeae,Scyphozoa,Cnidaria,0.44,0.0,3.0
Renilla reniformis,Renilla,Renillidae,Pennatulacea,Alcyonaria,Anthozoa,Cnidaria,2.688,0.0,3.0
Metridium senile,Metridium,Metridiidae,Actiniaria,Hexacorallia,Anthozoa,Cnidaria,2.88,0.0,3.0
Ceriantheopsis americana,Ceriantheopsis,Cerianthidae,Ceriantharia,Ceriantipatharia,Anthozoa,Cnidaria,4.6,0.0,3.0
Cerebratulus sp.,Cerebratulus,Lineidae,Heteronemertea,Anopla,Anopla,Nemertea,5.104,1.0,3.0
Bugula flabellata,Bugula,Bugulidae,Cheilostomata,Cheilostomata,Gymnolaemata,Bryozoa,2.296,0.0,2.0
Terebratulina septentrionalis,Terebratulina,Cancellothyrididae,Cancellothyridacea,Terebratulida,Articulata,Brachiopoda,2.508,0.0,1.0
Polinices heros,Polinices,Naticidae,Neotaenioglossa,Neotaenioglossa,Gastropoda,Mollusca,6.567,1.0,3.0
Buccinum undatum,Buccinum,Buccinidae,Neogastropoda,Prosobranchia,Gastropoda,Mollusca,8.041,1.0,3.0
Colus stimpsoni,Colus,Buccinidae,Neogastropoda,Prosobranchia,Gastropoda,Mollusca,5.18,1.0,3.0
Colus pygmaeus,Colus,Buccinidae,Neogastropoda,Prosobranchia,Gastropoda,Mollusca,,1.0,3.0
Neptunea lyrata,Neptunea,Buccinidae,Neogastropoda,Prosobranchia,Gastropoda,Mollusca,,1.0,3.0
Busycon carica,Busycon,Melongenidae,Neogastropoda,Prosobranchia,Gastropoda,Mollusca,4.941000000000001,1.0,3.0
Busycotypus canaliculatus,Busycotypus,Melongenidae,Neogastropoda,Prosobranchia,Gastropoda,Mollusca,5.373,1.0,3.0
Nucula proxima,Nucula,Nuculidae,Nuculoida,Protobranchia,Bivalvia,Mollusca,3.264,0.0,2.0
Nucula proxima,Nucula,Nuculidae,Nuculoida,Protobranchia,Bivalvia,Mollusca,,0.0,2.0
Modiolus modiolus,Modiolus,Mytilidae,Mytiloida,Pteriomorphia,Bivalvia,Mollusca,4.356,0.0,1.0
Chlamys islandica,Chlamys,Pectinidae,Ostreoida,Pteriomorphia,Bivalvia,Mollusca,5.265,2.0,1.0
Placopecten magellanicus,Placopecten,Pectinidae,Ostreoida,Pteriomorphia,Bivalvia,Mollusca,4.07,2.0,1.0
Astarte undata,Astarte,Astartidae,Veneroida,Heterodonta,Bivalvia,Mollusca,5.94,0.0,1.0
Cyclocardia borealis,Cyclocardia,Carditidae,Veneroida,Heterodonta,Bivalvia,Mollusca,1.4,0.0,1.0
Arctica islandica,Arctica,Arcticidae,Veneroida,Heterodonta,Bivalvia,Mollusca,1.848,0.0,1.0
Spisula solidissima,Spisula,Mactridae,Veneroida,Heterodonta,Bivalvia,Mollusca,3.135,0.0,1.0
Ensis directus,Ensis,Pharidae,Veneroida,Heterodonta,Bivalvia,Mollusca,2.8560000000000003,0.0,1.0
Periploma leanum,Periploma,Periplomatidae,Pholadomyoida,Pholadomyoida,Bivalvia,Mollusca,,0.0,1.0
Illex illecebrosus,Illex,Ommastrephidae,Teuthida,Decabrachia,Cephalopoda,Mollusca,6.82,3.0,3.0
Loligo pealeii,Loligo,Loliginidae,Teuthida,Decabrachia,Cephalopoda,Mollusca,5.712,3.0,3.0
Lolliguncula brevis,Lolliguncula,Loliginidae,Teuthida,Decabrachia,Cephalopoda,Mollusca,3.834,3.0,3.0
Octopus vulgaris,Octopus,Octopodidae,Octopoda,Octobrachia,Cephalopoda,Mollusca,,2.0,3.0
Aphrodita hastata,Aphrodita,Aphroditidae,Phyllodocida,Aciculata,Polychaeta,Annelida,2.5460000000000003,1.0,2.0
Glycera americana,Glycera,Glyceridae,Phyllodocida,Aciculata,Polychaeta,Annelida,3.948,1.0,2.0
Ophioglycera gigantea,Ophioglycera,Goniadidae,Phyllodocida,Aciculata,Polychaeta,Annelida,3.3320000000000003,1.0,2.0
Nephtys incisa,Nephtys,Nephtyidae,Phyllodocida,Aciculata,Polychaeta,Annelida,4.654,1.0,3.0
Aglaophamus igalis,Aglaophamus,Nephtyidae,Phyllodocida,Aciculata,Polychaeta,Annelida,3.816,1.0,3.0
Ophelia bicornis,Ophelia,Opheliidae,Scolecida,Scolecida,Polychaeta,Annelida,,1.0,2.0
Ophelia denticulata,Ophelia,Opheliidae,Scolecida,Scolecida,Polychaeta,Annelida,4.86,1.0,2.0
Lumbrineris fragilis,Lumbrineris,Lumbrineridae,Eunicida,Aciculata,Polychaeta,Annelida,7.455,1.0,2.0
Terebellides stroemi,Terebellides,Terebellidae,Terebellida,Canalipalpata,Polychaeta,Annelida,6.887999999999999,0.0,1.0
Pherusa affinis,Pherusa,Flabelligeridae,Terebellida,Canalipalpata,Polychaeta,Annelida,8.784,0.0,1.0
Chone infundibuliformis,Chone,Sabellidae,Sabellida,Canalipalpata,Polychaeta,Annelida,3.84,0.0,1.0
Squilla empusa,Squilla,Squillidae,Stomatopoda,Stomatopoda,Malacostraca,Crustacea,5.9670000000000005,2.0,3.0
Hyperia galba,Hyperia,Hyperiidae,Hyperiidea,Amphipoda,Malacostraca,Crustacea,3.72,2.0,3.0
Ampelisca agassizi,Ampelisca,Ampeliscidae,Gammaridea,Amphipoda,Malacostraca,Crustacea,8.19,1.0,2.0
Unicola irrorata,Unicola,Bomolochidae,Poecilostomatoida,Podoplea,Copepoda,Crustacea,11.12,1.0,2.0
Gammarus annulatus,Gammarus,Gammaridae,Gammaridea,Amphipoda,Malacostraca,Crustacea,1.644,2.0,2.0
Leptocheirus pinguis,Leptocheirus,Aoridae,Gammaridea,Amphipoda,Malacostraca,Crustacea,2.124,2.0,2.0
Neomysis americana,Neomysis,Mysidae,Mysida,Mysida,Malacostraca,Crustacea,,2.0,3.0
Meganyctiphanes norvegica,Meganyctiphanes,Euphausiidae,Euphausiacea,Euphausiacea,Malacostraca,Crustacea,3.4919999999999995,3.0,2.0
Penaeus aztecus,Penaeus,Penaeidae,Penaeoidea,Decapoda,Malacostraca,Crustacea,8.918,2.0,3.0
Sicyonia typica,Sicyonia,Penaeidae,Penaeoidea,Decapoda,Malacostraca,Crustacea,4.896000000000001,2.0,3.0
Pasiphaea tarda,Pasiphaea,Pasiphaeidae,Caridea,Decapoda,Malacostraca,Crustacea,,2.0,3.0
Palaemonetes vulgaris,Palaemonetes,Palaemonidae,Caridea,Decapoda,Malacostraca,Crustacea,3.675,2.0,3.0
Dichelopandalus leptocerus,Dichelopandalus,Pandalidae,Caridea,Decapoda,Malacostraca,Crustacea,5.61,2.0,3.0
Crangon septemspinosa,Crangon,Crangonidae,Caridea,Decapoda,Malacostraca,Crustacea,3.402,2.0,3.0
Homarus americanus,Homarus,Nephropidae,Astacoidea,Decapoda,Malacostraca,Crustacea,4.416,1.0,3.0
Pagurus acadianus,Pagurus,Paguridae,Anomura,Decapoda,Malacostraca,Crustacea,6.845,1.0,3.0
Pagurus bernhardus,Pagurus,Paguridae,Anomura,Decapoda,Malacostraca,Crustacea,6.063,1.0,3.0
Pagurus pollicarpus,Pagurus,Paguridae,Anomura,Decapoda,Malacostraca,Crustacea,6.808,1.0,3.0
Hyas areneus,Hyas,Majidae,Brachyura,Decapoda,Malacostraca,Crustacea,2.805,1.0,3.0
Libinia emarginata,Libinia,Majidae,Brachyura,Decapoda,Malacostraca,Crustacea,4.662,1.0,3.0
Pelia mutica,Pelia,Majidae,Brachyura,Decapoda,Malacostraca,Crustacea,3.5020000000000007,1.0,3.0
Cancer irroratus,Cancer,Cancridae,Brachyura,Decapoda,Malacostraca,Crustacea,3.84,1.0,3.0
Cucumaria frondosa,Cucumaria,Cucumariidae,Dendrochirotida,Dendrochirotacea,Holothuroidea,Echinodermata,3.384,1.0,2.0
Thyone scabra,Thyone,Cucumariidae,Dendrochirotida,Dendrochirotacea,Holothuroidea,Echinodermata,2.34,1.0,2.0
Caudina arenata,Caudina,Caudinidae,Molpadiida,Apodacea,Holothuroidea,Echinodermata,8.642,1.0,2.0
Arbacia punctulata,Arbacia,Arbaciidae,Arbacioida,Euechinoidea,Echinoidea,Echinodermata,0.616,1.0,2.0
Strongylocentrotus droebachiensis,Strongylocentrotus,Strongylocentrotidae,Echinoida,Euechinoidea,Echinoidea,Echinodermata,2.04,1.0,1.0
Echinarachnius parma,Echinarachnius,Echinarachniidae,Clypeasteroida,Euechinoidea,Echinoidea,Echinodermata,1.98,1.0,2.0
Moira atropos,Moira,Schizasteridae,Spatangoida,Euechinoidea,Echinoidea,Echinodermata,0.7,1.0,2.0
Ctenodiscus crispatus,Ctenodiscus,Porcellanasteridae,Paxillosida,Asteroidea,Asteroidea,Echinodermata,2.944,1.0,3.0
Henricia sp.,Henricia,Echinasteridae,Spinulosida,Asteroidea,Asteroidea,Echinodermata,3.43,1.0,2.0
Asteria forbesi,Asteria,Asteriidae,Forcipulatida,Asteroidea,Asteroidea,Echinodermata,2.16,1.0,3.0
Leptasterias tenera,Leptasterias,Asteriidae,Forcipulatida,Asteroidea,Asteroidea,Echinodermata,3.103,1.0,3.0
Ophioderma brevispina,Ophioderma,Ophiodermatidae,Ophiurida,Ophiuroidea,Ophiuroidea,Echinodermata,2.146,1.0,2.0
Ophiopholis aculeata,Ophiopholis,Ophiactidae,Ophiurida,Ophiuroidea,Ophiuroidea,Echinodermata,1.786,1.0,2.0
Amaroucium pellucidum,Amaroucium,Polyclinidae,Aplousobranchia,Aplousobranchia,Ascidiacea,Tunicata,1.358,0.0,1.0
Ascidia callosa,Ascidia,Ascidiidae,Phelobobranchia,Phlebobranchia,Ascidiacea,Tunicata,,0.0,1.0
Boltenia ovifera,Boltenia,Pyuridae,Stolidobranchia,Stolidobranchia,Ascidiacea,Tunicata,1.7639999999999998,0.0,1.0
Molgula manhattensis,Molgula,Molgulidae,Stolidobranchia,Stolidobranchia,Ascidiacea,Tunicata,,0.0,1.0
Isurus oxyrhinchus,Isurus,Lamnidae,Lamniformes,Euselachii ,Elasmobranchii,Chondrichthyes,,3.0,3.0
Lamna nasus,Lamna,Lamnidae,Lamniformes,Euselachii ,Elasmobranchii,Chondrichthyes,,3.0,3.0
Carcharhinus plumbeus,Carcharhinus,Carcharhinidae,Carcharhiniformes,Euselachii ,Elasmobranchii,Chondrichthyes,,3.0,3.0
Prionace glauca,Prionace,Carcharhinidae,Carcharhiniformes,Euselachii ,Elasmobranchii,Chondrichthyes,,3.0,3.0
Squalus acanthias,Squalus,Squalidae,Squaliformes,Euselachii ,Elasmobranchii,Chondrichthyes,8.514000000000001,3.0,3.0
Leucoraja erinacea,Leucoraja,Rajidae,Rajiformes,Euselachii ,Elasmobranchii,Chondrichthyes,3.168,3.0,3.0
Conger oceanicus,Conger,Congridae,Anguilliformes,Elopomorpha,Teleostei,Osteichthyes,9.834,3.0,3.0
Ophichthus cruentifer,Ophichthus,Ophichthidae,Anguilliformes,Elopomorpha,Teleostei,Osteichthyes,5.742,3.0,3.0
Alosa sapidissima,Alosa,Clupeidae,Clupeiformes,Clupeomorpha,Teleostei,Osteichthyes,4.9,3.0,3.0
Alosa aestivalis,Alosa,Clupeidae,Clupeiformes,Clupeomorpha,Teleostei,Osteichthyes,6.882,3.0,3.0
Alosa medicocris,Alosa,Clupeidae,Clupeiformes,Clupeomorpha,Teleostei,Osteichthyes,5.486000000000001,3.0,3.0
Alosa pseudoharengus,Alosa,Clupeidae,Clupeiformes,Clupeomorpha,Teleostei,Osteichthyes,6.292999999999999,3.0,3.0
Clupea harengus,Clupea,Clupeidae,Clupeiformes,Clupeomorpha,Teleostei,Osteichthyes,10.793,3.0,3.0
Brevoortia tyrannus,Brevoortia,Clupeidae,Clupeiformes,Clupeomorpha,Teleostei,Osteichthyes,7.49,3.0,2.0
Etrumeus teres,Etrumeus,Clupeidae,Clupeiformes,Clupeomorpha,Teleostei,Osteichthyes,5.508,3.0,3.0
Opisthonema oglinum,Opisthonema,Clupeidae,Clupeiformes,Clupeomorpha,Teleostei,Osteichthyes,6.448,3.0,2.0
Sardinella aurita,Sardinella,Clupeidae,Clupeiformes,Clupeomorpha,Teleostei,Osteichthyes,5.97,3.0,3.0
Anchoa hepsetus,Anchoa,Engraulidae,Clupeiformes,Clupeomorpha,Teleostei,Osteichthyes,5.770999999999999,3.0,3.0
Anchoa mitchilli,Anchoa,Engraulidae,Clupeiformes,Clupeomorpha,Teleostei,Osteichthyes,5.936,3.0,3.0
Synodus foetens,Synodus,Synodontidae,Aulopiformes,Cyclosquamata,Teleostei,Osteichthyes,4.575,3.0,3.0
Lophius americanus,Lophius,Lophiidae,Lophiiformes,Paracanthopterygii,Teleostei,Osteichthyes,1.665,3.0,3.0
Gadus morhua,Gadus,Gadidae,Gadiformes,Paracanthopterygii,Teleostei,Osteichthyes,4.004,3.0,3.0
Pollachius virens,Pollachius,Gadinae,Gadiformes,Paracanthopterygii,Teleostei,Osteichthyes,4.992,3.0,3.0
Urophycis chuss,Urophycis,Gadidae,Gadiformes,Paracanthopterygii,Teleostei,Osteichthyes,3.88,3.0,3.0
Urophycis regia,Urophycis,Gadidae,Gadiformes,Paracanthopterygii,Teleostei,Osteichthyes,4.686,3.0,3.0
Urophycis tenuis,Urophycis,Gadidae,Gadiformes,Paracanthopterygii,Teleostei,Osteichthyes,6.336,3.0,3.0
Melanogrammus aeglefinus,Melanogrammus,Gadidae,Gadiformes,Paracanthopterygii,Teleostei,Osteichthyes,4.466,3.0,3.0
Enchelyopus cimbrius,Enchelyopus,Phycinae,Gadiformes,Paracanthopterygii,Teleostei,Osteichthyes,3.6,3.0,3.0
Merluccius bilinearis,Merluccius,Merlucciidae,Gadiformes,Paracanthopterygii,Teleostei,Osteichthyes,4.473,3.0,3.0
Macrozoarces americanus,Macrozoarces,Zoarcidae,Perciformes,Acanthopterygii,Teleostei,Osteichthyes,4.608,2.0,3.0
Scomberesox saurus,Scomberesox,Scomberesocidae,Beloniformes,Acanthopterygii,Teleostei,Osteichthyes,8.474,3.0,3.0
Menidia menidia,Menidia,Atherinidae,Atheriniformes,Acanthopterygii,Teleostei,Osteichthyes,7.208,3.0,3.0
Sebastes marinus,Sebastes,Scorpaenidae,Scorpaeniformes,Acanthopterygii,Teleostei,Osteichthyes,4.625,3.0,3.0
Prionotus carolinus,Prionotus,Triglidae,Scorpaeniformes,Acanthopterygii,Teleostei,Osteichthyes,4.425,3.0,3.0
Hemitripterus americanus,Hemitripterus,Cottidae,Scorpaeniformes,Acanthopterygii,Teleostei,Osteichthyes,2.5340000000000003,3.0,3.0
Myoxocephalus octodecemspinosus,Myoxocephalus,Cottidae,Scorpaeniformes,Acanthopterygii,Teleostei,Osteichthyes,5.408,3.0,3.0
Triglops murrayi,Triglops,Cottidae,Scorpaeniformes,Acanthopterygii,Teleostei,Osteichthyes,3.62,3.0,3.0
Triglops nybelini,Triglops,Cottidae,Scorpaeniformes,Acanthopterygii,Teleostei,Osteichthyes,5.238,3.0,3.0
Citharichthys arctifrons,Citharichthys,Paralichthyidae,Pleuronectiformes,Acanthopterygii,Teleostei,Osteichthyes,4.268,2.0,2.0
Hippoglossina oblonga,Hippoglossina,Paralichthyidae,Pleuronectiformes,Acanthopterygii,Teleostei,Osteichthyes,5.5,2.0,2.0
Scophthalmus aquosus,Scophthalmus,Scophthalmidae,Pleuronectiformes,Acanthopterygii,Teleostei,Osteichthyes,3.108,2.0,2.0
Hippoglossoides platessoides,Hippoglossoides,Pleuronectidae,Pleuronectiformes,Acanthopterygii,Teleostei,Osteichthyes,4.071,2.0,3.0
Limanda ferruginea,Limanda,Pleuronectidae,Pleuronectiformes,Acanthopterygii,Teleostei,Osteichthyes,4.4,2.0,3.0
Liopsetta putnami,Liopsetta,Pleuronectidae,Pleuronectiformes,Acanthopterygii,Teleostei,Osteichthyes,3.762000000000001,2.0,3.0
Pseudopleuronectes americanus,Pseudopleuronectes,Pleuronectidae,Pleuronectiformes,Acanthopterygii,Teleostei,Osteichthyes,3.608,2.0,3.0
Symphurus plagiusa,Symphurus,Cynoglossidae,Pleuronectiformes,Acanthopterygii,Teleostei,Osteichthyes,6.27,2.0,3.0
Sphoeroides maculatus,Sphoeroides,Tetraodontidae,Tetraodontiformes,Acanthopterygii,Teleostei,Osteichthyes,5.044,3.0,3.0
Pomatomus saltatrix,Pomatomus,Pomatomidae,Perciformes,Acanthopterygii,Teleostei,Osteichthyes,4.784000000000001,3.0,3.0
Caranx chrysos,Caranx,Carangidae,Perciformes,Acanthopterygii,Teleostei,Osteichthyes,5.664,3.0,2.0
Chloroscombrus chrysurus,Chloroscombrus,Carangidae,Perciformes,Acanthopterygii,Teleostei,Osteichthyes,8.843,3.0,2.0
Selar crumenopthalmus,Selar,Carangidae,Perciformes,Acanthopterygii,Teleostei,Osteichthyes,4.92,3.0,3.0
Seriola dumerili,Seriola,Carangidae,Perciformes,Acanthopterygii,Teleostei,Osteichthyes,4.6,3.0,3.0
Decapterus punctatus,Decapterus,Carangidae,Perciformes,Acanthopterygii,Teleostei,Osteichthyes,6.016,3.0,2.0
Stenotomus chrysops,Stenotomus,Sparidae,Perciformes,Acanthopterygii,Teleostei,Osteichthyes,5.805,3.0,2.0
Cynoscion regalis,Cynoscion,Sciaenidae,Perciformes,Acanthopterygii,Teleostei,Osteichthyes,4.824,3.0,2.0
Leiostomus xanthurus,Leiostomus,Sciaenidae,Perciformes,Acanthopterygii,Teleostei,Osteichthyes,7.035,3.0,2.0
Tautogolabrus adspersus,Tautogolabrus,Labridae,Perciformes,Acanthopterygii,Teleostei,Osteichthyes,6.66,3.0,2.0
Lumpenus maculatus,Lumpenus,Stichaeidae,Perciformes,Acanthopterygii,Teleostei,Osteichthyes,5.858,3.0,3.0
Ammodytes americanus,Ammodytes,Ammodytidae,Perciformes,Acanthopterygii,Teleostei,Osteichthyes,6.726999999999999,3.0,3.0
Scomber japonicus,Scomber ,Scombridae,Perciformes,Acanthopterygii,Teleostei,Osteichthyes,6.264,3.0,3.0
Scomber scombrus,Scomber,Scombridae,Perciformes,Acanthopterygii,Teleostei,Osteichthyes,6.025,3.0,3.0
Thunnus albacares,Thunnus,Scombridae,Perciformes,Acanthopterygii,Teleostei,Osteichthyes,,3.0,3.0
Acanthocybium solandri,Acanthocybium,Scombridae,Perciformes,Acanthopterygii,Teleostei,Osteichthyes,,3.0,3.0
Xiphias gladius,Xiphias,Xiphiidae,Perciformes,Acanthopterygii,Teleostei,Osteichthyes,,3.0,3.0
Peprilus triacanthus,Peprilus,Stromateidae,Perciformes,Acanthopterygii,Teleostei,Osteichthyes,6.292,3.0,2.0
Peprilus alepidotus,Peprilus,Stromateidae,Perciformes,Acanthopterygii,Teleostei,Osteichthyes,6.183,3.0,2.0
Bittium varium,Bittium,Cerithiidae,Neotaenioglossa,Neotaenioglossa,Gastropoda,Mollusca,3.897963405,1.0,3.0
Mitrella lunata,Mitrella,Columbellidae,Neogastropoda,Prosobranchia,Gastropoda,Mollusca,2.4107111622,1.0,3.0
Nassarius obsoletus,Nassarius,Nassariidae,Neogastropoda,Prosobranchia,Gastropoda,Mollusca,1.6627507199999998,1.0,3.0
Nassarius vibex,Nassarius,Nassariidae,Neogastropoda,Prosobranchia,Gastropoda,Mollusca,4.081643055000001,1.0,3.0
Anachis avara,Anachis,Columbellidae,Neogastropoda,Prosobranchia,Gastropoda,Mollusca,1.177494215625,1.0,3.0
Crepidula convexa,Crepidula,Calyptraeidae,Neotaenioglossa,Neotaenioglossa,Gastropoda,Mollusca,1.07095824,1.0,1.0
Crepidula fornicata,Crepidula,Calyptraeidae,Neotaenioglossa,Neotaenioglossa,Gastropoda,Mollusca,1.25556172875,1.0,1.0
Pyramidella fusca,Pyramidella,Pyramidellidae,Heterostropha,Heterostropha,Gastropoda,Mollusca,1.23496002,1.0,2.0
Acteocina canaliculata,Acteocina,Cylichnidae,Cephalaspidea,Opisthobranchia,Gastropoda,Mollusca,1.3364823334004998,1.0,3.0
Urosalpinx cinerea,Urosalpinx,Muricidae,Neogastropoda,Prosobranchia,Gastropoda,Mollusca,0.8410761899999999,1.0,3.0
Pecten irradians,Pecten,Pectinidae,Ostreoida,Pteriomorphia,Bivalvia,Mollusca,1.5332165999999996,2.0,1.0
Mercenaria mercenaria,Mercenaria,Veneridae,Veneroida,Heterodonta,Bivalvia,Mollusca,0.71057847375,3.0,1.0
Chione cancellata,Chione,Veneridae,Veneroida,Heterodonta,Bivalvia,Mollusca,1.0352981339999998,3.0,1.0
Tagelus divisus,Tagelus,Solecurtidae,Veneroida,Heterodonta,Bivalvia,Mollusca,2.27212857,3.0,1.0
Modiolus demissus,Modiolus,Mytilidae,Mytiloida,Pteriomorphia,Bivalvia,Mollusca,2.5180308,0.0,1.0
Crassostrea virginica,Crassostrea,Ostreidae,Ostreoida,Pteriomorphia,Bivalvia,Mollusca,0.67578229125,3.0,1.0
Anomia simplex,Anomia,Anomiidae,Ostreoida,Pteriomorphia,Bivalvia,Mollusca,1.19471706,3.0,1.0
Teredo navalis,Teredo,Teredinidae,Myoida,Heterodonta,Bivalvia,Mollusca,4.77261061875,3.0,1.0
Macoma balthica,Macoma,Tellinidae,Veneroida,Heterodonta,Bivalvia,Mollusca,1.6833712612499998,1.0,2.0
Macoma tenta,Macoma,Tellinidae,Veneroida,Heterodonta,Bivalvia,Mollusca,1.6489862549999996,1.0,2.0
Pinna serrata,Pinna,Pinnidae,Pterioida,Pteriomorphia,Bivalvia,Mollusca,1.9103729849999995,0.0,1.0
Anadara transversa,Anadara,Arcidae,Arcoida,Pteriomorphia,Bivalvia,Mollusca,0.76500963,0.0,1.0
Lolliguncula brevis,Lolliguncula,Loliginidae,Teuthida,Decabrachia,Cephalopoda,Mollusca,4.398305265,3.0,3.0
Amphitrite ornata,Amphitrite,Terebellidae,Terebellida,Canalipalpata,Polychaeta,Annelida,3.09542688,0.0,1.0
Diopatra cuprea,Diopatra,Onuphidae,Eunicida,Aciculata,Polychaeta,Annelida,5.50203624,1.0,3.0
Nereis pelagica,Nereis,Nereididae,Phyllodocida,Aciculata,Polychaeta,Annelida,3.7182888,2.0,2.0
Balanus balanoides,Balanus,Balanidae,Balanomorpha,Thoracica,Cirripedia,Crustacea,2.04578703,0.0,1.0
Carinogammarus mucronatus,Carinogammarus,Gammaridae,Gammaridea,Amphipoda,Malacostraca,Crustacea,4.3511172975,2.0,2.0
Amphithoe longimana,Amphithoe,Paramphithoidae,Gammaridea,Amphipoda,Malacostraca,Crustacea,4.435336237499999,2.0,2.0
Palaemonetes pugio,Palaemonetes,Palaemonidae,Caridea,Decapoda,Malacostraca,Crustacea,6.21047304,1.0,3.0
Callinectes sapidus,Callinectes,Portunidae,Brachyura,Decapoda,Malacostraca,Crustacea,4.36852062,1.0,3.0
Callinectes sapidus,Callinectes,Portunidae,Brachyura,Decapoda,Malacostraca,Crustacea,3.3523524,1.0,3.0
Pinnotheres ostreum,Pinnotheres,Pinnotheridae,Brachyura,Decapoda,Malacostraca,Crustacea,4.67167365,1.0,3.0
Penaeus setiferus,Penaeus,Penaeidae,Penaeoidea,Decapoda,Malacostraca,Crustacea,4.617122175,1.0,3.0
Gilvossius setimanus,Gilvossius,Callianassidae,Anomura,Decapoda,Malacostraca,Crustacea,4.676683094999999,1.0,3.0
Upogebia affinis,Upogebia,Upogebiidae,Anomura,Decapoda,Malacostraca,Crustacea,5.136664815,1.0,3.0
Libinia dubia,Libinia,Majidae,Brachyura,Decapoda,Malacostraca,Crustacea,5.499663345,1.0,3.0
Arbacia punctulata,Arbacia,Arbaciidae,Arbacioida,Euechinoidea,Echinoidea,Echinodermata,0.2105473499999999,1.0,2.0
Ophioderma brevispina,Ophioderma,Ophiodermatidae,Ophiurida,Ophiuroidea,Ophiuroidea,Echinodermata,2.199322125,1.0,2.0
Molgula manhattensis,Molgula,Molgulidae,Stolidobranchia,Stolidobranchia,Ascidiacea,Tunicata,0.9171260099999996,0.0,1.0
Lagodon rhomboides,Lagodon,Sparidae,Perciformes,Acanthopterygii,Teleostei,Osteichthyes,4.85540352,3.0,2.0
Lagodon rhomboides,Lagodon,Sparidae,Perciformes,Acanthopterygii,Teleostei,Osteichthyes,2.81278872,3.0,2.0
Brevoortia tyrannus,Brevoortia,Clupeidae,Clupeiformes,Clupeomorpha,Teleostei,Osteichthyes,6.76080054,3.0,2.0
Brevoortia tyrannus,Brevoortia,Clupeidae,Clupeiformes,Clupeomorpha,Teleostei,Osteichthyes,3.9702258,3.0,2.0
Fundulus heteroclitus,Fundulus,Fundulidae,Cyprinodontiformes,Acanthopterygii,Teleostei,Osteichthyes,5.473415025,3.0,3.0
Fundulus majalis,Fundulus,Fundulidae,Cyprinodontiformes,Acanthopterygii,Teleostei,Osteichthyes,6.1676856,3.0,3.0
Paralichthys dentatus,Paralichthys,Paralichthyidae,Pleuronectiformes,Acanthopterygii,Teleostei,Osteichthyes,4.804342334999999,3.0,3.0
Paralichthys dentatus,Paralichthys,Paralichthyidae,Pleuronectiformes,Acanthopterygii,Teleostei,Osteichthyes,4.290759134999999,3.0,3.0
Leiostomus xanthurus,Leiostomus,Sciaenidae,Perciformes,Acanthopterygii,Teleostei,Osteichthyes,4.854620925,3.0,3.0
Micropogonias undulatus,Micropogonias,Sciaenidae,Perciformes,Acanthopterygii,Teleostei,Osteichthyes,4.60017711,3.0,3.0
Mugil cephalus,Mugil,Mugilidae,Mugiliformes,Acanthopterygii,Teleostei,Osteichthyes,5.314200885,3.0,2.0
Mugil cephalus,Mugil,Mugilidae,Mugiliformes,Acanthopterygii,Teleostei,Osteichthyes,5.336778959999999,3.0,2.0
Gobiosoma bosc,Gobiosoma,Gobiidae,Perciformes,Acanthopterygii,Teleostei,Osteichthyes,6.391825829999999,3.0,3.0
Symphurus plagiusa,Symphurus,Cynoglossidae,Pleuronectiformes,Acanthopterygii,Teleostei,Osteichthyes,4.24857852,2.0,3.0
Symphurus plagiusa,Symphurus,Cynoglossidae,Pleuronectiformes,Acanthopterygii,Teleostei,Osteichthyes,4.617729,2.0,3.0
Amphitrite groenlandica,Amphitrite,Terebellidae,Terebellida,Canalipalpata,Polychaeta,Annelida,,0.0,1.0
Branchiomma infarcta,Branchiomma,Sabellidae,Sabellida,Canalipalpata,Polychaeta,Annelida,,0.0,1.0
Polynoe gracilis,Polynoe,Polynoidae,Phyllodocida,Aciculata,Polychaeta,Annelida,,1.0,2.0
Harmothoe nodosa,Harmothoe,Polynoidae,Phyllodocida,Aciculata,Polychaeta,Annelida,,1.0,2.0
Harmothoe oerstedi,Harmothoe,Polynoidae,Phyllodocida,Aciculata,Polychaeta,Annelida,,1.0,2.0
Lumbrineris fragilis,Lumbrineris,Lumbrineridae,Eunicida,Aciculata,Polychaeta,Annelida,,1.0,2.0
Myriochele heeri,Myriochele,Oweniidae,Sabellida,Canalipalpata,Polychaeta,Annelida,,0.0,1.0
Nephtys ciliata,Nephtys,Nephtyidae,Phyllodocida,Aciculata,Polychaeta,Annelida,,1.0,3.0
Nephtys paradoxa,Nephtys,Nephtyidae,Phyllodocida,Aciculata,Polychaeta,Annelida,,1.0,3.0
Nicomache lumbricalis,Nicomache,Maldanidae,Scolecida,Scolecida,Polychaeta,Annelida,,0.0,2.0
Pherusa plumosa,Pherusa,Flabelligeridae,Terebellida,Canalipalpata,Polychaeta,Annelida,,0.0,2.0
Phyllodoce groenlandica,Phyllodoce,Phyllodocidae,Phyllodocida,Aciculata,Polychaeta,Annelida,,1.0,3.0
Pista flexiosa,Pista,Terebellidae,Terrebellida,Canalipalpata,Polychaeta,Annelida,,0.0,1.0
Pista maculata,Pista,Terebellidae,Terrebellida,Canalipalpata,Polychaeta,Annelida,,0.0,1.0
Praxillella praetermissa,Praxillella,Maldanidae,Scolecida,Scolecida,Polychaeta,Annelida,,0.0,2.0
Sabella crassicornis,Sabella,Sabellidae,Sabellida,Canalipalpata,Polychaeta,Annelida,,0.0,1.0
Scalibregma inflatum,Scalibregma,Scalibregmatidae,Scolecida,Scolecida,Polychaeta,Annelida,,1.0,2.0
Thelepus cincinnatus,Thelepus,Terebellidae,Terrebellida,Canalipalpata,Polychaeta,Annelida,,0.0,1.0
Anonyx nugax,Anonyx,Lysianassidae,Gammaridea,Amphipoda,Malacostraca,Crustacea,,2.0,3.0
Gammarus sp.,Gammarus,Gammaridae,Gammaridea,Amphipoda,Malacostraca,Crustacea,,2.0,2.0
Paramphithoe hystrix,Paramphithoe,Paramphithoidae,Gammaridea,Amphipoda,Malacostraca,Crustacea,,2.0,2.0
Stegocephalus inflatus,Stegocephalus,Stegocephalidae,Gammaridea,Amphipoda,Malacostraca,Crustacea,,2.0,3.0
Balanus balanoides,Balanus,Balanidae,Balanomorpha,Thoracica,Cirripedia,Crustacea,,0.0,1.0
Balanus balanus,Balanus,Balanidae,Balanomorpha,Thoracica,Cirripedia,Crustacea,,0.0,1.0
Balanus crenatus,Balanus,Balanidae,Balanomorpha,Thoracica,Cirripedia,Crustacea,,0.0,1.0
Diastylis goodsiri,Diastylis,Diastylidae,Cumacea,Cumacea,Malacostraca,Crustacea,,2.0,2.0
Argis dentata,Argis,Crangonidae,Caridea,Decapoda,Malacostraca,Crustacea,,2.0,3.0
Eualus gaimardii,Eualus,Hippolytidae,Caridea,Decapoda,Malacostraca,Crustacea,,2.0,3.0
Lebbeus groenlandicus,Lebbeus,Hippolytidae,Caridea,Decapoda,Malacostraca,Crustacea,,2.0,3.0
Pagurus pubescens,Pagurus,Paguridae,Anomura,Decapoda,Malacostraca,Crustacea,,1.0,3.0
Sabinea septemcarinata,Sabinea,Crangonidae,Caridea,Decapoda,Malacostraca,Crustacea,,2.0,3.0
Sclerocrangon boreas,Sclerocrangon,Crangonidae,Caridea,Decapoda,Malacostraca,Crustacea,,2.0,3.0
Spirontocaris spinus,Spirontocaris,Hippolytidae,Caridea,Decapoda,Malacostraca,Crustacea,,2.0,3.0
Arcturus baffini,Arcturus,Arcturidae,Valvifera,Isopoda,Malacostraca,Crustacea,,1.0,2.0
Saduria entomon,Saduria,Chaetiliidae,Valvifera,Isopoda,Malacostraca,Crustacea,,1.0,3.0
Saduria sabini,Saduria,Chaetiliidae,Valvifera,Isopoda,Malacostraca,Crustacea,,1.0,3.0
Nymphon hirtipes,Nymphon,Nymphonidae,Pantopoda,Pantopoda,Pycnogonida,Chelicerata,,1.0,3.0
Hemithyris psittacea,Hemithyris,Hemithyrididae,Rhynchonellida,Rhynchonellida,Articulata,Brachiopoda,,0.0,1.0
Ascidia callosa,Ascidia,Ascidiidae,Phelobobranchia,Phlebobranchia,Ascidiacea,Tunicata,,0.0,1.0
Boltenia echinata,Boltenia,Pyuridae,Stolidobranchia,Stolidobranchia,Ascidiacea,Tunicata,,0.0,1.0
Boltenia ovifera,Boltenia,Pyuridae,Stolidobranchia,Stolidobranchia,Ascidiacea,Tunicata,,0.0,1.0
Ciona intestinalis,Ciona,Cionidae,Phlebobranchia,Phlebobranchia,Ascidiacea,Tunicata,,0.0,1.0
Dendrodoa aggregata,Dendrodoa,Styelidae,Stolidobranchia,Stolidobranchia,Ascidiacea,Tunicata,,0.0,1.0
Kukenthalia borealis,Kukenthalia,Styelidae,Stolidobranchia,Stolidobranchia,Ascidiacea,Tunicata,,0.0,1.0
Pelonaia corrugata,Pelonaia,Styelidae,Stolidobranchia,Stolidobranchia,Ascidiacea,Tunicata,,0.0,1.0
Rhizomolgula globularis,Rhizomolgula,Molgulidae,Stolidobranchia,Stolidobranchia,Ascidiacea,Tunicata,,0.0,1.0
Styela rustica,Styela,Styelidae,Stolidobranchia,Stolidobranchia,Ascidiacea,Tunicata,,0.0,1.0
Halcampa arctica,Halcampa,Halcampidae,Actiniaria,Hexacorallia,Anthozoa,Cnidaria,,0.0,3.0
Tubularia regalis,Tubularia,Tubulariidae,Anthomedusae,Hydroida,Hydrozoa,Cnidaria,,3.0,3.0
Henricia eschrichti,Echinaster,Echinasteridae,Spinulosida,Asteroidea,Asteroidea,Echinodermata,,1.0,2.0
Henricia scabrior,Henricia,Echinasteridae,Spinulosida,Asteroidea,Asteroidea,Echinodermata,,1.0,2.0
Leptasterias polaris,Leptasterias,Asteriidae,Forcipulatida,Asteroidea,Asteroidea,Echinodermata,,1.0,3.0
Pteraster pulvillus,Pteraster,Pterasteridae,Spinulosida,Asteroidea,Asteroidea,Echinodermata,,1.0,3.0
Crossaster papposus,Crossaster,Solasteridae,Spinulosida,Asteroidea,Asteroidea,Echinodermata,,1.0,3.0
Solaster syrtensis,Solaster,Solasteridae,Spinulosida,Asteroidea,Asteroidea,Echinodermata,,1.0,3.0
Heliometra glacilis,Heliometra,Antedonidae,Comatulida,Crinoidea,Crinoidea,Echinodermata,,2.0,1.0
Strongylocentrotus droebachiensis,Strongylocentrotus,Strongylocentrotidae,Echinoida,Euechinoidea,Echinoidea,Echinodermata,,1.0,1.0
Cucumaria frondosa,Cucumaria,Cucumariidae,Dendrochirotida,Dendrochirotacea,Holothuroidea,Echinodermata,,1.0,2.0
Myriotrochus rinki,Myriotrochus,Myriotrochidae,Apodida,Apodacea,Holothuroidea,Echinodermata,,1.0,2.0
Psolus fabricii,Psolus,Psolidae,Dendrochirotida,Dendrochirotacea,Holothuroidea,Echinodermata,,1.0,2.0
Thyonidium pellucidum,Thyonidium,Cucumariidae,Dendrochirotida,Dendrochirotacea,Holothuroidea,Echinodermata,,1.0,2.0
Ophiacantha bidentata,Ophiacantha,Ophiacanthidae,Ophiorida,Ophiuroidea,Ophiuroidea,Echinodermata,,1.0,2.0
Ophiacantha sericeum,Ophiacantha,Ophiacanthidae,Ophiorida,Ophiuroidea,Ophiuroidea,Echinodermata,,1.0,2.0
Ophiacantha arcticus,Ophiacantha,Ophiacanthidae,Ophiorida,Ophiuroidea,Ophiuroidea,Echinodermata,,1.0,2.0
Ophiacantha sarsi,Ophiacantha,Ophiacanthidae,Ophiorida,Ophiuroidea,Ophiuroidea,Echinodermata,,1.0,2.0
Alcyonidium gelatinosum,Alcyonidium,Alcyoniidae,Alcyonacea,Alcyonaria,Anthozoa,Cnidaria,,0.0,3.0
Rossia sp.,Rossia,Rossinae,Sepiolida,Decabrachia,Cephalopoda,Mollusca,,3.0,3.0
Boreotrophon fabricii,Boreotrophon,Muricidae,Neogastropoda,Prosobranchia,Gastropoda,Mollusca,,1.0,3.0
Buccinum angulosum,Buccinum,Buccinidae,Neogastropoda,Prosobranchia,Gastropoda,Mollusca,,1.0,3.0
Buccinum hydrophanum,Buccinum,Buccinidae,Neogastropoda,Prosobranchia,Gastropoda,Mollusca,,1.0,3.0
Buccinum scalariforme,Buccinum,Buccinidae,Neogastropoda,Prosobranchia,Gastropoda,Mollusca,,1.0,3.0
Capulacmaea radiata,Capulacmaea,Velutinidae,Neotaenioglossa,Neotaenioglossa,Gastropoda,Mollusca,,1.0,3.0
Colus islandicus,Colus,Buccinidae,Neogastropoda,Prosobranchia,Gastropoda,Mollusca,,1.0,3.0
Colus pubescens,Colus,Buccinidae,Neogastropoda,Prosobranchia,Gastropoda,Mollusca,,1.0,3.0
Colus tortuosus,Colus,Buccinidae,Neogastropoda,Prosobranchia,Gastropoda,Mollusca,,1.0,3.0
Cylichna alba,Cylichna,Cylichnidae,Cephalaspidea,Opisthobranchia,Gastropoda,Mollusca,,1.0,3.0
Dendronotus robustus,Dendronotus,Dendronotidae,Nudibranchia,Opisthobranchia,Gastropoda,Mollusca,,1.0,3.0
Lepeta caeca,Lepeta,Lepetidae,Patellogastropoda,Patellogastropoda,Gastropoda,Mollusca,,1.0,1.0
Littorina saxatilis,Littorina,Littorinidae,Neotaenioglossa,Neotaenioglossa,Gastropoda,Mollusca,,1.0,1.0
Euspira pallida,Euspira,Naticidae,Neotaenioglossa,Neotaenioglossa,Gastropoda,Mollusca,,1.0,3.0
Margarites costalis,Margarites,Trochidae,Archaeogastropoda,Prosobranchia,Gastropoda,Mollusca,,1.0,1.0
Margarites groenlandicus,Margarites,Trochidae,Archaeogastropoda,Prosobranchia,Gastropoda,Mollusca,,1.0,1.0
Margarites helicinus,Margarites,Trochidae,Archaeogastropoda,Prosobranchia,Gastropoda,Mollusca,,1.0,1.0
Margarites olivaceus,Margarites,Trochidae,Archaeogastropoda,Prosobranchia,Gastropoda,Mollusca,,1.0,1.0
Margarites umbilicalis,Margarites,Trochidae,Archaeogastropoda,Prosobranchia,Gastropoda,Mollusca,,1.0,1.0
Marsenina glabra,Marsenina,Lamellariidae,Neotaenioglossa,Neotaenioglossa,Gastropoda,Mollusca,,1.0,3.0
Natica clausa,Natica,Naticidae,Neotaenioglossa,Neotaenioglossa,Gastropoda,Mollusca,,1.0,3.0
Neptunea despecta,Neptunea,Buccinidae,Neogastropoda,Prosobranchia,Gastropoda,Mollusca,,1.0,3.0
Onchidiopsis glacialis,Onchidiopsis,Lamellariidae,Neotaenioglossa,Neotaenioglossa,Gastropoda,Mollusca,,1.0,3.0
Tachyrhynchus reticulatus,Tachyrhynchus,Turritellidae,Neotaenioglossa,Neotaenioglossa,Gastropoda,Mollusca,,1.0,2.0
Velutina plicatilis,Tachyrhynchus,Velutinidae,Neotaenioglossa,Neotaenioglossa,Gastropoda,Mollusca,,1.0,3.0
Velutina undata,Velutina,Velutinidae,Neotaenioglossa,Neotaenioglossa,Gastropoda,Mollusca,,1.0,3.0
Velutina velutina,Velutina,Velutinidae,Neotaenioglossa,Neotaenioglossa,Gastropoda,Mollusca,,1.0,3.0
Astarte borealis,Astarte,Astartidae,Veneroida,Heterodonta,Bivalvia,Mollusca,,0.0,1.0
Astarte montagui,Astarte,Astartidae,Veneroida,Heterodonta,Bivalvia,Mollusca,,0.0,1.0
Chlamys islandica,Chlamys,Pectinidae,Ostreoida,Pteriomorphia,Bivalvia,Mollusca,,2.0,1.0
Clinocardium ciliatum,Clinocardium,Cardiidae,Vereroida,Heterodonta,Bivalvia,Mollusca,,0.0,1.0
Hiatella arctica,Hiatella,Hiatellidae,Myoida,Heterodonta,Bivalvia,Mollusca,,0.0,1.0
Macoma calcarea,Macoma,Tellinidae,Veneroida,Heterodonta,Bivalvia,Mollusca,,0.0,1.0
Macoma moesta,Macoma,Tellinidae,Veneroida,Heterodonta,Bivalvia,Mollusca,,0.0,1.0
Musculus discors,Musculus,Mytilidae,Mytiloida,Pteriomorphia,Bivalvia,Mollusca,,0.0,1.0
Musculus niger,Musculus,Mytilidae,Mytiloida,Pteriomorphia,Bivalvia,Mollusca,,0.0,1.0
Mya truncata,Mya,Myidae,Myoida,Heterodonta,Bivalvia,Mollusca,,0.0,1.0
Mytilus edulis,Mytilus,Mytilidae,Mytiloida,Pteriomorphia,Bivalvia,Mollusca,,0.0,1.0
Ennucula tenuis,Ennucula,Nuculidae,Nuculoida,Protobranchia,Bivalvia,Mollusca,,0.0,2.0
Nuculana minuta,Nuculana,Nuculanidae,Nuculoida,Protobranchia,Bivalvia,Mollusca,,0.0,2.0
Nuculana pernula,Nuculana,Nuculanidae,Nuculoida,Protobranchia,Bivalvia,Mollusca,,0.0,2.0
Pandora glacialis,Pandora,Pandoridae,Pholadomyoida,Pholadomyoida,Bivalvia,Mollusca,,0.0,1.0
Pecten groenlandicus,Pecten,Pectinidae,Ostreoida,Pteriomorphia,Bivalvia,Mollusca,,0.0,1.0
Periploma abyssorum,Periploma,Periplomatidae,Pholadomyoida,Pholadomyoida,Bivalvia,Mollusca,,0.0,1.0
Portlandia intermedia,Portlandia,Yoldiidae,Nuculoida,Protobranchia,Bivalvia,Mollusca,,0.0,2.0
Serripes groenlandicus,Serripes,Cardiidae,Veneroida,Heterodonta,Bivalvia,Mollusca,,0.0,1.0
Thyasira gouldii,Thyasira,Thyasiridae,Veneroida,Heterodonta,Bivalvia,Mollusca,,0.0,1.0
Yoldia hyperborea,Yoldia,Yoldiidae,Nuculoida,Protobranchia,Bivalvia,Mollusca,,0.0,2.0
Haliclona gracilis,Haliclona,Haliclonidae,Haplosclerida,Demospongiae,Demospongiae,Porifera,,0.0,1.0
Lissodendoryx indistincta,Lissodendoryx,Myxillidae,Poecilosclerida,Demospongiae,Demospongiae,Porifera,,0.0,1.0
Mycale lingua,Mycale,Mycalidae,Poecilosclerida,Demospongiae,Demospongiae,Porifera,,0.0,1.0
Polymastia mamillaris,Polymastia,Polymastiidae,Hadromerida,Demospongiae,Demospongiae,Porifera,,0.0,1.0
Tetilla sibirica,Tetilla,Tetillidae,Choristida,Demospongiae,Demospongiae,Porifera,,0.0,1.0
Golfingia magaritacea,Golfingia,Golfingiidae,Sipuncula,Sipuncula,Sipuncula,Sipuncula,,1.0,2.0
Benthogone rosea,Benthogone,Laetmogonidae,Elasipodida,Aspidochirotacea,Holothuroidea,Echinodermata,,1.0,2.0
Laetmogone violacea,Laetmogone,Laetmogonidae,Elasipodida,Aspidochirotacea,Holothuroidea,Echinodermata,,1.0,2.0
Oneirophanta mutabilis,Oneirophanta,Deimatidae,Elasipodida,Aspidochirotacea,Holothuroidea,Echinodermata,,1.0,2.0
Benthodytes sordida,Benthodytes,Psychropotidae,Elasipodida,Aspidochirotacea,Holothuroidea,Echinodermata,,1.0,2.0
Psychropotes longicaudata,Psychropotes,Pychropotidae,Elasipodida,Aspidochirotacea,Holothuroidea,Echinodermata,,1.0,2.0
Tetrahymena pyriformis,Tetrahymena,Tetrahymenidae,Rhabdophorina,Rhabdophorina,Ciliatea,Ciliophora,,3.0,2.0
Hydra littoralis,Hydra,Hydridae,Hydrida,Hydroida,Hydrozoa,Cnidaria,,3.0,3.0
Chlorohydra viridissima,Chlorohydra,Hydridae,Hydrida,Hydroida,Hydrozoa,Cnidaria,,3.0,3.0
Dugesia tigrina,Dugesia,Planariidae,Tricladida,Archoophora,Turbellaria,Plathelminthes,,2.0,2.0
Bipalium kewense,Bipalium,Bipaliidae,Tricladida,Archoophora,Turbellaria,Plathelminthes,,2.0,2.0
Succinea ovalis,Succinea,Succineidae,Stylommatophora,Stylommatophora,Gastropoda,Mollusca,,1.0,1.0
Glottidia pyramidata,Glottidia,Lingulidae,Lingulida,Lingulida,Inarticulata,Brachiopoda,,0.0,1.0
Artemia sp.,Artemia,Artemiidae,Anostraca,Sarsostraca,Branchiopoda,Crustacea,,3.0,1.0
Leptodora kindtii,Leptodora,Leptodoridae,Cladocera,Phyllopoda,Branchiopoda,Crustacea,,3.0,1.0
Tigriopus californicus,Tigriopus,Harpacticidae,Harpacticoida,Podoplea,Copepoda,Crustacea,,1.0,2.0
Calanus helgolandicus,Calanus,Calanidae,Calanoida,Gymnoplea,Copepoda,Crustacea,,3.0,1.0
Pycnopsyche lepida,Pycnopsyche,Limnephilidae,Limnephiloidea,Trichoptera,Pterygota,Insecta,,1.0,1.0
Pycnopsyche guttifer,Pycnopsyche,Limnephilidae,Limnephiloidea,Trichoptera,Pterygota,Insecta,,1.0,1.0
Triglyphus lintneri,Triglyphus,Syrphidae,Brachycera,Diptera,Pterygota,Insecta,,1.0,2.0
Tenebrio molitor,Tenebrio,Tenebrionidae,Coleoptera,Coleoptera,Pterygota,Insecta,,2.0,3.0
Lebistes reticulatus,Lebistes,Poeciliidae,Cyprinodontiformes,Acanthopterygii,Teleostei,Osteichthyes,,3.0,3.0
Bathyplotes natans,Bathyplotes,Synallactidae,Aspidochirotida,Aspidochirotacea,Holothuroidea,Echinodermata,,1.0,2.0
Pseudostichopus villosus,Pseudostichopus,Synallactidae,Aspidochirotida,Aspidochirotacea,Holothuroidea,Echinodermata,,1.0,2.0
Laetmogone violacea,Laetmogone,Laetmogonidae,Elasipodida,Aspidochirotacea,Holothuroidea,Echinodermata,,1.0,2.0
Benthogone rosea,Benthogone,Laetmogonidae,Elasipodida,Aspidochirotacea,Holothuroidea,Echinodermata,,1.0,2.0
Benthodytes sordida,Benthodytes,Pychropotidae,Elasipodida,Aspidochirotacea,Holothuroidea,Echinodermata,,1.0,2.0
Peniagone diaphana,Peniagone,Elpidiidae,Elasipodida,Aspidochirotacea,Holothuroidea,Echinodermata,,1.0,2.0
Peniagone azorica,Peniagone,Elpidiidae,Elasipodida,Aspidochirotacea,Holothuroidea,Echinodermata,,1.0,2.0
Molpadia blakei,Molpadia,Molpadiidae,Molpadiida,Apodacea,Holothuroidea,Echinodermata,,1.0,2.0
Duva multiflora,Duva,Nephteidae,Alcyonacea,Alcyonaria,Anthozoa,Cnidaria,2.0823982758620687,0.0,3.0
Lumbrineris fragilis,Lumbrineris,Lumbrineridae,Eunicida,Aciculata,Polychaeta,Annelida,4.418814130434783,1.0,2.0
Nephtys ciliata,Nephtys,Nephtyidae,Phyllodocida,Aciculata,Polychaeta,Annelida,3.147275,1.0,3.0
Aphrodita hastata,Aphrodita,Aphroditidae,Phyllodocida,Aciculata,Polychaeta,Annelida,2.0264830985915494,1.0,2.0
Phascolion strombi,Phascolion,Golfingiidae,Sipuncula,Sipuncula,Sipuncula,Sipuncula,2.48823947368421,1.0,2.0
Cistenides hyperborea,Cistenides,Pectinariidae,Terebellida,Canalipalpata,Polychaeta,Annelida,2.6091865384615383,0.0,2.0
Pherusa plumosa,Pherusa,Flabelligeridae,Terebellida,Canalipalpata,Polychaeta,Annelida,1.9529999999999996,0.0,2.0
Sternapsis fossor,Sternapsis,Sternaspidae,Terebellida,Canalipalpata,Polychaeta,Annelida,2.22537375,0.0,2.0
Argis dentata,Argis,Crangonidae,Caridea,Decapoda,Malacostraca,Crustacea,4.8605785714285705,2.0,3.0
Argis dentata,Argis,Crangonidae,Caridea,Decapoda,Malacostraca,Crustacea,4.532753571428571,2.0,3.0
Pandalus montagui,Pandalus,Pandalidae,Caridea,Decapoda,Malacostraca,Crustacea,5.510249999999999,2.0,3.0
Yoldia thraciaeformis,Yoldia,Yoldiidae,Nuculoida,Protobranchia,Bivalvia,Mollusca,,0.0,2.0
Yoldia sapotilla,Yoldia,Yoldiidae,Nuculoida,Protobranchia,Bivalvia,Mollusca,,0.0,2.0
Nucella lapillus,Nucella,Muricidae,Neograstropoda,Prosobranchia,Gastropoda,Mollusca,,1.0,3.0
Clinocardium ciliatum,Clinocardium,Cardiidae,Vereroida,Heterodonta,Bivalvia,Mollusca,,0.0,1.0
Cryptonatica affinis,Cryptonatica,Naticidae,Neotaenioglossa,Neotaenioglossa,Gastropoda,Mollusca,,1.0,3.0
Scaphander punctostriatus,Scaphander,Cylichnidae,Cephalaspidea,Opisthobranchia,Gastropoda,Mollusca,,1.0,3.0
Cucumaria frondosa,Cucumaria,Cucumariidae,Dendrochirotida,Dendrochirotacea,Holothuroidea,Echinodermata,0.93744,1.0,2.0
Chirodota laevis,Chirodota,Chiridotidae,Apodida,Apodacea,Holothuroidea,Echinodermata,1.1083778350515463,1.0,2.0
Asterias vulgaris,Asterias,Asteriidae,Forcipulatida,Asteroidea,Asteroidea,Echinodermata,2.66898375,1.0,3.0
Ctenodiscus crispatus,Ctenodiscus,Porcellanasteridae,Paxillosida,Asteroidea,Asteroidea,Echinodermata,2.55006,1.0,3.0
Molpadia oolitica,Molpadia,Molpadiidae,Molpadiida,Apodacea,Holothuroidea,Echinodermata,0.478197794117647,1.0,2.0
Asterias vulgaris,Asterias,Asteriidae,Forcipulatida,Asteroidea,Asteroidea,Echinodermata,2.0565759599999995,1.0,3.0
Molpadia oolitica,Molpadia,Molpadiidae,Molpadiida,Apodacea,Holothuroidea,Echinodermata,0.7329441599999998,1.0,2.0
Strongylocentrotus droebachiensis,Strongylocentrotus,Strongylocentrotidae,Echinoida,Euechinoidea,Echinoidea,Echinodermata,1.193599665,1.0,1.0
Clupea harengus,Clupea,Clupeidae,Clupeiformes,Clupeomorpha,Teleostei,Osteichthyes,8.064,3.0,2.0
Crenobia alpina,Crenobia,Planariidae,Tricladida,Archoophora,Turbellaria,Plathelminthes,,2.0,3.0
Dugesia gonocephala,Dugesia,Planariidae,Tricladida,Archoophora,Turbellaria,Plathelminthes,,2.0,3.0
Radix peregra ovata,Radix,Lymnaeidae,Basommatophora,Basommatophora,Gastropoda,Mollusca,,1.0,1.0
Glossiphonia complanata,Glossiphonia,Glossiphoniidae,Rhynchobdellida,Hirudinea,Clitellata,Annelida,,2.0,3.0
Erpobdella octoculata,Erpobdella,Erpobdellidae,Arhynchobdellida,Hirudinea,Clitellata,Annelida,,2.0,3.0
Asellus aquaticus,Asellus,Asellidae,Asellota,Isopoda,Malacostraca,Crustacea,,1.0,2.0
Gammarus fossarum,Gammarus,Gammaridae,Gammaridea,Amphipoda,Malacostraca,Crustacea,,2.0,1.0
Baetis rhodani,Baetis,Baetidae,Pisciforma,Ephemeroptera,Pterygota,Insecta,,1.0,1.0
Rhithrogena semicolorata,Rhithrogena,Heptageniidae,Setisura,Ephemeroptera,Pterygota,Insecta,,1.0,1.0
Leptophlebia marginata,Leptophlebia,Leptophlebiidae,Furcatergalia,Ephemeroptera,Pterygota,Insecta,,1.0,1.0
Nemoura sp.,Nemoura,Nemouridae,Euholognatha,Plecoptera,Pterygota,Insecta,,1.0,2.0
Isoperla görtzi,Isoperla,Perlodidae,Systellognatha,Plecoptera,Pterygota,Insecta,,1.0,2.0
Aeshna cyanea,Aeshna,Aeshnidae,Anisoptera,Odonata,Pterygota,Insecta,,1.0,3.0
Rhyacophila fasciata,Rhyacophila,Rhyacophilidae,Rhyacophiloidea,Trichoptera,Pterygota,Insecta,,1.0,2.0
Hydropsyche sp.,Hydropsyche,Hydropsychidae,Hydropsychoidea,Trichoptera,Pterygota,Insecta,,1.0,2.0
Plectrocnemia conspersa,Plectrocnemia,Polycentropodidae,Hydropsychoidea,Trichoptera,Pterygota,Insecta,,1.0,2.0
Simulium sp.,Simulium,Simuliidae,Nematocera,Diptera,Pterygota,Insecta,,1.0,1.0
Chironomus anthracinus,Chironomus,Chironomidae,Nematocera,Diptera,Pterygota,Insecta,,1.0,2.0
Polypedilum nubeculosus,Polypedilum,Chironomidae,Nematocera,Diptera,Pterygota,Insecta,,1.0,2.0
Chironomus pulsus,Chironomus,Chironomidae,Nematocera,Diptera,Pterygota,Insecta,,1.0,2.0
Glyptotendipes paripes,Glyptotendipes,Chironomidae,Nematocera,Diptera,Pterygota,Insecta,,1.0,2.0
Pomacea canaliculata,Pomacea,Ampullariidae,Architaeniglossa,Prosobranchia,Gastropoda,Mollusca,,1.0,2.0
Tisbe holothuriae,Tisbe,Tisbidae,Harpacticoida,Podoplea,Copepoda,Crustacea,,1.0,1.0
Artemia salina,Artemia,Artemiidae,Anostraca,Sarsostraca,Branchiopoda,Crustacea,,3.0,1.0
Artemia salina,Artemia,Artemiidae,Anostraca,Sarsostraca,Branchiopoda,Crustacea,,3.0,1.0
Calanus pacificus,Calanus,Calanidae,Calanoida,Gymnoplea,Copepoda,Crustacea,,3.0,1.0
Portunus trituberculatus,Portunus,Portunidae,Brachyura,Decapoda,Malacostraca,Crustacea,2.385267,2.0,3.0
Oikopleura vanhoeffeni,Oikopleura,Oikopleuridae,Copelata,Copelata,Appendicularia,Tunicata,,3.0,1.0
Tomopteris septentrionalis,Tomopteris,Tomopteridae,Phyllodocida,Aciculata,Polychaeta,Annelida,,3.0,3.0
Euprimno abyssalis,Euprimno,Phrosinidae,Hyperiidea,Amphipoda,Malacostraca,Crustacea,,3.0,3.0
Hyperia galba,Hyperia,Hyperiidae,Hyperiidea,Amphipoda,Malacostraca,Crustacea,,2.0,3.0
Calanus plumchrus,Calanus,Calanidae,Calanoida,Gymnoplea,Copepoda,Crustacea,,3.0,3.0
Eucalanus bungii,Eucalanus,Eucalanidae,Calanoida,Gymnoplea,Copepoda,Crustacea,,3.0,1.0
Gaetanus columbiae,Gaetanus,Fosshageniidae,Calanoida,Gymnoplea,Copepoda,Crustacea,,3.0,1.0
Heterorhabdus tanneri,Heterorhabdus,Heterorhabdidae,Calanoida,Gymnoplea,Copepoda,Crustacea,,3.0,1.0
Pasiphaea pacifica,Pasiphaea,Pasiphaeidae,Caridea,Decapoda,Malacostraca,Crustacea,,3.0,3.0
Conchoecia elegans,Conchoecia,Conchoecinae,Myodocopa,Ostracoda,Ostracoda,Crustacea,,3.0,3.0
Euphausia pacifica,Euphausia,Euphausiidae,Euphausiacea,Euphausiacea,Malacostraca,Crustacea,,3.0,2.0
Euphausia pacifica,Euphausia,Euphausiidae,Euphausiacea,Euphausiacea,Malacostraca,Crustacea,,3.0,2.0
Sagitta elegans,Sagitta,Sagittidae,Aphragmophora,Sagittoidea,Chaetognatha,Chaetognatha,,3.0,3.0
Beroe cucumis,Beroe,Beroidae,Beroida,Nuda,Ctenophora,Ctenophora,,3.0,2.0
Pleurobrachia pileus,Pleurobrachia,Pleurobrachiidae,Cydippida,Tentaculata,Ctenophora,Ctenophora,,3.0,2.0
Clione limacina,Clione,Clionidae,Gymnosomata,Opisthobranchia,Gastropoda,Mollusca,,3.0,3.0
Calanus glacialis,Calanus,Calanidae,Calanoida,Gymnoplea,Copepoda,Crustacea,,3.0,1.0
Calanus glacialis,Calanus,Calanidae,Calanoida,Gymnoplea,Copepoda,Crustacea,,3.0,1.0
Patella vulgata,Patella,Patellidae,Archaeogastropoda,Prosobranchia,Gastropoda,Mollusca,,1.0,1.0
Patella vulgata,Patella,Patellidae,Archaeogastropoda,Prosobranchia,Gastropoda,Mollusca,,1.0,1.0
Hymeniacidon perleve,Hymeniacidon,Hymeniacidonidae,Halichondrida,Demospongiae,Demospongiae,Porifera,,0.0,1.0
Chthamalus stellatus,Chthamalus,Chthamalidae,Balanomorpha,Thoracica,Cirripedia,Crustacea,,0.0,1.0
Euphausia superba,Euphausia,Euphausiidae,Euphausiacea,Euphausiacea,Malacostraca,Crustacea,,3.0,2.0
Euphausia superba,Euphausia,Euphausiidae,Euphausiacea,Euphausiacea,Malacostraca,Crustacea,2.959634,3.0,2.0
Euphausia superba,Euphausia,Euphausiidae,Euphausiacea,Euphausiacea,Malacostraca,Crustacea,4.526018666666667,3.0,2.0
Bolinopsis infundibulum,Bolinopsis,Bolinopsidae,Lobata,Tentaculata,Ctenophora,Ctenophora,,3.0,2.0
Parthenope validus,Parthenope,Parthenopidae,Brachyura,Decapoda,Malacostraca,Crustacea,,3.0,3.0
Philyra pisum,Philyra,Leucosidae,Brachyura,Decapoda,Malacostraca,Crustacea,,3.0,3.0
Pinnotheres sinensis,Pinnotheres,Pinnotheridae,Brachyura,Decapoda,Malacostraca,Crustacea,,3.0,3.0
Scopimera globosa,Scopimera,Portunidae,Brachyura,Decapoda,Malacostraca,Crustacea,,2.0,3.0
Macropthalmus dilatatus,Macropthalmus,Ocypodidae,Brachyura,Decapoda,Malacostraca,Crustacea,,3.0,3.0
Sesarma haematocheir,Sesarma,Grapsidae,Brachyura,Decapoda,Malacostraca,Crustacea,,3.0,3.0
Sesarmops intermedium,Sesarmops,Grapsidae,Brachyura,Decapoda,Malacostraca,Crustacea,,3.0,3.0
Helice tridens,Helice,Grapsidae,Brachyura,Decapoda,Malacostraca,Crustacea,,3.0,3.0
Pandalus montagui,Pandalus,Pandalidae,Caridea,Decapoda,Malacostraca,Crustacea,,2.0,3.0
Pandalus montagui,Pandalus,Pandalidae,Caridea,Decapoda,Malacostraca,Crustacea,,2.0,3.0
Pandalus montagui,Pandalus,Pandalidae,Caridea,Decapoda,Malacostraca,Crustacea,,2.0,3.0
Euphausia superba,Euphausia,Euphausiidae,Euphausiacea,Euphausiacea,Malacostraca,Crustacea,3.3322675000000004,3.0,2.0
Euphausia superba,Euphausia,Euphausiidae,Euphausiacea,Euphausiacea,Malacostraca,Crustacea,,3.0,2.0
Scapholebris mucronata,Scapholebris,Daphniidae,Cladocera,Phyllopoda,Branchiopoda,Crustacea,,3.0,1.0
Ceriodaphnia quadrangula,Ceriodaphnia,Daphniidae,Cladocera,Phyllopoda,Branchiopoda,Crustacea,,3.0,1.0
Daphnia longispina,Daphnia,Daphniidae,Cladocera,Phyllopoda,Branchiopoda,Crustacea,,3.0,1.0
Daphnia cucullata,Daphnia,Daphniidae,Cladocera,Phyllopoda,Branchiopoda,Crustacea,,3.0,1.0
Diaphanosoma brachyurum,Diaphanosoma,Sididae,Cladocera,Phyllopoda,Branchiopoda,Crustacea,,3.0,1.0
Sida crystallina,Sida,Sididae,Cladocera,Phyllopoda,Branchiopoda,Crustacea,,3.0,1.0
Bosmina longispina,Bosmina,Bosminidae,Cladocera,Phyllopoda,Branchiopoda,Crustacea,,3.0,1.0
Leptodora kindtii,Leptodora,Leptodoridae,Cladocera,Phyllopoda,Branchiopoda,Crustacea,,3.0,1.0
Polyphemus pediculus,Polyphemus,Polyphemidae,Cladocera,Phyllopoda,Branchiopoda,Crustacea,,3.0,1.0
Mesocyclops leuckartii,Mesocyclops,Cyclopidae,Cyclopoida,Podoplea,Copepoda,Crustacea,,3.0,1.0
Eudiaptomus gracilis,Eudiaptomus,Diaptomidae,Calanoida,Gymnoplea,Copepoda,Crustacea,,3.0,1.0
Diatoms sp.,Diatoms,Bacillariaceae,Bacillariales,Bacillariales,Bacillariophyceae,Bacillariophyta,,3.0,0.0
Cyanophyceae,Taxon > Genus,Cyanophyceae,Cyanophyceae,Cyanophyceae,Cyanophyceae,Cyanophycota,,3.0,0.0
Ctenophora sp.,Ctenophora,Ctenophora,Ctenophora,Ctenophora,Ctenophora,Ctenophora,,3.0,3.0
Brachionus rubens,Brachionus,Brachionidae,Monogononta,Monogononta,Rotifera,Rotifera,,3.0,1.0
Scenedesmus acutus,Scenedesmus,Scenedesmaceae,Chlorococcales,Chlorococcales,Chlorophyceae,Chlorophyta,,3.0,0.0
Cyclotella menenghiniana,Cyclotella,Stephanodiscaceae,Thalassiosirales,Thalassiosirales,Coscinodiscophyceae,Bacillariophyta,,3.0,0.0
Sagitta hispida,Sagitta,Sagittidae,Aphragmophora,Sagittoidea,Chaetognatha,Chaetognatha,,3.0,3.0
Mnemiopsis mccradyi,Mnemiopsis,Mnemiidae,Lobata,Tentaculata,Ctenophora,Ctenophora,,3.0,3.0
Calanus finmarchicus,Calanus,Calanidae,Calanoida,Gymnoplea,Copepoda,Crustacea,,3.0,1.0
Tortanus discaudatus,Tortanus,Tortanidae,Calanoida,Gymnoplea,Copepoda,Crustacea,,3.0,1.0
Centropages typicus,Centropages,Centropagidae,Calanoida,Gymnoplea,Copepoda,Crustacea,,3.0,2.0
Acartia tonsa,Acartia,Acartiidae,Calanoida,Gymnoplea,Copepoda,Crustacea,,3.0,1.0
Pseudocalanus minutus,Pseudocalanus,Pseudocalanidae,Calanoida,Gymnoplea,Copepoda,Crustacea,,3.0,1.0
Centropages hamatus,Centropages,Centropagidae,Calanoida,Gymnoplea,Copepoda,Crustacea,,3.0,2.0
Temora longicornis,Temora,Sulcanidae,Calanoida,Gymnoplea,Copepoda,Crustacea,,3.0,2.0
Sander vitreum,Sander,Percidae,Perciformes,Acanthopterygii,Teleostei,Osteichthyes,,3.0,3.0
Perca flavescens,Perca,Percidae,Perciformes,Acanthopterygii,Teleostei,Osteichthyes,5.137984136249999,3.0,3.0
Perca flavescens,Perca,Percidae,Perciformes,Acanthopterygii,Teleostei,Osteichthyes,4.889552596875001,3.0,3.0
Gammarus lacustris,Gammarus,Gammaridae,Gammaridea,Amphipoda,Malacostraca,Crustacea,3.61872765,2.0,1.0
Culaea inconstans,Culaea,Gasterosteidae,Gasterosteiformes,Acanthopterygii,Teleostei,Osteichthyes,5.015487093750001,2.0,2.0
Orconectes virilis,Orconectes,Cambaridae,Stenopodidea,Decapoda,Malacostraca,Crustacea,3.11549814,3.0,3.0
Haemopis sp.,Haemopis,Haemopidae,Arhynchobdellida,Hirudinea,Clitellata,Annelida,4.468161284999998,3.0,3.0
Epitheca sp.,Epitheca,Cordulegastridae,Anisoptera,Odonata,Pterygota,Insecta,5.409635624999999,1.0,3.0
Leptophlebia sp.,Leptophlebia,Leptophlebiidae,Furcatergalia,Ephemeroptera,Pterygota,Insecta,6.869062305000001,1.0,1.0
Phryganea sp.,Phryganea,Phryganeidae,Phryganeoidea,Trichoptera,Pterygota,Insecta,5.563308824999999,1.0,1.0
Mysis stenolepis,Mysis,Mysidae,Mysida,Mysida,Malacostraca,Crustacea,4.1428989,2.0,2.0
Unicola leucopis,Unicola,Bomolochidae,Poecilostomatoida,Podoplea,Copepoda,Crustacea,1.7970389999999998,1.0,2.0
Leptocheirus pinguis,Leptocheirus,Aoridae,Gammaridea,Amphipoda,Malacostraca,Crustacea,1.949373,2.0,2.0
Meganyctiphanes norvegica,Meganyctiphanes,Euphausiidae,Euphausiacea,Euphausiacea,Malacostraca,Crustacea,3.97813545,3.0,2.0
Spirontocaris sp.,Spirontocaris,Hippolytidae,Caridea,Decapoda,Malacostraca,Crustacea,4.351479299999999,2.0,3.0
Crangon septemspinosa,Crangon,Crangonidae,Caridea,Decapoda,Malacostraca,Crustacea,4.373325,2.0,3.0
Pandalus montagui,Pandalus,Pandalidae,Caridea,Decapoda,Malacostraca,Crustacea,5.401998,2.0,3.0
Hyas araneus,Hyas,Majidae,Brachyura,Decapoda,Malacostraca,Crustacea,3.9423537,1.0,3.0
Nuculana sp.,Nuculana,Nuculanidae,Nuculoida,Protobranchia,Bivalvia,Mollusca,5.6032128000000005,1.0,3.0
Yoldia sapotilla,Yoldia,Yoldiidae,Nuculoida,Protobranchia,Bivalvia,Mollusca,3.8816712,0.0,1.0
Venericardia borealis,Venericardia,Carditidae,Veneroida,Heterodonta,Bivalvia,Mollusca,2.7706374,0.0,1.0
Arctica islandica,Arctica,Arcticidae,Veneroida,Heterodonta,Bivalvia,Mollusca,2.3617629,0.0,1.0
Astarte undulata,Astarte,Astartidae,Veneroida,Heterodonta,Bivalvia,Mollusca,2.3035077,0.0,1.0
Colus stimpsoni,Colus,Buccinidae,Neogastropoda,Prosobranchia,Gastropoda,Mollusca,6.1429104,1.0,3.0
Dentalium dentale,Dentalium,Dentaliidae,Dentaliida,Dentaliida,Scaphopoda,Mollusca,0.9274629599999998,0.0,2.0
Aphrodita hastata,Aphrodita,Aphroditidae,Phyllodocida,Aciculata,Polychaeta,Annelida,2.208006,1.0,2.0
Praxillella praetermissa,Praxillella,Maldanidae,Scolecida,Scolecida,Polychaeta,Annelida,2.07848025,0.0,2.0
Nephtys incisa,Nephtys,Nephtyidae,Phyllodocida,Aciculata,Polychaeta,Annelida,3.1678775999999997,1.0,2.0
Lumbrinereis fragilis,Lumbrinereis,Lumbrineridae,Eunicida,Aciculata,Polychaeta,Annelida,3.820905,1.0,3.0
Physalia sp.,Physalia,Physaliidae,Rhizophysaliae,Siphonophorae,Hydrozoa,Cnidaria,,3.0,3.0
Beroe sp.,Beroe,Beroidae,Beroida,Nuda,Ctenophora,Ctenophora,,3.0,3.0
Janthina sp.,Janthina,Janthinidae,Neotaenioglossa,Neotaenioglossa,Gastropoda,Mollusca,,3.0,3.0
Lucifer faxoni,Lucifer,Luciferidae,Sergestoidea,Decapoda,Malacostraca,Crustacea,,3.0,3.0
Sergestes sp.,Sergestes,Sergestidae,Sergestoidea,Decapoda,Malacostraca,Crustacea,,3.0,3.0
Loligo pealii,Loligo,Loliginidae,Teuthida,Decabrachia,Cephalopoda,Mollusca,,3.0,3.0
Octopus vulgaris,Octopus,Octopodidae,Octopoda,Octobrachia,Cephalopoda,Mollusca,,2.0,3.0
Squilla mantis,Squilla,Squillidae,Stomatopoda,Stomatopoda,Malacostraca,Crustacea,,2.0,3.0
Squilla mantis,Squilla,Squillidae,Stomatopoda,Stomatopoda,Malacostraca,Crustacea,,2.0,3.0
Sicyonia brevirostris,Sicyonia,Penaeidae,Penaeoidea,Decapoda,Malacostraca,Crustacea,,2.0,3.0
Sicyonia dorsalis,Sicyonia,Penaeidae,Penaeoidea,Decapoda,Malacostraca,Crustacea,,2.0,3.0
Crangon sp.,Crangon,Crangonidae,Caridea,Decapoda,Malacostraca,Crustacea,,2.0,3.0
Anchoa sp.,Anchoa,Engraulidae,Clupeiformes,Clupeomorpha,Teleostei,Osteichthyes,,3.0,3.0
Synodus foetens,Synodus,Synodontidae,Aulopiformes,Cyclosquamata,Teleostei,Osteichthyes,,3.0,3.0
Strongylura sp.,Strongylura,Belonidae,Beloniformes,Acanthopterygii,Teleostei,Osteichthyes,,3.0,3.0
Cynoscion sp.,Cynoscion,Sciaenidae,Perciformes,Acanthopterygii,Teleostei,Osteichthyes,,3.0,2.0
Prionotus sp.,Prionotus,Triglidae,Scorpaeniformes,Acanthopterygii,Teleostei,Osteichthyes,,3.0,3.0
Stenotomus caprinus,Stenotomus,Sparidae,Perciformes,Acanthopterygii,Teleostei,Osteichthyes,,3.0,2.0
Lagocephalus laevigatus,Lagocephalus,Tetraodontidae,Tetraodontiformes,Acanthopterygii,Teleostei,Osteichthyes,,3.0,3.0
Pholoe minuta,Pholoe,Pholoidae,Phyllodocida,Aciculata,Polychaeta,Annelida,,1.0,2.0
Platynereis dumerilii,Platynereis,Nereididae,Phyllodocida,Aciculata,Polychaeta,Annelida,,1.0,2.0
Glycera alba,Glycera,Glyceridae,Phyllodocida,Aciculata,Polychaeta,Annelida,,1.0,2.0
Akera bullata,Akera,Akeridae,Anaspidea,Opisthobranchia,Gastropoda,Mollusca,,1.0,1.0
Nucula tenuis,Nucula,Nuculidae,Nuculoida,Protobranchia,Bivalvia,Mollusca,,1.0,2.0
Thyasira flexuosa,Thyasira,Thyasiridae,Veneroida,Heterodonta,Bivalvia,Mollusca,,1.0,1.0
Lucinoma borealis,Lucinoma,Lucinidae,Veneroida,Heterodonta,Bivalvia,Mollusca,,1.0,1.0
Crassostrea virginica,Crassostrea,Ostreidae,Ostreoida,Pteriomorphia,Bivalvia,Mollusca,,0.0,1.0
Diaptomus minutus,Diaptomus,Diaptomidae,Calanoida,Gymnoplea,Copepoda,Crustacea,,3.0,1.0
Diaptomus minutus,Diaptomus,Diaptomidae,Calanoida,Gymnoplea,Copepoda,Crustacea,,3.0,1.0
Diaptomus minutus,Diaptomus,Diaptomidae,Calanoida,Gymnoplea,Copepoda,Crustacea,,3.0,1.0
Diaptomus minutus,Diaptomus,Diaptomidae,Calanoida,Gymnoplea,Copepoda,Crustacea,,3.0,1.0
Diaptomus minutus,Diaptomus,Diaptomidae,Calanoida,Gymnoplea,Copepoda,Crustacea,,3.0,1.0
Diaptomus minutus,Diaptomus,Diaptomidae,Calanoida,Gymnoplea,Copepoda,Crustacea,,3.0,1.0
Cyclops bicuspidatus,Cyclops,Cyclopidae,Cyclopoida,Podoplea,Copepoda,Crustacea,,3.0,1.0
Cyclops bicuspidatus,Cyclops,Cyclopidae,Cyclopoida,Podoplea,Copepoda,Crustacea,,3.0,1.0
Cyclops bicuspidatus,Cyclops,Cyclopidae,Cyclopoida,Podoplea,Copepoda,Crustacea,,3.0,1.0
Cyclops bicuspidatus,Cyclops,Cyclopidae,Cyclopoida,Podoplea,Copepoda,Crustacea,,3.0,1.0
Cyclops bicuspidatus,Cyclops,Cyclopidae,Cyclopoida,Podoplea,Copepoda,Crustacea,,3.0,1.0
Cyclops bicuspidatus,Cyclops,Cyclopidae,Cyclopoida,Podoplea,Copepoda,Crustacea,,3.0,1.0
Holopedium gibberum,Holopedium,Holopediidae,Cladocera,Phyllopoda,Branchiopoda,Crustacea,,3.0,1.0
Bosmina longirostris,Bosmina,Bosminidae,Cladocera,Phyllopoda,Branchiopoda,Crustacea,,3.0,1.0
Keratella sp.,Keratella,Brachionidae,Monogononta,Monogononta,Rotifera,Rotifera,,3.0,1.0
Daphnia dubia,Daphnia,Daphniidae,Cladocera,Phyllopoda,Branchiopoda,Crustacea,,3.0,1.0
Daphnia dubia,Daphnia,Daphniidae,Cladocera,Phyllopoda,Branchiopoda,Crustacea,,3.0,1.0
Holopedium gibberum,Holopedium,Holopediidae,Cladocera,Phyllopoda,Branchiopoda,Crustacea,,3.0,1.0
Crassostrea gigas,Crassostrea,Ostreidae,Ostreoida,Pteriomorphia,Bivalvia,Mollusca,,0.0,1.0
Nereis diversicolor,Nereis,Nereididae,Phyllodocida,Aciculata,Polychaeta,Annelida,,1.0,3.0
Nereis succinea,Nereis,Nereididae,Phyllodocida,Aciculata,Polychaeta,Annelida,,1.0,3.0
Polydora ligni,Polydora,Spionidae,Spionida,Canalipalpata,Polychaeta,Annelida,,0.0,1.0
Paranais sp.,Paranais,Naididae,Haplotaxida,Oligochaeta,Clitellata,Annelida,,1.0,2.0
Hydrobia ulvae,Hydrobia,Hydrobiidae,Neotaenioglossa,Neotaenioglossa,Gastropoda,Mollusca,,1.0,1.0
Hydrobia ventrosa,Hydrobia,Hydrobiidae,Neotaenioglossa,Neotaenioglossa,Gastropoda,Mollusca,,1.0,1.0
Potamopyrgus jenkinsi,Potamopyrgus,Hydrobiidae,Neotaenioglossa,Neotaenioglossa,Gastropoda,Mollusca,,1.0,1.0
Mya arenaria,Mya,Myidae,Myoida,Heterodonta,Bivalvia,Mollusca,,0.0,1.0
Cardium lamarcki,Cardium,Cardiidae,Veneroida,Heterodonta,Bivalvia,Mollusca,,0.0,1.0
Corophium volutator,Corophium,Corophiidae,Gammaridea,Amphipoda,Malacostraca,Crustacea,,1.0,2.0
Microdeutopus gryllotalpa,Microdeutopus,Aoridae,Gammaridea,Amphipoda,Malacostraca,Crustacea,,2.0,2.0
Tylos granulatus,Tylos,Tylidae,Oniscidea,Isopoda,Malacostraca,Crustacea,,1.0,2.0
Pontogeloides latipes,Pontogeloides,Isopoda,Isopoda,Isopoda,Malacostraca,Crustacea,,1.0,1.0
Eurydice longicornis,Eurydice,Cirolanidae,Flabellifera,Isopoda,Malacostraca,Crustacea,,1.0,2.0
Excirolana natalensis,Excirolana,Cirolanidae,Flabellifera,Isopoda,Malacostraca,Crustacea,,1.0,2.0
Niambia sp.,Niambia,Platyarthridae,Oniscidea,Isopoda,Malacostraca,Crustacea,,1.0,2.0
Talorchestia capensis,Talorchestia,Talitridae,Gammaridea,Amphipoda,Malacostraca,Crustacea,,1.0,2.0
Pseudharpinia excavata,Pseudharpinia,Phoxocephalidae,Gammaridea,Amphipoda,Malacostraca,Crustacea,,1.0,2.0
Urothoe grimaldii,Urothoe,Urothoidae,Gammaridea,Amphipoda,Malacostraca,Crustacea,,1.0,2.0
Gastrosaccus psammodytes,Gastrosaccus,Mysidae,Mysida,Mysida,Malacostraca,Crustacea,,1.0,3.0
Donax serra,Donax,Donacidae,Veneroida,Heterodonta,Bivalvia,Mollusca,,1.0,1.0
Scolelepis squamata,Scolelepis,Spionidae,Spionida,Canalipalpata,Polychaeta,Annelida,,0.0,2.0
Sigalion capense,Sigalion,Sigalionidae,Phyllodocida,Aciculata,Polychaeta,Annelida,,0.0,1.0
Nephtys capensis,Nephtys,Nephtyidae,Phyllodocida,Aciculata,Polychaeta,Annelida,,1.0,3.0
Oligochaeta,Taxon > Genus,-,-,Oligochaeta,Clitellata,Annelida,,1.0,2.0
Cerebratulus fuscus,Cerebratulus,Lineidae,Heteronemertea,Anopla,Anopla,Nemertea,,1.0,3.0
Mytilus galloprovincialis,Mytilus,Mytilidae,Mytiloida,Pteriomorphia,Bivalvia,Mollusca,,0.0,1.0
Seriphus politus,Seriphus,Sciaenidae,Perciformes,Acanthopterygii,Teleostei,Osteichthyes,,3.0,3.0
Engraulis mordax,Engraulis,Engraulidae,Clupeiformes,Clupeomorpha,Teleostei,Osteichthyes,,3.0,2.0
Alosa pseudoharengus,Alosa,Clupeidae,Clupeiformes,Clupeomorpha,Teleostei,Osteichthyes,,3.0,1.0
Dorosoma cepedianum,Dorosoma,Clupeidae,Clupeiformes,Clupeomorpha,Teleostei,Osteichthyes,,3.0,1.0
Alosa pseudoharengus,Alosa,Clupeidae,Clupeiformes,Clupeomorpha,Teleostei,Osteichthyes,,3.0,1.0
Chironomus plumosus,Chironomus,Chironomidae,Nematocera,Diptera,Pterygota,Insecta,1.462,1.0,2.0
Chironomus plumosus,Chironomus,Chironomidae,Nematocera,Diptera,Pterygota,Insecta,2.3165,1.0,2.0
Einfeldia carbonaria,Einfeldia,Chironomidae,Nematocera,Diptera,Pterygota,Insecta,2.4440000000000004,1.0,2.0
Procladius sp.,Procladius,Chironomidae,Nematocera,Diptera,Pterygota,Insecta,2.0758,1.0,2.0
Potamothrix hammoniensis,Potamothrix,Tubificidae,Haplotaxida,Oligochaeta,Clitellata,Annelida,2.3968,1.0,2.0
Gastrosaccus sp.,Gastrosaccus,Mysidae,Mysida,Mysida,Malacostraca,Crustacea,3.612400000000001,2.0,3.0
Chironomus plumosus,Chironomus,Chironomidae,Nematocera,Diptera,Pterygota,Insecta,,1.0,2.0
Gammarus fasciatus,Gammarus,Gammaridae,Gammaridea,Amphipoda,Malacostraca,Crustacea,,1.0,2.0
Hyalella azteca,Hyalella,Hyalellidae,Gammaridea,Amphipoda,Malacostraca,Crustacea,,1.0,2.0
Asellus sp.,Asellus,Asellidae,Asellota,Isopoda,Malacostraca,Crustacea,,1.0,2.0
Chironomus sp.,Chironomidae,Chironomidae,Nematocera,Diptera,Pterygota,Insecta,,2.0,2.0
Glyptotendipes sp.,Glyptotendipes,Chironomidae,Nematocera,Diptera,Pterygota,Insecta,,1.0,2.0
Caenis sp.,Caenis,Caenidae,Furcatergalia,Ephemeroptera,Pterygota,Insecta,,1.0,2.0
Daphnia sp.,Daphnia,Daphniidae,Cladocera,Phyllopoda,Branchiopoda,Crustacea,,3.0,1.0
Daphnia sp.,Daphnia,Daphniidae,Cladocera,Phyllopoda,Branchiopoda,Crustacea,,3.0,1.0
Leptodora kindtii,Leptodora,Leptodoridae,Cladocera,Phyllopoda,Branchiopoda,Crustacea,,3.0,1.0
Hyalella azteca,Hyalella,Hyalellidae,Gammaridea,Amphipoda,Malacostraca,Crustacea,,1.0,2.0
Monoporeia affinis,Monoporeia,Pontoporeiidae,Gammaridea,Amphipoda,Malacostraca,Crustacea,,1.0,2.0
Asplanchna sp.,Asplanchna,Asplanchnidae,Monogononta,Monogononta,Rotifera,Rotifera,,3.0,1.0
Heliodiaptomus sp.,Heliodiaptomus,Diaptomidae,Calanoida,Gymnoplea,Copepoda,Crustacea,,3.0,1.0
Heliodiaptomus sp.,Heliodiaptomus,Diaptomidae,Calanoida,Gymnoplea,Copepoda,Crustacea,,3.0,1.0
Moina sp.,Moina,Moinidae,Cladocera,Phyllopoda,Branchiopoda,Crustacea,,3.0,1.0
Daphnia sp.,Daphnia,Daphniidae,Cladocera,Phyllopoda,Branchiopoda,Crustacea,,3.0,1.0
Daphnia sp.,Daphnia,Daphniidae,Cladocera,Phyllopoda,Branchiopoda,Crustacea,,3.0,1.0
Cypris sp.,Cypris,Cyprididae,Podocopa,Ostracoda,Ostracoda,Crustacea,,3.0,1.0
Chironomus sp.,Chironomidae,Chironomidae,Nematocera,Diptera,Pterygota,Insecta,,1.0,1.0
Chironomus sp.,Chironomidae,Chironomidae,Nematocera,Diptera,Pterygota,Insecta,,1.0,1.0
Lymnaea sp.,Lymnaea,Lymnaeidae,Basommatophora,Basommatophora,Gastropoda,Mollusca,,1.0,1.0
Lymnaea sp.,Lymnaea,Lymnaeidae,Basommatophora,Basommatophora,Gastropoda,Mollusca,,1.0,1.0
Sander vitreum,Sander,Percidae,Perciformes,Acanthopterygii,Teleostei,Osteichthyes,7.836985074626864,3.0,3.0
Oncorhynchus tshawytscha,Oncorhynchus,Salmonidae,Salmoniformes,Protacanthopterygii,Teleostei,Osteichthyes,5.9131343283582085,3.0,3.0
Oncorhynchus mykiss,Oncorhynchus,Salmonidae,Salmoniformes,Protacanthopterygii,Teleostei,Osteichthyes,6.321223880597014,3.0,3.0
Osmerus mordax,Osmerus,Osmeridae,Osmeriformes,Protacanthopterygii,Teleostei,Osteichthyes,5.394277611940298,3.0,3.0
Coregonus artedii,Coregonus,Salmonidae,Salmoniformes,Protacanthopterygii,Teleostei,Osteichthyes,8.711462686567163,3.0,3.0
Sander vitreum,Sander,Percidae,Perciformes,Acanthopterygii,Teleostei,Osteichthyes,5.12610447761194,3.0,3.0
Oncorhynchus tshawytscha,Oncorhynchus,Salmonidae,Salmoniformes,Protacanthopterygii,Teleostei,Osteichthyes,5.198977611940299,3.0,3.0
Oncorhynchus mykiss,Oncorhynchus,Salmonidae,Salmoniformes,Protacanthopterygii,Teleostei,Osteichthyes,5.403022388059701,3.0,3.0
Perca flavescens,Perca,Percidae,Perciformes,Acanthopterygii,Teleostei,Osteichthyes,4.805462686567164,3.0,3.0
Notropis hudsonius,Notropis,Cyprinidae,Cypriniformes,Ostariophysi,Teleostei,Osteichthyes,4.892910447761194,3.0,3.0
Catostomus commersoni,Catostomus,Catostomidae,Cypriniformes,Ostariophysi,Teleostei,Osteichthyes,3.641933475,3.0,3.0
Cyprinus carpio,Cyprinus,Cyprinidae,Cypriniformes,Ostariophysi,Teleostei,Osteichthyes,3.58775865,3.0,3.0
Luxilus cornutus,Luxilus,Cyprinidae,Cypriniformes,Ostariophysi,Teleostei,Osteichthyes,4.99525785,3.0,3.0
Notropis atherinoides,Notropis,Cyprinidae,Cypriniformes,Ostariophysi,Teleostei,Osteichthyes,5.1365853,3.0,3.0
Pimephales promelas,Pimephales,Cyprinidae,Cypriniformes,Ostariophysi,Teleostei,Osteichthyes,4.1988105,3.0,3.0
Hiodon alosoides,Hiodon,Hiodontidae,Osteoglossiformes,Osteoglossomorpha,Teleostei,Osteichthyes,6.065822699999999,3.0,3.0
Parophrys vetulus,Parophrys,Pleuronectidae,Pleuronectiformes,Acanthopterygii,Teleostei,Osteichthyes,,2.0,3.0
Daphnia sp.,Daphnia,Daphniidae,Cladocera,Phyllopoda,Branchiopoda,Crustacea,,3.0,1.0
Leptodora kindtii,Leptodora,Leptodoridae,Cladocera,Phyllopoda,Branchiopoda,Crustacea,,3.0,1.0
Hyalella azteca,Hyalella,Hyalellidae,Gammaridea,Amphipoda,Malacostraca,Crustacea,,1.0,2.0
Glyptotendipes sp.,Glyptotendipes,Chironomidae,Nematocera,Diptera,Pterygota,Insecta,,1.0,2.0
Metriocnemus knabi,Metriocnemus,Chironomidae,Nematocera,Diptera,Pterygota,Insecta,,1.0,2.0
Chironomus attennuatus,Chironomus,Chironomidae,Nematocera,Diptera,Pterygota,Insecta,,1.0,2.0
Acartia sp.,Acartia,Acartiidae,Calanoida,Gymnoplea,Copepoda,Crustacea,,3.0,1.0
Centropages hamatus,Centropages,Centropagidae,Calanoida,Gymnoplea,Copepoda,Crustacea,,3.0,2.0
Daphnia cristata,Daphnia,Daphniidae,Cladocera,Phyllopoda,Branchiopoda,Crustacea,,3.0,1.0
Eurytemora affinis,Eurytemora,Temoridae,Calanoida,Gymnoplea,Copepoda,Crustacea,,3.0,1.0
Limnocalanus macrurus,Limnocalanus,Centropagidae,Calanoida,Gymnoplea,Copepoda,Crustacea,,3.0,1.0
Temora longicornis,Temora,Sulcanidae,Calanoida,Gymnoplea,Copepoda,Crustacea,,3.0,2.0
Lymnaea peregra,Lymnaea,Lymnaeidae,Basommatophora,Basommatophora,Gastropoda,Mollusca,,1.0,1.0
Anisus acronicus,Anisus,Planorbidae,Basommatophora,Basommatophora,Gastropoda,Mollusca,,1.0,1.0
Unio tumidus,Unio,Unionidae,Unionoida,Palaeoheterodonta,Bivalvia,Mollusca,,0.0,1.0
Unio pictorum,Unio,Unionidae,Unionoida,Palaeoheterodonta,Bivalvia,Mollusca,,0.0,1.0
Anodonta piscinalis,Anodonta,Unionidae,Unionoida,Palaeoheterodonta,Bivalvia,Mollusca,,0.0,1.0
Sphaerium rivicola,Sphaerium,Pisidiidae,Veneroida,Heterodonta,Bivalvia,Mollusca,,0.0,1.0
Acartia clausi,Acartia,Acartiidae,Calanoida,Gymnoplea,Copepoda,Crustacea,,3.0,3.0
Acartia clausi,Acartia,Acartiidae,Calanoida,Gymnoplea,Copepoda,Crustacea,,3.0,3.0
Acartia clausi,Acartia,Acartiidae,Calanoida,Gymnoplea,Copepoda,Crustacea,,3.0,3.0
Acartia clausi,Acartia,Acartiidae,Calanoida,Gymnoplea,Copepoda,Crustacea,,3.0,3.0
Acartia clausi,Acartia,Acartiidae,Calanoida,Gymnoplea,Copepoda,Crustacea,,3.0,3.0
Acartia clausi,Acartia,Acartiidae,Calanoida,Gymnoplea,Copepoda,Crustacea,,3.0,3.0
Calanus sp.,Calanus,Calanidae,Calanoida,Gymnoplea,Copepoda,Crustacea,,3.0,3.0
Pseudocalanus sp.,Pseudocalanus,Pseudocalanidae,Calanoida,Gymnoplea,Copepoda,Crustacea,,3.0,3.0
Centropages sp.,Centropages,Centropagidae,Calanoida,Gymnoplea,Copepoda,Crustacea,,3.0,3.0
Podon sp.,Podon,Polyphemidae,Cladocera,Phyllopoda,Branchiopoda,Crustacea,,3.0,1.0
Evadne sp.,Evadne,Polyphemidae,Cladocera,Phyllopoda,Branchiopoda,Crustacea,,3.0,1.0
Metridia longa,Metridia,Metridinidae,Calanoida,Gymnoplea,Copepoda,Crustacea,,3.0,2.0
Metridia longa,Metridia,Metridinidae,Calanoida,Gymnoplea,Copepoda,Crustacea,,3.0,2.0
Metridia longa,Metridia,Metridinidae,Calanoida,Gymnoplea,Copepoda,Crustacea,,3.0,2.0
Bougainvillia superciliaris,Bougainvillia,Bougainvilliidae,Anthomedusae,Hydroida,Hydrozoa,Cnidaria,0.3585708000000002,3.0,3.0
Halitholus cirratus,Halitholus,Pandeidae,Anthomedusae,Hydroida,Hydrozoa,Cnidaria,0.3846956625000005,3.0,3.0
Sarsia princeps,Sarsia,Corynidae,Anthomedusae,Hydroida,Hydrozoa,Cnidaria,0.2550339000000003,3.0,3.0
Hybocodon prolifer,Hybocodon,Tubulariidae,Anthomedusae,Hydroida,Hydrozoa,Cnidaria,0.7256789999999992,3.0,3.0
Aglantha digitale,Aglantha,Rhopalonematidae,Trachymedusae,Trachylina,Hydrozoa,Cnidaria,0.3664386000000004,3.0,2.0
Mertensia ovum,Mertensia,Mertensiidae,Cydippida,Tentaculata,Ctenophora,Ctenophora,0.3656015999999997,3.0,3.0
Beroe cucumis,Beroe,Beroidae,Beroida,Nuda,Ctenophora,Ctenophora,0.1906685999999997,3.0,3.0
Autolytus sp.,Autolytus,Syllidae,Phyllodocida,Aciculata,Polychaeta,Annelida,2.504722499999999,1.0,2.0
Limacina helicina,Limacina,Limacinidae,Thecosomata,Thecosomata,Gastropoda,Mollusca,3.9210834375,3.0,1.0
Clione limacina,Clione,Clionidae,Gymnosomata,Opisthobranchia,Gastropoda,Mollusca,1.0472543999999997,3.0,3.0
Themisto libellula,Parathemisto,Hyperiidae,Hyperiidea,Amphipoda,Malacostraca,Crustacea,4.6224999,3.0,3.0
Hyperoche medusarum,Hyperoche,Hyperiidae,Hyperiidea,Amphipoda,Malacostraca,Crustacea,4.570564050000001,3.0,3.0
Onisimus litoralis,Onisimus,Lysianassidae,Gammaridea,Amphipoda,Malacostraca,Crustacea,4.785945074999999,2.0,2.0
Gammarus setosus,Gammarus,Gammaridae,Gammaridea,Amphipoda,Malacostraca,Crustacea,4.112421637500001,2.0,1.0
Orchomenella minuta,Orchomenella,Lysianassidae,Gammaridea,Amphipoda,Malacostraca,Crustacea,,2.0,2.0
Anonyx nugax,Anonyx,Lysianassidae,Gammaridea,Amphipoda,Malacostraca,Crustacea,4.966130249999999,2.0,2.0
Thysanoessa inermis,Thysanoessa,Euphausiidae,Euphausiacea,Euphausiacea,Malacostraca,Crustacea,6.559171424999998,3.0,1.0
Sagitta elegans,Sagitta,Sagittidae,Aphragmophora,Sagittoidea,Chaetognatha,Chaetognatha,2.0439330750000004,3.0,3.0
Anoplogaster cornuta,Anoplogaster,Anoplogasteridae,Beryciformes,Acanthopterygii,Teleostei,Osteichthyes,1.4508376410500008,3.0,3.0
Bathylagus longirostris,Bathylagus,Bathylagidae,Osmeriformes,Protacanthopterygii,Teleostei,Osteichthyes,1.6252040868,3.0,3.0
Cyclothone pallida,Cyclothone,Gonostomatidae,Stomiiformes,Stenopterygii,Teleostei,Osteichthyes,2.2282100006400007,3.0,3.0
Gonostoma elongatum,Gonostoma,Gonostomatidae,Stomiiformes,Stenopterygii,Teleostei,Osteichthyes,1.6571106084399994,3.0,3.0
Melamphaes longivelis,Melamphaes,Melamphaidae,Stephanoberyciformes,Acanthopterygii,Teleostei,Osteichthyes,2.4721856132799997,3.0,3.0
Poromitra sp.,Poromitra,Melamphaidae,Stephanoberyciformes,Acanthopterygii,Teleostei,Osteichthyes,,3.0,3.0
Scopelegadus mizolepis,Scopelegadus,Melamphaidae,Stephanoberyciformes,Acanthopterygii,Teleostei,Osteichthyes,1.380584436,3.0,3.0
Scopeloberyx sp.,Scopeloberyx,Melamphaidae,Stephanoberyciformes,Acanthopterygii,Teleostei,Osteichthyes,3.7551617419800007,3.0,3.0
Benthosema suborbitale,Benthosema,Myctophidae,Myctophiformes,Scopelomorpha,Teleostei,Osteichthyes,2.9968670664,3.0,3.0
Bolinichthys photothorax,Bolinichthys,Myctophidae,Myctophiformes,Scopelomorpha,Teleostei,Osteichthyes,3.0408009786,3.0,3.0
Centrobranchus nigroocellatus,Centrobranchus,Myctophidae,Myctophiformes,Scopelomorpha,Teleostei,Osteichthyes,1.837090391033333,3.0,3.0
Diaphus dumerilii,Diaphus,Myctophidae,Myctophiformes,Scopelomorpha,Teleostei,Osteichthyes,2.8210561916766665,3.0,3.0
Diaphus effulgens,Diaphus,Myctophidae,Myctophiformes,Scopelomorpha,Teleostei,Osteichthyes,2.6761521459200006,3.0,3.0
Diaphus lucidus,Diaphus,Myctophidae,Myctophiformes,Scopelomorpha,Teleostei,Osteichthyes,3.4425535293600014,3.0,3.0
Diaphus mollis,Diaphus,Myctophidae,Myctophiformes,Scopelomorpha,Teleostei,Osteichthyes,3.0815262100000003,3.0,3.0
Diaphus splendidus,Diaphus,Myctophidae,Myctophiformes,Scopelomorpha,Teleostei,Osteichthyes,3.04396234772,3.0,3.0
Gonichthys cocco,Gonichthys,Myctophidae,Myctophiformes,Scopelomorpha,Teleostei,Osteichthyes,3.135083752,3.0,3.0
Hygophum benoiti,Hygophum,Myctophidae,Myctophiformes,Scopelomorpha,Teleostei,Osteichthyes,3.514775320249999,3.0,3.0
Hygophum reinhardtii,Hygophum,Myctophidae,Myctophiformes,Scopelomorpha,Teleostei,Osteichthyes,3.858648625366667,3.0,3.0
Lampadena luminosa,Lampadena,Myctophidae,Myctophiformes,Scopelomorpha,Teleostei,Osteichthyes,2.590309558813334,3.0,3.0
Lampanyctus alatus,Lampanyctus,Bathylagidae,Osmeriformes,Protacanthopterygii,Teleostei,Osteichthyes,2.9227165970266658,3.0,3.0
Lampanyctus lineatus,Lampanyctus,Bathylagidae,Osmeriformes,Protacanthopterygii,Teleostei,Osteichthyes,1.3434331466400005,3.0,3.0
Lepidophanes guentheri,Lepidophanes,Myctophidae,Myctophiformes,Scopelomorpha,Teleostei,Osteichthyes,2.69793181636,3.0,3.0
Lobianchia gemellarii,Lobianchia,Myctophidae,Myctophiformes,Scopelomorpha,Teleostei,Osteichthyes,2.8328573513599995,3.0,3.0
Myctophum nitidulum,Myctophum,Myctophidae,Myctophiformes,Scopelomorpha,Teleostei,Osteichthyes,2.9849052912866667,3.0,3.0
Notoscopelus resplendens,Notoscopelus,Myctophidae,Myctophiformes,Scopelomorpha,Teleostei,Osteichthyes,3.1701713885000005,3.0,3.0
Notolychnus valdiviae,Notolychnus,Myctophidae,Myctophiformes,Scopelomorpha,Teleostei,Osteichthyes,5.415366756799999,3.0,3.0
Taaingichthys bathyphilus,Taaingichthys,Myctophidae,Myctophiformes,Scopelomorpha,Teleostei,Osteichthyes,2.573697342150001,3.0,3.0
Agyropelecus aculeatus,Agyropelecus,Sternoptychidae,Stomiiformes,Stenopterygii,Teleostei,Osteichthyes,2.6676584438400006,3.0,3.0
Agyropelecus hemigymnus,Agyropelecus,Sternoptychidae,Stomiiformes,Stenopterygii,Teleostei,Osteichthyes,3.2827257094666664,3.0,3.0
Maurolicus muelleri,Maurolicus,Gonostomatidae,Stomiiformes,Stenopterygii,Teleostei,Osteichthyes,3.40045684224,3.0,3.0
Sternoptyx diaphana,Sternoptyx,Sternoptychidae,Stomiiformes,Stenopterygii,Teleostei,Osteichthyes,2.32081499092,3.0,3.0
Sternoptyx pseudobscura,Sternoptyx,Sternoptychidae,Stomiiformes,Stenopterygii,Teleostei,Osteichthyes,1.5991742844,3.0,3.0
Pelagia noctiluca,Pelagia,Pelagiidae,Semaeostomeae,Semaeostomeae,Scyphozoa,Cnidaria,,3.0,2.0
Abylopsis tetragona,Abylopsis,Abylidae,Calycophorae,Siphonophorae,Hydrozoa,Cnidaria,,3.0,3.0
Cestum veneris,Cestum,Cestidae,Cestida,Tentaculata,Ctenophora,Ctenophora,,3.0,2.0
Cavolinia inflexa,Cavolinia,Cavoliniidae,Thecosomata,Thecosomata,Gastropoda,Mollusca,,3.0,1.0
Clio pyramidata,Clio,Cavoliniidae,Thecosomata,Thecosomata,Gastropoda,Mollusca,,3.0,1.0
Chaetopterus variopedatus,Chaetopterus,Chaetopteridae,Spionida,Canalipalpata,Polychaeta,Annelida,,3.0,1.0
Podon intermedius,Podon,Polyphemidae,Cladocera,Phyllopoda,Branchiopoda,Crustacea,,3.0,1.0
Calanus helgolandicus,Calanus,Calanidae,Calanoida,Gymnoplea,Copepoda,Crustacea,,3.0,1.0
Calanus gracilis,Calanus,Calanidae,Calanoida,Gymnoplea,Copepoda,Crustacea,,3.0,1.0
Centropages typicus,Centropages,Centropagidae,Calanoida,Gymnoplea,Copepoda,Crustacea,,3.0,1.0
Acartia clausi,Acartia,Acartiidae,Calanoida,Gymnoplea,Copepoda,Crustacea,,3.0,1.0
Candacia armata,Candacia,Candaciidae,Calanoida,Gymnoplea,Copepoda,Crustacea,,3.0,3.0
Euchaeta marina,Euchaeta,Euchaetidae,Calanoida,Gymnoplea,Copepoda,Crustacea,,3.0,3.0
Anomalocera patersoni,Anomalocera,Pontellidae,Calanoida,Gymnoplea,Copepoda,Crustacea,,3.0,3.0
Eucopia hanseni,Eucopia,Eucopiidae,Lophogastrida,Lophogastrida,Malacostraca,Crustacea,,3.0,3.0
Siriella armata,Siriella,Mysidae,Mysida,Mysida,Malacostraca,Crustacea,,3.0,3.0
Leptomysis lingvura,Leptomysis,Mysidae,Mysida,Mysida,Malacostraca,Crustacea,,3.0,3.0
Scina crassicornis,Scina,Scinidae,Hyperiidea,Amphipoda,Malacostraca,Crustacea,,3.0,3.0
Phrosina semilunata,Phrosina,Phrosinidae,Hyperiidea,Amphipoda,Malacostraca,Crustacea,,3.0,3.0
Phronima sedentaria,Phronima,Phronimidae,Hyperiidea,Amphipoda,Malacostraca,Crustacea,,3.0,3.0
Meganyctiphanes norvegica,Meganyctiphanes,Euphausiidae,Euphausiacea,Euphausiacea,Malacostraca,Crustacea,,3.0,2.0
Euphausia kronhii,Euphausia,Euphausiidae,Euphausiacea,Euphausiacea,Malacostraca,Crustacea,,3.0,2.0
Nematoscelis megalops,Nematoscelis,Euphausiidae,Euphausiacea,Euphausiacea,Malacostraca,Crustacea,,3.0,2.0
Stylocheiron abbreviatum,Stylocheiron,Euphausiidae,Euphausiacea,Euphausiacea,Malacostraca,Crustacea,,3.0,2.0
Gennadas elegans,Gennadas,Benthesicymidae,Penaeoidea,Decapoda,Malacostraca,Crustacea,,3.0,3.0
Sergestes arcticus,Sergestes,Sergestidae,Sergestoidea,Decapoda,Malacostraca,Crustacea,,3.0,3.0
Sergestes robustus,Sergestes,Sergestidae,Sergestoidea,Decapoda,Malacostraca,Crustacea,,3.0,3.0
Sergestes corniculum,Sergestes,Sergestidae,Sergestoidea,Decapoda,Malacostraca,Crustacea,,3.0,3.0
Pasiphaea sivado,Pasiphaea,Pasiphaeidae,Caridea,Decapoda,Malacostraca,Crustacea,,3.0,3.0
Pasiphaea multidentata,Pasiphaea,Pasiphaeidae,Caridea,Decapoda,Malacostraca,Crustacea,,3.0,3.0
Acanthephyra pelagica,Acanthephyra,Oplophoridae,Caridea,Decapoda,Malacostraca,Crustacea,,3.0,3.0
Porcellana platycheles,Porcellana,Porcellanidae,Anomura,Decapoda,Malacostraca,Crustacea,,3.0,3.0
Sagitta enflata,Sagitta,Sagittidae,Aphragmophora,Sagittoidea,Chaetognatha,Chaetognatha,,3.0,3.0
Sagitta minima,Sagitta,Sagittidae,Aphragmophora,Sagittoidea,Chaetognatha,Chaetognatha,,3.0,3.0
Sagitta bipunctata,Sagitta,Sagittidae,Aphragmophora,Sagittoidea,Chaetognatha,Chaetognatha,,3.0,3.0
Sagitta setosa,Sagitta,Sagittidae,Aphragmophora,Sagittoidea,Chaetognatha,Chaetognatha,,3.0,3.0
Pyrosoma atlanticum,Pyrosoma,Pyrosomidae,Pyrosomida,Pyrosomida,Thaliacea,Tunicata,,3.0,1.0
Ihlea punctata,Ihlea,Salpidae,Salpida,Salpida,Thaliacea,Tunicata,,3.0,1.0
Oikopleura dioica,Oikopleura,Oikopleuridae,Copelata,Copelata,Appendicularia,Tunicata,,3.0,1.0
Oikopleura longicauda,Oikopleura,Oikopleuridae,Copelata,Copelata,Appendicularia,Tunicata,,3.0,1.0
Fritillaria pellucida,Fritillaria,Fritillaridae,Copelata,Copelata,Appendicularia,Tunicata,,3.0,1.0
Atherina hepsetus,Atherina,Atherinidae,Atheriniformes,Acanthopterygii,Teleostei,Osteichthyes,,3.0,3.0
Atherina hepsetus,Atherina,Atherinidae,Atheriniformes,Acanthopterygii,Teleostei,Osteichthyes,,3.0,3.0
Atherina boyeri,Atherina,Atherinidae,Atheriniformes,Acanthopterygii,Teleostei,Osteichthyes,,3.0,3.0
Diplodus sargus,Diplodus,Sparidae,Perciformes,Acanthopterygii,Teleostei,Osteichthyes,,3.0,2.0
Diplodus puntazzo,Diplodus,Sparidae,Perciformes,Acanthopterygii,Teleostei,Osteichthyes,,3.0,2.0
Sarpa salpa,Sarpa,Sparidae,Perciformes,Acanthopterygii,Teleostei,Osteichthyes,,3.0,2.0
Vinciguerria attenuata,Vinciguerria,Phosichthyidae,Stomiiformes,Stenopterygii,Teleostei,Osteichthyes,,3.0,3.0
Benthosema glaciale,Benthosema,Myctophidae,Myctophiformes,Scopelomorpha,Teleostei,Osteichthyes,,3.0,3.0
Cyclothone pygmaea,Cyclothone,Gonostomatidae,Stomiiformes,Stenopterygii,Teleostei,Osteichthyes,,3.0,3.0
Cyclothone braueri,Cyclothone,Gonostomatidae,Stomiiformes,Stenopterygii,Teleostei,Osteichthyes,,3.0,3.0
Argyropelecus hemigymnus,Argyropelecus,Sternoptychidae,Stomiiformes,Stenopterygii,Teleostei,Osteichthyes,,3.0,3.0
Stomias boa,Stomias,Stomiidae,Stomiiformes,Stenopterygii,Teleostei,Osteichthyes,,3.0,3.0
Chelophyes appendiculata,Chelophyes,Diphyidae,Calycophorae,Siphonophorae,Hydrozoa,Cnidaria,,3.0,3.0
Salpa thompsoni,Salpa,Salpidae,Salpida,Salpida,Thaliacea,Tunicata,0.1509948,3.0,1.0
Eurhamphaea vexilligera,Eurhamphaea,Eurhampaeidae,Lobata,Tentaculata,Ctenophora,Ctenophora,,3.0,3.0
Ocyropsis sp.,Ocyropsis,Ocyropsidae,Lobata,Tentaculata,Ctenophora,Ctenophora,,3.0,3.0
Ocyropsis maculata,Ocyropsis,Ocyropsidae,Lobata,Tentaculata,Ctenophora,Ctenophora,,3.0,3.0
Beroe ovata,Beroe,Beroidae,Beroida,Nuda,Ctenophora,Ctenophora,,3.0,3.0
Fucus virsoides,Fucus,Fucaceae,Fucales,Fucales,Phaeophyceae,Phaeophyta,,0.0,0.0
Ulva rigida,Ulva,Ulvaceae,Ulotrichales,Ulotrichales,Chlorophyceae,Chlorophyta,,0.0,0.0
Gyrodinium sp.,Gyrodinium,Gymnodiniaceae,Gymnodiniales,Gymnodiniales,Dinophyceae,Pyrrophycophyta,,3.0,0.0
Pelagia noctiluca,Pelagia,Pelagiidae,Semaeostomeae,Semaeostomeae,Scyphozoa,Cnidaria,,3.0,2.0
Chrysaora fuscescens,Chrysaora,Pelagiidae,Semaeostomeae,Semaeostomeae,Scyphozoa,Cnidaria,,3.0,2.0
Chrysaora fuscescens,Chrysaora,Pelagiidae,Semaeostomeae,Semaeostomeae,Scyphozoa,Cnidaria,,3.0,2.0
Mnemiopsis mccradyi,Mnemiopsis,Mnemiidae,Lobata,Tentaculata,Ctenophora,Ctenophora,,3.0,2.0
Bolinopsis infundibulum,Bolinopsis,Bolinopsidae,Lobata,Tentaculata,Ctenophora,Ctenophora,,3.0,2.0
Pleurobrachia bachei,Pleurobrachia,Pleurobrachiidae,Cydippida,Tentaculata,Ctenophora,Ctenophora,,3.0,2.0
Sagitta elegans,Sagitta,Sagittidae,Aphragmophora,Sagittoidea,Chaetognatha,Chaetognatha,,3.0,2.0
Sagitta enflata,Sagitta,Sagittidae,Aphragmophora,Sagittoidea,Chaetognatha,Chaetognatha,,3.0,2.0
Sagitta hispida,Sagitta,Sagittidae,Aphragmophora,Sagittoidea,Chaetognatha,Chaetognatha,,3.0,2.0
Beroe gracilis,Beroe,Beroidae,Beroida,Nuda,Ctenophora,Ctenophora,,3.0,2.0
Pleurobrachia pileus,Pleurobrachia,Pleurobrachiidae,Cydippida,Tentaculata,Ctenophora,Ctenophora,,3.0,2.0
Bolinopsis infundibulum,Bolinopsis,Bolinopsidae,Lobata,Tentaculata,Ctenophora,Ctenophora,,3.0,2.0
Muggiaea atlantica,Muggiaea,Diphyidae,Calycophorae,Siphonophorae,Hydrozoa,Cnidaria,,3.0,3.0
Muggiaea atlantica,Muggiaea,Diphyidae,Calycophorae,Siphonophorae,Hydrozoa,Cnidaria,,3.0,3.0
Muggiaea atlantica,Muggiaea,Diphyidae,Calycophorae,Siphonophorae,Hydrozoa,Cnidaria,,3.0,3.0
Muggiaea atlantica,Muggiaea,Diphyidae,Calycophorae,Siphonophorae,Hydrozoa,Cnidaria,,3.0,3.0
Aurelia aurita,Aurelia,Ulmaridae,Semaeostomeae,Semaeostomeae,Scyphozoa,Cnidaria,0.065697,3.0,2.0
Calanus sinicus,Calanus,Calanidae,Calanoida,Gymnoplea,Copepoda,Crustacea,,3.0,1.0
Paracalanus parvus,Paracalanus,Paracalanidae,Calanoida,Gymnoplea,Copepoda,Crustacea,,3.0,1.0
Centropages abdominalis,Centropages,Centropagidae,Calanoida,Gymnoplea,Copepoda,Crustacea,,3.0,2.0
Temora turbinata,Temora,Sulcanidae,Calanoida,Gymnoplea,Copepoda,Crustacea,,3.0,2.0
Labidocera bipinnata,Labidocera,Pontellidae,Calanoida,Gymnoplea,Copepoda,Crustacea,,3.0,3.0
Acartia clausi,Acartia,Acartiidae,Calanoida,Gymnoplea,Copepoda,Crustacea,,3.0,1.0
Tortanus forcipatus,Tortanus,Tortanidae,Calanoida,Gymnoplea,Copepoda,Crustacea,,3.0,1.0
Oithona brevicornis,Oithona,Diaixidae,Calanoida,Gymnoplea,Copepoda,Crustacea,,3.0,1.0
Oncaea media,Oncaea,Mormonillidae,Calanoida,Gymnoplea,Copepoda,Crustacea,,3.0,1.0
Oncaea media,Oncaea,Mormonillidae,Calanoida,Gymnoplea,Copepoda,Crustacea,,3.0,1.0
Corycaeus andrewsi,Corycaeus,Corycaeidae,Calanoida,Gymnoplea,Copepoda,Crustacea,,3.0,1.0
Microsetella norvegica,Microsetella,Ectinosomatidae,Harpacticoida,Podoplea,Copepoda,Crustacea,,3.0,1.0
Penilia avirostris,Penilia,Sididae,Cladocera,Phyllopoda,Branchiopoda,Crustacea,,3.0,1.0
Evadne sp.,Evadne,Polyphemidae,Cladocera,Phyllopoda,Branchiopoda,Crustacea,,3.0,1.0
Podon sp.,Podon,Polyphemidae,Cladocera,Phyllopoda,Branchiopoda,Crustacea,,3.0,1.0
Sagitta crassa,Sagitta,Sagittidae,Aphragmophora,Sagittoidea,Chaetognatha,Chaetognatha,,3.0,3.0
Acartia sp.,Acartia,Acartiidae,Calanoida,Gymnoplea,Copepoda,Crustacea,,3.0,1.0
Pleurobrachia pileus,Pleurobrachia,Pleurobrachiidae,Cydippida,Tentaculata,Ctenophora,Ctenophora,,3.0,3.0
Aequorea victoria,Aequorea,Aequoreidae,Leptomedusae,Hydroida,Hydrozoa,Cnidaria,,3.0,2.0
Aglantha digitale,Aglantha,Rhopalonematidae,Trachymedusae,Trachylina,Hydrozoa,Cnidaria,,3.0,2.0
Eutonina indicans,Eutonia,Campanulinidae,Leptomedusae,Hydroida,Hydrozoa,Cnidaria,,3.0,2.0
Eperetmus typus,Eperetmus,Olindiidae,Limnomedusae,Hydroida,Hydrozoa,Cnidaria,,3.0,2.0
Gonionemus vertens,Gonionemus,Olindiidae,Limnomedusae,Hydroida,Hydrozoa,Cnidaria,,3.0,2.0
Mitrocoma cellularia,Mitrocoma,Mitrocomidae,Leptomedusae,Hydroida,Hydrozoa,Cnidaria,,3.0,2.0
Phialidium gregarium,Phialidium,Campanulariidae,Leptomedusae,Hydroida,Hydrozoa,Cnidaria,,3.0,3.0
Phialidium lomae,Phialidium,Campanulariidae,Leptomedusae,Hydroida,Hydrozoa,Cnidaria,,3.0,3.0
Sarsia princeps,Sarsia,Corynidae,Anthomedusae,Hydroida,Hydrozoa,Cnidaria,,3.0,3.0
Stomotoca atra,Stomotoca,Pandeidae,Anthomedusae,Hydroida,Hydrozoa,Cnidaria,,3.0,2.0
Aurelia aurita,Aurelia,Ulmaridae,Semaeostomeae,Semaeostomeae,Scyphozoa,Cnidaria,,3.0,2.0
Chrysaora fuscescens,Chrysaora,Pelagiidae,Semaeostomeae,Semaeostomeae,Scyphozoa,Cnidaria,,3.0,2.0
Cyanea capillata,Cyanea,Cyaneidae,Semaeostomeae,Semaeostomeae,Scyphozoa,Cnidaria,,3.0,2.0
Phacellophora camtschatica,Phacellophora,Ulmaridae,Semaeostomeae,Semaeostomeae,Scyphozoa,Cnidaria,,3.0,2.0
Thaumatoscyphus atlantica,Thaumatoscyphus,Cleistocarpidae,Stauromedusae,Stauromedusae,Scyphozoa,Cnidaria,,3.0,2.0
Cestum veneris,Cestum,Cestidae,Cestida,Tentaculata,Ctenophora,Ctenophora,,3.0,2.0
Leucothea multicornis,Leucothea,Bolinopsidae,Lobata,Tentaculata,Ctenophora,Ctenophora,,3.0,2.0
Beroe ovata,Beroe,Beroidae,Beroida,Nuda,Ctenophora,Ctenophora,,3.0,2.0
Rhizostoma pulmo,Rhizostoma,Rhizostomatidae,Rhizostomeae,Rhizostomeae,Scyphozoa,Cnidaria,,3.0,2.0
Pterotrachea coronata,Pterotrachea,Pterotracheidae,Neotaenioglossa,Neotaenioglossa,Gastropoda,Mollusca,,3.0,3.0
Salpa maxima,Salpa,Salpidae,Salpida,Salpida,Thaliacea,Tunicata,,3.0,1.0
Calanus finmarchicus,Calanus,Calanidae,Calanoida,Gymnoplea,Copepoda,Crustacea,,3.0,1.0
Calanus hyperboreus,Calanus,Calanidae,Calanoida,Gymnoplea,Copepoda,Crustacea,,3.0,1.0
Chiridius armatus,Chiridius,Aetideidae,Calanoida,Gymnoplea,Copepoda,Crustacea,7.350200000000001,3.0,1.0
Euchaeta norvegica,Euchaeta,Euchaetidae,Calanoida,Gymnoplea,Copepoda,Crustacea,8.008000000000001,3.0,3.0
Euchaeta norvegica,Euchaeta,Euchaetidae,Calanoida,Gymnoplea,Copepoda,Crustacea,7.896000000000001,3.0,3.0
Euchaeta norvegica,Euchaeta,Euchaetidae,Calanoida,Gymnoplea,Copepoda,Crustacea,5.773000000000001,3.0,1.0
Metridia longa,Metridia,Metridinidae,Calanoida,Gymnoplea,Copepoda,Crustacea,,3.0,2.0
Boreomysis arctica,Boreomysis,Mysidae,Mysida,Mysida,Malacostraca,Crustacea,6.248399999999999,3.0,3.0
Hemimysis abyssicola,Hemimysis,Mysidae,Mysida,Mysida,Malacostraca,Crustacea,,3.0,3.0
Meganyctiphanes norvegica,Meganyctiphanes,Euphausiidae,Euphausiacea,Euphausiacea,Malacostraca,Crustacea,5.545799999999999,3.0,2.0
Thysanoessa sp.,Thysanoessa,Euphausiidae,Euphausiacea,Euphausiacea,Malacostraca,Crustacea,,3.0,2.0
Parathemisto abyssorum,Parathemisto,Hyperiidae,Hyperiidea,Amphipoda,Malacostraca,Crustacea,,3.0,3.0
Pasiphaea multidentata,Pasiphaea,Pasiphaeidae,Caridea,Decapoda,Malacostraca,Crustacea,4.512599999999999,3.0,3.0
Pontophilus norvegicus,Pontophilus,Crangonidae,Caridea,Decapoda,Malacostraca,Crustacea,,3.0,3.0
Eukrohnia bathypelagica,Eukrohnia,Eukrohniidae,Phragmophora,Sagittoidea,Chaetognatha,Chaetognatha,1.3331999999999988,3.0,2.0
Eukrohnia hamata,Eukrohnia,Eukrohniidae,Phragmophora,Sagittoidea,Chaetognatha,Chaetognatha,2.318,3.0,2.0
Sagitta elegans,Sagitta,Sagittidae,Aphragmophora,Sagittoidea,Chaetognatha,Chaetognatha,1.6740000000000002,3.0,3.0
Tomopteris helgolandica,Tomopteris,Tomopteridae,Phyllodocida,Aciculata,Polychaeta,Annelida,,3.0,2.0
Aglantha digitale,Aglantha,Rhopalonematidae,Trachymedusae,Trachylina,Hydrozoa,Cnidaria,0.4469000000000004,3.0,2.0
Pleurobrachia pileus,Pleurobrachia,Pleurobrachiidae,Cydippida,Tentaculata,Ctenophora,Ctenophora,,3.0,3.0
Pandalus borealis,Pandalus,Pandalidae,Caridea,Decapoda,Malacostraca,Crustacea,,2.0,3.0
Crassadoma gigantea,Crassadoma,Pectinidae,Ostreoida,Pteriomorphia,Bivalvia,Mollusca,,2.0,1.0
Euchaeta norvegica,Euchaeta,Euchaetidae,Calanoida,Gymnoplea,Copepoda,Crustacea,,3.0,3.0
Euchaeta norvegica,Euchaeta,Euchaetidae,Calanoida,Gymnoplea,Copepoda,Crustacea,,3.0,3.0
Euchaeta norvegica,Euchaeta,Euchaetidae,Calanoida,Gymnoplea,Copepoda,Crustacea,,3.0,3.0
Euchaeta norvegica,Euchaeta,Euchaetidae,Calanoida,Gymnoplea,Copepoda,Crustacea,,3.0,3.0
Parathemisto gaudichaudii,Parathemisto,Hyperiidae,Hyperiidea,Amphipoda,Malacostraca,Crustacea,,3.0,3.0
Thysanoessa inermis,Thysanoessa,Euphausiidae,Euphausiacea,Euphausiacea,Malacostraca,Crustacea,,3.0,2.0
Thysanoessa raschi,Thysanoessa,Euphausiidae,Euphausiacea,Euphausiacea,Malacostraca,Crustacea,,3.0,2.0
Meganyctiphanes norvegica,Meganyctiphanes,Euphausiidae,Euphausiacea,Euphausiacea,Malacostraca,Crustacea,,3.0,2.0
Katsuwonus pelamis,Katsuwonus,Scombridae,Perciformes,Acanthopterygii,Teleostei,Osteichthyes,6.07434,3.0,3.0
Cyphocaris richardi,Cyphocaris,Lysianassidae,Gammaridea,Amphipoda,Malacostraca,Crustacea,,3.0,3.0
Eurythenes gryllus,Eurythenes,Lysianassidae,Gammaridea,Amphipoda,Malacostraca,Crustacea,,3.0,3.0
Eusirus perdentatus,Eusirus,Eusiridae,Gammaridea,Amphipoda,Malacostraca,Crustacea,,3.0,3.0
Parandania boecki,Parandania,Stegocephalidae,Gammaridea,Amphipoda,Malacostraca,Crustacea,,3.0,3.0
Parathemisto gaudichaudii,Parathemisto,Hyperiidae,Hyperiidea,Amphipoda,Malacostraca,Crustacea,,3.0,3.0
Calanoides acutus,Calanoides,Calanidae,Calanoida,Gymnoplea,Copepoda,Crustacea,,3.0,1.0
Metridia gerlachei,Metridia,Metridinidae,Calanoida,Gymnoplea,Copepoda,Crustacea,,3.0,2.0
Rhincalanus gigas,Rhincalanus,Eucalanidae,Calanoida,Gymnoplea,Copepoda,Crustacea,,3.0,1.0
Tomopteris carpenteri,Tomopteris,Tomopteridae,Phyllodocida,Aciculata,Polychaeta,Annelida,,3.0,2.0
Sagitta gazellae,Sagitta,Sagittidae,Aphragmophora,Sagittoidea,Chaetognatha,Chaetognatha,,3.0,3.0
Atolla wyvillei,Atolla,Atollidae,Coronatae,Coronatae,Scyphozoa,Cnidaria,,3.0,3.0
Diphyes antarctica,Diphyes,Diphyidae,Calycophorae,Siphonophorae,Hydrozoa,Cnidaria,,3.0,3.0
Antarctomysis ohlinii,Antarctomysis,Mysidae,Mysida,Mysida,Malacostraca,Crustacea,,3.0,3.0
Salpa thompsoni,Salpa,Salpidae,Salpida,Salpida,Thaliacea,Tunicata,,3.0,1.0
Euphausia superba,Euphausia,Euphausiidae,Euphausiacea,Euphausiacea,Malacostraca,Crustacea,,3.0,2.0
Thysanoessa macrura,Thysanoessa,Euphausiidae,Euphausiacea,Euphausiacea,Malacostraca,Crustacea,,3.0,2.0
Bathylagus antarcticus,Bathylagus,Bathylagidae,Osmeriformes,Protacanthopterygii,Teleostei,Osteichthyes,,3.0,3.0
Electrona antarctica,Electrona,Bathylagidae,Osmeriformes,Protacanthopterygii,Teleostei,Osteichthyes,,3.0,3.0
Gymnoscopelus nicholsi,Gymnoscopelus,Bathylagidae,Osmeriformes,Protacanthopterygii,Teleostei,Osteichthyes,,3.0,3.0
Pleuragramma antarcticum,Pleuragramma,Nototheniidae,Perciformes,Acanthopterygii,Teleostei,Osteichthyes,,3.0,3.0
Protomyctophum bolini,Protomyctophum,Bathylagidae,Osmeriformes,Protacanthopterygii,Teleostei,Osteichthyes,,3.0,3.0
Electrona carlsbergi,Electrona,Bathylagidae,Osmeriformes,Protacanthopterygii,Teleostei,Osteichthyes,,3.0,3.0
Talismania bifurcata,Talismania,Alepocephalidae,Osmeriformes,Protacanthopterygii,Teleostei,Osteichthyes,,3.0,3.0
Holthyrnia macrops,Holthyrnia,Alepocephalidae,Osmeriformes,Protacanthopterygii,Teleostei,Osteichthyes,,3.0,3.0
Anoplogaster cornuta,Anoplogaster,Anoplogasteridae,Beryciformes,Acanthopterygii,Teleostei,Osteichthyes,2.25355371875,3.0,3.0
Borostomias panamensis,Borostomias,Astronesthinae,Stomiiformes,Stenopterygii,Teleostei,Osteichthyes,3.2276334554566675,3.0,3.0
Bathylagus milleri,Bathylagus,Bathylagidae,Osmeriformes,Protacanthopterygii,Teleostei,Osteichthyes,2.2261847082,3.0,3.0
Bathylagus pacificus,Bathylagus,Bathylagidae,Osmeriformes,Protacanthopterygii,Teleostei,Osteichthyes,,3.0,3.0
Bathylagus wesethi,Bathylagus,Bathylagidae,Osmeriformes,Protacanthopterygii,Teleostei,Osteichthyes,2.508370492530001,3.0,3.0
Leuroglossus stilibus,Leuroglossus,Bathylagidae,Osmeriformes,Protacanthopterygii,Teleostei,Osteichthyes,3.758483283679999,3.0,3.0
Chauliodus macouni,Chauliodus,Chauliodontinae,Stomiiformes,Stenopterygii,Teleostei,Osteichthyes,,3.0,3.0
Chiasmodon niger,Chiasmodon,Chiasmodontidae,Perciformes,Acanthopterygii,Teleostei,Osteichthyes,,3.0,3.0
Engraulis mordax,Engraulis,Engraulidae,Clupeiformes,Clupeomorpha,Teleostei,Osteichthyes,,3.0,3.0
Eurypharynx pelecanoides,Eurypharynx,Eurypharyngidae,Saccopharyngiformes,Elopomorpha,Teleostei,Osteichthyes,,3.0,3.0
Cyclothone acclinidens,Cyclothone,Gonostomatidae,Stomiiformes,Stenopterygii,Teleostei,Osteichthyes,3.9601440618,3.0,3.0
Idiacanthus antrostomus,Idiacanthus,Idiacanthinae,Stomiiformes,Stenopterygii,Teleostei,Osteichthyes,2.872858762360001,3.0,3.0
Melamphaes lugubris,Melamphaes,Melamphaidae,Stephanoberyciformes,Acanthopterygii,Teleostei,Osteichthyes,,3.0,3.0
Poromitra crassiceps,Poromitra,Melamphaidae,Stephanoberyciformes,Acanthopterygii,Teleostei,Osteichthyes,1.43377212216,3.0,3.0
Scopelogadus mizolepis,Scopelogadus,Melamphaidae,Stephanoberyciformes,Acanthopterygii,Teleostei,Osteichthyes,2.1819948681800003,3.0,3.0
Diaphus theta,Diaphus,Myctophidae,Myctophiformes,Scopelomorpha,Teleostei,Osteichthyes,9.685609115,3.0,3.0
Lampanyctus regalis,Lampanyctus,Bathylagidae,Osmeriformes,Protacanthopterygii,Teleostei,Osteichthyes,2.1900298742400004,3.0,3.0
Lampanyctus ritteri,Lampanyctus,Bathylagidae,Osmeriformes,Protacanthopterygii,Teleostei,Osteichthyes,6.648944036070001,3.0,3.0
Parvilux ingens,Parvilux,Myctophidae,Myctophiformes,Scopelomorpha,Teleostei,Osteichthyes,,3.0,3.0
Protomyctophum crockeri,Protomyctophum,Bathylagidae,Osmeriformes,Protacanthopterygii,Teleostei,Osteichthyes,,3.0,3.0
Stenobrachius leucopsaurus,Stenobrachius,Myctophidae,Myctophiformes,Scopelomorpha,Teleostei,Osteichthyes,6.953058793546666,3.0,3.0
Symbolophorus californiensis,Symbolophorus,Myctophidae,Myctophiformes,Scopelomorpha,Teleostei,Osteichthyes,,3.0,3.0
Tarletonbeania crenularis,Tarletonbeania,Myctophidae,Myctophiformes,Scopelomorpha,Teleostei,Osteichthyes,3.60843302176,3.0,3.0
Triphoturus mexicanus,Triphoturus,Myctophidae,Myctophiformes,Scopelomorpha,Teleostei,Osteichthyes,6.672456611380001,3.0,3.0
Avocettina sp.,Avocettina,Nemichthyidae,Anguilliformes,Elopomorpha,Teleostei,Osteichthyes,2.4776480139966663,3.0,3.0
Scopelengys tristis,Scopelengys,Neoscopelidae,Myctophiformes,Scopelomorpha,Teleostei,Osteichthyes,,3.0,3.0
Oneirodes acanthias,Oneirodes,Oneirodidae,Lophiiformes,Paracanthopterygii,Teleostei,Osteichthyes,1.5304204626,3.0,3.0
Lestidium ringens,Lestidium,Paralepididae,Aulopiformes,Cyclosquamata,Teleostei,Osteichthyes,,3.0,3.0
Bajacalifornia burragei,Bajacalifornia,Platytroctidae ,Osmeriformes,Protacanthopterygii,Teleostei,Osteichthyes,,3.0,3.0
Sagamichthys abei,Sagamichthys,Platytroctidae ,Osmeriformes,Protacanthopterygii,Teleostei,Osteichthyes,,3.0,3.0
Argyropelecus affinis,Argyropelecus,Sternoptychidae,Stomiiformes,Stenopterygii,Teleostei,Osteichthyes,3.842334358719999,3.0,3.0
Argyropelecus lynchus,Argyropelecus,Sternoptychidae,Stomiiformes,Stenopterygii,Teleostei,Osteichthyes,2.911956853773333,3.0,3.0
Argyropelecus sladeni,Argyropelecus,Sternoptychidae,Stomiiformes,Stenopterygii,Teleostei,Osteichthyes,,3.0,3.0
Sternoptyx obscura,Sternoptyx,Sternoptychidae,Stomiiformes,Stenopterygii,Teleostei,Osteichthyes,2.704236962700001,3.0,3.0
Stomias atriventer,Stomias,Stomiidae,Stomiiformes,Stenopterygii,Teleostei,Osteichthyes,3.812938411029999,3.0,3.0
Melanostigma pammelas,Melanostigma,Zoarcidae,Perciformes,Acanthopterygii,Teleostei,Osteichthyes,3.0009666812999995,3.0,3.0
Ceratoscopelus townsendi,Ceratoscopelus,Myctophidae,Myctophiformes,Scopelomorpha,Teleostei,Osteichthyes,,3.0,3.0
Lampanyctus ritteri,Lampanyctus,Bathylagidae,Osmeriformes,Protacanthopterygii,Teleostei,Osteichthyes,,3.0,3.0
Argyropelecus sladeni,Argyropelecus,Sternoptychidae,Stomiiformes,Stenopterygii,Teleostei,Osteichthyes,,3.0,3.0
Argyropelecus affinis,Argyropelecus,Sternoptychidae,Stomiiformes,Stenopterygii,Teleostei,Osteichthyes,,3.0,3.0
Cyclothone signata,Cyclothone,Gonostomatidae,Stomiiformes,Stenopterygii,Teleostei,Osteichthyes,,3.0,3.0
Idiacanthus antrostomus,Idiacanthus,Idiacanthinae,Stomiiformes,Stenopterygii,Teleostei,Osteichthyes,,3.0,3.0
Chauliodus sp.,Chauliodus,Chauliodontinae,Stomiiformes,Stenopterygii,Teleostei,Osteichthyes,,3.0,3.0
Lampanyctus regalis,Lampanyctus,Bathylagidae,Osmeriformes,Protacanthopterygii,Teleostei,Osteichthyes,,3.0,3.0
Sternoptyx diaphana,Sternoptyx,Sternoptychidae,Stomiiformes,Stenopterygii,Teleostei,Osteichthyes,,3.0,3.0
Cyclothone acclinidens,Cyclothone,Gonostomatidae,Stomiiformes,Stenopterygii,Teleostei,Osteichthyes,,3.0,3.0
Poromitra crassiceps,Poromitra,Melamphaidae,Stephanoberyciformes,Acanthopterygii,Teleostei,Osteichthyes,,3.0,3.0
Cyema atrum,Cyema,Cyematidae,Saccopharyngiformes,Elopomorpha,Teleostei,Osteichthyes,,3.0,3.0
Ceratoscopelus townsendi,Ceratoscopelus,Myctophidae,Myctophiformes,Scopelomorpha,Teleostei,Osteichthyes,,3.0,3.0
Lampanyctus ritteri,Lampanyctus,Bathylagidae,Osmeriformes,Protacanthopterygii,Teleostei,Osteichthyes,,3.0,3.0
Argyropelecus sladeni,Argyropelecus,Sternoptychidae,Stomiiformes,Stenopterygii,Teleostei,Osteichthyes,,3.0,3.0
Argyropelecus affinis,Argyropelecus,Sternoptychidae,Stomiiformes,Stenopterygii,Teleostei,Osteichthyes,,3.0,3.0
Cyclothone signata,Cyclothone,Gonostomatidae,Stomiiformes,Stenopterygii,Teleostei,Osteichthyes,,3.0,3.0
Idiacanthus antrostomus,Idiacanthus,Idiacanthinae,Stomiiformes,Stenopterygii,Teleostei,Osteichthyes,,3.0,3.0
Chauliodus sp.,Chauliodus,Chauliodontinae,Stomiiformes,Stenopterygii,Teleostei,Osteichthyes,,3.0,3.0
Lampanyctus regalis,Lampanyctus,Bathylagidae,Osmeriformes,Protacanthopterygii,Teleostei,Osteichthyes,,3.0,3.0
Sternoptyx diaphana,Sternoptyx,Sternoptychidae,Stomiiformes,Stenopterygii,Teleostei,Osteichthyes,,3.0,3.0
Cyclothone acclinidens,Cyclothone,Gonostomatidae,Stomiiformes,Stenopterygii,Teleostei,Osteichthyes,,3.0,3.0
Poromitra crassiceps,Poromitra,Melamphaidae,Stephanoberyciformes,Acanthopterygii,Teleostei,Osteichthyes,,3.0,3.0
Cyema atrum,Cyema,Cyematidae,Saccopharyngiformes,Elopomorpha,Teleostei,Osteichthyes,,3.0,3.0
Ceratoscopelus townsendi,Ceratoscopelus,Myctophidae,Myctophiformes,Scopelomorpha,Teleostei,Osteichthyes,,3.0,3.0
Lampanyctus ritteri,Lampanyctus,Bathylagidae,Osmeriformes,Protacanthopterygii,Teleostei,Osteichthyes,,3.0,3.0
Argyropelecus sladeni,Argyropelecus,Sternoptychidae,Stomiiformes,Stenopterygii,Teleostei,Osteichthyes,,3.0,3.0
Argyropelecus affinis,Argyropelecus,Sternoptychidae,Stomiiformes,Stenopterygii,Teleostei,Osteichthyes,,3.0,3.0
Cyclothone signata,Cyclothone,Gonostomatidae,Stomiiformes,Stenopterygii,Teleostei,Osteichthyes,,3.0,3.0
Idiacanthus antrostomus,Idiacanthus,Idiacanthinae,Stomiiformes,Stenopterygii,Teleostei,Osteichthyes,,3.0,3.0
Chauliodus sp.,Chauliodus,Chauliodontinae,Stomiiformes,Stenopterygii,Teleostei,Osteichthyes,,3.0,3.0
Lampanyctus regalis,Lampanyctus,Bathylagidae,Osmeriformes,Protacanthopterygii,Teleostei,Osteichthyes,,3.0,3.0
Sternoptyx diaphana,Sternoptyx,Sternoptychidae,Stomiiformes,Stenopterygii,Teleostei,Osteichthyes,,3.0,3.0
Cyclothone acclinidens,Cyclothone,Gonostomatidae,Stomiiformes,Stenopterygii,Teleostei,Osteichthyes,,3.0,3.0
Poromitra crassiceps,Poromitra,Melamphaidae,Stephanoberyciformes,Acanthopterygii,Teleostei,Osteichthyes,,3.0,3.0
Cyema atrum,Cyema,Cyematidae,Saccopharyngiformes,Elopomorpha,Teleostei,Osteichthyes,,3.0,3.0
Leptosynapta galliennei,Leptosynapta,Synaptidae,Apodida,Apodacea,Holothuroidea,Echinodermata,3.014,1.0,2.0
Leptosynapta galliennei,Leptosynapta,Synaptidae,Apodida,Apodacea,Holothuroidea,Echinodermata,2.856,1.0,2.0
Acodontaster conspicuus,Acodontaster,Odontasteridae,Valvatida,Asteroidea,Asteroidea,Echinodermata,,1.0,3.0
Acodontaster hogdsoni,Acodontaster,Odontasteridae,Valvatida,Asteroidea,Asteroidea,Echinodermata,,1.0,3.0
Chitonaster johannae,Chitonaster,Goniasteridae,Valvatida,Asteroidea,Asteroidea,Echinodermata,,1.0,3.0
Cuenotaster involutus,Cuenotaster,Solasteridae,Spinulosida,Asteroidea,Asteroidea,Echinodermata,,1.0,3.0
Cycetra verucosa,Cycetra,Ganeriidae,Valvatida,Asteroidea,Asteroidea,Echinodermata,,1.0,3.0
Kampylaster incurvatus,Kampylaster,Asterinidae,Spinulosida,Asteroidea,Asteroidea,Echinodermata,,1.0,3.0
Labidiaster annulatus,Labidiaster,Asteriidae,Forcipulatida,Asteroidea,Asteroidea,Echinodermata,,1.0,3.0
Luidiaster gerlachei,Luidiaster,Benthopectinidae,Paxillosida,Asteroidea,Asteroidea,Echinodermata,,1.0,3.0
Macroptychaster acrescenz,Macroptychaster,Astropectinidae,Paxillosida,Asteroidea,Asteroidea,Echinodermata,,1.0,3.0
Mirastrella biradialis,Mirastrella,Asterinidae,Spinulosida,Asteroidea,Asteroidea,Echinodermata,,1.0,3.0
Notasterias stolophora,Notasterias,Asteriidae,Forcipulatida,Asteroidea,Asteroidea,Echinodermata,,1.0,3.0
Notioceranus anomalus,Notioceranus,Goniasteridae,Valvatida,Asteroidea,Asteroidea,Echinodermata,,1.0,3.0
Paralophaster antarcticus,Paralophaster,Solasteridae,Spinulosida,Asteroidea,Asteroidea,Echinodermata,,1.0,3.0
Perknaster aurorae,Perknaster,Ganeriidae,Valvatida,Asteroidea,Asteroidea,Echinodermata,,1.0,3.0
Perknaster densus,Perknaster,Ganeriidae,Valvatida,Asteroidea,Asteroidea,Echinodermata,,1.0,3.0
Porania antarctica,Porania,Poraniidae,Spinulosida,Asteroidea,Asteroidea,Echinodermata,,1.0,3.0
Psilaster charcoti,Psilaster,Astropectinidae,Paxillosida,Asteroidea,Asteroidea,Echinodermata,,1.0,3.0
Trematomus eulepidotus ,Trematomus,Nototheniidae,Perciformes,Acanthopterygii,Teleostei,Osteichthyes,,3.0,3.0
Trematomus lepidorhinus ,Trematomus,Nototheniidae,Perciformes,Acanthopterygii,Teleostei,Osteichthyes,,3.0,3.0
Trematomus loennbergii,Trematomus,Nototheniidae,Perciformes,Acanthopterygii,Teleostei,Osteichthyes,,3.0,3.0
Trematomus nicolai,Trematomus,Nototheniidae,Perciformes,Acanthopterygii,Teleostei,Osteichthyes,,3.0,3.0
Trematomus pennellii ,Trematomus,Nototheniidae,Perciformes,Acanthopterygii,Teleostei,Osteichthyes,,3.0,3.0
Macrourus holotrachys,Macrourus,Macrouridae,Gadiformes,Paracanthopterygii,Teleostei,Osteichthyes,,3.0,3.0
Cephalodiscus sp.,Cephalodiscus,Cephalodiscidae,Cephalodiscida,Pterobranchia,Pterobranchia,Hemichordata,,1.0,2.0
Eulagisca gigantea ,Eulagisca,Polynoidae,Phyllodocida,Aciculata,Polychaeta,Annelida,,1.0,2.0
Gammarus wilkitzkii,Gammarus,Gammaridae,Gammaridea,Amphipoda,Malacostraca,Crustacea,,2.0,1.0
Munnopsurus atlanticus,Munnopsurus,Eurycopidae,Asellota,Isopoda,Malacostraca,Crustacea,,1.0,2.0
Fissurella barbadensis,Fissurella,Fissurellidae,Archaeogastropoda,Prosobranchia,Gastropoda,Mollusca,,1.0,1.0
Discoconchoecia pseudodiscophora,Discoconchoecia,Conchoecinae,Myodocopa,Ostracoda,Ostracoda,Crustacea,,3.0,1.0
Orthoconchoecia haddoni,Orthoconchoecia,Conchoecinae,Myodocopa,Ostracoda,Ostracoda,Crustacea,,3.0,1.0
Orthoconchoecia haddoni,Orthoconchoecia,Conchoecinae,Myodocopa,Ostracoda,Ostracoda,Crustacea,,3.0,1.0
Metaconchoecia skogsbergi,Metaconchoecia,Conchoecinae,Myodocopa,Ostracoda,Ostracoda,Crustacea,,3.0,1.0
Viviparus contectoides,Viviparus,Viviparidae,Architaeniglossa,Prosobranchia,Gastropoda,Mollusca,,1.0,2.0
Anonyx sarsi,Anonyx,Lysianassidae,Gammaridea,Amphipoda,Malacostraca,Crustacea,,2.0,2.0
Diaphus mollis,Diaphus,Myctophidae,Myctophiformes,Scopelomorpha,Teleostei,Osteichthyes,,3.0,3.0
Lampanyctus nobilis,Lampanyctus,Myctophidae,Myctophiformes,Scopelomorpha,Teleostei,Osteichthyes,,3.0,3.0
Lepidophanes guentheri,Lepidophanes,Myctophidae,Myctophiformes,Scopelomorpha,Teleostei,Osteichthyes,,3.0,3.0
Myctophum affine,Myctophum,Myctophidae,Myctophiformes,Scopelomorpha,Teleostei,Osteichthyes,,3.0,3.0
Anoplogaster cornuta,Anoplogaster,Anoplogasteridae,Beryciformes,Acanthopterygii,Teleostei,Osteichthyes,,3.0,3.0
Cryptopsaras couesi,Cryptopsaras,Ceratiidae,Lophiiformes,Paracanthopterygii,Teleostei,Osteichthyes,,3.0,3.0
Gonostoma elongatum,Gonostoma,Gonostomatidae,Stomiiformes,Stenopterygii,Teleostei,Osteichthyes,,3.0,3.0
Argyropelecus aculeatus,Argyropelecus,Sternoptychidae,Stomiiformes,Stenopterygii,Teleostei,Osteichthyes,,3.0,3.0
Callinectes sapidus,Callinectes,Portunidae,Brachyura,Decapoda,Malacostraca,Crustacea,,1.0,3.0
Pareledone turqueti,Pareledone,Octopodidae,Octopoda,Octobrachia,Cephalopoda,Mollusca,,2.0,3.0
Octopus vulgaris,Octopus,Octopodidae,Octopoda,Octobrachia,Cephalopoda,Mollusca,,3.0,3.0
Dosidicus gigas,Dosidicus,Ommastrephidae,Teuthida,Decabrachia,Cephalopoda,Mollusca,,3.0,3.0
Distalpia cylindrica,Distalpia,Clavelinidae,Aplousobranchia,Aplousobranchia,Ascidiacea,Tunicata,,0.0,1.0
Paraeuchaeta rubra,Paraeuchaeta,Euchaetidae,Calanoida,Gymnoplea,Copepoda,Crustacea,,3.0,1.0
Neocalanus cristatus,Neocalanus,Calanidae,Calanoida,Gymnoplea,Copepoda,Crustacea,,3.0,1.0
Neocalanus cristatus,Neocalanus,Calanidae,Calanoida,Gymnoplea,Copepoda,Crustacea,,3.0,1.0
Salpa thompsoni,Salpa,Salpidae,Salpida,Salpida,Thaliacea,Tunicata,,3.0,1.0
Salpa thompsoni,Salpa,Salpidae,Salpida,Salpida,Thaliacea,Tunicata,,3.0,1.0
Tagelus plebeius,Tagelus,Solecurtidae,Veneroida,Heterodonta,Bivalvia,Mollusca,,3.0,1.0
Callianira antarctica,Callianira,Mertensiidae,Cydippida,Tentaculata,Ctenophora,Ctenophora,,3.0,3.0
Cellaria incula,Cellaria,Cellariidae,Cheilostomata,Cheilostomata,Gymnolaemata,Bryozoa,,0.0,1.0
Cellarinella nutti,Cellarinella,Cellarinellidae,Cheilostomata,Cheilostomata,Gymnolaemata,Bryozoa,,0.0,1.0
Hydrobia ulvae,Hydrobia,Hydrobiidae,Neotaenioglossa,Neotaenioglossa,Gastropoda,Mollusca,,1.0,1.0
Cyathura carinata,Cyathura,Anthuridae,Anthuridea,Isopoda,Malacostraca,Crustacea,,2.0,2.0
Scrobicularia plana,Scrobicularia,Semelidae,Veneroida,Heterodonta,Bivalvia,Mollusca,,0.0,1.0
Amphithoe valida,Amphithoe,Paramphithoidae,Gammaridea,Amphipoda,Malacostraca,Crustacea,,2.0,2.0
Melita palmata,Melita,Melitidae,Gammaridea,Amphipoda,Malacostraca,Crustacea,,2.0,2.0
Bathylagus antarcticus,Bathylagus,Bathylagidae,Osmeriformes,Protacanthopterygii,Teleostei,Osteichthyes,2.053333333333333,3.0,3.0
Benthalbella elongata,Benthalbella,Scopelarchidae,Aulopiformes,Cyclosquamata,Teleostei,Osteichthyes,5.33,3.0,3.0
Cyclothone microdon,Cyclothone,Gonostomatidae,Stomiiformes,Stenopterygii,Teleostei,Osteichthyes,7.655,3.0,3.0
Electrona antarctica,Electrona,Bathylagidae,Osmeriformes,Protacanthopterygii,Teleostei,Osteichthyes,6.766666666666667,3.0,3.0
Gymnoscopelus braueri,Gymnoscopelus,Bathylagidae,Osmeriformes,Protacanthopterygii,Teleostei,Osteichthyes,7.533333333333334,3.0,3.0
Gymnoscopelus nicholsi,Gymnoscopelus,Bathylagidae,Osmeriformes,Protacanthopterygii,Teleostei,Osteichthyes,11.75,3.0,3.0
Gymnoscopelus ophistopterus,Gymnoscopelus,Bathylagidae,Osmeriformes,Protacanthopterygii,Teleostei,Osteichthyes,4.58,3.0,3.0
Notolepis coatsi,Notolepis,Paralepididae,Aulopiformes,Cyclosquamata,Teleostei,Osteichthyes,2.935,3.0,3.0
Paradiplospinus gracilis,Paradiplospinus,Gempylidae,Perciformes,Acanthopterygii,Teleostei,Osteichthyes,7.92,3.0,3.0
Protomyctophum bolini,Protomyctophum,Bathylagidae,Osmeriformes,Protacanthopterygii,Teleostei,Osteichthyes,4.34,3.0,3.0
Protomyctophum tenisioni,Protomyctophum,Bathylagidae,Osmeriformes,Protacanthopterygii,Teleostei,Osteichthyes,4.75,3.0,3.0
Haliotis discus,Haliotis,Haliotididae,Archaeogastropoda,Prosobranchia,Gastropoda,Mollusca,,1.0,1.0
Aurelia aurita,Aurelia,Ulmaridae,Semaeostomeae,Semaeostomeae,Scyphozoa,Cnidaria,,3.0,2.0
Gracilaria tikvahiae,Gracilaria,Gracilariaceae,Gigartinales,Florideophycideae,Rhodophytina,Rhodophyta,,0.0,0.0
Neoagardhiella bayleyi,Neoagardhiella,Solieriaceae,Gigartinales,Florideophycideae,Rhodophytina,Rhodophyta,,0.0,0.0
Chondrus crispus,Chondrus,Gigartinaceae,Gigartinales,Florideophycideae,Rhodophytina,Rhodophyta,,0.0,0.0
Hypnea musciformis,Hypnea,Hypneaceae,Gigartinales,Florideophycideae,Rhodophytina,Rhodophyta,,0.0,0.0
Ceramium rubrum,Ceramium,Ceramiaceae,Ceramiales,Florideophycideae,Rhodophytina,Rhodophyta,,0.0,0.0
Sargassum filipendula,Sargassum,Sargassaceae,Fucales,Fucales,Phaeophyceae,Phaeophyta,,0.0,0.0
Fucus vesiculosus,Fucus,Fucaceae,Fucales,Fucales,Phaeophyceae,Phaeophyta,,0.0,0.0
Fucus spiralis,Fucus,Fucaceae,Fucales,Fucales,Phaeophyceae,Phaeophyta,,0.0,0.0
Ascophyllum nodosum,Ascophyllum,Fucaceae,Fucales,Fucales,Phaeophyceae,Phaeophyta,,0.0,0.0
Codium fragile,Codium,Codiaceae,Caulerpales,Caulerpales,Chlorophyceae,Chlorophyta,,0.0,0.0
Codium decorticatum,Codium,Codiaceae,Caulerpales,Caulerpales,Chlorophyceae,Chlorophyta,,0.0,0.0
Ulva lactuca,Ulva,Ulvaceae,Ulotrichales,Ulotrichales,Chlorophyceae,Chlorophyta,,0.0,0.0
Enteromorpha intestinalis,Enteromorpha,Ulvaceae,Ulotrichales,Ulotrichales,Chlorophyceae,Chlorophyta,,0.0,0.0
Laurencia obtusa,Laurencia,Rhodomelaceae,Ceramiales,Florideophycideae,Rhodophytina,Rhodophyta,,0.0,0.0
Cladophora prolifera,Cladophora,Cladophoraceae,Cladophorales,Cladophorales,Chlorophyceae,Chlorophyta,,0.0,0.0
Codium decorticatum,Codium,Codiaceae,Caulerpales,Caulerpales,Chlorophyceae,Chlorophyta,,0.0,0.0
Gracilaria tikvahiae,Gracilaria,Gracilariaceae,Gigartinales,Florideophycideae,Rhodophytina,Rhodophyta,,0.0,0.0
Chondria tenuissima,Chondria,Rhodomelaceae,Ceramiales,Florideophycideae,Rhodophytina,Rhodophyta,,0.0,0.0
Laurencia poitei,Laurencia,Rhodomelaceae,Ceramiales,Florideophycideae,Rhodophytina,Rhodophyta,,0.0,0.0
Laurencia intricata,Laurencia,Rhodomelaceae,Ceramiales,Florideophycideae,Rhodophytina,Rhodophyta,,0.0,0.0
Meristiella gelidum,Meristiella,Solieriaceae,Gigartinales,Florideophycideae,Rhodophytina,Rhodophyta,,0.0,0.0
Liagora mucosa,Liagora,Helminthocladiaceae,Nemaliales,Florideophycideae,Rhodophytina,Rhodophyta,,0.0,0.0
Padina jamaicensis,Padina,Dictyotaceae,Dictyonales,Dictyonales,Phaeophyceae,Phaeophyta,,0.0,0.0
Stypopodium zonale,Stypopodium,Dictyotaceae,Dictyonales,Dictyonales,Phaeophyceae,Phaeophyta,,0.0,0.0
Dictyota divaricata,Dictyota,Dictyotaceae,Dictyonales,Dictyonales,Phaeophyceae,Phaeophyta,,0.0,0.0
Sargassum pteropleuron,Sargassum,Sargassaceae,Fucales,Fucales,Phaeophyceae,Phaeophyta,,0.0,0.0
Sargassum polyceratium,Sargassum,Sargassaceae,Fucales,Fucales,Phaeophyceae,Phaeophyta,,0.0,0.0
Sargassum hystrix,Sargassum,Sargassaceae,Fucales,Fucales,Phaeophyceae,Phaeophyta,,0.0,0.0
Lobophora variegata,Lobophora,Dictyotaceae,Dictyonales,Dictyonales,Phaeophyceae,Phaeophyta,,0.0,0.0
Codium isthmocladum,Codium,Codiaceae,Caulerpales,Caulerpales,Chlorophyceae,Chlorophyta,,0.0,0.0
Bryopsis pennata,Bryopsis,Bryopsidaceae,Bryopsidales,Bryopsidales,Chlorophyceae,Chlorophyta,,0.0,0.0
Microdictyon marinum,Microdictyon,Anadyomenaceae,Cladophorales,Cladophorales,Chlorophyceae,Chlorophyta,,0.0,0.0
Acanthophora spicifera,Acanthophora,Rhodomelaceae,Ceramiales,Florideophycideae,Rhodophytina,Rhodophyta,,0.0,0.0
Dictyota divaricata,Dictyota,Dictyotaceae,Dictyonales,Dictyonales,Phaeophyceae,Phaeophyta,,0.0,0.0
Halimeda opuntia,Halimeda,Codiaceae,Caulerpales,Caulerpales,Chlorophyceae,Chlorophyta,,0.0,0.0
Gracilaria ferox,Gracilaria,Gracilariaceae,Gigartinales,Florideophycideae,Rhodophytina,Rhodophyta,,0.0,0.0
Dictyota dichotoma,Dictyota,Dictyotaceae,Dictyonales,Dictyonales,Phaeophyceae,Phaeophyta,,0.0,0.0
Sargassum polyceratium,Sargassum,Sargassaceae,Fucales,Fucales,Phaeophyceae,Phaeophyta,,0.0,0.0
Lobophora variegata,Lobophora,Dictyotaceae,Dictyonales,Dictyonales,Phaeophyceae,Phaeophyta,,0.0,0.0
Chaetomorpha linum,Chaetomorpha,Cladophoraceae,Cladophorales,Cladophorales,Chlorophyceae,Chlorophyta,,0.0,0.0
Halimeda opuntia,Halimeda,Codiaceae,Caulerpales,Caulerpales,Chlorophyceae,Chlorophyta,,0.0,0.0
Waldeckia obesa,Waldeckia,Lysianassidae,Gammaridea,Amphipoda,Malacostraca,Crustacea,,2.0,3.0
Nereis diversicolor,Nereis,Nereididae,Phyllodocida,Aciculata,Polychaeta,Annelida,,1.0,3.0
Illex coindetii,Illex,Ommastrephidae,Teuthida,Decabrachia,Cephalopoda,Mollusca,,3.0,3.0
Illex coindetii,Illex,Ommastrephidae,Teuthida,Decabrachia,Cephalopoda,Mollusca,,3.0,3.0
Illex coindetii,Illex,Ommastrephidae,Teuthida,Decabrachia,Cephalopoda,Mollusca,,3.0,3.0
Todaropsis eblanae,Todaropsis,Todarodinae,Teuthida,Decabrachia,Cephalopoda,Mollusca,,3.0,3.0
Todaropsis eblanae,Todaropsis,Todarodinae,Teuthida,Decabrachia,Cephalopoda,Mollusca,,3.0,3.0
Todaropsis eblanae,Todaropsis,Todarodinae,Teuthida,Decabrachia,Cephalopoda,Mollusca,,3.0,3.0
Pseudocalanus minutus,Pseudocalanus,Pseudocalanidae,Calanoida,Gymnoplea,Copepoda,Crustacea,,3.0,1.0
Pseudocalanus minutus,Pseudocalanus,Pseudocalanidae,Calanoida,Gymnoplea,Copepoda,Crustacea,,3.0,1.0
Limnocalanus macrurus,Limnocalanus,Centropagidae,Calanoida,Gymnoplea,Copepoda,Crustacea,,3.0,1.0
Eurytemora sp.,Eurytemora,Temoridae,Calanoida,Gymnoplea,Copepoda,Crustacea,,3.0,1.0
Eurytemora sp.,Eurytemora,Temoridae,Calanoida,Gymnoplea,Copepoda,Crustacea,,3.0,1.0
Acartia sp.,Acartia,Acartiidae,Calanoida,Gymnoplea,Copepoda,Crustacea,,3.0,1.0
Acartia sp.,Acartia,Acartiidae,Calanoida,Gymnoplea,Copepoda,Crustacea,,3.0,1.0
Bosmina longispina,Bosmina,Bosminidae,Cladocera,Phyllopoda,Branchiopoda,Crustacea,,3.0,1.0
Evadne nordmanni,Evadne,Polyphemidae,Cladocera,Phyllopoda,Branchiopoda,Crustacea,,3.0,1.0
Nemata,Taxon > Genus,-,-,-,Secermetea,Nemata,,1.0,2.0
Nemata,Taxon > Genus,-,-,-,Secermetea,Nemata,,1.0,2.0
Tegillarca granosa,Tegillarca,Arcidae,Arcoida,Pteriomorphia,Bivalvia,Mollusca,,0.0,1.0
Ulva sp.,Ulva,Ulvaceae,Ulotrichales,Ulotrichales,Chlorophyceae,Chlorophyta,,0.0,0.0
Enteromorpha sp.,Enteromorpha,Ulvaceae,Ulotrichales,Ulotrichales,Chlorophyceae,Chlorophyta,,0.0,0.0
Mixodiaptomus laciniatus,Mixodiaptomus,Diaptomidae,Calanoida,Gymnoplea,Copepoda,Crustacea,,3.0,1.0
Mixodiaptomus laciniatus,Mixodiaptomus,Diaptomidae,Calanoida,Gymnoplea,Copepoda,Crustacea,,3.0,1.0
Mixodiaptomus laciniatus,Mixodiaptomus,Diaptomidae,Calanoida,Gymnoplea,Copepoda,Crustacea,,3.0,1.0
Mixodiaptomus laciniatus,Mixodiaptomus,Diaptomidae,Calanoida,Gymnoplea,Copepoda,Crustacea,,3.0,1.0
Benthosema glaciale,Benthosema,Myctophidae,Myctophiformes,Scopelomorpha,Teleostei,Osteichthyes,,3.0,3.0
Benthosema glaciale,Benthosema,Myctophidae,Myctophiformes,Scopelomorpha,Teleostei,Osteichthyes,,3.0,3.0
Hygophum benoiti,Hygophum,Myctophidae,Myctophiformes,Scopelomorpha,Teleostei,Osteichthyes,,3.0,3.0
Maurolicus muelleri,Maurolicus,Gonostomatidae,Stomiiformes,Stenopterygii,Teleostei,Osteichthyes,,3.0,3.0
Maurolicus muelleri,Maurolicus,Gonostomatidae,Stomiiformes,Stenopterygii,Teleostei,Osteichthyes,,3.0,3.0
Goniastrea aspera,Goniastrea,Faviidae,Scleractinia,Hexacorallia,Anthozoa,Cnidaria,,0.0,2.0
Pocillopora damicornis,Pocillopora,Pocilloporidae,Scleractinia,Hexacorallia,Anthozoa,Cnidaria,,0.0,2.0
Pocillopora verrucosa,Pocillopora,Pocilloporidae,Scleractinia,Hexacorallia,Anthozoa,Cnidaria,,0.0,2.0
Stylophora pistillata,Stylophora,Pocilloporidae,Scleractinia,Hexacorallia,Anthozoa,Cnidaria,,0.0,2.0
Montipora aequituberculata,Montipora,Acroporidae,Scleractinia,Hexacorallia,Anthozoa,Cnidaria,,0.0,2.0
Acropora microphthalma,Acropora,Acroporidae,Scleractinia,Hexacorallia,Anthozoa,Cnidaria,,0.0,2.0
Porites lutea,Porites,Poritidae,Scleractinia,Hexacorallia,Anthozoa,Cnidaria,,0.0,2.0
Porites cylindrica,Porites,Poritidae,Scleractinia,Hexacorallia,Anthozoa,Cnidaria,,0.0,2.0
Fungia fungites,Fungia,Fungiidae,Scleractinia,Hexacorallia,Anthozoa,Cnidaria,,0.0,2.0
Galaxea fascicularis,Galaxea,Oculinidae,Scleractinia,Hexacorallia,Anthozoa,Cnidaria,,0.0,2.0
Galaxea aspera,Galaxea,Oculinidae,Scleractinia,Hexacorallia,Anthozoa,Cnidaria,,0.0,2.0
Oulastrea crispata,Oulastrea,Faviidae,Scleractinia,Hexacorallia,Anthozoa,Cnidaria,,0.0,2.0
Tubastrea sp.,Tubastrea,Faviidae,Scleractinia,Hexacorallia,Anthozoa,Cnidaria,,0.0,2.0
Boloceroides sp.,Boloceroides,Boloceroididae,Actiniaria,Hexacorallia,Anthozoa,Cnidaria,,0.0,2.0
Lobophytum crassum,Lobophytum,Alcyoniidae,Alcyonacea,Alcyonaria,Anthozoa,Cnidaria,,0.0,2.0
Millepora murrayi,Millepora,Milleporidae,Milleporida,Milleporida,Hydrozoa,Cnidaria,,0.0,2.0
Ulva fenestrata,Ulva,Ulvaceae,Ulotrichales,Ulotrichales,Chlorophyceae,Chlorophyta,,0.0,0.0
Enteromorpha intestinalis,Enteromorpha,Ulvaceae,Ulotrichales,Ulotrichales,Chlorophyceae,Chlorophyta,,0.0,0.0
Porphyra sp.,Porphyra,Bangiaceae,Bangiales,Bangiophyceae,Rhodophytina,Rhodophyta,,0.0,0.0
Codium fragile,Codium,Codiaceae,Caulerpales,Caulerpales,Chlorophyceae,Chlorophyta,,0.0,0.0
Pelvetiopsis limitata,Pelvetiopsis,Fucaceae,Fucales,Fucales,Phaeophyceae,Phaeophyta,,0.0,0.0
Ruditapes decussatus,Ruditapes,Tapetinae,Veneroida,Heterodonta,Bivalvia,Mollusca,2.5983130360000004,0.0,1.0
Jasus edwardsii,Jasus,Palinuridae,Palinura,Decapoda,Malacostraca,Crustacea,9.020443045331046,1.0,3.0
Jasus edwardsii,Jasus,Palinuridae,Palinura,Decapoda,Malacostraca,Crustacea,2.94,1.0,3.0
Tapes philippinarum,Tapes,Veneridae,Veneroida,Heterodonta,Bivalvia,Mollusca,,0.0,1.0
Ruditapes decussatus,Ruditapes,Tapetinae,Veneroida,Heterodonta,Bivalvia,Mollusca,,0.0,1.0
Alaria esculanta,Alaria,Alariaceae,Laminariales,Laminariales,Phaeophyceae,Phaeophyta,,0.0,0.0
Laminaria longicruris,Laminaria,Laminariaceae,Laminariales,Laminariales,Phaeophyceae,Phaeophyta,,0.0,0.0
Ulvaria obscura,Ulvaria,Ulvaceae,Ulotrichales,Ulotrichales,Chlorophyceae,Chlorophyta,,0.0,0.0
Panulirus cygnus,Panulirus,Palinuridae,Palinura,Decapoda,Malacostraca,Crustacea,,3.0,3.0
Lampsilis cardium,Lampsilis,Unionidae,Unionoida,Palaeoheterodonta,Bivalvia,Mollusca,,0.0,1.0
Quadrula pustulosa,Quadrula,Unionidae,Unionoida,Palaeoheterodonta,Bivalvia,Mollusca,,0.0,1.0
Elliptio dilatata,Elliptio,Unionidae,Unionoida,Palaeoheterodonta,Bivalvia,Mollusca,,0.0,1.0
Actinonaias ligamentina,Actinonaias,Unionidae,Unionoida,Palaeoheterodonta,Bivalvia,Mollusca,,0.0,1.0
Amblema plicata,Amblema,Unionidae,Unionoida,Palaeoheterodonta,Bivalvia,Mollusca,,0.0,1.0
Salmo salar,Salmo,Salmonidae,Salmoniformes,Protacanthopterygii,Teleostei,Osteichthyes,,3.0,3.0
Salmo salar,Salmo,Salmonidae,Salmoniformes,Protacanthopterygii,Teleostei,Osteichthyes,,3.0,3.0
Salmo salar,Salmo,Salmonidae,Salmoniformes,Protacanthopterygii,Teleostei,Osteichthyes,,3.0,3.0
Oncorhynchus mykiss,Oncorhynchus,Salmonidae,Salmoniformes,Protacanthopterygii,Teleostei,Osteichthyes,,3.0,3.0
Oncorhynchus mykiss,Oncorhynchus,Salmonidae,Salmoniformes,Protacanthopterygii,Teleostei,Osteichthyes,,3.0,3.0
Parasagitta elegans,Parasagitta,Sagittidae,Aphragmophora,Sagittoidea,Chaetognatha,Chaetognatha,,3.0,3.0
Paraeuchaeta antarctica,Paraeuchaeta,Euchaetidae,Calanoida,Gymnoplea,Copepoda,Crustacea,,3.0,1.0
Sesarma rectum,Sesarma,Grapsidae,Brachyura,Decapoda,Malacostraca,Crustacea,,2.0,3.0
Sesarma curacoense,Sesarma,Grapsidae,Brachyura,Decapoda,Malacostraca,Crustacea,,2.0,3.0
Laternula elliptica,Laternula,Laternulidae,Myoida,Heterodonta,Bivalvia,Mollusca,,0.0,1.0
Laternula elliptica,Laternula,Laternulidae,Myoida,Heterodonta,Bivalvia,Mollusca,,0.0,1.0
Ulva fasciata,Ulva,Ulvaceae,Ulotrichales,Ulotrichales,Chlorophyceae,Chlorophyta,,0.0,0.0
Ulva lactuca,Ulva,Ulvaceae,Ulotrichales,Ulotrichales,Chlorophyceae,Chlorophyta,,0.0,0.0
Caulerpa fergusonii,Caulerpa,Caulerpaceae,Caulerpales,Caulerpales,Chlorophyceae,Chlorophyta,,0.0,0.0
Caulerpa laetvirens,Caulerpa,Caulerpaceae,Caulerpales,Caulerpales,Chlorophyceae,Chlorophyta,,0.0,0.0
Caulerpa microphysa,Caulerpa,Caulerpaceae,Caulerpales,Caulerpales,Chlorophyceae,Chlorophyta,,0.0,0.0
Caulerpa peltata,Caulerpa,Caulerpaceae,Caulerpales,Caulerpales,Chlorophyceae,Chlorophyta,,0.0,0.0
Caulerpa scapelliformis,Caulerpa,Caulerpaceae,Caulerpales,Caulerpales,Chlorophyceae,Chlorophyta,,0.0,0.0
Caulerpa taxifolia,Caulerpa,Caulerpaceae,Caulerpales,Caulerpales,Chlorophyceae,Chlorophyta,,0.0,0.0
Caulerpa chemnitzia,Caulerpa,Caulerpaceae,Caulerpales,Caulerpales,Chlorophyceae,Chlorophyta,,0.0,0.0
Padina boeresenii,Padina,Dictyotaceae,Dictyonales,Dictyonales,Phaeophyceae,Phaeophyta,,0.0,0.0
Padina tetrastromatica,Padina,Dictyotaceae,Dictyonales,Dictyonales,Phaeophyceae,Phaeophyta,,0.0,0.0
Lobophora variegata,Lobophora,Dictyotaceae,Dictyonales,Dictyonales,Phaeophyceae,Phaeophyta,,0.0,0.0
Stoechospermum marginatum,Stoechospermum,Dictyotaceae,Dictyonales,Dictyonales,Phaeophyceae,Phaeophyta,,0.0,0.0
Colpomenia sinuosa,Colpomenia,Scytosiphonaceae,Scytosiphonales,Scytosiphonales,Phaeophyceae,Phaeophyta,,0.0,0.0
Chnoospora minima,Chnoospora,Chnoosporaceae ,Scytosiphonales,Scytosiphonales,Phaeophyceae,Phaeophyta,,0.0,0.0
Sargassum ilicifolium,Sargassum,Sargassaceae,Fucales,Fucales,Phaeophyceae,Phaeophyta,,0.0,0.0
Sargassum wightii,Sargassum,Sargassaceae,Fucales,Fucales,Phaeophyceae,Phaeophyta,,0.0,0.0
Sargassum linearifolium,Sargassum,Sargassaceae,Fucales,Fucales,Phaeophyceae,Phaeophyta,,0.0,0.0
Gelidium micropterum,Gelidium,Gelidiaceae,Nemaliales,Florideophycideae,Rhodophytina,Rhodophyta,,0.0,0.0
Portieria hornemani,Portieria,Gloiosiphoniaceae,Cryptonemiales,Florideophycideae,Rhodophytina,Rhodophyta,,0.0,0.0
Cryptonemia lomation,Cryptonemia,Cryptonemiaceae ,Cryptonemiales,Florideophycideae,Rhodophytina,Rhodophyta,,0.0,0.0
Hypnea musciformis,Hypnea,Hypneaceae,Gigartinales,Florideophycideae,Rhodophytina,Rhodophyta,,0.0,0.0
Hypnea valentiae,Hypnea,Hypneaceae,Gigartinales,Florideophycideae,Rhodophytina,Rhodophyta,,0.0,0.0
Gracilaria corticata,Gracilaria,Gracilariaceae,Gigartinales,Florideophycideae,Rhodophytina,Rhodophyta,,0.0,0.0
Gracilaria fergusonii,Gracilaria,Gracilariaceae,Gigartinales,Florideophycideae,Rhodophytina,Rhodophyta,,0.0,0.0
Gelidiella indica,Gelidiella,Gelidiellaceae,Nemaliales,Florideophycideae,Rhodophytina,Rhodophyta,,0.0,0.0
Spyridia hypnoides,Spyridia,Ceramiaceae,Ceramiales,Florideophycideae,Rhodophytina,Rhodophyta,,0.0,0.0
Laurencia flagellifera,Laurencia,Rhodomelaceae,Ceramiales,Florideophycideae,Rhodophytina,Rhodophyta,,0.0,0.0
Laurencia poitei,Laurencia,Rhodomelaceae,Ceramiales,Florideophycideae,Rhodophytina,Rhodophyta,,0.0,0.0
Cystoseira indica,Cystoseira,Cystoseiraceae,Fucales,Fucales,Phaeophyceae,Phaeophyta,,0.0,0.0
Dictypteris australis,Dictypteris,Dictyotaceae,Dictyonales,Dictyonales,Phaeophyceae,Phaeophyta,,0.0,0.0
Dictyota atomaria,Dictyota,Dictyotaceae,Dictyonales,Dictyonales,Phaeophyceae,Phaeophyta,,0.0,0.0
Dictyota bartayresiana,Dictyota,Dictyotaceae,Dictyonales,Dictyonales,Phaeophyceae,Phaeophyta,,0.0,0.0
Dictyota divaricata,Dictyota,Dictyotaceae,Dictyonales,Dictyonales,Phaeophyceae,Phaeophyta,,0.0,0.0
Hydroclathrus clathrus,Hydroclathrus,Scytosiphonaceae,Scytosiphonales,Scytosiphonales,Phaeophyceae,Phaeophyta,,0.0,0.0
Iyengaria stellata,Iyengaria,Scytosiphonaceae ,Scytosiphonales,Scytosiphonales,Phaeophyceae,Phaeophyta,,0.0,0.0
Levringia borgensenii,Levringia,Cutleriaceae,Cutleriales,Cutleriales,Phaeophyceae,Phaeophyta,,0.0,0.0
Padina gymnospora,Padina,Dictyotaceae,Dictyonales,Dictyonales,Phaeophyceae,Phaeophyta,,0.0,0.0
Padina dubia,Padina,Dictyotaceae,Dictyonales,Dictyonales,Phaeophyceae,Phaeophyta,,0.0,0.0
Padina tetrastromatica,Padina,Dictyotaceae,Dictyonales,Dictyonales,Phaeophyceae,Phaeophyta,,0.0,0.0
Sargassum cinctum,Sargassum,Sargassaceae,Fucales,Fucales,Phaeophyceae,Phaeophyta,,0.0,0.0
Sargassum johnstonii,Sargassum,Sargassaceae,Fucales,Fucales,Phaeophyceae,Phaeophyta,,0.0,0.0
Sargassum swartzii,Sargassum,Sargassaceae,Fucales,Fucales,Phaeophyceae,Phaeophyta,,0.0,0.0
Sargassum tenerrimum,Sargassum,Sargassaceae,Fucales,Fucales,Phaeophyceae,Phaeophyta,,0.0,0.0
Sargassum vulgare,Sargassum,Sargassaceae,Fucales,Fucales,Phaeophyceae,Phaeophyta,,0.0,0.0
Spatoglossum asperum,Spatoglossum,Dictyotaceae,Dictyonales,Dictyonales,Phaeophyceae,Phaeophyta,,0.0,0.0
Spatoglossum variable,Spatoglossum,Dictyotaceae,Dictyonales,Dictyonales,Phaeophyceae,Phaeophyta,,0.0,0.0
Stoechospermum marginatum,Stoechospermum,Dictyotaceae,Dictyonales,Dictyonales,Phaeophyceae,Phaeophyta,,0.0,0.0
Monoporeia affinis,Monoporeia,Pontoporeiidae,Gammaridea,Amphipoda,Malacostraca,Crustacea,,1.0,2.0
Porites porites,Porites,Poritidae,Scleractinia,Hexacorallia,Anthozoa,Cnidaria,,0.0,2.0
Montastraea annularis,Montastraea,Faviidae,Scleractinia,Hexacorallia,Anthozoa,Cnidaria,,0.0,2.0
Pocillopora verrucosa,Pocillopora,Pocilloporidae,Scleractinia,Hexacorallia,Anthozoa,Cnidaria,,0.0,2.0
Stylophora pistillata,Stylophora,Pocilloporidae,Scleractinia,Hexacorallia,Anthozoa,Cnidaria,,0.0,2.0
Goniastrea retiformis,Goniastrea,Faviidae,Scleractinia,Hexacorallia,Anthozoa,Cnidaria,,0.0,2.0
Aurelia aurita,Aurelia,Ulmaridae,Semaeostomeae,Semaeostomeae,Scyphozoa,Cnidaria,,0.0,3.0
Ulva rigida,Ulva,Ulvaceae,Ulotrichales,Ulotrichales,Chlorophyceae,Chlorophyta,,0.0,0.0
Porphyra leucosticta,Porphyra,Bangiaceae,Bangiales,Bangiophyceae,Rhodophytina,Rhodophyta,,0.0,0.0
Zostera marina,Zostera,Zosteraceae,Najadales,Alismatidae,Magnoliopsida,Tracheophyta,,0.0,0.0
Mytilus galloprovincialis,Mytilus,Mytilidae,Mytiloida,Pteriomorphia,Bivalvia,Mollusca,,0.0,1.0
Mytilus galloprovincialis,Mytilus,Mytilidae,Mytiloida,Pteriomorphia,Bivalvia,Mollusca,,0.0,1.0
Mytilus edulis,Mytilus,Mytilidae,Mytiloida,Pteriomorphia,Bivalvia,Mollusca,3.2464771874200005,0.0,1.0
Mytilus edulis,Mytilus,Mytilidae,Mytiloida,Pteriomorphia,Bivalvia,Mollusca,3.506810795413334,0.0,1.0
Artemia salina,Artemia,Artemiidae,Anostraca,Sarsostraca,Branchiopoda,Crustacea,,3.0,1.0
Artemia salina,Artemia,Artemiidae,Anostraca,Sarsostraca,Branchiopoda,Crustacea,,3.0,1.0
Artemia salina,Artemia,Artemiidae,Anostraca,Sarsostraca,Branchiopoda,Crustacea,,3.0,1.0
Artemia salina,Artemia,Artemiidae,Anostraca,Sarsostraca,Branchiopoda,Crustacea,,3.0,1.0
Mnemiopsis leidyi,Mnemiopsis,Mnemiidae,Lobata,Tentaculata,Ctenophora,Ctenophora,,3.0,2.0
Mnemiopsis leidyi,Mnemiopsis,Mnemiidae,Lobata,Tentaculata,Ctenophora,Ctenophora,0.2257764666666666,3.0,2.0
Ceratophyllum submersum,Ceratophyllum,Ceratophyllaceae,Nymphaeales,Magnoliidae,Magnoliopsida,Tracheophyta,,0.0,0.0
Chara hispida,Chara,Characeae,Charales,Charales,Charophyceae,Charophyta,,0.0,0.0
Eurythenes gryllus,Eurythenes,Lysianassidae,Gammaridea,Amphipoda,Malacostraca,Crustacea,,3.0,3.0
Nemata,Taxon > Genus,-,-,-,Secermetea,Nemata,,1.0,2.0
Brachionus plicatilis,Brachionus,Brachionidae,Monogononta,Monogononta,Rotifera,Rotifera,,3.0,1.0
Astarte crenata,Astarte,Astartidae,Veneroida,Heterodonta,Bivalvia,Mollusca,,0.0,1.0
Ophiopleura borealis,Ophiopleura,Ophiuridae,Ophiurida,Ophiuroidea,Ophiuroidea,Echinodermata,,1.0,2.0
Ophiacantha bidentata,Ophiacantha,Ophiacanthidae,Ophiorida,Ophiuroidea,Ophiuroidea,Echinodermata,,1.0,2.0
Brachionus plicatilis,Brachionus,Brachionidae,Monogononta,Monogononta,Rotifera,Rotifera,,3.0,1.0
Temora longicornis,Temora,Sulcanidae,Calanoida,Gymnoplea,Copepoda,Crustacea,,3.0,2.0
Eurytemora sp.,Eurytemora,Temoridae,Calanoida,Gymnoplea,Copepoda,Crustacea,,3.0,1.0
Artemia salina,Artemia,Artemiidae,Anostraca,Sarsostraca,Branchiopoda,Crustacea,,3.0,1.0
Ancherythroculter nigrocauda,Ancherythroculter,Cyprinidae,Cypriniformes,Ostariophysi,Teleostei,Osteichthyes,3.4802064,3.0,3.0
Calanus sinicus,Calanus,Calanidae,Calanoida,Gymnoplea,Copepoda,Crustacea,,3.0,1.0
Monoporeia affinis,Monoporeia,Pontoporeiidae,Gammaridea,Amphipoda,Malacostraca,Crustacea,,1.0,2.0
Pontoporeia femorata,Pontoporeia,Pontoporeiidae,Gammaridea,Amphipoda,Malacostraca,Crustacea,,1.0,2.0
Pocillopora capitata,Pocillopora,Pocilloporidae,Scleractinia,Hexacorallia,Anthozoa,Cnidaria,,0.0,2.0
Ostrea edulis,Ostrea,Ostreidae,Ostreoida,Pteriomorphia,Bivalvia,Mollusca,,0.0,1.0
Asterina frigida,Asterina,Asterinidae,Spinulosida,Asteroidea,Asteroidea,Echinodermata,,1.0,3.0
Asterina gibbosa,Asterina,Asterinidae,Spinulosida,Asteroidea,Asteroidea,Echinodermata,,1.0,3.0
Anasterias perrieri,Anasterias,Asteriidae,Forcipulatida,Asteroidea,Asteroidea,Echinodermata,,1.0,3.0
Anteliaster scaber,Anteliaster,Asteriidae,Forcipulatida,Asteroidea,Asteroidea,Echinodermata,,1.0,3.0
Diplasterias meridionalis,Diplasterias,Pterasteridae,Spinulosida,Asteroidea,Asteroidea,Echinodermata,,1.0,3.0
Leptychaster kerguelensis,Leptychaster,Astropectinidae,Paxillosida,Asteroidea,Asteroidea,Echinodermata,,1.0,3.0
Odontaster meridionalis,Odontaster,Odontasteridae,Valvatida,Asteroidea,Asteroidea,Echinodermata,,1.0,3.0
Pteraster affinis,Pteraster,Pterasteridae,Spinulosida,Asteroidea,Asteroidea,Echinodermata,,1.0,3.0
Amphiura angularis,Amphiura,Amphiuridae,Ophiurida,Ophiuroidea,Ophiuroidea,Echinodermata,,1.0,2.0
Amphiura antarctica,Amphiura,Amphiuridae,Ophiurida,Ophiuroidea,Ophiuroidea,Echinodermata,,1.0,2.0
Amphiura chiajei,Amphiura,Amphiuridae,Ophiurida,Ophiuroidea,Ophiuroidea,Echinodermata,,1.0,2.0
Amphiura filiformis,Amphiura,Amphiuridae,Ophiurida,Ophiuroidea,Ophiuroidea,Echinodermata,,1.0,2.0
Ophiacantha vivipara,Ophiacantha,Ophiacanthidae,Ophiorida,Ophiuroidea,Ophiuroidea,Echinodermata,,1.0,2.0
Ophioderma longicauda,Ophioderma,Ophiodermatidae,Ophiurida,Ophiuroidea,Ophiuroidea,Echinodermata,,1.0,2.0
Ophionotus hexactis,Ophionotus,Ophiuridae,Ophiurida,Ophiuroidea,Ophiuroidea,Echinodermata,,1.0,2.0
Ophioplocus imbricata,Ophioplocus,Ophiuridae,Ophiurida,Ophiuroidea,Ophiuroidea,Echinodermata,,1.0,2.0
Ophiura ambigua,Ophiura,Ophiuridae,Ophiurida,Ophiuroidea,Ophiuroidea,Echinodermata,,1.0,2.0
Ophiura brevispina,Ophiura,Ophiuridae,Ophiurida,Ophiuroidea,Ophiuroidea,Echinodermata,,1.0,2.0
Ophiura texturata,Ophiura,Ophiuridae,Ophiurida,Ophiuroidea,Ophiuroidea,Echinodermata,,1.0,2.0
Actinopyga mauritana,Actinopyga,Holothuriidae,Aspidochirotida,Aspidochirotacea,Holothuroidea,Echinodermata,,1.0,2.0
Afrocucumis africana,Afrocucumis,Cucumariidae,Dendrochirotida,Dendrochirotacea,Holothuroidea,Echinodermata,,1.0,2.0
Chiridota rigida,Chiridota,Chiridotidae,Apodida,Apodacea,Holothuroidea,Echinodermata,,1.0,2.0
Cladodactyla crocea,Cladodactyla,Cucumariidae,Dendrochirotida,Dendrochirotacea,Holothuroidea,Echinodermata,,1.0,2.0
Cucumaris planci,Cucumaris,Cucumariidae,Dendrochirotida,Dendrochirotacea,Holothuroidea,Echinodermata,,1.0,2.0
Eumolpadia violacea,Eumolpadia,Molpadiidae,Molpadiida,Apodacea,Holothuroidea,Echinodermata,,1.0,2.0
Holothuria atra,Holothuria,Holothuriidae,Aspidochirotida,Aspidochirotacea,Holothuroidea,Echinodermata,,1.0,2.0
Holothuria difficilis,Holothuria,Holothuriidae,Aspidochirotida,Aspidochirotacea,Holothuroidea,Echinodermata,,1.0,2.0
Holothuria glabberima,Holothuria,Holothuriidae,Aspidochirotida,Aspidochirotacea,Holothuroidea,Echinodermata,,1.0,2.0
Holothuria grisea,Holothuria,Holothuriidae,Aspidochirotida,Aspidochirotacea,Holothuroidea,Echinodermata,,1.0,2.0
Holothuria hilla,Holothuria,Holothuriidae,Aspidochirotida,Aspidochirotacea,Holothuroidea,Echinodermata,,1.0,2.0
Holothuria leucospilota,Holothuria,Holothuriidae,Aspidochirotida,Aspidochirotacea,Holothuroidea,Echinodermata,,1.0,2.0
Labidoplax digita,Labidoplax,Synaptidae,Apodida,Apodacea,Holothuroidea,Echinodermata,,1.0,2.0
Stereoderma laevigata,Stereoderma,Cucumariidae,Dendrochirotida,Dendrochirotacea,Holothuroidea,Echinodermata,,1.0,2.0
Trachythyone argestina,Trachythyone,Cucumariidae,Dendrochirotida,Dendrochirotacea,Holothuroidea,Echinodermata,,1.0,2.0
Trachythyone elongata,Trachythyone,Cucumariidae,Dendrochirotida,Dendrochirotacea,Holothuroidea,Echinodermata,,1.0,2.0
Trachythyone muricata,Trachythyone,Cucumariidae,Dendrochirotida,Dendrochirotacea,Holothuroidea,Echinodermata,,1.0,2.0
Riftia pachyptila,Riftia,Riftiidae,Riftiida,Pogonophora,Pogonophora,Annelida,2.8967650000000007,0.0,2.0
Pontoporeia hoyi,Pontoporeia,Pontoporeiidae,Gammaridea,Amphipoda,Malacostraca,Crustacea,,2.0,2.0
Pontoporeia hoyi,Pontoporeia,Pontoporeiidae,Gammaridea,Amphipoda,Malacostraca,Crustacea,,2.0,2.0
Pontoporeia hoyi,Pontoporeia,Pontoporeiidae,Gammaridea,Amphipoda,Malacostraca,Crustacea,,2.0,2.0
Morone saxatilis,Morone,Moronidae,Perciformes,Acanthopterygii,Teleostei,Osteichthyes,,3.0,3.0
Paracalanus parvus,Paracalanus,Paracalanidae,Calanoida,Gymnoplea,Copepoda,Crustacea,,3.0,1.0
Paracalanus parvus,Paracalanus,Paracalanidae,Calanoida,Gymnoplea,Copepoda,Crustacea,,3.0,1.0
Paracalanus crassirostris,Paracalanus,Paracalanidae,Calanoida,Gymnoplea,Copepoda,Crustacea,,3.0,1.0
Temora turbinata,Temora,Sulcanidae,Calanoida,Gymnoplea,Copepoda,Crustacea,,3.0,2.0
Centropages yamadai,Centropages,Centropagidae,Calanoida,Gymnoplea,Copepoda,Crustacea,,3.0,2.0
Centropages yamadai,Centropages,Centropagidae,Calanoida,Gymnoplea,Copepoda,Crustacea,,3.0,2.0
Pseudodiaptomus marinus,Pseudodiaptomus,Pseudodiaptomidae,Calanoida,Gymnoplea,Copepoda,Crustacea,,3.0,1.0
Pseudodiaptomus marinus,Pseudodiaptomus,Pseudodiaptomidae,Calanoida,Gymnoplea,Copepoda,Crustacea,,3.0,1.0
Pontella sp.,Pontella,Pontellidae,Calanoida,Gymnoplea,Copepoda,Crustacea,,3.0,1.0
Pontellopsis tenuicauda,Pontellopsis,Pontellidae,Calanoida,Gymnoplea,Copepoda,Crustacea,,3.0,1.0
Pontellopsis tenuicauda,Pontellopsis,Pontellidae,Calanoida,Gymnoplea,Copepoda,Crustacea,,3.0,1.0
Labidocera bipinnata,Labidocera,Pontellidae,Calanoida,Gymnoplea,Copepoda,Crustacea,,3.0,1.0
Labidocera bipinnata,Labidocera,Pontellidae,Calanoida,Gymnoplea,Copepoda,Crustacea,,3.0,1.0
Calanopia thompsoni,Calanopia,Pontellidae,Calanoida,Gymnoplea,Copepoda,Crustacea,,3.0,1.0
Calanopia thompsoni,Calanopia,Pontellidae,Calanoida,Gymnoplea,Copepoda,Crustacea,,3.0,1.0
Acartia erythraea,Acartia,Acartiidae,Calanoida,Gymnoplea,Copepoda,Crustacea,,3.0,1.0
Acartia erythraea,Acartia,Acartiidae,Calanoida,Gymnoplea,Copepoda,Crustacea,,3.0,1.0
Acartia pacifica,Acartia,Acartiidae,Calanoida,Gymnoplea,Copepoda,Crustacea,,3.0,1.0
Corycaeus affinis,Corycaeus,Corycaeidae,Calanoida,Gymnoplea,Copepoda,Crustacea,,3.0,1.0
Microsetella norvegica,Microsetella,Ectinosomatidae,Harpacticoida,Podoplea,Copepoda,Crustacea,,3.0,1.0
Microsetella norvegica,Microsetella,Ectinosomatidae,Harpacticoida,Podoplea,Copepoda,Crustacea,,3.0,1.0
Oikopleura dioica,Oikopleura,Oikopleuridae,Copelata,Copelata,Appendicularia,Tunicata,,3.0,1.0
Engraulis japonica,Engraulis,Engraulidae,Clupeiformes,Clupeomorpha,Teleostei,Osteichthyes,,3.0,2.0
Calyptogena pacifica,Calyptogena,Vesicomyidae,Veneroida,Heterodonta,Bivalvia,Mollusca,,0.0,2.0
Monoporeia affinis,Monoporeia,Pontoporeiidae,Gammaridea,Amphipoda,Malacostraca,Crustacea,,2.0,2.0
Pontoporeia femorata,Pontoporeia,Pontoporeiidae,Gammaridea,Amphipoda,Malacostraca,Crustacea,,2.0,2.0
Aequorea victoria,Aequorea,Aequoreidae,Leptomedusae,Hydroida,Hydrozoa,Cnidaria,0.0589196533333333,3.0,3.0
Ostrea puelchana,Ostrea,Ostreidae,Ostreoida,Pteriomorphia,Bivalvia,Mollusca,4.814080528022523,0.0,1.0
Pocillopora meandria,Pocillopora,Pocilloporidae,Scleractinia,Hexacorallia,Anthozoa,Cnidaria,,0.0,2.0
Pocillopora damicornis,Pocillopora,Pocilloporidae,Scleractinia,Hexacorallia,Anthozoa,Cnidaria,,0.0,2.0
Cyphastrea ocellina,Cyphastrea,Faviidae,Scleractinia,Hexacorallia,Anthozoa,Cnidaria,,0.0,2.0
Montipora verrucosa,Montipora,Acroporidae,Scleractinia,Hexacorallia,Anthozoa,Cnidaria,,0.0,2.0
Porites compressa,Porites,Poritidae,Scleractinia,Hexacorallia,Anthozoa,Cnidaria,,0.0,2.0
Pontoporeia hoyi,Pontoporeia,Pontoporeiidae,Gammaridea,Amphipoda,Malacostraca,Crustacea,,2.0,2.0
Stylodrilus heringianus,Stylodrilus,Lumbriculidae ,Lumbriculida,Oligochaeta,Clitellata,Annelida,,1.0,2.0
Chironomus sp.,Chironomidae,Chironomidae,Nematocera,Diptera,Pterygota,Insecta,,1.0,2.0
Mysis relicta,Mysis,Mysidae,Mysida,Mysida,Malacostraca,Crustacea,,2.0,3.0
Tubificidae sp.,Tubificidae,Tubificidae,Haplotaxida,Oligochaeta,Clitellata,Annelida,,1.0,2.0
Diporeia sp.,Diporeia,Pontoporeiidae,Gammaridea,Amphipoda,Malacostraca,Crustacea,,1.0,2.0
Diporeia sp.,Diporeia,Pontoporeiidae,Gammaridea,Amphipoda,Malacostraca,Crustacea,,1.0,2.0
Caulerpa mexicana,Caulerpa,Caulerpaceae,Caulerpales,Caulerpales,Chlorophyceae,Chlorophyta,,0.0,0.0
Caulerpa prolifera,Caulerpa,Caulerpaceae,Caulerpales,Caulerpales,Chlorophyceae,Chlorophyta,,0.0,0.0
Caulerpa cupressoides,Caulerpa,Caulerpaceae,Caulerpales,Caulerpales,Chlorophyceae,Chlorophyta,,0.0,0.0
Caulerpa paspaloides,Caulerpa,Caulerpaceae,Caulerpales,Caulerpales,Chlorophyceae,Chlorophyta,,0.0,0.0
Caulerpa ashmeadii,Caulerpa,Caulerpaceae,Caulerpales,Caulerpales,Chlorophyceae,Chlorophyta,,0.0,0.0
Caulerpa racemosa,Caulerpa,Caulerpaceae,Caulerpales,Caulerpales,Chlorophyceae,Chlorophyta,,0.0,0.0
Adenocystis utricularis,Adenocystis,Punctariaceae,Dictyosiphonales,Dictyosiphonales,Phaeophyceae,Phaeophyta,,0.0,0.0
Ascoseira mirabilis,Ascoseira,Ascoseiraceae,Ascoseirales,Ascoseirales,Phaeophyceae,Phaeophyta,,0.0,0.0
Cystosphaera jacquinotii,Cystosphaera,Seirococcaceae,Fucales,Fucales,Phaeophyceae,Phaeophyta,,0.0,0.0
Desmarestia anceps,Desmarestia,Desmarestiaceae,Desmarestiales,Desmarestiales,Phaeophyceae,Phaeophyta,,0.0,0.0
Desmarestia antarctica,Desmarestia,Desmarestiaceae,Desmarestiales,Desmarestiales,Phaeophyceae,Phaeophyta,,0.0,0.0
Desmarestia menziesii,Desmarestia,Desmarestiaceae,Desmarestiales,Desmarestiales,Phaeophyceae,Phaeophyta,,0.0,0.0
Halopteris obovata,Halopteris,Styphocaulaceae,Sphacelariales,Sphacelariales,Phaeophyceae,Phaeophyta,,0.0,0.0
Himantothallus grandifolius,Himantothallus,Desmarestiaceae,Desmarestiales,Desmarestiales,Phaeophyceae,Phaeophyta,,0.0,0.0
Phaeurus antarcticus,Phaeurus,Desmarestiaceae,Desmarestiales,Desmarestiales,Phaeophyceae,Phaeophyta,,0.0,0.0
Acanthococcus antarcticus,Acanthococcus,Rhodophyllidaceae,Gigartinales,Florideophycideae,Rhodophytina,Rhodophyta,,0.0,0.0
Callophyllis atrosanguinea,Callophyllis,Kallymeniaceae,Cryptonemiales,Florideophycideae,Rhodophytina,Rhodophyta,,0.0,0.0
Curdiea racovitzae,Curdiea,Gracilariaceae,Gigartinales,Florideophycideae,Rhodophytina,Rhodophyta,,0.0,0.0
Delesseria salicifolia,Delesseria,Delesseriaceae,Ceramiales,Florideophycideae,Rhodophytina,Rhodophyta,,0.0,0.0
Delisea pulchra,Delisea,Bonnemaisoniaceae,Nemaliales,Florideophycideae,Rhodophytina,Rhodophyta,,0.0,0.0
Georgiella confluens,Georgiella,Ceramiaceae,Ceramiales,Florideophycideae,Rhodophytina,Rhodophyta,,0.0,0.0
Gigartina skottsbergii,Gigartina,Gigartinaceae,Gigartinales,Florideophycideae,Rhodophytina,Rhodophyta,,0.0,0.0
Gymnogongrus antarcticus,Gymnogongrus,Phyllophoraceae,Gigartinales,Florideophycideae,Rhodophytina,Rhodophyta,,0.0,0.0
Gymnogongrus turquetii,Gymnogongrus,Phyllophoraceae,Gigartinales,Florideophycideae,Rhodophytina,Rhodophyta,,0.0,0.0
Iridaea cordata,Iridaea,Gigartinaceae,Gigartinales,Florideophycideae,Rhodophytina,Rhodophyta,,0.0,0.0
Kallymenia antarctica,Kallymenia,Kallymeniaceae,Cryptonemiales,Florideophycideae,Rhodophytina,Rhodophyta,,0.0,0.0
Myriogramme mangini,Myriogramme,Delesseriaceae,Ceramiales,Florideophycideae,Rhodophytina,Rhodophyta,,0.0,0.0
Myriogramme smithii,Myriogramme,Delesseriaceae,Ceramiales,Florideophycideae,Rhodophytina,Rhodophyta,,0.0,0.0
Nereoginkgo adiantifolia,Nereogingko,Kallymeniaceae,Cryptonemiales,Florideophycideae,Rhodophytina,Rhodophyta,,0.0,0.0
Pachymenia orbicularis,Pachymenia,Pachymenaceae,Cryptonemiales,Florideophycideae,Rhodophytina,Rhodophyta,,0.0,0.0
Palmaria decipiens,Palmaria,Rhodymeniaceae,Rhodymeniales,Florideophycideae,Rhodophytina,Rhodophyta,,0.0,0.0
Pantoneura plocamioides,Pantoneura,Delesseriaceae,Ceramiales,Florideophycideae,Rhodophytina,Rhodophyta,,0.0,0.0
Phycodrys austrogeorgica,Phycodrys,Delesseriaceae,Ceramiales,Florideophycideae,Rhodophytina,Rhodophyta,,0.0,0.0
Picconiella plumosa,Picconiella,Rhodomelaceae,Ceramiales,Florideophycideae,Rhodophytina,Rhodophyta,,0.0,0.0
Plocamium cartilagineum,Plocamium,Plocamiaceae,Gigartinales,Florideophycideae,Rhodophytina,Rhodophyta,,0.0,0.0
Plumariopsis peninsularis,Plumariopsis,Ceramiaceae,Ceramiales,Florideophycideae,Rhodophytina,Rhodophyta,,0.0,0.0
Cladophora repens,Cladophora,Cladophoraceae,Cladophorales,Cladophorales,Chlorophyceae,Chlorophyta,,0.0,0.0
Porphyra endiviifolium,Porphyra,Bangiaceae,Bangiales,Bangiophyceae,Rhodophytina,Rhodophyta,,0.0,0.0
Porphyra plocamiestris,Porphyra,Bangiaceae,Bangiales,Bangiophyceae,Rhodophytina,Rhodophyta,,0.0,0.0
Lambia antarctica,Lambia,Bryopsidaceae,Bryopsidales,Bryopsidales,Chlorophyceae,Chlorophyta,,0.0,0.0
Monostroma hariotii,Monostroma,Monostromataceae,Ulotrichales,Ulotrichales,Chlorophyceae,Chlorophyta,,0.0,0.0
Ulva hookeriana,Ulva,Ulvaceae,Ulotrichales,Ulotrichales,Chlorophyceae,Chlorophyta,,0.0,0.0
Diaptomus cyaneus,Diaptomus,Diaptomidae,Calanoida,Gymnoplea,Copepoda,Crustacea,,3.0,1.0
Cyclops abyssorum,Cyclops,Cyclopidae,Cyclopoida,Podoplea,Copepoda,Crustacea,,3.0,1.0
Daphnia pulicaria,Daphnia,Daphniidae,Cladocera,Phyllopoda,Branchiopoda,Crustacea,,3.0,1.0
Sterechinus neumayeri,Sterechinus,Echinidae,Echinoida,Euechinoidea,Echinoidea,Echinodermata,,3.0,1.0
Alcyonium paessleri,Alcyonium,Alcyoniidae,Alcyonacea,Alcyonaria,Anthozoa,Cnidaria,,0.0,3.0
Clavularia frankliniana,Clavularia,Clavulariidae,Alcyonacea,Alcyonaria,Anthozoa,Cnidaria,,0.0,3.0
Gersemia antarctica,Gersemia,Nephtheidae ,Alcyonacea,Alcyonaria,Anthozoa,Cnidaria,,0.0,3.0
Limacina helicina,Limacina,Limacinidae,Thecosomata,Thecosomata,Gastropoda,Mollusca,,3.0,1.0
Limacina helicina,Limacina,Limacinidae,Thecosomata,Thecosomata,Gastropoda,Mollusca,,3.0,1.0
Chiridius armatus,Chiridius,Aetideidae,Calanoida,Gymnoplea,Copepoda,Crustacea,,3.0,3.0
Boreomysis arctica,Boreomysis,Mysidae,Mysida,Mysida,Malacostraca,Crustacea,,2.0,3.0
Eukrohnia hamata,Eukrohnia,Eukrohniidae,Phragmophora,Sagittoidea,Chaetognatha,Chaetognatha,,3.0,3.0
Osmerus mordax,Osmerus,Osmeridae,Osmeriformes,Protacanthopterygii,Teleostei,Osteichthyes,4.83684,3.0,3.0
Coregonus artedii,Coregonus,Salmonidae,Salmoniformes,Protacanthopterygii,Teleostei,Osteichthyes,6.6298770000000005,3.0,3.0
Coregonus hoyi,Coregonus,Salmonidae,Salmoniformes,Protacanthopterygii,Teleostei,Osteichthyes,7.92512,3.0,3.0
Sander lucioperca,Sander,Percidae,Perciformes,Acanthopterygii,Teleostei,Osteichthyes,4.0779,3.0,3.0
Sander lucioperca,Sander,Percidae,Perciformes,Acanthopterygii,Teleostei,Osteichthyes,4.98556,3.0,3.0
Morone chrysops,Morone,Moronidae,Perciformes,Acanthopterygii,Teleostei,Osteichthyes,3.697865,3.0,3.0
Morone chrysops,Morone,Moronidae,Perciformes,Acanthopterygii,Teleostei,Osteichthyes,5.02677,3.0,3.0
Phoxinus phoxinus,Phoxinus,Cyprinidae,Cypriniformes,Ostariophysi,Teleostei,Osteichthyes,,3.0,3.0
Perca flavescens,Perca,Percidae,Perciformes,Acanthopterygii,Teleostei,Osteichthyes,3.74319,3.0,3.0
Perca flavescens,Perca,Percidae,Perciformes,Acanthopterygii,Teleostei,Osteichthyes,3.623081,3.0,3.0
Perca flavescens,Perca,Percidae,Perciformes,Acanthopterygii,Teleostei,Osteichthyes,3.971,3.0,3.0
Perca flavescens,Perca,Percidae,Perciformes,Acanthopterygii,Teleostei,Osteichthyes,4.058288999999999,3.0,3.0
Perca flavescens,Perca,Percidae,Perciformes,Acanthopterygii,Teleostei,Osteichthyes,3.999552,3.0,3.0
Perca flavescens,Perca,Percidae,Perciformes,Acanthopterygii,Teleostei,Osteichthyes,3.966252,3.0,3.0
Centropages typicus,Centropages,Centropagidae,Calanoida,Gymnoplea,Copepoda,Crustacea,,3.0,2.0
Centropages typicus,Centropages,Centropagidae,Calanoida,Gymnoplea,Copepoda,Crustacea,,3.0,2.0
Centropages typicus,Centropages,Centropagidae,Calanoida,Gymnoplea,Copepoda,Crustacea,,3.0,2.0
Pseudocalanus sp.,Pseudocalanus,Pseudocalanidae,Calanoida,Gymnoplea,Copepoda,Crustacea,,3.0,1.0
Pseudocalanus sp.,Pseudocalanus,Pseudocalanidae,Calanoida,Gymnoplea,Copepoda,Crustacea,,3.0,1.0
Calanus finmarchicus,Calanus,Calanidae,Calanoida,Gymnoplea,Copepoda,Crustacea,,3.0,1.0
Calanus finmarchicus,Calanus,Calanidae,Calanoida,Gymnoplea,Copepoda,Crustacea,,3.0,1.0
Calanus finmarchicus,Calanus,Calanidae,Calanoida,Gymnoplea,Copepoda,Crustacea,,3.0,1.0
Calanus finmarchicus,Calanus,Calanidae,Calanoida,Gymnoplea,Copepoda,Crustacea,,3.0,1.0
Calanus finmarchicus,Calanus,Calanidae,Calanoida,Gymnoplea,Copepoda,Crustacea,,3.0,1.0
Calanus finmarchicus,Calanus,Calanidae,Calanoida,Gymnoplea,Copepoda,Crustacea,,3.0,1.0
Calanus finmarchicus,Calanus,Calanidae,Calanoida,Gymnoplea,Copepoda,Crustacea,,3.0,1.0
Calanus finmarchicus,Calanus,Calanidae,Calanoida,Gymnoplea,Copepoda,Crustacea,,3.0,1.0
Calanus finmarchicus,Calanus,Calanidae,Calanoida,Gymnoplea,Copepoda,Crustacea,,3.0,1.0
Calanus finmarchicus,Calanus,Calanidae,Calanoida,Gymnoplea,Copepoda,Crustacea,,3.0,1.0
Undinula vulgaris,Undinula,Calanidae,Calanoida,Gymnoplea,Copepoda,Crustacea,,3.0,1.0
Eucalanus elongatus,Eucalanus,Eucalanidae,Calanoida,Gymnoplea,Copepoda,Crustacea,,3.0,1.0
Rhincalanus cornutus,Rhincalanus,Eucalanidae,Calanoida,Gymnoplea,Copepoda,Crustacea,,3.0,1.0
Labidocera acuta,Labidocera,Pontellidae,Calanoida,Gymnoplea,Copepoda,Crustacea,,3.0,3.0
Corycaeus speciosus,Corycaeus,Corycaeidae,Calanoida,Gymnoplea,Copepoda,Crustacea,,3.0,1.0
Acanthephyra sanguinea,Acanthephyra,Oplophoridae,Caridea,Decapoda,Malacostraca,Crustacea,,3.0,3.0
Sergestes sp.,Sergestes,Sergestidae,Sergestoidea,Decapoda,Malacostraca,Crustacea,,3.0,3.0
Sagitta pacifica,Sagitta,Sagittidae,Aphragmophora,Sagittoidea,Chaetognatha,Chaetognatha,,3.0,3.0
Cypridina dentata,Cypridina,Cypridinidae,Myodocopa,Ostracoda,Ostracoda,Crustacea,,3.0,1.0
Euphausia sp.,Euphausia,Euphausiidae,Euphausiacea,Euphausiacea,Malacostraca,Crustacea,,3.0,2.0
Pyrosoma sp.,Pyrosoma,Pyrosomidae,Pyrosomida,Pyrosomida,Thaliacea,Tunicata,,3.0,1.0
Creseis acicula,Creseis,Cavoliniidae,Thecosomata,Thecosomata,Gastropoda,Mollusca,,3.0,2.0
Apostichopus japonicus,Apostichopus,Stichopodidae,Aspidochirotida,Aspidochirotacea,Holothuroidea,Echinodermata,0.6139156974789918,1.0,1.0
Apostichopus japonicus,Apostichopus,Stichopodidae,Aspidochirotida,Aspidochirotacea,Holothuroidea,Echinodermata,0.5936940308123251,1.0,1.0
Apostichopus japonicus,Apostichopus,Stichopodidae,Aspidochirotida,Aspidochirotacea,Holothuroidea,Echinodermata,0.6202834344202799,1.0,1.0
Mertensia ovum,Mertensia,Mertensiidae,Cydippida,Tentaculata,Ctenophora,Ctenophora,,3.0,3.0
Squalus acanthias,Squalus,Squalidae,Squaliformes,Euselachii ,Elasmobranchii,Chondrichthyes,,3.0,3.0
Schroederichthys bividus,Schroederichthys,Scyliorhinidae,Carcharhiniformes,Euselachii ,Elasmobranchii,Chondrichthyes,,3.0,3.0
Discopyge tschudii,Discopyge,Torpedinidae,Torpediniformes,Euselachii ,Elasmobranchii,Chondrichthyes,,3.0,3.0
Dipturus chilensis,Dipturus,Rajidae,Rajiformes,Euselachii ,Elasmobranchii,Chondrichthyes,,3.0,3.0
Psammobatis scobina,Psammobatis,Rajidae,Rajiformes,Euselachii ,Elasmobranchii,Chondrichthyes,,3.0,3.0
Psammobatis normani,Psammobatis,Rajidae,Rajiformes,Euselachii ,Elasmobranchii,Chondrichthyes,,3.0,3.0
Bathyraja brachyurops,Bathyraja,Rajidae,Rajiformes,Euselachii ,Elasmobranchii,Chondrichthyes,,3.0,3.0
Bathyraja macloviana,Bathyraja,Rajidae,Rajiformes,Euselachii ,Elasmobranchii,Chondrichthyes,,3.0,3.0
Bathyraja scaphiops,Bathyraja,Rajidae,Rajiformes,Euselachii ,Elasmobranchii,Chondrichthyes,,3.0,3.0
Callorhinchus callorhynchus,Callorhinchus,Callorhinchidae,Chimaeriformes,Holocephalimorpha,Holocephali,Chondrichthyes,,3.0,3.0
Bassanago albescens,Bassanago,Congridae,Anguilliformes,Elopomorpha,Teleostei,Osteichthyes,,3.0,3.0
Salilota australis,Salilota,Moridae,Gadiformes,Paracanthopterygii,Teleostei,Osteichthyes,,3.0,3.0
Austrophycis marginata,Austrophycis,Moridae,Gadiformes,Paracanthopterygii,Teleostei,Osteichthyes,,3.0,3.0
Micromesistius magellanicus,Micromesistius,Gadidae,Gadiformes,Paracanthopterygii,Teleostei,Osteichthyes,,3.0,3.0
Macruronus magellanicus,Macruronus,Merlucciidae,Gadiformes,Paracanthopterygii,Teleostei,Osteichthyes,,3.0,3.0
Merluccius australis,Merluccius,Merlucciidae,Gadiformes,Paracanthopterygii,Teleostei,Osteichthyes,,3.0,3.0
Merluccius hubbsi,Merluccius,Merlucciidae,Gadiformes,Paracanthopterygii,Teleostei,Osteichthyes,,3.0,3.0
Coelorhynchus fasciatus,Coelorhynchus,Macrouridae,Gadiformes,Paracanthopterygii,Teleostei,Osteichthyes,,3.0,3.0
Genypterus blacodes,Genypterus,Ophidiidae,Ophidiiformes,Paracanthopterygii,Teleostei,Osteichthyes,,3.0,3.0
Sebastes oculatus,Sebastes,Scorpaenidae,Scorpaeniformes,Acanthopterygii,Teleostei,Osteichthyes,,3.0,3.0
Prionotus nudigula,Prionotus,Triglidae,Scorpaeniformes,Acanthopterygii,Teleostei,Osteichthyes,,3.0,3.0
Congiopodus peruvianus,Congiopodus,Conigopodidae,Scorpaeniformes,Acanthopterygii,Teleostei,Osteichthyes,,3.0,3.0
Acanthistius brasilianus,Acanthistius,Serranidae,Perciformes,Acanthopterygii,Teleostei,Osteichthyes,,3.0,3.0
Brama brama,Brama,Bramidae,Perciformes,Acanthopterygii,Teleostei,Osteichthyes,,3.0,3.0
Iluocoetes fimbriatus,Iluocoetes,Zoarcidae,Perciformes,Acanthopterygii,Teleostei,Osteichthyes,,3.0,3.0
Cottoperca gobio,Cottoperca,Bovichthyidae,Perciformes,Acanthopterygii,Teleostei,Osteichthyes,,3.0,3.0
Parona signata,Parona,Carangidae,Perciformes,Acanthopterygii,Teleostei,Osteichthyes,,3.0,3.0
Nemadactylus bergi,Nemadactylus,Cheilodactylidae,Perciformes,Acanthopterygii,Teleostei,Osteichthyes,,3.0,3.0
Dissostichus eleginoides,Dissostichus,Nototheniidae,Perciformes,Acanthopterygii,Teleostei,Osteichthyes,,3.0,3.0
Patagonotothen ramsayi,Patagonotothen,Nototheniidae,Perciformes,Acanthopterygii,Teleostei,Osteichthyes,,3.0,3.0
Pseudopercis semifasciata,Pseudopercis,Pinguipedidae,Perciformes,Acanthopterygii,Teleostei,Osteichthyes,,3.0,3.0
Scomber japonicus,Scomber ,Scombridae,Perciformes,Acanthopterygii,Teleostei,Osteichthyes,,3.0,3.0
Seriolella punctata,Seriolella,Centrolophidae,Perciformes,Acanthopterygii,Teleostei,Osteichthyes,,3.0,3.0
Stromateus brasiliensis,Stromateus,Stromateidae,Perciformes,Acanthopterygii,Teleostei,Osteichthyes,,3.0,3.0
Cottunculus granulosus,Cottunculus,Psychrolutidae,Scorpaeniformes,Acanthopterygii,Teleostei,Osteichthyes,,3.0,3.0
Paralichthys patagonicus,Paralichthys,Paralichthyidae,Pleuronectiformes,Acanthopterygii,Teleostei,Osteichthyes,,3.0,3.0
Mancopsetta maculata,Mancopsetta,Achiropsettidae,Pleuronectiformes,Acanthopterygii,Teleostei,Osteichthyes,,3.0,3.0
Illex argentinus,Illex,Ommastrephidae,Teuthida,Decabrachia,Cephalopoda,Mollusca,,3.0,3.0
Moroteuthis ingens,Moroteuthis,Onychoteuthidae,Teuthida,Decabrachia,Cephalopoda,Mollusca,,3.0,3.0
Ammodytes hexapterus,Ammodytes,Ammodytidae,Perciformes,Acanthopterygii,Teleostei,Osteichthyes,,3.0,3.0
Ammodytes hexapterus,Ammodytes,Ammodytidae,Perciformes,Acanthopterygii,Teleostei,Osteichthyes,,3.0,3.0
Mallotus villosus,Mallotus,Osmeridae,Osmeriformes,Protacanthopterygii,Teleostei,Osteichthyes,,3.0,3.0
Thaleichthys pacificus,Thaleichthys,Osmeridae,Osmeriformes,Protacanthopterygii,Teleostei,Osteichthyes,,3.0,3.0
Dinoperca petersii,Dinoperca,Dinopercidae,Perciformes,Acanthopterygii,Teleostei,Osteichthyes,,3.0,3.0
Clupea harengus,Clupea,Clupeidae,Clupeiformes,Clupeomorpha,Teleostei,Osteichthyes,,3.0,3.0
Mallotus villosus,Mallotus,Osmeridae,Osmeriformes,Protacanthopterygii,Teleostei,Osteichthyes,,3.0,3.0
Ammodytes alascanus,Ammodytes,Ammodytidae,Perciformes,Acanthopterygii,Teleostei,Osteichthyes,,3.0,3.0
Trichodon trichodon,Trichodon,Trichodontidae,Perciformes,Acanthopterygii,Teleostei,Osteichthyes,,3.0,3.0
Hypomesus pretiosus,Hypomesus,Osmeridae,Osmeriformes,Protacanthopterygii,Teleostei,Osteichthyes,,3.0,3.0
Lumpenus fabricii,Lumpenus,Stichaeidae,Perciformes,Acanthopterygii,Teleostei,Osteichthyes,,3.0,3.0
Stichaeus punctatus,Stichaeus,Stichaeidae,Perciformes,Acanthopterygii,Teleostei,Osteichthyes,,3.0,3.0
Zaprora silenus,Zaprora,Zaproridae,Perciformes,Acanthopterygii,Teleostei,Osteichthyes,,3.0,3.0
Lumpenus sagitta,Lumpenus,Stichaeidae,Perciformes,Acanthopterygii,Teleostei,Osteichthyes,,3.0,3.0
Pholis laeta,Pholis,Pholidae,Perciformes,Acanthopterygii,Teleostei,Osteichthyes,,3.0,3.0
Ronquilus jordani,Ronquilus,Bathymasteridae,Perciformes,Acanthopterygii,Teleostei,Osteichthyes,,3.0,3.0
Gadus macrocephalus,Gadus,Gadidae,Gadiformes,Paracanthopterygii,Teleostei,Osteichthyes,,3.0,3.0
Oligocottus maculosus,Oligocottus,Cottidae,Scorpaeniformes,Acanthopterygii,Teleostei,Osteichthyes,,3.0,3.0
Oncorhynchus gorbuscha,Oncorhynchus,Salmonidae,Salmoniformes,Protacanthopterygii,Teleostei,Osteichthyes,,3.0,3.0
Theragra chalcogramma,Theragra,Gadidae,Gadiformes,Paracanthopterygii,Teleostei,Osteichthyes,,3.0,3.0
Microgadus proximus,Microgadus,Gadidae,Gadiformes,Paracanthopterygii,Teleostei,Osteichthyes,,3.0,3.0
Protomyctophum tensioni,Protomyctophum,Bathylagidae,Osmeriformes,Protacanthopterygii,Teleostei,Osteichthyes,6.1468,3.0,3.0
Electrona subaspera,Electrona,Bathylagidae,Osmeriformes,Protacanthopterygii,Teleostei,Osteichthyes,7.368200000000001,3.0,3.0
Electrona antarctica,Electrona,Bathylagidae,Osmeriformes,Protacanthopterygii,Teleostei,Osteichthyes,13.4456,3.0,3.0
Electrona carlsbergi,Electrona,Bathylagidae,Osmeriformes,Protacanthopterygii,Teleostei,Osteichthyes,8.547,3.0,3.0
Gymnoscopelus piabilis,Gymnoscopelus,Bathylagidae,Osmeriformes,Protacanthopterygii,Teleostei,Osteichthyes,9.45,3.0,3.0
Gymnoscopelus nicholso,Gymnoscopelus,Bathylagidae,Osmeriformes,Protacanthopterygii,Teleostei,Osteichthyes,9.296,3.0,3.0
Gymnoscopelus fraseri,Gymnoscopelus,Bathylagidae,Osmeriformes,Protacanthopterygii,Teleostei,Osteichthyes,10.098,3.0,3.0
Champsocephalus gunnari,Champsocephalus,Channichthyidae,Perciformes,Acanthopterygii,Teleostei,Osteichthyes,5.4056,3.0,3.0
Protomyctophum tensioni,Protomyctophum,Bathylagidae,Osmeriformes,Protacanthopterygii,Teleostei,Osteichthyes,,3.0,3.0
Electrona antarctica,Electrona,Bathylagidae,Osmeriformes,Protacanthopterygii,Teleostei,Osteichthyes,,3.0,3.0
Gymnoscopelus fraseri,Gymnoscopelus,Bathylagidae,Osmeriformes,Protacanthopterygii,Teleostei,Osteichthyes,,3.0,3.0
Thaleichthys pacificus,Thaleichthys,Osmeridae,Osmeriformes,Protacanthopterygii,Teleostei,Osteichthyes,,3.0,3.0
Mallotus villosus,Mallotus,Osmeridae,Osmeriformes,Protacanthopterygii,Teleostei,Osteichthyes,,3.0,3.0
Ammodytes hexapterus,Ammodytes,Ammodytidae,Perciformes,Acanthopterygii,Teleostei,Osteichthyes,,3.0,3.0
Trichodon trichodon,Trichodon,Trichodontidae,Perciformes,Acanthopterygii,Teleostei,Osteichthyes,,3.0,3.0
Lumpenus sp.,Lumpenus,Stichaeidae,Perciformes,Acanthopterygii,Teleostei,Osteichthyes,,3.0,3.0
Osmerus mordax,Osmerus,Osmeridae,Osmeriformes,Protacanthopterygii,Teleostei,Osteichthyes,,3.0,3.0
Theragra chalcogramma,Theragra,Gadidae,Gadiformes,Paracanthopterygii,Teleostei,Osteichthyes,,3.0,3.0
Zaprora silenus,Zaprora,Zaproridae,Perciformes,Acanthopterygii,Teleostei,Osteichthyes,,3.0,3.0
Hypomesus pretiosus,Hypomesus,Osmeridae,Osmeriformes,Protacanthopterygii,Teleostei,Osteichthyes,,3.0,3.0
Pleurogrammus monopterygius,Pleurogrammus,Hexagrammidae,Scorpaeniformes,Acanthopterygii,Teleostei,Osteichthyes,,3.0,3.0
Clupea pallasii,Clupea,Clupeidae,Clupeiformes,Clupeomorpha,Teleostei,Osteichthyes,,3.0,3.0
Thaleichthys pacificus,Thaleichthys,Osmeridae,Osmeriformes,Protacanthopterygii,Teleostei,Osteichthyes,,3.0,3.0
Mallotus villosus,Mallotus,Osmeridae,Osmeriformes,Protacanthopterygii,Teleostei,Osteichthyes,,3.0,3.0
Ammodytes hexapterus,Ammodytes,Ammodytidae,Perciformes,Acanthopterygii,Teleostei,Osteichthyes,,3.0,3.0
Trichodon trichodon,Trichodon,Trichodontidae,Perciformes,Acanthopterygii,Teleostei,Osteichthyes,,3.0,3.0
Gadus morhua,Gadus,Gadidae,Gadiformes,Paracanthopterygii,Teleostei,Osteichthyes,,3.0,3.0
Merluccius bilinearis,Merluccius,Merlucciidae,Gadiformes,Paracanthopterygii,Teleostei,Osteichthyes,,3.0,3.0
Stenotomus chrysops,Stenotomus,Sparidae,Perciformes,Acanthopterygii,Teleostei,Osteichthyes,,3.0,3.0
Loligo pealei,Loligo,Loliginidae,Teuthida,Decabrachia,Cephalopoda,Mollusca,,3.0,3.0
Lophius piscatorius,Lophius,Lophiidae,Lophiiformes,Paracanthopterygii,Teleostei,Osteichthyes,,3.0,3.0
Squalus acanthias,Squalus,Squalidae,Squaliformes,Euselachii ,Elasmobranchii,Chondrichthyes,,3.0,3.0
Clupea pallasii,Clupea,Clupeidae,Clupeiformes,Clupeomorpha,Teleostei,Osteichthyes,8.238465449999998,3.0,3.0
Mallotus villosus,Mallotus,Osmeridae,Osmeriformes,Protacanthopterygii,Teleostei,Osteichthyes,6.974302499999999,3.0,3.0
Thaleichthys pacificus,Thaleichthys,Osmeridae,Osmeriformes,Protacanthopterygii,Teleostei,Osteichthyes,11.011990499999998,3.0,3.0
Gadus macrocephalus,Gadus,Gadidae,Gadiformes,Paracanthopterygii,Teleostei,Osteichthyes,3.913979399999999,3.0,3.0
Theragra chalcogramma,Theragra,Gadidae,Gadiformes,Paracanthopterygii,Teleostei,Osteichthyes,4.6516275,3.0,3.0
Sebastes alutus,Sebastes,Scorpaenidae,Scorpaeniformes,Acanthopterygii,Teleostei,Osteichthyes,6.13567035,3.0,3.0
Sebastes ciliatus,Sebastes,Scorpaenidae,Scorpaeniformes,Acanthopterygii,Teleostei,Osteichthyes,6.122655,3.0,3.0
Sebastes polyspinis,Sebastes,Scorpaenidae,Scorpaeniformes,Acanthopterygii,Teleostei,Osteichthyes,6.216064200000001,3.0,3.0
Sebastes sp.,Sebastes,Scorpaenidae,Scorpaeniformes,Acanthopterygii,Teleostei,Osteichthyes,5.723573399999999,3.0,3.0
Anoplopoma fimbria,Anoplopoma,Anoplopomatidae ,Scorpaeniformes,Acanthopterygii,Teleostei,Osteichthyes,5.381575199999999,3.0,3.0
Gymnocanthus galeatus,Gymnocanthus,Cottidae,Scorpaeniformes,Acanthopterygii,Teleostei,Osteichthyes,3.819775049999999,3.0,3.0
Malacocottus kincaidi,Malacocottus,Psychrolutidae,Scorpaeniformes,Acanthopterygii,Teleostei,Osteichthyes,3.4831754999999984,3.0,3.0
Triglops sp.,Triglops,Cottidae,Scorpaeniformes,Acanthopterygii,Teleostei,Osteichthyes,5.179355999999999,3.0,3.0
Triglops sp.,Triglops,Cottidae,Scorpaeniformes,Acanthopterygii,Teleostei,Osteichthyes,4.658742,3.0,3.0
Liparis sp.,Liparis,Liparidae,Scorpaeniformes,Acanthopterygii,Teleostei,Osteichthyes,3.774869999999999,3.0,3.0
Bathymaster signatus,Bathymaster,Bathymasteridae,Perciformes,Acanthopterygii,Teleostei,Osteichthyes,5.51754585,3.0,3.0
Trichodon trichodon,Trichodon,Trichodontidae,Perciformes,Acanthopterygii,Teleostei,Osteichthyes,4.861295999999999,2.0,3.0
Reinharditus stomias,Reinharditus,Pleuronectidae,Pleuronectiformes,Acanthopterygii,Teleostei,Osteichthyes,5.127838649999999,3.0,3.0
Berryteuthis magister,Berryteuthis,Gonatidae,Teuthida,Decabrachia,Cephalopoda,Mollusca,5.506622999999999,3.0,3.0
Berryteuthis sp.,Berryteuthis,Gonatidae,Teuthida,Decabrachia,Cephalopoda,Mollusca,3.841829999999999,3.0,3.0
Gonatopsis borealis,Gonatopsis,Gonatidae,Teuthida,Decabrachia,Cephalopoda,Mollusca,4.670459999999999,3.0,3.0
Onychoteuthis borealijaponica,Onychoteuthis,Onychoteuthidae,Teuthida,Decabrachia,Cephalopoda,Mollusca,5.39551125,3.0,3.0
Ommastrephes bartrami,Ommastrephes,Ommastrephidae,Teuthida,Decabrachia,Cephalopoda,Mollusca,6.5286,3.0,3.0
Elamenopsis kempi,Elamenopsis,Hymenosomatidae,Brachyura,Decapoda,Malacostraca,Crustacea,,1.0,2.0
Elamenopsis kempi,Elamenopsis,Hymenosomatidae,Brachyura,Decapoda,Malacostraca,Crustacea,,1.0,2.0
Elamenopsis kempi,Elamenopsis,Hymenosomatidae,Brachyura,Decapoda,Malacostraca,Crustacea,,1.0,2.0
Parborlasia corrugatus,Parborlasia,Enopla,Enopla,Enopla,Enopla,Nemertea,,1.0,3.0
Parborlasia corrugatus,Parborlasia,Enopla,Enopla,Enopla,Enopla,Nemertea,,1.0,3.0
Nacella concinna,Nacella,Nacellidae,Archaeogastropoda,Prosobranchia,Gastropoda,Mollusca,,1.0,1.0
Nacella concinna,Nacella,Nacellidae,Archaeogastropoda,Prosobranchia,Gastropoda,Mollusca,,1.0,1.0
Nacella concinna,Nacella,Nacellidae,Archaeogastropoda,Prosobranchia,Gastropoda,Mollusca,,1.0,1.0
Flabelligera mundata,Flabelligera,Flabelligeridae,Terebellida,Canalipalpata,Polychaeta,Annelida,,0.0,2.0
Thelepus cincinnatus,Thelepus,Terebellidae,Terrebellida,Canalipalpata,Polychaeta,Annelida,,0.0,1.0
Thelepus cincinnatus,Thelepus,Terebellidae,Terrebellida,Canalipalpata,Polychaeta,Annelida,,0.0,1.0
Odontaster validus,Odontaster,Odontasteridae,Valvatida,Asteroidea,Asteroidea,Echinodermata,,1.0,2.0
Odontaster validus,Odontaster,Odontasteridae,Valvatida,Asteroidea,Asteroidea,Echinodermata,,1.0,2.0
Heterocucumis steineri,Heterocucumis,Cucumariidae,Dendrochirotida,Dendrochirotacea,Holothuroidea,Echinodermata,,0.0,1.0
Heterocucumis steineri,Heterocucumis,Cucumariidae,Dendrochirotida,Dendrochirotacea,Holothuroidea,Echinodermata,,0.0,1.0
Argopecten purpuratus,Argopecten,Pectinidae,Ostreoida,Pteriomorphia,Bivalvia,Mollusca,,2.0,1.0
Mytilus edulis,Mytilus,Mytilidae,Mytiloida,Pteriomorphia,Bivalvia,Mollusca,,0.0,1.0
Aurelia aurita,Aurelia,Ulmaridae,Semaeostomeae,Semaeostomeae,Scyphozoa,Cnidaria,,0.0,3.0
Asterias rubens,Asterias,Asteriidae,Forcipulatida,Asteroidea,Asteroidea,Echinodermata,,1.0,3.0
Erpobdella octoculata,Erpobdella,Erpobdellidae,Arhynchobdellida,Hirudinea,Clitellata,Annelida,,2.0,3.0
Glossiphonia complanata,Glossiphonia,Glossiphoniidae,Rhynchobdellida,Hirudinea,Clitellata,Annelida,,2.0,3.0
Theromyzon rude,Theromyzon,Glossiphoniidae,Rhynchobdellida,Hirudinea,Clitellata,Annelida,,2.0,3.0
Nephelopsis obscura,Nephelopsis,Erpobdellidae,Arhynchobdellida,Hirudinea,Clitellata,Annelida,,2.0,3.0
Eubranchipus bundyi,Eubranchipus,Chirocephalidae,Anostraca,Sarsostraca,Branchiopoda,Crustacea,,2.0,1.0
Lynceus brachyurus,Lynceus,Lynceidae,Laevicaudata,Phyllopoda,Branchiopoda,Crustacea,,2.0,1.0
Lepidurus couesi,Lepidurus,Triopsidae,Notostraca,Phyllopoda,Branchiopoda,Crustacea,,2.0,1.0
Hyalella azteca,Hyalella,Hyalellidae,Gammaridea,Amphipoda,Malacostraca,Crustacea,,1.0,2.0
Gammarus lacustris,Gammarus,Gammaridae,Gammaridea,Amphipoda,Malacostraca,Crustacea,,2.0,1.0
Callibaetis sp.,Callibaetis,Baetidae,Pisciforma,Ephemeroptera,Pterygota,Insecta,,1.0,1.0
Callibaetis sp.,Callibaetis,Baetidae,Pisciforma,Ephemeroptera,Pterygota,Insecta,,1.0,1.0
Lestes disjunctus,Lestes,Lestidae,Zygoptera,Odonata,Pterygota,Insecta,,3.0,1.0
Lestes disjunctus,Lestes,Lestidae,Zygoptera,Odonata,Pterygota,Insecta,,3.0,1.0
Lestes disjunctus,Lestes,Lestidae,Zygoptera,Odonata,Pterygota,Insecta,,3.0,1.0
Lestes congener,Lestes,Lestidae,Zygoptera,Odonata,Pterygota,Insecta,,3.0,1.0
Lestes rectangularis,Lestes,Lestidae,Zygoptera,Odonata,Pterygota,Insecta,,3.0,1.0
Enallagma boreale,Enallagma,Coenagrionidae,Zygoptera,Odonata,Pterygota,Insecta,,3.0,1.0
Enallagma boreale,Enallagma,Coenagrionidae,Zygoptera,Odonata,Pterygota,Insecta,,3.0,1.0
Coenagrion angulatum,Coenagrion,Coenagrionidae,Zygoptera,Odonata,Pterygota,Insecta,,3.0,1.0
Tetrahymena pyriformis,Tetrahymena,Tetrahymenidae,Rhabdophorina,Rhabdophorina,Ciliatea,Ciliophora,,3.0,2.0
Paramecium caudatum,Paramecium,Parameciidae,Rhabdophorina,Rhabdophorina,Ciliatea,Ciliophora,,3.0,2.0
Ceratium hirundinella,Ceratium,Ceratiaceae,Gonyaulacales,Gonyaulacales,Dinophyceae,Pyrrophycophyta,,3.0,0.0
Noctiluca miliaris,Noctiluca,Noctilucaceae,Noctilucales,Noctilucales,Dinophyceae,Pyrrophycophyta,,3.0,2.0
Euplotes sp.,Euplotes,Euplotidae,Spirotricha,Spirotricha,Ciliatea,Ciliophora,,3.0,2.0
Eufolliculina sp.,Eufolliculina,Folliculinidae,Spirotricha,Spirotricha,Ciliatea,Ciliophora,,3.0,2.0
Dunaliella primolecta,Dunaliella,Dunaliellaceae,Volvocales,Volvocales,Chlorophyceae,Chlorophyta,,3.0,0.0
Ruditapes philippinarum,Ruditapes,Tapetinae,Veneroida,Heterodonta,Bivalvia,Mollusca,,0.0,1.0
Benthogone rosea,Benthogone,Laetmogonidae,Elasipodida,Aspidochirotacea,Holothuroidea,Echinodermata,,1.0,2.0
Benthogone rosea,Benthogone,Laetmogonidae,Elasipodida,Aspidochirotacea,Holothuroidea,Echinodermata,,1.0,2.0
Paelopatides gigantea,Paelopatides,Synallactidae,Aspidochirotida,Aspidochirotacea,Holothuroidea,Echinodermata,,1.0,2.0
Psychropotes longicaudata,Psychropotes,Psychropotidae,Elasipodida,Aspidochirotacea,Holothuroidea,Echinodermata,,1.0,2.0
Brachionus plicatilis,Brachionus,Brachionidae,Monogononta,Monogononta,Rotifera,Rotifera,,3.0,1.0
Brachionus rotundiformis,Brachionus,Brachionidae,Monogononta,Monogononta,Rotifera,Rotifera,,3.0,1.0
Strongylocentrotus droebachiensis,Strongylocentrotus,Strongylocentrotidae,Echinoida,Euechinoidea,Echinoidea,Echinodermata,,1.0,1.0
Haliclona rosea,Haliclona,Haliclonidae,Haplosclerida,Demospongiae,Demospongiae,Porifera,,0.0,1.0
Haliclona viscosa,Haliclona,Haliclonidae,Haplosclerida,Demospongiae,Demospongiae,Porifera,,0.0,1.0
Spongosorites genitrix,Spongosorites,Halichondriidae,Halichondrida,Demospongiae,Demospongiae,Porifera,,0.0,1.0
Suberites ficus,Suberites,Suberitidae,Hadromerida,Demospongiae,Demospongiae,Porifera,,0.0,1.0
Hormathia nodosa,Hormathia,Hormathiidae,Actiniaria,Hexacorallia,Anthozoa,Cnidaria,,0.0,3.0
Urticina aff. eques,Urticina,Actiniidae,Actiniaria,Hexacorallia,Anthozoa,Cnidaria,,0.0,3.0
Gersemia rubiformis,Gersemia,Nephtheidae ,Alcyonacea,Alcyonaria,Anthozoa,Cnidaria,,0.0,3.0
Alcyonidium gelatinosum,Alcyonidium,Alcyoniidae,Ctenostomata,Ctenostomata,Gymnolaemata,Bryozoa,,0.0,2.0
Eucratea loricata,Eucratea,Scrupariidae,Cheilostomata,Cheilostomata,Gymnolaemata,Bryozoa,,0.0,2.0
Tricellaria ternata,Tricellaria,Scrupocellariidae,Cheilostomata,Cheilostomata,Gymnolaemata,Bryozoa,,0.0,2.0
Flabellina salmonacea,Flabellina,Flabellinidae,Nudibranchia,Opisthobranchia,Gastropoda,Mollusca,,1.0,3.0
Dendronotus frondosus,Dendronotus,Dendronotidae,Nudibranchia,Opisthobranchia,Gastropoda,Mollusca,,1.0,3.0
Halocynthia pyriformis,Halocynthia,Pyuridae,Stolidobranchia,Stolidobranchia,Ascidiacea,Tunicata,,0.0,1.0
Styela sp.,Styela,Styelidae,Stolidobranchia,Stolidobranchia,Ascidiacea,Tunicata,,0.0,1.0
Synoicum turgens,Synoicum,Polyclinidae,Aplousobranchia,Aplousobranchia,Ascidiacea,Tunicata,,0.0,1.0
Chorda filum,Chorda,Chordaceae,Laminariales,Laminariales,Phaeophyceae,Phaeophyta,,0.0,0.0
Chorda tomentosa,Chorda,Chordaceae,Laminariales,Laminariales,Phaeophyceae,Phaeophyta,,0.0,0.0
Laminaria saccharina,Laminaria,Laminariaceae,Laminariales,Laminariales,Phaeophyceae,Phaeophyta,,0.0,0.0
Laminaria digitalis,Laminaria,Laminariaceae,Laminariales,Laminariales,Phaeophyceae,Phaeophyta,,0.0,0.0
Desmarestia aculeata,Desmarestia,Desmarestiaceae,Desmarestiales,Desmarestiales,Phaeophyceae,Phaeophyta,,0.0,0.0
Fucus serratus,Fucus,Fucaceae,Fucales,Fucales,Phaeophyceae,Phaeophyta,,0.0,0.0
Ptilota plumosa,Ptilota,Ceramiaceae,Ceramiales,Florideophycideae,Rhodophytina,Rhodophyta,,0.0,0.0
Harmothoe sp.,Harmothoe,Polynoidae,Phyllodocida,Aciculata,Polychaeta,Annelida,,1.0,2.0
Limacina helicina,Limacina,Limacinidae,Thecosomata,Thecosomata,Gastropoda,Mollusca,,3.0,1.0
Mysis oculata,Mysis,Mysidae,Mysida,Mysida,Malacostraca,Crustacea,,3.0,3.0
Themisto libellula,Themisto,Hyperiidae,Hyperiidea,Amphipoda,Malacostraca,Crustacea,,3.0,3.0
Onisimus edwardsi,Onisimus,Lysianassidae,Gammaridea,Amphipoda,Malacostraca,Crustacea,,2.0,2.0
Onisimus litoralis,Onisimus,Lysianassidae,Gammaridea,Amphipoda,Malacostraca,Crustacea,,2.0,2.0
Onisimus caricus,Onisimus,Lysianassidae,Gammaridea,Amphipoda,Malacostraca,Crustacea,,2.0,2.0
Gammarus setosus,Gammarus,Gammaridae,Gammaridea,Amphipoda,Malacostraca,Crustacea,,2.0,1.0
Gammarus oceanicus,Gammarus,Gammaridae,Gammaridea,Amphipoda,Malacostraca,Crustacea,,2.0,1.0
Orchomene minuta,Orchomene,Lysianassidae,Gammaridea,Amphipoda,Malacostraca,Crustacea,,2.0,2.0
Anonyx nugax,Anonyx,Lysianassidae,Gammaridea,Amphipoda,Malacostraca,Crustacea,,2.0,2.0
Anonyx sarsi,Anonyx,Lysianassidae,Gammaridea,Amphipoda,Malacostraca,Crustacea,,2.0,2.0
Gammarellus homari,Gammarellus,Gammarellidae,Gammaridea,Amphipoda,Malacostraca,Crustacea,,2.0,1.0
Caprella septentrionalis,Caprella,Caprellidae,Caprellidea,Amphipoda,Malacostraca,Crustacea,,1.0,1.0
Ischyrocerus anguipes,Ischyrocerus,Ischyroceridae,Gammaridea,Amphipoda,Malacostraca,Crustacea,,2.0,1.0
Paroediceros lynceus,Paroediceros,Oedicerotidae,Gammaridea,Amphipoda,Malacostraca,Crustacea,,2.0,1.0
Calliopius laeviusculus,Calliopius,Calliopidae,Gammaridea,Amphipoda,Malacostraca,Crustacea,,2.0,1.0
Sagitta elegans,Sagitta,Sagittidae,Aphragmophora,Sagittoidea,Chaetognatha,Chaetognatha,,3.0,3.0
Liparis liparis,Liparis,Liparidae,Scorpaeniformes,Acanthopterygii,Teleostei,Osteichthyes,,3.0,3.0
Onisimus edwardsi,Onisimus,Lysianassidae,Gammaridea,Amphipoda,Malacostraca,Crustacea,,2.0,2.0
Onisimus litoralis,Onisimus,Lysianassidae,Gammaridea,Amphipoda,Malacostraca,Crustacea,,2.0,2.0
Anonyx nugax,Anonyx,Lysianassidae,Gammaridea,Amphipoda,Malacostraca,Crustacea,,2.0,2.0
Gammarellus homari,Gammarellus,Gammarellidae,Gammaridea,Amphipoda,Malacostraca,Crustacea,,2.0,1.0
Ischyrocerus anguipes,Ischyrocerus,Ischyroceridae,Gammaridea,Amphipoda,Malacostraca,Crustacea,,2.0,1.0
Gammarus setosus,Gammarus,Gammaridae,Gammaridea,Amphipoda,Malacostraca,Crustacea,,2.0,1.0
Calanus helgolandicus,Calanus,Calanidae,Calanoida,Gymnoplea,Copepoda,Crustacea,,3.0,1.0
Calanus helgolandicus,Calanus,Calanidae,Calanoida,Gymnoplea,Copepoda,Crustacea,,3.0,1.0
Calanus helgolandicus,Calanus,Calanidae,Calanoida,Gymnoplea,Copepoda,Crustacea,,3.0,1.0
Calanus helgolandicus,Calanus,Calanidae,Calanoida,Gymnoplea,Copepoda,Crustacea,,3.0,1.0
Calanus helgolandicus,Calanus,Calanidae,Calanoida,Gymnoplea,Copepoda,Crustacea,,3.0,1.0
Calanus helgolandicus,Calanus,Calanidae,Calanoida,Gymnoplea,Copepoda,Crustacea,,3.0,1.0
Bracteacoccus grandis,Bracteacoccus,Chlorococcaceae,Chlorococcales,Chlorococcales,Chlorophyceae,Chlorophyta,,3.0,0.0
Neochloris oleoabundans,Neochloris,Chlorococcaceae,Chlorococcales,Chlorococcales,Chlorophyceae,Chlorophyta,,3.0,0.0
Phaeodactylum tricornutum,Phaeodactylum,Phaeodactylaceae,Naviculales,Naviculales,Bacillariophyceae,Bacillariophyta,,3.0,0.0
Salmo trutta,Salmo,Salmonidae,Salmoniformes,Protacanthopterygii,Teleostei,Osteichthyes,,3.0,3.0
Salmo trutta,Salmo,Salmonidae,Salmoniformes,Protacanthopterygii,Teleostei,Osteichthyes,,3.0,3.0
Salmo trutta,Salmo,Salmonidae,Salmoniformes,Protacanthopterygii,Teleostei,Osteichthyes,,3.0,3.0
Salmo trutta,Salmo,Salmonidae,Salmoniformes,Protacanthopterygii,Teleostei,Osteichthyes,,3.0,3.0
Salmo salar,Salmo,Salmonidae,Salmoniformes,Protacanthopterygii,Teleostei,Osteichthyes,7.6,3.0,3.0
Lepasterias polaris,Lepasterias,Asteriidae,Forcipulatida,Asteroidea,Asteroidea,Echinodermata,0.664,1.0,3.0
Argyrodiaptomus furcatus,Argyrodiaptomus,Diaptomidae,Calanoida,Gymnoplea,Copepoda,Crustacea,,3.0,1.0
Thyrsites atun,Thyrsites,Gempylidae,Perciformes,Acanthopterygii,Teleostei,Osteichthyes,5.864459999999999,3.0,3.0
Thunnus alalunga,Thunnus,Scombridae,Perciformes,Acanthopterygii,Teleostei,Osteichthyes,7.800503999999998,3.0,3.0
Beryx splendens,Beryx,Berycidae,Beryciformes,Acanthopterygii,Teleostei,Osteichthyes,10.010871866666664,3.0,3.0
Thyrsites atun,Thyrsites,Gempylidae,Perciformes,Acanthopterygii,Teleostei,Osteichthyes,5.1769990666666645,3.0,3.0
Etmopterus baxteri,Etmopterus,Etmopteridae,Squaliformes,Euselachii ,Elasmobranchii,Chondrichthyes,11.349048266666664,3.0,3.0
Neocyttus sp.,Neocyttus,Oreosomatidae,Zeiformes,Acanthopterygii,Teleostei,Osteichthyes,5.882592933333334,3.0,3.0
Xenodermichthys socialis,Xenodermichthys,Alepocephalidae,Osmeriformes,Protacanthopterygii,Teleostei,Osteichthyes,2.1276453333333336,3.0,3.0
Parapercis colias,Parapercis,Pinguipedidae,Perciformes,Acanthopterygii,Teleostei,Osteichthyes,4.141747466666667,3.0,3.0
Scomber australasicus,Scomber,Scombridae,Perciformes,Acanthopterygii,Teleostei,Osteichthyes,8.256762799999999,3.0,3.0
Latridopsis ciliaris,Latridopsis,Latridae,Perciformes,Acanthopterygii,Teleostei,Osteichthyes,5.835531733333332,3.0,3.0
Hyperoglyphe antarctica,Hyperoglyphe,Centrolophidae,Perciformes,Acanthopterygii,Teleostei,Osteichthyes,5.343588,3.0,3.0
Odax pullus,Odax,Odacidae ,Perciformes,Acanthopterygii,Teleostei,Osteichthyes,4.532834533333333,3.0,3.0
Epigonus sp.,Epigonus,Apogonidae,Perciformes,Acanthopterygii,Teleostei,Osteichthyes,6.635635066666666,3.0,3.0
Seriolella brama,Seriolella,Centrolophidae,Perciformes,Acanthopterygii,Teleostei,Osteichthyes,7.708426666666665,3.0,3.0
Callorhinchus milii,Callorhinchus,Callorhinchidae,Chimaeriformes,Holocephalimorpha,Holocephali,Chondrichthyes,5.293724133333334,3.0,3.0
Lepidopus caudatus,Lepidopus,Lepidopodinae,Perciformes,Acanthopterygii,Teleostei,Osteichthyes,4.894789599999998,3.0,3.0
Hyporhamphus ihi,Hyporhamphus,Hemiramphidae,Beloniformes,Acanthopterygii,Teleostei,Osteichthyes,5.1409428,3.0,3.0
Rexea solandri,Rexea,Gempylidae,Perciformes,Acanthopterygii,Teleostei,Osteichthyes,5.812557733333334,3.0,3.0
Kathetostoma giganteum,Kathetostoma,Uranoscopidae,Perciformes,Acanthopterygii,Teleostei,Osteichthyes,4.1927324,3.0,3.0
Mugil cephalus,Mugil,Mugilidae,Mugiliformes,Acanthopterygii,Teleostei,Osteichthyes,7.714032,3.0,3.0
Merluccius australis,Merluccius,Merlucciidae,Gadiformes,Paracanthopterygii,Teleostei,Osteichthyes,4.4362808000000005,3.0,3.0
Polyprion oxygeneios,Polyprion,Polyprionidae,Perciformes,Acanthopterygii,Teleostei,Osteichthyes,5.908369599999998,3.0,3.0
Macruronus novaezelandiae,Macruronus,Merlucciidae,Gadiformes,Paracanthopterygii,Teleostei,Osteichthyes,4.925241066666667,3.0,3.0
Trachurus declivis,Trachurus,Carangidae,Perciformes,Acanthopterygii,Teleostei,Osteichthyes,5.758209599999999,3.0,3.0
Lepidorhynchus denticulatus,Lepidorhynchus,Macrouridae,Gadiformes,Paracanthopterygii,Teleostei,Osteichthyes,4.692697066666668,3.0,3.0
Zeus japonicus,Zeus,Zeidae,Zeiformes,Acanthopterygii,Teleostei,Osteichthyes,4.649378266666668,3.0,3.0
Arripis trutta,Arripis,Arripidae ,Perciformes,Acanthopterygii,Teleostei,Osteichthyes,8.050391733333333,3.0,3.0
Seriola grandis,Seriola,Carangidae,Perciformes,Acanthopterygii,Teleostei,Osteichthyes,4.958485466666668,3.0,3.0
Meuschenia scaber,Meuschenia,Monacanthidae,Tetraodontiformes,Acanthopterygii,Teleostei,Osteichthyes,3.897275866666667,3.0,3.0
Pelotretis flavilatus,Pelotretis,Rhombosoleidae,Pleuronectiformes,Acanthopterygii,Teleostei,Osteichthyes,4.519950133333333,3.0,3.0
Genypterus blacodes,Genypterus,Ophidiidae,Ophidiiformes,Paracanthopterygii,Teleostei,Osteichthyes,4.069849333333333,3.0,3.0
Cyttus traversi,Cyttus,Cyttidae,Zeiformes,Acanthopterygii,Teleostei,Osteichthyes,5.117606133333333,3.0,3.0
Peltorhamphus novaezeelandiae,Peltorhamphus,Rhombosoleidae,Pleuronectiformes,Acanthopterygii,Teleostei,Osteichthyes,5.0628788,3.0,3.0
Hoplostethus atlanticus,Hoplostethus,Trachichthyidae,Beryciformes,Acanthopterygii,Teleostei,Osteichthyes,8.931172533333331,3.0,3.0
Hydrolagus sp.,Hydrolagus,Chimaeridae,Chimaeriformes,Holocephalimorpha,Holocephali,Chondrichthyes,10.563503066666668,3.0,3.0
Girella tricuspidata,Girella,Kyphosidae,Perciformes,Acanthopterygii,Teleostei,Osteichthyes,5.717487733333335,3.0,3.0
Sardinops neopilchardus,Sardinops,Clupeidae,Clupeiformes,Clupeomorpha,Teleostei,Osteichthyes,5.422591733333334,3.0,3.0
Nemadactylus douglasii,Nemadactylus,Cheilodactylidae,Perciformes,Acanthopterygii,Teleostei,Osteichthyes,7.224132533333333,3.0,3.0
Caelorinchus sp.,Caelorinchus,Macrouridae,Gadiformes,Paracanthopterygii,Teleostei,Osteichthyes,3.402710799999999,3.0,3.0
Brama brama,Brama,Bramidae,Perciformes,Acanthopterygii,Teleostei,Osteichthyes,5.608049600000001,3.0,3.0
Pseudophycis bacchus,Pseudophycis,Moridae,Gadiformes,Paracanthopterygii,Teleostei,Osteichthyes,3.7062126666666666,3.0,3.0
Chelidonichthys kumu,Chelidonichthys,Triglidae,Scorpaeniformes,Acanthopterygii,Teleostei,Osteichthyes,4.614459600000001,3.0,3.0
Mora pacifica,Mora,Moridae,Gadiformes,Paracanthopterygii,Teleostei,Osteichthyes,4.364003466666668,3.0,3.0
Macrourus carinatus,Macrourus,Macrouridae,Gadiformes,Paracanthopterygii,Teleostei,Osteichthyes,3.474988133333333,3.0,3.0
Mustelus lenticulatus,Mustelus,Triakidae,Carcharhiniformes,Euselachii ,Elasmobranchii,Chondrichthyes,4.9377536,3.0,3.0
Oncorhynchus tschawytscha,Oncorhynchus,Salmonidae,Salmoniformes,Protacanthopterygii,Teleostei,Osteichthyes,8.650289866666666,3.0,3.0
Rhombosolea plebeia,Rhombosolea,Rhombosoleidae,Pleuronectiformes,Acanthopterygii,Teleostei,Osteichthyes,4.253806933333333,3.0,3.0
Galeorhinus australis,Galeorhinus,Triakidae,Carcharhiniformes,Euselachii ,Elasmobranchii,Chondrichthyes,5.176059333333335,3.0,3.0
Helicolenus papillosus,Helicolenus,Scorpaenidae,Scorpaeniformes,Acanthopterygii,Teleostei,Osteichthyes,3.192036799999999,3.0,3.0
Cyttus novaezelandiae,Cyttus,Cyttidae,Zeiformes,Acanthopterygii,Teleostei,Osteichthyes,5.190246133333334,3.0,3.0
Seriolella punctata,Seriolella,Centrolophidae,Perciformes,Acanthopterygii,Teleostei,Osteichthyes,8.9978524,3.0,3.0
Katsuwonus pelamis,Katsuwonus,Scombridae,Perciformes,Acanthopterygii,Teleostei,Osteichthyes,7.8363624,3.0,3.0
Allothunnus fallai,Allothunnus,Scombridae,Perciformes,Acanthopterygii,Teleostei,Osteichthyes,12.554251999999998,3.0,3.0
Pseudocyttus maculatus,Pseudocyttus,Oreosomatidae,Zeiformes,Acanthopterygii,Teleostei,Osteichthyes,4.749666533333335,3.0,3.0
Chrysophrys auratus,Chrysophrys,Sparidae,Perciformes,Acanthopterygii,Teleostei,Osteichthyes,5.286997733333334,3.0,3.0
Micromesistius australis,Micromesistius,Gadidae,Gadiformes,Paracanthopterygii,Teleostei,Osteichthyes,5.006288533333334,3.0,3.0
Squalus acanthias,Squalus,Squalidae,Squaliformes,Euselachii ,Elasmobranchii,Chondrichthyes,6.767865866666667,3.0,3.0
Pseudoxenamystax bulbiceps,Pseudoxenamystax,Congridae,Anguilliformes,Elopomorpha,Teleostei,Osteichthyes,4.851644266666667,3.0,3.0
Nemadactylus macropterus,Nemadactylus,Cheilodactylidae,Perciformes,Acanthopterygii,Teleostei,Osteichthyes,7.654820399999998,3.0,3.0
Caranx georgianus,Caranx,Carangidae,Perciformes,Acanthopterygii,Teleostei,Osteichthyes,5.367501733333334,3.0,3.0
Seriolella caerulea,Seriolella,Centrolophidae,Perciformes,Acanthopterygii,Teleostei,Osteichthyes,9.4770852,3.0,3.0
Rhombosolea leporina,Rhombosolea,Rhombosoleidae,Pleuronectiformes,Acanthopterygii,Teleostei,Osteichthyes,4.481849599999999,3.0,3.0
Aldrichetta forsteri,Aldrichetta,Mugilidae,Mugiliformes,Acanthopterygii,Teleostei,Osteichthyes,5.193988533333331,3.0,3.0
Nototodarus sp.,Nototodarus,Ommastrephidae,Teuthida,Decabrachia,Cephalopoda,Mollusca,4.489373333333333,3.0,3.0
Sepioteuthis bilineata,Sepioteuthis,Loliginidae,Teuthida,Decabrachia,Cephalopoda,Mollusca,3.973883333333334,3.0,3.0
Moroteuthis ingens,Moroteuthis,Onychoteuthidae,Teuthida,Decabrachia,Cephalopoda,Mollusca,3.890526666666666,3.0,3.0
Ovalipes catharus,Ovalipes,Portunidae,Brachyura,Decapoda,Malacostraca,Crustacea,3.767213333333334,2.0,3.0
Munida gregaria,Munida,Galatheidae,Anomura,Decapoda,Malacostraca,Crustacea,5.628779999999999,1.0,2.0
Mallotus villosus,Mallotus,Osmeridae,Osmeriformes,Protacanthopterygii,Teleostei,Osteichthyes,9.423166983333337,3.0,3.0
Squalus acanthias,Squalus,Squalidae,Squaliformes,Euselachii ,Elasmobranchii,Chondrichthyes,8.647282733333332,3.0,3.0
Clupea harengus,Clupea,Clupeidae,Clupeiformes,Clupeomorpha,Teleostei,Osteichthyes,7.717079173333333,3.0,2.0
Scomber japonicus,Scomber ,Scombridae,Perciformes,Acanthopterygii,Teleostei,Osteichthyes,5.08091804,3.0,3.0
Brevoortia patronus,Brevoortia,Clupeidae,Clupeiformes,Clupeomorpha,Teleostei,Osteichthyes,8.770438595166667,3.0,3.0
Brevoortia tyrannus,Brevoortia,Clupeidae,Clupeiformes,Clupeomorpha,Teleostei,Osteichthyes,6.2478096484000005,3.0,3.0
Maurolicus muelleri,Maurolicus,Gonostomatidae,Stomiiformes,Stenopterygii,Teleostei,Osteichthyes,5.05418448,3.0,3.0
Pleuronectes platessa,Pleuronectes,Pleuronectidae,Pleuronectiformes,Acanthopterygii,Teleostei,Osteichthyes,,2.0,3.0
Salmo salar,Salmo,Salmonidae,Salmoniformes,Protacanthopterygii,Teleostei,Osteichthyes,,3.0,3.0
Oncorhynchus tschawytscha,Oncorhynchus,Salmonidae,Salmoniformes,Protacanthopterygii,Teleostei,Osteichthyes,3.863800000000001,3.0,3.0
Sardinella aurita,Sardinella,Clupeidae,Clupeiformes,Clupeomorpha,Teleostei,Osteichthyes,4.917076032000001,3.0,3.0
Sardinella aurita,Sardinella,Clupeidae,Clupeiformes,Clupeomorpha,Teleostei,Osteichthyes,4.789342,3.0,3.0
Decapterus punctatus,Decapterus,Carangidae,Perciformes,Acanthopterygii,Teleostei,Osteichthyes,13.849906666666666,3.0,2.0
Solea solea,Solea,Soleidae,Pleuronectiformes,Acanthopterygii,Teleostei,Osteichthyes,,2.0,3.0
Panopea generosa,Panopea,Hiatellidae,Myoida,Heterodonta,Bivalvia,Mollusca,3.928851666666666,0.0,1.0
Cancer magister,Cancer,Cancridae,Brachyura,Decapoda,Malacostraca,Crustacea,3.987855607,1.0,3.0
Cancer borealis,Cancer,Cancridae,Brachyura,Decapoda,Malacostraca,Crustacea,4.14213734,1.0,3.0
Paralithodes camtschaticus,Cancer,Cancridae,Brachyura,Decapoda,Malacostraca,Crustacea,2.67505628,1.0,3.0
Pleuroncodes planipes,Pleuroncodes,Galatheidae,Anomura,Decapoda,Malacostraca,Crustacea,3.896986057333334,2.0,3.0
Chionoecetes bairdi,Chionoecetes,Majidae,Brachyura,Decapoda,Malacostraca,Crustacea,4.020839153333334,1.0,3.0
Perna canaliculus,Perna,Mytilidae,Mytiloida,Pteriomorphia,Bivalvia,Mollusca,4.088264453333334,0.0,1.0
Mytilus edulis,Mytilus,Mytilidae,Mytiloida,Pteriomorphia,Bivalvia,Mollusca,3.77207028,0.0,1.0
Mytilus edulis,Mytilus,Mytilidae,Mytiloida,Pteriomorphia,Bivalvia,Mollusca,,0.0,1.0
Crassostrea gigas,Crassostrea,Ostreidae,Ostreoida,Pteriomorphia,Bivalvia,Mollusca,2.9797345,0.0,1.0
Engraulis encrosicholus,Engraulis,Engraulidae,Clupeiformes,Clupeomorpha,Teleostei,Osteichthyes,9.819906,3.0,3.0
Sprattus sprattus,Sprattus,Clupeidae,Clupeiformes,Clupeomorpha,Teleostei,Osteichthyes,9.389955666666667,3.0,3.0
Trachurus mediterraneus,Trachurus,Carangidae,Perciformes,Acanthopterygii,Teleostei,Osteichthyes,7.483313,3.0,3.0
Merlangius merlangus,Merlangius,Gadidae,Gadiformes,Paracanthopterygii,Teleostei,Osteichthyes,10.779,3.0,3.0
Belone belone,Belone,Belonidae,Beloniformes,Acanthopterygii,Teleostei,Osteichthyes,8.702374666666666,3.0,3.0
Alosa alosa,Alosa,Clupeidae,Clupeiformes,Clupeomorpha,Teleostei,Osteichthyes,10.120089666666663,3.0,1.0
Spicara alcedo,Spicara,Centracanthidae ,Perciformes,Acanthopterygii,Teleostei,Osteichthyes,10.081751333333331,3.0,3.0
Sarda sarda,Sarda,Scombridae,Perciformes,Acanthopterygii,Teleostei,Osteichthyes,10.764233666666666,3.0,3.0
Mullus barbatus,Mullus,Mullidae,Perciformes,Acanthopterygii,Teleostei,Osteichthyes,7.375460169999999,3.0,3.0
Haemulon sp.,Haemulon,Haemulidae,Perciformes,Acanthopterygii,Teleostei,Osteichthyes,,3.0,3.0
Anoplopoma fimbria,Anoplopoma,Anoplopomatidae ,Scorpaeniformes,Acanthopterygii,Teleostei,Osteichthyes,,3.0,3.0
Melicerita obliqua,Melicerita,Cellariidae,Cheilostomata,Cheilostomata,Gymnolaemata,Bryozoa,,0.0,1.0
Magellania fragilis,Magellania,Terebratulidae,Terebratulida,Terebratulida,Articulata,Brachiopoda,,0.0,1.0
Astacus sp.,Astacus,Astacidae,Astacoidea,Decapoda,Malacostraca,Crustacea,,1.0,3.0
Astacus sp.,Astacus,Astacidae,Astacoidea,Decapoda,Malacostraca,Crustacea,,1.0,3.0
Baetes sp.,Baetes,Baetidae,Pisciforma,Ephemeroptera,Pterygota,Insecta,,1.0,1.0
Baetes sp.,Baetes,Baetidae,Pisciforma,Ephemeroptera,Pterygota,Insecta,,1.0,1.0
Baetes sp.,Baetes,Baetidae,Pisciforma,Ephemeroptera,Pterygota,Insecta,,1.0,1.0
Baetes sp.,Baetes,Baetidae,Pisciforma,Ephemeroptera,Pterygota,Insecta,,1.0,1.0
Baetes sp.,Baetes,Baetidae,Pisciforma,Ephemeroptera,Pterygota,Insecta,,1.0,1.0
Brachycentrus sp.,Brachycentrus,Brachycentridae,Limnephiloidea,Trichoptera,Pterygota,Insecta,,1.0,1.0
Brachycentrus numerosus,Brachycentrus,Brachycentridae,Limnephiloidea,Trichoptera,Pterygota,Insecta,,1.0,1.0
Chironomus sp.,Chironomus,Chironomidae,Nematocera,Diptera,Pterygota,Insecta,,3.0,1.0
Ephemerella invaria,Ephemerella,Ephemerellidae,Furcatergalia,Ephemeroptera,Pterygota,Insecta,,3.0,1.0
Ephemerella sp.,Ephemerella,Ephemerellidae,Furcatergalia,Ephemeroptera,Pterygota,Insecta,,3.0,1.0
Gammarus sp.,Gammarus,Gammaridae,Gammaridea,Amphipoda,Malacostraca,Crustacea,,2.0,1.0
Gammarus sp.,Gammarus,Gammaridae,Gammaridea,Amphipoda,Malacostraca,Crustacea,,2.0,1.0
Gammarus sp.,Gammarus,Gammaridae,Gammaridea,Amphipoda,Malacostraca,Crustacea,,2.0,1.0
Gammarus sp.,Gammarus,Gammaridae,Gammaridea,Amphipoda,Malacostraca,Crustacea,,2.0,1.0
Gammarus sp.,Gammarus,Gammaridae,Gammaridea,Amphipoda,Malacostraca,Crustacea,,2.0,1.0
Glossosoma sp.,Glossosoma,Glossosomatidae,Glossosomatoidea,Trichoptera,Pterygota,Insecta,,1.0,1.0
Hyalella azteca,Hyalella,Hyalellidae,Gammaridea,Amphipoda,Malacostraca,Crustacea,,1.0,2.0
Hydropsyche sp.,Hydropsyche,Hydropsychidae,Hydropsychoidea,Trichoptera,Pterygota,Insecta,,1.0,2.0
Hydropsyche sp.,Hydropsyche,Hydropsychidae,Hydropsychoidea,Trichoptera,Pterygota,Insecta,,1.0,2.0
Hydropsyche sp.,Hydropsyche,Hydropsychidae,Hydropsychoidea,Trichoptera,Pterygota,Insecta,,1.0,2.0
Hydropsyche sp.,Hydropsyche,Hydropsychidae,Hydropsychoidea,Trichoptera,Pterygota,Insecta,,1.0,2.0
Hydropsyche sp.,Hydropsyche,Hydropsychidae,Hydropsychoidea,Trichoptera,Pterygota,Insecta,,1.0,2.0
Hydropsyche sp.,Hydropsyche,Hydropsychidae,Hydropsychoidea,Trichoptera,Pterygota,Insecta,,1.0,2.0
Hydropsyche sp.,Hydropsyche,Hydropsychidae,Hydropsychoidea,Trichoptera,Pterygota,Insecta,,1.0,2.0
Hydropsyche sp.,Hydropsyche,Hydropsychidae,Hydropsychoidea,Trichoptera,Pterygota,Insecta,,1.0,2.0
Hydropsyche sp.,Hydropsyche,Hydropsychidae,Hydropsychoidea,Trichoptera,Pterygota,Insecta,,1.0,2.0
Juga plicifera,Juga,Pleuroceridae,Neotaenioglossa,Neotaenioglossa,Gastropoda,Mollusca,,3.0,3.0
Juga sp.,Juga,Pleuroceridae,Neotaenioglossa,Neotaenioglossa,Gastropoda,Mollusca,,3.0,3.0
Lepidostoma sp.,Lepidostoma,Lepidostomatidae,Limnephiloidea,Trichoptera,Pterygota,Insecta,,1.0,1.0
Limnephilus sp.,Limnephilus,Lepidostomatidae,Limnephiloidea,Trichoptera,Pterygota,Insecta,,1.0,1.0
Palaemonetes paludosus,Palaemonetes,Palaemonidae,Caridea,Decapoda,Malacostraca,Crustacea,,2.0,3.0
Palaemonetes paludosus,Palaemonetes,Palaemonidae,Caridea,Decapoda,Malacostraca,Crustacea,,2.0,3.0
Palaemonetes paludosus,Palaemonetes,Palaemonidae,Caridea,Decapoda,Malacostraca,Crustacea,,2.0,3.0
Palaemonetes paludosus,Palaemonetes,Palaemonidae,Caridea,Decapoda,Malacostraca,Crustacea,,2.0,3.0
Palaemonetes paludosus,Palaemonetes,Palaemonidae,Caridea,Decapoda,Malacostraca,Crustacea,,2.0,3.0
Palaemonetes paludosus,Palaemonetes,Palaemonidae,Caridea,Decapoda,Malacostraca,Crustacea,,2.0,3.0
Palaemonetes paludosus,Palaemonetes,Palaemonidae,Caridea,Decapoda,Malacostraca,Crustacea,,2.0,3.0
Procambarus sp.,Procambarus,Cambaridae,Stenopodidea,Decapoda,Malacostraca,Crustacea,,3.0,3.0
Procambarus sp.,Procambarus,Cambaridae,Stenopodidea,Decapoda,Malacostraca,Crustacea,,3.0,3.0
Procambarus sp.,Procambarus,Cambaridae,Stenopodidea,Decapoda,Malacostraca,Crustacea,,3.0,3.0
Procambarus sp.,Procambarus,Cambaridae,Stenopodidea,Decapoda,Malacostraca,Crustacea,,3.0,3.0
Procambarus sp.,Procambarus,Cambaridae,Stenopodidea,Decapoda,Malacostraca,Crustacea,,3.0,3.0
Procambarus spiculifer,Procambarus,Cambaridae,Stenopodidea,Decapoda,Malacostraca,Crustacea,,3.0,3.0
Procambarus spiculifer,Procambarus,Cambaridae,Stenopodidea,Decapoda,Malacostraca,Crustacea,,3.0,3.0
Heleobia australis,Helobia,Hydrobiidae,Neotaenioglossa,Neotaenioglossa,Gastropoda,Mollusca,,1.0,1.0
Heleobia australis,Helobia,Hydrobiidae,Neotaenioglossa,Neotaenioglossa,Gastropoda,Mollusca,,1.0,1.0
Plaxiphora albida,Plaxiphora,Mopaliidae,Ischnochitonina,Neoloricata,Polyplacophora,Mollusca,,1.0,1.0
Haliotis roei,Haliotis,Haliotididae,Archaeogastropoda,Prosobranchia,Gastropoda,Mollusca,,1.0,1.0
Turbo torquatus,Turbo,Turbinidae,Archaeogastropoda,Prosobranchia,Gastropoda,Mollusca,,1.0,1.0
Herdmania momus,Herdmania,Pyuridae,Stolidobranchia,Stolidobranchia,Ascidiacea,Tunicata,,0.0,1.0
Aplysina sp.,Aplysina,Aplysinidae,Verongida,Demospongiae,Demospongiae,Porifera,,0.0,1.0
lotrochota baculifera,lotrochota,Iotrochotidae,Poecilosclerida,Demospongiae,Demospongiae,Porifera,,0.0,1.0
Craspedacusta sowerbii,Craspedacusta,Olindiidae,Limnomedusae,Hydroida,Hydrozoa,Cnidaria,,3.0,3.0
Euphausia kronhii,Euphausia,Euphausiidae,Euphausiacea,Euphausiacea,Malacostraca,Crustacea,,3.0,2.0
Meganyctiphanes norvegica,Meganyctiphanes,Euphausiidae,Euphausiacea,Euphausiacea,Malacostraca,Crustacea,,3.0,2.0
Meganyctiphanes norvegica,Meganyctiphanes,Euphausiidae,Euphausiacea,Euphausiacea,Malacostraca,Crustacea,,3.0,2.0
Meganyctiphanes norvegica,Meganyctiphanes,Euphausiidae,Euphausiacea,Euphausiacea,Malacostraca,Crustacea,,3.0,2.0
Nematobrachion boopis,Nematobrachion,Euphausiidae,Euphausiacea,Euphausiacea,Malacostraca,Crustacea,,3.0,2.0
Nematoscelis megalops,Nematoscelis,Euphausiidae,Euphausiacea,Euphausiacea,Malacostraca,Crustacea,,3.0,2.0
Nematoscelis megalops,Nematobrachion,Euphausiidae,Euphausiacea,Euphausiacea,Malacostraca,Crustacea,,3.0,2.0
Nyctiphanes couchi,Nyctiphanes,Euphausiidae,Euphausiacea,Euphausiacea,Malacostraca,Crustacea,,3.0,2.0
Nyctiphanes couchi,Nyctiphanes,Euphausiidae,Euphausiacea,Euphausiacea,Malacostraca,Crustacea,,3.0,2.0
Nyctiphanes couchi,Nyctiphanes,Euphausiidae,Euphausiacea,Euphausiacea,Malacostraca,Crustacea,,3.0,2.0
Nyctiphanes couchi,Nyctiphanes,Euphausiidae,Euphausiacea,Euphausiacea,Malacostraca,Crustacea,,3.0,2.0
Stylocheiron maximum,Stylocheiron,Euphausiidae,Euphausiacea,Euphausiacea,Malacostraca,Crustacea,,3.0,2.0
Thysanoessa longicaudata,Thysanoessa,Euphausiidae,Euphausiacea,Euphausiacea,Malacostraca,Crustacea,,3.0,2.0
Thysanoessa longicaudata,Thysanoessa,Euphausiidae,Euphausiacea,Euphausiacea,Malacostraca,Crustacea,,3.0,2.0
Thysanoessa longicaudata,Thysanoessa,Euphausiidae,Euphausiacea,Euphausiacea,Malacostraca,Crustacea,,3.0,2.0
Thysanoessa longicaudata,Thysanoessa,Euphausiidae,Euphausiacea,Euphausiacea,Malacostraca,Crustacea,,3.0,2.0
Thysanopoda acutifrons,Thysanoessa,Euphausiidae,Euphausiacea,Euphausiacea,Malacostraca,Crustacea,,3.0,2.0
Calanus sp.,Calanus,Calanidae,Calanoida,Gymnoplea,Copepoda,Crustacea,,3.0,1.0
Calanus sp.,Calanus,Calanidae,Calanoida,Gymnoplea,Copepoda,Crustacea,,3.0,1.0
Calanus sp.,Calanus,Calanidae,Calanoida,Gymnoplea,Copepoda,Crustacea,,3.0,1.0
Pseudocalanus elongatus,Pseudocalanus,Pseudocalanidae,Calanoida,Gymnoplea,Copepoda,Crustacea,,3.0,1.0
Temora longicornis,Temora,Sulcanidae,Calanoida,Gymnoplea,Copepoda,Crustacea,,3.0,2.0
Temora longicornis,Temora,Sulcanidae,Calanoida,Gymnoplea,Copepoda,Crustacea,,3.0,2.0
Temora longicornis,Temora,Sulcanidae,Calanoida,Gymnoplea,Copepoda,Crustacea,,3.0,2.0
Acartia clausi,Acartia,Acartiidae,Calanoida,Gymnoplea,Copepoda,Crustacea,,3.0,1.0
Mesocalanus tenuicornis,Calanus,Calanidae,Calanoida,Gymnoplea,Copepoda,Crustacea,,3.0,1.0
Mesocalanus tenuicornis,Calanus,Calanidae,Calanoida,Gymnoplea,Copepoda,Crustacea,,3.0,1.0
Metridia lucens,Metridia,Metridinidae,Calanoida,Gymnoplea,Copepoda,Crustacea,,3.0,2.0
Candacia armata,Candacia,Candaciidae,Calanoida,Gymnoplea,Copepoda,Crustacea,,3.0,3.0
Macrocystis pyrifera,Macrocystis,Lessoniaceae,Laminariales,Laminariales,Phaeophyceae,Phaeophyta,,0.0,0.0
Bithynia tentaculata,Bithynia,Bithyniidae,Neotaenioglossa,Neotaenioglossa,Gastropoda,Mollusca,,1.0,1.0
Lymnaea peregra,Lymnaea,Lymnaeidae,Basommatophora,Basommatophora,Gastropoda,Mollusca,,1.0,1.0
Theodoxus fluviatilis,Theodoxus,Neritidae,Neritopsina,Prosobranchia,Gastropoda,Mollusca,,1.0,1.0
Valvata viviparum,Valvata,Valvatidae,Heterostropha,Heterostropha,Gastropoda,Mollusca,,1.0,2.0
Limnephilidae,Taxon > Genus,Limnephilidae,Limnephiloidea,Trichoptera,Pterygota,Insecta,,1.0,1.0
Polycentropodidae,Taxon > Genus,Polycentropodidae,Hydropsychoidea,Trichoptera,Pterygota,Insecta,,1.0,2.0
Psychomidae,Taxon > Genus,Psychomidae,Phryganeoidea,Trichoptera,Pterygota,Insecta,,1.0,2.0
Chironomidae,Taxon > Genus,Chironomidae,Nematocera,Diptera,Pterygota,Insecta,,2.0,2.0
Caenidae,Taxon > Genus,Caenidae,Furcatergalia,Ephemeroptera,Pterygota,Insecta,,1.0,2.0
Diastylis rathkei,Diastylis,Diastylidae,Cumacea,Cumacea,Malacostraca,Crustacea,2.028,2.0,2.0
Diastylis rathkei,Diastylis,Diastylidae,Cumacea,Cumacea,Malacostraca,Crustacea,3.553,2.0,2.0
Diastylis rathkei,Diastylis,Diastylidae,Cumacea,Cumacea,Malacostraca,Crustacea,2.47,2.0,2.0
Clupea pallasi,Clupea,Clupeidae,Clupeiformes,Clupeomorpha,Teleostei,Osteichthyes,4.167,3.0,3.0
Clupea harengus,Clupea,Clupeidae,Clupeiformes,Clupeomorpha,Teleostei,Osteichthyes,5.53,3.0,2.0
Ammodytes hexapterus,Ammodytes,Ammodytidae,Perciformes,Acanthopterygii,Teleostei,Osteichthyes,,3.0,3.0
Ammodytes hexapterus,Ammodytes,Ammodytidae,Perciformes,Acanthopterygii,Teleostei,Osteichthyes,,3.0,3.0
Ammodytes hexapterus,Ammodytes,Ammodytidae,Perciformes,Acanthopterygii,Teleostei,Osteichthyes,,3.0,3.0
Caprella danilevskii,Caprella,Caprellidae,Caprellidea,Amphipoda,Malacostraca,Crustacea,,1.0,1.0
Caprella subinermis,Caprella,Caprellidae,Caprellidea,Amphipoda,Malacostraca,Crustacea,,1.0,1.0
Caprella verrucosa,Caprella,Caprellidae,Caprellidea,Amphipoda,Malacostraca,Crustacea,,1.0,1.0
Caprella danilevskii,Caprella,Caprellidae,Caprellidea,Amphipoda,Malacostraca,Crustacea,,1.0,1.0
Caprella christibrachium,Caprella,Caprellidae,Caprellidea,Amphipoda,Malacostraca,Crustacea,,1.0,1.0
Caprella krøyeri,Caprella,Caprellidae,Caprellidea,Amphipoda,Malacostraca,Crustacea,,1.0,1.0
Caprella penantis,Caprella,Caprellidae,Caprellidea,Amphipoda,Malacostraca,Crustacea,,1.0,1.0
Caprella mutica,Caprella,Caprellidae,Caprellidea,Amphipoda,Malacostraca,Crustacea,,1.0,1.0
Caprella equilibria,Caprella,Caprellidae,Caprellidea,Amphipoda,Malacostraca,Crustacea,,1.0,1.0
Pseudocalanus minutus,Pseudocalanus,Pseudocalanidae,Calanoida,Gymnoplea,Copepoda,Crustacea,,3.0,1.0
Pseudocalanus minutus,Pseudocalanus,Pseudocalanidae,Calanoida,Gymnoplea,Copepoda,Crustacea,,3.0,1.0
Limnocalanus macrurus,Limnocalanus,Centropagidae,Calanoida,Gymnoplea,Copepoda,Crustacea,,3.0,1.0
Eurytemora affinis,Eurytemora,Temoridae,Calanoida,Gymnoplea,Copepoda,Crustacea,,3.0,1.0
Eurytemora affinis,Eurytemora,Temoridae,Calanoida,Gymnoplea,Copepoda,Crustacea,,3.0,1.0
Acartia sp.,Acartia,Acartiidae,Calanoida,Gymnoplea,Copepoda,Crustacea,,3.0,1.0
Acartia sp.,Acartia,Acartiidae,Calanoida,Gymnoplea,Copepoda,Crustacea,,3.0,1.0
Bosmina sp.,Bosmina,Bosminidae,Cladocera,Phyllopoda,Branchiopoda,Crustacea,,3.0,1.0
Evadne sp.,Evadne,Polyphemidae,Cladocera,Phyllopoda,Branchiopoda,Crustacea,,3.0,1.0
Sargassum baccularia,Sargassum,Sargassaceae,Fucales,Fucales,Phaeophyceae,Phaeophyta,,0.0,0.0
Sargassum binderi,Sargassum,Sargassaceae,Fucales,Fucales,Phaeophyceae,Phaeophyta,,0.0,0.0
Calocaris macandreae,Calocaris,Calocarididae,Thalassinidea,Decapoda,Malacostraca,Crustacea,,1.0,3.0
Calocaris macandreae,Calocaris,Calocarididae,Thalassinidea,Decapoda,Malacostraca,Crustacea,,1.0,3.0
Sagitta elegans,Sagitta,Sagittidae,Aphragmophora,Sagittoidea,Chaetognatha,Chaetognatha,,3.0,3.0
Pleurogrammus monopterygius,Pleurogrammus,Hexagrammidae,Scorpaeniformes,Acanthopterygii,Teleostei,Osteichthyes,,3.0,3.0
Mallotus villosus,Mallotus,Osmeridae,Osmeriformes,Protacanthopterygii,Teleostei,Osteichthyes,,3.0,3.0
Hexagrammos sp.,Hexagrammos,Hexagrammidae,Scorpaeniformes,Acanthopterygii,Teleostei,Osteichthyes,,3.0,3.0
Gadus macrocephalus,Gadus,Gadidae,Gadiformes,Paracanthopterygii,Teleostei,Osteichthyes,,3.0,3.0
Trichodon trichodon,Trichodon,Trichodontidae,Perciformes,Acanthopterygii,Teleostei,Osteichthyes,,3.0,3.0
Theragra fucensis ,Theragra,Gadidae,Gadiformes,Paracanthopterygii,Teleostei,Osteichthyes,,3.0,3.0
Zaprora silenus,Zaprora,Zaproridae,Perciformes,Acanthopterygii,Teleostei,Osteichthyes,,3.0,3.0
Sebastes sp.,Sebastes,Scorpaenidae,Scorpaeniformes,Acanthopterygii,Teleostei,Osteichthyes,,3.0,3.0
Anoplopoma fimbria,Anoplopoma,Anoplopomatidae ,Scorpaeniformes,Acanthopterygii,Teleostei,Osteichthyes,,3.0,3.0
Ammodytes alascanus,Ammodytes,Ammodytidae,Perciformes,Acanthopterygii,Teleostei,Osteichthyes,,3.0,3.0
Seriolina nigrofasciata,Seriolina,Carangidae,Perciformes,Acanthopterygii,Teleostei,Osteichthyes,5.116771388333334,3.0,2.0
Siganus canaliculatus,Siganus,Siganidae,Perciformes,Acanthopterygii,Teleostei,Osteichthyes,6.119649999999999,3.0,2.0
Rhabdosargus haffara,Rhabdosargus,Sparidae,Perciformes,Acanthopterygii,Teleostei,Osteichthyes,4.998726666666667,3.0,2.0
Scomberomorus commerson,Scomberomorus,Scombridae,Perciformes,Acanthopterygii,Teleostei,Osteichthyes,6.96013948,3.0,3.0
Liza alata,Liza,Mugilidae,Perciformes,Acanthopterygii,Teleostei,Osteichthyes,9.299544085,3.0,2.0
Epinephelus areolatus,Epinephelus,Serranidae,Perciformes,Acanthopterygii,Teleostei,Osteichthyes,4.7442866666666665,3.0,2.0
Plectorhinchus sordidus,Plectorhinchus,Haemulidae,Perciformes,Acanthopterygii,Teleostei,Osteichthyes,7.088552483333333,3.0,2.0
Lethrinus nebulosus,Lethrinus,Lethrinidae,Perciformes,Acanthopterygii,Teleostei,Osteichthyes,3.917348573333333,3.0,2.0
Penaeus semislcatus,Penaeus,Penaeidae,Penaeoidea,Decapoda,Malacostraca,Crustacea,3.804675923333333,2.0,3.0
Macruronus novaezelandiae,Macruronus,Merlucciidae,Gadiformes,Paracanthopterygii,Teleostei,Osteichthyes,,3.0,3.0
Lepidorhynchus denticulatus,Lepidorhynchus,Macrouridae,Gadiformes,Paracanthopterygii,Teleostei,Osteichthyes,,3.0,3.0
Pseudophycis bachus,Pseudophycis,Moridae,Gadiformes,Paracanthopterygii,Teleostei,Osteichthyes,,3.0,3.0
Hemerocoetes sp.,Hemerocoetes,Hemerocoetinae,Perciformes,Acanthopterygii,Teleostei,Osteichthyes,,3.0,2.0
Squalus acanthias,Squalus,Squalidae,Squaliformes,Euselachii ,Elasmobranchii,Chondrichthyes,,3.0,3.0
Nototodarus sloani,Nototodarus,Ommastrephidae,Teuthida,Decabrachia,Cephalopoda,Mollusca,,3.0,3.0
Enteroctopus zealandicus,Enteroctopus,Octopodidae,Octopoda,Octobrachia,Cephalopoda,Mollusca,,2.0,3.0
Metanephrops challengeri,Metanephrops,Nephropidae,Astacoidea,Decapoda,Malacostraca,Crustacea,,1.0,3.0
Caulerpa lentillifera,Caulerpa,Caulerpaceae,Caulerpales,Caulerpales,Chlorophyceae,Chlorophyta,0.3810000000000003,0.0,0.0
Cladophora vagabunda,Cladophora,Cladophoraceae,Cladophorales,Cladophorales,Chlorophyceae,Chlorophyta,0.98595,0.0,0.0
Codium hawaiiense,Codium,Codiaceae,Caulerpales,Caulerpales,Chlorophyceae,Chlorophyta,,0.0,0.0
Codium reediae,Codium,Codiaceae,Caulerpales,Caulerpales,Chlorophyceae,Chlorophyta,0.1890999999999998,0.0,0.0
Enteromorpha flexuosa,Enteromorpha,Ulvaceae,Ulotrichales,Ulotrichales,Chlorophyceae,Chlorophyta,1.3726800000000012,0.0,0.0
Rhizoclonium implexum,Rhizoclonium,Cladophoraceae,Cladophorales,Cladophorales,Chlorophyceae,Chlorophyta,1.1382000000000003,0.0,0.0
Ulva fasciata,Ulva,Ulvaceae,Ulotrichales,Ulotrichales,Chlorophyceae,Chlorophyta,1.9172999999999996,0.0,0.0
Ulva fasciata,Ulva,Ulvaceae,Ulotrichales,Ulotrichales,Chlorophyceae,Chlorophyta,1.38305,0.0,0.0
Dictyota acutiloba,Dictyota,Dictyotaceae,Dictyonales,Dictyonales,Phaeophyceae,Phaeophyta,1.1661,0.0,0.0
Sargassum echinocarpum,Sargassum,Sargassaceae,Fucales,Fucales,Phaeophyceae,Phaeophyta,1.2035999999999991,0.0,0.0
Acanthophora spicifera,Acanthophora,Rhodomelaceae,Ceramiales,Florideophycideae,Rhodophytina,Rhodophyta,0.6437000000000005,0.0,0.0
Ahnfeltia concinna,Ahnfeltia,Phyllophoraceae,Gigartinales,Florideophycideae,Rhodophytina,Rhodophyta,3.0393000000000003,0.0,0.0
Amansia glomerata,Amansia,Rhodomelaceae ,Ceramiales,Florideophycideae,Rhodophytina,Rhodophyta,1.6402400000000004,0.0,0.0
Gracilaria salicornia,Gracilaria,Gracilariaceae,Gigartinales,Florideophycideae,Rhodophytina,Rhodophyta,0.5989500000000005,0.0,0.0
Hypnea musciformis,Hypnea,Hypneaceae,Gigartinales,Florideophycideae,Rhodophytina,Rhodophyta,0.7010000000000001,0.0,0.0
Hypnea musciformis,Hypnea,Hypneaceae,Gigartinales,Florideophycideae,Rhodophytina,Rhodophyta,0.7787099999999998,0.0,0.0
Laurencia nidifica,Laurencia,Rhodomelaceae,Ceramiales,Florideophycideae,Rhodophytina,Rhodophyta,1.12784,0.0,0.0
Pterocladia capillacea,Pterocladia,Gelidiaceae,Nemaliales,Florideophycideae,Rhodophytina,Rhodophyta,3.6162,0.0,0.0
Halophila decipiens,Halophila,Hydrocharitaceae,Hydrocharitales,Alismatidae,Magnoliopsida,Tracheophyta,0.3618200000000003,0.0,0.0
Halophila decipiens,Halophila,Hydrocharitaceae,Hydrocharitales,Alismatidae,Magnoliopsida,Tracheophyta,0.38625,0.0,0.0
Halophila hawaiiana,Halophila,Hydrocharitaceae,Hydrocharitales,Alismatidae,Magnoliopsida,Tracheophyta,0.8165,0.0,0.0
Halophila hawaiiana,Halophila,Hydrocharitaceae,Hydrocharitales,Alismatidae,Magnoliopsida,Tracheophyta,0.2822699999999999,0.0,0.0
Aetideopsis rostrata,Aetideopsis,Aetideidae,Calanoida,Gymnoplea,Copepoda,Crustacea,,3.0,1.0
Aetideopsis rostrata,Aetideopsis,Aetideidae,Calanoida,Gymnoplea,Copepoda,Crustacea,,3.0,1.0
Amallothrix inornata,Amallothrix,Scolecitrichidae,Calanoida,Gymnoplea,Copepoda,Crustacea,,3.0,2.0
Amallothrix inornata,Amallothrix,Scolecitrichidae,Calanoida,Gymnoplea,Copepoda,Crustacea,,3.0,2.0
Amallothrix paraalida,Amallothrix,Scolecitrichidae,Calanoida,Gymnoplea,Copepoda,Crustacea,,3.0,2.0
Amallothrix valida,Amallothrix,Scolecitrichidae,Calanoida,Gymnoplea,Copepoda,Crustacea,,3.0,2.0
Amallothrix valida,Amallothrix,Scolecitrichidae,Calanoida,Gymnoplea,Copepoda,Crustacea,,3.0,2.0
Batheuchaeta lamellata,Batheuchaeta,Aetideidae,Calanoida,Gymnoplea,Copepoda,Crustacea,,3.0,1.0
Batheuchaeta lamellata,Batheuchaeta,Aetideidae,Calanoida,Gymnoplea,Copepoda,Crustacea,,3.0,1.0
Bathycalanus bradyi,Bathycalanus,Calanidae,Calanoida,Gymnoplea,Copepoda,Crustacea,,3.0,1.0
Bradyidius pacificus,Bradyidius,Aetideidae,Calanoida,Gymnoplea,Copepoda,Crustacea,,3.0,1.0
Candacia columbiae,Candacia,Candaciidae,Calanoida,Gymnoplea,Copepoda,Crustacea,,3.0,3.0
Chiridiella pacifica,Chiridiella,Aetideidae,Calanoida,Gymnoplea,Copepoda,Crustacea,,3.0,1.0
Chiridius pacificus,Chiridus,Aetideidae,Calanoida,Gymnoplea,Copepoda,Crustacea,,3.0,1.0
Chirundina streetsi,Chirundina,Aetideidae,Calanoida,Gymnoplea,Copepoda,Crustacea,,3.0,1.0
Cornucalanus indicus,Cornucalanus,Phaennidae,Calanoida,Gymnoplea,Copepoda,Crustacea,,3.0,2.0
Euaugaptilus graciloides,Euaugaptilus,Augaptilidae,Calanoida,Gymnoplea,Copepoda,Crustacea,,3.0,3.0
Euaugaptilus parabullifer,Euaugaptilus,Augaptilidae,Calanoida,Gymnoplea,Copepoda,Crustacea,,3.0,3.0
Euaugaptilus pseudaffinis,Euaugaptilus,Augaptilidae,Calanoida,Gymnoplea,Copepoda,Crustacea,,3.0,3.0
Euchirella brevis,Euchirella,Lucicitiidae,Calanoida,Gymnoplea,Copepoda,Crustacea,,3.0,1.0
Euchirella galeata,Euchirella,Lucicitiidae,Calanoida,Gymnoplea,Copepoda,Crustacea,,3.0,1.0
Euchirella messinensis,Euchirella,Lucicitiidae,Calanoida,Gymnoplea,Copepoda,Crustacea,,3.0,1.0
Euchirella rostrata,Euchirella,Lucicitiidae,Calanoida,Gymnoplea,Copepoda,Crustacea,,3.0,1.0
Euchirella truncata,Euchirella,Lucicitiidae,Calanoida,Gymnoplea,Copepoda,Crustacea,,3.0,1.0
Gaetanus paracurvicornis,Gaetanus,Fosshageniidae,Calanoida,Gymnoplea,Copepoda,Crustacea,,3.0,1.0
Gaidius brevispinus,Gaidius,Fosshageniidae,Calanoida,Gymnoplea,Copepoda,Crustacea,,3.0,1.0
Gaidius pungens,Gaidius,Fosshageniidae,Calanoida,Gymnoplea,Copepoda,Crustacea,,3.0,1.0
Gaidius robustus,Gaidius,Fosshageniidae,Calanoida,Gymnoplea,Copepoda,Crustacea,,3.0,1.0
Gaidius robustus,Gaidius,Fosshageniidae,Calanoida,Gymnoplea,Copepoda,Crustacea,,3.0,1.0
Gaidius tenuispinus,Gaidius,Fosshageniidae,Calanoida,Gymnoplea,Copepoda,Crustacea,,3.0,1.0
Gaidius variabilis,Gaidius,Fosshageniidae,Calanoida,Gymnoplea,Copepoda,Crustacea,,3.0,1.0
Heterostylites major,Heterostylites,Heterorhabdidae,Calanoida,Gymnoplea,Copepoda,Crustacea,,3.0,3.0
Lophothrix frontalis,Lophothrix,Scolecitrichidae,Calanoida,Gymnoplea,Copepoda,Crustacea,,3.0,2.0
Lophothrix frontalis,Lophothrix,Scolecitrichidae,Calanoida,Gymnoplea,Copepoda,Crustacea,,3.0,2.0
Lucicutia bicornuta,Lucicutia,Lucicutiidae,Calanoida,Gymnoplea,Copepoda,Crustacea,,3.0,1.0
Lucicutia ellipsoidalis,Lucicutia,Lucicutiidae,Calanoida,Gymnoplea,Copepoda,Crustacea,,3.0,1.0
Lucicutia gracilis,Lucicutia,Lucicutiidae,Calanoida,Gymnoplea,Copepoda,Crustacea,,3.0,1.0
Lucicutia grandis,Lucicutia,Lucicutiidae,Calanoida,Gymnoplea,Copepoda,Crustacea,,3.0,1.0
Lucicutia grandis,Lucicutia,Lucicutiidae,Calanoida,Gymnoplea,Copepoda,Crustacea,,3.0,1.0
Lucicutia longifurca,Lucicutia,Lucicutiidae,Calanoida,Gymnoplea,Copepoda,Crustacea,,3.0,1.0
Lucicutia pacifica,Lucicutia,Lucicutiidae,Calanoida,Gymnoplea,Copepoda,Crustacea,,3.0,1.0
Megacalanus princeps,Megacalanus,Calanidae,Calanoida,Gymnoplea,Copepoda,Crustacea,,3.0,1.0
Metridia asymmetrica,Metridia,Metridinidae,Calanoida,Gymnoplea,Copepoda,Crustacea,,3.0,1.0
Metridia curticauda,Metridia,Metridinidae,Calanoida,Gymnoplea,Copepoda,Crustacea,,3.0,1.0
Metridia okhotensis,Metridia,Metridinidae,Calanoida,Gymnoplea,Copepoda,Crustacea,,3.0,1.0
Metridia ornata,Metridia,Metridinidae,Calanoida,Gymnoplea,Copepoda,Crustacea,,3.0,1.0
Metridia ornata,Metridia,Metridinidae,Calanoida,Gymnoplea,Copepoda,Crustacea,,3.0,1.0
Mixtocalanus robustus,Mixtocalanus,Scolecitrichidae,Calanoida,Gymnoplea,Copepoda,Crustacea,,3.0,2.0
Onchocalanus magnus,Onchocalanus,Calanidae,Calanoida,Gymnoplea,Copepoda,Crustacea,,3.0,2.0
Paraeuchaeta abyssalis,Paraeuchaeta,Euchaetidae,Calanoida,Gymnoplea,Copepoda,Crustacea,,3.0,3.0
Paraeuchaeta barbata,Paraeuchaeta,Euchaetidae,Calanoida,Gymnoplea,Copepoda,Crustacea,,3.0,3.0
Paraeuchaeta birostrata,Paraeuchaeta,Euchaetidae,Calanoida,Gymnoplea,Copepoda,Crustacea,,3.0,3.0
Paraeuchaeta birostrata,Paraeuchaeta,Euchaetidae,Calanoida,Gymnoplea,Copepoda,Crustacea,,3.0,3.0
Paraeuchaeta brevirostris,Paraeuchaeta,Euchaetidae,Calanoida,Gymnoplea,Copepoda,Crustacea,,3.0,3.0
Paraeuchaeta elongata,Paraeuchaeta,Euchaetidae,Calanoida,Gymnoplea,Copepoda,Crustacea,,3.0,3.0
Paraeuchaeta elongata,Paraeuchaeta,Euchaetidae,Calanoida,Gymnoplea,Copepoda,Crustacea,,3.0,3.0
Paraeuchaeta modesta,Paraeuchaeta,Euchaetidae,Calanoida,Gymnoplea,Copepoda,Crustacea,,3.0,3.0
Paraeuchaeta orientalis,Paraeuchaeta,Euchaetidae,Calanoida,Gymnoplea,Copepoda,Crustacea,,3.0,3.0
Paraeuchaeta pseudotumidula,Paraeuchaeta,Euchaetidae,Calanoida,Gymnoplea,Copepoda,Crustacea,,3.0,3.0
Paraeuchaeta rubra,Paraeuchaeta,Euchaetidae,Calanoida,Gymnoplea,Copepoda,Crustacea,,3.0,3.0
Paraeuchaeta rubra,Paraeuchaeta,Euchaetidae,Calanoida,Gymnoplea,Copepoda,Crustacea,,3.0,3.0
Pleuromamma scutullata,Pleuromamma,Metridinidae,Calanoida,Gymnoplea,Copepoda,Crustacea,,3.0,1.0
Pleuromamma xiphias,Pleuromamma,Metridinidae,Calanoida,Gymnoplea,Copepoda,Crustacea,,3.0,1.0
Pseudochirella pacifica,Pseudochirella,Aetideidae,Calanoida,Gymnoplea,Copepoda,Crustacea,,3.0,1.0
Pseudochirella polyspina,Pseudochirella,Aetideidae,Calanoida,Gymnoplea,Copepoda,Crustacea,,3.0,1.0
Pseudochirella spinifera,Pseudochirella,Aetideidae,Calanoida,Gymnoplea,Copepoda,Crustacea,,3.0,1.0
Pseudochirella spinifera,Pseudochirella,Aetideidae,Calanoida,Gymnoplea,Copepoda,Crustacea,,3.0,1.0
Scaphocalanus affinis,Scaphocalanus,Scolecitrichidae,Calanoida,Gymnoplea,Copepoda,Crustacea,,3.0,2.0
Scaphocalanus magnus,Scaphocalanus,Scolecitrichidae,Calanoida,Gymnoplea,Copepoda,Crustacea,,3.0,2.0
Scaphocalanus medius,Scaphocalanus,Scolecitrichidae,Calanoida,Gymnoplea,Copepoda,Crustacea,,3.0,2.0
Scaphocalanus medius,Scaphocalanus,Scolecitrichidae,Calanoida,Gymnoplea,Copepoda,Crustacea,,3.0,2.0
Scaphocalanus subelongatus,Scaphocalanus,Scolecitrichidae,Calanoida,Gymnoplea,Copepoda,Crustacea,,3.0,2.0
Scolecithricella sp.,Scolecithricella,Scolecitrichidae,Calanoida,Gymnoplea,Copepoda,Crustacea,,3.0,2.0
Scottocalanus securifrons,Scottocalanus,Scolecitrichidae,Calanoida,Gymnoplea,Copepoda,Crustacea,,3.0,2.0
Spinocalanus magnus,Spinocalanus,Scolecitrichidae,Calanoida,Gymnoplea,Copepoda,Crustacea,,3.0,1.0
Spinocalanus stellatus,Spinocalanus,Scolecitrichidae,Calanoida,Gymnoplea,Copepoda,Crustacea,,3.0,1.0
Undeuchaeta incisa,Undeuchaeta,Aetideidae,Calanoida,Gymnoplea,Copepoda,Crustacea,,3.0,1.0
Undeuchaeta major,Undeuchaeta,Aetideidae,Calanoida,Gymnoplea,Copepoda,Crustacea,,3.0,1.0
Undeuchaeta plumosa,Undeuchaeta,Aetideidae,Calanoida,Gymnoplea,Copepoda,Crustacea,,3.0,1.0
Valdiviella imperfecta,Valdiviella,Aetideidae,Calanoida,Gymnoplea,Copepoda,Crustacea,,3.0,1.0
Xanthocalanus kurilensis,Xanthocalanus,Phaennidae,Calanoida,Gymnoplea,Copepoda,Crustacea,,3.0,3.0
Calanus finmarchicus,Calanus,Calanidae,Calanoida,Gymnoplea,Copepoda,Crustacea,,3.0,1.0
Alosa pseudoharengus,Alosa,Clupeidae,Clupeiformes,Clupeomorpha,Teleostei,Osteichthyes,5.857333333333333,3.0,1.0
Alosa pseudoharengus,Alosa,Clupeidae,Clupeiformes,Clupeomorpha,Teleostei,Osteichthyes,6.440333333333334,3.0,1.0
Coregonus hoyi,Coregonus,Salmonidae,Salmoniformes,Protacanthopterygii,Teleostei,Osteichthyes,6.5680000000000005,3.0,3.0
Myoxocephalus thompsonii,Myoxocephalus,Cottidae,Scorpaeniformes,Acanthopterygii,Teleostei,Osteichthyes,5.703,2.0,2.0
Cottus cognatus,Cottus,Cottidae,Scorpaeniformes,Acanthopterygii,Teleostei,Osteichthyes,5.004333333333334,2.0,2.0
Carcinus maenas,Carcinus,Portunidae,Brachyura,Decapoda,Malacostraca,Crustacea,3.0258342400000005,1.0,3.0
Panopeus sp.,Panopeus,Panopeidae,Brachyura,Decapoda,Malacostraca,Crustacea,5.89172992,1.0,3.0
Pagurus longicarpus,Pagurus,Paguridae,Anomura,Decapoda,Malacostraca,Crustacea,4.28877262,1.0,3.0
Palaemonetes pugio,Palaemonetes,Palaemonidae,Caridea,Decapoda,Malacostraca,Crustacea,3.9379782,1.0,3.0
Mytilus edulis,Mytilus,Mytilidae,Mytiloida,Pteriomorphia,Bivalvia,Mollusca,3.44437504,1.0,1.0
Geukensia demissa,Geukensia,Mytilidae,Mytiloida,Pteriomorphia,Bivalvia,Mollusca,2.09965238,1.0,1.0
Mercenaria mercenaria,Mercenaria,Veneridae,Veneroida,Heterodonta,Bivalvia,Mollusca,2.182357083333333,1.0,1.0
Littorina littorea,Littorina,Littorinidae,Neotaenioglossa,Neotaenioglossa,Gastropoda,Mollusca,5.0458899666666674,1.0,1.0
Nassarius obsoletus,Nassarius,Nassariidae,Neogastropoda,Prosobranchia,Gastropoda,Mollusca,4.725023333333334,1.0,1.0
Crepidula fornicata,Crepidula,Calyptraeidae,Neotaenioglossa,Neotaenioglossa,Gastropoda,Mollusca,3.70774244,1.0,1.0
Stichaeus punctatus,Stichaeus,Stichaeidae,Perciformes,Acanthopterygii,Teleostei,Osteichthyes,4.11,3.0,3.0
Mallotus villosus,Mallotus,Osmeridae,Osmeriformes,Protacanthopterygii,Teleostei,Osteichthyes,4.9,3.0,3.0
Leptoclinus maculatus,Leptoclinus,Stichaeidae,Perciformes,Acanthopterygii,Teleostei,Osteichthyes,4.97,3.0,3.0
Gymnelus sp.,Gymnelus,Zoarcidae,Perciformes,Acanthopterygii,Teleostei,Osteichthyes,4.09,3.0,3.0
Eumesogrammus praecisus,Eumesogrammus,Stichaeidae,Perciformes,Acanthopterygii,Teleostei,Osteichthyes,3.22,3.0,3.0
Boreogadus saida,Boreogadus,Gadidae,Gadiformes,Paracanthopterygii,Teleostei,Osteichthyes,4.7,3.0,3.0
Ammodytes sp.,Ammodytes,Ammodytidae,Perciformes,Acanthopterygii,Teleostei,Osteichthyes,5.06,3.0,3.0
Triglops sp.,Triglops,Cottidae,Scorpaeniformes,Acanthopterygii,Teleostei,Osteichthyes,4.33,3.0,3.0
Leptagonus decagonus,Leptagonus,Agonidae,Scorpaeniformes,Acanthopterygii,Teleostei,Osteichthyes,3.51,3.0,3.0
Gonatus fabricii,Gonatus,Gonatidae,Teuthida,Decabrachia,Cephalopoda,Mollusca,3.48,3.0,3.0
Engraulis mordax,Engraulis,Engraulidae,Clupeiformes,Clupeomorpha,Teleostei,Osteichthyes,,3.0,2.0
Peprilus sp.,Peprilus,Stromateidae,Perciformes,Acanthopterygii,Teleostei,Osteichthyes,,3.0,3.0
Mallotus villosus,Mallotus,Osmeridae,Osmeriformes,Protacanthopterygii,Teleostei,Osteichthyes,,3.0,3.0
Spisula solidissima,Spisula,Mactridae,Veneroida,Heterodonta,Bivalvia,Mollusca,,3.0,1.0
Cyprinus carpio,Cyprinus,Cyprinidae,Cypriniformes,Ostariophysi,Teleostei,Osteichthyes,,3.0,3.0
Clupea sp.,Clupea,Clupeidae,Clupeiformes,Clupeomorpha,Teleostei,Osteichthyes,,3.0,2.0
Clupea harengus,Clupea,Clupeidae,Clupeiformes,Clupeomorpha,Teleostei,Osteichthyes,,3.0,2.0
Euphausia sp.,Euphausia,Euphausiidae,Euphausiacea,Euphausiacea,Malacostraca,Crustacea,,3.0,2.0
Euphausia pacifica,Euphausia,Euphausiidae,Euphausiacea,Euphausiacea,Malacostraca,Crustacea,,3.0,2.0
Euphausia superba,Euphausia,Euphausiidae,Euphausiacea,Euphausiacea,Malacostraca,Crustacea,,3.0,2.0
Scomberomorus scrombrus,Scomberomorus,Scombridae,Perciformes,Acanthopterygii,Teleostei,Osteichthyes,,3.0,3.0
Scomberomorus japonicus,Scomberomorus,Scombridae,Perciformes,Acanthopterygii,Teleostei,Osteichthyes,,3.0,3.0
Scomberomorus maculatus,Scomberomorus,Scombridae,Perciformes,Acanthopterygii,Teleostei,Osteichthyes,,3.0,3.0
Cyprinidae,Taxon > Genus,Cyprinidae,Cypriniformes,Ostariophysi,Teleostei,Osteichthyes,,3.0,3.0
Oncorhynchus sp.,Oncorhynchus,Salmonidae,Salmoniformes,Protacanthopterygii,Teleostei,Osteichthyes,,3.0,3.0
Penaeus sp.,Penaeus,Penaeidae,Penaeoidea,Decapoda,Malacostraca,Crustacea,,3.0,3.0
Menidia andens,Menidia,Atherinidae,Atheriniformes,Acanthopterygii,Teleostei,Osteichthyes,,3.0,3.0
Osmerus sp.,Osmerus,Osmeridae,Osmeriformes,Protacanthopterygii,Teleostei,Osteichthyes,,3.0,3.0
Illex sp.,Illex,Ommastrephidae,Teuthida,Decabrachia,Cephalopoda,Mollusca,,3.0,3.0
Salmo gairdneri,Salmo,Salmonidae,Salmoniformes,Protacanthopterygii,Teleostei,Osteichthyes,,3.0,3.0
Clupea harengus,Clupea,Clupeidae,Clupeiformes,Clupeomorpha,Teleostei,Osteichthyes,,3.0,2.0
Artemia salina,Artemia,Artemiidae,Anostraca,Sarsostraca,Branchiopoda,Crustacea,,3.0,1.0
Trichocorixa verticalis,Taxon > Genus,Corixidae,Heteroptera,Heteroptera,Pterygota,Insecta,,3.0,1.0
Ephydra sp.,Ephydra,Ephydrinae ,Brachycera,Diptera,Pterygota,Insecta,,2.0,2.0
Ephydra sp.,Ephydra,Ephydrinae ,Brachycera,Diptera,Pterygota,Insecta,,2.0,2.0
Paralichthys lethostigma,Paralichthys,Paralichthyidae,Pleuronectiformes,Acanthopterygii,Teleostei,Osteichthyes,,2.0,3.0
Equisetum fluviatile,Equisetum,Equisetaceae,Equisetales,Equisetales,Equisetopsida,Equisetophyta,,0.0,0.0
Daphnia longispina,Daphnia,Daphniidae,Cladocera,Phyllopoda,Branchiopoda,Crustacea,,3.0,1.0
Holopedium gibberum,Holopedium,Holopediidae,Cladocera,Phyllopoda,Branchiopoda,Crustacea,,3.0,1.0
Bosmina longispina,Bosmina,Bosminidae,Cladocera,Phyllopoda,Branchiopoda,Crustacea,,3.0,1.0
Farfantepenaeus paulensis,Farfantepenaeus,Penaeidae,Penaeoidea,Decapoda,Malacostraca,Crustacea,1.95,3.0,2.0
Farfantepenaeus paulensis,Farfantepenaeus,Penaeidae,Penaeoidea,Decapoda,Malacostraca,Crustacea,2.55,3.0,3.0
Acanthephyra acanthetelsonis,Acanthephyra,Oplophoridae,Caridea,Decapoda,Malacostraca,Crustacea,4.02938036487,3.0,3.0
Acanthephyra acutifrons,Acanthephyra,Oplophoridae,Caridea,Decapoda,Malacostraca,Crustacea,2.0194451334,3.0,3.0
Acanthephyra curtirostris,Acanthephyra,Oplophoridae,Caridea,Decapoda,Malacostraca,Crustacea,3.1434703661249994,3.0,3.0
Acanthephyra purpurea,Acanthephyra,Oplophoridae,Caridea,Decapoda,Malacostraca,Crustacea,3.30241316328,3.0,3.0
Ephyrina hoskyni,Ephyrina,Oplophoridae,Caridea,Decapoda,Malacostraca,Crustacea,,3.0,3.0
Meningodora vesea,Meningodora,Oplophoridae,Caridea,Decapoda,Malacostraca,Crustacea,,3.0,3.0
Notostomus elegans,Notostomus,Oplophoridae,Caridea,Decapoda,Malacostraca,Crustacea,0.5886687960000005,3.0,3.0
Oplophorus gracilirostris,Oplophorus,Oplophoridae,Caridea,Decapoda,Malacostraca,Crustacea,3.60339026112,3.0,3.0
Systellaspis cristata,Systellaspis,Pasiphaeidae,Caridea,Decapoda,Malacostraca,Crustacea,,3.0,3.0
Systellaspis debilis,Systellapsis,Pasiphaeidae,Caridea,Decapoda,Malacostraca,Crustacea,3.154009150305,3.0,3.0
Parapandalus richardi,Parapandalus,Pandalidae,Caridea,Decapoda,Malacostraca,Crustacea,3.014415324,3.0,3.0
Parapasiphaea sulcatifrons,Parapasiphaea,Pasiphaeidae,Caridea,Decapoda,Malacostraca,Crustacea,4.934641067054999,3.0,3.0
Pasiphaea merriami,Pasiphaea,Pasiphaeidae,Caridea,Decapoda,Malacostraca,Crustacea,3.7270645775999993,3.0,3.0
Funchalia villosa,Funchalia,Penaeidae,Penaeoidea,Decapoda,Malacostraca,Crustacea,3.3913170936,3.0,3.0
Gennadas valens,Gennadas,Benthesicymidae,Penaeoidea,Decapoda,Malacostraca,Crustacea,2.6258919098399995,3.0,3.0
Sergestes henseni,Sergestes,Sergestidae,Sergestoidea,Decapoda,Malacostraca,Crustacea,3.344661416249999,3.0,3.0
Sergestes paraseminudus,Sergestes,Sergestidae,Sergestoidea,Decapoda,Malacostraca,Crustacea,4.34865024,3.0,3.0
Sergestes pectinatus,Sergestes,Sergestidae,Sergestoidea,Decapoda,Malacostraca,Crustacea,3.967925640299999,3.0,3.0
Sergia filictum,Sergia,Sergestidae,Sergestoidea,Decapoda,Malacostraca,Crustacea,5.335269849,3.0,3.0
Sergia grandis,Sergia,Sergestidae,Sergestoidea,Decapoda,Malacostraca,Crustacea,3.3772801851,3.0,3.0
Sergia robusta,Sergia,Sergestidae,Sergestoidea,Decapoda,Malacostraca,Crustacea,3.13186546575,3.0,3.0
Sergia splendens,Sergia,Sergestidae,Sergestoidea,Decapoda,Malacostraca,Crustacea,3.7260729,3.0,3.0
Eucopia sculpticauda,Eucopia,Eucopiidae,Lophogastrida,Lophogastrida,Malacostraca,Crustacea,1.5415064153999989,3.0,3.0
Eucopia unguiculata,Eucopia,Eucopiidae,Lophogastrida,Lophogastrida,Malacostraca,Crustacea,3.106585245060001,3.0,3.0
Gnathophausia ingens,Gnathophausia,Lophogastridae,Lophogastrida,Lophogastrida,Malacostraca,Crustacea,2.006185735125,3.0,3.0
Bathylagus antarcticus,Bathylagus,Bathylagidae,Osmeriformes,Protacanthopterygii,Teleostei,Osteichthyes,2.93184,3.0,3.0
Electrona antarctica,Electrona,Bathylagidae,Osmeriformes,Protacanthopterygii,Teleostei,Osteichthyes,9.2904,3.0,3.0
Gymnoscopelus braueri,Gymnoscopelus,Bathylagidae,Osmeriformes,Protacanthopterygii,Teleostei,Osteichthyes,8.95785,3.0,3.0
Chaenocephalus aceratus,Chaenocephalus,Channichthyidae,Perciformes,Acanthopterygii,Teleostei,Osteichthyes,5.38,3.0,3.0
Chaenocephalus gunnari,Chaenocephalus,Channichthyidae,Perciformes,Acanthopterygii,Teleostei,Osteichthyes,5.21,3.0,3.0
Pseudochaenichthys georgians,Pseudochaenichthys,Channichthyidae,Perciformes,Acanthopterygii,Teleostei,Osteichthyes,4.55,3.0,3.0
Chionodraco rastrospinosus,Chionodraco,Channichthyidae,Perciformes,Acanthopterygii,Teleostei,Osteichthyes,4.99,3.0,3.0
Gobionotothen gibberifrons,Gobionotothen,Nototheniidae,Perciformes,Acanthopterygii,Teleostei,Osteichthyes,4.89,3.0,3.0
Dissostichus eleginoides,Dissostichus,Nototheniidae,Perciformes,Acanthopterygii,Teleostei,Osteichthyes,7.8,3.0,3.0
Lepidonotothen kempi,Lepidonotothen,Nototheniidae,Perciformes,Acanthopterygii,Teleostei,Osteichthyes,5.4,3.0,3.0
Streptocephalus dichotomus,Streptocephalus,Streptocephalidae,Anostraca,Sarsostraca,Branchiopoda,Crustacea,,3.0,1.0
Engraulis encrasicolus,Engraulis,Engraulidae,Clupeiformes,Clupeomorpha,Teleostei,Osteichthyes,6.445513,3.0,2.0
Paralichthys olivaceus,Paralichthys,Paralichthyidae,Pleuronectiformes,Acanthopterygii,Teleostei,Osteichthyes,6.0,3.0,3.0
Chiloscyllium plagiosum,Chiloscyllium,Hemiscylliidae,Orectolobiformes,Euselachii ,Elasmobranchii,Chondrichthyes,5.663753000000001,3.0,3.0
Loligo sp.,Loligo,Loliginidae,Teuthida,Decabrachia,Cephalopoda,Mollusca,3.75144,3.0,3.0
Anguilla anguilla,Anguilla,Anguillidae,Anguilliformes,Elopomorpha,Teleostei,Osteichthyes,6.53,2.0,3.0
Anguilla anguilla,Anguilla,Anguillidae,Anguilliformes,Elopomorpha,Teleostei,Osteichthyes,9.3,2.0,3.0
Anguilla anguilla,Anguilla,Anguillidae,Anguilliformes,Elopomorpha,Teleostei,Osteichthyes,7.14,2.0,3.0
Anguilla anguilla,Anguilla,Anguillidae,Anguilliformes,Elopomorpha,Teleostei,Osteichthyes,8.21,2.0,3.0
Anguilla anguilla,Anguilla,Anguillidae,Anguilliformes,Elopomorpha,Teleostei,Osteichthyes,8.47,2.0,3.0
Anguilla anguilla,Anguilla,Anguillidae,Anguilliformes,Elopomorpha,Teleostei,Osteichthyes,7.22,2.0,3.0
Theragra chalcogramma,Theragra,Gadidae,Gadiformes,Paracanthopterygii,Teleostei,Osteichthyes,4.685,3.0,3.0
Centropomus parallelus,Centropomus,Centropomidae,Perciformes,Acanthopterygii,Teleostei,Osteichthyes,3.5525,3.0,3.0
Macrobrachium sp.,Macrobrachium,Palaemonidae,Caridea,Decapoda,Malacostraca,Crustacea,4.956,2.0,2.0
Munida subrugosa,Munida,Galatheidae,Anomura,Decapoda,Malacostraca,Crustacea,,1.0,2.0
Munida subrugosa,Munida,Galatheidae,Anomura,Decapoda,Malacostraca,Crustacea,,1.0,2.0
Campylonotus vagans,Campylonotus,Campylonotidae,Caridea,Decapoda,Malacostraca,Crustacea,,2.0,2.0
Campylonotus semistriatus,Campylonotus,Campylonotidae,Caridea,Decapoda,Malacostraca,Crustacea,,2.0,2.0
Notocrangon antarcticus,Notocrangon,Crangonidae,Caridea,Decapoda,Malacostraca,Crustacea,,2.0,2.0
Notocrangon antarcticus,Notocrangon,Crangonidae,Caridea,Decapoda,Malacostraca,Crustacea,,2.0,2.0
Nematocarcinus lanceopes,Nematocarcinus,Nematocarcinidae,Caridea,Decapoda,Malacostraca,Crustacea,,2.0,2.0
Engraulis encrasicolus,Engraulis,Engraulidae,Clupeiformes,Clupeomorpha,Teleostei,Osteichthyes,4.475,3.0,2.0
Diplomyste viedmensisa,Diplomyste,Diplomystidae,Siluriformes,Ostariophysi,Teleostei,Osteichthyes,5.658,3.0,3.0
Hatcheria macraei,Hatcheria,Trichomycteridae,Siluriformes,Ostariophysi,Teleostei,Osteichthyes,3.596,3.0,3.0
Percichthys trucha,Percichthys,Percichthyidae,Perciformes,Acanthopterygii,Teleostei,Osteichthyes,5.917,3.0,3.0
Galaxias maculates,Galaxias,Galaxiidae,Osmeriformes,Protacanthopterygii,Teleostei,Osteichthyes,3.443,3.0,3.0
Odonthestes hatchery,Odonthestes,Atherinopsidae,Atheriniformes,Acanthopterygii,Teleostei,Osteichthyes,5.783,3.0,3.0
Oncorhynchus mykiss,Oncorhynchus,Salmonidae,Salmoniformes,Protacanthopterygii,Teleostei,Osteichthyes,6.318,3.0,3.0
Eleginops maclovinus,Eleginops,Nototheniidae,Perciformes,Acanthopterygii,Teleostei,Osteichthyes,3.659,3.0,3.0
Engraulis anchoita,Engraulis,Engraulidae,Clupeiformes,Clupeomorpha,Teleostei,Osteichthyes,5.553,3.0,2.0
Oncorhynchus mykiss,Oncorhynchus,Salmonidae,Salmoniformes,Protacanthopterygii,Teleostei,Osteichthyes,6.85,3.0,3.0
Sprattus fuegensis,Sprattus,Clupeidae,Clupeiformes,Clupeomorpha,Teleostei,Osteichthyes,7.148,3.0,3.0
Odontesthes smitti,Odontesthes,Atherinopsidae,Atheriniformes,Acanthopterygii,Teleostei,Osteichthyes,4.571,3.0,3.0
Patagonotothen tesellata,Patagonotothen,Nototheniidae,Perciformes,Acanthopterygii,Teleostei,Osteichthyes,4.034,3.0,3.0
Patagonotothen ramsayi,Patagonotothen,Nototheniidae,Perciformes,Acanthopterygii,Teleostei,Osteichthyes,4.798,3.0,3.0
Micromesistius australis,Micromesistius,Gadidae,Gadiformes,Paracanthopterygii,Teleostei,Osteichthyes,4.544,3.0,3.0
Merluccius hubbsi,Merluccius,Merlucciidae,Gadiformes,Paracanthopterygii,Teleostei,Osteichthyes,4.076,3.0,3.0
Genypterus blacodes,Genypterus,Ophidiidae,Ophidiiformes,Paracanthopterygii,Teleostei,Osteichthyes,3.692,3.0,3.0
Aegla sp.,Aegla,Aeglidae,Anomura,Decapoda,Malacostraca,Crustacea,3.68,1.0,2.0
Hyalella fossamacinii,Hyalella,Hyalellidae,Gammaridea,Amphipoda,Malacostraca,Crustacea,2.547,1.0,2.0
Samastacus spinifrons,Samastacus,Parastacidae,Astacoidea,Decapoda,Malacostraca,Crustacea,3.892,1.0,3.0
Oligochaeta,Taxon > Genus,-,-,Oligochaeta,Clitellata,Annelida,1.954,1.0,2.0
Ephemeroptera,Taxon > Genus,-,-,Ephemeroptera,Pterygota,Insecta,2.725,1.0,2.0
Odonata,Taxon > Genus,-,-,Odonata,Pterygota,Insecta,1.334,1.0,3.0
Plecoptera,Taxon > Genus,-,-,Plecoptera,Pterygota,Insecta,5.366,1.0,2.0
Coleoptera,Taxon > Genus,-,-,Coleoptera,Pterygota,Insecta,5.794,1.0,2.0
Chilina sp.,Chilina,Chilinidae,Basommatophora,Basommatophora,Gastropoda,Mollusca,,1.0,1.0
Pleoticus muelleri,Pleoticus,Solenoceridae,Penaeoidea,Decapoda,Malacostraca,Crustacea,5.906,1.0,3.0
Peisos petrunkevitchi,Peisos,Sergestidae,Sergestoidea,Decapoda,Malacostraca,Crustacea,3.338,3.0,3.0
Cyrtograpsus angulatus,Cyrtograpsus,Varunidae,Brachyura,Decapoda,Malacostraca,Crustacea,3.15,3.0,3.0
Euphausia lucens,Euphausia,Euphausiidae,Euphausiacea,Euphausiacea,Malacostraca,Crustacea,2.507,3.0,2.0
Themisto gaudichaudii,Themisto,Hyperiidae,Hyperiidea,Amphipoda,Malacostraca,Crustacea,3.107,3.0,3.0
Munida gregaria,Munida,Galatheidae,Anomura,Decapoda,Malacostraca,Crustacea,,1.0,2.0
Aulacomya ater,Aulacomya,Mytilidae,Mytiloida,Pteriomorphia,Bivalvia,Mollusca,4.139,2.0,1.0
Perumytilus purpuratus,Perumytilus,Mytilidae,Mytiloida,Pteriomorphia,Bivalvia,Mollusca,3.604,0.0,1.0
Mytilus edulis,Mytilus,Mytilidae,Mytiloida,Pteriomorphia,Bivalvia,Mollusca,2.979,0.0,1.0
Patinigera magellanica,Patinigera,Patellidae,Archaeogastropoda,Prosobranchia,Gastropoda,Mollusca,4.999,1.0,1.0
Loligo gahi,Loligo,Loliginidae,Teuthida,Decabrachia,Cephalopoda,Mollusca,4.952,3.0,3.0
Illex argentinus,Illex,Ommastrephidae,Teuthida,Decabrachia,Cephalopoda,Mollusca,5.014,3.0,3.0
Halosidna patagonica,Halosidna,Polynoidae,Phyllodocida,Aciculata,Polychaeta,Annelida,4.542,3.0,3.0
Tinca tinca,Tinca,Cyprinidae,Cypriniformes,Ostariophysi,Teleostei,Osteichthyes,3.169751666666667,3.0,3.0
Perca fluviatilis,Perca,Percidae,Perciformes,Acanthopterygii,Teleostei,Osteichthyes,3.9940173333333338,3.0,3.0
Scardinius  erythrophthalmus,Scardinius,Cyprinidae,Cypriniformes,Ostariophysi,Teleostei,Osteichthyes,4.041163666666667,3.0,3.0
Esox lucius,Esox,Esocidae,Esociformes,Protacanthopterygii,Teleostei,Osteichthyes,4.115972666666668,3.0,3.0
Gymnocephalus cernuus,Gymnocephalus,Percidae,Perciformes,Acanthopterygii,Teleostei,Osteichthyes,3.983058,3.0,3.0
Rutilus rutilus,Rutilus,Cyprinidae,Cypriniformes,Ostariophysi,Teleostei,Osteichthyes,4.198642666666667,3.0,3.0
Abramis brama,Abramis,Cyprinidae,Cypriniformes,Ostariophysi,Teleostei,Osteichthyes,4.391965999999999,3.0,3.0
Sander lucioperca,Sander,Percidae,Perciformes,Acanthopterygii,Teleostei,Osteichthyes,4.500482333333333,3.0,3.0
Aspius aspius,Aspius,Cyprinidae,Cypriniformes,Ostariophysi,Teleostei,Osteichthyes,4.752267666666667,3.0,2.0
Blicca björkna,Blicca,Cyprinidae,Cypriniformes,Ostariophysi,Teleostei,Osteichthyes,4.951255666666667,3.0,2.0
Vimba vimba,Vimba,Cyprinidae,Cypriniformes,Ostariophysi,Teleostei,Osteichthyes,5.4596540000000005,3.0,2.0
Alburnus alburnus,Alburnus,Cyprinidae,Cypriniformes,Ostariophysi,Teleostei,Osteichthyes,5.532009,3.0,2.0
Coregonus albula,Coregonus,Salmonidae,Salmoniformes,Protacanthopterygii,Teleostei,Osteichthyes,6.0028310000000005,3.0,2.0
Cyprinus cyprinus,Cyprinus,Cyprinidae,Cypriniformes,Ostariophysi,Teleostei,Osteichthyes,6.125251333333334,3.0,2.0
Acipenser baeri,Acipenser,Acipenseridae,Acipenseriformes,Chondrostei,Actinopterygii,Osteichthyes,6.190349333333333,3.0,3.0
Oncorhynchus mykiss,Oncorhynchus,Salmonidae,Salmoniformes,Protacanthopterygii,Teleostei,Osteichthyes,7.715624666666668,3.0,3.0
Anguilla anguilla,Anguilla,Anguillidae,Anguilliformes,Elopomorpha,Teleostei,Osteichthyes,10.257594333333332,2.0,3.0
Cladophora rupestris,Cladophora,Cladophoraceae,Cladophorales,Cladophorales,Chlorophyceae,Chlorophyta,5.0085,0.0,0.0
Ceramium sp.,Ceramium,Ceramiaceae,Ceramiales,Florideophycideae,Rhodophytina,Rhodophyta,1.8144,0.0,0.0
Polysiphonia sp.,Polysiphonia,Rhodomelaceae,Ceramiales,Florideophycideae,Rhodophytina,Rhodophyta,3.6708,0.0,0.0
Ulva lactuca,Ulva,Ulvaceae,Ulotrichales,Ulotrichales,Chlorophyceae,Chlorophyta,3.2027999999999994,0.0,0.0
Porphyra sp.,Porphyra,Bangiaceae,Bangiales,Bangiophyceae,Rhodophytina,Rhodophyta,4.1907,0.0,0.0
Dumontia contorta,Dumontia,Dumontiaceae,Cryptonemiales,Florideophycideae,Rhodophytina,Rhodophyta,1.9188,0.0,0.0
Mastocarpus stellatus,Mastocarpus,Gigartinaceae,Gigartinales,Florideophycideae,Rhodophytina,Rhodophyta,5.4405,0.0,0.0
Osmundea pinnatifida,Osmundea,Rhodomelaceae,Ceramiales,Florideophycideae,Rhodophytina,Rhodophyta,1.8496,0.0,0.0
Fucus serratus,Fucus,Fucaceae,Fucales,Fucales,Phaeophyceae,Phaeophyta,1.8445,0.0,0.0
Laminaria digitata,Laminaria,Laminariaceae,Laminariales,Laminariales,Phaeophyceae,Phaeophyta,1.807,0.0,0.0
Corallina officinalis,Corallina,Corallinaceae,Cryptonemiales,Florideophycideae,Rhodophytina,Rhodophyta,1.8495000000000004,0.0,0.0
Aeginura grimaldii,Aeginura,Aeginidae,Narcomedusida,Trachylina,Hydrozoa,Cnidaria,0.0994551427000001,3.0,3.0
Poralia rufescens,Poralia,Poraliinae,Semaeostomeae,Semaeostomeae,Scyphozoa,Cnidaria,0.0088955398999999,3.0,3.0
Solmissus incisus,Solmissus,Cuninidae,Narcomedusida,Trachylina,Hydrozoa,Cnidaria,0.0246729504999999,3.0,3.0
Cyanea capillata,Cyanea,Cyaneidae,Semaeostomeae,Semaeostomeae,Scyphozoa,Cnidaria,0.1178537056666666,3.0,2.0
Colobonema capillata,Colobonema,Rhopalonematidae,Trachymedusae,Trachylina,Hydrozoa,Cnidaria,0.2739950560000002,3.0,3.0
Bathocyroe fosteri,Bathocyroe,Bathocyroidae,Lobata,Tentaculata,Ctenophora,Ctenophora,0.0073057720666666,3.0,3.0
Agmayeria tortugensis,Agmayeria,Cyppidia,Cydippida,Tentaculata,Ctenophora,Ctenophora,0.2692874844,3.0,3.0
Sergestes arcticus,Sergestes,Sergestidae,Sergestoidea,Decapoda,Malacostraca,Crustacea,,3.0,3.0
Serrivomer beanii,Serrivomer,Serrivomeridae,Anguilliformes,Elopomorpha,Teleostei,Osteichthyes,1.7300252054999998,3.0,3.0
Coregonus clupeaformis,Coregonus,Salmonidae,Salmoniformes,Protacanthopterygii,Teleostei,Osteichthyes,5.851,3.0,3.0
Coregonus clupeaformis,Coregonus,Salmonidae,Salmoniformes,Protacanthopterygii,Teleostei,Osteichthyes,4.871,3.0,3.0
Coregonus clupeaformis,Coregonus,Salmonidae,Salmoniformes,Protacanthopterygii,Teleostei,Osteichthyes,7.591,3.0,3.0
Coregonus clupeaformis,Coregonus,Salmonidae,Salmoniformes,Protacanthopterygii,Teleostei,Osteichthyes,5.855,3.0,3.0
Balanus amphitrite,Balanus,Balanidae,Balanomorpha,Thoracica,Cirripedia,Crustacea,,3.0,1.0
Homalapsis plana,Homalapsis,Brachyura,Brachyura,Decapoda,Malacostraca,Crustacea,,1.0,3.0
Ovalipes punctatus,Ovalipes,Portunidae,Brachyura,Decapoda,Malacostraca,Crustacea,,1.0,3.0
Petrolisthes violaceous,Petrolisthes,Porcellanidae,Anomura,Decapoda,Malacostraca,Crustacea,,1.0,3.0
Petrolisthes desmarestii,Petrolisthes,Porcellanidae,Anomura,Decapoda,Malacostraca,Crustacea,,1.0,3.0
Eleginops maclovinus,Eleginops,Nototheniidae,Perciformes,Acanthopterygii,Teleostei,Osteichthyes,,3.0,3.0
Mugiloides chilensis,Mugiloides,Mugilidae,Mugiliformes,Acanthopterygii,Teleostei,Osteichthyes,,3.0,3.0
Prolatilus jugularis,Prolatilus,Pinguipedidae,Perciformes,Acanthopterygii,Teleostei,Osteichthyes,,3.0,2.0
Genypterus chilensis,Genypterus,Ophidiidae,Ophidiiformes,Paracanthopterygii,Teleostei,Osteichthyes,,3.0,3.0
Odonthestes regia,Odonthestes,Atherinopsidae,Atheriniformes,Acanthopterygii,Teleostei,Osteichthyes,,3.0,2.0
Calliclinus geniguttatus,Calliclinus,Labrisomidae,Perciformes,Acanthopterygii,Teleostei,Osteichthyes,,3.0,2.0
Uca lactea,Uca,Ocypodidae,Brachyura,Decapoda,Malacostraca,Crustacea,,1.0,2.0
Uca lactea,Uca,Ocypodidae,Brachyura,Decapoda,Malacostraca,Crustacea,,1.0,2.0
Gelidium sp.,Gelidium,Gelidiaceae,Nemaliales,Florideophycideae,Rhodophytina,Rhodophyta,,0.0,0.0
Centroceras sp.,Centroceras,Ceramiaceae,Ceramiales,Florideophycideae,Rhodophytina,Rhodophyta,,0.0,0.0
Ulva sp.,Ulva,Ulvaceae,Ulotrichales,Ulotrichales,Chlorophyceae,Chlorophyta,,0.0,0.0
Salvelinus alpinus,Salvelinus,Salmonidae,Salmoniformes,Protacanthopterygii,Teleostei,Osteichthyes,5.7,3.0,3.0
Salvelinus alpinus,Salvelinus,Salmonidae,Salmoniformes,Protacanthopterygii,Teleostei,Osteichthyes,5.2,3.0,3.0
Solea senegalensis,Solea,Soleidae,Pleuronectiformes,Acanthopterygii,Teleostei,Osteichthyes,,2.0,3.0
Sparus aurata,Sparus,Sparidae,Perciformes,Acanthopterygii,Teleostei,Osteichthyes,,3.0,3.0
Mysis mixta,Mysis,Mysidae,Mysida,Mysida,Malacostraca,Crustacea,,3.0,2.0
Mysis mixta,Mysis,Mysidae,Mysida,Mysida,Malacostraca,Crustacea,,3.0,2.0
Mysis mixta,Mysis,Mysidae,Mysida,Mysida,Malacostraca,Crustacea,,3.0,2.0
Bolinopsis infundibulum,Bolinopsis,Bolinopsidae,Lobata,Tentaculata,Ctenophora,Ctenophora,,3.0,3.0
Bolinopsis infundibulum,Bolinopsis,Bolinopsidae,Lobata,Tentaculata,Ctenophora,Ctenophora,,3.0,3.0
Pleurobrachia bachei,Pleurobrachia,Pleurobrachiidae,Cydippida,Tentaculata,Ctenophora,Ctenophora,,3.0,2.0
Cyclothone acclinidens,Cyclothone,Gonostomatidae,Stomiiformes,Stenopterygii,Teleostei,Osteichthyes,,3.0,3.0
Cyanea capillata,Cyanea,Cyaneidae,Semaeostomeae,Semaeostomeae,Scyphozoa,Cnidaria,0.15666,3.0,2.0
Rhizostoma octopus,Rhizostoma,Rhizostomatidae,Rhizostomeae,Rhizostomeae,Scyphozoa,Cnidaria,0.09386,3.0,2.0
Chrysaora hysoscella,Chrysaora,Pelagiidae,Semaeostomeae,Semaeostomeae,Scyphozoa,Cnidaria,0.08346,3.0,2.0
Boreogadus saida,Boreogadus,Gadidae,Gadiformes,Paracanthopterygii,Teleostei,Osteichthyes,4.201,3.0,3.0
Eleginus gracilis,Eleginus,Gadidae,Gadiformes,Paracanthopterygii,Teleostei,Osteichthyes,4.159,3.0,3.0
Themisto libellula,Themisto,Hyperiidae,Hyperiidea,Amphipoda,Malacostraca,Crustacea,,3.0,3.0
Eichhornia crassipes,Eichhornia,Pontederiaceae,Liliales,Liliidae,Magnoliopsida,Tracheophyta,,3.0,0.0
Thalassia testudinum,Thalassia,Hydrocharitaceae,Hydrocharitales,Alismatidae,Magnoliopsida,Tracheophyta,2.1464788732394364,0.0,0.0
Halimeda incrassata,Halimeda,Codiaceae,Caulerpales,Caulerpales,Chlorophyceae,Chlorophyta,1.2894736842105263,0.0,0.0
Salmo salar,Salmo,Salmonidae,Salmoniformes,Protacanthopterygii,Teleostei,Osteichthyes,,3.0,3.0
Salmo trutta,Salmo,Salmonidae,Salmoniformes,Protacanthopterygii,Teleostei,Osteichthyes,,3.0,3.0
Sprattus sprattus,Sprattus,Clupeidae,Clupeiformes,Clupeomorpha,Teleostei,Osteichthyes,4.75,3.0,3.0
Barbus sclateri,Barbus,Cyprinidae,Cypriniformes,Ostariophysi,Teleostei,Osteichthyes,,3.0,3.0
Barbus sclateri,Barbus,Cyprinidae,Cypriniformes,Ostariophysi,Teleostei,Osteichthyes,,3.0,3.0
Barbus sclateri,Barbus,Cyprinidae,Cypriniformes,Ostariophysi,Teleostei,Osteichthyes,,3.0,3.0
Neomysis mercedis,Neomysis,Mysidae,Mysida,Mysida,Malacostraca,Crustacea,6.10101855,3.0,3.0
Mallotus villosus,Mallotus,Osmeridae,Osmeriformes,Protacanthopterygii,Teleostei,Osteichthyes,6.938,3.0,3.0
Clupea harengus,Clupea,Clupeidae,Clupeiformes,Clupeomorpha,Teleostei,Osteichthyes,6.21,3.0,2.0
Clupea harengus,Clupea,Clupeidae,Clupeiformes,Clupeomorpha,Teleostei,Osteichthyes,9.367,3.0,2.0
Gadus morhua,Gadus,Gadidae,Gadiformes,Paracanthopterygii,Teleostei,Osteichthyes,4.888,3.0,3.0
Boreogadus saida,Boreogadus,Gadidae,Gadiformes,Paracanthopterygii,Teleostei,Osteichthyes,5.333,3.0,3.0
Ammodytes sp.,Ammodytes,Ammodytidae,Perciformes,Acanthopterygii,Teleostei,Osteichthyes,5.95,3.0,3.0
Sebastes marinus,Sebastes,Scorpaenidae,Scorpaeniformes,Acanthopterygii,Teleostei,Osteichthyes,6.65,3.0,3.0
Thysanoessa sp.,Thysanoessa,Euphausiidae,Euphausiacea,Euphausiacea,Malacostraca,Crustacea,4.879,3.0,2.0
Pleuronectes asper,Pleuronectes,Pleuronectidae,Pleuronectiformes,Acanthopterygii,Teleostei,Osteichthyes,4.333,2.0,3.0
Herklotsichthys quadrimaculatus,Herklotsichthys,Clupeidae,Clupeiformes,Clupeomorpha,Teleostei,Osteichthyes,,3.0,2.0
Zostera capricorni,Zostera,Zosteraceae,Najadales,Alismatidae,Magnoliopsida,Tracheophyta,,0.0,0.0
Hygrophila polysperma,Hygrophila,Acanthaceae,Scrophulariales,Asteridae,Magnoliopsida,Tracheophyta,2.52395539,0.0,0.0
Cichlidae,Taxon > Genus,Cichlidae,Perciformes,Acanthopterygii,Teleostei,Osteichthyes,,3.0,2.0
Curimatidae,Taxon > Genus,Curimatidae,Characiformes,Ostariophysi,Teleostei,Osteichthyes,,3.0,2.0
Gracilaria verrucosa,Gracilaria,Gracilariaceae,Gigartinales,Florideophycideae,Rhodophytina,Rhodophyta,,0.0,0.0
Gracilaria verrucosa,Gracilaria,Gracilariaceae,Gigartinales,Florideophycideae,Rhodophytina,Rhodophyta,,0.0,0.0
Gracilaria tikvahiae,Gracilaria,Gracilariaceae,Gigartinales,Florideophycideae,Rhodophytina,Rhodophyta,,0.0,0.0
Dreissena polymorpha,Dreissena,Dreissenidae,Veneroida,Heterodonta,Bivalvia,Mollusca,,0.0,1.0
Collisella heroldi,Collisella,Lottiidae ,Patellogastropoda,Patellogastropoda,Gastropoda,Mollusca,,1.0,1.0
Collisella heroldi,Collisella,Lottiidae ,Patellogastropoda,Patellogastropoda,Gastropoda,Mollusca,,1.0,1.0
Myxine glutinosa,Myxine,Myxinidae,Myxiniformes,Pteraspidomorpha,Pteraspidomorphi,Agnatha,,3.0,3.0
Synaphobranchus kaupi,Synaphobranchus,Synaphobranchinae,Anguilliformes,Elopomorpha,Teleostei,Osteichthyes,,3.0,3.0
Synaphobranchus affinis,Synaphobranchus,Synaphobranchinae,Anguilliformes,Elopomorpha,Teleostei,Osteichthyes,,3.0,3.0
Synaphobranchus brevidorsalis,Synaphobranchus,Synaphobranchinae,Anguilliformes,Elopomorpha,Teleostei,Osteichthyes,,3.0,3.0
Ilyophis brunneus,Ilyophis,Synaphobranchinae,Anguilliformes,Elopomorpha,Teleostei,Osteichthyes,,3.0,3.0
Simenchellys parasiticus,Simenchellys,Synaphobranchinae,Anguilliformes,Elopomorpha,Teleostei,Osteichthyes,,3.0,3.0
Halosauropis macrochir,Halosauropis,Halosauridae,Albuliformes,Elopomorpha,Teleostei,Osteichthyes,,3.0,3.0
Aldrovandia affinis,Aldrovandia,Halosauridae,Albuliformes,Elopomorpha,Teleostei,Osteichthyes,,3.0,3.0
Aldrovandia gracilis,Aldrovandia,Halosauridae,Albuliformes,Elopomorpha,Teleostei,Osteichthyes,,3.0,3.0
Aldrovandia phalacra,Aldrovandia,Halosauridae,Albuliformes,Elopomorpha,Teleostei,Osteichthyes,,3.0,3.0
Narcetes stomidas,Narcetes,Alepocephalidae,Osmeriformes,Protacanthopterygii,Teleostei,Osteichthyes,,3.0,3.0
Alepocephalus agassizii,Alepocephalus,Alepocephalidae,Osmeriformes,Protacanthopterygii,Teleostei,Osteichthyes,,3.0,3.0
Conocara macropterum,Conocara,Alepocephalidae,Osmeriformes,Protacanthopterygii,Teleostei,Osteichthyes,,3.0,3.0
Chlorophthalmus agassizi,Chlorophthalmus,Chlorophthalmidae,Aulopiformes,Cyclosquamata,Teleostei,Osteichthyes,,3.0,3.0
Bathypterois longipes,Bathypterois,Chlorophthalmidae,Aulopiformes,Cyclosquamata,Teleostei,Osteichthyes,,3.0,3.0
Bathypterois phenax,Bathypterois,Chlorophthalmidae,Aulopiformes,Cyclosquamata,Teleostei,Osteichthyes,,3.0,3.0
Bathypterois bigelowi,Bathypterois,Chlorophthalmidae,Aulopiformes,Cyclosquamata,Teleostei,Osteichthyes,,3.0,3.0
Ipnops murrayi,Ipnops,Chlorophthalmidae,Aulopiformes,Cyclosquamata,Teleostei,Osteichthyes,,3.0,3.0
Bathyphlops marionae,Bathyphlops,Chlorophthalmidae,Aulopiformes,Cyclosquamata,Teleostei,Osteichthyes,,3.0,3.0
Bathymicrops regis,Bathymicrops,Chlorophthalmidae,Aulopiformes,Cyclosquamata,Teleostei,Osteichthyes,,3.0,3.0
Lophius americanus,Lophius,Lophiidae,Lophiiformes,Paracanthopterygii,Teleostei,Osteichthyes,,3.0,3.0
Dibranchus atlanticus,Dibranchus,Ogcocephalidae,Lophiiformes,Paracanthopterygii,Teleostei,Osteichthyes,,3.0,3.0
Urophycis chuss,Urophycis,Gadidae,Gadiformes,Paracanthopterygii,Teleostei,Osteichthyes,,3.0,3.0
Urophycis tenuis,Urophycis,Gadidae,Gadiformes,Paracanthopterygii,Teleostei,Osteichthyes,,3.0,3.0
Urophycis chesteri,Urophycis,Gadidae,Gadiformes,Paracanthopterygii,Teleostei,Osteichthyes,,3.0,3.0
Merluccius bilinearis,Merluccius,Merlucciidae,Gadiformes,Paracanthopterygii,Teleostei,Osteichthyes,,3.0,3.0
Merluccius albidus,Merluccius,Merlucciidae,Gadiformes,Paracanthopterygii,Teleostei,Osteichthyes,,3.0,3.0
Dicrolene intronigra,Dicrolene,Ophidiidae,Ophidiiformes,Paracanthopterygii,Teleostei,Osteichthyes,,3.0,3.0
Porogadus silus,Porogadus,Ophidiidae,Ophidiiformes,Paracanthopterygii,Teleostei,Osteichthyes,,3.0,3.0
Bassozetus normalis,Bassozetus,Ophidiidae,Ophidiiformes,Paracanthopterygii,Teleostei,Osteichthyes,,3.0,3.0
Bassozetus taenia,Bassozetus,Ophidiidae,Ophidiiformes,Paracanthopterygii,Teleostei,Osteichthyes,,3.0,3.0
Abyssobrotula galathea,Abyssobrotula,Ophidiidae,Ophidiiformes,Paracanthopterygii,Teleostei,Osteichthyes,,3.0,3.0
Bathyonus pectoralis,Bathyonus,Ophidiidae,Ophidiiformes,Paracanthopterygii,Teleostei,Osteichthyes,,3.0,3.0
Acanthonus armatus,Acanthonus,Ophidiidae,Ophidiiformes,Paracanthopterygii,Teleostei,Osteichthyes,,3.0,3.0
Nezumia bairdii,Nezumia,Macrouridae,Gadiformes,Paracanthopterygii,Teleostei,Osteichthyes,,3.0,3.0
Nezumia aequalis,Nezumia,Macrouridae,Gadiformes,Paracanthopterygii,Teleostei,Osteichthyes,,3.0,3.0
Caelorinchus carminatus,Caelorinchus,Macrouridae,Gadiformes,Paracanthopterygii,Teleostei,Osteichthyes,,3.0,3.0
Coryphaenoides rupestris,Coryphaenoides,Macrouridae,Gadiformes,Paracanthopterygii,Teleostei,Osteichthyes,,3.0,3.0
Coryphaenoides armatus,Coryphaenoides,Macrouridae,Gadiformes,Paracanthopterygii,Teleostei,Osteichthyes,,3.0,3.0
Coryphaenoides leptolepis,Coryphaenoides,Macrouridae,Gadiformes,Paracanthopterygii,Teleostei,Osteichthyes,,3.0,3.0
Coryphaenoides carapinus,Coryphaenoides,Macrouridae,Gadiformes,Paracanthopterygii,Teleostei,Osteichthyes,,3.0,3.0
Antimora rostrata,Antimora,Moridae,Gadiformes,Paracanthopterygii,Teleostei,Osteichthyes,,3.0,3.0
Lycodes atlanticus,Lycodes,Zoarcidae,Perciformes,Acanthopterygii,Teleostei,Osteichthyes,,3.0,3.0
Lycenchelys verrilli,Lycenchelys,Zoarcidae,Perciformes,Acanthopterygii,Teleostei,Osteichthyes,,3.0,3.0
Lycenchelis paxilla,Lycenchelis,Zoarcidae,Perciformes,Acanthopterygii,Teleostei,Osteichthyes,,3.0,3.0
Helicolenus dactylopterus,Helicolenus,Scorpaenidae,Scorpaeniformes,Acanthopterygii,Teleostei,Osteichthyes,,3.0,3.0
Glyptocephalus cynoglossus,Glyptocephalus,Pleuronectidae,Pleuronectiformes,Acanthopterygii,Teleostei,Osteichthyes,,3.0,3.0
Puntius sophore,Puntius,Cyprinidae,Cypriniformes,Ostariophysi,Teleostei,Osteichthyes,5.665505333333335,3.0,2.0
Puntius ticto,Puntius,Cyprinidae,Cypriniformes,Ostariophysi,Teleostei,Osteichthyes,5.595197333333333,3.0,2.0
Ompok padba,Ompok,Siluridae,Siluriformes,Ostariophysi,Teleostei,Osteichthyes,4.064898666666667,3.0,3.0
Mystus cavasius,Mystus,Bagridae,Siluriformes,Ostariophysi,Teleostei,Osteichthyes,3.304742666666666,3.0,3.0
Mystus vittatus,Mystus,Bagridae,Siluriformes,Ostariophysi,Teleostei,Osteichthyes,3.360821333333334,3.0,3.0
Pseudeutropius atherinoides,Pseudeutropius,Schilbeidae,Siluriformes,Ostariophysi,Teleostei,Osteichthyes,4.93102,3.0,3.0
Ailia coila,Ailia,Schilbeidae,Siluriformes,Ostariophysi,Teleostei,Osteichthyes,6.041408666666666,3.0,3.0
Channa punctatus,Channa,Channidae,Perciformes,Acanthopterygii,Teleostei,Osteichthyes,3.752411333333333,3.0,3.0
Colisa fasciata,Colisa,Osphronemidae,Perciformes,Acanthopterygii,Teleostei,Osteichthyes,5.236684666666665,3.0,3.0
Colisa sota,Colisa,Osphronemidae,Perciformes,Acanthopterygii,Teleostei,Osteichthyes,3.625004,3.0,3.0
Xenentodon cancila,Xenentodon,Belonidae,Beloniformes,Acanthopterygii,Teleostei,Osteichthyes,3.720360666666666,3.0,3.0
Amblypharyngodon mola,Amblypharyngodon,Cyprinidae,Cypriniformes,Ostariophysi,Teleostei,Osteichthyes,4.556843333333333,3.0,2.0
Chela cachius,Chela,Cyprinidae,Cypriniformes,Ostariophysi,Teleostei,Osteichthyes,4.176688666666666,3.0,2.0
Chanda nama,Chanda,Chandidae,Perciformes,Acanthopterygii,Teleostei,Osteichthyes,4.074142,3.0,3.0
Chanda ranga,Chanda,Chandidae,Perciformes,Acanthopterygii,Teleostei,Osteichthyes,4.063230000000001,3.0,3.0
Gudusia chapra,Gudusia,Clupeidae,Clupeiformes,Clupeomorpha,Teleostei,Osteichthyes,4.270512666666667,3.0,3.0
Mastacembelus aculeatus,Mastacembelus,Mastacembelidae,Synbranchiformes,Acanthopterygii,Teleostei,Osteichthyes,4.271565333333334,3.0,3.0
Mastacembelus pancalus,Mastacembelus,Mastacembelidae,Synbranchiformes,Acanthopterygii,Teleostei,Osteichthyes,4.917348666666666,3.0,3.0
Cirrhinus reba,Cirrhinus,Cyprinidae,Cypriniformes,Ostariophysi,Teleostei,Osteichthyes,6.240893999999999,3.0,2.0
Corica soborna,Corica,Clupeidae,Clupeiformes,Clupeomorpha,Teleostei,Osteichthyes,3.5279466666666663,3.0,3.0
Botia dario,Botia,Cobitidae,Cypriniformes,Ostariophysi,Teleostei,Osteichthyes,5.045051333333334,3.0,3.0
Nandus nandus,Nandus,Nandidae,Perciformes,Acanthopterygii,Teleostei,Osteichthyes,4.467542666666667,3.0,3.0
Glossogobius giuris,Glossogobius,Gobiidae,Perciformes,Acanthopterygii,Teleostei,Osteichthyes,3.2715726666666667,3.0,3.0
Valamugil cunnesius,Valamugil,Mugilidae,Perciformes,Acanthopterygii,Teleostei,Osteichthyes,10.746,3.0,3.0
Myxus capensis,Myxus,Mugilidae,Perciformes,Acanthopterygii,Teleostei,Osteichthyes,9.291,3.0,3.0
Myxus capensis,Myxus,Mugilidae,Perciformes,Acanthopterygii,Teleostei,Osteichthyes,8.36,3.0,3.0
Elops machnata,Elops,Elopidae,Elopiformes,Elopomorpha,Teleostei,Osteichthyes,8.274,3.0,3.0
Pomatomus saltatrix,Pomatomus,Pomatomidae,Perciformes,Acanthopterygii,Teleostei,Osteichthyes,4.7,3.0,3.0
Pomatomus saltatrix,Pomatomus,Pomatomidae,Perciformes,Acanthopterygii,Teleostei,Osteichthyes,7.046,3.0,3.0
Liza tricuspidens,Liza,Mugilidae,Perciformes,Acanthopterygii,Teleostei,Osteichthyes,5.713,3.0,2.0
Liza tricuspidens,Liza,Mugilidae,Perciformes,Acanthopterygii,Teleostei,Osteichthyes,6.825,3.0,2.0
Diplodus sargus,Diplodus,Sparidae,Perciformes,Acanthopterygii,Teleostei,Osteichthyes,5.829,3.0,2.0
Diplodus sargus,Diplodus,Sparidae,Perciformes,Acanthopterygii,Teleostei,Osteichthyes,6.252,3.0,2.0
Monodactylus falciformis,Monodactylus,Monodactylidae,Perciformes,Acanthopterygii,Teleostei,Osteichthyes,6.37,3.0,3.0
Monodactylus falciformis,Monodactylus,Monodactylidae,Perciformes,Acanthopterygii,Teleostei,Osteichthyes,5.925,3.0,3.0
Pomadasys commersonnii,Pomadasys,Haemulidae,Perciformes,Acanthopterygii,Teleostei,Osteichthyes,6.059,3.0,3.0
Labeo umbratus,Labeo,Cyprinidae,Cypriniformes,Ostariophysi,Teleostei,Osteichthyes,5.48,3.0,3.0
Lichia amia,Lichia,Carangidae,Perciformes,Acanthopterygii,Teleostei,Osteichthyes,5.466,3.0,3.0
Argyrosomus hololepidotus,Argyrosomus,Sciaenidae,Perciformes,Acanthopterygii,Teleostei,Osteichthyes,4.921,3.0,3.0
Azolla filiculoides,Azolla,Azollaceae,Hydropteridales,Hydropteridales,Filicopsida,Pteridophyta,,0.0,0.0
Salvinia natans,Salvinia,Salviniaceae,Hydropteridales,Hydropteridales,Filicopsida,Pteridophyta,,0.0,0.0
Salvinia natans,Salvinia,Salviniaceae,Hydropteridales,Hydropteridales,Filicopsida,Pteridophyta,,0.0,0.0
Salvinia natans,Salvinia,Salviniaceae,Hydropteridales,Hydropteridales,Filicopsida,Pteridophyta,,0.0,0.0
Marsilea quadrifolia,Marsilea,Marsileaceae,Hydropteridales,Hydropteridales,Filicopsida,Pteridophyta,,0.0,0.0
Typha latifolia,Typha,Typhaceae,Typhales,Commelinidae,Magnoliopsida,Tracheophyta,,0.0,0.0
Typha latifolia,Typha,Typhaceae,Typhales,Commelinidae,Magnoliopsida,Tracheophyta,,0.0,0.0
Typha latifolia,Typha,Typhaceae,Typhales,Commelinidae,Magnoliopsida,Tracheophyta,,0.0,0.0
Typha latifolia,Typha,Typhaceae,Typhales,Commelinidae,Magnoliopsida,Tracheophyta,,0.0,0.0
Typha latifolia,Typha,Typhaceae,Typhales,Commelinidae,Magnoliopsida,Tracheophyta,,0.0,0.0
Typha angustifolia,Typha,Typhaceae,Typhales,Commelinidae,Magnoliopsida,Tracheophyta,,0.0,0.0
Typha angustifolia,Typha,Typhaceae,Typhales,Commelinidae,Magnoliopsida,Tracheophyta,,0.0,0.0
Typha angustifolia,Typha,Typhaceae,Typhales,Commelinidae,Magnoliopsida,Tracheophyta,,0.0,0.0
Typha angustifolia,Typha,Typhaceae,Typhales,Commelinidae,Magnoliopsida,Tracheophyta,,0.0,0.0
Typha angustifolia,Typha,Typhaceae,Typhales,Commelinidae,Magnoliopsida,Tracheophyta,,0.0,0.0
Typha angustifolia,Typha,Typhaceae,Typhales,Commelinidae,Magnoliopsida,Tracheophyta,,0.0,0.0
Typha angustifolia,Typha,Typhaceae,Typhales,Commelinidae,Magnoliopsida,Tracheophyta,,0.0,0.0
Typha laxmannii,Typha,Typhaceae,Typhales,Commelinidae,Magnoliopsida,Tracheophyta,,0.0,0.0
Typha laxmannii,Typha,Typhaceae,Typhales,Commelinidae,Magnoliopsida,Tracheophyta,,0.0,0.0
Sparganium erectum,Sparganium,Sparganiaceae,Typhales,Commelinidae,Magnoliopsida,Tracheophyta,,0.0,0.0
Sparganium erectum,Sparganium,Sparganiaceae,Typhales,Commelinidae,Magnoliopsida,Tracheophyta,,0.0,0.0
Sparganium erectum,Sparganium,Sparganiaceae,Typhales,Commelinidae,Magnoliopsida,Tracheophyta,,0.0,0.0
Sparganium erectum,Sparganium,Sparganiaceae,Typhales,Commelinidae,Magnoliopsida,Tracheophyta,,0.0,0.0
Potamogeton pectinatus,Potamogeton,Potamogetonaceae,Najadales,Alismatidae,Magnoliopsida,Tracheophyta,,0.0,0.0
Potamogeton crispus,Potamogeton,Potamogetonaceae,Najadales,Alismatidae,Magnoliopsida,Tracheophyta,,0.0,0.0
Potamogeton fluitans,Potamogeton,Potamogetonaceae,Najadales,Alismatidae,Magnoliopsida,Tracheophyta,,0.0,0.0
Potamogeton natans,Potamogeton,Potamogetonaceae,Najadales,Alismatidae,Magnoliopsida,Tracheophyta,,0.0,0.0
Potamogeton lucens,Potamogeton,Potamogetonaceae,Najadales,Alismatidae,Magnoliopsida,Tracheophyta,,0.0,0.0
Potamogeton lucens,Potamogeton,Potamogetonaceae,Najadales,Alismatidae,Magnoliopsida,Tracheophyta,,0.0,0.0
Potamogeton pusillus,Potamogeton,Potamogetonaceae,Najadales,Alismatidae,Magnoliopsida,Tracheophyta,,0.0,0.0
Zostera noltii,Zostera,Zosteraceae,Najadales,Alismatidae,Magnoliopsida,Tracheophyta,,0.0,0.0
Zostera marina,Zostera,Zosteraceae,Najadales,Alismatidae,Magnoliopsida,Tracheophyta,,0.0,0.0
Alisma plantago-aquatica,Alisma,Alismataceae,Alismatales,Alismatidae,Magnoliopsida,Tracheophyta,,0.0,0.0
Alisma plantago-aquatica,Alisma,Alismataceae,Alismatales,Alismatidae,Magnoliopsida,Tracheophyta,,0.0,0.0
Butomus umbellatus,Butomus,Butomaceae,Alismatales,Alismatidae,Magnoliopsida,Tracheophyta,,0.0,0.0
Butomus umbellatus,Butomus,Butomaceae,Alismatales,Alismatidae,Magnoliopsida,Tracheophyta,,0.0,0.0
Sagittaria sagittifolia,Sagittaria,Alismataceae,Alismatales,Alismatidae,Magnoliopsida,Tracheophyta,,0.0,0.0
Elodea canadensis,Elodea,Hydrocharitaceae,Hydrocharitales,Alismatidae,Magnoliopsida,Tracheophyta,,0.0,0.0
Elodea canadensis,Elodea,Hydrocharitaceae,Hydrocharitales,Alismatidae,Magnoliopsida,Tracheophyta,,0.0,0.0
Stratiotes aloides,Stratiotes,Hydrocharitaceae,Hydrocharitales,Alismatidae,Magnoliopsida,Tracheophyta,,0.0,0.0
Hydrocharis morsus-ranae,Hydrocharis,Hydrocharitaceae,Hydrocharitales,Alismatidae,Magnoliopsida,Tracheophyta,,0.0,0.0
Digraphis arundinaceae,Digraphis,Poaceae,Cyperales,Commelinidae,Magnoliopsida,Tracheophyta,,0.0,0.0
Digraphis arundinaceae,Digraphis,Poaceae,Cyperales,Commelinidae,Magnoliopsida,Tracheophyta,,0.0,0.0
Catabrosa aquatica,Catabrosa,Poaceae,Cyperales,Commelinidae,Magnoliopsida,Tracheophyta,,0.0,0.0
Alopecurus agrestis,Alopecurus,Poaceae,Cyperales,Commelinidae,Magnoliopsida,Tracheophyta,,0.0,0.0
Glyceria aquatica,Glyceria,Poaceae,Cyperales,Commelinidae,Magnoliopsida,Tracheophyta,,0.0,0.0
Phragmites australis,Phragmites,Poaceae,Cyperales,Commelinidae,Magnoliopsida,Tracheophyta,,0.0,0.0
Phragmites australis,Phragmites,Poaceae,Cyperales,Commelinidae,Magnoliopsida,Tracheophyta,,0.0,0.0
Phragmites australis,Phragmites,Poaceae,Cyperales,Commelinidae,Magnoliopsida,Tracheophyta,,0.0,0.0
Phragmites australis,Phragmites,Poaceae,Cyperales,Commelinidae,Magnoliopsida,Tracheophyta,,0.0,0.0
Phragmites australis,Phragmites,Poaceae,Cyperales,Commelinidae,Magnoliopsida,Tracheophyta,,0.0,0.0
Phragmites australis,Phragmites,Poaceae,Cyperales,Commelinidae,Magnoliopsida,Tracheophyta,,0.0,0.0
Phragmites australis,Phragmites,Poaceae,Cyperales,Commelinidae,Magnoliopsida,Tracheophyta,,0.0,0.0
Cyperus longus,Cyperus,Cyperaceae,Cyperales,Commelinidae,Magnoliopsida,Tracheophyta,,0.0,0.0
Eleocharis palustris,Eleocharis,Cyperaceae,Cyperales,Commelinidae,Magnoliopsida,Tracheophyta,,0.0,0.0
Eleocharis palustris,Eleocharis,Cyperaceae,Cyperales,Commelinidae,Magnoliopsida,Tracheophyta,,0.0,0.0
Eleocharis palustris,Eleocharis,Cyperaceae,Cyperales,Commelinidae,Magnoliopsida,Tracheophyta,,0.0,0.0
Schoenoplectus lacustris,Schoenoplectus,Cyperaceae,Cyperales,Commelinidae,Magnoliopsida,Tracheophyta,,0.0,0.0
Schoenoplectus lacustris,Schoenoplectus,Cyperaceae,Cyperales,Commelinidae,Magnoliopsida,Tracheophyta,,0.0,0.0
Schoenoplectus lacustris,Schoenoplectus,Cyperaceae,Cyperales,Commelinidae,Magnoliopsida,Tracheophyta,,0.0,0.0
Schoenoplectus lacustris,Schoenoplectus,Cyperaceae,Cyperales,Commelinidae,Magnoliopsida,Tracheophyta,,0.0,0.0
Schoenoplectus lacustris,Schoenoplectus,Cyperaceae,Cyperales,Commelinidae,Magnoliopsida,Tracheophyta,,0.0,0.0
Schoenoplectus lacustris,Schoenoplectus,Cyperaceae,Cyperales,Commelinidae,Magnoliopsida,Tracheophyta,,0.0,0.0
Schoenoplectus lacustris,Schoenoplectus,Cyperaceae,Cyperales,Commelinidae,Magnoliopsida,Tracheophyta,,0.0,0.0
Schoenoplectus triqueter,Schoenoplectus,Cyperaceae,Cyperales,Commelinidae,Magnoliopsida,Tracheophyta,,0.0,0.0
Bolboschoenus maritimus,Bolboschoenus,Cyperaceae,Cyperales,Commelinidae,Magnoliopsida,Tracheophyta,,0.0,0.0
Bolboschoenus maritimus,Bolboschoenus,Cyperaceae,Cyperales,Commelinidae,Magnoliopsida,Tracheophyta,,0.0,0.0
Bolboschoenus maritimus,Bolboschoenus,Cyperaceae,Cyperales,Commelinidae,Magnoliopsida,Tracheophyta,,0.0,0.0
Carex riparia,Carex,Cyperaceae,Cyperales,Commelinidae,Magnoliopsida,Tracheophyta,,0.0,0.0
Carex acutiformis,Carex,Cyperaceae,Cyperales,Commelinidae,Magnoliopsida,Tracheophyta,,0.0,0.0
Carex vulpina,Carex,Cyperaceae,Cyperales,Commelinidae,Magnoliopsida,Tracheophyta,,0.0,0.0
Carex hordeistichos,Carex,Cyperaceae,Cyperales,Commelinidae,Magnoliopsida,Tracheophyta,,0.0,0.0
Carex gracilis,Carex,Cyperaceae,Cyperales,Commelinidae,Magnoliopsida,Tracheophyta,,0.0,0.0
Spirodela polyrrhiza,Spirodela,Lemnaceae,Arales,Arecidae,Magnoliopsida,Tracheophyta,,0.0,0.0
Lemna triscula,Lemna,Lemnaceae,Arales,Arecidae,Magnoliopsida,Tracheophyta,,0.0,0.0
Lemna minor,Lemna,Lemnaceae,Arales,Arecidae,Magnoliopsida,Tracheophyta,,0.0,0.0
Juncus acutus,Juncus,Juncaceae,Juncales,Commelinidae,Magnoliopsida,Tracheophyta,,0.0,0.0
Juncus maritimus,Juncus,Juncaceae,Juncales,Commelinidae,Magnoliopsida,Tracheophyta,,0.0,0.0
Juncus affusus,Juncus,Juncaceae,Juncales,Commelinidae,Magnoliopsida,Tracheophyta,,0.0,0.0
Juncus articulatus,Juncus,Juncaceae,Juncales,Commelinidae,Magnoliopsida,Tracheophyta,,0.0,0.0
Iris pseudacorus,Iris,Iridaceae,Liliales,Liliidae,Magnoliopsida,Tracheophyta,,0.0,0.0
Iris pseudacorus,Iris,Iridaceae,Liliales,Liliidae,Magnoliopsida,Tracheophyta,,0.0,0.0
Persicaria hydropiper,Persicaria,Polygonaceae,Polygonales,Caryophyllidae,Magnoliopsida,Tracheophyta,,0.0,0.0
Persicaria amphibia,Persicaria,Polygonaceae,Polygonales,Caryophyllidae,Magnoliopsida,Tracheophyta,,0.0,0.0
Nuphur lutea,Nuphur,Nymphaeaceae,Nymphaeales,Magnoliidae,Magnoliopsida,Tracheophyta,,0.0,0.0
Nymphaea alba,Nymphaea,Nymphaeaceae,Nymphaeales,Magnoliidae,Magnoliopsida,Tracheophyta,,0.0,0.0
Nymphaea alba,Nymphaea,Nymphaeaceae,Nymphaeales,Magnoliidae,Magnoliopsida,Tracheophyta,,0.0,0.0
Ceratophyllum demersum,Ceratophyllum,Ceratophyllaceae,Nymphaeales,Magnoliidae,Magnoliopsida,Tracheophyta,,0.0,0.0
Ceratophyllum demersum,Ceratophyllum,Ceratophyllaceae,Nymphaeales,Magnoliidae,Magnoliopsida,Tracheophyta,,0.0,0.0
Trapa natans,Trapa,Trapaceae,Myrtales,Rosidae,Magnoliopsida,Tracheophyta,,0.0,0.0
Myriophyllum spicatum,Myriophyllum,Haloragaceae,Haloragales,Rosidae,Magnoliopsida,Tracheophyta,,0.0,0.0
Hippuris vulgaris,Hippuris,Hippuridaceae,Callitrichales,Asteridae,Magnoliopsida,Tracheophyta,,0.0,0.0
Apium graveolens,Apium,Apiaceae,Apiales,Rosidae,Magnoliopsida,Tracheophyta,,0.0,0.0
Oenanthe aquatica,Oenanthe,Apiaceae,Apiales,Rosidae,Magnoliopsida,Tracheophyta,,0.0,0.0
Berula erecta,Berula,Apiaceae,Apiales,Rosidae,Magnoliopsida,Tracheophyta,,0.0,0.0
Utricularia vulgaris,Utricularia,Lentibulariaceae,Scrophulariales,Asteridae,Magnoliopsida,Tracheophyta,,0.0,0.0
Utricularia vulgaris,Utricularia,Lentibulariaceae,Scrophulariales,Asteridae,Magnoliopsida,Tracheophyta,,0.0,0.0
Galium palustre,Galium,Rubiaceae,Rubiales,Asteridae,Magnoliopsida,Tracheophyta,,0.0,0.0
Lycopus europaeus,Lycopus,Lamiaceae,Lamiales,Asteridae,Magnoliopsida,Tracheophyta,,0.0,0.0
Nymphoides pelata,Nymphoides,Menyanthaceae,Solanales,Asteridae,Magnoliopsida,Tracheophyta,,0.0,0.0
Nymphoides pelata,Nymphoides,Menyanthaceae,Solanales,Asteridae,Magnoliopsida,Tracheophyta,,0.0,0.0
Mentha aquatica,Mentha,Lamiaceae,Lamiales,Asteridae,Magnoliopsida,Tracheophyta,,0.0,0.0
Mentha pulegium,Mentha,Lamiaceae,Lamiales,Asteridae,Magnoliopsida,Tracheophyta,,0.0,0.0
Bidens tripartita,Bidens,Asteraceae,Asterales,Asteridae,Magnoliopsida,Tracheophyta,,0.0,0.0
Bidens tripartita,Bidens,Asteraceae,Asterales,Asteridae,Magnoliopsida,Tracheophyta,,0.0,0.0
Cyperaceae,Taxon > Genus,Cyperaceae,Cyperales,Commelinidae,Magnoliopsida,Tracheophyta,,0.0,0.0
Poaceae,Taxon > Genus,Poaceae,Cyperales,Commelinidae,Magnoliopsida,Tracheophyta,,0.0,0.0
Eichhornia azurea,Eichhornia,Pontederiaceae,Liliales,Liliidae,Magnoliopsida,Tracheophyta,,0.0,0.0
Polygonum sp.,Polygonum,Polygonaceae,Polygonales,Caryophyllidae,Magnoliopsida,Tracheophyta,,0.0,0.0
Eichhornia crassipes,Eichhornia,Pontederiaceae,Liliales,Liliidae,Magnoliopsida,Tracheophyta,,3.0,0.0
Salvinia sp.,Salvinia,Salviniaceae,Hydropteridales,Hydropteridales,Filicopsida,Pteridophyta,,3.0,0.0
Pistia stratiotes,Pistia,Araceae,Arales,Arecidae,Magnoliopsida,Tracheophyta,,3.0,0.0
Pleuronectes platessa,Pleuronectes,Pleuronectidae,Pleuronectiformes,Acanthopterygii,Teleostei,Osteichthyes,4.46235,2.0,3.0
Pleuronectes platessa,Pleuronectes,Pleuronectidae,Pleuronectiformes,Acanthopterygii,Teleostei,Osteichthyes,4.8364,2.0,3.0
Pleuronectes platessa,Pleuronectes,Pleuronectidae,Pleuronectiformes,Acanthopterygii,Teleostei,Osteichthyes,4.69755,2.0,3.0
Mysis mixta,Mysis,Mysidae,Mysida,Mysida,Malacostraca,Crustacea,,3.0,2.0
Tubifex tubifex,Tubifex,Tubificidae,Haplotaxida,Oligochaeta,Clitellata,Annelida,,1.0,2.0
Glossiphonia weberi,Glossiphonia,Glossiphoniidae,Rhynchobdellida,Hirudinea,Clitellata,Annelida,,1.0,3.0
Chironomus plumosus,Chironomus,Chironomidae,Nematocera,Diptera,Pterygota,Insecta,,1.0,1.0
Viviparus bengalensis,Viviparus,Viviparidae,Architaeniglossa,Prosobranchia,Gastropoda,Mollusca,,1.0,2.0
Sphyraena barracuda,Sphyraena,Sphyraenidae,Perciformes,Acanthopterygii,Teleostei,Osteichthyes,,3.0,3.0
Centropristis striala,Centropristis,Serraninae,Perciformes,Acanthopterygii,Teleostei,Osteichthyes,,3.0,3.0
Pomatomus saltatrix,Pomatomus,Pomatomidae,Perciformes,Acanthopterygii,Teleostei,Osteichthyes,,3.0,3.0
Ictalurus punctatus,Ictalurus,Ictaluridae,Siluriformes,Ostariophysi,Teleostei,Osteichthyes,,3.0,3.0
Micropogonias undulatus,Micropogonias,Sciaenidae,Perciformes,Acanthopterygii,Teleostei,Osteichthyes,,3.0,3.0
Coryphaena hippurus,Coryphaena,Coryphaenidae,Perciformes,Acanthopterygii,Teleostei,Osteichthyes,,3.0,3.0
Sciaenops ocellatus,Sciaenops,Sciaenidae,Perciformes,Acanthopterygii,Teleostei,Osteichthyes,,3.0,3.0
Paralichthys lethostigma,Paralichthys,Paralichthyidae,Pleuronectiformes,Acanthopterygii,Teleostei,Osteichthyes,,3.0,3.0
Lophius americanus,Lophius,Lophiidae,Lophiiformes,Paracanthopterygii,Teleostei,Osteichthyes,,3.0,3.0
Mycteroperca microlepis,Mycteroperca,Serraninae,Perciformes,Acanthopterygii,Teleostei,Osteichthyes,,3.0,3.0
Mycteroperca phenax,Mycteroperca,Serraninae,Perciformes,Acanthopterygii,Teleostei,Osteichthyes,,3.0,3.0
Epinephelus niveatus,Epinephelus,Serranidae,Perciformes,Acanthopterygii,Teleostei,Osteichthyes,,3.0,3.0
Epinephelus flavolimbatus,Epinephelus,Serranidae,Perciformes,Acanthopterygii,Teleostei,Osteichthyes,,3.0,3.0
Haemulon plumieri,Haemulon,Haemulidae,Perciformes,Acanthopterygii,Teleostei,Osteichthyes,,3.0,3.0
Epinephelus drummondihayi,Epinephelus,Serranidae,Perciformes,Acanthopterygii,Teleostei,Osteichthyes,,3.0,3.0
Caranx hippos,Caranx,Carangidae,Perciformes,Acanthopterygii,Teleostei,Osteichthyes,,3.0,3.0
Menticirrhus americanus,Menticirrhus,Sciaenidae,Perciformes,Acanthopterygii,Teleostei,Osteichthyes,,3.0,3.0
Elops saurus,Elops,Elopidae,Elopiformes,Elopomorpha,Teleostei,Osteichthyes,,3.0,3.0
Scomberomorus cavalla,Scomberomorus,Scombridae,Perciformes,Acanthopterygii,Teleostei,Osteichthyes,,3.0,3.0
Scomberomorus maculatus,Scomberomorus,Scombridae,Perciformes,Acanthopterygii,Teleostei,Osteichthyes,,3.0,3.0
Mugil cephalus,Mugil,Mugilidae,Mugiliformes,Acanthopterygii,Teleostei,Osteichthyes,,3.0,3.0
Trachinotus caroinus,Trachinotus,Carangidae,Perciformes,Acanthopterygii,Teleostei,Osteichthyes,,3.0,3.0
Stenotomus caprinus,Stenotomus,Sparidae,Perciformes,Acanthopterygii,Teleostei,Osteichthyes,,3.0,3.0
Pagrus pagrus,Pagrus,Sparidae,Perciformes,Acanthopterygii,Teleostei,Osteichthyes,,3.0,3.0
Cynoscion nebulosus,Cynoscion,Sciaenidae,Perciformes,Acanthopterygii,Teleostei,Osteichthyes,,3.0,3.0
Alosa sapidissima,Alosa,Clupeidae,Clupeiformes,Clupeomorpha,Teleostei,Osteichthyes,,3.0,3.0
Rhizoprionodon terraenovae,Rhizoprionodon,Carcharhinidae,Carcharhiniformes,Euselachii ,Elasmobranchii,Chondrichthyes,,3.0,3.0
Negaprion brevirostris,Negaprion,Carcharhinidae,Carcharhiniformes,Euselachii ,Elasmobranchii,Chondrichthyes,,3.0,3.0
Carcharhinus plumbeus,Carcharhinus,Carcharhinidae,Carcharhiniformes,Euselachii ,Elasmobranchii,Chondrichthyes,,3.0,3.0
Sphyrna lewini,Sphyrna,Sphyrnidae,Carcharhiniformes,Euselachii ,Elasmobranchii,Chondrichthyes,,3.0,3.0
Galeocerdo cuvieri,Galeocerdo,Carcharhinidae,Carcharhiniformes,Euselachii ,Elasmobranchii,Chondrichthyes,,3.0,3.0
Archosargus probatocephalus,Archosargus,Sparidae,Perciformes,Acanthopterygii,Teleostei,Osteichthyes,,3.0,3.0
Lutjanus campechanus,Lutjanus,Lutjaninae,Perciformes,Acanthopterygii,Teleostei,Osteichthyes,,3.0,3.0
Rhomboplites aurorubens,Rhomboplites,Lutjaninae,Perciformes,Acanthopterygii,Teleostei,Osteichthyes,,3.0,3.0
Leiostomus xanthurus,Leiostomus,Sciaenidae,Perciformes,Acanthopterygii,Teleostei,Osteichthyes,,3.0,3.0
Xiphias gladius,Xiphias,Xiphiidae,Perciformes,Acanthopterygii,Teleostei,Osteichthyes,,3.0,3.0
Lopholatilus chamaeleonticeps,Lopholatilus,Malacanthidae,Perciformes,Acanthopterygii,Teleostei,Osteichthyes,,3.0,3.0
Caulolatius microps,Caulolatius,Latilinae,Perciformes,Acanthopterygii,Teleostei,Osteichthyes,,3.0,3.0
Balistes capriscus,Balistes,Balistidae,Tetraodontiformes,Acanthopterygii,Teleostei,Osteichthyes,,3.0,3.0
Cynoscion regalis,Cynoscion,Sciaenidae,Perciformes,Acanthopterygii,Teleostei,Osteichthyes,,3.0,3.0
Canthydrus laetabelis,Canthydrus,Noteridae,Coleoptera,Coleoptera,Pterygota,Insecta,,2.0,3.0
Anisops sardea,Anisops,Anisopinae,Heteroptera,Heteroptera,Pterygota,Insecta,,2.0,3.0
Mesogomphus lineatus,Mesogomphus,Gomphidae,Anisoptera,Odonata,Pterygota,Insecta,,2.0,3.0
Posidonia oceania,Posidonia,Posidoniaceae,Najadales,Alismatidae,Magnoliopsida,Tracheophyta,,0.0,0.0
Cymodocea nodosa,Cymodocea,Cymodoceaceae,Najadales,Alismatidae,Magnoliopsida,Tracheophyta,,0.0,0.0
Typha angustata,Typha,Typhaceae,Typhales,Commelinidae,Magnoliopsida,Tracheophyta,,0.0,0.0
Phragmites communis,Phragmites,Poaceae,Cyperales,Commelinidae,Magnoliopsida,Tracheophyta,,0.0,0.0
Sparganium ramosum,Sparganium,Sparganiaceae,Typhales,Commelinidae,Magnoliopsida,Tracheophyta,,0.0,0.0
Myriophyllum verticellatum,Myriophyllum,Haloragaceae,Haloragales,Rosidae,Magnoliopsida,Tracheophyta,,0.0,0.0
Potamogeton natans,Potamogeton,Potamogetonaceae,Najadales,Alismatidae,Magnoliopsida,Tracheophyta,,0.0,0.0
Nelumbo nucifera,Nelumbo,Nelumbonaceae,Nymphaeales,Magnoliidae,Magnoliopsida,Tracheophyta,,0.0,0.0
Nymphaea alba,Nymphaea,Nymphaeaceae,Nymphaeales,Magnoliidae,Magnoliopsida,Tracheophyta,,0.0,0.0
Nymphoides pelata,Nymphoides,Menyanthaceae,Solanales,Asteridae,Magnoliopsida,Tracheophyta,,0.0,0.0
Hydrocharis morsus-ranae,Hydrocharis,Hydrocharitaceae,Hydrocharitales,Alismatidae,Magnoliopsida,Tracheophyta,,0.0,0.0
Ceratophyllum demersum,Ceratophyllum,Ceratophyllaceae,Nymphaeales,Magnoliidae,Magnoliopsida,Tracheophyta,,0.0,0.0
Potamogeton lucens,Potamogeton,Potamogetonaceae,Najadales,Alismatidae,Magnoliopsida,Tracheophyta,,0.0,0.0
Potamogeton pectinatus,Potamogeton,Potamogetonaceae,Najadales,Alismatidae,Magnoliopsida,Tracheophyta,,0.0,0.0
Potamogeton crispus,Potamogeton,Potamogetonaceae,Najadales,Alismatidae,Magnoliopsida,Tracheophyta,,0.0,0.0
Hydrilla verticellata,Hydrilla,Hydrocharitaceae,Hydrocharitales,Alismatidae,Magnoliopsida,Tracheophyta,,0.0,0.0
Najas graminea,Najas,Najadaceae,Najadales,Alismatidae,Magnoliopsida,Tracheophyta,,0.0,0.0
Myriophyllum spicatum,Myriophyllum,Haloragaceae,Haloragales,Rosidae,Magnoliopsida,Tracheophyta,,0.0,0.0
Moroteuthis ingens,Moroteuthis,Onychoteuthidae,Teuthida,Decabrachia,Cephalopoda,Mollusca,3.888771666666666,3.0,3.0
Sepioteuthis bilineata,Sepioteuthis,Loliginidae,Teuthida,Decabrachia,Cephalopoda,Mollusca,3.9773933333333336,3.0,3.0
Nototodarus sloani,Nototodarus,Ommastrephidae,Teuthida,Decabrachia,Cephalopoda,Mollusca,4.4946383333333335,3.0,3.0
Molgula manhattensis,Molgula,Molgulidae,Stolidobranchia,Stolidobranchia,Ascidiacea,Tunicata,,0.0,1.0
Sagitta hispida,Sagitta,Sagittidae,Aphragmophora,Sagittoidea,Chaetognatha,Chaetognatha,,3.0,3.0
Sagitta tenuis,Sagitta,Sagittidae,Aphragmophora,Sagittoidea,Chaetognatha,Chaetognatha,,3.0,3.0
Spartina maritima,Spartina,Poaceae,Cyperales,Commelinidae,Magnoliopsida,Tracheophyta,,0.0,0.0
Artemia salina,Artemia,Artemiidae,Anostraca,Sarsostraca,Branchiopoda,Crustacea,,3.0,1.0
Pollicipes polymerus,Pollicipes,Pollicipedidae,Pedunculata,Thoracica,Cirripedia,Crustacea,,0.0,3.0
Ovalipes punctatus,Ovalipes,Portunidae,Brachyura,Decapoda,Malacostraca,Crustacea,3.1008,1.0,3.0
Ovalipes punctatus,Ovalipes,Portunidae,Brachyura,Decapoda,Malacostraca,Crustacea,2.9123900000000003,1.0,3.0
Spartina alterniflora,Spartina,Poaceae,Cyperales,Commelinidae,Magnoliopsida,Tracheophyta,,0.0,0.0
Juncus roemerianus,Juncus,Juncaceae,Juncales,Commelinidae,Magnoliopsida,Tracheophyta,,0.0,0.0
Spartina cynosuroides,Spartina,Poaceae,Cyperales,Commelinidae,Magnoliopsida,Tracheophyta,,0.0,0.0
Schoenoplectus americanus,Schoenoplectus,Cyperaceae,Cyperales,Commelinidae,Magnoliopsida,Tracheophyta,,0.0,0.0
Distichlis spicata,Distichlis,Poaceae,Cyperales,Commelinidae,Magnoliopsida,Tracheophyta,,0.0,0.0
Crangon crangon,Crangon,Crangonidae,Caridea,Decapoda,Malacostraca,Crustacea,,2.0,3.0
Musculium lacustre,Musculium,Sphaeriidae,Veneroida,Heterodonta,Bivalvia,Mollusca,,0.0,1.0
Musculium securis,Musculium,Sphaeriidae,Veneroida,Heterodonta,Bivalvia,Mollusca,,0.0,1.0
Musculium securis,Musculium,Sphaeriidae,Veneroida,Heterodonta,Bivalvia,Mollusca,,0.0,1.0
Musculium partumeium,Musculium,Sphaeriidae,Veneroida,Heterodonta,Bivalvia,Mollusca,,0.0,1.0
Musculium partumeium,Musculium,Sphaeriidae,Veneroida,Heterodonta,Bivalvia,Mollusca,,0.0,1.0
Musculium partumeium,Musculium,Sphaeriidae,Veneroida,Heterodonta,Bivalvia,Mollusca,,0.0,1.0
Pisidium casertanum,Pisidium,Pisidiidae,Veneroida,Heterodonta,Bivalvia,Mollusca,,0.0,1.0
Pisidium compressum,Pisidium,Pisidiidae,Veneroida,Heterodonta,Bivalvia,Mollusca,,0.0,1.0
Pisidium compressum,Pisidium,Pisidiidae,Veneroida,Heterodonta,Bivalvia,Mollusca,,0.0,1.0
Sphaerium fabale,Sphaerium,Pisidiidae,Veneroida,Heterodonta,Bivalvia,Mollusca,,0.0,1.0
Sphaerium rhomboideum,Sphaerium,Pisidiidae,Veneroida,Heterodonta,Bivalvia,Mollusca,,0.0,1.0
Sphaerium simile,Sphaerium,Pisidiidae,Veneroida,Heterodonta,Bivalvia,Mollusca,,0.0,1.0
Sphaerium striatum,Sphaerium,Pisidiidae,Veneroida,Heterodonta,Bivalvia,Mollusca,,0.0,1.0
Sphaerium striatum,Sphaerium,Pisidiidae,Veneroida,Heterodonta,Bivalvia,Mollusca,,0.0,1.0
Sphaerium striatum,Sphaerium,Pisidiidae,Veneroida,Heterodonta,Bivalvia,Mollusca,,0.0,1.0
Sphaerium striatum,Sphaerium,Pisidiidae,Veneroida,Heterodonta,Bivalvia,Mollusca,,0.0,1.0
Sphaerium striatum,Sphaerium,Pisidiidae,Veneroida,Heterodonta,Bivalvia,Mollusca,,0.0,1.0
Sphaerium striatum,Sphaerium,Pisidiidae,Veneroida,Heterodonta,Bivalvia,Mollusca,,0.0,1.0
Sphaerium striatum,Sphaerium,Pisidiidae,Veneroida,Heterodonta,Bivalvia,Mollusca,,0.0,1.0
Sphaerium striatum,Sphaerium,Pisidiidae,Veneroida,Heterodonta,Bivalvia,Mollusca,,0.0,1.0
Sphaerium striatum,Sphaerium,Pisidiidae,Veneroida,Heterodonta,Bivalvia,Mollusca,,0.0,1.0
Sphaerium striatum,Sphaerium,Pisidiidae,Veneroida,Heterodonta,Bivalvia,Mollusca,,0.0,1.0
Corbicula fluminea,Corbicula,Pisidiidae,Veneroida,Heterodonta,Bivalvia,Mollusca,,0.0,1.0
Pagurus bernhardus,Pagurus,Paguridae,Anomura,Decapoda,Malacostraca,Crustacea,8.6715,3.0,1.0
Scirpus californicus,Scirpus,Cyperaceae,Cyperales,Commelinidae,Magnoliopsida,Tracheophyta,,1.0,3.0
Phragmites australis,Phragmites,Poaceae,Cyperales,Commelinidae,Magnoliopsida,Tracheophyta,,1.0,3.0
Typha angustifolia,Typha,Typhaceae,Typhales,Commelinidae,Magnoliopsida,Tracheophyta,,1.0,3.0
Juncus procerus,Juncus,Juncaceae,Juncales,Commelinidae,Magnoliopsida,Tracheophyta,,1.0,3.0
Cyperus eragrostis,Cyperus,Cyperaceae,Cyperales,Commelinidae,Magnoliopsida,Tracheophyta,,1.0,3.0
Sagittaria montevidense,Sagittaria,Alismataceae,Alismatales,Alismatidae,Magnoliopsida,Tracheophyta,,1.0,3.0
Senecio fistulosus,Senecio,Asteraceae,Asterales,Asteridae,Magnoliopsida,Tracheophyta,,1.0,3.0
Polygonum hydropiperoides,Polygonum,Polygonaceae,Polygonales,Caryophyllidae,Magnoliopsida,Tracheophyta,,1.0,3.0
Myriophyllum aquaticum,Myriophyllum,Haloragaceae,Haloragales,Rosidae,Magnoliopsida,Tracheophyta,,1.0,3.0
Jussiaea repens,Jussiaea,Onagraceae,Myrtales,Rosidae,Magnoliopsida,Tracheophyta,,1.0,3.0
Potamogeton linguatus,Potamogeton,Potamogetonaceae,Najadales,Alismatidae,Magnoliopsida,Tracheophyta,,1.0,3.0
Nymphaea alba,Nymphaea,Nymphaeaceae,Nymphaeales,Magnoliidae,Magnoliopsida,Tracheophyta,,1.0,3.0
Callitriche stagnalis,Callitriche,Callitrichaceae,Callitrichales,Asteridae,Magnoliopsida,Tracheophyta,,1.0,3.0
Hydrocotyle ranunculoides,Hydrocotyle,Apiaceae,Apiales,Rosidae,Magnoliopsida,Tracheophyta,,1.0,3.0
Egeria densa,Egeria,Hydrocharitaceae,Hydrocharitales,Alismatidae,Magnoliopsida,Tracheophyta,,1.0,3.0
Utricularia tenuis,Utricularia,Lentibulariaceae,Scrophulariales,Asteridae,Magnoliopsida,Tracheophyta,,1.0,3.0
Potamogeton lucens,Potamogeton,Potamogetonaceae,Najadales,Alismatidae,Magnoliopsida,Tracheophyta,,1.0,3.0
Lemna valdiviana,Lemna,Lemnaceae,Arales,Arecidae,Magnoliopsida,Tracheophyta,,1.0,3.0
Nereis succinea,Nereis,Nereididae,Phyllodocida,Aciculata,Polychaeta,Annelida,,1.0,3.0
Phoxinus phoxinus,Phoxinus,Cyprinidae,Cypriniformes,Ostariophysi,Teleostei,Osteichthyes,6.426000000000001,3.0,3.0
Gasterosteus aculeatus,Gasterosteus,Gasterosteidae,Gasterosteiformes,Acanthopterygii,Teleostei,Osteichthyes,4.86,3.0,3.0
Gasterosteus aculeatus,Gasterosteus,Gasterosteidae,Gasterosteiformes,Acanthopterygii,Teleostei,Osteichthyes,5.22,3.0,3.0
Mya arenaria,Mya,Myidae,Myoida,Heterodonta,Bivalvia,Mollusca,3.2710464,0.0,1.0
Polinices duplicatus,Polinices,Naticidae,Neotaenioglossa,Neotaenioglossa,Gastropoda,Mollusca,6.97089168,0.0,3.0
Caulerpa racemosa,Caulerpa,Caulerpaceae,Caulerpales,Caulerpales,Chlorophyceae,Chlorophyta,,0.0,0.0
Cladophora monumentalis,Cladophora,Cladophoraceae,Cladophorales,Cladophorales,Chlorophyceae,Chlorophyta,,0.0,0.0
Chaetomorpha linum,Chaetomorpha,Cladophoraceae,Cladophorales,Cladophorales,Chlorophyceae,Chlorophyta,,0.0,0.0
Codium dwarkense,Codium,Codiaceae,Caulerpales,Caulerpales,Chlorophyceae,Chlorophyta,,0.0,0.0
Enteromorpha compressa,Enteromorpha,Ulvaceae,Ulotrichales,Ulotrichales,Chlorophyceae,Chlorophyta,,0.0,0.0
Enteromorpha intestinalis,Enteromorpha,Ulvaceae,Ulotrichales,Ulotrichales,Chlorophyceae,Chlorophyta,,0.0,0.0
Halimeda tuna,Halimeda,Codiaceae,Caulerpales,Caulerpales,Chlorophyceae,Chlorophyta,,0.0,0.0
Ulva fasciata,Ulva,Ulvaceae,Ulotrichales,Ulotrichales,Chlorophyceae,Chlorophyta,,0.0,0.0
Ulva lactuca,Ulva,Ulvaceae,Ulotrichales,Ulotrichales,Chlorophyceae,Chlorophyta,,0.0,0.0
Ulva rigida,Ulva,Ulvaceae,Ulotrichales,Ulotrichales,Chlorophyceae,Chlorophyta,,0.0,0.0
Cystoseira indica,Cystoseira,Cystoseiraceae,Fucales,Fucales,Phaeophyceae,Phaeophyta,,0.0,0.0
Colpomenia sinuosa,Colpomenia,Scytosiphonaceae,Scytosiphonales,Scytosiphonales,Phaeophyceae,Phaeophyta,,0.0,0.0
Dictyota atomaria,Dictyota,Dictyotaceae,Dictyonales,Dictyonales,Phaeophyceae,Phaeophyta,,0.0,0.0
Hydroclathrus clathratus,Hydroclathrus,Scytosiphonaceae,Scytosiphonales,Scytosiphonales,Phaeophyceae,Phaeophyta,,0.0,0.0
Padina gymnospora,Padina,Dictyotaceae,Dictyonales,Dictyonales,Phaeophyceae,Phaeophyta,,0.0,0.0
Sargassum myriocystum ,Sargassum,Sargassaceae,Fucales,Fucales,Phaeophyceae,Phaeophyta,,0.0,0.0
Sargassum swartzii,Sargassum,Sargassaceae,Fucales,Fucales,Phaeophyceae,Phaeophyta,,0.0,0.0
Sargassum tenerrimum,Sargassum,Sargassaceae,Fucales,Fucales,Phaeophyceae,Phaeophyta,,0.0,0.0
Sargassum wightii,Sargassum,Sargassaceae,Fucales,Fucales,Phaeophyceae,Phaeophyta,,0.0,0.0
Amphiroa anceps,Amphiroa,Corallinaceae,Cryptonemiales,Florideophycideae,Rhodophytina,Rhodophyta,,0.0,0.0
Gelidiella acerosa,Gelidiella,Gelidiellaceae,Nemaliales,Florideophycideae,Rhodophytina,Rhodophyta,,0.0,0.0
Gracilaria corticata,Gracilaria,Gracilariaceae,Gigartinales,Florideophycideae,Rhodophytina,Rhodophyta,,0.0,0.0
Gracilaria lichenoides ,Gracilaria,Gracilariaceae,Gigartinales,Florideophycideae,Rhodophytina,Rhodophyta,,0.0,0.0
Halymenia venusta,Halymenia,Cryptonemiaceae,Cryptonemiales,Florideophycideae,Rhodophytina,Rhodophyta,,0.0,0.0
Hypnea musciformis,Hypnea,Hypneaceae,Gigartinales,Florideophycideae,Rhodophytina,Rhodophyta,,0.0,0.0
Hypnea valentiae,Hypnea,Hypneaceae,Gigartinales,Florideophycideae,Rhodophytina,Rhodophyta,,0.0,0.0
Laurencia cruciata,Laurencia,Rhodomelaceae,Ceramiales,Florideophycideae,Rhodophytina,Rhodophyta,,0.0,0.0
Laurencia papillosa,Laurencia,Rhodomelaceae,Ceramiales,Florideophycideae,Rhodophytina,Rhodophyta,,0.0,0.0
Laurencia pedicularioides,Laurencia,Rhodomelaceae,Ceramiales,Florideophycideae,Rhodophytina,Rhodophyta,,0.0,0.0
Sarconema filiforme,Sarconema,Areschougiaceae,Gigartinales,Florideophycideae,Rhodophytina,Rhodophyta,,0.0,0.0
Scinaia forcellata,Scinaia,Galaxauraceae,Nemaliales,Florideophycideae,Rhodophytina,Rhodophyta,,0.0,0.0
Tubifex tubifex,Tubifex,Tubificidae,Haplotaxida,Oligochaeta,Clitellata,Annelida,,1.0,2.0
Donax incarnatus,Donax,Donacidae,Veneroida,Heterodonta,Bivalvia,Mollusca,,1.0,1.0
Donax incarnatus,Donax,Donacidae,Veneroida,Heterodonta,Bivalvia,Mollusca,,1.0,1.0
Donax incarnatus,Donax,Donacidae,Veneroida,Heterodonta,Bivalvia,Mollusca,,1.0,1.0
Nemata,Taxon > Genus,-,-,Secermetea,Secermetea,Nemata,4.10943967434,1.0,2.0
Cyprideis torosa,Cyprideis,Cytherideidae,Podocopa,Ostracoda,Ostracoda,Crustacea,2.1704079600000004,1.0,2.0
Candona sp.,Candona,Candonidae,Podocopa,Ostracoda,Ostracoda,Crustacea,1.97813854728,1.0,2.0
Anguilla sp.,Anguilla,Anguillidae,Anguilliformes,Elopomorpha,Teleostei,Osteichthyes,4.26,2.0,3.0
Phragmites communis,Phragmites,Poaceae,Cyperales,Commelinidae,Magnoliopsida,Tracheophyta,,0.0,0.0
Glyceria aquatica,Glyceria,Poaceae,Cyperales,Commelinidae,Magnoliopsida,Tracheophyta,,0.0,0.0
Typha latifolia,Typha,Typhaceae,Typhales,Commelinidae,Magnoliopsida,Tracheophyta,,0.0,0.0
Typha angustifolia,Typha,Typhaceae,Typhales,Commelinidae,Magnoliopsida,Tracheophyta,,0.0,0.0
Scirpus lacustris,Scirpus,Cyperaceae,Cyperales,Commelinidae,Magnoliopsida,Tracheophyta,,0.0,0.0
Scirpus maritimus,Scirpus,Cyperaceae,Cyperales,Commelinidae,Magnoliopsida,Tracheophyta,,0.0,0.0
Acorus calamus,Acorus,Acoraceae,Arales,Arecidae,Magnoliopsida,Tracheophyta,,0.0,0.0
Sparganium erectum,Sparganium,Sparganiaceae,Typhales,Commelinidae,Magnoliopsida,Tracheophyta,,0.0,0.0
Eukrohnia bathypelagica,Eukrohnia,Eukrohniidae,Phragmophora,Sagittoidea,Chaetognatha,Chaetognatha,,3.0,3.0
Eukrohnia hamata,Eukrohnia,Eukrohniidae,Phragmophora,Sagittoidea,Chaetognatha,Chaetognatha,,3.0,3.0
Sagitta gazellae,Sagitta,Sagittidae,Aphragmophora,Sagittoidea,Chaetognatha,Chaetognatha,,3.0,3.0
Lota lota,Lota,Lotidae,Gadiformes,Paracanthopterygii,Teleostei,Osteichthyes,5.135,3.0,3.0
Salvelinus namaycush,Salvelinus,Salmonidae,Salmoniformes,Protacanthopterygii,Teleostei,Osteichthyes,7.788,3.0,3.0
Salvelinus namaycush,Salvelinus,Salmonidae,Salmoniformes,Protacanthopterygii,Teleostei,Osteichthyes,10.789,3.0,3.0
Cancer setosus,Cancer,Cancridae,Brachyura,Decapoda,Malacostraca,Crustacea,,3.0,3.0
Cancer setosus,Cancer,Cancridae,Brachyura,Decapoda,Malacostraca,Crustacea,,3.0,3.0
Cancer setosus,Cancer,Cancridae,Brachyura,Decapoda,Malacostraca,Crustacea,,3.0,3.0
Cancer setosus,Cancer,Cancridae,Brachyura,Decapoda,Malacostraca,Crustacea,,3.0,3.0
Cancer setosus,Cancer,Cancridae,Brachyura,Decapoda,Malacostraca,Crustacea,,3.0,3.0
Heteromastus filiformis,Heteromastus,Capitellidae,Scolecida,Scolecida,Polychaeta,Annelida,,0.0,2.0
Nereis diversicolor,Nereis,Nereididae,Phyllodocida,Aciculata,Polychaeta,Annelida,,1.0,3.0
Corophium sp.,Corophium,Corophiidae,Gammaridea,Amphipoda,Malacostraca,Crustacea,,2.0,2.0
Gammarus sp.,Gammarus,Gammaridae,Gammaridea,Amphipoda,Malacostraca,Crustacea,,2.0,1.0
Crassostrea gigas,Crassostrea,Ostreidae,Ostreoida,Pteriomorphia,Bivalvia,Mollusca,,0.0,1.0
Aetideopsis minor,Aetideopsis,Aetideidae,Calanoida,Gymnoplea,Copepoda,Crustacea,,0.0,3.0
Gaetanus brevispinus,Gaetanus,Fosshageniidae,Calanoida,Gymnoplea,Copepoda,Crustacea,,0.0,1.0
Gaetanus brevispinus,Gaetanus,Fosshageniidae,Calanoida,Gymnoplea,Copepoda,Crustacea,,0.0,1.0
Gaetanus tenuispinus,Gaetanus,Fosshageniidae,Calanoida,Gymnoplea,Copepoda,Crustacea,,0.0,1.0
Gaetanus tenuispinus,Gaetanus,Fosshageniidae,Calanoida,Gymnoplea,Copepoda,Crustacea,,0.0,1.0
Paraeuchaeta antarctica,Paraeuchaeta,Euchaetidae,Calanoida,Gymnoplea,Copepoda,Crustacea,,0.0,3.0
Paraeuchaeta antarctica,Paraeuchaeta,Euchaetidae,Calanoida,Gymnoplea,Copepoda,Crustacea,,0.0,3.0
Paraeuchaeta antarctica,Paraeuchaeta,Euchaetidae,Calanoida,Gymnoplea,Copepoda,Crustacea,,0.0,3.0
Paraeuchaeta antarctica,Paraeuchaeta,Euchaetidae,Calanoida,Gymnoplea,Copepoda,Crustacea,,0.0,3.0
Paraeuchaeta biloba,Paraeuchaeta,Euchaetidae,Calanoida,Gymnoplea,Copepoda,Crustacea,,0.0,3.0
Paraeuchaeta biloba,Paraeuchaeta,Euchaetidae,Calanoida,Gymnoplea,Copepoda,Crustacea,,0.0,3.0
Paraeuchaeta barbata,Paraeuchaeta,Euchaetidae,Calanoida,Gymnoplea,Copepoda,Crustacea,,0.0,3.0
Paraeuchaeta barbata,Paraeuchaeta,Euchaetidae,Calanoida,Gymnoplea,Copepoda,Crustacea,,0.0,3.0
Paraeuchaeta barbata,Paraeuchaeta,Euchaetidae,Calanoida,Gymnoplea,Copepoda,Crustacea,,0.0,3.0
Paraeuchaeta barbata,Paraeuchaeta,Euchaetidae,Calanoida,Gymnoplea,Copepoda,Crustacea,,0.0,3.0
Paraeuchaeta rasa,Paraeuchaeta,Euchaetidae,Calanoida,Gymnoplea,Copepoda,Crustacea,,0.0,3.0
Paraeuchaeta rasa,Paraeuchaeta,Euchaetidae,Calanoida,Gymnoplea,Copepoda,Crustacea,,0.0,3.0
Phaeodactylum tricornutum,Phaeodactylum,Phaeodactylaceae,Naviculales,Naviculales,Bacillariophyceae,Bacillariophyta,,0.0,0.0
Skeletonema costatum,Skeletonema,Skeletonemaceae,Thalassiosirales,Thalassiosirales,Coscinodiscophyceae,Bacillariophyta,,0.0,0.0
Asterionella glacialis,Asterionella,Fragilariaceae,Fragilariales,Fragilariales,Fragilariophyceae,Bacillariophyta,,0.0,0.0
Thalassiosira weissflogii,Thalassiosira,Thalassiosiraceae,Thalassiosirales,Thalassiosirales,Coscinodiscophyceae,Bacillariophyta,,0.0,0.0
Thalassiosira punctigera,Thalassiosira,Thalassiosiraceae,Thalassiosirales,Thalassiosirales,Coscinodiscophyceae,Bacillariophyta,,0.0,0.0
Coscinodiscus wailesii,Coscinodiscus,Coscinodiscaceae,Coscinodiscales,Coscinodiscales,Coscinodiscophyceae,Bacillariophyta,,0.0,0.0
Scrippsiella trochoidea,Scrippsiella,Calciodinellaceae,Gonyaulacales,Gonyaulacales,Dinophyceae,Pyrrophycophyta,,0.0,0.0
Gracilaria ferox,Gracilaria,Gracilariaceae,Gigartinales,Florideophycideae,Rhodophytina,Rhodophyta,,0.0,0.0
Gracilaria ferox,Gracilaria,Gracilariaceae,Gigartinales,Florideophycideae,Rhodophytina,Rhodophyta,,0.0,0.0
Derbesia sp.,Derbesia,Derbesiaceae,Bryopsidales,Bryopsidales,Chlorophyceae,Chlorophyta,,0.0,0.0
Gracilaria sp.,Gracilaria,Gracilariaceae,Gigartinales,Florideophycideae,Rhodophytina,Rhodophyta,,0.0,0.0
Cladophora sp.,Cladophora,Cladophoraceae,Cladophorales,Cladophorales,Chlorophyceae,Chlorophyta,,0.0,0.0
Ulva lactua,Ulva,Ulvaceae,Ulotrichales,Ulotrichales,Chlorophyceae,Chlorophyta,,0.0,0.0
Hypnea sp.,Hypnea,Hypneaceae,Gigartinales,Florideophycideae,Rhodophytina,Rhodophyta,,0.0,0.0
Gracilaria cylindrica,Gracilaria,Gracilariaceae,Gigartinales,Florideophycideae,Rhodophytina,Rhodophyta,,0.0,0.0
Ruppia maritima,Ruppia,Ruppiaceae,Najadales,Alismatidae,Magnoliopsida,Tracheophyta,,0.0,0.0
Enteromorpha sp.,Enteromorpha,Ulvaceae,Ulotrichales,Ulotrichales,Chlorophyceae,Chlorophyta,,0.0,0.0
Ihlea racovitzai,Ihlea,Salpidae,Salpida,Salpida,Thaliacea,Tunicata,,3.0,1.0
Ihlea racovitzai,Ihlea,Salpidae,Salpida,Salpida,Thaliacea,Tunicata,,3.0,1.0
Ihlea racovitzai,Ihlea,Salpidae,Salpida,Salpida,Thaliacea,Tunicata,,3.0,1.0
Salpa thompsoni,Salpa,Salpidae,Salpida,Salpida,Thaliacea,Tunicata,,3.0,1.0
Salpa thompsoni,Salpa,Salpidae,Salpida,Salpida,Thaliacea,Tunicata,,3.0,1.0
Salpa thompsoni,Salpa,Salpidae,Salpida,Salpida,Thaliacea,Tunicata,,3.0,1.0
Mytilus edulis,Mytilus,Mytilidae,Mytiloida,Pteriomorphia,Bivalvia,Mollusca,,0.0,1.0
Arctica islandica,Arctica,Arcticidae,Veneroida,Heterodonta,Bivalvia,Mollusca,,0.0,1.0
Branchiostoma malayanum,Branchiostoma,Branchiostomatidae,Amphioxiformes,Amphioxiformes,Cephalochordata,Cephalochordata,,2.0,1.0
Branchiostoma floridae,Branchiostoma,Branchiostomatidae,Amphioxiformes,Amphioxiformes,Cephalochordata,Cephalochordata,,2.0,1.0
Monopylephorus rubroniveus,Monopylephorus,Tubificidae,Haplotaxida,Oligochaeta,Clitellata,Annelida,,1.0,1.0
Telebasis salva,Telebasis,Coenagrionidae,Zygoptera,Odonata,Pterygota,Insecta,,1.0,3.0
Viviparus georgianus,Viviparus,Viviparidae,Architaeniglossa,Prosobranchia,Gastropoda,Mollusca,,1.0,2.0
Viviparus georgianus,Viviparus,Viviparidae,Architaeniglossa,Prosobranchia,Gastropoda,Mollusca,,1.0,2.0
Bellamya aeruginosa,Bellamya,Viviparidae,Architaeniglossa,Prosobranchia,Gastropoda,Mollusca,,1.0,2.0
Calanoides acutus,Calanoides,Calanidae,Calanoida,Gymnoplea,Copepoda,Crustacea,,3.0,1.0
Calanoides acutus,Calanoides,Calanidae,Calanoida,Gymnoplea,Copepoda,Crustacea,,3.0,1.0
Calanus propinquus,Calanus,Calanidae,Calanoida,Gymnoplea,Copepoda,Crustacea,,3.0,1.0
Calanus propinquus,Calanus,Calanidae,Calanoida,Gymnoplea,Copepoda,Crustacea,,3.0,1.0
Calanus propinquus,Calanus,Calanidae,Calanoida,Gymnoplea,Copepoda,Crustacea,,3.0,1.0
Rhincalanus gigas,Rhincalanus,Eucalanidae,Calanoida,Gymnoplea,Copepoda,Crustacea,,3.0,2.0
Rhincalanus gigas,Rhincalanus,Eucalanidae,Calanoida,Gymnoplea,Copepoda,Crustacea,,3.0,2.0
Metridia gerlachei,Metridia,Metridinidae,Calanoida,Gymnoplea,Copepoda,Crustacea,,3.0,2.0
Metridia gerlachei,Metridia,Metridinidae,Calanoida,Gymnoplea,Copepoda,Crustacea,,3.0,2.0
Euchaeta sp.,Euchaeta,Euchaetidae,Calanoida,Gymnoplea,Copepoda,Crustacea,,3.0,3.0
Euchaeta antarctica,Euchaeta,Euchaetidae,Calanoida,Gymnoplea,Copepoda,Crustacea,,3.0,3.0
Euchirella rostromagna,Euchirella,Lucicitiidae,Calanoida,Gymnoplea,Copepoda,Crustacea,,3.0,2.0
Euphausia superba,Euphausia,Euphausiidae,Euphausiacea,Euphausiacea,Malacostraca,Crustacea,,3.0,1.0
Euphausia superba,Euphausia,Euphausiidae,Euphausiacea,Euphausiacea,Malacostraca,Crustacea,,3.0,1.0
Euphausia superba,Euphausia,Euphausiidae,Euphausiacea,Euphausiacea,Malacostraca,Crustacea,,3.0,1.0
Euphausia crystallorophias,Euphausia,Euphausiidae,Euphausiacea,Euphausiacea,Malacostraca,Crustacea,,3.0,1.0
Euphausia crystallorophias,Euphausia,Euphausiidae,Euphausiacea,Euphausiacea,Malacostraca,Crustacea,,3.0,1.0
Euphausia crystallorophias,Euphausia,Euphausiidae,Euphausiacea,Euphausiacea,Malacostraca,Crustacea,,3.0,1.0
Euphausia crystallorophias,Euphausia,Euphausiidae,Euphausiacea,Euphausiacea,Malacostraca,Crustacea,,3.0,1.0
Thysanoessa macrura,Thysanoessa,Euphausiidae,Euphausiacea,Euphausiacea,Malacostraca,Crustacea,,3.0,2.0
Thysanoessa macrura,Thysanoessa,Euphausiidae,Euphausiacea,Euphausiacea,Malacostraca,Crustacea,,3.0,2.0
Eusirus microps,Eusirus,Eusiridae,Gammaridea,Amphipoda,Malacostraca,Crustacea,,3.0,2.0
Eusirus perdentatus,Eusirus,Eusiridae,Gammaridea,Amphipoda,Malacostraca,Crustacea,,3.0,2.0
Cyphocaris richardi,Cyphocaris,Lysianassidae,Gammaridea,Amphipoda,Malacostraca,Crustacea,,3.0,3.0
Orchomene sp.,Orchomene,Lysianassidae,Gammaridea,Amphipoda,Malacostraca,Crustacea,,2.0,2.0
Uristes gigas,Uristes,Uristidae,Gammaridea,Amphipoda,Malacostraca,Crustacea,,2.0,2.0
Tryphosella longitelson,Tryphosella,Lysianassidae,Gammaridea,Amphipoda,Malacostraca,Crustacea,,2.0,2.0
Epimeriella macronyx,Epimeriella,Epimeriidae,Gammaridea,Amphipoda,Malacostraca,Crustacea,,2.0,2.0
Vibilia propinqua,Vibilia,Vibiliidae,Hyperiidea,Amphipoda,Malacostraca,Crustacea,,3.0,3.0
Cyllopus lucasii,Cyllopus,Vibiliidae,Hyperiidea,Amphipoda,Malacostraca,Crustacea,,3.0,3.0
Hyperia macrocephala,Hyperia,Hyperiidae,Hyperiidea,Amphipoda,Malacostraca,Crustacea,,2.0,3.0
Hyperiella sp.,Hyperiella,Hyperiidae,Hyperiidea,Amphipoda,Malacostraca,Crustacea,,2.0,3.0
Parathemisto gaudichaudii,Parathemisto,Hyperiidae,Hyperiidea,Amphipoda,Malacostraca,Crustacea,,3.0,3.0
Primno macropa,Primno,Phrosinidae,Hyperiidea,Amphipoda,Malacostraca,Crustacea,,2.0,3.0
Antarctomysis ohlinii,Antarctomysis,Mysidae,Mysida,Mysida,Malacostraca,Crustacea,,3.0,3.0
Acanthephyra pelagica,Acanthephyra,Oplophoridae,Caridea,Decapoda,Malacostraca,Crustacea,,3.0,3.0
Diphyes antarctica,Diphyes,Diphyidae,Calycophorae,Siphonophorae,Hydrozoa,Cnidaria,,3.0,3.0
Calycopsis borchgrevinki,Calycopsis,Calycopsidae,Anthomedusae,Hydroida,Hydrozoa,Cnidaria,,3.0,3.0
Pyrostephos vanhoeffeni,Pyrostephos,Pyrostephidae,Physonectae,Siphonophorae,Hydrozoa,Cnidaria,,3.0,3.0
Limacina helicina,Limacina,Limacinidae,Thecosomata,Thecosomata,Gastropoda,Mollusca,,3.0,1.0
Clio pyramidata,Clio,Cavoliniidae,Thecosomata,Thecosomata,Gastropoda,Mollusca,,3.0,1.0
Clione limacina,Clione,Clionidae,Gymnosomata,Opisthobranchia,Gastropoda,Mollusca,,3.0,3.0
Galiteuthis glacialis,Galiteuthis,Cranchiidae,Teuthida,Decabrachia,Cephalopoda,Mollusca,,3.0,3.0
Vanadis antarctica,Vanadis,Alciopidae,Phyllodocida,Aciculata,Polychaeta,Annelida,,3.0,3.0
Tomopteris carpenteri,Tomopteris,Tomopteridae,Phyllodocida,Aciculata,Polychaeta,Annelida,,3.0,2.0
Tomopteris carpenteri,Tomopteris,Tomopteridae,Phyllodocida,Aciculata,Polychaeta,Annelida,,3.0,2.0
Sagitta gazellae,Sagitta,Sagittidae,Aphragmophora,Sagittoidea,Chaetognatha,Chaetognatha,,3.0,3.0
Sagitta marri,Sagitta,Sagittidae,Aphragmophora,Sagittoidea,Chaetognatha,Chaetognatha,,3.0,3.0
Eukrohnia hamata,Eukrohnia,Eukrohniidae,Phragmophora,Sagittoidea,Chaetognatha,Chaetognatha,,3.0,3.0
Salpa thompsoni,Salpa,Salpidae,Salpida,Salpida,Thaliacea,Tunicata,,3.0,1.0
Trematomus eulepidotus ,Trematomus,Nototheniidae,Perciformes,Acanthopterygii,Teleostei,Osteichthyes,,3.0,3.0
Notothenia larseni,Notothenia,Nototheniidae,Perciformes,Acanthopterygii,Teleostei,Osteichthyes,,3.0,2.0
Pleuragramma antarcticum,Pleuragramma,Nototheniidae,Perciformes,Acanthopterygii,Teleostei,Osteichthyes,,3.0,3.0
Pleuragramma antarcticum,Pleuragramma,Nototheniidae,Perciformes,Acanthopterygii,Teleostei,Osteichthyes,,3.0,3.0
Dunaliella sp.,Dunaliella,Dunaliellaceae,Volvocales,Volvocales,Chlorophyceae,Chlorophyta,,3.0,0.0
Isochrysis galbana,Isochrysis,Isochrysidaceae,Isochrysidales,Isochrysidales,Prymnesiophyceae,Haptophyta,,3.0,0.0
Nannochloropsis sp.,Nannochloropsis,Eustigmataceae,Eustigmatales,Eustigmatales,Eustigmatophyceae,Chromalveolata,,3.0,0.0
Nitzschia closterium,Nitzschia,Bacillariaceae,Bacillariales,Bacillariales,Bacillariophyceae,Bacillariophyta,,3.0,0.0
Porphyridium cruentum,Porphyridium,Porphyridiaceae,Porphyridiales,Bangiophyceae,Rhodophytina,Rhodophyta,,3.0,0.0
Salpa thompsoni,Salpa,Salpidae,Salpida,Salpida,Thaliacea,Tunicata,,3.0,1.0
Thalia democratica,Thalia,Salpidae,Salpida,Salpida,Thaliacea,Tunicata,,3.0,1.0
Acartia lilljeborgi,Acartia,Acartiidae,Calanoida,Gymnoplea,Copepoda,Crustacea,,3.0,1.0
Acartia tonsa,Acartia,Acartiidae,Calanoida,Gymnoplea,Copepoda,Crustacea,,3.0,1.0
Pseudodiaptomus acutus,Pseudodiaptomus,Pseudodiaptomidae,Calanoida,Gymnoplea,Copepoda,Crustacea,,3.0,1.0
Paracalanus crassirostris,Paracalanus,Paracalanidae,Calanoida,Gymnoplea,Copepoda,Crustacea,,3.0,1.0
Paracalanus quasimodo,Paracalanus,Paracalanidae,Calanoida,Gymnoplea,Copepoda,Crustacea,,3.0,1.0
Temora turbinata,Temora,Sulcanidae,Calanoida,Gymnoplea,Copepoda,Crustacea,,3.0,1.0
Labidocera fluviatilis,Labidocera,Pontellidae,Calanoida,Gymnoplea,Copepoda,Crustacea,,3.0,3.0
Oithona hebes,Oithona,Diaixidae,Calanoida,Gymnoplea,Copepoda,Crustacea,,3.0,1.0
Oithona oswaldocruzi,Oithona,Diaixidae,Calanoida,Gymnoplea,Copepoda,Crustacea,,3.0,1.0
Euterpina acutifrons,Euterpina,Euterpinidae,Harpacticoida,Podoplea,Copepoda,Crustacea,,3.0,1.0
Mytilus edulis,Mytilus,Mytilidae,Mytiloida,Pteriomorphia,Bivalvia,Mollusca,,0.0,1.0
Brevoortia tyrannus,Brevoortia,Clupeidae,Clupeiformes,Clupeomorpha,Teleostei,Osteichthyes,,3.0,2.0
Acartia tonsa,Acartia,Acartiidae,Calanoida,Gymnoplea,Copepoda,Crustacea,,3.0,1.0
Ditylum brightwelli,Ditylum,Lithodesmiaceae,Lithodesmiales,Lithodesmiales,Coscinodiscophyceae,Bacillariophyta,,3.0,0.0
Octopus vulgaris,Octopus,Octopodidae,Octopoda,Octobrachia,Cephalopoda,Mollusca,,2.0,3.0
Acanthophora spicifera,Acanthophora,Rhodomelaceae,Ceramiales,Florideophycideae,Rhodophytina,Rhodophyta,,0.0,0.0
Gracilaria edulis,Gracilaria,Gracilariaceae,Gigartinales,Florideophycideae,Rhodophytina,Rhodophyta,,0.0,0.0
Zostera capricorni,Zostera,Zosteraceae,Najadales,Alismatidae,Magnoliopsida,Tracheophyta,,0.0,0.0
Dictyota dichotoma,Dictyota,Dictyotaceae,Dictyonales,Dictyonales,Phaeophyceae,Phaeophyta,,0.0,0.0
Lobophora variegata,Lobophora,Dictyotaceae,Dictyonales,Dictyonales,Phaeophyceae,Phaeophyta,,0.0,0.0
Udotea argenta,Udotea,Codiaceae,Caulerpales,Caulerpales,Chlorophyceae,Chlorophyta,,0.0,0.0
Calanus propinquus,Calanus,Calanidae,Calanoida,Gymnoplea,Copepoda,Crustacea,,3.0,1.0
Euphausia superba,Euphausia,Euphausiidae,Euphausiacea,Euphausiacea,Malacostraca,Crustacea,,3.0,1.0
Euphausia superba,Euphausia,Euphausiidae,Euphausiacea,Euphausiacea,Malacostraca,Crustacea,,3.0,2.0
Euphausia superba,Euphausia,Euphausiidae,Euphausiacea,Euphausiacea,Malacostraca,Crustacea,,3.0,2.0
Idotea balthica,Idotea,Idoteidae,Valvifera,Isopoda,Malacostraca,Crustacea,,3.0,3.0
Sphaeroma serratum,Sphaeroma,Idoteidae,Valvifera,Isopoda,Malacostraca,Crustacea,,3.0,3.0
Calanus finmarchicus,Calanus,Calanidae,Calanoida,Gymnoplea,Copepoda,Crustacea,6.49,3.0,1.0
Callinectes sp.,Callinectes,Portunidae,Brachyura,Decapoda,Malacostraca,Crustacea,,2.0,3.0
Aurelia aurita,Aurelia,Ulmaridae,Semaeostomeae,Semaeostomeae,Scyphozoa,Cnidaria,0.7,0.0,3.0
Meganyctiphanes norvegica,Meganyctiphanes,Euphausiidae,Euphausiacea,Euphausiacea,Malacostraca,Crustacea,3.9,3.0,2.0
Acanthephyra purpurea,Acanthephyra,Oplophoridae,Caridea,Decapoda,Malacostraca,Crustacea,5.3,3.0,3.0
Palaemon longirostris,Palaemon,Palaemonidae,Caridea,Decapoda,Malacostraca,Crustacea,3.4,3.0,3.0
Pasiphaea sivado,Pasiphaea,Pasiphaeidae,Caridea,Decapoda,Malacostraca,Crustacea,4.1,3.0,3.0
Pachygrapsus marmoratus,Pachygrapsus,Grapsidae,Brachyura,Decapoda,Malacostraca,Crustacea,5.8,3.0,3.0
Polybius henslowii,Polybius,Portunidae,Brachyura,Decapoda,Malacostraca,Crustacea,4.2,2.0,3.0
Necora puber,Necora,Portunidae,Brachyura,Decapoda,Malacostraca,Crustacea,6.9,2.0,3.0
Loligo sp.,Loligo,Loliginidae,Teuthida,Decabrachia,Cephalopoda,Mollusca,3.9,3.0,3.0
Loligo forbesi,Loligo,Loliginidae,Teuthida,Decabrachia,Cephalopoda,Mollusca,4.6,3.0,3.0
Loligo vulgaris,Loligo,Loliginidae,Teuthida,Decabrachia,Cephalopoda,Mollusca,4.8,3.0,3.0
Illex coindetii,Illex,Ommastrephidae,Teuthida,Decabrachia,Cephalopoda,Mollusca,4.3,3.0,3.0
Todaropsis eblanae,Todaropsis,Todarodinae,Teuthida,Decabrachia,Cephalopoda,Mollusca,4.4,3.0,3.0
Sepiola sp.,Sepiola,Sepiolidae,Sepiida,Decabrachia,Cephalopoda,Mollusca,4.8,3.0,3.0
Sepia officinalis,Sepia,Sepiidae,Sepiida,Decabrachia,Cephalopoda,Mollusca,3.8,3.0,3.0
Eledone cirrhosa,Eledone,Octopodidae,Octopoda,Octobrachia,Cephalopoda,Mollusca,4.7,2.0,3.0
Scyliorhinus canicula,Scyliorhinus,Scyliorhinidae,Carcharhiniformes,Euselachii ,Elasmobranchii,Chondrichthyes,6.4,3.0,3.0
Leucoraja naevus,Leucoraja,Rajidae,Rajiformes,Euselachii ,Elasmobranchii,Chondrichthyes,5.7,3.0,3.0
Chimaera monstrosa,Chimaera,Chimaeridae,Chimaeriformes,Holocephalimorpha,Holocephali,Chondrichthyes,3.9,3.0,3.0
Conger conger,Conger,Congridae,Anguilliformes,Elopomorpha,Teleostei,Osteichthyes,6.9,3.0,3.0
Serrivomer beanii,Serrivomer,Serrivomeridae,Anguilliformes,Elopomorpha,Teleostei,Osteichthyes,2.1,3.0,3.0
Sprattus sprattus,Sprattus,Clupeidae,Clupeiformes,Clupeomorpha,Teleostei,Osteichthyes,6.5,3.0,3.0
Sardina pilchardus,Sardina,Clupeidae,Clupeiformes,Clupeomorpha,Teleostei,Osteichthyes,8.7,3.0,2.0
Clupea harengus,Clupea,Clupeidae,Clupeiformes,Clupeomorpha,Teleostei,Osteichthyes,10.2,3.0,2.0
Engraulis encrasicolus,Engraulis,Engraulidae,Clupeiformes,Clupeomorpha,Teleostei,Osteichthyes,5.8,3.0,2.0
Xenodermichtys copei,Xenodermichtys,Alepocephalidae,Osmeriformes,Protacanthopterygii,Teleostei,Osteichthyes,2.2,3.0,3.0
Argentina sphyraena,Argentina,Argentinidae,Osmeriformes,Protacanthopterygii,Teleostei,Osteichthyes,6.1,3.0,3.0
Normichthys operosa,Normichthys,Platytroctidae ,Osmeriformes,Protacanthopterygii,Teleostei,Osteichthyes,2.6,3.0,3.0
Argyropelecus olfersii,Argyropelecus,Sternoptychidae,Stomiiformes,Stenopterygii,Teleostei,Osteichthyes,3.5,3.0,3.0
Maurolicus muelleri,Maurolicus,Gonostomatidae,Stomiiformes,Stenopterygii,Teleostei,Osteichthyes,4.2,3.0,3.0
Stomias boa-ferox,Stomias,Stomiidae,Stomiiformes,Stenopterygii,Teleostei,Osteichthyes,2.8,3.0,3.0
Arctozenus risso,Arctozenus,Paralepididae,Aulopiformes,Cyclosquamata,Teleostei,Osteichthyes,4.3,3.0,3.0
Lampanyctus crocodilus,Lampanyctus,Bathylagidae,Osmeriformes,Protacanthopterygii,Teleostei,Osteichthyes,4.1,3.0,3.0
Benthosema glaciale,Benthosema,Myctophidae,Myctophiformes,Scopelomorpha,Teleostei,Osteichthyes,5.9,3.0,3.0
Notoscopelus kroyeri,Notoscopelus,Myctophidae,Myctophiformes,Scopelomorpha,Teleostei,Osteichthyes,7.9,3.0,3.0
Lobianchia gemellari,Lobianchia,Myctophidae,Myctophiformes,Scopelomorpha,Teleostei,Osteichthyes,8.6,3.0,3.0
Caelorinchus coelorinchus,Caelorinchus,Macrouridae,Gadiformes,Paracanthopterygii,Teleostei,Osteichthyes,5.1,3.0,3.0
Merlangius merlangus,Merlangius,Gadidae,Gadiformes,Paracanthopterygii,Teleostei,Osteichthyes,3.9,3.0,3.0
Pollachius pollachius,Pollachius,Gadinae,Gadiformes,Paracanthopterygii,Teleostei,Osteichthyes,4.2,3.0,3.0
Micromesistius poutassou,Micromesistius,Gadidae,Gadiformes,Paracanthopterygii,Teleostei,Osteichthyes,4.4,3.0,3.0
Trisopterus luscus,Trisopterus,Gadidae,Gadiformes,Paracanthopterygii,Teleostei,Osteichthyes,4.7,3.0,3.0
Gadiculus argenteus,Gadiculus,Gadidae,Gadiformes,Paracanthopterygii,Teleostei,Osteichthyes,5.0,3.0,3.0
Trisopterus minutus,Trisopterus,Gadidae,Gadiformes,Paracanthopterygii,Teleostei,Osteichthyes,5.1,3.0,3.0
Gaidropsarus spp.,Gaidropsarus,Gadidae,Gadiformes,Paracanthopterygii,Teleostei,Osteichthyes,5.5,3.0,3.0
Phycis blennoides,Phycis,Gadidae,Gadiformes,Paracanthopterygii,Teleostei,Osteichthyes,5.0,3.0,3.0
Merluccius merluccius,Merluccius,Merlucciidae,Gadiformes,Paracanthopterygii,Teleostei,Osteichthyes,3.7,3.0,3.0
Atherina presbyter,Atherina,Atherinidae,Atheriniformes,Acanthopterygii,Teleostei,Osteichthyes,7.3,3.0,3.0
Belone belone,Belone,Belonidae,Beloniformes,Acanthopterygii,Teleostei,Osteichthyes,6.2,3.0,3.0
Scomberesox saurus,Scomberesox,Scomberesocidae,Beloniformes,Acanthopterygii,Teleostei,Osteichthyes,5.8,3.0,3.0
Hoplostethus mediterraneus,Hoplostethus,Trachichthyidae,Beryciformes,Acanthopterygii,Teleostei,Osteichthyes,4.7,3.0,3.0
Capros aper,Capros,Caproidae,Zeiformes,Acanthopterygii,Teleostei,Osteichthyes,6.2,3.0,3.0
Entelurus aequoreus,Entelurus,Syngnathidae,Gasterosteiformes,Acanthopterygii,Teleostei,Osteichthyes,4.7,3.0,3.0
Helicolenus dactylopterus,Helicolenus,Scorpaenidae,Scorpaeniformes,Acanthopterygii,Teleostei,Osteichthyes,9.2,3.0,3.0
Scorpaena loppei,Scorpaena,Scorpaenidae,Scorpaeniformes,Acanthopterygii,Teleostei,Osteichthyes,5.1,3.0,3.0
Chelidonichthys cuculus,Chelidonichthys,Triglidae,Scorpaeniformes,Acanthopterygii,Teleostei,Osteichthyes,8.2,3.0,3.0
Dicentrarchus labrax,Dicentrarchus,Moronidae,Perciformes,Acanthopterygii,Teleostei,Osteichthyes,6.0,3.0,3.0
Trachurus trachurus,Trachurus,Carangidae,Perciformes,Acanthopterygii,Teleostei,Osteichthyes,6.0,3.0,3.0
Spondyliosoma cantharus,Spondyliosoma,Sparidae,Perciformes,Acanthopterygii,Teleostei,Osteichthyes,6.9,3.0,3.0
Boops boops,Boops,Sparidae,Perciformes,Acanthopterygii,Teleostei,Osteichthyes,8.0,3.0,3.0
Pagellus acarne,Pagellus,Sparidae,Perciformes,Acanthopterygii,Teleostei,Osteichthyes,9.4,3.0,3.0
Mullus surmuletus,Mullus,Mullidae,Perciformes,Acanthopterygii,Teleostei,Osteichthyes,6.4,3.0,3.0
Cepola macrophthalma,Cepola,Cepolidae ,Perciformes,Acanthopterygii,Teleostei,Osteichthyes,3.9,3.0,3.0
Liza ramada,Liza,Mugilidae,Perciformes,Acanthopterygii,Teleostei,Osteichthyes,6.5,3.0,3.0
Labrus bergylta,Labrus,Labridae,Perciformes,Acanthopterygii,Teleostei,Osteichthyes,5.4,3.0,3.0
Hyperoplus lanceolatus,Hyperoplus,Ammodytidae,Perciformes,Acanthopterygii,Teleostei,Osteichthyes,4.8,3.0,3.0
Ammodytes tobianus,Ammodytes,Ammodytidae,Perciformes,Acanthopterygii,Teleostei,Osteichthyes,5.8,3.0,3.0
Trachinus draco,Trachinus,Trachinidae,Perciformes,Acanthopterygii,Teleostei,Osteichthyes,5.3,3.0,3.0
Paralipophrys trigloides,Paralipophrys,Blenniidae,Perciformes,Acanthopterygii,Teleostei,Osteichthyes,5.5,3.0,3.0
Callionymus lyra,Callionymus,Callionymidae,Perciformes,Acanthopterygii,Teleostei,Osteichthyes,5.2,3.0,3.0
Lesueurigobius friesii,Lesueurigobius,Gobiidae,Perciformes,Acanthopterygii,Teleostei,Osteichthyes,5.6,3.0,3.0
Scomber scombrus,Scomber,Scombridae,Perciformes,Acanthopterygii,Teleostei,Osteichthyes,7.9,3.0,3.0
Lepidorhombus whiffiagonis,Lepidorhombus,Scophthalmidae,Pleuronectiformes,Acanthopterygii,Teleostei,Osteichthyes,6.1,2.0,3.0
Arnoglossus imperialis,Arnoglossus,Bothidae,Pleuronectiformes,Acanthopterygii,Teleostei,Osteichthyes,5.4,2.0,3.0
Glyptocephalus cynoglossus,Glyptocephalus,Pleuronectidae,Pleuronectiformes,Acanthopterygii,Teleostei,Osteichthyes,5.6,3.0,3.0
Microstomus kitt,Microstomus,Pleuronectidae,Pleuronectiformes,Acanthopterygii,Teleostei,Osteichthyes,5.8,2.0,3.0
Pleuronectes platessa,Pleuronectes,Pleuronectidae,Pleuronectiformes,Acanthopterygii,Teleostei,Osteichthyes,5.8,2.0,3.0
Solea solea,Solea,Soleidae,Pleuronectiformes,Acanthopterygii,Teleostei,Osteichthyes,5.0,2.0,3.0
Dicologlossa cuneata,Dicologlossa,Soleidae,Pleuronectiformes,Acanthopterygii,Teleostei,Osteichthyes,6.5,2.0,3.0
Tawera gayi,Tawera,Veneridae,Veneroida,Heterodonta,Bivalvia,Mollusca,,0.0,1.0
Tawera gayi,Tawera,Veneridae,Veneroida,Heterodonta,Bivalvia,Mollusca,,0.0,1.0
Eurhomalea exalbida,Eurhomalea,Veneridae,Veneroida,Heterodonta,Bivalvia,Mollusca,,0.0,1.0
Callinectes sapidus,Callinectes,Portunidae,Brachyura,Decapoda,Malacostraca,Crustacea,,1.0,3.0
Portunus pelagicus,Portunus,Portunidae,Brachyura,Decapoda,Malacostraca,Crustacea,,2.0,3.0
Scomberomorus guttatus,Scomberomorus,Scombridae,Perciformes,Acanthopterygii,Teleostei,Osteichthyes,,3.0,3.0
Scomberomorus commersoni,Scomberomorus,Scombridae,Perciformes,Acanthopterygii,Teleostei,Osteichthyes,,3.0,3.0
Otolithes argenteus,Otolithes,Sciaenidae,Perciformes,Acanthopterygii,Teleostei,Osteichthyes,,3.0,3.0
Eleutheronema tetradactylum,Eleutheronema,Polynemidae,Perciformes,Acanthopterygii,Teleostei,Osteichthyes,,3.0,3.0
Pomadasys argenteus,Pomadasys,Haemulidae,Perciformes,Acanthopterygii,Teleostei,Osteichthyes,,3.0,3.0
Pampus argenteus,Pampus,Stromateidae,Perciformes,Acanthopterygii,Teleostei,Osteichthyes,,3.0,3.0
Liza macrolepis,Liza,Mugilidae,Perciformes,Acanthopterygii,Teleostei,Osteichthyes,,3.0,3.0
Acanthopagrus latus,Acanthopagrus,Sparidae,Perciformes,Acanthopterygii,Teleostei,Osteichthyes,,3.0,3.0
Lutjanus coccineus,Lutjanus,Lutjaninae,Perciformes,Acanthopterygii,Teleostei,Osteichthyes,,3.0,3.0
Epinephelus tauvina,Epinephelus,Serranidae,Perciformes,Acanthopterygii,Teleostei,Osteichthyes,,3.0,3.0
Crassostrea virginica,Crassostrea,Ostreidae,Ostreoida,Pteriomorphia,Bivalvia,Mollusca,,3.0,1.0
Crassostrea virginica,Crassostrea,Ostreidae,Ostreoida,Pteriomorphia,Bivalvia,Mollusca,,3.0,1.0
Pecten maximus,Pecten,Pectinidae,Ostreoida,Pteriomorphia,Bivalvia,Mollusca,,2.0,1.0
Lima hians,Lima,Limidae,Limoida,Pteriomorphia,Bivalvia,Mollusca,2.38572,0.0,1.0
Actinostolidae,Taxon > Genus,Actinostolidae,Actiniaria,Hexacorallia,Anthozoa,Cnidaria,,0.0,3.0
Stomphia sp.,Stomphia,Actinostolidae,Actiniaria,Hexacorallia,Anthozoa,Cnidaria,,0.0,3.0
Actiniidae,Taxon > Genus,Actiniidae,Actiniaria,Hexacorallia,Anthozoa,Cnidaria,,0.0,3.0
Gersemia rubiformis,Gersemia,Nephtheidae ,Alcyonacea,Alcyonaria,Anthozoa,Cnidaria,,0.0,3.0
Serripes groenlandicus,Serripes,Cardiidae,Veneroida,Heterodonta,Bivalvia,Mollusca,,0.0,1.0
Ennucula tenuis,Ennucula,Nuculidae,Nuculoida,Protobranchia,Bivalvia,Mollusca,,0.0,1.0
Macoma calcarea,Macoma,Tellinidae,Veneroida,Heterodonta,Bivalvia,Mollusca,,0.0,1.0
Macoma moesta,Macoma,Tellinidae,Veneroida,Heterodonta,Bivalvia,Mollusca,,0.0,1.0
Natica clausa,Natica,Naticidae,Neotaenioglossa,Neotaenioglossa,Gastropoda,Mollusca,,1.0,3.0
Neptunea ventricosa,Neptunea,Buccinidae,Neogastropoda,Prosobranchia,Gastropoda,Mollusca,,1.0,3.0
Buccinum elatior,Buccinum,Buccinidae,Neogastropoda,Prosobranchia,Gastropoda,Mollusca,,1.0,3.0
Colus sp.,Colus,Buccinidae,Neogastropoda,Prosobranchia,Gastropoda,Mollusca,,1.0,3.0
Cistenides hyperborea,Cistenides,Pectinariidae,Terebellida,Canalipalpata,Polychaeta,Annelida,,0.0,2.0
Nephtyidae,Taxon > Genus,Nephtyidae,Phyllodocida,Aciculata,Polychaeta,Annelida,,1.0,2.0
Ampelisca macrocephala,Ampelisca,Ampeliscidae,Gammaridea,Amphipoda,Malacostraca,Crustacea,,1.0,2.0
Byblis gaimardi,Byblis,Ampeliscidae,Gammaridea,Amphipoda,Malacostraca,Crustacea,,1.0,2.0
Argis lar,Argis,Crangonidae,Caridea,Decapoda,Malacostraca,Crustacea,,2.0,3.0
Sclerocrangon sp.,Sclerocrangon,Crangonidae,Caridea,Decapoda,Malacostraca,Crustacea,,2.0,3.0
Chionoecetes opilio,Chionoecetes,Majidae,Brachyura,Decapoda,Malacostraca,Crustacea,,1.0,3.0
Hyas coarctatus,Hyas,Majidae,Brachyura,Decapoda,Malacostraca,Crustacea,,1.0,3.0
Pagurus rathbuni,Pagurus,Paguridae,Anomura,Decapoda,Malacostraca,Crustacea,,1.0,2.0
Ctenodiscus crispatus,Ctenodiscus,Porcellanasteridae,Paxillosida,Asteroidea,Asteroidea,Echinodermata,,1.0,3.0
Ophiura sarsi,Ophiura,Ophiuridae,Ophiurida,Ophiuroidea,Ophiuroidea,Echinodermata,,1.0,2.0
Dissostichus mawsonia,Dissostichus,Nototheniidae,Perciformes,Acanthopterygii,Teleostei,Osteichthyes,9.4,3.0,3.0
Lepidonotothen squamifrons,Lepidonotothen,Nototheniidae,Perciformes,Acanthopterygii,Teleostei,Osteichthyes,4.0,3.0,3.0
Pagothenia borchgrevinki,Pagothenia,Nototheniidae,Perciformes,Acanthopterygii,Teleostei,Osteichthyes,5.6,3.0,3.0
Pagothenia borchgrevinki,Pagothenia,Nototheniidae,Perciformes,Acanthopterygii,Teleostei,Osteichthyes,5.3,3.0,3.0
Pagothenia borchgrevinki,Pagothenia,Nototheniidae,Perciformes,Acanthopterygii,Teleostei,Osteichthyes,5.7,3.0,3.0
Pleuragramma antarcticum,Pleuragramma,Nototheniidae,Perciformes,Acanthopterygii,Teleostei,Osteichthyes,5.0,3.0,3.0
Trematomus bernacchii,Trematomus,Nototheniidae,Perciformes,Acanthopterygii,Teleostei,Osteichthyes,4.7,3.0,3.0
Trematomus bernacchii,Trematomus,Nototheniidae,Perciformes,Acanthopterygii,Teleostei,Osteichthyes,5.0,3.0,3.0
Trematomus bernacchii,Trematomus,Nototheniidae,Perciformes,Acanthopterygii,Teleostei,Osteichthyes,5.5,3.0,3.0
Trematomus eulepidotus ,Trematomus,Nototheniidae,Perciformes,Acanthopterygii,Teleostei,Osteichthyes,5.7,3.0,3.0
Trematomus hansoni,Trematomus,Nototheniidae,Perciformes,Acanthopterygii,Teleostei,Osteichthyes,5.4,3.0,3.0
Trematomus lepidorhinus,Trematomus,Nototheniidae,Perciformes,Acanthopterygii,Teleostei,Osteichthyes,7.7,3.0,3.0
Trematomus pennellii,Trematomus,Nototheniidae,Perciformes,Acanthopterygii,Teleostei,Osteichthyes,4.6,3.0,3.0
Trematomus scotti,Trematomus,Nototheniidae,Perciformes,Acanthopterygii,Teleostei,Osteichthyes,4.0,3.0,3.0
Electrona antarctica,Electrona,Bathylagidae,Osmeriformes,Protacanthopterygii,Teleostei,Osteichthyes,9.0,3.0,3.0
Electrona carlsbergi,Electrona,Bathylagidae,Osmeriformes,Protacanthopterygii,Teleostei,Osteichthyes,6.1,3.0,3.0
Gymnoscopelus braueri,Gymnoscopelus,Bathylagidae,Osmeriformes,Protacanthopterygii,Teleostei,Osteichthyes,9.3,3.0,3.0
Gymnoscopelus nicholsi,Gymnoscopelus,Bathylagidae,Osmeriformes,Protacanthopterygii,Teleostei,Osteichthyes,10.3,3.0,3.0
Bathylagus antarcticus,Bathylagus,Bathylagidae,Osmeriformes,Protacanthopterygii,Teleostei,Osteichthyes,2.9,3.0,3.0
Scomber scombrus,Scomber,Scombridae,Perciformes,Acanthopterygii,Teleostei,Osteichthyes,,3.0,3.0
Trachurus trachurus,Trachurus,Carangidae,Perciformes,Acanthopterygii,Teleostei,Osteichthyes,,3.0,3.0
Micropogonias furnieri,Micropogonias,Sciaenidae,Perciformes,Acanthopterygii,Teleostei,Osteichthyes,,3.0,3.0
Sardinella aurita,Sardinella,Clupeidae,Clupeiformes,Clupeomorpha,Teleostei,Osteichthyes,,3.0,3.0
Clarias gariepinus,Clarias,Clariidae,Siluriformes,Ostariophysi,Teleostei,Osteichthyes,,3.0,3.0
Crassostrea virginica,Crassostrea,Ostreidae,Ostreoida,Pteriomorphia,Bivalvia,Mollusca,,0.0,1.0
Crassostrea rhizophorae,Crassostrea,Ostreidae,Ostreoida,Pteriomorphia,Bivalvia,Mollusca,,0.0,1.0
Ostrea edulis,Ostrea,Ostreidae,Ostreoida,Pteriomorphia,Bivalvia,Mollusca,,0.0,1.0
Ostrea edulis,Ostrea,Ostreidae,Ostreoida,Pteriomorphia,Bivalvia,Mollusca,,0.0,1.0
Crassostrea angulata,Crassostrea,Ostreidae,Ostreoida,Pteriomorphia,Bivalvia,Mollusca,,0.0,1.0
Crassostrea angulata,Crassostrea,Ostreidae,Ostreoida,Pteriomorphia,Bivalvia,Mollusca,,0.0,1.0
Venus gallina,Venus,Veneridae,Veneroida,Heterodonta,Bivalvia,Mollusca,,0.0,1.0
Cambarus bartonii,Cambarus,Cambaridae,Stenopodidea,Decapoda,Malacostraca,Crustacea,,3.0,3.0
Baetis sp.,Baetis,Baetidae,Pisciforma,Ephemeroptera,Pterygota,Insecta,,1.0,1.0
Serratella sp.,Serratella,Ephemerellidae,Furcatergalia,Ephemeroptera,Pterygota,Insecta,,3.0,1.0
Ephemera sp.,Ephemera,Ephemeridae,Furcatergalia,Ephemeroptera,Pterygota,Insecta,,3.0,1.0
Epeorus dispar,Epeorus,Heptageniidae,Setisura,Ephemeroptera,Pterygota,Insecta,,1.0,1.0
Epeorus pleuralis,Epeorus,Heptageniidae,Setisura,Ephemeroptera,Pterygota,Insecta,,1.0,1.0
Leucrocuta sp.,Leucrocuta,Heptageniidae,Setisura,Ephemeroptera,Pterygota,Insecta,,1.0,1.0
Nixe sp.,Nixe,Heptageniidae,Setisura,Ephemeroptera,Pterygota,Insecta,,1.0,1.0
Stenacron carolina,Stenacron,Heptageniidae,Setisura,Ephemeroptera,Pterygota,Insecta,,1.0,1.0
Stenacron meririvulanum,Stenacron,Heptageniidae,Setisura,Ephemeroptera,Pterygota,Insecta,,1.0,1.0
Habrophlebia vibrans,Habrophlebia,Leptophlebiidae,Furcatergalia,Ephemeroptera,Pterygota,Insecta,,1.0,1.0
Paraleptophlebia sp.,Paraleptophlebia,Leptophlebiidae,Furcatergalia,Ephemeroptera,Pterygota,Insecta,,1.0,1.0
Siphlonisca aerodromia,Siphlonisca,Siphlonuridae,Pisciforma,Ephemeroptera,Pterygota,Insecta,,1.0,1.0
Siphlonurus sp.,Siphlonurus,Siphlonuridae,Pisciforma,Ephemeroptera,Pterygota,Insecta,,1.0,1.0
Allocapnia sp.,Allocapnia,Capniidae,Euholognatha,Plecoptera,Pterygota,Insecta,,1.0,2.0
Sweltsa sp.,Sweltsa,Chloroperlidae,Systellognatha,Plecoptera,Pterygota,Insecta,,1.0,2.0
Leuctra sp.,Leuctra,Leuctridae,Euholognatha,Plecoptera,Pterygota,Insecta,,1.0,2.0
Amphinemura sp.,Amphinemura,Nemouridae,Euholognatha,Plecoptera,Pterygota,Insecta,,1.0,2.0
Tallaperla sp.,Tallaperla,Peltoperlidae,Systellognatha,Plecoptera,Pterygota,Insecta,,1.0,2.0
Beloneuria georgiana,Beloneuria,Perlidae,Systellognatha,Plecoptera,Pterygota,Insecta,,1.0,2.0
Isoperla sp.,Isoperla,Perlodidae,Systellognatha,Plecoptera,Pterygota,Insecta,,1.0,2.0
Malirekus hastatus,Malirekus,Perlodidae,Systellognatha,Plecoptera,Pterygota,Insecta,,1.0,2.0
Pteronarcys scotti,Pteronarcys,Pteronarcyidae,Systellognatha,Plecoptera,Pterygota,Insecta,,1.0,2.0
Strophopteryx limata,Strophopteryx,Taeniopterygidae,Euholognatha,Plecoptera,Pterygota,Insecta,,1.0,2.0
Brachycentrus etowahensis,Brachycentrus,Brachycentridae,Limnephiloidea,Trichoptera,Pterygota,Insecta,,1.0,1.0
Micrasema sp.,Micrasema,Brachycentridae,Limnephiloidea,Trichoptera,Pterygota,Insecta,,1.0,1.0
Glossosoma sp.,Glossosoma,Glossosomatidae,Glossosomatoidea,Trichoptera,Pterygota,Insecta,,1.0,1.0
Helicopsyche sp.,Helicopsyche,Helicopsychidae,Sericostomatoidea ,Trichoptera,Pterygota,Insecta,,1.0,1.0
Hydropsyche sparna,Hydropsyche,Hydropsychidae,Hydropsychoidea,Trichoptera,Pterygota,Insecta,,1.0,1.0
Limnephilus sp.,Limnephilus,Lepidostomatidae,Limnephiloidea,Trichoptera,Pterygota,Insecta,,1.0,1.0
Psilotreta sp.,Psilotreta,Odontoceridae,Leptoceroidea,Trichoptera,Pterygota,Insecta,,1.0,1.0
Chimarra sp.,Chimarra,Philopotamidae,Philopotamoidea,Trichoptera,Pterygota,Insecta,,1.0,1.0
Petrophila sp.,Petrophila,Crambidae,Pyraloidea,Lepidoptera,Pterygota,Insecta,,1.0,1.0
Galerucella nymphaeae,Galerucella,Chrysomelidae,Chrysomeloidea,Coleoptera,Pterygota,Insecta,,2.0,1.0
Optioservus sp.,Optioservus,Elmidae,Byrrhoidea,Coleoptera,Pterygota,Insecta,,2.0,3.0
Psephenus sp.,Psephenus,Psephenidae,Byrrhoidea,Coleoptera,Pterygota,Insecta,,2.0,3.0
Anchytarsus bicolor,Anchytarsus,Ptilodactylidae,Byrrhoidea,Coleoptera,Pterygota,Insecta,,2.0,3.0
Atherix sp.,Atherix,Athericidae,Brachycera,Diptera,Pterygota,Insecta,,1.0,2.0
Blepharicea sp.,Blepharicea,Blephariceridae,Nematocera,Diptera,Pterygota,Insecta,,1.0,2.0
Empididae,Taxon > Genus,Empididae,Brachycera,Diptera,Pterygota,Insecta,,1.0,2.0
Sciaridae,Taxon > Genus,Sciaridae,Nematocera,Diptera,Pterygota,Insecta,,1.0,2.0
Simulium sp.,Simulium,Simuliidae,Nematocera,Diptera,Pterygota,Insecta,,1.0,1.0
Dicranota sp.,Dicranota,Tipulidae,Nematocera,Diptera,Pterygota,Insecta,,1.0,1.0
Hexatoma sp.,Hexatoma,Tipulidae,Nematocera,Diptera,Pterygota,Insecta,,1.0,1.0
Lipsothrix sp.,Lipsothrix,Tipulidae,Nematocera,Diptera,Pterygota,Insecta,,1.0,1.0
Molophilus sp.,Molophilus,Tipulidae,Nematocera,Diptera,Pterygota,Insecta,,1.0,1.0
Pedicia sp.,Pedicia,Tipulidae,Nematocera,Diptera,Pterygota,Insecta,,1.0,1.0
Pilaria sp.,Pilaria,Tipulidae,Nematocera,Diptera,Pterygota,Insecta,,1.0,1.0
Tipula sp.,Tipula,Tipulidae,Nematocera,Diptera,Pterygota,Insecta,,1.0,1.0
Calanus hyperboreus,Calanus,Calanidae,Calanoida,Gymnoplea,Copepoda,Crustacea,,3.0,2.0
Calanus glacialis,Calanus,Calanidae,Calanoida,Gymnoplea,Copepoda,Crustacea,,3.0,1.0
Metridia longa,Metridia,Metridinidae,Calanoida,Gymnoplea,Copepoda,Crustacea,,3.0,2.0
Acanthostepheia malmgreni,Acanthostepheia,Oedicerotidae,Gammaridea,Amphipoda,Malacostraca,Crustacea,,2.0,2.0
Anonyx sp.,Anonyx,Lysianassidae,Gammaridea,Amphipoda,Malacostraca,Crustacea,,2.0,2.0
Arrhis phyllonyx,Arrhis,Oedicerotidae,Gammaridea,Amphipoda,Malacostraca,Crustacea,,2.0,2.0
Epimeria loricata,Epimeria,Epimeriidae,Gammaridea,Amphipoda,Malacostraca,Crustacea,,2.0,2.0
Eusirus cuspidatus,Eusirus,Eusiridae,Gammaridea,Amphipoda,Malacostraca,Crustacea,,2.0,2.0
Halirages sp.,Halirages,Calliopiidae,Gammaridea,Amphipoda,Malacostraca,Crustacea,,2.0,2.0
Hippomedon sp.,Hippomedon,Lysianassidae,Gammaridea,Amphipoda,Malacostraca,Crustacea,,2.0,2.0
Melita formosa,Melita,Melitidae,Gammaridea,Amphipoda,Malacostraca,Crustacea,,2.0,2.0
Rhachotropis sp.,Rhachotropis,Eusiridae,Gammaridea,Amphipoda,Malacostraca,Crustacea,,2.0,2.0
Syrrhoe sp.,Syrrhoe,Synopiidae,Gammaridea,Amphipoda,Malacostraca,Crustacea,,2.0,2.0
Tmetonyx cicada,Tmetonyx,Lysianassidae,Gammaridea,Amphipoda,Malacostraca,Crustacea,,2.0,2.0
Boreomysis arctica,Boreomysis,Mysidae,Mysida,Mysida,Malacostraca,Crustacea,,3.0,3.0
Erythrops sp.,Erythrops,Mysidae,Mysida,Mysida,Malacostraca,Crustacea,,3.0,3.0
Michthyops theeli,Michthyops,Mysidae,Mysida,Mysida,Malacostraca,Crustacea,,3.0,3.0
Mysis litoralis,Mysis,Mysidae,Mysida,Mysida,Malacostraca,Crustacea,,3.0,3.0
Pseudomma frigidum,Pseudomma,Mysidae,Mysida,Mysida,Malacostraca,Crustacea,,3.0,3.0
Bythocaris sp.,Bythocaris,Hippolytidae,Caridea,Decapoda,Malacostraca,Crustacea,,2.0,3.0
Eualus gaimardii,Eualus,Hippolytidae,Caridea,Decapoda,Malacostraca,Crustacea,,2.0,3.0
Sclerocrangon ferox,Sclerocrangon,Crangonidae,Caridea,Decapoda,Malacostraca,Crustacea,,2.0,3.0
Calanus hyperboreus,Calanus,Calanidae,Calanoida,Gymnoplea,Copepoda,Crustacea,,3.0,2.0
Thysanoessa raschi,Thyssanoessa,Euphausiidae,Euphausiacea,Euphausiacea,Malacostraca,Crustacea,,3.0,2.0
Eukrohnia hamata,Eukrohnia,Eukrohniidae,Phragmophora,Sagittoidea,Chaetognatha,Chaetognatha,,3.0,3.0
Parasagitta elegans,Parasagitta,Sagittidae,Aphragmophora,Sagittoidea,Chaetognatha,Chaetognatha,,3.0,3.0
Bembicium nanum,Bembicium,Littorinidae,Neotaenioglossa,Neotaenioglossa,Gastropoda,Mollusca,,1.0,1.0
Nerita atramentosa,Nerita,Neritidae,Neritopsina,Prosobranchia,Gastropoda,Mollusca,,1.0,1.0
Gobiomorphus cotidianus,Gobiomorphus,Eleotridae,Perciformes,Acanthopterygii,Teleostei,Osteichthyes,,3.0,3.0
Chironomidae,Taxon > Genus,Chironomidae,Nematocera,Diptera,Pterygota,Insecta,,2.0,2.0
Potamopyrgus antipodarum,Potamopyrgus,Hydrobiidae,Neotaenioglossa,Neotaenioglossa,Gastropoda,Mollusca,,1.0,1.0
Gyraulus corinna,Gyraulus,Planorbidae,Basommatophora,Basommatophora,Gastropoda,Mollusca,,1.0,1.0
Physa sp.,Physa,Physidae,Basommatophora,Basommatophora,Gastropoda,Mollusca,,1.0,1.0
Opisthonema oglinum,Opisthonema,Clupeidae,Clupeiformes,Clupeomorpha,Teleostei,Osteichthyes,,3.0,2.0
Portunus pelagicus,Portunus,Portunidae,Brachyura,Decapoda,Malacostraca,Crustacea,,2.0,3.0
Portunus pelagicus,Portunus,Portunidae,Brachyura,Decapoda,Malacostraca,Crustacea,,2.0,3.0
Thunnus alalunga,Thunnus,Scombridae,Perciformes,Acanthopterygii,Teleostei,Osteichthyes,,3.0,3.0
Morone saxatilis,Morone,Moronidae,Perciformes,Acanthopterygii,Teleostei,Osteichthyes,,3.0,3.0
Pomatomus saltatrix,Pomatomus,Pomatomidae,Perciformes,Acanthopterygii,Teleostei,Osteichthyes,,3.0,3.0
Gadus morhua,Gadus,Gadidae,Gadiformes,Paracanthopterygii,Teleostei,Osteichthyes,,3.0,3.0
Gadus macrocephalus,Gadus,Gadidae,Gadiformes,Paracanthopterygii,Teleostei,Osteichthyes,,3.0,3.0
Squalus acanthias,Squalus,Squalidae,Squaliformes,Euselachii ,Elasmobranchii,Chondrichthyes,,3.0,3.0
Sciaenops ocellatus,Sciaenops,Sciaenidae,Perciformes,Acanthopterygii,Teleostei,Osteichthyes,,3.0,3.0
Melanogrammus aeglefinus,Melanogrammus,Gadidae,Gadiformes,Paracanthopterygii,Teleostei,Osteichthyes,,3.0,3.0
Hippoglossus stenolepis,Hippoglossus,Pleuronectidae,Pleuronectiformes,Acanthopterygii,Teleostei,Osteichthyes,,3.0,3.0
Scomberomorus cavalla,Scomberomorus,Scombridae,Perciformes,Acanthopterygii,Teleostei,Osteichthyes,,3.0,3.0
Pollachius virens,Pollachius,Gadinae,Gadiformes,Paracanthopterygii,Teleostei,Osteichthyes,,3.0,3.0
Theragra chalcogramma,Theragra,Gadidae,Gadiformes,Paracanthopterygii,Teleostei,Osteichthyes,,3.0,3.0
Stenotomus caprinus,Stenotomus,Sparidae,Perciformes,Acanthopterygii,Teleostei,Osteichthyes,,3.0,3.0
Sebastes sp.,Sebastes,Scorpaenidae,Scorpaeniformes,Acanthopterygii,Teleostei,Osteichthyes,,3.0,3.0
Oncorhynchus kisutch,Oncorhynchus,Salmonidae,Salmoniformes,Protacanthopterygii,Teleostei,Osteichthyes,,3.0,3.0
Oncorhynchus nerka,Oncorhynchus,Salmonidae,Salmoniformes,Protacanthopterygii,Teleostei,Osteichthyes,,3.0,3.0
Cynoscion nobilis,Cynoscion,Sciaenidae,Perciformes,Acanthopterygii,Teleostei,Osteichthyes,,3.0,3.0
Cynoscion nebulosus,Cynoscion,Sciaenidae,Perciformes,Acanthopterygii,Teleostei,Osteichthyes,,3.0,3.0
Galeocerdo cuvieri,Galeocerdo,Carcharhinidae,Carcharhiniformes,Euselachii ,Elasmobranchii,Chondrichthyes,,3.0,3.0
Leiostomus xanthurus,Leiostomus,Sciaenidae,Perciformes,Acanthopterygii,Teleostei,Osteichthyes,,3.0,3.0
Xiphias gladius,Xiphias,Xiphiidae,Perciformes,Acanthopterygii,Teleostei,Osteichthyes,,3.0,3.0
Salmo gairdneri,Salmo,Salmonidae,Salmoniformes,Protacanthopterygii,Teleostei,Osteichthyes,,3.0,3.0
Thunnus thynnus,Thunnus,Scombridae,Perciformes,Acanthopterygii,Teleostei,Osteichthyes,,3.0,3.0
Thunnus albacares,Thunnus,Scombridae,Perciformes,Acanthopterygii,Teleostei,Osteichthyes,,3.0,3.0
Cynoscion regalis,Cynoscion,Sciaenidae,Perciformes,Acanthopterygii,Teleostei,Osteichthyes,,3.0,3.0
Albatrossia pectoralis,Albatrossia,Macrouridae,Gadiformes,Paracanthopterygii,Teleostei,Osteichthyes,,3.0,3.0
Alepocephalus tenobrosus,Alepocephalus,Alepocephalidae,Osmeriformes,Protacanthopterygii,Teleostei,Osteichthyes,,3.0,3.0
Anoplopoma fimbria ,Anoplopoma,Anoplopomatidae ,Scorpaeniformes,Acanthopterygii,Teleostei,Osteichthyes,,3.0,3.0
Antimora microlepis,Antimora,Moridae,Gadiformes,Paracanthopterygii,Teleostei,Osteichthyes,,3.0,3.0
Coryphaenoides acrolepis,Coryphaenoides,Macrouridae,Gadiformes,Paracanthopterygii,Teleostei,Osteichthyes,,3.0,3.0
Coryphaenoides armatus,Coryphaenoides,Macrouridae,Gadiformes,Paracanthopterygii,Teleostei,Osteichthyes,,3.0,3.0
Coryphaenoides armatus,Coryphaenoides,Macrouridae,Gadiformes,Paracanthopterygii,Teleostei,Osteichthyes,,3.0,3.0
Coryphaenoides armatus,Coryphaenoides,Macrouridae,Gadiformes,Paracanthopterygii,Teleostei,Osteichthyes,,3.0,3.0
Coryphaenoides cinereus,Coryphaenoides,Macrouridae,Gadiformes,Paracanthopterygii,Teleostei,Osteichthyes,,3.0,3.0
Coryphaenoides yaquinae,Coryphaenoides,Macrouridae,Gadiformes,Paracanthopterygii,Teleostei,Osteichthyes,,3.0,3.0
Embassichthyes bathybius,Embassichthyes,Pleuronectidae,Pleuronectiformes,Acanthopterygii,Teleostei,Osteichthyes,,2.0,3.0
Glyptocephalus zachirus,Glyptocephalus,Pleuronectidae,Pleuronectiformes,Acanthopterygii,Teleostei,Osteichthyes,,2.0,3.0
Merluccius productus,Merluccius,Merlucciidae,Gadiformes,Paracanthopterygii,Teleostei,Osteichthyes,,3.0,3.0
Microstomus pacificus,Microstomus,Pleuronectidae,Pleuronectiformes,Acanthopterygii,Teleostei,Osteichthyes,,2.0,3.0
Microstomus pacificus,Microstomus,Pleuronectidae,Pleuronectiformes,Acanthopterygii,Teleostei,Osteichthyes,,2.0,3.0
Pachycara sp.,Pachycara,Zoarcidae,Perciformes,Acanthopterygii,Teleostei,Osteichthyes,,3.0,3.0
Parophrys vetulus ,Parophrys,Pleuronectidae,Pleuronectiformes,Acanthopterygii,Teleostei,Osteichthyes,,2.0,3.0
Sebastes diploproa,Sebastes,Scorpaenidae,Scorpaeniformes,Acanthopterygii,Teleostei,Osteichthyes,,3.0,3.0
Sebastolobus alascanus,Sebastolobus,Scorpaenidae,Scorpaeniformes,Acanthopterygii,Teleostei,Osteichthyes,,3.0,3.0
Sebastolobus alascanus,Sebastolobus,Scorpaenidae,Scorpaeniformes,Acanthopterygii,Teleostei,Osteichthyes,,3.0,3.0
Sebastolobus altivelis,Sebastolobus,Scorpaenidae,Scorpaeniformes,Acanthopterygii,Teleostei,Osteichthyes,,3.0,3.0
Spectrunculus grandis,Spectrunculus,Ophidiidae,Ophidiiformes,Paracanthopterygii,Teleostei,Osteichthyes,,3.0,3.0
Lates niloticus,Lates,Latidae,Perciformes,Acanthopterygii,Teleostei,Osteichthyes,,3.0,3.0
Bagrus bayad,Bagrus,Bagridae,Siluriformes,Ostariophysi,Teleostei,Osteichthyes,,3.0,3.0
Oreochromis niloticus,Oreochromis,Chichlidae,Perciformes,Acanthopterygii,Teleostei,Osteichthyes,,3.0,3.0
Synodontis schall,Synodontis,Mochokidae,Siluriformes,Ostariophysi,Teleostei,Osteichthyes,,3.0,3.0
Tetraodon lineatus,Tetraodon,Tetraodontidae,Tetraodontiformes,Acanthopterygii,Teleostei,Osteichthyes,,3.0,3.0
Scomberoides lysan,Scomberoides,Carangidae,Perciformes,Acanthopterygii,Teleostei,Osteichthyes,,3.0,3.0
Scomberoides tol,Scomberoides,Carangidae,Perciformes,Acanthopterygii,Teleostei,Osteichthyes,,3.0,3.0
Scomberoides commercianus,Scomberoides,Carangidae,Perciformes,Acanthopterygii,Teleostei,Osteichthyes,,3.0,3.0
Scenedesmus obliquus,Scenedesmus,Scenedesmaceae,Chlorococcales,Chlorococcales,Chlorophyceae,Chlorophyta,,3.0,0.0
Scenedesmus quadricauda,Scenedesmus,Scenedesmaceae,Chlorococcales,Chlorococcales,Chlorophyceae,Chlorophyta,,3.0,0.0
Scenedesmus dimorphus,Scenedesmus,Scenedesmaceae,Chlorococcales,Chlorococcales,Chlorophyceae,Chlorophyta,,3.0,0.0
Chlamydomonas rheinhardii,Chlamydomonas,Chlamydomonadaceae,Volvocales,Volvocales,Chlorophyceae,Chlorophyta,,3.0,0.0
Chlorella vulgaris,Chlorella,Oocystaceae,Chlorococcales,Chlorococcales,Chlorophyceae,Chlorophyta,,3.0,0.0
Chlorella pyrenoidosa,Chlorella,Oocystaceae,Chlorococcales,Chlorococcales,Chlorophyceae,Chlorophyta,,3.0,0.0
Spirogyra sp.,Spirogyra,Zygnemataceae,Zygnematales,Zygnematales,Chlorophyceae,Chlorophyta,,3.0,0.0
Dunaliella bioculata,Dunaliella,Dunaliellaceae,Volvocales,Volvocales,Chlorophyceae,Chlorophyta,,3.0,0.0
Dunaliella salina,Dunaliella,Dunaliellaceae,Volvocales,Volvocales,Chlorophyceae,Chlorophyta,,3.0,0.0
Euglena gracilis,Euglena,Euglenaceae,Euglenales ,Euglenales ,Euglenophyceae,Euglenophycota ,,3.0,0.0
Prymnesium parvum,Prymnesium,Prymnesiaceae,Prymnesiales,Prymnesiales,Prymnesiophyceae,Haptophyta,,3.0,0.0
Tetraselmis maculata,Tetraselmis,Platymonadaceae,Pyramimonadales,Pyramimonadales,Prasinophyceae,Chlorophyta,,3.0,0.0
Porphyridium cruentum,Porphyridium,Porphyridiaceae,Porphyridiales,Bangiophyceae,Rhodophytina,Rhodophyta,,3.0,0.0
Spirulina platensis,Spirulina,Oscillatoriaceae,Nostocales,Nostocales,Cyanophyceae,Cyanophycota,,3.0,0.0
Spirulina maxima,Spirulina,Oscillatoriaceae,Nostocales,Nostocales,Cyanophyceae,Cyanophycota,,3.0,0.0
Synechococcus sp.,Synechococcus,Chroococcaceae,Chroococcales ,Chroococcales ,Cyanophyceae,Cyanophycota,,3.0,0.0
Anabaena cylindrica,Anabaena,Nostocaceae,Nostocales,Nostocales,Cyanophyceae,Cyanophycota,,3.0,0.0
Ruditapes decussatus,Ruditapes,Tapetinae,Veneroida,Heterodonta,Bivalvia,Mollusca,,0.0,1.0
Ruditapes philippinarum,Ruditapes,Tapetinae,Veneroida,Heterodonta,Bivalvia,Mollusca,,0.0,1.0
Tagelus peruvianus,Tagelus,Solecurtidae,Veneroida,Heterodonta,Bivalvia,Mollusca,,0.0,1.0
Unio terminalis,Unio,Unionidae,Unionoida,Palaeoheterodonta,Bivalvia,Mollusca,,0.0,1.0
Potamida littoralis,Potamida,Unionidae,Unionoida,Palaeoheterodonta,Bivalvia,Mollusca,,0.0,1.0
Hypnea pannosa,Hypnea,Hypneaceae,Gigartinales,Florideophycideae,Rhodophytina,Rhodophyta,,0.0,0.0
Ulva flexuosa,Ulva,Ulvaceae,Ulotrichales,Ulotrichales,Chlorophyceae,Chlorophyta,,0.0,0.0
Jania crassa,Jania,Corallinaceae,Cryptonemiales,Florideophycideae,Rhodophytina,Rhodophyta,,0.0,0.0
Padina australis,Padina,Dictyotaceae,Dictyonales,Dictyonales,Phaeophyceae,Phaeophyta,,0.0,0.0
Laurencia majuscula,Laurencia,Rhodomelaceae,Ceramiales,Florideophycideae,Rhodophytina,Rhodophyta,,0.0,0.0
Cystoseira trinodis,Cystoseira,Cystoseiraceae,Fucales,Fucales,Phaeophyceae,Phaeophyta,,0.0,0.0
Sargassum flavicans,Sargassum,Sargassaceae,Fucales,Fucales,Phaeophyceae,Phaeophyta,,0.0,0.0
Asparagopsis taxiformis,Asparagopsis,Bonnemaisoniaceae,Nemaliales,Florideophycideae,Rhodophytina,Rhodophyta,,0.0,0.0
Neomysis americana,Neomysis,Mysidae,Mysida,Mysida,Malacostraca,Crustacea,,2.0,3.0
Crangon septemspinosa,Crangon,Crangonidae,Caridea,Decapoda,Malacostraca,Crustacea,,2.0,3.0
Mactra violacea,Mactra,Mactridae,Veneroida,Heterodonta,Bivalvia,Mollusca,,1.0,3.0
Mactra violacea,Mactra,Mactridae,Veneroida,Heterodonta,Bivalvia,Mollusca,,1.0,3.0
Dorosoma cepedianum,Dorosoma,Clupeidae,Clupeiformes,Clupeomorpha,Teleostei,Osteichthyes,5.101514999999999,3.0,1.0
Dorosoma petenense,Dorosoma,Clupeidae,Clupeiformes,Clupeomorpha,Teleostei,Osteichthyes,5.45724,3.0,1.0
Dreissena polymorpha,Dreissena,Dreissenidae,Veneroida,Heterodonta,Bivalvia,Mollusca,,0.0,1.0
Musculium sp.,Musculium,Sphaeriidae,Veneroida,Heterodonta,Bivalvia,Mollusca,,0.0,1.0
Chironomidae,Taxon > Genus,Chironomidae,Nematocera,Diptera,Pterygota,Insecta,4.32729,2.0,2.0
Oligochaeta,Taxon > Genus,-,-,Oligochaeta,Clitellata,Annelida,3.3479999999999994,1.0,2.0
Corbicula sp.,Corbicula,Pisidiidae,Veneroida,Heterodonta,Bivalvia,Mollusca,,0.0,1.0
Pomacea sp.,Pomacea,Ampullariidae,Architaeniglossa,Prosobranchia,Gastropoda,Mollusca,,1.0,2.0
Aylacostoma sp.,Aylacostoma,Thiaridae,Neotaenioglossa,Neotaenioglossa,Gastropoda,Mollusca,,1.0,1.0
Corbicula fluminea,Corbicula,Pisidiidae,Veneroida,Heterodonta,Bivalvia,Mollusca,,0.0,1.0
Branchiura sowerbyi,Branchiura,Tubificidae,Haplotaxida,Oligochaeta,Clitellata,Annelida,,1.0,2.0
Chironomus sp.,Chironomidae,Chironomidae,Nematocera,Diptera,Pterygota,Insecta,,2.0,2.0
Loricariichthys platymetopon,Loricariichthys,Loricariidae,Siluriformes,Ostariophysi,Teleostei,Osteichthyes,,3.0,3.0
Chlamydomonas rheinhardii,Chlamydomonas,Chlamydomonadaceae,Volvocales,Volvocales,Chlorophyceae,Chlorophyta,,3.0,0.0
Stichococcus bacillaris,Stichococcus,Ulotrichaceae,Ulotrichales,Ulotrichales,Chlorophyceae,Chlorophyta,,3.0,0.0
Chlorella pyrenoidosa,Chlorella,Oocystaceae,Chlorococcales,Chlorococcales,Chlorophyceae,Chlorophyta,,3.0,0.0
Chlorella vulgaris,Chlorella,Oocystaceae,Chlorococcales,Chlorococcales,Chlorophyceae,Chlorophyta,,3.0,0.0
Scenedesmus obliquus,Scenedesmus,Scenedesmaceae,Chlorococcales,Chlorococcales,Chlorophyceae,Chlorophyta,,3.0,0.0
Scenedesmus brasiliensis,Scenedesmus,Scenedesmaceae,Chlorococcales,Chlorococcales,Chlorophyceae,Chlorophyta,,3.0,0.0
Anabaena solitaria,Anabaena,Nostocaceae,Nostocales,Nostocales,Cyanophyceae,Cyanophycota,,0.0,0.0
Potamogeton sp.,Potamogeton,Potamogetonaceae,Najadales,Alismatidae,Magnoliopsida,Tracheophyta,,0.0,0.0
Elodea canadensis,Elodea,Hydrocharitaceae,Hydrocharitales,Alismatidae,Magnoliopsida,Tracheophyta,,0.0,0.0
Potamogeton sp.,Potamogeton,Potamogetonaceae,Najadales,Alismatidae,Magnoliopsida,Tracheophyta,,0.0,0.0
Sagittaria sagittifolia,Sagittaria,Alismataceae,Alismatales,Alismatidae,Magnoliopsida,Tracheophyta,,0.0,0.0
Najas flexilis,Najas,Najadaceae,Najadales,Alismatidae,Magnoliopsida,Tracheophyta,,0.0,0.0
Elodea canadensis,Elodea,Hydrocharitaceae,Hydrocharitales,Alismatidae,Magnoliopsida,Tracheophyta,,0.0,0.0
Vallisneria spiralis,Vallisneria,Hydrocharitaceae,Hydrocharitales,Alismatidae,Magnoliopsida,Tracheophyta,,0.0,0.0
Spartina alterniflora,Spartina,Poaceae,Cyperales,Commelinidae,Magnoliopsida,Tracheophyta,,0.0,0.0
Spartina patens,Spartina,Poaceae,Cyperales,Commelinidae,Magnoliopsida,Tracheophyta,,0.0,0.0
Spartina maritima,Spartina,Poaceae,Cyperales,Commelinidae,Magnoliopsida,Tracheophyta,,0.0,0.0
Spartina cynoeuroides,Spartina,Poaceae,Cyperales,Commelinidae,Magnoliopsida,Tracheophyta,,0.0,0.0
Spartina sp.,Spartina,Poaceae,Cyperales,Commelinidae,Magnoliopsida,Tracheophyta,,0.0,0.0
Spartina sp.,Spartina,Poaceae,Cyperales,Commelinidae,Magnoliopsida,Tracheophyta,,0.0,0.0
Phragmites communis,Phragmites,Poaceae,Cyperales,Commelinidae,Magnoliopsida,Tracheophyta,,0.0,0.0
Glyceria maxima,Glyceria,Poaceae,Cyperales,Commelinidae,Magnoliopsida,Tracheophyta,,0.0,0.0
Carex hudsoni,Carex,Cyperaceae,Cyperales,Commelinidae,Magnoliopsida,Tracheophyta,,0.0,0.0
Scirpus lacustris,Scirpus,Cyperaceae,Cyperales,Commelinidae,Magnoliopsida,Tracheophyta,,0.0,0.0
Acorus calamus,Acorus,Acoraceae,Arales,Arecidae,Magnoliopsida,Tracheophyta,,0.0,0.0
Lemna sp.,Lemna,Lemnaceae,Arales,Arecidae,Magnoliopsida,Tracheophyta,,0.0,0.0
Heteranthera dubia,Heteranthera,Pontederiaceae,Liliales,Liliidae,Magnoliopsida,Tracheophyta,,0.0,0.0
Polygonum amphibium,Polygonum,Polygonaceae,Polygonales,Caryophyllidae,Magnoliopsida,Tracheophyta,,0.0,0.0
Ceratophyllum demersum,Ceratophyllum,Ceratophyllaceae,Nymphaeales,Magnoliidae,Magnoliopsida,Tracheophyta,,0.0,0.0
Nymphaea sp.,Nymphaea,Nymphaeaceae,Nymphaeales,Magnoliidae,Magnoliopsida,Tracheophyta,,0.0,0.0
Myriophyllum sp.,Myriophyllum,Haloragaceae,Haloragales,Rosidae,Magnoliopsida,Tracheophyta,,0.0,0.0
Ceratophyllum demersum,Ceratophyllum,Ceratophyllaceae,Nymphaeales,Magnoliidae,Magnoliopsida,Tracheophyta,,0.0,0.0
Nuphar sp.,Nuphar,Nymphaeaceae,Nymphaeales,Magnoliidae,Magnoliopsida,Tracheophyta,,0.0,0.0
Decadon verticillatus,Decadon,Lythraceae,Myrtales,Rosidae,Magnoliopsida,Tracheophyta,,0.0,0.0
Myriophyllum exalbescens,Myriophyllum,Haloragaceae,Haloragales,Rosidae,Magnoliopsida,Tracheophyta,,0.0,0.0
Myriophyllum exalbescens,Myriophyllum,Haloragaceae,Haloragales,Rosidae,Magnoliopsida,Tracheophyta,,0.0,0.0
Phagocata gracilis,Phagocata,Planariidae,Tricladida,Archoophora,Turbellaria,Plathelminthes,5.566049999999999,1.0,3.0
Phagocata gracilis,Phagocata,Planariidae,Tricladida,Archoophora,Turbellaria,Plathelminthes,,1.0,3.0
Navanax inermis,Navanax,Aglajidae,Cephalaspidea,Opisthobranchia,Gastropoda,Mollusca,3.862755,1.0,3.0
Modiolus modiolus,Modiolus,Mytilidae,Mytiloida,Pteriomorphia,Bivalvia,Mollusca,,0.0,1.0
Sphaerium sp.,Sphaerium,Pisidiidae,Veneroida,Heterodonta,Bivalvia,Mollusca,,0.0,1.0
Ensis minor,Ensis,Pharidae,Veneroida,Heterodonta,Bivalvia,Mollusca,,0.0,1.0
Sthenelais articulata,Sthenelais,Sigalionidae,Phyllodocida,Aciculata,Polychaeta,Annelida,,1.0,3.0
Musculium sp.,Musculium,Sphaeriidae,Veneroida,Heterodonta,Bivalvia,Mollusca,,0.0,1.0
Phascolion strombi,Phascolion,Golfingiidae,Sipuncula,Sipuncula,Sipuncula,Sipuncula,,1.0,2.0
Limnodrilus hoffmeisteri,Limnodrilus,Tubificidae,Haplotaxida,Oligochaeta,Clitellata,Annelida,3.1806,1.0,2.0
Limnodrilus sp.,Limnodrilus,Tubificidae,Haplotaxida,Oligochaeta,Clitellata,Annelida,,1.0,2.0
Mooreobdella microstoma,Mooreobdella,Erpobdellidae,Arhynchobdellida,Hirudinea,Clitellata,Annelida,,2.0,3.0
Leptodora kindtii,Leptodora,Leptodoridae,Cladocera,Phyllopoda,Branchiopoda,Crustacea,,3.0,1.0
Leptodora kindtii,Leptodora,Leptodoridae,Cladocera,Phyllopoda,Branchiopoda,Crustacea,,3.0,1.0
Calanus hyperboreus,Calanus,Calanidae,Calanoida,Gymnoplea,Copepoda,Crustacea,,3.0,1.0
Calanus finmarchicus,Calanus,Calanidae,Calanoida,Gymnoplea,Copepoda,Crustacea,,3.0,1.0
Elminius modestus,Elminius,Balanidae,Balanomorpha,Thoracica,Cirripedia,Crustacea,,3.0,1.0
Dorosoma cepedianum,Dorosoma,Clupeidae,Clupeiformes,Clupeomorpha,Teleostei,Osteichthyes,6.73761564,3.0,1.0
Dorosoma petenense,Dorosoma,Clupeidae,Clupeiformes,Clupeomorpha,Teleostei,Osteichthyes,5.53570038,3.0,1.0
Ictalurus furcatus,Ictalurus,Ictaluridae,Siluriformes,Ostariophysi,Teleostei,Osteichthyes,5.204549699999999,3.0,3.0
Pylodictis olivaris,Pylodictis,Ictaluridae,Siluriformes,Ostariophysi,Teleostei,Osteichthyes,4.550873625,3.0,3.0
Labidesthes sicculus,Labidesthes,Atherinopsidae,Atheriniformes,Acanthopterygii,Teleostei,Osteichthyes,5.219615699999999,3.0,3.0
Aplodinotus grunniens,Aplodinotus,Sciaenidae,Perciformes,Acanthopterygii,Teleostei,Osteichthyes,5.403115395,3.0,3.0
Morone chrysops,Morone,Moronidae,Perciformes,Acanthopterygii,Teleostei,Osteichthyes,5.45431887,3.0,3.0
Lepomis macrochirus,Lepomis,Centrarchidae,Perciformes,Acanthopterygii,Teleostei,Osteichthyes,5.38373466,3.0,3.0
Procambarus sp.,Procambarus,Cambaridae,Stenopodidea,Decapoda,Malacostraca,Crustacea,3.6024187049999994,3.0,3.0
Macrobrachium ohioni,Macrobrachium,Palaemonidae,Caridea,Decapoda,Malacostraca,Crustacea,5.71932981,3.0,3.0
Hyalella azteca,Hyalella,Hyalellidae,Gammaridea,Amphipoda,Malacostraca,Crustacea,,1.0,2.0
Hyalella azteca,Hyalella,Hyalellidae,Gammaridea,Amphipoda,Malacostraca,Crustacea,,1.0,2.0
Crangonyx richmodensis,Crangonyx,Gammaridae,Gammaridea,Amphipoda,Malacostraca,Crustacea,,2.0,1.0
Gammarus duebeni,Gammarus,Gammaridae,Gammaridea,Amphipoda,Malacostraca,Crustacea,,2.0,1.0
Gammarus minus,Gammarus,Gammaridae,Gammaridea,Amphipoda,Malacostraca,Crustacea,,2.0,1.0
Crangonyx sp.,Crangonyx,Gammaridae,Gammaridea,Amphipoda,Malacostraca,Crustacea,0.0,2.0,1.0
Asellus brevicaudus,Asellus,Asellidae,Asellota,Isopoda,Malacostraca,Crustacea,,1.0,2.0
Sphaeroma rugicauda,Sphaeroma,Idoteidae,Valvifera,Isopoda,Malacostraca,Crustacea,,3.0,3.0
Uca pugnax,Uca,Ocypodidae,Brachyura,Decapoda,Malacostraca,Crustacea,,1.0,2.0
Uca pugilator,Uca,Ocypodidae,Brachyura,Decapoda,Malacostraca,Crustacea,,1.0,2.0
Sesarma reticulatum,Sesarma,Grapsidae,Brachyura,Decapoda,Malacostraca,Crustacea,,1.0,3.0
Panopius  herbati,Panopius,Xanthidae,Brachyura,Decapoda,Malacostraca,Crustacea,,1.0,3.0
Eurythium limosum,Eurythium,Panopeidae,Brachyura,Decapoda,Malacostraca,Crustacea,,1.0,3.0
Pandalus montagui,Pandalus,Pandalidae,Caridea,Decapoda,Malacostraca,Crustacea,,3.0,3.0
Palaemon serratus,Palaemon,Palaemonidae,Caridea,Decapoda,Malacostraca,Crustacea,,3.0,3.0
Palaemon elegans,Palaemon,Palaemonidae,Caridea,Decapoda,Malacostraca,Crustacea,,3.0,3.0
Palaemonetes varians,Palaemonetes,Palaemonidae,Caridea,Decapoda,Malacostraca,Crustacea,,3.0,3.0
Hippolyte varians,Hippolyte,Hippolytidae,Caridea,Decapoda,Malacostraca,Crustacea,,2.0,3.0
Cambarus robustus,Cambarus,Cambaridae,Stenopodidea,Decapoda,Malacostraca,Crustacea,,3.0,3.0
Cambarus immunis,Cambarus,Cambaridae,Stenopodidea,Decapoda,Malacostraca,Crustacea,,3.0,3.0
Cambarus tenebrosus,Cambarus,Cambaridae,Stenopodidea,Decapoda,Malacostraca,Crustacea,,3.0,3.0
Orconectes rusticus,Orconectes,Cambaridae,Stenopodidea,Decapoda,Malacostraca,Crustacea,,3.0,3.0
Pacifastacus leniusculus,Pacifastacus,Astacidae,Astacoidea,Decapoda,Malacostraca,Crustacea,,1.0,3.0
Cherax albidus,Cherax,Parastacidae,Astacoidea,Decapoda,Malacostraca,Crustacea,,3.0,3.0
Clupeonella engrauliformis,Clupeonella,Clupeidae,Clupeiformes,Clupeomorpha,Teleostei,Osteichthyes,,3.0,2.0
Coregonus lavaretus,Coregonus,Salmonidae,Salmoniformes,Protacanthopterygii,Teleostei,Osteichthyes,,3.0,3.0
Micropterus salmoides,Micropterus,Centrarchidae,Perciformes,Acanthopterygii,Teleostei,Osteichthyes,,3.0,3.0
Lemna sp.,Lemna,Lemnaceae,Arales,Arecidae,Magnoliopsida,Tracheophyta,,0.0,0.0
Epeorus pleuralis,Epeorus,Heptageniidae,Setisura,Ephemeroptera,Pterygota,Insecta,,1.0,1.0
Baetis sp.,Baetis,Baetidae,Pisciforma,Ephemeroptera,Pterygota,Insecta,,1.0,1.0
Argia vivida,Argia,Agrionidae,Zygoptera,Odonata,Pterygota,Insecta,,3.0,1.0
Plathemis hydra,Plathemis,Libellulidae,Anisoptera,Odonata,Pterygota,Insecta,,3.0,1.0
Enochrus carinatus,Enochrus,Hydrophilidae,Coleoptera,Coleoptera,Pterygota,Insecta,,2.0,3.0
Pycnopsyche antica,Pycnopsyche,Limnephilidae,Limnephiloidea,Trichoptera,Pterygota,Insecta,,1.0,1.0
Neophylax oligius,Neophylax,Limnephilidae,Limnephiloidea,Trichoptera,Pterygota,Insecta,,1.0,1.0
Hydropsyche slossonae,Hydropsyche,Hydropsychidae,Hydropsychoidea,Trichoptera,Pterygota,Insecta,,1.0,2.0
Macronema pseudoneura,Macronema,Hydropsychidae,Hydropsychoidea,Trichoptera,Pterygota,Insecta,,1.0,2.0
Nigronia serricornis,Nigronia,Corydalidae,Megaloptera,Megaloptera,Pterygota,Insecta,,1.0,3.0
Harnischia tenuicaudata,Harnischia,Chironomidae,Nematocera,Diptera,Pterygota,Insecta,,2.0,2.0
Tanypus stellatus,Tanypus,Chironomidae,Nematocera,Diptera,Pterygota,Insecta,,2.0,2.0
Chironomus plumosus,Chironomus,Chironomidae,Nematocera,Diptera,Pterygota,Insecta,,2.0,2.0
Chironomidae,Taxon > Genus,Chironomidae,Nematocera,Diptera,Pterygota,Insecta,,2.0,2.0
Chironomidae,Taxon > Genus,Chironomidae,Nematocera,Diptera,Pterygota,Insecta,,2.0,2.0
Chironomidae,Taxon > Genus,Chironomidae,Nematocera,Diptera,Pterygota,Insecta,,2.0,2.0
Chironomidae,Taxon > Genus,Chironomidae,Nematocera,Diptera,Pterygota,Insecta,,2.0,2.0
Chironomidae,Taxon > Genus,Chironomidae,Nematocera,Diptera,Pterygota,Insecta,,2.0,2.0
Simulium sp.,Simulium,Simuliidae,Nematocera,Diptera,Pterygota,Insecta,,1.0,1.0
Chaoborus sp.,Chaoborus,Chaoboridae,Nematocera,Diptera,Pterygota,Insecta,,3.0,3.0
Hedriodiscus truquii,Hedriodiscus,Stratiomyidae,Brachycera,Diptera,Pterygota,Insecta,,1.0,2.0
Cottus bairdii,Cottus,Cottidae,Scorpaeniformes,Acanthopterygii,Teleostei,Osteichthyes,,2.0,2.0
Lepomis gibbosus,Lepomis,Centrarchidae,Perciformes,Acanthopterygii,Teleostei,Osteichthyes,,3.0,3.0
Lepomis macrochirus,Lepomis,Centrarchidae,Perciformes,Acanthopterygii,Teleostei,Osteichthyes,,3.0,3.0
