{
"type": "FeatureCollection",
"name": "gsa_boundaries",
"crs": { "type": "name", "properties": { "name": "urn:ogc:def:crs:OGC:1.3:CRS84" } },
"features": [
{ "type": "Feature", "properties": { "F_AREA": "37", "CENTER_X": -2.967472, "SECT_COD": "GSA01", "TSECT_COD": 42.0, "F_DIVISION": "37.1.1", "F_SUBAREA": "37.1", "CENTER_Y": 36.703189, "SMU_NAME_F": "Nord de la mer d'Alboran", "F_GSA": "37.1.1.1", "F_GSA_LIB": "GSA 1", "SMU_NAME": "Northern Alboran Sea", "SMU_CODE": 1.0, "AF_CONF": 0.0, "gsa_num": 1.0 }, "geometry": { "type": "Polygon", "coordinates": [ [ [ -0.999999980999974, 37.576208504000078 ], [ -1.012063652999927, 37.576945240000043 ], [ -1.022493719999943, 37.572970152000039 ], [ -1.032680153999934, 37.579316616000028 ], [ -1.045098423999946, 37.579038859000029 ], [ -1.054687499999943, 37.582589149000057 ], [ -1.066164254999933, 37.579602718000046 ], [ -1.073845028999926, 37.583856940000032 ], [ -1.082015156999944, 37.57707333500008 ], [ -1.091345429999933, 37.574468851000063 ], [ -1.095187067999973, 37.569074869000083 ], [ -1.107767462999959, 37.568569541000045 ], [ -1.127048253999931, 37.551983237000059 ], [ -1.12455093799997, 37.546772719000046 ], [ -1.116714954999964, 37.544062256000075 ], [ -1.108614443999954, 37.537295461000042 ], [ -1.119419932999961, 37.53403544400004 ], [ -1.123717545999966, 37.538419246000046 ], [ -1.131942867999953, 37.538011908000051 ], [ -1.165607809999926, 37.541623235000031 ], [ -1.174505352999972, 37.550181508000037 ], [ -1.16829645599995, 37.556746364000048 ], [ -1.181078552999963, 37.566356540000072 ], [ -1.189633965999974, 37.567878604000043 ], [ -1.201468228999943, 37.573046565000027 ], [ -1.237150668999959, 37.577204347000077 ], [ -1.245086431999937, 37.576526642000033 ], [ -1.257931112999927, 37.565644503000051 ], [ -1.252979039999957, 37.560407758000053 ], [ -1.26154053199997, 37.557152748000078 ], [ -1.268693447999965, 37.559375405000026 ], [ -1.272817969999949, 37.556101441000067 ], [ -1.311177253999972, 37.562784434000037 ], [ -1.32598614699998, 37.562281847000065 ], [ -1.332583546999956, 37.556101441000067 ], [ -1.341368555999964, 37.556307077000042 ], [ -1.355482219999942, 37.55063331100007 ], [ -1.363306760999933, 37.544737458000043 ], [ -1.37270164499995, 37.531872631000056 ], [ -1.392708658999936, 37.524205923000068 ], [ -1.401926755999966, 37.506874323000034 ], [ -1.415927648999968, 37.506633759000067 ], [ -1.422237872999972, 37.502136945000075 ], [ -1.440653323999925, 37.498160243000029 ], [ -1.442798971999935, 37.494931101000077 ], [ -1.452882647999957, 37.491418243000055 ], [ -1.465940713999942, 37.479302049000069 ], [ -1.481798648999927, 37.447945833000063 ], [ -1.484329342999956, 37.436873078000083 ], [ -1.476775169999939, 37.432886243000041 ], [ -1.487244844999964, 37.421818614000074 ], [ -1.497875809999925, 37.421898842000083 ], [ -1.503224849999924, 37.432404279000025 ], [ -1.518594621999966, 37.431388616000049 ], [ -1.529852747999939, 37.421913028000063 ], [ -1.54098474999995, 37.418686151000031 ], [ -1.545348643999944, 37.412763476000066 ], [ -1.556089758999974, 37.412628054000038 ], [ -1.574937343999977, 37.402134061000027 ], [ -1.582438468999953, 37.400038004000066 ], [ -1.589560865999943, 37.402298332000044 ], [ -1.601592063999931, 37.395518780000032 ], [ -1.625450848999947, 37.379803776000074 ], [ -1.629701256999965, 37.373565554000038 ], [ -1.635202645999925, 37.375250459000029 ], [ -1.645781516999932, 37.370792032000054 ], [ -1.653121351999971, 37.354179144000057 ], [ -1.656710862999944, 37.356421113000067 ], [ -1.671028851999949, 37.356837511000037 ], [ -1.676207423999927, 37.353706718000069 ], [ -1.688620447999938, 37.339177370000073 ], [ -1.700646519999964, 37.318380952000041 ], [ -1.706544518999976, 37.306068062000065 ], [ -1.720665216999976, 37.295992732000059 ], [ -1.723715900999934, 37.290717125000072 ], [ -1.744210123999949, 37.275118828000075 ], [ -1.752092122999954, 37.26601862900003 ], [ -1.759415744999956, 37.262381553000068 ], [ -1.761960029999955, 37.256583214000045 ], [ -1.774199127999964, 37.243221641000048 ], [ -1.774199604999978, 37.239844561000041 ], [ -1.783639668999967, 37.234655857000064 ], [ -1.794857621999938, 37.232797861000051 ], [ -1.802575825999952, 37.223500013000034 ], [ -1.809319137999978, 37.21106123900006 ], [ -1.817527054999971, 37.183649659000025 ], [ -1.821716665999929, 37.179303408000067 ], [ -1.823935031999952, 37.171453953000025 ], [ -1.82392716399994, 37.152204156000039 ], [ -1.83424651599995, 37.118089557000083 ], [ -1.842100261999974, 37.11245107700006 ], [ -1.850054025999953, 37.092647553000063 ], [ -1.849562048999928, 37.069252849000065 ], [ -1.862159966999968, 37.050889611000059 ], [ -1.865788339999938, 37.041382313000042 ], [ -1.875664234999931, 37.036152363000042 ], [ -1.87931322999998, 37.026086449000047 ], [ -1.87809836799994, 37.014310241000032 ], [ -1.88804984099994, 37.007351160000042 ], [ -1.889146566999955, 36.996941209000056 ], [ -1.895211338999957, 36.994295716000067 ], [ -1.900711058999946, 36.987670303000073 ], [ -1.898303150999936, 36.95440876400005 ], [ -1.895926355999961, 36.947939158000054 ], [ -1.903609037999956, 36.942505359000052 ], [ -1.90617907099994, 36.936081648000027 ], [ -1.91403937399997, 36.934167505000062 ], [ -1.933659076999959, 36.93852925300007 ], [ -1.939812540999981, 36.936097145000083 ], [ -1.95389914499998, 36.92277050000007 ], [ -1.962947129999975, 36.907616138000037 ], [ -1.966195940999967, 36.899649858000032 ], [ -1.974087357999963, 36.898586869000042 ], [ -1.981906055999957, 36.901951551000025 ], [ -1.991680621999933, 36.893413663000047 ], [ -1.993859052999938, 36.886134267000045 ], [ -2.003195166999944, 36.882270933000029 ], [ -2.000958442999945, 36.872376323000026 ], [ -2.004766463999943, 36.858960271000058 ], [ -2.000691651999944, 36.857627869000055 ], [ -1.996266841999954, 36.848555565000026 ], [ -2.00074064699993, 36.846277952000037 ], [ -1.999389171999951, 36.83999061600008 ], [ -2.009360432999927, 36.83348107300003 ], [ -2.024431347999951, 36.834809780000057 ], [ -2.040029644999947, 36.823335647000079 ], [ -2.042196630999968, 36.817634940000062 ], [ -2.049381255999947, 36.816499233000059 ], [ -2.061211466999964, 36.807925105000038 ], [ -2.061910629999943, 36.799379945000055 ], [ -2.060128569999961, 36.777397871000062 ], [ -2.069477676999952, 36.774669647000053 ], [ -2.079862951999928, 36.76574540200005 ], [ -2.094326853999974, 36.76417553400006 ], [ -2.109375, 36.756417275000047 ], [ -2.106743216999974, 36.751255751000031 ], [ -2.112706541999955, 36.748090148000074 ], [ -2.120039700999939, 36.74815273300004 ], [ -2.122516154999971, 36.743575454000052 ], [ -2.114958405999971, 36.739083528000037 ], [ -2.123684644999969, 36.731757164000051 ], [ -2.137192845999948, 36.728616953000028 ], [ -2.152776717999927, 36.730305433000069 ], [ -2.168948530999955, 36.722598076000054 ], [ -2.179932951999945, 36.722937107000064 ], [ -2.184149979999972, 36.719042063000074 ], [ -2.201595902999941, 36.727243543000043 ], [ -2.202476501999968, 36.731166243000075 ], [ -2.226027845999965, 36.759315252000079 ], [ -2.25398075499993, 36.789244652000029 ], [ -2.292157411999938, 36.820597053000029 ], [ -2.317435621999948, 36.832936525000036 ], [ -2.328492163999954, 36.835884213000043 ], [ -2.347679852999931, 36.838384509000029 ], [ -2.355721711999934, 36.840894103000039 ], [ -2.367129444999932, 36.84151780600007 ], [ -2.405844568999953, 36.825303912000038 ], [ -2.409673213999952, 36.820058227000061 ], [ -2.431772947999946, 36.811886668000056 ], [ -2.44115555299993, 36.820397615000047 ], [ -2.46233153299994, 36.832538367000041 ], [ -2.473935722999954, 36.83540535000003 ], [ -2.481293319999963, 36.833765149000051 ], [ -2.500422000999947, 36.824804426000071 ], [ -2.523986220999973, 36.824475766000035 ], [ -2.536634206999963, 36.818843841000046 ], [ -2.552978157999974, 36.817026854000062 ], [ -2.565722346999962, 36.813121318000071 ], [ -2.578193067999962, 36.801231026000039 ], [ -2.597669243999974, 36.778084755000066 ], [ -2.604263543999934, 36.76658093900005 ], [ -2.60361504499997, 36.75706064700006 ], [ -2.61009454699996, 36.747267247000025 ], [ -2.615252732999977, 36.732707977000075 ], [ -2.625499128999934, 36.721849441000074 ], [ -2.644781827999964, 36.703793525000037 ], [ -2.657067418999929, 36.697295905000033 ], [ -2.674314856999956, 36.694157958000062 ], [ -2.682603954999934, 36.689094543000067 ], [ -2.689302324999971, 36.688458800000035 ], [ -2.700369357999932, 36.682274341000038 ], [ -2.710914373999969, 36.685238242000025 ], [ -2.742489218999935, 36.683564067000077 ], [ -2.751925229999927, 36.680540204000067 ], [ -2.77197825899998, 36.681292653000071 ], [ -2.777451037999981, 36.688815237000028 ], [ -2.786085366999941, 36.693369031000032 ], [ -2.791684746999977, 36.692875147000052 ], [ -2.798469542999953, 36.701139450000028 ], [ -2.807978271999957, 36.704589963000046 ], [ -2.818826674999968, 36.706111431000068 ], [ -2.833098529999972, 36.703266740000061 ], [ -2.848179339999945, 36.694826841000065 ], [ -2.859232544999941, 36.700434566000069 ], [ -2.871043562999944, 36.713375926000026 ], [ -2.890884040999936, 36.732372165000072 ], [ -2.898599862999959, 36.738556862000053 ], [ -2.918815850999977, 36.749762535000059 ], [ -2.927410005999945, 36.751983524000025 ], [ -2.93836605599995, 36.75105655200008 ], [ -2.95356094899995, 36.74651551200003 ], [ -2.97565102599998, 36.73803711000005 ], [ -2.992599844999972, 36.744361043000026 ], [ -3.008015513999965, 36.741199851000033 ], [ -3.014097928999945, 36.743717670000024 ], [ -3.023046135999948, 36.743208766000066 ], [ -3.032687543999941, 36.747129560000083 ], [ -3.071625470999948, 36.745324373000074 ], [ -3.092831373999957, 36.747284770000078 ], [ -3.113444923999964, 36.750765443000034 ], [ -3.129318355999942, 36.750941157000057 ], [ -3.145457267999973, 36.743669629000067 ], [ -3.155905841999925, 36.746845722000046 ], [ -3.162872314999959, 36.743589640000039 ], [ -3.172172426999964, 36.74763906000004 ], [ -3.200288176999948, 36.750208258000043 ], [ -3.21258366099994, 36.745185733000028 ], [ -3.229375242999936, 36.750926614000029 ], [ -3.233371852999937, 36.749713779000047 ], [ -3.243099450999978, 36.753797650000024 ], [ -3.260350465999977, 36.752984643000048 ], [ -3.281755327999974, 36.743761659000029 ], [ -3.303904175999946, 36.738022208000075 ], [ -3.321685910999975, 36.741364479000026 ], [ -3.329085349999957, 36.738424301000066 ], [ -3.337668418999954, 36.73818016000007 ], [ -3.347676515999979, 36.732795835000047 ], [ -3.365479945999937, 36.713755250000077 ], [ -3.388296007999941, 36.710510254000042 ], [ -3.406774877999965, 36.701587677000077 ], [ -3.413340329999926, 36.702415705000078 ], [ -3.418132542999956, 36.694670916000064 ], [ -3.453487156999927, 36.694990039000061 ], [ -3.459022521999941, 36.696376562000069 ], [ -3.46812534299994, 36.693409323000026 ], [ -3.481864451999968, 36.696894168000028 ], [ -3.495237826999926, 36.706508517000032 ], [ -3.507295012999975, 36.717149973000062 ], [ -3.518704056999979, 36.722144961000026 ], [ -3.52887570799993, 36.724205017000031 ], [ -3.544508337999957, 36.716222644000027 ], [ -3.553638815999932, 36.714594245000058 ], [ -3.577451705999977, 36.722512126000026 ], [ -3.583806514999935, 36.726931572000069 ], [ -3.596078872999954, 36.740382552000028 ], [ -3.601008652999951, 36.743474245000073 ], [ -3.612283348999938, 36.743226648000075 ], [ -3.620919942999933, 36.740879178000057 ], [ -3.641960143999938, 36.742504478000058 ], [ -3.657643675999964, 36.746121049000067 ], [ -3.667759775999969, 36.73916482900006 ], [ -3.674473761999934, 36.730309606000048 ], [ -3.689737557999933, 36.730964422000056 ], [ -3.694303154999943, 36.728256464000026 ], [ -3.703681945999961, 36.733465075000026 ], [ -3.720725774999949, 36.731754303000059 ], [ -3.728844522999964, 36.719069124000043 ], [ -3.734262347999959, 36.719077945000038 ], [ -3.736613630999954, 36.729604244000029 ], [ -3.743671655999947, 36.734558463000042 ], [ -3.754454850999934, 36.738033414000029 ], [ -3.761536001999957, 36.73433196600007 ], [ -3.764008044999969, 36.729213834000063 ], [ -3.772531628999957, 36.731146813000066 ], [ -3.775945663999949, 36.736792207000065 ], [ -3.785571455999957, 36.739066839000031 ], [ -3.791537165999955, 36.745826244000057 ], [ -3.798713564999958, 36.74532735300005 ], [ -3.807993053999951, 36.749412536000079 ], [ -3.835935950999954, 36.753707528000064 ], [ -3.849035024999978, 36.750059366000073 ], [ -3.864165305999961, 36.750780106000029 ], [ -3.884500264999929, 36.740732670000057 ], [ -3.895986914999981, 36.743298054000029 ], [ -3.920588850999934, 36.740781546000051 ], [ -3.926948308999954, 36.736743450000063 ], [ -3.949392557999942, 36.729564547000052 ], [ -3.956267833999959, 36.726255417000061 ], [ -3.974384426999962, 36.73083531900005 ], [ -3.996875523999961, 36.739088416000072 ], [ -4.023751020999953, 36.743832112000064 ], [ -4.031663179999953, 36.741848111000024 ], [ -4.051069020999932, 36.744754553000064 ], [ -4.06294345799995, 36.747989416000053 ], [ -4.078567861999943, 36.747144818000038 ], [ -4.087694405999969, 36.742396355000039 ], [ -4.100350617999936, 36.72916996500004 ], [ -4.109578251999949, 36.724850655000068 ], [ -4.134781360999966, 36.723463654000057 ], [ -4.148137568999971, 36.720452547000029 ], [ -4.160486221999975, 36.72011554200003 ], [ -4.179037451999932, 36.715431333000026 ], [ -4.189149855999972, 36.715651155000046 ], [ -4.22950005499996, 36.712861061000069 ], [ -4.250182270999971, 36.710518956000051 ], [ -4.272128819999978, 36.713419080000051 ], [ -4.293196439999974, 36.714940071000058 ], [ -4.312596320999944, 36.712942958000042 ], [ -4.339039325999977, 36.712357044000044 ], [ -4.347701667999956, 36.716314554000064 ], [ -4.371973037999965, 36.720435142000042 ], [ -4.381097435999948, 36.720326305000071 ], [ -4.394409178999979, 36.722964644000058 ], [ -4.405802725999934, 36.719055056000059 ], [ -4.41329753399998, 36.712102771000048 ], [ -4.422622918999934, 36.712360263000051 ], [ -4.420150041999932, 36.70103073100006 ], [ -4.432058452999968, 36.703846335000037 ], [ -4.44176125499996, 36.68942105800005 ], [ -4.449152349999963, 36.673265814000047 ], [ -4.456094264999933, 36.664171577000047 ], [ -4.461358427999926, 36.661236048000035 ], [ -4.482347249999975, 36.639120817000048 ], [ -4.493268131999969, 36.624800444000073 ], [ -4.497266649999972, 36.616506935000075 ], [ -4.509810923999964, 36.599201322000056 ], [ -4.529944658999966, 36.588003874000037 ], [ -4.533317207999971, 36.581329107000045 ], [ -4.54026675199998, 36.579156638000029 ], [ -4.558405518999962, 36.580292344000043 ], [ -4.588177322999968, 36.572492837000027 ], [ -4.599374651999938, 36.563439965000043 ], [ -4.608852505999948, 36.557917834000079 ], [ -4.61794114099996, 36.544177055000034 ], [ -4.616142034999939, 36.541602254000054 ], [ -4.623093962999974, 36.534433246000049 ], [ -4.628643154999963, 36.520476460000054 ], [ -4.638963937999961, 36.506245852000063 ], [ -4.653427719999968, 36.505377650000071 ], [ -4.661318539999968, 36.506624102000046 ], [ -4.676899551999952, 36.503635645000031 ], [ -4.688284277999969, 36.496073246000037 ], [ -4.691311835999954, 36.49162304400005 ], [ -4.705058455999961, 36.490264177000029 ], [ -4.711843966999936, 36.486982226000066 ], [ -4.730608462999953, 36.486577749000048 ], [ -4.741740345999972, 36.484554052000078 ], [ -4.757949470999961, 36.485557676000042 ], [ -4.78785443299995, 36.492123842000069 ], [ -4.814926027999945, 36.498854280000046 ], [ -4.842666029999975, 36.502819657000032 ], [ -4.859787105999942, 36.507503867000025 ], [ -4.89691352899996, 36.506888270000047 ], [ -4.909497379999948, 36.505877853000072 ], [ -4.926529168999934, 36.499595046000024 ], [ -4.93830645099996, 36.498274326000057 ], [ -4.956743955999968, 36.48515474800007 ], [ -4.972004055999946, 36.478237748000026 ], [ -4.978769421999971, 36.47720491900003 ], [ -5.004769444999965, 36.460014701000034 ], [ -5.016906022999933, 36.461990356000058 ], [ -5.033402442999943, 36.461413980000032 ], [ -5.044279813999935, 36.457834601000059 ], [ -5.050985336999929, 36.452532053000027 ], [ -5.060103058999971, 36.449786544000062 ], [ -5.074580549999951, 36.451979279000057 ], [ -5.084217070999955, 36.449623704000032 ], [ -5.107442854999931, 36.434060335000026 ], [ -5.121287345999974, 36.42817747600003 ], [ -5.135389566999947, 36.427666425000041 ], [ -5.147901772999944, 36.422207355000069 ], [ -5.156361937999975, 36.412019968000038 ], [ -5.16612863499995, 36.41622114200004 ], [ -5.175189613999976, 36.414805532000059 ], [ -5.188282131999927, 36.405300022000063 ], [ -5.192816972999935, 36.398614645000066 ], [ -5.200812458999962, 36.392554044000065 ], [ -5.211577176999981, 36.379684568000073 ], [ -5.216965436999942, 36.379157066000062 ], [ -5.222559570999977, 36.371801257000072 ], [ -5.228095173999975, 36.35911965400004 ], [ -5.227148651999926, 36.354379057000074 ], [ -5.23220264899993, 36.349178434000066 ], [ -5.243883251999932, 36.319627165000043 ], [ -5.24685835799994, 36.310223937000046 ], [ -5.258605360999979, 36.310671448000051 ], [ -5.264976739999952, 36.300762057000043 ], [ -5.272017239999968, 36.295063734000053 ], [ -5.273437499999943, 36.28878343100007 ], [ -5.288913965999939, 36.263001918000043 ], [ -5.299079655999947, 36.243345141000077 ], [ -5.307515143999979, 36.242916465000064 ], [ -5.31585574099995, 36.231494903000055 ], [ -5.330280899999934, 36.195629716000042 ], [ -5.335848450999947, 36.177317501000061 ], [ -5.339095353999937, 36.154417873000057 ], [ -5.338399409999965, 36.143201470000065 ], [ -5.341697930999942, 36.129815459000042 ], [ -5.340133308999953, 36.126005411000051 ], [ -5.345353386999932, 36.109061374000078 ], [ -5.310435265999956, 36.000000013000033 ], [ -3.333333248999963, 36.000000013000033 ], [ -3.333333249439033, 36.083332071264373 ], [ -2.666666736999957, 36.083332071000029 ], [ -2.666666736999957, 36.000000013000033 ], [ -1.500000007999972, 36.000000013000033 ], [ -1.500000007999972, 36.500000040000032 ], [ -0.999999980999974, 36.500000040000032 ], [ -0.999999980999974, 37.576208504000078 ] ] ] } },
{ "type": "Feature", "properties": { "F_AREA": "37", "CENTER_X": -3.0, "SECT_COD": "GSA02", "TSECT_COD": 42.0, "F_DIVISION": "37.1.1", "F_SUBAREA": "37.1", "CENTER_Y": 35.916666, "SMU_NAME_F": "Ile d'Alboran", "F_GSA": "37.1.1.2", "F_GSA_LIB": "GSA 2", "SMU_NAME": "Alboran Island", "SMU_CODE": 2.0, "AF_CONF": 0.0, "gsa_num": 2.0 }, "geometry": { "type": "Polygon", "coordinates": [ [ [ -3.333333249439033, 35.750000046992696 ], [ -2.666666736999957, 35.750000047000071 ], [ -2.666666736999957, 36.083332071000029 ], [ -3.333333249439033, 36.083332071264373 ], [ -3.333333249439033, 35.750000046992696 ] ] ] } },
{ "type": "Feature", "properties": { "F_AREA": "37", "CENTER_X": -3.826846, "SECT_COD": "GSA03", "TSECT_COD": 42.0, "F_DIVISION": "37.1.1", "F_SUBAREA": "37.1", "CENTER_Y": 35.507079, "SMU_NAME_F": "Sud de la mer d'Alboran", "F_GSA": "37.1.1.3", "F_GSA_LIB": "GSA 3", "SMU_NAME": "Southern Alboran Sea", "SMU_CODE": 3.0, "AF_CONF": 0.0, "gsa_num": 3.0 }, "geometry": { "type": "Polygon", "coordinates": [ [ [ -2.21670169999993, 35.085579106000068 ], [ -2.216666674999942, 36.000000013000033 ], [ -2.666666736999957, 36.000000013000033 ], [ -2.666666736999957, 35.750000047000071 ], [ -3.333333249439033, 35.750000046992696 ], [ -3.333333248999963, 36.000000013000033 ], [ -5.310435265999956, 36.000000013000033 ], [ -5.278705364999951, 35.900896566000029 ], [ -5.27983665499994, 35.89430165300007 ], [ -5.28666531999994, 35.890651107000053 ], [ -5.296335338999938, 35.889070749000041 ], [ -5.306872606999946, 35.884015203000047 ], [ -5.319713115999946, 35.886247039000068 ], [ -5.327869772999975, 35.87829232200005 ], [ -5.339293836999957, 35.876951813000062 ], [ -5.343771814999968, 35.869280815000025 ], [ -5.346930980999957, 35.855619430000047 ], [ -5.353473543999939, 35.844942809000031 ], [ -5.352235554999936, 35.831865907000065 ], [ -5.353763817999948, 35.828335046000063 ], [ -5.351211428999932, 35.812117934000071 ], [ -5.349613546999933, 35.791346074000046 ], [ -5.346898913999951, 35.772503376000031 ], [ -5.342192649999959, 35.753166079000039 ], [ -5.342085241999939, 35.742016554000031 ], [ -5.334942459999979, 35.714252353000063 ], [ -5.326657652999927, 35.693796158000055 ], [ -5.320127247999949, 35.683900476000076 ], [ -5.30546247999996, 35.682580709000035 ], [ -5.292333602999975, 35.687164664000079 ], [ -5.274343251999937, 35.686340451000035 ], [ -5.273437499999943, 35.681640625000057 ], [ -5.279356240999959, 35.675407052000025 ], [ -5.284168362999935, 35.662419557000078 ], [ -5.276438950999932, 35.635492563000071 ], [ -5.271139024999968, 35.621623874000079 ], [ -5.268261431999974, 35.609276175000048 ], [ -5.249076842999955, 35.56508636500007 ], [ -5.243134617999942, 35.55290734700003 ], [ -5.234222053999929, 35.546725274000039 ], [ -5.224157213999945, 35.54943382700003 ], [ -5.219578861999935, 35.540832758000079 ], [ -5.209947943999964, 35.537445069000057 ], [ -5.200257419999957, 35.54154300700003 ], [ -5.194495200999938, 35.536121726000033 ], [ -5.184887170999957, 35.536542535000024 ], [ -5.173370957999964, 35.531688452000026 ], [ -5.169642805999956, 35.524826526000027 ], [ -5.159039854999946, 35.51518905100005 ], [ -5.153404354999964, 35.505251408000049 ], [ -5.141188978999935, 35.49615037500007 ], [ -5.131522178999944, 35.493274331000066 ], [ -5.121137976999933, 35.486581444000024 ], [ -5.110891460999937, 35.476938128000029 ], [ -5.105680345999929, 35.476421714000026 ], [ -5.098609566999926, 35.462722063000058 ], [ -5.080801009999959, 35.435679674000028 ], [ -5.079492807999941, 35.429664135000053 ], [ -5.073104977999947, 35.422844410000039 ], [ -5.06239914899993, 35.407187343000032 ], [ -5.043233155999928, 35.403731942000036 ], [ -5.030756949999954, 35.399730564000038 ], [ -5.016641258999925, 35.403203011000073 ], [ -5.009018658999935, 35.391915441000037 ], [ -5.00073051499993, 35.387516022000057 ], [ -4.987808942999948, 35.374040365000042 ], [ -4.971333145999949, 35.36466050100006 ], [ -4.970058678999976, 35.361465573000032 ], [ -4.94110286199998, 35.334716440000079 ], [ -4.938878058999933, 35.328573346000042 ], [ -4.928008078999937, 35.318534016000058 ], [ -4.905503153999973, 35.308236241000031 ], [ -4.890030621999927, 35.304393768000068 ], [ -4.878968834999966, 35.300132155000028 ], [ -4.867310046999933, 35.301380873000028 ], [ -4.853643655999974, 35.288641453000025 ], [ -4.847100853999962, 35.280304909000051 ], [ -4.832921742999929, 35.269018650000078 ], [ -4.817942141999936, 35.258679032000032 ], [ -4.799914955999952, 35.252957225000046 ], [ -4.793586969999978, 35.248770237000031 ], [ -4.784151076999933, 35.238839150000047 ], [ -4.76554131499995, 35.234321356000066 ], [ -4.748624443999972, 35.223831534000055 ], [ -4.737935900999958, 35.224537015000067 ], [ -4.724423646999981, 35.217835069000046 ], [ -4.709808706999979, 35.214279532000035 ], [ -4.700869440999952, 35.210248471000057 ], [ -4.681813359999978, 35.204642534000072 ], [ -4.669108151999978, 35.207224011000051 ], [ -4.66482472499996, 35.211915851000072 ], [ -4.649047254999971, 35.213930249000043 ], [ -4.648260354999934, 35.210797548000073 ], [ -4.631021856999951, 35.195236564000027 ], [ -4.612427949999926, 35.188924551000071 ], [ -4.599764942999968, 35.187865853000062 ], [ -4.592041015999939, 35.191603660000055 ], [ -4.567178367999929, 35.187151432000064 ], [ -4.560801743999946, 35.184750676000078 ], [ -4.538768052999956, 35.179935813000043 ], [ -4.520579337999948, 35.174809218000064 ], [ -4.507159828999932, 35.177146674000028 ], [ -4.49080145299996, 35.175923944000033 ], [ -4.476037740999971, 35.169994355000028 ], [ -4.466733455999929, 35.164551258000074 ], [ -4.426983951999944, 35.154197931000056 ], [ -4.404610752999929, 35.158452630000056 ], [ -4.390226244999951, 35.153803468000035 ], [ -4.377763628999958, 35.154259324000066 ], [ -4.376133917999937, 35.149674058000073 ], [ -4.356259822999959, 35.147362828000041 ], [ -4.346641301999966, 35.151262403000032 ], [ -4.340903758999957, 35.156676054000059 ], [ -4.325629472999935, 35.158245325000053 ], [ -4.319612025999959, 35.164485455000033 ], [ -4.307581662999951, 35.168797374000064 ], [ -4.290045379999981, 35.172175050000078 ], [ -4.28865945299998, 35.178519368000025 ], [ -4.278100132999953, 35.178976416000069 ], [ -4.255533575999948, 35.187134147000052 ], [ -4.244998454999973, 35.188068747000045 ], [ -4.241282701999978, 35.18502581100006 ], [ -4.217887519999977, 35.184680343000025 ], [ -4.214566349999927, 35.188893079000024 ], [ -4.201504349999936, 35.191723466000042 ], [ -4.190274476999946, 35.197702407000065 ], [ -4.175537824999935, 35.198400021000054 ], [ -4.164702772999931, 35.201657772000033 ], [ -4.156267642999978, 35.198149562000026 ], [ -4.134202241999958, 35.200546742000029 ], [ -4.12139594599995, 35.20585107800008 ], [ -4.114148854999939, 35.204848051000056 ], [ -4.09569871399998, 35.217460274000075 ], [ -4.080532550999976, 35.220756054000049 ], [ -4.078291653999941, 35.223006129000055 ], [ -4.064833044999943, 35.224558234000028 ], [ -4.061783551999952, 35.22859156100003 ], [ -4.052114247999953, 35.22888112000004 ], [ -4.044222354999931, 35.234586358000058 ], [ -4.032922505999977, 35.233873844000072 ], [ -4.01861774899993, 35.239829541000063 ], [ -4.013106345999972, 35.233031035000067 ], [ -4.005036711999935, 35.232472062000056 ], [ -3.993899106999947, 35.236862421000069 ], [ -3.989549755999974, 35.23474335700007 ], [ -3.979994654999928, 35.236390233000066 ], [ -3.965752958999929, 35.245079041000054 ], [ -3.950640677999957, 35.251424551000071 ], [ -3.942395210999962, 35.259127736000039 ], [ -3.927013754999962, 35.261820555000043 ], [ -3.914506076999942, 35.254980445000058 ], [ -3.926187156999958, 35.24401307100004 ], [ -3.921745657999963, 35.237673163000068 ], [ -3.92126750999995, 35.231847644000027 ], [ -3.908731459999956, 35.219323754000072 ], [ -3.907231807999949, 35.21469664600005 ], [ -3.899369239999942, 35.210403919000044 ], [ -3.879941105999933, 35.203750015000026 ], [ -3.848779678999961, 35.196737051000071 ], [ -3.832919000999937, 35.19729495100006 ], [ -3.801553129999945, 35.203822136000042 ], [ -3.780324338999947, 35.214311361000057 ], [ -3.772730945999967, 35.22107744200008 ], [ -3.765131949999954, 35.231166244000065 ], [ -3.760468601999946, 35.257461310000053 ], [ -3.757565974999978, 35.266037106000056 ], [ -3.750171660999968, 35.274779439000042 ], [ -3.739109634999977, 35.27547252200003 ], [ -3.734979748999933, 35.281067848000077 ], [ -3.719233751999979, 35.285786152000071 ], [ -3.715848326999946, 35.283675552000034 ], [ -3.705229758999963, 35.288225413000077 ], [ -3.684182047999968, 35.284580350000056 ], [ -3.678897738999978, 35.28594017100005 ], [ -3.67406630499994, 35.277053237000075 ], [ -3.666356205999932, 35.269051552000064 ], [ -3.65135550499997, 35.261427760000061 ], [ -3.648828625999954, 35.258466363000025 ], [ -3.63703024299997, 35.254120350000051 ], [ -3.629162310999959, 35.247952223000027 ], [ -3.622966050999935, 35.247238159000062 ], [ -3.615779756999927, 35.240206956000065 ], [ -3.591555356999947, 35.227158308000071 ], [ -3.569095253999933, 35.220201850000024 ], [ -3.559388041999966, 35.221209049000038 ], [ -3.53629732099995, 35.217326402000026 ], [ -3.520005344999959, 35.209304452000026 ], [ -3.491299271999935, 35.199269652000055 ], [ -3.471771240999942, 35.199063659000046 ], [ -3.454168557999935, 35.204593659000068 ], [ -3.447566747999929, 35.20416104800006 ], [ -3.445768355999974, 35.198441744000036 ], [ -3.427697777999981, 35.192551852000065 ], [ -3.402879356999961, 35.192213654000057 ], [ -3.388891457999932, 35.189534664000064 ], [ -3.35998713999993, 35.189245343000039 ], [ -3.348952054999927, 35.185907245000067 ], [ -3.332995652999955, 35.186290503000066 ], [ -3.325252175999935, 35.189389944000027 ], [ -3.312014460999933, 35.197572470000068 ], [ -3.303936123999961, 35.204875231000074 ], [ -3.276335120999931, 35.21112525500007 ], [ -3.261465548999979, 35.212362051000071 ], [ -3.250453948999962, 35.217599153000037 ], [ -3.235507010999925, 35.222184301000027 ], [ -3.22741579999996, 35.221730470000068 ], [ -3.218613743999924, 35.227342725000028 ], [ -3.209279655999978, 35.227495431000079 ], [ -3.202105640999946, 35.223253250000027 ], [ -3.193464278999954, 35.22554993600005 ], [ -3.170643925999968, 35.239768266000056 ], [ -3.159625172999938, 35.249860525000031 ], [ -3.142676948999963, 35.269319177000057 ], [ -3.142899751999948, 35.273760438000068 ], [ -3.134489059999964, 35.279949307000038 ], [ -3.133643149999955, 35.285101413000064 ], [ -3.12387287599995, 35.283355236000034 ], [ -3.121170759999927, 35.278569341000036 ], [ -3.109958052999957, 35.271774530000073 ], [ -3.093807458999947, 35.275583268000048 ], [ -3.082693218999964, 35.281136513000035 ], [ -3.06666135699993, 35.29442894400006 ], [ -3.02917230099996, 35.350381255000059 ], [ -3.029219508999972, 35.353157520000025 ], [ -3.013386129999958, 35.376507640000057 ], [ -3.009931325999958, 35.384140253000055 ], [ -3.010730146999947, 35.395888329000059 ], [ -3.005332469999928, 35.394216656000026 ], [ -3.005814075999979, 35.409456133000049 ], [ -2.99899983399996, 35.412729979000062 ], [ -2.993892549999942, 35.434819579000077 ], [ -2.983500837999941, 35.433831453000039 ], [ -2.976539014999958, 35.439194321000059 ], [ -2.970679520999965, 35.435850262000031 ], [ -2.956058620999954, 35.436796308000055 ], [ -2.949674009999967, 35.427871823000032 ], [ -2.949636578999957, 35.423967481000034 ], [ -2.961224555999934, 35.417845845000045 ], [ -2.964267849999942, 35.410199642000066 ], [ -2.958187460999966, 35.404333353000027 ], [ -2.957669138999961, 35.398584604000064 ], [ -2.963546156999939, 35.391077280000047 ], [ -2.959063052999966, 35.385204077000026 ], [ -2.964952229999938, 35.37848985200003 ], [ -2.965195535999953, 35.372951508000028 ], [ -2.970451116999925, 35.366701722000073 ], [ -2.968413114999976, 35.358287454000049 ], [ -2.962962627999957, 35.356956839000077 ], [ -2.956776141999967, 35.344804407000026 ], [ -2.961447, 35.332116962000043 ], [ -2.952839969999957, 35.322382808000043 ], [ -2.945628523999972, 35.305920959000048 ], [ -2.93775534699995, 35.300922752000076 ], [ -2.931498765999947, 35.293656946000056 ], [ -2.936192154999958, 35.287211418000027 ], [ -2.937073230999943, 35.280861855000069 ], [ -2.932737945999975, 35.275210857000047 ], [ -2.927609588999928, 35.274331293000046 ], [ -2.917964457999972, 35.258598805000076 ], [ -2.890189051999926, 35.233769417000076 ], [ -2.882109641999932, 35.225758553000048 ], [ -2.862951635999934, 35.210952520000035 ], [ -2.872978806999924, 35.208579064000048 ], [ -2.879524111999956, 35.221393704000036 ], [ -2.89504027299995, 35.233491659000038 ], [ -2.904333948999977, 35.23783075800003 ], [ -2.904514550999977, 35.243540526000061 ], [ -2.915503501999979, 35.246763349000048 ], [ -2.915080546999945, 35.251634956000032 ], [ -2.92292916699995, 35.255138278000061 ], [ -2.929176449999943, 35.250476718000073 ], [ -2.931242465999958, 35.238723755000024 ], [ -2.925855874999968, 35.233162761000074 ], [ -2.923727154999938, 35.224008441000024 ], [ -2.914566754999953, 35.21566176400006 ], [ -2.911009311999976, 35.218441248000033 ], [ -2.899910449999936, 35.214855552000074 ], [ -2.902355550999971, 35.206704020000075 ], [ -2.910175323999965, 35.206550956000058 ], [ -2.925438046999943, 35.197143912000058 ], [ -2.926562666999928, 35.193209768000031 ], [ -2.92244803899996, 35.180559755000047 ], [ -2.910123466999949, 35.164278269000079 ], [ -2.903492330999939, 35.160372853000069 ], [ -2.905643462999933, 35.156646133000038 ], [ -2.899747847999947, 35.145054102000074 ], [ -2.879184960999964, 35.130698561000031 ], [ -2.848684429999935, 35.118103027000075 ], [ -2.829653143999963, 35.108021378000046 ], [ -2.808893441999942, 35.102187515000026 ], [ -2.786630749999972, 35.102906466000036 ], [ -2.772056221999947, 35.099699259000033 ], [ -2.756474255999933, 35.098565459000042 ], [ -2.750567555999964, 35.100824713000065 ], [ -2.745807051999975, 35.11214172800004 ], [ -2.752380967999954, 35.120231748000037 ], [ -2.761909007999975, 35.121720672000038 ], [ -2.772561907999943, 35.134895205000078 ], [ -2.779527663999943, 35.136519313000065 ], [ -2.785669922999944, 35.141914129000043 ], [ -2.789397834999932, 35.151880860000063 ], [ -2.799144028999933, 35.155814767000038 ], [ -2.812783360999958, 35.164566636000075 ], [ -2.815665840999941, 35.169016004000071 ], [ -2.826621055999965, 35.17694425600007 ], [ -2.819548010999938, 35.17795860800004 ], [ -2.808504342999925, 35.168353319000062 ], [ -2.788071035999963, 35.15420854100006 ], [ -2.784467100999962, 35.14992082100008 ], [ -2.763838409999948, 35.133884907000038 ], [ -2.739718555999957, 35.12099766700004 ], [ -2.733992814999965, 35.121871233000036 ], [ -2.721953510999924, 35.117326856000034 ], [ -2.716792941999927, 35.11314451700008 ], [ -2.702636956999925, 35.107942700000024 ], [ -2.697892665999973, 35.104380846000026 ], [ -2.681234836999977, 35.098905563000073 ], [ -2.668238520999978, 35.098536611000043 ], [ -2.665824054999973, 35.096024275000048 ], [ -2.651705145999927, 35.091303468000035 ], [ -2.624080538999976, 35.086568356000043 ], [ -2.605752467999935, 35.085732937000046 ], [ -2.598023652999927, 35.08722150300008 ], [ -2.592236756999966, 35.084851742000069 ], [ -2.580680012999949, 35.084263444000044 ], [ -2.565731167999957, 35.081387043000063 ], [ -2.562219023999944, 35.082862019000061 ], [ -2.543888448999951, 35.084013939000045 ], [ -2.521225213999969, 35.089084744000047 ], [ -2.505605935999938, 35.095006943000044 ], [ -2.500971555999968, 35.099381566000034 ], [ -2.489321350999944, 35.100231528000052 ], [ -2.481668233999926, 35.104175448000035 ], [ -2.468293666999955, 35.114861846000053 ], [ -2.452512144999957, 35.124606252000035 ], [ -2.440147638999974, 35.135938406000037 ], [ -2.425500154999952, 35.147567153000068 ], [ -2.420592427999964, 35.14144301500005 ], [ -2.399258136999947, 35.133999944000038 ], [ -2.367589234999969, 35.126765251000052 ], [ -2.341319441999929, 35.123590946000036 ], [ -2.314924477999966, 35.116292358000067 ], [ -2.296576856999934, 35.109902739000063 ], [ -2.27442431399993, 35.100754022000046 ], [ -2.237279056999967, 35.08977234300005 ], [ -2.21670169999993, 35.085579106000068 ] ] ] } },
{ "type": "Feature", "properties": { "F_AREA": "37", "CENTER_X": 3.308667, "SECT_COD": "GSA04", "TSECT_COD": 42.0, "F_DIVISION": "37.1.1", "F_SUBAREA": "37.1", "CENTER_Y": 36.505377, "SMU_NAME_F": "Algérie", "F_GSA": "37.1.1.4", "F_GSA_LIB": "GSA 4", "SMU_NAME": "Algeria", "SMU_CODE": 4.0, "AF_CONF": 0.0, "gsa_num": 4.0 }, "geometry": { "type": "Polygon", "coordinates": [ [ [ -2.21670169999993, 35.085579106000068 ], [ -2.20050036899994, 35.083690644000058 ], [ -2.191874741999925, 35.088676811000028 ], [ -2.183676242999979, 35.08565425900008 ], [ -2.162482618999945, 35.099702477000051 ], [ -2.154964446999941, 35.101494908000063 ], [ -2.146866917999944, 35.097446442000034 ], [ -2.145319103999952, 35.093657970000038 ], [ -2.133391260999929, 35.090741754000078 ], [ -2.118855356999973, 35.090393544000051 ], [ -2.109375, 35.080915213000026 ], [ -2.09789705299994, 35.076183557000036 ], [ -2.083598612999936, 35.073132158000078 ], [ -2.058817624999961, 35.070668459000046 ], [ -2.047074555999927, 35.073591113000077 ], [ -2.036757468999951, 35.07234752200003 ], [ -2.022409557999936, 35.079460144000052 ], [ -2.014675139999952, 35.071360946000027 ], [ -2.00865304499996, 35.070678949000069 ], [ -1.998149156999943, 35.074358225000026 ], [ -1.969192742999951, 35.07319367000008 ], [ -1.954483627999934, 35.074333310000043 ], [ -1.941790461999972, 35.078550935000067 ], [ -1.936820864999959, 35.084884048000049 ], [ -1.927273511999942, 35.083568335000052 ], [ -1.904293775999974, 35.085938215000056 ], [ -1.896617054999979, 35.092999459000055 ], [ -1.885746478999977, 35.090794325000047 ], [ -1.881198643999937, 35.096341610000025 ], [ -1.873526810999976, 35.10055255900005 ], [ -1.862992048999956, 35.100850821000051 ], [ -1.852925538999955, 35.108371973000033 ], [ -1.840392827999949, 35.107592940000075 ], [ -1.819363235999958, 35.119731307000052 ], [ -1.815493225999944, 35.128592253000079 ], [ -1.802398442999959, 35.125179649000074 ], [ -1.792384743999946, 35.119834423000043 ], [ -1.786153912999964, 35.121564507000073 ], [ -1.780453443999932, 35.11832916700007 ], [ -1.77244234099993, 35.119997025000032 ], [ -1.758329629999935, 35.129209638000077 ], [ -1.74751925399994, 35.133643747000065 ], [ -1.740199445999963, 35.143652678000024 ], [ -1.732128142999954, 35.146370649000062 ], [ -1.731550216999949, 35.153840781000042 ], [ -1.725426554999956, 35.155154347000064 ], [ -1.722446202999947, 35.162923336000063 ], [ -1.71639287499994, 35.164684653000052 ], [ -1.714764355999932, 35.169669628000065 ], [ -1.704656243999978, 35.178001523000034 ], [ -1.687860130999979, 35.182198048000032 ], [ -1.681098102999954, 35.179520607000029 ], [ -1.670905947999927, 35.179043054000033 ], [ -1.65880846899995, 35.176333427000031 ], [ -1.65816783899993, 35.182381153000051 ], [ -1.648255347999964, 35.18565607000005 ], [ -1.649383544999978, 35.194075227000042 ], [ -1.643348812999932, 35.202142 ], [ -1.637413143999936, 35.205630541000062 ], [ -1.636517047999973, 35.211891412000057 ], [ -1.617670058999977, 35.222209811000027 ], [ -1.612363337999966, 35.220679164000046 ], [ -1.609511970999961, 35.23077905100007 ], [ -1.588986276999947, 35.236242652000044 ], [ -1.573505759999932, 35.243472934000067 ], [ -1.573458909999942, 35.249538302000076 ], [ -1.560771345999967, 35.258107662000043 ], [ -1.555405019999966, 35.269425750000039 ], [ -1.545668721999959, 35.272012949000043 ], [ -1.532793759999947, 35.271483303000025 ], [ -1.517763256999956, 35.274639845000024 ], [ -1.508085607999931, 35.278324247000057 ], [ -1.498498200999961, 35.287844301000064 ], [ -1.488931655999977, 35.289485813000056 ], [ -1.48117554199996, 35.298853039000051 ], [ -1.470975875999954, 35.29629933800004 ], [ -1.462354301999937, 35.308762074000072 ], [ -1.453912257999946, 35.307178259000068 ], [ -1.44330561199996, 35.308083773000078 ], [ -1.43117880799997, 35.30312824300006 ], [ -1.426540612999929, 35.304644346000032 ], [ -1.416833757999939, 35.299327255000037 ], [ -1.40625, 35.30245530600007 ], [ -1.401186227999972, 35.301109671000063 ], [ -1.386968254999942, 35.304687620000038 ], [ -1.374934315999951, 35.310639858000059 ], [ -1.37369406199997, 35.317238927000062 ], [ -1.365052699999978, 35.32286453200004 ], [ -1.357114553999963, 35.319687724000062 ], [ -1.347115754999948, 35.327861667000036 ], [ -1.338344811999946, 35.341868759000079 ], [ -1.332660912999927, 35.34764802400008 ], [ -1.321963666999977, 35.350384355000074 ], [ -1.297327279999934, 35.350198627000054 ], [ -1.291676163999966, 35.355579376000037 ], [ -1.284288167999933, 35.357815266000046 ], [ -1.261644720999925, 35.38654851900003 ], [ -1.253458738999939, 35.403007746000071 ], [ -1.249867200999973, 35.416934252000033 ], [ -1.236675738999963, 35.441076636000048 ], [ -1.238189100999932, 35.445440054000073 ], [ -1.23342084899997, 35.453734160000067 ], [ -1.228024839999933, 35.471304536000048 ], [ -1.22768247099998, 35.476653576000047 ], [ -1.222170352999967, 35.494564056000058 ], [ -1.216632842999957, 35.504039645000034 ], [ -1.218426346999934, 35.509039640000026 ], [ -1.210009812999942, 35.520113826000056 ], [ -1.206966757999965, 35.535227776000056 ], [ -1.19249713399995, 35.560881376000054 ], [ -1.198724030999926, 35.568715573000077 ], [ -1.198093651999954, 35.574558139000032 ], [ -1.189733743999966, 35.575804353000024 ], [ -1.181934356999932, 35.58138763900007 ], [ -1.173297405999961, 35.580940842000075 ], [ -1.16134941599995, 35.572317242000054 ], [ -1.154567240999938, 35.574526906000074 ], [ -1.150157927999942, 35.586961746000043 ], [ -1.13681304399995, 35.596300244000076 ], [ -1.132077812999967, 35.602219224000066 ], [ -1.117763876999959, 35.611532569000076 ], [ -1.11499297599994, 35.61640334100008 ], [ -1.104287862999968, 35.621274471000049 ], [ -1.092875957999979, 35.629324674000031 ], [ -1.079851864999966, 35.634584546000042 ], [ -1.067619203999925, 35.631227851000062 ], [ -1.072159528999976, 35.639256954000075 ], [ -1.062854051999977, 35.640048266000065 ], [ -1.055410861999974, 35.646907568000074 ], [ -1.054687499999943, 35.656808019000039 ], [ -1.04572236499996, 35.667270779000035 ], [ -1.036037444999977, 35.673238158000061 ], [ -1.029872774999944, 35.672309876000043 ], [ -1.023173450999934, 35.680391550000024 ], [ -1.017056822999962, 35.680643559000032 ], [ -1.012415051999938, 35.676090121000072 ], [ -0.998990654999943, 35.676951170000052 ], [ -0.97703766799998, 35.688673020000067 ], [ -0.966560005999952, 35.700109243000043 ], [ -0.954558729999974, 35.718278170000076 ], [ -0.950202702999945, 35.719167709000033 ], [ -0.938038348999953, 35.72834217500008 ], [ -0.929465770999968, 35.727733612000065 ], [ -0.92066693299995, 35.720857025000043 ], [ -0.91278624499995, 35.718646407000051 ], [ -0.907732605999968, 35.708584547000044 ], [ -0.895524620999936, 35.705994845000077 ], [ -0.88477063199997, 35.706409812000061 ], [ -0.859377145999929, 35.717119217000061 ], [ -0.850274442999932, 35.723566651000056 ], [ -0.838960646999965, 35.738235831000054 ], [ -0.834677219999946, 35.746500372000071 ], [ -0.826238750999948, 35.757653117000075 ], [ -0.823669552999945, 35.76662015900007 ], [ -0.813689946999943, 35.765954614000066 ], [ -0.805298565999976, 35.771973372000048 ], [ -0.790703057999963, 35.773136735000037 ], [ -0.796534537999946, 35.767001033000042 ], [ -0.785038708999934, 35.755891681000037 ], [ -0.768807053999979, 35.747797132000073 ], [ -0.749619244999963, 35.741138339000031 ], [ -0.728722452999932, 35.736915707000037 ], [ -0.703125, 35.742745519000039 ], [ -0.701894759999959, 35.735917211000071 ], [ -0.705522178999956, 35.728866101000051 ], [ -0.701678871999945, 35.722060442000043 ], [ -0.682022452999945, 35.713843823000047 ], [ -0.663705467999932, 35.715265751000061 ], [ -0.655235409999932, 35.713446141000077 ], [ -0.651752710999972, 35.709793449000074 ], [ -0.634717464999937, 35.710176349000051 ], [ -0.622176646999947, 35.714349151000079 ], [ -0.607132434999926, 35.721290231000069 ], [ -0.594320773999925, 35.731688261000045 ], [ -0.578408955999976, 35.748287678000054 ], [ -0.57477724599994, 35.754741549000073 ], [ -0.566575645999933, 35.761502742000062 ], [ -0.560431241999936, 35.771831155000029 ], [ -0.554972052999972, 35.776091456000074 ], [ -0.549253462999957, 35.774691343000029 ], [ -0.547963141999958, 35.769252062000078 ], [ -0.538745641999981, 35.766803026000048 ], [ -0.527747034999948, 35.768453240000042 ], [ -0.510497211999962, 35.783088803000055 ], [ -0.503479003999928, 35.790678143000036 ], [ -0.494565844999954, 35.80701553800003 ], [ -0.492462276999959, 35.819056750000072 ], [ -0.485470175999978, 35.831669927000064 ], [ -0.482585072999939, 35.845335722000073 ], [ -0.482384919999959, 35.858439565000026 ], [ -0.479024648999939, 35.870069981000029 ], [ -0.489861607999956, 35.875834465000025 ], [ -0.480147957999975, 35.880414247000033 ], [ -0.471692323999946, 35.886819243000048 ], [ -0.460386633999974, 35.879588366000064 ], [ -0.449101328999973, 35.877276540000025 ], [ -0.43532085399994, 35.880229354000051 ], [ -0.425124048999976, 35.880052328000033 ], [ -0.413763403999951, 35.883687258000066 ], [ -0.405061959999955, 35.891147256000068 ], [ -0.399233459999948, 35.890461802000061 ], [ -0.388131855999973, 35.900470257000052 ], [ -0.38579511699993, 35.908171534000076 ], [ -0.374102353999945, 35.906852127000036 ], [ -0.360294579999959, 35.908239842000057 ], [ -0.356395840999937, 35.905892253000047 ], [ -0.342835903999969, 35.907711744000039 ], [ -0.337930202999928, 35.896217347000061 ], [ -0.329718351999929, 35.893380642000068 ], [ -0.317041039999935, 35.885151625000049 ], [ -0.30967104399997, 35.885059356000056 ], [ -0.30324423299993, 35.881659031000027 ], [ -0.291728853999928, 35.871161461000042 ], [ -0.297380208999925, 35.856554151000068 ], [ -0.301806449999958, 35.859933019000039 ], [ -0.308173060999934, 35.85631406300007 ], [ -0.307056426999964, 35.844116449000069 ], [ -0.301687001999937, 35.83554005700006 ], [ -0.290945410999939, 35.829498052000076 ], [ -0.288372516999971, 35.825747848000049 ], [ -0.277617334999945, 35.820068359000061 ], [ -0.263280033999933, 35.818048954000062 ], [ -0.257814048999933, 35.814508557000067 ], [ -0.248947500999975, 35.813210845000071 ], [ -0.244973301999948, 35.809832454000059 ], [ -0.223348855999973, 35.804596662000051 ], [ -0.198458552999966, 35.802662611000073 ], [ -0.174688100999958, 35.799694657000032 ], [ -0.16373944299994, 35.799882531000037 ], [ -0.163159846999974, 35.795482039000035 ], [ -0.156587719999948, 35.790504336000026 ], [ -0.115937947999953, 35.787976265000054 ], [ -0.099162100999934, 35.790305733000025 ], [ -0.093385457999943, 35.796648264000055 ], [ -0.072284101999969, 35.805989623000073 ], [ -0.051790832999927, 35.812304973000039 ], [ -0.036604165999961, 35.822654009000075 ], [ -0.021742343999961, 35.829095125000038 ], [ 0.007185101000061, 35.845633865000025 ], [ 0.025544048000029, 35.85929763300004 ], [ 0.037663579000025, 35.873124480000058 ], [ 0.044834137000066, 35.887454152000032 ], [ 0.051748634000035, 35.908865333000051 ], [ 0.054364443000054, 35.910406470000055 ], [ 0.059608936000075, 35.924057602000062 ], [ 0.072529316000043, 35.925019860000077 ], [ 0.075312019000023, 35.935722351000038 ], [ 0.084006071000033, 35.942664027000035 ], [ 0.092903138000054, 35.962592959000062 ], [ 0.091979027000036, 35.968355656000028 ], [ 0.098675609000054, 35.973925233000045 ], [ 0.101541757000064, 35.982270241000037 ], [ 0.113652349000063, 35.994521856000063 ], [ 0.120303154000055, 36.007374525000046 ], [ 0.126342416000057, 36.014516234000041 ], [ 0.126444459000027, 36.028053403000058 ], [ 0.134721041000034, 36.041944742000055 ], [ 0.13970434700002, 36.042886854000074 ], [ 0.167329669000026, 36.066344142000048 ], [ 0.174003840000069, 36.074099422000074 ], [ 0.185706616000061, 36.08066785300008 ], [ 0.193718433000072, 36.091004252000062 ], [ 0.198470950000058, 36.093771457000059 ], [ 0.206001044000061, 36.106237054000083 ], [ 0.210845351000046, 36.110780955000052 ], [ 0.217936159000033, 36.11220133300003 ], [ 0.221593141000028, 36.117490411000063 ], [ 0.227950216000067, 36.117623210000033 ], [ 0.236907602000031, 36.122976541000071 ], [ 0.241433263000033, 36.121810555000025 ], [ 0.255975843000044, 36.123296142000072 ], [ 0.270867348000024, 36.131182909000074 ], [ 0.27460467800006, 36.129893303000074 ], [ 0.290432453000051, 36.134847045000072 ], [ 0.299871207000024, 36.142680645000041 ], [ 0.301980853000032, 36.149357081000062 ], [ 0.310370922000061, 36.149226904000045 ], [ 0.329214573000058, 36.16123914800005 ], [ 0.334928274000049, 36.170109153000055 ], [ 0.340801358000022, 36.186262965000026 ], [ 0.338488340000026, 36.19065106000005 ], [ 0.362452745000041, 36.202927947000035 ], [ 0.378394962000073, 36.207483172000025 ], [ 0.382958054000028, 36.210937500000057 ], [ 0.405936242000053, 36.208498836000047 ], [ 0.452789665000068, 36.221575260000066 ], [ 0.464738846000046, 36.229848623000066 ], [ 0.475136280000072, 36.231056333000026 ], [ 0.484225035000065, 36.237032056000032 ], [ 0.492737174000069, 36.24585795400003 ], [ 0.504822254000032, 36.25144481600006 ], [ 0.519387603000041, 36.25575470900003 ], [ 0.523667931000034, 36.259438634000048 ], [ 0.539416671000026, 36.264542222000046 ], [ 0.557736754000075, 36.275509358000079 ], [ 0.577424646000054, 36.279959559000083 ], [ 0.58070015900006, 36.283373714000049 ], [ 0.590981007000039, 36.283401132000051 ], [ 0.594824076000066, 36.28736865500008 ], [ 0.611453414000039, 36.297481656000059 ], [ 0.613684654000053, 36.301111817000049 ], [ 0.630933165000044, 36.306103348000079 ], [ 0.639140129000054, 36.310457230000054 ], [ 0.647509813000056, 36.324024558000083 ], [ 0.665279865000059, 36.331926346000046 ], [ 0.669075847000045, 36.329581141000062 ], [ 0.681465268000068, 36.329010010000047 ], [ 0.688771963000022, 36.331675053000026 ], [ 0.703125, 36.328961968000051 ], [ 0.760128856000051, 36.33480572700006 ], [ 0.776012540000067, 36.34317612600006 ], [ 0.781224847000033, 36.349787116000073 ], [ 0.788067341000044, 36.351757407000029 ], [ 0.803220749000047, 36.362321139000073 ], [ 0.805606603000058, 36.366413355000077 ], [ 0.814234972000065, 36.365567446000057 ], [ 0.825101375000031, 36.36084115500006 ], [ 0.839740753000058, 36.36304307000006 ], [ 0.870811463000052, 36.372288465000054 ], [ 0.885142445000042, 36.382004738000035 ], [ 0.889217139000039, 36.381940842000063 ], [ 0.900348902000076, 36.388596416000041 ], [ 0.911034465000057, 36.398266435000039 ], [ 0.92286324500003, 36.417224645000033 ], [ 0.922591447000059, 36.425920725000026 ], [ 0.925232053000059, 36.433743357000026 ], [ 0.933908820000056, 36.441393852000033 ], [ 0.935419560000071, 36.44668924900003 ], [ 0.944803953000076, 36.450252056000068 ], [ 0.952705622000053, 36.449298501000051 ], [ 0.973391175000074, 36.45498466500004 ], [ 0.982776404000049, 36.460000754000077 ], [ 1.000395179000066, 36.461637974000041 ], [ 1.004065514000047, 36.463802576000035 ], [ 1.038191915000027, 36.475018144000046 ], [ 1.045105338000042, 36.47999894600008 ], [ 1.055335760000048, 36.482834220000029 ], [ 1.064236403000052, 36.488384723000024 ], [ 1.073582649000059, 36.487319231000072 ], [ 1.083735943000022, 36.494081140000048 ], [ 1.10034644600006, 36.494184017000066 ], [ 1.103229046000024, 36.49000716200004 ], [ 1.138852358000065, 36.49261021600006 ], [ 1.160896778000051, 36.50394570800006 ], [ 1.176836252000043, 36.509793878000039 ], [ 1.181075454000052, 36.513998747000073 ], [ 1.192507506000027, 36.514889717000074 ], [ 1.197920441000065, 36.510989546000083 ], [ 1.208149552000066, 36.512097716000028 ], [ 1.223228813000048, 36.507508040000062 ], [ 1.226181745000019, 36.505052209000041 ], [ 1.259363652000047, 36.504015923000054 ], [ 1.26710236100007, 36.50736796800004 ], [ 1.284440756000038, 36.507091403000061 ], [ 1.30921161200007, 36.514536142000054 ], [ 1.329245448000052, 36.532511354000064 ], [ 1.332083940000075, 36.539977074000035 ], [ 1.337601543000062, 36.543108225000026 ], [ 1.338311076000025, 36.549192548000065 ], [ 1.361471653000024, 36.553514242000062 ], [ 1.366163611000047, 36.550292373000048 ], [ 1.385224820000076, 36.551444769000057 ], [ 1.390138745000058, 36.544795871000083 ], [ 1.387906551000071, 36.541826725000078 ], [ 1.396367669000028, 36.536696672000062 ], [ 1.40986502100003, 36.539340257000049 ], [ 1.416276336000067, 36.537325144000079 ], [ 1.431202054000039, 36.539594174000058 ], [ 1.443658352000057, 36.535405636000064 ], [ 1.44591581800006, 36.538597107000051 ], [ 1.458456635000061, 36.542355776000079 ], [ 1.465300203000027, 36.539797902000032 ], [ 1.472045541000057, 36.531519533000051 ], [ 1.489288926000029, 36.527414680000049 ], [ 1.498670578000031, 36.529255032000037 ], [ 1.510801315000037, 36.528779745000065 ], [ 1.523079038000048, 36.53722214700008 ], [ 1.532971978000035, 36.539764047000062 ], [ 1.546557665000023, 36.538034916000072 ], [ 1.552590847000033, 36.541977763000034 ], [ 1.56167662200005, 36.537572027000067 ], [ 1.580762863000075, 36.534070015000054 ], [ 1.585124016000066, 36.537046552000049 ], [ 1.606086850000054, 36.537012577000041 ], [ 1.608424902000024, 36.540784955000049 ], [ 1.61865365500006, 36.545246839000072 ], [ 1.625147343000037, 36.542535543000042 ], [ 1.64095985900002, 36.551584959000024 ], [ 1.654771209000046, 36.554968238000072 ], [ 1.665740966000044, 36.553724408000051 ], [ 1.670847654000056, 36.550831914000071 ], [ 1.678426265000041, 36.55236840200007 ], [ 1.706560851000063, 36.551700235000055 ], [ 1.726153255000042, 36.555773616000067 ], [ 1.736372113000073, 36.555284143000051 ], [ 1.745791674000031, 36.557255506000047 ], [ 1.75693786100004, 36.561949372000072 ], [ 1.765322209000033, 36.558066249000035 ], [ 1.777812124000036, 36.559042334000026 ], [ 1.78621006000003, 36.557007551000027 ], [ 1.80310165800006, 36.560674906000031 ], [ 1.811290503000066, 36.559795380000025 ], [ 1.832602739000038, 36.563645243000053 ], [ 1.836523056000033, 36.566687703000071 ], [ 1.853216648000057, 36.570895076000056 ], [ 1.854373812000062, 36.567707062000068 ], [ 1.875617504000047, 36.568665147000047 ], [ 1.880357266000033, 36.566790343000037 ], [ 1.902586818000032, 36.57412445600005 ], [ 1.919913649000023, 36.575414539000064 ], [ 1.929229856000063, 36.573631168000077 ], [ 1.946302414000058, 36.567853451000083 ], [ 1.976887345000023, 36.566918254000029 ], [ 1.980661154000074, 36.565320253000039 ], [ 2.000321746000054, 36.56564760200007 ], [ 2.008209944000043, 36.567923546000031 ], [ 2.022851825000032, 36.567902565000054 ], [ 2.040819406000026, 36.570644856000058 ], [ 2.053615808000075, 36.576112151000075 ], [ 2.062692404000074, 36.575963855000055 ], [ 2.071889162000048, 36.578900457000032 ], [ 2.07584595700007, 36.576886058000071 ], [ 2.098189354000056, 36.580619932000047 ], [ 2.105067373000054, 36.586162448000039 ], [ 2.114648104000025, 36.583498955000039 ], [ 2.12907004300007, 36.586677432000045 ], [ 2.154139519000069, 36.59445214200008 ], [ 2.158026218000032, 36.597238779000065 ], [ 2.173074961000054, 36.599555373000051 ], [ 2.186541676000047, 36.608950853000067 ], [ 2.204987049000067, 36.610574246000056 ], [ 2.223767161000069, 36.614262343000064 ], [ 2.229240179000044, 36.613145351000071 ], [ 2.241135358000065, 36.620649338000078 ], [ 2.248901606000061, 36.61771845800007 ], [ 2.256375670000068, 36.619929552000031 ], [ 2.261688352000021, 36.625623465000047 ], [ 2.282851219000065, 36.629426479000074 ], [ 2.29435300800003, 36.634417534000079 ], [ 2.318485856000052, 36.639951825000026 ], [ 2.330839753000021, 36.641696453000066 ], [ 2.333224654000048, 36.639300346000027 ], [ 2.350970745000041, 36.642775655000037 ], [ 2.363092065000046, 36.640992046000065 ], [ 2.377020955000035, 36.641547203000073 ], [ 2.403644800000052, 36.634169102000051 ], [ 2.402054071000066, 36.628163457000028 ], [ 2.409105659000033, 36.620752334000031 ], [ 2.405182242000024, 36.613707662000024 ], [ 2.408527851000031, 36.604873180000027 ], [ 2.422824622000064, 36.596307039000067 ], [ 2.430671334000067, 36.594099760000063 ], [ 2.439242363000062, 36.59695386900006 ], [ 2.455575108000062, 36.593680262000078 ], [ 2.460937500000057, 36.595145106000075 ], [ 2.474693537000064, 36.591487527000027 ], [ 2.50681710300006, 36.593151331000058 ], [ 2.527813673000026, 36.590998053000078 ], [ 2.548323512000024, 36.591431141000051 ], [ 2.567772031000061, 36.595798731000059 ], [ 2.580463052000027, 36.597000361000028 ], [ 2.597898245000067, 36.601788044000045 ], [ 2.603297353000073, 36.601117372000033 ], [ 2.617046833000074, 36.608204246000071 ], [ 2.626291752000043, 36.610855103000063 ], [ 2.639001250000035, 36.617540240000039 ], [ 2.647155046000023, 36.61868774900006 ], [ 2.654816150000045, 36.628029704000028 ], [ 2.665730357000029, 36.630310058000077 ], [ 2.670834303000049, 36.638366938000047 ], [ 2.689696312000024, 36.648995519000039 ], [ 2.704668879000053, 36.654954076000024 ], [ 2.706696630000067, 36.657318950000047 ], [ 2.746928572000058, 36.675707936000038 ], [ 2.753844619000063, 36.675824642000066 ], [ 2.766186356000048, 36.681672812000045 ], [ 2.77841126900006, 36.68355822500007 ], [ 2.790807843000039, 36.690041661000066 ], [ 2.813552379000043, 36.704918146000068 ], [ 2.82682204300005, 36.717361450000055 ], [ 2.839881301000048, 36.732730031000074 ], [ 2.845118045000049, 36.742553949000069 ], [ 2.846227050000039, 36.75288534200007 ], [ 2.84127402300004, 36.760092258000043 ], [ 2.85718870200003, 36.759426236000024 ], [ 2.871938348000072, 36.763213157000052 ], [ 2.881445051000071, 36.769335151000064 ], [ 2.888528705000056, 36.777703643000052 ], [ 2.894503713000063, 36.779933811000035 ], [ 2.899293423000074, 36.791113376000055 ], [ 2.899392009000053, 36.80144500800003 ], [ 2.903735757000049, 36.806479215000024 ], [ 2.91049552000004, 36.805027366000047 ], [ 2.928395271000056, 36.805042625000056 ], [ 2.958052874000032, 36.812002421000045 ], [ 2.970674634000034, 36.815745354000057 ], [ 2.987799168000038, 36.813194037000073 ], [ 2.994088053000041, 36.816311359000053 ], [ 3.006695628000045, 36.81744825800007 ], [ 3.011383175000049, 36.820181131000027 ], [ 3.023945213000047, 36.812607527000068 ], [ 3.029505610000058, 36.81310832500003 ], [ 3.049664974000052, 36.801591515000041 ], [ 3.054759502000024, 36.793996572000026 ], [ 3.060866952000026, 36.793178558000079 ], [ 3.065262675000042, 36.785797953000042 ], [ 3.062352777000058, 36.777979255000048 ], [ 3.064240813000026, 36.767721057000074 ], [ 3.062205077000044, 36.763129234000075 ], [ 3.073776125000052, 36.761283755000079 ], [ 3.077258110000059, 36.753473162000034 ], [ 3.092142701000057, 36.747106314000064 ], [ 3.119648933000065, 36.742232203000071 ], [ 3.15701675400004, 36.74169635800007 ], [ 3.18504381200006, 36.747553229000061 ], [ 3.196259141000041, 36.751893878000033 ], [ 3.221128225000029, 36.765301108000074 ], [ 3.231008410000072, 36.775262833000056 ], [ 3.231121302000076, 36.781956673000025 ], [ 3.236045123000054, 36.79211545000004 ], [ 3.233877063000022, 36.805650115000049 ], [ 3.222962857000027, 36.811524868000049 ], [ 3.230046154000036, 36.815282941000078 ], [ 3.247437477000062, 36.812860966000073 ], [ 3.255185962000041, 36.813410044000079 ], [ 3.261671066000076, 36.806761026000061 ], [ 3.275282740000023, 36.800053239000079 ], [ 3.284079552000037, 36.799919844000051 ], [ 3.291282654000042, 36.794869781000045 ], [ 3.309386611000036, 36.79073655600007 ], [ 3.317860723000024, 36.787449241000047 ], [ 3.337251067000068, 36.784649372000047 ], [ 3.356923580000057, 36.78315126900003 ], [ 3.375257253000029, 36.777776002000053 ], [ 3.380368352000062, 36.777873158000034 ], [ 3.41288733500005, 36.77069842800006 ], [ 3.423613310000064, 36.770272374000058 ], [ 3.449925065000059, 36.76709115500006 ], [ 3.485110640000073, 36.76733994500006 ], [ 3.499118447000058, 36.769312024000051 ], [ 3.51698732400007, 36.778455853000025 ], [ 3.521477341000036, 36.78629875200005 ], [ 3.546105742000066, 36.786576510000032 ], [ 3.548571825000067, 36.789895654000077 ], [ 3.560672760000045, 36.794930816000033 ], [ 3.558510780000063, 36.805068016000064 ], [ 3.573641538000061, 36.80371761300006 ], [ 3.603814602000057, 36.811581254000032 ], [ 3.618803859000025, 36.817076326000063 ], [ 3.625079631000062, 36.816998244000047 ], [ 3.632818342000064, 36.821925044000068 ], [ 3.642313480000041, 36.82411170000006 ], [ 3.647874475000038, 36.829504013000083 ], [ 3.664534569000068, 36.838917852000066 ], [ 3.686716914000044, 36.844174027000065 ], [ 3.695250631000022, 36.851915359000031 ], [ 3.707860827000047, 36.857470870000043 ], [ 3.716979503000061, 36.865908862000026 ], [ 3.721377850000067, 36.874512434000053 ], [ 3.717972278000047, 36.878510237000057 ], [ 3.734457969000061, 36.886131049000028 ], [ 3.76958763600004, 36.895059705000051 ], [ 3.79072201300005, 36.898504734000028 ], [ 3.799163103000069, 36.901171327000043 ], [ 3.832895518000043, 36.907572151000068 ], [ 3.849305153000046, 36.913454652000041 ], [ 3.868687153000053, 36.912823915000047 ], [ 3.876172662000045, 36.919588447000024 ], [ 3.892526627000052, 36.923204780000049 ], [ 3.908600449000062, 36.918303251000054 ], [ 3.923244238000052, 36.923242211000058 ], [ 3.915533542000048, 36.914155602000051 ], [ 3.922435164000035, 36.906389833000048 ], [ 3.931885719000036, 36.904942751000078 ], [ 3.944962144000044, 36.89892065500004 ], [ 3.965543747000027, 36.897462844000074 ], [ 3.97233295500007, 36.902608275000034 ], [ 3.980880379000041, 36.899083138000037 ], [ 4.01281941000002, 36.903172374000064 ], [ 4.030120253000064, 36.900199175000068 ], [ 4.042120219000026, 36.900243878000026 ], [ 4.048968911000031, 36.89741396900007 ], [ 4.061262369000076, 36.896270275000063 ], [ 4.072421074000033, 36.897276401000056 ], [ 4.095350623000058, 36.891948223000043 ], [ 4.111687422000045, 36.889817357000027 ], [ 4.122620225000048, 36.89487147300008 ], [ 4.140233516000023, 36.893722058000037 ], [ 4.147815227000024, 36.897765756000069 ], [ 4.147985220000066, 36.903756142000077 ], [ 4.153358340000068, 36.907825351000042 ], [ 4.175413251000066, 36.900817871000072 ], [ 4.186568141000066, 36.89459121200008 ], [ 4.193907857000056, 36.896146059000046 ], [ 4.20509624500005, 36.892356515000074 ], [ 4.211238861000027, 36.892514348000077 ], [ 4.224794864000046, 36.898095012000056 ], [ 4.236217856000053, 36.899470449000034 ], [ 4.238524556000073, 36.902872443000035 ], [ 4.26099836800006, 36.906071544000042 ], [ 4.26941824000005, 36.901566625000051 ], [ 4.286339522000048, 36.907153964000031 ], [ 4.296594501000072, 36.908203841000045 ], [ 4.30913412600006, 36.895332217000032 ], [ 4.314771175000033, 36.895541906000062 ], [ 4.329664230000049, 36.900594354000077 ], [ 4.333785057000057, 36.897941113000059 ], [ 4.349052906000054, 36.896736264000026 ], [ 4.352984547000062, 36.893320322000079 ], [ 4.379709840000032, 36.892571330000067 ], [ 4.383952856000064, 36.890036941000062 ], [ 4.400274634000027, 36.890625 ], [ 4.41460025300006, 36.892896533000055 ], [ 4.419556260000036, 36.895950556000059 ], [ 4.422551752000061, 36.909877062000078 ], [ 4.441643358000022, 36.910150051000073 ], [ 4.462232113000027, 36.901256204000049 ], [ 4.47098612800005, 36.902261854000074 ], [ 4.490802765000069, 36.896454811000069 ], [ 4.510332108000057, 36.884737015000042 ], [ 4.533589839000058, 36.885323643000049 ], [ 4.557901264000066, 36.884456515000068 ], [ 4.568107009000073, 36.882240772000046 ], [ 4.600769639000021, 36.882812500000057 ], [ 4.606430054000043, 36.884138346000043 ], [ 4.616032958000062, 36.881725907000032 ], [ 4.623054743000068, 36.883278251000029 ], [ 4.633673668000029, 36.882091046000028 ], [ 4.641635180000037, 36.88715350700005 ], [ 4.650950432000059, 36.886689305000061 ], [ 4.656309247000024, 36.883032441000069 ], [ 4.67320406400006, 36.883831859000054 ], [ 4.704901933000031, 36.879519701000049 ], [ 4.731745839000041, 36.882758856000066 ], [ 4.743548154000052, 36.891316771000049 ], [ 4.759938359000046, 36.89514994600006 ], [ 4.775299668000059, 36.890502452000078 ], [ 4.789969921000022, 36.890580177000061 ], [ 4.796557904000053, 36.88257670400003 ], [ 4.807208657000047, 36.883229137000058 ], [ 4.807389140000055, 36.875484467000035 ], [ 4.811624170000073, 36.872239828000033 ], [ 4.826086044000022, 36.869726658000047 ], [ 4.83716332900002, 36.870581150000078 ], [ 4.857533455000066, 36.865772367000034 ], [ 4.865988255000048, 36.858880043000056 ], [ 4.88756644800003, 36.850597143000073 ], [ 4.896954179000033, 36.851498961000061 ], [ 4.912752032000071, 36.847715616000073 ], [ 4.921875, 36.850725412000031 ], [ 4.931493401000068, 36.842199802000039 ], [ 4.936736107000058, 36.830940843000064 ], [ 4.95048821000006, 36.825561523000033 ], [ 4.964089155000067, 36.817120671000055 ], [ 4.985061049000024, 36.812195659000054 ], [ 4.988921762000075, 36.817616701000077 ], [ 5.005717039000046, 36.806473374000063 ], [ 5.014490008000053, 36.805081725000029 ], [ 5.01479721100003, 36.797383905000061 ], [ 5.03173315500004, 36.790171742000041 ], [ 5.042121530000031, 36.787640214000078 ], [ 5.047536731000037, 36.783231139000065 ], [ 5.070401311000069, 36.778796076000049 ], [ 5.090361357000063, 36.777346253000083 ], [ 5.095667839000043, 36.773613811000075 ], [ 5.101716280000062, 36.776749849000055 ], [ 5.108054757000048, 36.769112110000037 ], [ 5.101035952000075, 36.761283755000079 ], [ 5.095090628000037, 36.758580208000069 ], [ 5.090698481000061, 36.752014041000052 ], [ 5.07891488100006, 36.745576858000049 ], [ 5.08062863400005, 36.73476207300007 ], [ 5.07692170200005, 36.732836962000079 ], [ 5.077246427000034, 36.723614216000051 ], [ 5.084825754000065, 36.714257836000058 ], [ 5.086251140000059, 36.708323359000083 ], [ 5.101971269000046, 36.69625902100006 ], [ 5.138498545000061, 36.677507400000025 ], [ 5.17523372200003, 36.664612651000027 ], [ 5.180724144000067, 36.661493778000079 ], [ 5.220122338000067, 36.647629857000027 ], [ 5.238617659000056, 36.644637823000039 ], [ 5.243538618000059, 36.641807914000026 ], [ 5.272343158000069, 36.63758516300004 ], [ 5.30232393700004, 36.637027144000058 ], [ 5.314084530000059, 36.639441847000057 ], [ 5.334342480000032, 36.64093351300005 ], [ 5.344205618000046, 36.643106580000051 ], [ 5.365659953000034, 36.64400184200008 ], [ 5.376693129000046, 36.647457361000079 ], [ 5.392476201000022, 36.650275350000072 ], [ 5.403210759000046, 36.653955579000069 ], [ 5.419234514000038, 36.653567314000043 ], [ 5.431231857000057, 36.655266761000064 ], [ 5.432976842000073, 36.66310095800003 ], [ 5.437326550000023, 36.668179631000051 ], [ 5.444929719000072, 36.662167072000045 ], [ 5.450899005000053, 36.664847851000047 ], [ 5.463611245000038, 36.663974404000051 ], [ 5.485733151000034, 36.673344374000067 ], [ 5.493206262000058, 36.679121733000045 ], [ 5.499781847000065, 36.677672148000056 ], [ 5.505972147000023, 36.681417942000053 ], [ 5.507591962000049, 36.687192679000077 ], [ 5.518190742000058, 36.688320636000071 ], [ 5.521231055000044, 36.693334222000033 ], [ 5.527679324000076, 36.695304036000039 ], [ 5.529642463000073, 36.702767968000046 ], [ 5.537052751000033, 36.701564431000065 ], [ 5.541946411000026, 36.707669854000073 ], [ 5.552926540000044, 36.714943647000041 ], [ 5.557194829000025, 36.721276879000072 ], [ 5.552868724000064, 36.733979344000034 ], [ 5.555381655000076, 36.744415045000039 ], [ 5.566293121000058, 36.750151634000083 ], [ 5.567462563000049, 36.755976319000069 ], [ 5.573858738000069, 36.764412880000066 ], [ 5.579486847000055, 36.764385104000041 ], [ 5.598931908000054, 36.77780056000006 ], [ 5.607830644000046, 36.776003957000057 ], [ 5.625, 36.777343750000057 ], [ 5.637630344000058, 36.781117678000051 ], [ 5.652648807000048, 36.788993001000051 ], [ 5.656856417000029, 36.795917154000051 ], [ 5.677053929000067, 36.796687603000066 ], [ 5.679198145000043, 36.805862069000057 ], [ 5.699709773000052, 36.814508915000033 ], [ 5.706044078000048, 36.820874930000059 ], [ 5.712615609000068, 36.82074463400005 ], [ 5.722504258000072, 36.824033857000074 ], [ 5.729730248000067, 36.819610953000051 ], [ 5.738914370000032, 36.821992040000055 ], [ 5.739766240000051, 36.829298377000043 ], [ 5.759849548000034, 36.824531913000051 ], [ 5.763419866000049, 36.828290462000041 ], [ 5.776646256000049, 36.827574373000061 ], [ 5.774198055000056, 36.814194441000041 ], [ 5.788099050000028, 36.809757829000034 ], [ 5.793008805000056, 36.806346774000083 ], [ 5.808750629000031, 36.806112051000071 ], [ 5.843593120000037, 36.809759259000032 ], [ 5.875558138000031, 36.816969276000066 ], [ 5.896725059000062, 36.820726275000027 ], [ 5.90198016100004, 36.819044233000056 ], [ 5.923874736000073, 36.825026154000057 ], [ 5.933104515000025, 36.825681925000026 ], [ 5.951727867000045, 36.830606580000051 ], [ 5.977754354000069, 36.834549546000062 ], [ 6.001824021000061, 36.840204120000067 ], [ 6.007605076000061, 36.842994571000077 ], [ 6.028786421000063, 36.848442078000062 ], [ 6.068339467000044, 36.864925146000083 ], [ 6.07333815100003, 36.864987969000026 ], [ 6.098721027000067, 36.876636148000046 ], [ 6.117263675000061, 36.88100624100008 ], [ 6.14420592700003, 36.891035557000066 ], [ 6.149444342000038, 36.896400214000039 ], [ 6.155924320000054, 36.895317555000076 ], [ 6.181055665000031, 36.899860620000027 ], [ 6.186285257000065, 36.904702902000054 ], [ 6.192841649000059, 36.902652145000047 ], [ 6.212406277000071, 36.908533573000057 ], [ 6.241091609000023, 36.921484232000068 ], [ 6.250710249000065, 36.929997445000026 ], [ 6.252587080000069, 36.935783029000049 ], [ 6.263473034000071, 36.948441863000028 ], [ 6.264642835000075, 36.954683304000071 ], [ 6.259510755000065, 36.959805966000033 ], [ 6.254998446000059, 36.970803022000041 ], [ 6.245475411000029, 36.972122669000044 ], [ 6.239532471000075, 36.982316137000055 ], [ 6.240086674000054, 36.987564802000065 ], [ 6.24604451700003, 36.990402460000041 ], [ 6.249264717000074, 36.997591258000057 ], [ 6.261170626000023, 37.006851673000028 ], [ 6.262778759000071, 37.024935245000052 ], [ 6.27185845300005, 37.029722452000051 ], [ 6.294842720000076, 37.036026001000039 ], [ 6.314293742000075, 37.043910623000045 ], [ 6.320433855000033, 37.053215503000047 ], [ 6.325279355000021, 37.054871202000072 ], [ 6.337516307000044, 37.068898678000039 ], [ 6.346003652000036, 37.069504619000043 ], [ 6.366316438000069, 37.07778692200003 ], [ 6.384156823000069, 37.078518867000071 ], [ 6.392633558000057, 37.082214356000065 ], [ 6.406109452000067, 37.082731962000025 ], [ 6.415300846000036, 37.086758733000067 ], [ 6.42068266900003, 37.081772447000048 ], [ 6.437459469000032, 37.083625436000034 ], [ 6.448371172000066, 37.082475543000051 ], [ 6.470163823000064, 37.087908029000062 ], [ 6.482387543000073, 37.087549806000027 ], [ 6.493110419000061, 37.084996462000049 ], [ 6.497264147000067, 37.080528259000062 ], [ 6.509590149000076, 37.077126860000078 ], [ 6.514082909000024, 37.07128536700003 ], [ 6.512505770000075, 37.063080907000028 ], [ 6.519688248000023, 37.061844826000026 ], [ 6.519873142000051, 37.054386854000029 ], [ 6.532541275000028, 37.051797509000039 ], [ 6.541266323000059, 37.051856280000038 ], [ 6.544236540000043, 37.048364043000049 ], [ 6.54008221600003, 37.033603310000046 ], [ 6.54998934300005, 37.026538849000083 ], [ 6.557623148000062, 37.025316715000031 ], [ 6.565156341000034, 37.029796958000077 ], [ 6.569954634000055, 37.028016567000066 ], [ 6.570026278000057, 37.021674872000062 ], [ 6.564377308000076, 37.011937380000063 ], [ 6.571370244000036, 37.008976817000075 ], [ 6.577314139000066, 37.014511347000052 ], [ 6.581314445000032, 37.010864138000045 ], [ 6.568711042000075, 37.001502275000064 ], [ 6.564614415000051, 36.995152712000049 ], [ 6.564852834000021, 36.989324212000042 ], [ 6.570300579000047, 36.98226201600005 ], [ 6.592170120000048, 36.971004725000057 ], [ 6.596838951000052, 36.971751452000035 ], [ 6.614719152000021, 36.969444632000034 ], [ 6.630084753000062, 36.974468827000067 ], [ 6.625275970000075, 36.966297030000078 ], [ 6.635578870000074, 36.956785559000025 ], [ 6.640538216000039, 36.955546617000039 ], [ 6.646613359000071, 36.960623622000071 ], [ 6.654495955000073, 36.956080675000067 ], [ 6.662662626000042, 36.959183574000065 ], [ 6.667801023000038, 36.948533416000032 ], [ 6.676045775000034, 36.950014472000078 ], [ 6.678811431000042, 36.957676769000045 ], [ 6.687976957000046, 36.955788254000026 ], [ 6.687532664000059, 36.948844552000025 ], [ 6.698571443000048, 36.951701641000056 ], [ 6.709650159000034, 36.952501655000049 ], [ 6.713392377000048, 36.946300149000024 ], [ 6.720604420000029, 36.944788814000049 ], [ 6.743865013000061, 36.949382663000051 ], [ 6.748268247000055, 36.95461487700004 ], [ 6.747402310000041, 36.96276903100005 ], [ 6.752213358000063, 36.963960051000072 ], [ 6.752319217000036, 36.949912310000059 ], [ 6.764356852000049, 36.948424816000056 ], [ 6.769915580000031, 36.944890261000069 ], [ 6.778838277000034, 36.946288109000079 ], [ 6.784619451000026, 36.950111627000069 ], [ 6.784065962000057, 36.954426169000051 ], [ 6.794407963000026, 36.954523564000056 ], [ 6.801681042000041, 36.957369327000038 ], [ 6.810027957000045, 36.949850917000049 ], [ 6.816403032000039, 36.947954416000073 ], [ 6.83232283600006, 36.951789021000025 ], [ 6.840338946000031, 36.956419944000061 ], [ 6.84982764800003, 36.954594135000029 ], [ 6.844638109000073, 36.944421768000041 ], [ 6.848053575000051, 36.934813141000063 ], [ 6.860544920000052, 36.931452155000045 ], [ 6.867339254000058, 36.934056044000044 ], [ 6.880669713000032, 36.927123308000034 ], [ 6.887472868000032, 36.918630719000078 ], [ 6.880018950000022, 36.901283621000061 ], [ 6.88091754900006, 36.897163153000065 ], [ 6.890652537000051, 36.890271426000027 ], [ 6.901672721000068, 36.886490226000035 ], [ 6.913424372000065, 36.888084174000028 ], [ 6.922087311000041, 36.882493615000051 ], [ 6.930914044000076, 36.880551576000073 ], [ 6.935373545000061, 36.883140445000038 ], [ 6.949470044000066, 36.882290244000046 ], [ 6.967682124000021, 36.884516836000046 ], [ 7.013333440000054, 36.89429044700006 ], [ 7.035510660000057, 36.901070476000029 ], [ 7.052474618000076, 36.907555341000034 ], [ 7.055615544000034, 36.914062500000057 ], [ 7.070095539000022, 36.916100263000033 ], [ 7.078148842000076, 36.918949366000049 ], [ 7.093036771000072, 36.921350003000043 ], [ 7.108549237000034, 36.917748452000069 ], [ 7.131487846000027, 36.907940507000035 ], [ 7.143616914000063, 36.911691546000043 ], [ 7.146492005000027, 36.917200804000061 ], [ 7.16436505300004, 36.919483304000039 ], [ 7.176854849000051, 36.925794244000031 ], [ 7.193063736000056, 36.936971068000048 ], [ 7.215514660000053, 36.954343319000031 ], [ 7.231748343000049, 36.97025203700008 ], [ 7.246980071000053, 36.990474105000033 ], [ 7.251382947000025, 36.988544464000029 ], [ 7.255292058000066, 36.997327923000057 ], [ 7.252345204000051, 37.004326105000075 ], [ 7.257037163000064, 37.021374941000033 ], [ 7.249887347000026, 37.027124047000029 ], [ 7.24852764600007, 37.033633709000071 ], [ 7.241587519000063, 37.038337231000071 ], [ 7.221373558000039, 37.043497562000027 ], [ 7.198459029000048, 37.062008500000047 ], [ 7.191387653000049, 37.064760327000045 ], [ 7.18097651000005, 37.075798750000047 ], [ 7.168208480000033, 37.076496363000047 ], [ 7.169718981000074, 37.081157923000035 ], [ 7.177012802000036, 37.084050059000049 ], [ 7.184280514000022, 37.081742168000062 ], [ 7.191166520000024, 37.075441956000077 ], [ 7.196898341000065, 37.075524331000054 ], [ 7.199862838000058, 37.083051920000059 ], [ 7.211744309000039, 37.089843750000057 ], [ 7.217787504000057, 37.086875558000031 ], [ 7.232451916000059, 37.087740540000027 ], [ 7.236161471000059, 37.083586454000056 ], [ 7.251944780000031, 37.080605149000064 ], [ 7.261684179000042, 37.074731469000028 ], [ 7.264986158000056, 37.069504857000027 ], [ 7.274248242000056, 37.066177845000027 ], [ 7.286229252000055, 37.069813848000024 ], [ 7.283801556000071, 37.077226878000033 ], [ 7.296231269000032, 37.082257509000051 ], [ 7.30767750800004, 37.072687745000053 ], [ 7.32890296000005, 37.065847635000068 ], [ 7.337750554000024, 37.064801455000065 ], [ 7.350232840000047, 37.066537022000034 ], [ 7.351253629000041, 37.07063734500008 ], [ 7.360469222000063, 37.069975614000043 ], [ 7.37181031700004, 37.072345853000058 ], [ 7.369199515000048, 37.082073450000053 ], [ 7.37942945900005, 37.084672332000025 ], [ 7.390014171000075, 37.07885527600007 ], [ 7.391397238000025, 37.07011854600006 ], [ 7.38150274700007, 37.064718127000049 ], [ 7.383916378000038, 37.060228467000059 ], [ 7.394613862000028, 37.051792264000028 ], [ 7.397014857000045, 37.046427608000045 ], [ 7.413809061000052, 37.039500713000052 ], [ 7.430101037000043, 37.040591001000053 ], [ 7.440559268000072, 37.043698907000078 ], [ 7.454555631000062, 37.044535160000066 ], [ 7.467302203000031, 37.04711616000003 ], [ 7.487970114000063, 37.041899562000026 ], [ 7.512289524000039, 37.043059468000024 ], [ 7.518322349000073, 37.037564158000066 ], [ 7.520401955000068, 37.029714346000048 ], [ 7.525962353000068, 37.019455075000053 ], [ 7.553907871000035, 37.005550266000057 ], [ 7.557950854000069, 36.993130326000028 ], [ 7.568709374000036, 36.985111952000068 ], [ 7.590346337000028, 36.977660656000069 ], [ 7.592835426000022, 36.972964764000039 ], [ 7.62185370900005, 36.962169766000045 ], [ 7.629439354000056, 36.966498137000031 ], [ 7.635605932000033, 36.96414971400003 ], [ 7.648889661000055, 36.968528629000048 ], [ 7.65456271100004, 36.978267551000044 ], [ 7.65911901000004, 36.979770303000066 ], [ 7.664642453000056, 36.967366814000059 ], [ 7.682112456000027, 36.96885323500004 ], [ 7.690655947000039, 36.962727070000028 ], [ 7.704180360000066, 36.960772157000065 ], [ 7.701715708000052, 36.951637030000029 ], [ 7.711096167000051, 36.950191736000079 ], [ 7.721259355000029, 36.956002474000059 ], [ 7.730858922000039, 36.955117345000083 ], [ 7.740647554000077, 36.958643556000027 ], [ 7.755867839000075, 36.956823349000047 ], [ 7.766612053000074, 36.958946347000051 ], [ 7.78161573400007, 36.970101476000025 ], [ 7.792984844000045, 36.969493151000052 ], [ 7.780640841000036, 36.957572579000043 ], [ 7.783405304000041, 36.953032255000039 ], [ 7.774981141000069, 36.945152759000052 ], [ 7.768975854000075, 36.94478035000003 ], [ 7.767182350000041, 36.933558106000078 ], [ 7.761121750000029, 36.927436828000054 ], [ 7.772046566000029, 36.910188317000063 ], [ 7.776731730000051, 36.898322105000034 ], [ 7.761130929000046, 36.885385752000047 ], [ 7.765320539000072, 36.874874949000059 ], [ 7.77897596400004, 36.862921834000083 ], [ 7.796903849000046, 36.853473425000061 ], [ 7.81174373600004, 36.84899127500006 ], [ 7.84389150100003, 36.842942357000027 ], [ 7.872538447000068, 36.842155457000047 ], [ 7.910678267000037, 36.844028950000052 ], [ 7.935690522000073, 36.848154545000057 ], [ 7.94448733300004, 36.848513007000065 ], [ 7.990180016000068, 36.858020067000041 ], [ 7.99844992200002, 36.86170482600005 ], [ 8.008973002000062, 36.863410353000063 ], [ 8.054795742000067, 36.878520012000024 ], [ 8.077870011000073, 36.888695121000069 ], [ 8.084092856000041, 36.887812853000071 ], [ 8.089573145000031, 36.891892552000058 ], [ 8.116048455000055, 36.904007912000054 ], [ 8.125239253000075, 36.905159950000041 ], [ 8.139603972000032, 36.91083455100005 ], [ 8.165005326000028, 36.922528744000033 ], [ 8.19333744100004, 36.933663964000061 ], [ 8.199692249000066, 36.940739274000066 ], [ 8.20634317400004, 36.937490702000048 ], [ 8.208602309000071, 36.943675279000047 ], [ 8.226940632000037, 36.951930642000029 ], [ 8.24069714500007, 36.948928833000025 ], [ 8.24275076400005, 36.944223642000054 ], [ 8.241503238000064, 36.934444666000047 ], [ 8.251505137000038, 36.93343806300004 ], [ 8.264314056000046, 36.928392648000056 ], [ 8.265827179000041, 36.919369459000052 ], [ 8.282315969000024, 36.914981007000051 ], [ 8.299501657000064, 36.915781736000042 ], [ 8.303378343000077, 36.91838812900005 ], [ 8.313975930000026, 36.915454745000034 ], [ 8.328150511000047, 36.920804143000055 ], [ 8.339926243000036, 36.918605447000061 ], [ 8.350210667000056, 36.918818951000048 ], [ 8.359419704000061, 36.923069238000039 ], [ 8.362645626000074, 36.920276522000052 ], [ 8.380495548000056, 36.918159247000062 ], [ 8.383735657000045, 36.914062500000057 ], [ 8.403064132000054, 36.91463613500008 ], [ 8.409814358000062, 36.908278942000038 ], [ 8.423920035000037, 36.898554444000069 ], [ 8.433140278000053, 36.895845652000048 ], [ 8.439383030000045, 36.900896311000054 ], [ 8.452477812000041, 36.897400141000048 ], [ 8.483611941000049, 36.903063655000039 ], [ 8.48675405900002, 36.905773401000033 ], [ 8.502520562000029, 36.904910922000056 ], [ 8.515012145000071, 36.907785058000059 ], [ 8.527830958000038, 36.91567075200004 ], [ 8.551674246000061, 36.921044945000062 ], [ 8.554093957000021, 36.925435543000049 ], [ 8.578134418000047, 36.930730939000057 ], [ 8.59052121700006, 36.929160953000064 ], [ 8.592898965000074, 36.932756543000039 ], [ 8.600793361000058, 36.933195710000064 ], [ 8.608245730000021, 36.940527916000065 ], [ 8.616909623000026, 36.934308171000055 ], [ 8.628906369000049, 36.937033176000057 ], [ 8.637190342000054, 36.936407209000038 ], [ 8.655927777000045, 36.948617220000074 ], [ 8.678740263000066, 36.956296325000039 ], [ 8.693251014000055, 36.962538958000039 ], [ 8.700870156000065, 36.960666538000055 ], [ 8.712079406000043, 36.967662454000049 ], [ 8.716577530000052, 36.962398768000071 ], [ 8.726978064000036, 36.966189862000078 ], [ 8.735969901000033, 36.965543031000038 ], [ 8.739884019000044, 36.969638467000038 ], [ 8.754320860000064, 36.960243940000055 ], [ 8.756274104000056, 36.963974953000047 ], [ 8.766180048000024, 36.96243004400003 ], [ 8.803633453000032, 36.973001551000038 ], [ 8.500000003000025, 38.000000025000077 ], [ 0.500000004000071, 38.000000025000077 ], [ 0.500000004000071, 37.000000019000026 ], [ -0.999999980999974, 37.000000019000026 ], [ -0.999999980999974, 36.500000040000032 ], [ -1.500000007999972, 36.500000040000032 ], [ -1.500000007999972, 36.000000013000033 ], [ -2.216666674999942, 36.000000013000033 ], [ -2.21670169999993, 35.085579106000068 ] ] ] } },
{ "type": "Feature", "properties": { "F_AREA": "37", "CENTER_X": 3.46, "SECT_COD": "GSA05", "TSECT_COD": 42.0, "F_DIVISION": "37.1.1", "F_SUBAREA": "37.1", "CENTER_Y": 39.17, "SMU_NAME_F": "Iles Bal‚ares", "F_GSA": "37.1.1.5", "F_GSA_LIB": "GSA 5", "SMU_NAME": "Balearic Islands", "SMU_CODE": 5.0, "AF_CONF": 0.0, "gsa_num": 5.0 }, "geometry": { "type": "Polygon", "coordinates": [ [ [ 6.000000012000044, 40.499999968000054 ], [ 2.000000036000074, 40.499999968000054 ], [ 2.000000036000074, 39.999999989000059 ], [ 1.500000010000065, 39.999999989000059 ], [ 1.500000010000065, 39.499999962000061 ], [ 0.500000004000071, 39.499999962000061 ], [ 0.500000004000071, 38.000000025000077 ], [ 6.000000012000044, 38.000000025000077 ], [ 6.000000012000044, 40.499999968000054 ] ], [ [ 3.911369874000058, 39.924875723000071 ], [ 3.896827792000067, 39.92251569900003 ], [ 3.890971542000045, 39.923880101000066 ], [ 3.87548077100007, 39.921667933000037 ], [ 3.854920001000039, 39.92158782100006 ], [ 3.842239618000065, 39.925491452000074 ], [ 3.825198650000061, 39.92295014900003 ], [ 3.820572257000038, 39.925345659000072 ], [ 3.821751476000031, 39.937049627000079 ], [ 3.826039433000062, 39.946034432000033 ], [ 3.824471950000031, 39.952219844000069 ], [ 3.834068656000056, 39.96072042000003 ], [ 3.829748034000033, 39.969192625000062 ], [ 3.831276655000067, 39.979376316000071 ], [ 3.824782133000042, 39.996326447000058 ], [ 3.813189268000031, 39.994763136000074 ], [ 3.80766034100003, 39.999335647000066 ], [ 3.800848365000036, 39.99697291800004 ], [ 3.794591308000065, 40.0 ], [ 3.795445323000024, 40.008911610000041 ], [ 3.790897370000039, 40.015014767000025 ], [ 3.793998122000062, 40.020419359000073 ], [ 3.800831635000065, 40.021169697000062 ], [ 3.817896128000029, 40.039976478000028 ], [ 3.821749449000038, 40.05021083400004 ], [ 3.828209162000064, 40.053645969000058 ], [ 3.839384436000046, 40.052983046000065 ], [ 3.852185250000048, 40.05520832600007 ], [ 3.862770557000033, 40.054032445000075 ], [ 3.867187500000057, 40.057477713000026 ], [ 3.876652360000037, 40.052867175000074 ], [ 3.886568308000051, 40.058521032000051 ], [ 3.898452163000059, 40.059650421000072 ], [ 3.904633641000032, 40.057088256000043 ], [ 3.909894347000034, 40.048358559000064 ], [ 3.920063854000034, 40.056229115000065 ], [ 3.928040862000046, 40.058692575000066 ], [ 3.964524523000023, 40.058483868000053 ], [ 3.968689323000035, 40.053256630000078 ], [ 3.979103327000075, 40.050892115000067 ], [ 3.986115337000058, 40.052454949000037 ], [ 3.992873053000039, 40.058057874000042 ], [ 4.012340720000054, 40.057765332000031 ], [ 4.022534847000031, 40.060125231000029 ], [ 4.032009006000067, 40.065495252000062 ], [ 4.041596371000026, 40.057325707000075 ], [ 4.054101399000047, 40.057137794000027 ], [ 4.058799028000067, 40.059849024000073 ], [ 4.06698405800006, 40.056940913000062 ], [ 4.075172663000046, 40.06712460500006 ], [ 4.083015442000033, 40.069047570000066 ], [ 4.084290743000054, 40.075388550000071 ], [ 4.089753151000025, 40.077420235000034 ], [ 4.085299372000065, 40.087878347000071 ], [ 4.095088959000066, 40.088467717000071 ], [ 4.099651218000076, 40.083506227000044 ], [ 4.095001221000075, 40.080234647000054 ], [ 4.093336820000047, 40.07093715700006 ], [ 4.096917629000075, 40.065429211000037 ], [ 4.094542861000036, 40.058276653000064 ], [ 4.100906968000061, 40.054054260000044 ], [ 4.099735856000052, 40.050083518000065 ], [ 4.104791403000036, 40.044285655000067 ], [ 4.109804154000074, 40.05426192300007 ], [ 4.124929547000022, 40.054894567000083 ], [ 4.126185417000045, 40.06271564900004 ], [ 4.134433031000071, 40.062743545000046 ], [ 4.133625746000064, 40.057167054000047 ], [ 4.127948523000043, 40.049331546000083 ], [ 4.121049166000034, 40.03269147900005 ], [ 4.127365113000053, 40.026354671000036 ], [ 4.134339929000021, 40.035164953000049 ], [ 4.140565157000026, 40.035117507000052 ], [ 4.14198136300007, 40.049209237000071 ], [ 4.140915274000065, 40.056705951000026 ], [ 4.13712775700003, 40.060181260000029 ], [ 4.136414647000038, 40.067462445000047 ], [ 4.146136046000038, 40.066287637000073 ], [ 4.154701948000024, 40.067912817000035 ], [ 4.16812300600003, 40.06119024700007 ], [ 4.166290245000027, 40.05119473700006 ], [ 4.174440081000057, 40.050279958000033 ], [ 4.234971074000043, 39.999043336000057 ], [ 4.250475645000051, 40.002406955000026 ], [ 4.259790659000032, 39.986868977000029 ], [ 4.258544803000063, 39.970169425000051 ], [ 4.262142777000065, 39.964659334000032 ], [ 4.270602942000039, 39.959019542000078 ], [ 4.273865819000036, 39.950470447000043 ], [ 4.281216622000045, 39.951333404000025 ], [ 4.275589943000057, 39.938539147000029 ], [ 4.275374413000065, 39.932148814000072 ], [ 4.28678846300005, 39.921617746000038 ], [ 4.287026644000036, 39.912710428000025 ], [ 4.293261409000024, 39.91082096100007 ], [ 4.300280451000049, 39.898018837000052 ], [ 4.308991313000035, 39.899083137000048 ], [ 4.311097264000068, 39.880687713000043 ], [ 4.32437896700003, 39.879138470000044 ], [ 4.328058243000044, 39.876829028000031 ], [ 4.316527129000065, 39.870814562000078 ], [ 4.308691621000037, 39.870668650000027 ], [ 4.308783055000049, 39.879447580000033 ], [ 4.29677391000007, 39.884928823000052 ], [ 4.281427145000066, 39.894098639000049 ], [ 4.280772447000061, 39.885798216000069 ], [ 4.294066310000062, 39.881397605000075 ], [ 4.307694316000038, 39.86507952200003 ], [ 4.305541038000058, 39.859428764000029 ], [ 4.309132815000055, 39.849024177000047 ], [ 4.300467253000022, 39.839999080000041 ], [ 4.303954363000059, 39.835578561000034 ], [ 4.29518175100003, 39.827291965000029 ], [ 4.296803475000047, 39.822734356000069 ], [ 4.288444781000067, 39.815229659000067 ], [ 4.289309388000049, 39.809071064000079 ], [ 4.276390044000038, 39.806389956000032 ], [ 4.259860066000044, 39.809719967000035 ], [ 4.231932044000075, 39.818463445000077 ], [ 4.214926240000068, 39.826132511000026 ], [ 4.196341276000055, 39.832000375000064 ], [ 4.163475155000071, 39.849630952000041 ], [ 4.15794003000002, 39.854577303000042 ], [ 4.129702925000061, 39.86674320700007 ], [ 4.11767840400006, 39.869164944000033 ], [ 4.100830040000062, 39.877779959000065 ], [ 4.089580058000024, 39.887629965000031 ], [ 4.082220049000057, 39.897359990000041 ], [ 4.041110049000054, 39.915549998000074 ], [ 4.028610069000024, 39.919999979000067 ], [ 3.984720068000058, 39.930269969000051 ], [ 3.965560067000069, 39.93360997800005 ], [ 3.959979176000047, 39.937754869000059 ], [ 3.948521137000057, 39.933006048000038 ], [ 3.93924462800004, 39.935443759000066 ], [ 3.931344152000065, 39.931263566000041 ], [ 3.923110127000029, 39.931656242000031 ], [ 3.911369874000058, 39.924875723000071 ] ], [ [ 3.07495900400005, 39.269917213000042 ], [ 3.065160632000072, 39.265301943000054 ], [ 3.049522042000035, 39.265240669000029 ], [ 3.043300152000029, 39.273003817000074 ], [ 3.044466376000059, 39.276970625000047 ], [ 3.030227661000026, 39.282720805000054 ], [ 3.017849445000024, 39.294849635000048 ], [ 3.020091414000035, 39.303676963000044 ], [ 3.014247775000058, 39.309803009000063 ], [ 2.98652243600003, 39.315407514000071 ], [ 2.984003901000051, 39.324434042000064 ], [ 2.990046859000074, 39.326260567000077 ], [ 2.99208045000006, 39.332631707000075 ], [ 2.990009546000067, 39.338575601000059 ], [ 2.977295042000037, 39.352090001000079 ], [ 2.972157836000065, 39.352564335000068 ], [ 2.965169549000052, 39.359223247000045 ], [ 2.95709443100003, 39.363231301000042 ], [ 2.951927901000033, 39.359910250000041 ], [ 2.938665867000054, 39.363649965000029 ], [ 2.929040551000071, 39.363652825000031 ], [ 2.907475710000028, 39.356490850000057 ], [ 2.892829418000076, 39.360453844000062 ], [ 2.881627322000043, 39.365450859000077 ], [ 2.875635147000025, 39.362233877000051 ], [ 2.855620980000026, 39.362220645000029 ], [ 2.844301224000048, 39.365114808000051 ], [ 2.834481359000051, 39.36081802800004 ], [ 2.829529643000058, 39.355824351000081 ], [ 2.818053841000051, 39.35792374600004 ], [ 2.805794716000037, 39.366548538000075 ], [ 2.789528251000036, 39.361683845000073 ], [ 2.785909534000041, 39.367598415000032 ], [ 2.773858905000054, 39.376344680000045 ], [ 2.771436572000027, 39.38196277600008 ], [ 2.759625554000024, 39.387992262000068 ], [ 2.751845956000068, 39.393942237000033 ], [ 2.740574479000031, 39.408632159000035 ], [ 2.739238143000023, 39.417242050000027 ], [ 2.746306538000056, 39.432300329000043 ], [ 2.746389031000035, 39.441875219000053 ], [ 2.739781261000076, 39.453534126000079 ], [ 2.729460717000052, 39.463633776000052 ], [ 2.722151280000048, 39.475201368000057 ], [ 2.73485815500004, 39.484617352000043 ], [ 2.737822652000034, 39.492866754000033 ], [ 2.751029372000062, 39.50285542000006 ], [ 2.749007345000052, 39.509745955000028 ], [ 2.742710948000024, 39.518069148000052 ], [ 2.728326201000073, 39.530233741000075 ], [ 2.720162153000047, 39.534546614000078 ], [ 2.71083462200005, 39.53398942900003 ], [ 2.705158115000074, 39.54064452700004 ], [ 2.690716862000045, 39.54828417300007 ], [ 2.687771678000047, 39.553077102000032 ], [ 2.662636638000038, 39.562437772000067 ], [ 2.643980265000039, 39.564446807000024 ], [ 2.628631115000076, 39.564523459000043 ], [ 2.628875017000041, 39.552393556000027 ], [ 2.619766950000042, 39.54456090900004 ], [ 2.605859876000068, 39.551648259000046 ], [ 2.597249031000047, 39.546535015000075 ], [ 2.597100258000069, 39.542531132000079 ], [ 2.590085626000075, 39.533964634000029 ], [ 2.579470753000066, 39.531602502000055 ], [ 2.564407348000032, 39.531143546000067 ], [ 2.543566942000041, 39.523613214000079 ], [ 2.53680384200004, 39.519440651000025 ], [ 2.543480039000031, 39.50797033300006 ], [ 2.534260034000056, 39.505470156000058 ], [ 2.537324905000048, 39.498754621000046 ], [ 2.537097335000055, 39.487304569000059 ], [ 2.530099154000027, 39.479503632000046 ], [ 2.522917152000048, 39.475023151000073 ], [ 2.522048473000041, 39.456229925000059 ], [ 2.500907779000045, 39.460634350000078 ], [ 2.498089552000067, 39.468026638000026 ], [ 2.485005140000055, 39.472055078000039 ], [ 2.476912379000055, 39.47892820800007 ], [ 2.476097227000025, 39.490373850000026 ], [ 2.458921909000026, 39.499044537000032 ], [ 2.455923557000062, 39.505053044000078 ], [ 2.465415478000068, 39.513609767000048 ], [ 2.478770256000075, 39.513748169000053 ], [ 2.478048444000024, 39.518385530000046 ], [ 2.466891646000022, 39.518380880000052 ], [ 2.465347767000026, 39.52444207700006 ], [ 2.457317352000075, 39.534836054000039 ], [ 2.440666437000061, 39.532837748000077 ], [ 2.436696411000071, 39.526955127000065 ], [ 2.428591967000045, 39.527190328000074 ], [ 2.419114709000041, 39.524001121000026 ], [ 2.423392177000039, 39.535739303000071 ], [ 2.414219856000045, 39.538690925000026 ], [ 2.405678153000053, 39.535817147000046 ], [ 2.404914379000047, 39.526537180000048 ], [ 2.387794256000063, 39.520387411000058 ], [ 2.388171077000038, 39.53349292200005 ], [ 2.372531056000071, 39.531258226000034 ], [ 2.36536490900005, 39.532959342000026 ], [ 2.368306637000046, 39.538202643000034 ], [ 2.375255823000032, 39.538971305000075 ], [ 2.367005944000027, 39.553532243000063 ], [ 2.353915930000028, 39.556953431000068 ], [ 2.35423815200005, 39.563190460000051 ], [ 2.346413612000049, 39.564505577000034 ], [ 2.352679372000068, 39.572765470000029 ], [ 2.345027566000056, 39.587839126000063 ], [ 2.348149181000053, 39.596083045000057 ], [ 2.354747653000061, 39.597383261000061 ], [ 2.356081128000028, 39.604636312000025 ], [ 2.368133545000035, 39.614102245000026 ], [ 2.385374069000022, 39.613965749000045 ], [ 2.415378928000052, 39.629849076000028 ], [ 2.421286106000025, 39.635993958000029 ], [ 2.434885859000076, 39.643665314000032 ], [ 2.447613716000035, 39.648716569000051 ], [ 2.462275744000067, 39.652074933000051 ], [ 2.474792242000035, 39.662151456000061 ], [ 2.48199534400004, 39.67194175700007 ], [ 2.487861753000061, 39.670948624000061 ], [ 2.497357726000075, 39.683905005000042 ], [ 2.507862330000023, 39.690212607000035 ], [ 2.516735315000062, 39.691687941000055 ], [ 2.526904345000048, 39.70143795000007 ], [ 2.545087456000033, 39.698711038000056 ], [ 2.555609822000065, 39.700255156000026 ], [ 2.572214246000044, 39.711182355000062 ], [ 2.584889531000044, 39.716639041000064 ], [ 2.595801950000066, 39.72570264400008 ], [ 2.599581242000056, 39.732797861000051 ], [ 2.623080135000066, 39.74841106000008 ], [ 2.635183454000071, 39.765057206000051 ], [ 2.644719243000054, 39.762254477000056 ], [ 2.664347410000062, 39.775157571000079 ], [ 2.668141246000062, 39.79191792000006 ], [ 2.679080844000054, 39.798630953000043 ], [ 2.69019258000003, 39.795506954000075 ], [ 2.69451880500003, 39.805372477000049 ], [ 2.70013642300006, 39.811517239000068 ], [ 2.70589256300002, 39.810843945000045 ], [ 2.712443352000037, 39.81707334500004 ], [ 2.736220955000022, 39.827669263000075 ], [ 2.740746141000045, 39.832716107000067 ], [ 2.748330116000034, 39.828002811000033 ], [ 2.765304446000073, 39.835147023000047 ], [ 2.765080452000063, 39.842400908000059 ], [ 2.773736358000065, 39.844283820000051 ], [ 2.77823925000007, 39.855867148000073 ], [ 2.78987193100005, 39.855996251000079 ], [ 2.804502607000074, 39.853384256000027 ], [ 2.801599503000034, 39.859367967000026 ], [ 2.809046626000054, 39.861669064000068 ], [ 2.816139340000063, 39.857183218000046 ], [ 2.823209524000049, 39.858080864000051 ], [ 2.83806383600006, 39.864619613000059 ], [ 2.844066858000076, 39.861761451000064 ], [ 2.852957368000034, 39.874026776000051 ], [ 2.863510370000029, 39.875180841000031 ], [ 2.87494993200005, 39.878655433000063 ], [ 2.879652024000052, 39.88356411500007 ], [ 2.895831108000039, 39.894767166000065 ], [ 2.903344154000024, 39.898098468000057 ], [ 2.908801556000071, 39.895438910000053 ], [ 2.917309403000047, 39.896475554000062 ], [ 2.935981154000046, 39.904148102000079 ], [ 2.93868434500007, 39.911047935000056 ], [ 2.947227001000044, 39.918186545000026 ], [ 2.960963845000038, 39.915416479000051 ], [ 2.969409466000059, 39.909905910000077 ], [ 2.986463427000047, 39.909319043000039 ], [ 3.002666950000048, 39.92328500800005 ], [ 3.028218866000032, 39.934627056000068 ], [ 3.043260932000067, 39.929731250000032 ], [ 3.054627419000042, 39.933386922000068 ], [ 3.060988546000033, 39.93064165100003 ], [ 3.055412412000067, 39.921311259000049 ], [ 3.079419017000021, 39.92420303800003 ], [ 3.093817472000069, 39.935133457000063 ], [ 3.105282425000041, 39.931825042000071 ], [ 3.121966720000046, 39.931655169000067 ], [ 3.131724953000059, 39.939342618000069 ], [ 3.132762551000042, 39.944150567000065 ], [ 3.14376664200006, 39.949374319000071 ], [ 3.147138238000025, 39.954144359000054 ], [ 3.164062500000057, 39.959263444000051 ], [ 3.179554701000029, 39.961628556000051 ], [ 3.177256465000028, 39.951142311000069 ], [ 3.203898906000063, 39.956900358000041 ], [ 3.210615754000059, 39.961380959000053 ], [ 3.214233756000056, 39.955775618000075 ], [ 3.20844876700005, 39.95207595800008 ], [ 3.201424241000041, 39.942993641000051 ], [ 3.189584852000053, 39.941098929000077 ], [ 3.178411603000029, 39.936759830000028 ], [ 3.154530644000033, 39.922516942000073 ], [ 3.145148754000047, 39.923845052000047 ], [ 3.140966057000071, 39.92723965700003 ], [ 3.133290767000062, 39.926752210000075 ], [ 3.129605532000028, 39.918683052000063 ], [ 3.116526126000053, 39.910570741000072 ], [ 3.110779643000058, 39.911235929000043 ], [ 3.107901215000027, 39.905355930000042 ], [ 3.101418138000042, 39.909060002000047 ], [ 3.089325428000052, 39.910743237000077 ], [ 3.079728723000073, 39.901262522000025 ], [ 3.078915358000074, 39.890795112000035 ], [ 3.083645224000066, 39.874881029000051 ], [ 3.091113329000052, 39.865749479000051 ], [ 3.103335142000049, 39.857195019000073 ], [ 3.110916853000049, 39.858449459000042 ], [ 3.11698937400007, 39.864355445000058 ], [ 3.125065446000065, 39.86314690100005 ], [ 3.13139951200003, 39.869244576000028 ], [ 3.137971759000038, 39.865072131000034 ], [ 3.146790027000065, 39.866296649000049 ], [ 3.152223110000022, 39.871907950000029 ], [ 3.158487320000063, 39.871671677000052 ], [ 3.179666758000053, 39.883092045000069 ], [ 3.185583830000041, 39.88430595400007 ], [ 3.190025210000044, 39.892587543000047 ], [ 3.203766703000042, 39.889953614000035 ], [ 3.192719459000045, 39.881158232000075 ], [ 3.188363552000055, 39.881004572000052 ], [ 3.186015964000035, 39.868960023000056 ], [ 3.188250780000033, 39.862006545000042 ], [ 3.195485473000076, 39.857552171000066 ], [ 3.182510853000053, 39.843799353000065 ], [ 3.168952823000041, 39.83683562300007 ], [ 3.142172337000034, 39.834890723000058 ], [ 3.133326649000026, 39.836091518000046 ], [ 3.126949429000035, 39.840077877000056 ], [ 3.118385553000053, 39.829081058000043 ], [ 3.116622925000058, 39.818367720000026 ], [ 3.120504856000025, 39.802142740000079 ], [ 3.127135873000043, 39.791358829000046 ], [ 3.139175654000042, 39.778575301000046 ], [ 3.152840734000051, 39.767491341000039 ], [ 3.159614205000025, 39.766860723000029 ], [ 3.174800635000054, 39.757308960000046 ], [ 3.190334439000026, 39.753263712000035 ], [ 3.196811437000065, 39.748494506000043 ], [ 3.207449436000047, 39.745451808000041 ], [ 3.211152911000056, 39.74130690100003 ], [ 3.223225355000068, 39.737895846000072 ], [ 3.237191319000033, 39.731347561000064 ], [ 3.252591133000067, 39.729317069000047 ], [ 3.258664250000038, 39.734096646000069 ], [ 3.267292858000076, 39.733809471000029 ], [ 3.278282046000072, 39.739591718000042 ], [ 3.285830736000037, 39.74019134100007 ], [ 3.288599372000022, 39.744882106000034 ], [ 3.302613259000054, 39.750445366000065 ], [ 3.307097912000074, 39.754379034000067 ], [ 3.325237155000025, 39.757641435000039 ], [ 3.33543264900004, 39.768791437000061 ], [ 3.335327745000029, 39.784073353000053 ], [ 3.34782505000004, 39.789414525000041 ], [ 3.360858678000056, 39.778486729000065 ], [ 3.373855710000043, 39.772979140000075 ], [ 3.374525070000061, 39.768327474000046 ], [ 3.38418221400002, 39.765011549000064 ], [ 3.404492021000067, 39.763746143000049 ], [ 3.418532968000022, 39.751301050000052 ], [ 3.427281022000045, 39.75153434300006 ], [ 3.433408857000074, 39.744746328000083 ], [ 3.458134532000031, 39.743701219000059 ], [ 3.462291956000058, 39.738141656000039 ], [ 3.453150153000024, 39.728659153000081 ], [ 3.452042341000038, 39.721852660000025 ], [ 3.47677314200007, 39.720103026000061 ], [ 3.477135778000047, 39.712725640000031 ], [ 3.470290423000051, 39.712229610000065 ], [ 3.457117915000026, 39.705529571000056 ], [ 3.45421207000004, 39.692524314000025 ], [ 3.458141923000028, 39.689438701000029 ], [ 3.45350766200005, 39.668935776000069 ], [ 3.456616760000031, 39.65726554400004 ], [ 3.454712033000021, 39.654897332000075 ], [ 3.44101893900006, 39.656139374000077 ], [ 3.437590241000066, 39.647404551000079 ], [ 3.439205408000021, 39.642981410000061 ], [ 3.433177829000044, 39.631859422000048 ], [ 3.424358368000071, 39.632372975000067 ], [ 3.408865333000051, 39.637188673000026 ], [ 3.403206944000033, 39.635416865000025 ], [ 3.392606735000072, 39.618708849000029 ], [ 3.393081427000027, 39.614285707000079 ], [ 3.384792447000052, 39.595957756000075 ], [ 3.38747537200004, 39.587640643000043 ], [ 3.394556045000058, 39.583900571000072 ], [ 3.403036952000036, 39.583267569000043 ], [ 3.404224515000067, 39.578822374000026 ], [ 3.395236254000054, 39.575136542000052 ], [ 3.378929615000061, 39.575989008000079 ], [ 3.372815848000073, 39.555905223000025 ], [ 3.36841845500004, 39.550299764000052 ], [ 3.361593008000057, 39.550340533000053 ], [ 3.354209304000051, 39.545520902000078 ], [ 3.340602517000036, 39.540095329000053 ], [ 3.340209723000044, 39.534210920000078 ], [ 3.330208540000058, 39.529237152000064 ], [ 3.301040053000065, 39.503324509000038 ], [ 3.301600217000043, 39.499686003000079 ], [ 3.293864012000029, 39.491804838000064 ], [ 3.294686436000063, 39.486476064000051 ], [ 3.283389807000049, 39.46810722400005 ], [ 3.27830481500007, 39.452939748000063 ], [ 3.276669144000039, 39.431815028000074 ], [ 3.277304531000027, 39.423705459000075 ], [ 3.274972320000074, 39.415633202000038 ], [ 3.268131971000059, 39.415354013000069 ], [ 3.254282356000033, 39.400426268000047 ], [ 3.254701257000022, 39.393828511000038 ], [ 3.244864345000053, 39.377460242000041 ], [ 3.232244611000056, 39.361221671000067 ], [ 3.223864436000042, 39.356737852000037 ], [ 3.203054309000038, 39.350747109000054 ], [ 3.191609145000029, 39.351237535000053 ], [ 3.192517876000068, 39.346136331000025 ], [ 3.185650944000031, 39.334343075000049 ], [ 3.173058033000075, 39.326624751000054 ], [ 3.161996722000026, 39.325133562000083 ], [ 3.152555466000024, 39.326938152000025 ], [ 3.141976475000035, 39.324865460000069 ], [ 3.142430663000027, 39.319810748000066 ], [ 3.13071465500002, 39.313097715000026 ], [ 3.123823762000029, 39.314775824000037 ], [ 3.081940039000074, 39.273049970000045 ], [ 3.07495900400005, 39.269917213000042 ] ], [ [ 1.345349550000037, 39.06683576100005 ], [ 1.347289032000049, 39.064788822000025 ], [ 1.36349272800004, 39.073337317000039 ], [ 1.365850807000072, 39.06417405600007 ], [ 1.376600147000033, 39.06313145200005 ], [ 1.38845062300004, 39.079410314000029 ], [ 1.398993134000023, 39.077392220000029 ], [ 1.416641355000024, 39.07789874100007 ], [ 1.419798851000053, 39.088690400000075 ], [ 1.427173973000038, 39.092401862000031 ], [ 1.440402627000026, 39.081279873000028 ], [ 1.444215417000067, 39.08818817100007 ], [ 1.453520060000073, 39.097116828000026 ], [ 1.469008446000032, 39.100559473000033 ], [ 1.473203935000072, 39.104856055000027 ], [ 1.485933781000028, 39.108995557000071 ], [ 1.493284225000025, 39.108711958000072 ], [ 1.492984057000058, 39.102273941000078 ], [ 1.49871575800006, 39.099818349000032 ], [ 1.508810759000028, 39.103207231000056 ], [ 1.506281614000045, 39.111165762000041 ], [ 1.514097452000044, 39.11637866500007 ], [ 1.524913550000065, 39.114985227000034 ], [ 1.532583128000056, 39.118192049000072 ], [ 1.542534351000029, 39.115560532000075 ], [ 1.537815333000026, 39.107036948000029 ], [ 1.555466414000023, 39.099909425000078 ], [ 1.558472753000046, 39.093469620000064 ], [ 1.568821549000063, 39.098148346000073 ], [ 1.582390308000072, 39.098214150000047 ], [ 1.605077756000071, 39.089659391000055 ], [ 1.598664523000025, 39.083860159000039 ], [ 1.607103348000066, 39.076491476000058 ], [ 1.600795150000067, 39.073493362000079 ], [ 1.591814280000051, 39.075652838000053 ], [ 1.588407159000042, 39.063659668000071 ], [ 1.594725371000038, 39.052719355000079 ], [ 1.609619260000045, 39.04398191000007 ], [ 1.608776331000058, 39.035778761000074 ], [ 1.620168448000072, 39.036876560000053 ], [ 1.620614528000033, 39.032702565000079 ], [ 1.615268946000072, 39.024183512000029 ], [ 1.607374906000075, 39.029551506000075 ], [ 1.603310228000055, 39.023879171000033 ], [ 1.596903563000069, 39.023437500000057 ], [ 1.593925714000022, 39.015081525000028 ], [ 1.582574248000071, 39.009637832000067 ], [ 1.582544565000035, 38.990024448000042 ], [ 1.579038859000036, 38.988435745000061 ], [ 1.562250376000065, 38.992700815000035 ], [ 1.550493121000045, 38.989470959000073 ], [ 1.538000346000047, 38.980456114000049 ], [ 1.531384707000029, 38.979077578000044 ], [ 1.532473207000066, 38.963354111000058 ], [ 1.529198765000046, 38.958020210000029 ], [ 1.52929544400007, 38.945371032000025 ], [ 1.51089453700007, 38.943219900000031 ], [ 1.505344153000067, 38.932174802000077 ], [ 1.489043236000043, 38.926748514000053 ], [ 1.48955905400004, 38.924213171000083 ], [ 1.479274512000074, 38.916603923000025 ], [ 1.477138043000025, 38.912489175000083 ], [ 1.464231014000063, 38.912646413000061 ], [ 1.454717159000041, 38.916514039000049 ], [ 1.451461315000074, 38.909402132000025 ], [ 1.439033866000045, 38.912638306000083 ], [ 1.439723015000027, 38.90729284300005 ], [ 1.43520021400002, 38.901981354000043 ], [ 1.424156904000029, 38.90450930600008 ], [ 1.418198347000043, 38.896561146000067 ], [ 1.412336111000059, 38.892904520000059 ], [ 1.40625, 38.88448655600007 ], [ 1.403476119000061, 38.87573027600007 ], [ 1.408113718000038, 38.858420253000077 ], [ 1.402319908000038, 38.847656250000057 ], [ 1.407227754000075, 38.832460046000051 ], [ 1.393233180000038, 38.840278149000028 ], [ 1.384965300000033, 38.841650248000064 ], [ 1.38097894200007, 38.834277630000031 ], [ 1.371824145000062, 38.833011508000027 ], [ 1.367715955000051, 38.835761428000069 ], [ 1.370443821000038, 38.843605637000053 ], [ 1.359064102000048, 38.861864448000063 ], [ 1.343956351000031, 38.870196104000058 ], [ 1.328710914000055, 38.866492509000068 ], [ 1.32195925700006, 38.861385941000037 ], [ 1.31668770300007, 38.866874814000028 ], [ 1.305367470000022, 38.861078501000065 ], [ 1.300786257000027, 38.86617255200008 ], [ 1.297014713000067, 38.875555039000062 ], [ 1.273529705000044, 38.878041775000042 ], [ 1.25576301500007, 38.864728713000034 ], [ 1.255329251000035, 38.859056830000043 ], [ 1.248811960000069, 38.854933858000038 ], [ 1.244268207000062, 38.863818953000077 ], [ 1.227780224000071, 38.87165162000008 ], [ 1.222600341000032, 38.87828373900004 ], [ 1.224627733000034, 38.889350534000073 ], [ 1.220291734000057, 38.889473557000031 ], [ 1.213524222000046, 38.897386431000029 ], [ 1.213159433000044, 38.902157482000064 ], [ 1.219476342000064, 38.910793066000053 ], [ 1.220768452000073, 38.922456265000051 ], [ 1.228107333000025, 38.928438425000024 ], [ 1.235500813000044, 38.938790679000078 ], [ 1.230106950000049, 38.94140744200007 ], [ 1.22701752100005, 38.94980335200006 ], [ 1.218835950000027, 38.950848937000046 ], [ 1.214726925000036, 38.958375454000077 ], [ 1.225557804000061, 38.964551806000031 ], [ 1.229275942000072, 38.974594712000055 ], [ 1.244927167000071, 38.966563225000073 ], [ 1.250643134000029, 38.96925604300003 ], [ 1.275851250000073, 38.969911813000067 ], [ 1.283939839000027, 38.973978042000056 ], [ 1.300850869000044, 38.968510509000055 ], [ 1.307507754000028, 38.974024653000072 ], [ 1.298240900000053, 38.976006508000069 ], [ 1.296314954000024, 38.984799028000054 ], [ 1.284421563000024, 38.993252277000067 ], [ 1.283850670000049, 38.998798847000046 ], [ 1.29218101500004, 39.002891540000064 ], [ 1.294507623000072, 39.019278169000074 ], [ 1.290048957000067, 39.02792155800006 ], [ 1.304263830000025, 39.03621542500008 ], [ 1.311075568000035, 39.044188738000059 ], [ 1.326550603000044, 39.053432942000029 ], [ 1.342224359000056, 39.053483725000035 ], [ 1.345826626000076, 39.059834242000079 ], [ 1.345349550000037, 39.06683576100005 ] ], [ [ 1.44968977700006, 38.731194665000032 ], [ 1.464459658000067, 38.723294258000067 ], [ 1.473374963000026, 38.728374958000074 ], [ 1.479902149000054, 38.702417135000083 ], [ 1.500322581000034, 38.686719821000054 ], [ 1.512356639000075, 38.679988027000029 ], [ 1.531597376000036, 38.67340254800007 ], [ 1.537101746000076, 38.678694844000063 ], [ 1.551982045000045, 38.685442805000037 ], [ 1.56094074300006, 38.69184434400006 ], [ 1.570901751000065, 38.69150114100006 ], [ 1.582708001000071, 38.677036762000057 ], [ 1.585407853000049, 38.661829233000049 ], [ 1.575994968000032, 38.657492518000026 ], [ 1.571626663000075, 38.650126219000072 ], [ 1.546197534000044, 38.652064562000078 ], [ 1.536313057000029, 38.65129971500005 ], [ 1.523200750000058, 38.653185010000072 ], [ 1.507420420000074, 38.666804672000069 ], [ 1.493081451000023, 38.674628377000033 ], [ 1.47861780900007, 38.680445854000027 ], [ 1.46533465400006, 38.684070349000081 ], [ 1.452293850000046, 38.68470319000005 ], [ 1.443791812000029, 38.682965030000048 ], [ 1.436740831000066, 38.677742519000049 ], [ 1.431170940000073, 38.665247321000038 ], [ 1.417810917000054, 38.659745455000063 ], [ 1.41004920000006, 38.649937630000068 ], [ 1.394351602000029, 38.640657068000053 ], [ 1.385596752000026, 38.640808463000042 ], [ 1.383166552000034, 38.64772152900008 ], [ 1.385946476000072, 38.657944967000049 ], [ 1.384112687000027, 38.677649434000045 ], [ 1.38000631400007, 38.691027641000062 ], [ 1.388175607000051, 38.693925738000075 ], [ 1.389404058000025, 38.69919264300006 ], [ 1.386886239000034, 38.711593747000052 ], [ 1.380018115000041, 38.717157245000067 ], [ 1.398761630000024, 38.729988456000058 ], [ 1.40535664500004, 38.727957607000064 ], [ 1.413000345000057, 38.732237458000043 ], [ 1.421732426000062, 38.733248353000079 ], [ 1.427921534000063, 38.738147259000073 ], [ 1.43116724500004, 38.745362758000056 ], [ 1.429878831000053, 38.755129814000043 ], [ 1.434624672000041, 38.75619602200004 ], [ 1.432898760000057, 38.772777438000048 ], [ 1.429296732000068, 38.779944062000027 ], [ 1.41914951800004, 38.778184533000058 ], [ 1.416695118000064, 38.784740567000028 ], [ 1.422717809000062, 38.799283743000046 ], [ 1.431932449000044, 38.784195661000069 ], [ 1.436149955000076, 38.767158270000039 ], [ 1.438867450000032, 38.747061968000025 ], [ 1.44968977700006, 38.731194665000032 ] ] ] } },
{ "type": "Feature", "properties": { "F_AREA": "37", "CENTER_X": 1.30243, "SECT_COD": "GSA06", "TSECT_COD": 42.0, "F_DIVISION": "37.1.1", "F_SUBAREA": "37.1", "CENTER_Y": 40.364403, "SMU_NAME_F": "Nord Espagne", "F_GSA": "37.1.1.6", "F_GSA_LIB": "GSA 6", "SMU_NAME": "Northern Spain", "SMU_CODE": 6.0, "AF_CONF": 0.0, "gsa_num": 6.0 }, "geometry": { "type": "Polygon", "coordinates": [ [ [ 3.170384062000039, 42.427640315000083 ], [ 3.170715451000035, 42.415745855000068 ], [ 3.165449857000056, 42.410300255000038 ], [ 3.15720772700007, 42.406973362000031 ], [ 3.164062500000057, 42.40011155600007 ], [ 3.153465152000024, 42.394219637000049 ], [ 3.164062500000057, 42.386160731000075 ], [ 3.155362130000071, 42.379148602000043 ], [ 3.165573001000041, 42.374302506000049 ], [ 3.167250633000037, 42.368613124000035 ], [ 3.164915204000067, 42.360227347000034 ], [ 3.188027909000027, 42.350253750000029 ], [ 3.186079740000025, 42.343325853000067 ], [ 3.195649028000048, 42.335399747000054 ], [ 3.201396465000073, 42.335088730000052 ], [ 3.204327226000032, 42.347645759000045 ], [ 3.210294128000044, 42.344810247000055 ], [ 3.218192339000041, 42.350218416000075 ], [ 3.22948944500007, 42.352065921000083 ], [ 3.237010003000023, 42.349764467000057 ], [ 3.237421751000056, 42.34225452000004 ], [ 3.243263960000036, 42.335844636000047 ], [ 3.260753751000038, 42.335774779000083 ], [ 3.263268709000045, 42.34047853900006 ], [ 3.278556347000062, 42.337023259000034 ], [ 3.280442953000033, 42.332592249000072 ], [ 3.297523618000071, 42.329325557000061 ], [ 3.322329521000029, 42.319443822000039 ], [ 3.31861507900004, 42.314466715000037 ], [ 3.30275666700004, 42.310183644000062 ], [ 3.293209553000054, 42.301419735000025 ], [ 3.29861104500003, 42.286875605000034 ], [ 3.292226672000027, 42.282425046000071 ], [ 3.281472325000038, 42.286028504000058 ], [ 3.277500033000024, 42.280005217000053 ], [ 3.287442923000071, 42.270192146000056 ], [ 3.28711652800007, 42.263938665000069 ], [ 3.27654171000006, 42.252416014000062 ], [ 3.273076653000032, 42.25414085400007 ], [ 3.257688045000066, 42.250947237000048 ], [ 3.25771045700003, 42.243602276000047 ], [ 3.266242623000039, 42.241400837000072 ], [ 3.263996243000065, 42.236778736000083 ], [ 3.248935461000031, 42.239928245000051 ], [ 3.245082617000037, 42.247596741000052 ], [ 3.231671929000072, 42.249163747000068 ], [ 3.226704478000045, 42.237679005000075 ], [ 3.218070626000042, 42.232115864000029 ], [ 3.209149241000034, 42.239490748000037 ], [ 3.197708250000062, 42.243281722000063 ], [ 3.197765231000062, 42.246655941000029 ], [ 3.183709621000048, 42.245063543000072 ], [ 3.179937839000047, 42.25889122500007 ], [ 3.170628429000033, 42.264709354000047 ], [ 3.163121343000057, 42.264787912000031 ], [ 3.146981954000069, 42.258327842000028 ], [ 3.138092161000031, 42.252004623000062 ], [ 3.135948420000034, 42.246177912000064 ], [ 3.129809618000024, 42.24260604400007 ], [ 3.120121956000048, 42.230227471000035 ], [ 3.113634944000069, 42.215972424000029 ], [ 3.109653950000052, 42.193551421000052 ], [ 3.11035144300007, 42.176478744000065 ], [ 3.114606261000063, 42.148827076000032 ], [ 3.124852062000059, 42.130529165000041 ], [ 3.125378370000021, 42.127179742000067 ], [ 3.136785150000037, 42.126882673000068 ], [ 3.13878965400005, 42.120940924000081 ], [ 3.14451944800004, 42.116807937000033 ], [ 3.150385619000076, 42.121086717000026 ], [ 3.166081547000033, 42.113315106000073 ], [ 3.171749949000059, 42.114346743000056 ], [ 3.182786704000023, 42.104708076000065 ], [ 3.191843629000062, 42.091299653000078 ], [ 3.199482918000058, 42.083336115000066 ], [ 3.198900104000074, 42.078812242000026 ], [ 3.206108451000034, 42.074000836000039 ], [ 3.211812854000073, 42.061572075000072 ], [ 3.21243095400007, 42.054801702000077 ], [ 3.199654579000025, 42.052415013000029 ], [ 3.192917227000066, 42.024023771000032 ], [ 3.196093679000058, 42.005804539000053 ], [ 3.200200558000063, 41.993314504000068 ], [ 3.205814242000031, 41.982845068000074 ], [ 3.21424436500007, 41.974000215000046 ], [ 3.220859051000048, 41.974268556000027 ], [ 3.231747866000035, 41.968717932000061 ], [ 3.230041862000064, 41.963787675000049 ], [ 3.234045029000072, 41.958546162000061 ], [ 3.233459115000073, 41.950565338000047 ], [ 3.218344450000074, 41.942159056000037 ], [ 3.219882011000038, 41.934591055000055 ], [ 3.216372251000053, 41.917894125000032 ], [ 3.208618641000044, 41.917079449000028 ], [ 3.211832643000037, 41.909030080000029 ], [ 3.203535319000025, 41.892697454000029 ], [ 3.194968224000036, 41.893622637000078 ], [ 3.191339135000021, 41.887971401000073 ], [ 3.183461070000021, 41.887603044000059 ], [ 3.178956031000041, 41.87822234600003 ], [ 3.17657613700004, 41.866803765000043 ], [ 3.171468258000061, 41.86245286500008 ], [ 3.15865814700004, 41.859104276000039 ], [ 3.145060778000072, 41.857921720000029 ], [ 3.144391656000039, 41.848948002000043 ], [ 3.130315304000021, 41.84136092600005 ], [ 3.122304320000069, 41.848183870000071 ], [ 3.107166410000048, 41.846752405000075 ], [ 3.096208334000039, 41.840954303000046 ], [ 3.092839837000042, 41.832915306000075 ], [ 3.083953619000056, 41.826271653000049 ], [ 3.074039817000028, 41.821706057000029 ], [ 3.068880200000024, 41.815369248000025 ], [ 3.065169811000032, 41.804034353000077 ], [ 3.06666970200007, 41.800526381000054 ], [ 3.054615736000073, 41.786994457000048 ], [ 3.044594765000056, 41.778597355000045 ], [ 3.033170700000028, 41.780482769000059 ], [ 3.02549564800006, 41.773338675000048 ], [ 3.009951830000034, 41.771752715000048 ], [ 2.997690320000061, 41.76272595000006 ], [ 2.977112055000021, 41.756873250000069 ], [ 2.965381146000027, 41.74468612700008 ], [ 2.95540022900002, 41.736446261000026 ], [ 2.945675850000043, 41.725305558000059 ], [ 2.934896469000023, 41.720031738000046 ], [ 2.93412530400002, 41.714643479000074 ], [ 2.919974566000064, 41.71244454400005 ], [ 2.913954258000047, 41.70790886900005 ], [ 2.906121731000042, 41.70994031400005 ], [ 2.900099158000046, 41.705099702000041 ], [ 2.886987447000024, 41.701324940000063 ], [ 2.866366744000061, 41.698453546000053 ], [ 2.853356958000063, 41.699586630000056 ], [ 2.842702031000044, 41.693180919000042 ], [ 2.834795713000062, 41.694421649000049 ], [ 2.82981443400007, 41.690879702000075 ], [ 2.818608046000065, 41.687865854000052 ], [ 2.816429376000031, 41.682907820000025 ], [ 2.799015045000033, 41.672182322000026 ], [ 2.788406968000061, 41.669053912000038 ], [ 2.77743601800006, 41.649520278000068 ], [ 2.747242570000026, 41.643357515000048 ], [ 2.72340345300006, 41.632820249000083 ], [ 2.718200445000036, 41.628740072000028 ], [ 2.701774001000047, 41.62580764300003 ], [ 2.697090745000025, 41.622317672000065 ], [ 2.664022803000023, 41.612648845000081 ], [ 2.650496244000067, 41.609534264000047 ], [ 2.639872908000029, 41.604660153000054 ], [ 2.629757404000031, 41.602640152000049 ], [ 2.609363556000062, 41.594895602000065 ], [ 2.604264140000055, 41.594248056000026 ], [ 2.577543139000056, 41.584573746000046 ], [ 2.56916201100006, 41.582838654000057 ], [ 2.55935275500002, 41.576883316000078 ], [ 2.551504850000072, 41.578090072000066 ], [ 2.512954950000051, 41.561460615000051 ], [ 2.507086635000064, 41.556158543000038 ], [ 2.471271515000069, 41.546366334000027 ], [ 2.461034655000049, 41.54211640300008 ], [ 2.441416025000024, 41.529011607000029 ], [ 2.41726875300003, 41.515887857000052 ], [ 2.407138348000046, 41.508291363000069 ], [ 2.383945822000044, 41.497345448000033 ], [ 2.364396572000032, 41.48953354300005 ], [ 2.351915955000038, 41.485835075000068 ], [ 2.307648063000045, 41.475510359000054 ], [ 2.27819240100007, 41.464938640000071 ], [ 2.266568303000042, 41.459345341000073 ], [ 2.256168962000061, 41.45159041900007 ], [ 2.239218950000065, 41.432187081000052 ], [ 2.226369857000066, 41.41055345500007 ], [ 2.20685005200005, 41.395143509000029 ], [ 2.201860547000024, 41.38830435300008 ], [ 2.186134815000059, 41.37699174800008 ], [ 2.178922057000023, 41.373464942000055 ], [ 2.173383474000047, 41.363096952000035 ], [ 2.172402263000038, 41.353593946000046 ], [ 2.16889214500003, 41.34958505700007 ], [ 2.153068543000074, 41.34230911800006 ], [ 2.145446062000076, 41.335330248000048 ], [ 2.149060131000056, 41.329622150000034 ], [ 2.156448006000062, 41.341601014000048 ], [ 2.164942027000052, 41.339794159000064 ], [ 2.159618259000069, 41.32756233200007 ], [ 2.154168845000072, 41.327143908000039 ], [ 2.154986143000031, 41.315031051000062 ], [ 2.14950084700007, 41.309452057000051 ], [ 2.144587040000033, 41.309881210000071 ], [ 2.135675907000063, 41.297263980000025 ], [ 2.12230682400002, 41.294260025000028 ], [ 2.109902978000036, 41.287953138000034 ], [ 2.076309323000032, 41.276879311000073 ], [ 2.044537306000052, 41.269519329000047 ], [ 2.027352333000067, 41.26666545900008 ], [ 1.998532176000026, 41.264176249000059 ], [ 1.953880430000026, 41.264068961000078 ], [ 1.93732893400005, 41.262567043000047 ], [ 1.92443907300003, 41.256593347000035 ], [ 1.906068444000027, 41.254423856000074 ], [ 1.901729703000058, 41.249835849000078 ], [ 1.893466711000031, 41.249132037000038 ], [ 1.862091303000056, 41.238918066000053 ], [ 1.85205185500007, 41.234007716000065 ], [ 1.828737855000042, 41.235737204000031 ], [ 1.806497454000066, 41.234061956000062 ], [ 1.787264943000025, 41.224086046000025 ], [ 1.778047443000048, 41.223447442000065 ], [ 1.76260650100005, 41.218469739000057 ], [ 1.753231048000032, 41.219289422000031 ], [ 1.730883121000033, 41.215309858000069 ], [ 1.714959860000022, 41.211156249000055 ], [ 1.705938339000056, 41.207103253000071 ], [ 1.696931124000059, 41.207838654000057 ], [ 1.689044357000057, 41.205723524000064 ], [ 1.673773169000071, 41.197534680000047 ], [ 1.648508430000049, 41.196334720000038 ], [ 1.630121946000031, 41.191993833000026 ], [ 1.585814238000069, 41.188307523000049 ], [ 1.563215256000035, 41.185796738000079 ], [ 1.521264315000053, 41.179518580000035 ], [ 1.472289205000038, 41.165808559000027 ], [ 1.462754965000045, 41.164870024000038 ], [ 1.45204865900007, 41.159342646000027 ], [ 1.446650863000059, 41.15954935600007 ], [ 1.436189175000038, 41.155221343000051 ], [ 1.410303355000053, 41.14216530300007 ], [ 1.404256344000032, 41.140027642000064 ], [ 1.399433613000042, 41.133082151000053 ], [ 1.39064753100007, 41.131146431000047 ], [ 1.381299257000023, 41.134524942000041 ], [ 1.371167541000034, 41.132812500000057 ], [ 1.358713030000047, 41.127838850000046 ], [ 1.348399162000021, 41.12819111400006 ], [ 1.343510628000047, 41.125140667000039 ], [ 1.336009741000055, 41.128022671000053 ], [ 1.32197105900002, 41.129853964000063 ], [ 1.306684852000046, 41.129338026000028 ], [ 1.294138074000045, 41.126499534000061 ], [ 1.282352447000051, 41.119782210000039 ], [ 1.274510741000029, 41.118344307000029 ], [ 1.27137374800003, 41.112886906000028 ], [ 1.256069541000045, 41.111786247000055 ], [ 1.247846127000059, 41.103010416000075 ], [ 1.237598181000067, 41.099925160000055 ], [ 1.231526852000059, 41.093901157000062 ], [ 1.222200870000052, 41.10320901800003 ], [ 1.21373415000005, 41.102659226000071 ], [ 1.190993547000062, 41.087749958000074 ], [ 1.178664446000028, 41.068923355000038 ], [ 1.181959033000055, 41.063829541000075 ], [ 1.172640443000034, 41.054911971000081 ], [ 1.161948800000062, 41.055313110000043 ], [ 1.157110929000055, 41.064408779000075 ], [ 1.147961259000056, 41.065427065000051 ], [ 1.143817425000066, 41.072532058000029 ], [ 1.130367518000071, 41.074761153000054 ], [ 1.118379236000067, 41.073898911000072 ], [ 1.101879358000076, 41.070282936000069 ], [ 1.086000324000054, 41.064226151000071 ], [ 1.073063970000021, 41.066321015000028 ], [ 1.050292968000065, 41.064208746000077 ], [ 1.02343344600007, 41.051938415000052 ], [ 1.01725041900005, 41.051475048000043 ], [ 1.004057049000039, 41.043065548000072 ], [ 0.992103815000064, 41.042222380000055 ], [ 0.978907108000044, 41.035998941000059 ], [ 0.966914058000043, 41.028535605000059 ], [ 0.952374577000057, 41.017270446000055 ], [ 0.941007972000023, 41.005859256000065 ], [ 0.933598757000027, 40.996224761000065 ], [ 0.930772066000031, 40.988195777000051 ], [ 0.916309238000054, 40.988957167000081 ], [ 0.903903842000034, 40.976759672000071 ], [ 0.897529244000054, 40.974577070000066 ], [ 0.875457168000025, 40.951286674000073 ], [ 0.862478375000023, 40.946534276000079 ], [ 0.850681067000039, 40.926194549000058 ], [ 0.837540150000052, 40.918669820000048 ], [ 0.836848259000021, 40.913721919000068 ], [ 0.829661847000068, 40.908836007000048 ], [ 0.827314258000058, 40.903041244000065 ], [ 0.797258616000022, 40.874464750000072 ], [ 0.790688634000048, 40.86535215300006 ], [ 0.779902101000062, 40.859687567000037 ], [ 0.769486308000069, 40.856887340000071 ], [ 0.761573076000047, 40.846325039000078 ], [ 0.753094673000021, 40.846221208000031 ], [ 0.745299816000056, 40.838394046000083 ], [ 0.74215281000005, 40.823503256000038 ], [ 0.735117554000055, 40.823376059000054 ], [ 0.732686758000057, 40.817885279000052 ], [ 0.711212874000068, 40.809130549000031 ], [ 0.706496239000046, 40.809285641000031 ], [ 0.699904204000063, 40.801045060000035 ], [ 0.708151579000059, 40.786173701000052 ], [ 0.724656224000057, 40.775761247000048 ], [ 0.729845643000033, 40.769816756000068 ], [ 0.745588780000048, 40.76513385800007 ], [ 0.759640932000025, 40.763143301000071 ], [ 0.770331145000057, 40.763807654000061 ], [ 0.782621622000022, 40.772267341000031 ], [ 0.763390780000066, 40.779544354000052 ], [ 0.740501523000034, 40.786800742000025 ], [ 0.730979919000049, 40.786060930000083 ], [ 0.726975560000028, 40.789856910000026 ], [ 0.748056054000074, 40.793497324000043 ], [ 0.762968778000072, 40.793496728000036 ], [ 0.771698475000051, 40.791255116000059 ], [ 0.778918623000038, 40.786194324000064 ], [ 0.79818511000002, 40.763941050000028 ], [ 0.825240850000057, 40.737275958000055 ], [ 0.839298129000042, 40.730777145000047 ], [ 0.858428716000049, 40.73446571900007 ], [ 0.859068751000052, 40.728794575000052 ], [ 0.853739142000052, 40.724415779000026 ], [ 0.864837408000028, 40.718808055000068 ], [ 0.873418331000039, 40.731933236000032 ], [ 0.878995061000069, 40.719404221000048 ], [ 0.877346874000068, 40.710731030000034 ], [ 0.869256974000052, 40.695660472000043 ], [ 0.863911748000021, 40.690091610000025 ], [ 0.846863151000036, 40.678851128000083 ], [ 0.831954121000024, 40.671956420000072 ], [ 0.809103012000037, 40.664116144000047 ], [ 0.770533443000033, 40.647738815000025 ], [ 0.757049322000057, 40.639776706000077 ], [ 0.736549258000025, 40.62109053100005 ], [ 0.722901106000052, 40.602968454000063 ], [ 0.705410958000073, 40.582279563000043 ], [ 0.68901121600004, 40.57003343100007 ], [ 0.67069125200004, 40.560489774000075 ], [ 0.648675681000043, 40.555274964000034 ], [ 0.639714956000034, 40.555454731000054 ], [ 0.625757933000045, 40.553042770000047 ], [ 0.611720204000051, 40.556114912000055 ], [ 0.603479623000055, 40.56128835700008 ], [ 0.596164345000034, 40.575493336000079 ], [ 0.615620971000055, 40.57948374700004 ], [ 0.617944836000049, 40.586529732000031 ], [ 0.628533245000028, 40.582339644000058 ], [ 0.636188150000066, 40.58256900300006 ], [ 0.63518321500004, 40.576304555000029 ], [ 0.641288877000022, 40.574957371000039 ], [ 0.649987460000034, 40.577947259000041 ], [ 0.655901074000042, 40.58647191600005 ], [ 0.661412359000053, 40.563642979000065 ], [ 0.666444659000035, 40.560961246000033 ], [ 0.679163218000042, 40.565659642000071 ], [ 0.696259141000041, 40.576758027000039 ], [ 0.705493450000063, 40.588045478000026 ], [ 0.694429159000038, 40.587365031000047 ], [ 0.696486354000058, 40.582119942000077 ], [ 0.687541246000023, 40.578572512000051 ], [ 0.680049300000064, 40.586752415000035 ], [ 0.683909774000028, 40.589748264000029 ], [ 0.703674913000043, 40.590122819000051 ], [ 0.711065650000023, 40.592663407000032 ], [ 0.739606142000071, 40.62593376600006 ], [ 0.744191170000022, 40.635362744000084 ], [ 0.740034223000066, 40.637804627000037 ], [ 0.725910068000076, 40.639200449000043 ], [ 0.707717776000038, 40.636335612000039 ], [ 0.692641855000034, 40.636518359000029 ], [ 0.679536939000059, 40.632945538000058 ], [ 0.664056062000043, 40.626447916000075 ], [ 0.634772658000031, 40.622518301000071 ], [ 0.612938404000033, 40.623046756000065 ], [ 0.601315140000054, 40.621896148000083 ], [ 0.578181624000024, 40.600182652000058 ], [ 0.565089941000053, 40.58989417600003 ], [ 0.561227202000055, 40.584748506000039 ], [ 0.538399458000072, 40.566814303000058 ], [ 0.532904864000045, 40.553943634000063 ], [ 0.522401572000035, 40.541681170000061 ], [ 0.515438676000031, 40.525195956000061 ], [ 0.514577746000043, 40.518034339000053 ], [ 0.505355835000046, 40.506796241000075 ], [ 0.503917336000029, 40.502412677000052 ], [ 0.491479516000027, 40.488020658000039 ], [ 0.485319614000048, 40.476698637000027 ], [ 0.474624157000051, 40.464814424000053 ], [ 0.466216564000035, 40.459972739000079 ], [ 0.454398752000031, 40.442377806000025 ], [ 0.449112773000024, 40.439311147000069 ], [ 0.439548135000052, 40.42505490700006 ], [ 0.437036633000048, 40.414546847000054 ], [ 0.418442369000047, 40.401574254000025 ], [ 0.412631154000053, 40.390207052000051 ], [ 0.403494955000042, 40.36506855500005 ], [ 0.39837372300002, 40.353557944000045 ], [ 0.39347946700002, 40.351256847000059 ], [ 0.387205601000062, 40.340576530000078 ], [ 0.365948558000071, 40.32435011900003 ], [ 0.353871703000038, 40.310721516000058 ], [ 0.347775936000062, 40.296149254000056 ], [ 0.338233233000039, 40.292932153000038 ], [ 0.331712246000052, 40.280810952000024 ], [ 0.325974464000069, 40.275603652000029 ], [ 0.309915900000021, 40.267103076000069 ], [ 0.304646611000067, 40.259572148000075 ], [ 0.295827508000059, 40.257709742000031 ], [ 0.28981232600006, 40.250172854000027 ], [ 0.279820919000031, 40.244388223000051 ], [ 0.274667978000025, 40.238581538000062 ], [ 0.272012353000036, 40.224555373000051 ], [ 0.265063166000061, 40.208729624000057 ], [ 0.256146908000062, 40.203326821000083 ], [ 0.235043645000076, 40.198939562000078 ], [ 0.224539280000045, 40.194443345000025 ], [ 0.212324858000045, 40.185382128000072 ], [ 0.20254695400007, 40.181244135000043 ], [ 0.183699250000075, 40.162796021000077 ], [ 0.172070980000058, 40.143271566000067 ], [ 0.148832559000027, 40.098644733000071 ], [ 0.146720052000035, 40.091165542000056 ], [ 0.148978353000075, 40.086383462000072 ], [ 0.135786533000044, 40.080016256000079 ], [ 0.135336637000023, 40.074284673000079 ], [ 0.119953632000033, 40.061413646000062 ], [ 0.107784867000021, 40.056124926000052 ], [ 0.08298635500006, 40.056324959000051 ], [ 0.070069671000056, 40.047060609000027 ], [ 0.05367672400007, 40.038457513000026 ], [ 0.045896054000025, 40.029746533000029 ], [ 0.040577054000039, 40.01616537600006 ], [ 0.034654379000074, 40.011165738000045 ], [ 0.027668953000045, 39.994516134000037 ], [ 0.022901178000041, 39.979292512000029 ], [ 0.032754302000058, 39.968948245000036 ], [ 0.028274536000026, 39.96697425900004 ], [ 0.017663121000055, 39.974243044000048 ], [ 0.006583452000029, 39.96160817100008 ], [ 0.006873608000035, 39.949722171000083 ], [ 0.002583146000063, 39.946745157000066 ], [ 0.002730370000052, 39.937816977000068 ], [ -0.005495547999942, 39.915297628000083 ], [ -0.011693477999927, 39.907721758000037 ], [ -0.030374645999927, 39.897252322000043 ], [ -0.045753120999962, 39.882435918000056 ], [ -0.059916614999963, 39.871578813000042 ], [ -0.065413474999957, 39.861311316000069 ], [ -0.077843546999929, 39.862395167000045 ], [ -0.087425469999971, 39.855825543000037 ], [ -0.101837753999973, 39.833747745000039 ], [ -0.11907565599995, 39.816105724000067 ], [ -0.124087809999935, 39.807101012000032 ], [ -0.136466741999925, 39.790027856000052 ], [ -0.14160084699995, 39.786325455000053 ], [ -0.151570438999954, 39.769992352000031 ], [ -0.154094218999944, 39.768574714000067 ], [ -0.182668447999959, 39.732108355000037 ], [ -0.190176963999932, 39.719133020000072 ], [ -0.196954964999975, 39.70394301400006 ], [ -0.202908038999965, 39.682896256000049 ], [ -0.204222440999956, 39.670574904000034 ], [ -0.209909677999974, 39.660863042000074 ], [ -0.218253254999979, 39.651040673000068 ], [ -0.220692037999925, 39.643443466000065 ], [ -0.237225412999976, 39.636266827000043 ], [ -0.249864220999939, 39.625385880000067 ], [ -0.26520562099995, 39.605869651000035 ], [ -0.275318026999969, 39.574921608000068 ], [ -0.283329248999962, 39.560508609000067 ], [ -0.292902230999971, 39.55429244000004 ], [ -0.316154241999925, 39.523236155000063 ], [ -0.322645425999951, 39.50397205400003 ], [ -0.322869777999927, 39.479520321000052 ], [ -0.321342944999969, 39.462905526000043 ], [ -0.326070665999964, 39.455696702000068 ], [ -0.324849247999964, 39.445802212000046 ], [ -0.318164109999941, 39.443618774000072 ], [ -0.320265053999947, 39.437541008000039 ], [ -0.329585313999928, 39.434561134000035 ], [ -0.308576941999945, 39.429751754000051 ], [ -0.31212925899996, 39.422700405000057 ], [ -0.329317927999966, 39.427539110000055 ], [ -0.332875370999943, 39.414674163000029 ], [ -0.324769972999945, 39.385765433000074 ], [ -0.314014434999933, 39.35584282800005 ], [ -0.292424558999926, 39.30650031600004 ], [ -0.288105248999955, 39.29800987200008 ], [ -0.273185729999966, 39.276060104000067 ], [ -0.261330365999925, 39.255450249000035 ], [ -0.248137950999933, 39.229497433000063 ], [ -0.234184145999961, 39.208897471000057 ], [ -0.222856640999964, 39.189160824000055 ], [ -0.216102003999936, 39.185678125000038 ], [ -0.218993305999959, 39.181460977000029 ], [ -0.235744118999946, 39.179895520000059 ], [ -0.241279720999955, 39.170591354000067 ], [ -0.241280078999978, 39.155563355000027 ], [ -0.236184716999958, 39.135977149000041 ], [ -0.227709650999941, 39.118421673000057 ], [ -0.227671741999927, 39.114536762000057 ], [ -0.220499753999945, 39.102491022000038 ], [ -0.208096741999952, 39.07264411500006 ], [ -0.187045454999975, 39.036622763000025 ], [ -0.179130553999926, 39.02554690900007 ], [ -0.15651130699996, 38.99850452000004 ], [ -0.153196572999946, 38.99099195000008 ], [ -0.135426163999966, 38.969315410000029 ], [ -0.131585359999974, 38.967697859000054 ], [ -0.107050775999937, 38.941590548000079 ], [ -0.086976408999931, 38.925191641000026 ], [ -0.070581554999933, 38.909808874000078 ], [ -0.040250062999974, 38.887862563000056 ], [ -0.014304637999942, 38.871107102000053 ], [ 0.008038401000022, 38.866566539000075 ], [ 0.021995544000049, 38.864958047000073 ], [ 0.035390020000023, 38.859799623000072 ], [ 0.046695113000055, 38.860580206000066 ], [ 0.051961422000034, 38.863553047000039 ], [ 0.08003926300006, 38.855895757000042 ], [ 0.096951366000042, 38.852446437000026 ], [ 0.101901769000051, 38.848603248000074 ], [ 0.114095449000047, 38.844831228000032 ], [ 0.124398351000025, 38.833341360000077 ], [ 0.132576943000061, 38.835263968000049 ], [ 0.148868919000051, 38.831579447000024 ], [ 0.164221049000048, 38.819219351000072 ], [ 0.183864355000026, 38.811733246000074 ], [ 0.197902918000068, 38.80450451300004 ], [ 0.197619557000053, 38.800225258000069 ], [ 0.183838963000028, 38.795632243000057 ], [ 0.184025169000051, 38.785264611000059 ], [ 0.192051172000049, 38.77535331200005 ], [ 0.211154341000054, 38.760646105000035 ], [ 0.220589042000029, 38.760898948000033 ], [ 0.225925326000038, 38.755166769000027 ], [ 0.224844932000053, 38.749458551000032 ], [ 0.235126853000054, 38.737524629000063 ], [ 0.231953740000051, 38.732182265000063 ], [ 0.219235063000042, 38.730682850000051 ], [ 0.20265841500003, 38.731417417000046 ], [ 0.197129250000046, 38.725153446000029 ], [ 0.182947158000047, 38.720865845000048 ], [ 0.176949859000047, 38.713567853000029 ], [ 0.167642236000063, 38.710052371000074 ], [ 0.165024757000026, 38.704171061000068 ], [ 0.156777859000044, 38.697994232000042 ], [ 0.156421542000032, 38.689672113000029 ], [ 0.153139949000035, 38.68324470500005 ], [ 0.14560556400005, 38.687355757000034 ], [ 0.122568011000055, 38.682575345000032 ], [ 0.115283728000065, 38.673144341000068 ], [ 0.102003456000034, 38.67355501600008 ], [ 0.089910150000037, 38.66527497800007 ], [ 0.075033546000043, 38.647785663000029 ], [ 0.073249340000075, 38.641821146000041 ], [ 0.083697081000025, 38.632109642000046 ], [ 0.071353317000046, 38.632806659000039 ], [ 0.068261027000062, 38.639236212000071 ], [ 0.048734308000064, 38.64143180800005 ], [ 0.041031003000057, 38.638471007000078 ], [ 0.031103969000071, 38.630893946000072 ], [ 0.03155934800003, 38.626238108000052 ], [ 0.014827609000065, 38.631384969000067 ], [ 0.00590741600007, 38.628208876000031 ], [ -0.004870652999955, 38.629946232000066 ], [ -0.013793706999934, 38.627150178000079 ], [ -0.029461741999967, 38.617464304000066 ], [ -0.040245532999961, 38.603899717000047 ], [ -0.058735251999963, 38.586841345000039 ], [ -0.063785433999954, 38.576025725000079 ], [ -0.06375193599996, 38.571530819000031 ], [ -0.056654452999965, 38.568444610000029 ], [ -0.05034494399996, 38.56130504600003 ], [ -0.062238453999953, 38.551291823000042 ], [ -0.069583415999944, 38.541748047000056 ], [ -0.076125501999968, 38.536831855000059 ], [ -0.087289571999975, 38.532185674000061 ], [ -0.098170756999934, 38.523195744000077 ], [ -0.108920454999975, 38.528938055000026 ], [ -0.112963556999944, 38.534610748000034 ], [ -0.13537275799996, 38.536543846000029 ], [ -0.147393940999962, 38.536463738000066 ], [ -0.157788753999967, 38.532427430000041 ], [ -0.16683661999997, 38.523981452000051 ], [ -0.173243045999925, 38.515400767000074 ], [ -0.187010525999938, 38.51406133100005 ], [ -0.198132514999941, 38.514624714000036 ], [ -0.216918825999926, 38.506298423000032 ], [ -0.223266243999944, 38.50822746700004 ], [ -0.236682176999977, 38.499854327000037 ], [ -0.252533434999975, 38.49772095700007 ], [ -0.268886922999968, 38.49373877000005 ], [ -0.301966428999947, 38.481826544000057 ], [ -0.316244005999977, 38.474225164000075 ], [ -0.318185447999952, 38.470867276000035 ], [ -0.33681035099994, 38.460937500000057 ], [ -0.343107223999937, 38.455583573000069 ], [ -0.356756805999964, 38.448160410000071 ], [ -0.376101374999962, 38.441242337000062 ], [ -0.388493418999929, 38.428156615000034 ], [ -0.39247465099993, 38.414091945000052 ], [ -0.399690746999966, 38.412914872000052 ], [ -0.403523563999954, 38.407165765000059 ], [ -0.407333969999968, 38.393469930000037 ], [ -0.409822344999952, 38.377786517000061 ], [ -0.410206555999935, 38.360138536000079 ], [ -0.403568625999981, 38.352242709000052 ], [ -0.411663531999977, 38.351331234000043 ], [ -0.432750701999964, 38.355084777000059 ], [ -0.434862375999955, 38.36040008100008 ], [ -0.442857741999944, 38.362891435000051 ], [ -0.473936557999934, 38.347615123000026 ], [ -0.480980633999934, 38.338230014000032 ], [ -0.49400174699997, 38.329116464000037 ], [ -0.502390503999948, 38.335233569000025 ], [ -0.511703728999976, 38.323623776000034 ], [ -0.51661443699993, 38.309843302000047 ], [ -0.520388363999928, 38.292432427000051 ], [ -0.519324302999962, 38.267298341000071 ], [ -0.51557040199998, 38.252258778000055 ], [ -0.514030455999944, 38.234867453000049 ], [ -0.510559439999952, 38.229143143000051 ], [ -0.506982802999971, 38.213387847000035 ], [ -0.510786056999962, 38.200661659000048 ], [ -0.518120049999936, 38.193638444000051 ], [ -0.527723311999978, 38.189791441000068 ], [ -0.557156323999948, 38.189113140000075 ], [ -0.56629621999997, 38.191667676000066 ], [ -0.595064758999968, 38.188528657000063 ], [ -0.614398478999931, 38.173688650000031 ], [ -0.625778078999929, 38.154714942000055 ], [ -0.637967347999961, 38.137094974000028 ], [ -0.642291545999967, 38.111785055000041 ], [ -0.644316553999943, 38.105548620000029 ], [ -0.647902011999975, 38.077621817000079 ], [ -0.65319621499998, 38.046595574000037 ], [ -0.652613162999955, 38.009226441000067 ], [ -0.647026061999952, 38.004831076000073 ], [ -0.652105569999947, 37.997348547000058 ], [ -0.654728770999952, 37.984748721000074 ], [ -0.663117050999972, 37.97814345300003 ], [ -0.696786760999942, 37.969173432000048 ], [ -0.703125, 37.955481052000039 ], [ -0.704277872999967, 37.942127824000067 ], [ -0.71535301199998, 37.938494444000071 ], [ -0.721284269999956, 37.926478625000072 ], [ -0.721650838999949, 37.910013437000032 ], [ -0.732205032999957, 37.912074566000058 ], [ -0.740212678999967, 37.909046412000066 ], [ -0.750805258999947, 37.896854759000064 ], [ -0.753209948999938, 37.884047628000083 ], [ -0.752465366999957, 37.877783656000076 ], [ -0.755956649999973, 37.866594673000066 ], [ -0.760974764999958, 37.865910411000073 ], [ -0.762604713999963, 37.845306516000051 ], [ -0.758283376999941, 37.826305509000065 ], [ -0.750776647999942, 37.821417332000067 ], [ -0.761116862999927, 37.817163348000065 ], [ -0.761277555999925, 37.823773742000071 ], [ -0.766077518999964, 37.826591134000068 ], [ -0.768122553999945, 37.842095852000057 ], [ -0.776284933999932, 37.835093141000073 ], [ -0.773845433999952, 37.825287819000039 ], [ -0.774894356999937, 37.819077611000068 ], [ -0.793380856999931, 37.812394023000024 ], [ -0.802554368999949, 37.797420860000045 ], [ -0.800088524999978, 37.783070326000029 ], [ -0.827283263999959, 37.755971432000024 ], [ -0.840060471999948, 37.752353668000069 ], [ -0.848327874999939, 37.742550254000037 ], [ -0.850953458999925, 37.73118031000007 ], [ -0.858079551999936, 37.724724650000041 ], [ -0.859800814999971, 37.719361425000045 ], [ -0.85585963699998, 37.712175727000051 ], [ -0.840201139999976, 37.696996212000045 ], [ -0.833782434999932, 37.686587333000034 ], [ -0.828669905999959, 37.683133602000055 ], [ -0.822342276999962, 37.672662854000066 ], [ -0.799468636999961, 37.656278253000039 ], [ -0.786347745999933, 37.650725841000053 ], [ -0.750328778999972, 37.642120123000041 ], [ -0.747740745999977, 37.634817123000062 ], [ -0.740231156999926, 37.632286667000074 ], [ -0.727483867999979, 37.634371519000069 ], [ -0.722317337999925, 37.642873645000066 ], [ -0.724096655999972, 37.658231020000073 ], [ -0.734648227999969, 37.660405040000057 ], [ -0.733823179999945, 37.675236702000063 ], [ -0.740489839999952, 37.691486239000028 ], [ -0.741954564999958, 37.703345537000075 ], [ -0.745739578999974, 37.705987454000081 ], [ -0.740204214999949, 37.727209926000057 ], [ -0.739137648999929, 37.736962557000027 ], [ -0.743822454999929, 37.741953849000026 ], [ -0.748484133999966, 37.768035531000066 ], [ -0.754337548999956, 37.777698040000075 ], [ -0.745326279999972, 37.784588814000074 ], [ -0.739686369999959, 37.772402644000067 ], [ -0.745466350999948, 37.769348144000048 ], [ -0.745815753999977, 37.759832025000037 ], [ -0.741372823999939, 37.754006267000079 ], [ -0.728117227999974, 37.746243119000042 ], [ -0.733859657999972, 37.741706252000029 ], [ -0.738111257999947, 37.734239340000045 ], [ -0.737658142999976, 37.725878120000061 ], [ -0.740817546999949, 37.716378331000051 ], [ -0.740131854999959, 37.704660177000051 ], [ -0.733368158999951, 37.683992147000026 ], [ -0.725761055999953, 37.667227745000048 ], [ -0.721055268999976, 37.661715031000028 ], [ -0.710132956999928, 37.64160144300007 ], [ -0.697392105999938, 37.63288605200006 ], [ -0.701557278999928, 37.629925728000046 ], [ -0.707829355999934, 37.618827224000029 ], [ -0.714143156999967, 37.616816759000073 ], [ -0.717629908999925, 37.606761455000026 ], [ -0.731351375999964, 37.601180553000063 ], [ -0.75139665599994, 37.597509861000049 ], [ -0.770800828999938, 37.596819044000028 ], [ -0.776487111999927, 37.593250633000025 ], [ -0.782686352999974, 37.594016672000066 ], [ -0.790822267999943, 37.586391568000067 ], [ -0.810473441999932, 37.582558274000064 ], [ -0.821779846999959, 37.574553609000077 ], [ -0.831389426999976, 37.578065157000026 ], [ -0.842500209999969, 37.577520370000059 ], [ -0.845188378999978, 37.581325650000053 ], [ -0.85393023499995, 37.579050541000072 ], [ -0.866447567999955, 37.579344749000029 ], [ -0.869800447999978, 37.574997663000033 ], [ -0.877704619999975, 37.57775545100003 ], [ -0.878180503999943, 37.570140958000025 ], [ -0.90433311399994, 37.562695265000059 ], [ -0.914674758999979, 37.558743 ], [ -0.919571041999973, 37.553636550000078 ], [ -0.933970808999959, 37.558801413000026 ], [ -0.952686667999956, 37.557539820000045 ], [ -0.961119651999979, 37.558754444000051 ], [ -0.963214119999975, 37.563850914000056 ], [ -0.977919953999958, 37.574860038000054 ], [ -0.999999980999974, 37.576208504000078 ], [ -0.999999980999974, 37.000000019000026 ], [ 0.500000004000071, 37.000000019000026 ], [ 0.500000004000071, 39.499999962000061 ], [ 1.500000010000065, 39.499999962000061 ], [ 1.500000010000065, 39.999999989000059 ], [ 2.000000036000074, 39.999999989000059 ], [ 2.000000036000074, 40.499999968000054 ], [ 6.000000012000044, 40.499999968000054 ], [ 6.000000012000044, 41.784546350000028 ], [ 4.720212948000039, 42.075405075000049 ], [ 3.940106434000029, 42.252704576000042 ], [ 3.170384062000039, 42.427640315000083 ] ] ] } },
{ "type": "Feature", "properties": { "F_AREA": "37", "CENTER_X": 5.439301, "SECT_COD": "GSA07", "TSECT_COD": 42.0, "F_DIVISION": "37.1.2", "F_SUBAREA": "37.1", "CENTER_Y": 42.809611, "SMU_NAME_F": "Golfe du Lion", "F_GSA": "37.1.2.7", "F_GSA_LIB": "GSA 7", "SMU_NAME": "Gulf of Lion", "SMU_CODE": 7.0, "AF_CONF": 0.0, "gsa_num": 7.0 }, "geometry": { "type": "Polygon", "coordinates": [ [ [ 7.525000098000021, 43.784503038000025 ], [ 7.511154651000027, 43.780915022000045 ], [ 7.51150167000003, 43.774948120000033 ], [ 7.492823005000048, 43.768649817000039 ], [ 7.484570623000025, 43.760442615000045 ], [ 7.488064766000036, 43.749399543000038 ], [ 7.474361658000021, 43.750414848000048 ], [ 7.461051941000051, 43.759717464000062 ], [ 7.45382797700006, 43.758483529000046 ], [ 7.439616442000045, 43.746099352000051 ], [ 7.430587649000074, 43.741185546000054 ], [ 7.426905155000043, 43.73015642200005 ], [ 7.416484833000027, 43.723021746000029 ], [ 7.40619897800002, 43.718502879000027 ], [ 7.398605466000049, 43.718601226000033 ], [ 7.38751363800003, 43.722605705000035 ], [ 7.371109605000072, 43.718246222000062 ], [ 7.359719515000052, 43.722126841000033 ], [ 7.351782679000053, 43.714945554000053 ], [ 7.340327144000071, 43.712512850000053 ], [ 7.337877750000075, 43.706230879000032 ], [ 7.330369949000044, 43.698865414000068 ], [ 7.334258914000031, 43.692036628000039 ], [ 7.335793614000067, 43.67843973600003 ], [ 7.327683568000054, 43.673909425000033 ], [ 7.319831013000055, 43.689929843000073 ], [ 7.326331854000045, 43.69670474600008 ], [ 7.319754959000022, 43.704715371000077 ], [ 7.313539863000074, 43.70560467200005 ], [ 7.307783961000041, 43.695362449000072 ], [ 7.306126952000056, 43.684877277000055 ], [ 7.293342352000025, 43.686436534000052 ], [ 7.293398619000072, 43.689377308000083 ], [ 7.277586460000066, 43.693860412000049 ], [ 7.259784937000063, 43.693638444000051 ], [ 7.241557240000077, 43.68791854400007 ], [ 7.233459950000054, 43.681731820000039 ], [ 7.229917765000039, 43.67126965500006 ], [ 7.230468869000049, 43.664654732000031 ], [ 7.213231802000053, 43.647932052000051 ], [ 7.201005101000021, 43.645034313000053 ], [ 7.201903462000075, 43.651663661000043 ], [ 7.191898942000023, 43.657315850000032 ], [ 7.179754853000077, 43.653757453000026 ], [ 7.166142941000032, 43.656729221000035 ], [ 7.149534106000033, 43.647710800000027 ], [ 7.14267873700004, 43.639422655000033 ], [ 7.14020443000004, 43.632555008000054 ], [ 7.13476324100003, 43.628344059000028 ], [ 7.126886726000066, 43.607633114000066 ], [ 7.126012444000025, 43.592722773000048 ], [ 7.133776545000046, 43.589177966000079 ], [ 7.126344323000069, 43.574171663000072 ], [ 7.130206108000039, 43.570019007000042 ], [ 7.140313744000025, 43.56987917400005 ], [ 7.135885477000045, 43.556216121000034 ], [ 7.144797445000052, 43.551997662000083 ], [ 7.130761146000054, 43.543434501000029 ], [ 7.12005567500006, 43.545527101000062 ], [ 7.117472052000039, 43.548802376000026 ], [ 7.121805429000062, 43.557051658000034 ], [ 7.112508774000048, 43.56166207800004 ], [ 7.112926721000065, 43.566496015000041 ], [ 7.101023436000048, 43.570510030000037 ], [ 7.085080623000067, 43.569068074000029 ], [ 7.081597448000025, 43.563529849000084 ], [ 7.068369865000022, 43.561815620000061 ], [ 7.055190444000061, 43.547161460000041 ], [ 7.04941272700006, 43.546611547000055 ], [ 7.035430551000047, 43.53770172600008 ], [ 7.02839076600003, 43.548228026000061 ], [ 7.008500576000074, 43.547644019000074 ], [ 6.991098762000036, 43.548828125000057 ], [ 6.968826532000037, 43.54430615900003 ], [ 6.950066209000056, 43.53337133000008 ], [ 6.95013880700003, 43.526947260000043 ], [ 6.937883615000032, 43.514480352000078 ], [ 6.938491702000022, 43.50925815100004 ], [ 6.954357148000042, 43.505100966000043 ], [ 6.956504703000064, 43.496397257000069 ], [ 6.946660042000076, 43.491297841000062 ], [ 6.948807716000033, 43.486269474000039 ], [ 6.931848526000067, 43.483086229000037 ], [ 6.930365205000044, 43.474690438000039 ], [ 6.925939441000025, 43.467834950000054 ], [ 6.920409679000045, 43.448545933000048 ], [ 6.909581065000054, 43.446241617000055 ], [ 6.89948892600006, 43.441213846000039 ], [ 6.893943310000054, 43.429495931000083 ], [ 6.870924235000075, 43.424455046000048 ], [ 6.867074848000073, 43.433491230000072 ], [ 6.859843731000069, 43.433560371000056 ], [ 6.856648445000076, 43.424627900000075 ], [ 6.860444069000039, 43.421155929000065 ], [ 6.85876631800005, 43.414066911000077 ], [ 6.850959301000046, 43.410604119000027 ], [ 6.847201466000058, 43.414738655000065 ], [ 6.829149604000065, 43.417968750000057 ], [ 6.810460448000072, 43.413529754000081 ], [ 6.805130243000065, 43.414169550000054 ], [ 6.788263321000045, 43.407918811000059 ], [ 6.774519205000047, 43.414687753000067 ], [ 6.769082665000042, 43.420951366000054 ], [ 6.757746458000042, 43.423486710000077 ], [ 6.74458551400005, 43.418111801000066 ], [ 6.732114673000069, 43.408138275000056 ], [ 6.725931406000029, 43.39658606100005 ], [ 6.73210871200007, 43.38941335700008 ], [ 6.714967847000025, 43.371975779000081 ], [ 6.713005424000073, 43.36705994600004 ], [ 6.718294740000033, 43.359412432000056 ], [ 6.713926435000076, 43.353309512000067 ], [ 6.716682554000045, 43.347363353000048 ], [ 6.701322436000055, 43.343687654000064 ], [ 6.695067048000055, 43.340090751000048 ], [ 6.679687500000057, 43.340401650000047 ], [ 6.670388818000049, 43.333688856000038 ], [ 6.665590405000046, 43.319252849000065 ], [ 6.661448479000057, 43.313866377000068 ], [ 6.641691446000038, 43.304574132000027 ], [ 6.633595705000062, 43.306880474000025 ], [ 6.627841115000024, 43.303475141000035 ], [ 6.624736548000044, 43.295709849000048 ], [ 6.614560246000053, 43.29329681400003 ], [ 6.59792816700002, 43.284172177000073 ], [ 6.589735032000021, 43.282454252000029 ], [ 6.583353758000044, 43.277508259000058 ], [ 6.591350317000035, 43.266086936000079 ], [ 6.591156602000069, 43.262413621000064 ], [ 6.610622406000061, 43.264479279000057 ], [ 6.619866372000047, 43.263728380000032 ], [ 6.629327535000073, 43.26729905600007 ], [ 6.633337617000052, 43.272122740000043 ], [ 6.646259904000033, 43.273645401000067 ], [ 6.662834048000036, 43.264690757000039 ], [ 6.669613242000025, 43.26792514300007 ], [ 6.669112920000032, 43.275895953000031 ], [ 6.678379774000064, 43.278849840000078 ], [ 6.689637780000055, 43.27230060100004 ], [ 6.697423816000025, 43.26474285200004 ], [ 6.693011880000029, 43.260444164000035 ], [ 6.689721465000048, 43.251541853000049 ], [ 6.684210778000022, 43.250533104000056 ], [ 6.676077009000039, 43.244207859000028 ], [ 6.669114232000027, 43.246058941000058 ], [ 6.662590027000022, 43.238416672000028 ], [ 6.661983013000054, 43.219959617000029 ], [ 6.665102958000034, 43.210960149000073 ], [ 6.678001642000027, 43.203034639000066 ], [ 6.676962376000063, 43.195762753000054 ], [ 6.660098552000022, 43.196019769000031 ], [ 6.649354577000054, 43.187984824000068 ], [ 6.642924905000029, 43.187180638000029 ], [ 6.640599132000034, 43.170964837000042 ], [ 6.633360148000065, 43.172599434000063 ], [ 6.617900014000043, 43.159365654000055 ], [ 6.607833624000023, 43.171744943000078 ], [ 6.603363871000056, 43.173111558000073 ], [ 6.601195812000071, 43.182012558000054 ], [ 6.593188405000035, 43.185199261000037 ], [ 6.565743327000064, 43.187088251000034 ], [ 6.550718665000034, 43.187091946000066 ], [ 6.538198829000066, 43.180325150000051 ], [ 6.534387350000031, 43.17415380500006 ], [ 6.540496111000039, 43.16867411100003 ], [ 6.534854650000057, 43.163046241000075 ], [ 6.524118543000043, 43.165672064000034 ], [ 6.496978641000055, 43.151012301000037 ], [ 6.486699462000047, 43.151072740000075 ], [ 6.478840828000045, 43.15550053100003 ], [ 6.472643376000065, 43.15389084800006 ], [ 6.461736440000038, 43.157070160000046 ], [ 6.447317720000058, 43.152029633000041 ], [ 6.445037722000052, 43.144585848000077 ], [ 6.428938150000022, 43.151714206000065 ], [ 6.420652271000051, 43.147621035000043 ], [ 6.403350830000022, 43.149481058000049 ], [ 6.399164916000075, 43.146345377000046 ], [ 6.383140921000063, 43.143256902000083 ], [ 6.378085970000029, 43.136059046000071 ], [ 6.367730856000037, 43.136036754000031 ], [ 6.364046931000075, 43.129603624000026 ], [ 6.365696073000038, 43.119730950000083 ], [ 6.35914957500006, 43.116323352000052 ], [ 6.366511941000056, 43.103610158000038 ], [ 6.364733457000057, 43.089714765000053 ], [ 6.341317773000071, 43.088086248000025 ], [ 6.325036645000068, 43.094949126000074 ], [ 6.325284600000032, 43.099870324000051 ], [ 6.316310406000071, 43.106575012000064 ], [ 6.307022453000059, 43.107946277000053 ], [ 6.290406704000077, 43.106397748000063 ], [ 6.286754251000048, 43.114883304000045 ], [ 6.277095080000038, 43.12014520200006 ], [ 6.261133433000055, 43.121093750000057 ], [ 6.23876440600003, 43.112931728000035 ], [ 6.230649471000049, 43.112752557000078 ], [ 6.205680251000047, 43.116477251000049 ], [ 6.192474246000074, 43.109967828000038 ], [ 6.181372524000039, 43.10760283500008 ], [ 6.171366811000041, 43.100254655000072 ], [ 6.160096407000026, 43.087223768000058 ], [ 6.155323148000036, 43.078233480000051 ], [ 6.150559306000048, 43.063989520000064 ], [ 6.149605870000073, 43.04936146700004 ], [ 6.153052568000021, 43.035972834000063 ], [ 6.160920024000063, 43.033888459000025 ], [ 6.160327077000034, 43.029397130000063 ], [ 6.148354053000048, 43.026037573000053 ], [ 6.136289358000056, 43.031152844000083 ], [ 6.125325560000022, 43.031479120000029 ], [ 6.113270402000069, 43.034935832000031 ], [ 6.103870630000074, 43.028209328000059 ], [ 6.096249819000036, 43.027216554000063 ], [ 6.090563655000039, 43.036158323000052 ], [ 6.094449163000036, 43.04037880900006 ], [ 6.119966865000038, 43.03959167000005 ], [ 6.12675821800002, 43.04159843900004 ], [ 6.132163167000044, 43.049411059000079 ], [ 6.132306576000076, 43.060637117000056 ], [ 6.125961662000066, 43.078598857000031 ], [ 6.109276056000056, 43.083908439000027 ], [ 6.101715446000071, 43.082950235000055 ], [ 6.086559773000033, 43.086982250000062 ], [ 6.073621630000048, 43.083728552000025 ], [ 6.056784272000073, 43.081951857000035 ], [ 6.054628611000055, 43.08010041700004 ], [ 6.032681346000061, 43.07716524600005 ], [ 6.021415234000074, 43.078314543000033 ], [ 6.016700268000022, 43.084241033000069 ], [ 6.024034619000076, 43.094575167000073 ], [ 6.005828858000029, 43.103654861000052 ], [ 5.986394644000029, 43.105665326000064 ], [ 5.971796274000042, 43.103806853000037 ], [ 5.958086967000042, 43.106611729000065 ], [ 5.939700008000045, 43.105884671000069 ], [ 5.931460857000047, 43.101893306000079 ], [ 5.924608350000028, 43.102869153000029 ], [ 5.93036317800005, 43.110955119000039 ], [ 5.930135607000068, 43.115678549000052 ], [ 5.920407057000034, 43.117466450000052 ], [ 5.907192468000062, 43.112977862000037 ], [ 5.894298554000045, 43.114074826000035 ], [ 5.886483074000068, 43.106757045000052 ], [ 5.907574415000056, 43.102377773000057 ], [ 5.911375403000022, 43.094813943000077 ], [ 5.902232051000055, 43.091684460000067 ], [ 5.895936132000031, 43.082416057000046 ], [ 5.902105332000076, 43.081962347000058 ], [ 5.907427549000033, 43.086523771000032 ], [ 5.91896212100005, 43.08658766800005 ], [ 5.926975131000063, 43.084315419000063 ], [ 5.941303849000064, 43.08390283600005 ], [ 5.950904250000065, 43.077137232000041 ], [ 5.94739437100003, 43.067605376000074 ], [ 5.929172278000067, 43.071460247000061 ], [ 5.912070751000044, 43.065493107000066 ], [ 5.900470853000058, 43.072072625000033 ], [ 5.896627068000043, 43.077915907000033 ], [ 5.890100837000034, 43.077813864000063 ], [ 5.871926427000062, 43.065405131000034 ], [ 5.862715245000061, 43.056275368000058 ], [ 5.857344031000025, 43.047070026000029 ], [ 5.82975125300004, 43.048520565000047 ], [ 5.821413159000031, 43.053871274000073 ], [ 5.81603014500007, 43.063134432000027 ], [ 5.794406534000075, 43.069913745000065 ], [ 5.806504130000064, 43.080845713000031 ], [ 5.806067824000024, 43.086583733000055 ], [ 5.810896039000056, 43.092718362000028 ], [ 5.813329458000055, 43.105667352000069 ], [ 5.809512853000058, 43.112673521000033 ], [ 5.802319050000051, 43.114782929000057 ], [ 5.792099118000067, 43.111914754000054 ], [ 5.78990602500005, 43.115836859000069 ], [ 5.774510741000029, 43.116041660000064 ], [ 5.771461248000037, 43.119109631000072 ], [ 5.780261516000053, 43.132430911000029 ], [ 5.775272250000057, 43.136645317000045 ], [ 5.766749621000031, 43.138348222000047 ], [ 5.756645918000061, 43.131307244000027 ], [ 5.732025028000066, 43.134457827000062 ], [ 5.723617911000076, 43.13653075700006 ], [ 5.71893155600003, 43.146405339000069 ], [ 5.710350514000027, 43.14372837600007 ], [ 5.694756151000036, 43.143550634000064 ], [ 5.694672346000061, 43.149123668000072 ], [ 5.681960344000061, 43.155561328000033 ], [ 5.682837248000055, 43.161206365000055 ], [ 5.695192575000021, 43.168748260000029 ], [ 5.685879231000058, 43.179278374000035 ], [ 5.675321221000047, 43.177317858000038 ], [ 5.666470528000048, 43.181555152000051 ], [ 5.660534859000052, 43.181123256000035 ], [ 5.651539921000051, 43.187504649000061 ], [ 5.635724902000049, 43.18839633500005 ], [ 5.623724819000074, 43.18667817100004 ], [ 5.614387750000049, 43.180059075000031 ], [ 5.612897754000073, 43.171967864000067 ], [ 5.615968705000057, 43.168892145000029 ], [ 5.607943177000038, 43.160470724000049 ], [ 5.600494147000063, 43.16109705000008 ], [ 5.587367057000051, 43.167799950000074 ], [ 5.570511103000058, 43.173537255000042 ], [ 5.568977952000068, 43.176550269000074 ], [ 5.548951506000037, 43.194054365000056 ], [ 5.548314452000056, 43.205775141000061 ], [ 5.533181071000058, 43.21265161000008 ], [ 5.529135704000055, 43.208822250000026 ], [ 5.514739275000068, 43.202711820000047 ], [ 5.511203051000052, 43.197528362000071 ], [ 5.499013424000054, 43.196018934000051 ], [ 5.49471151900002, 43.202900052000075 ], [ 5.479865551000046, 43.203944445000047 ], [ 5.455834270000025, 43.211051226000052 ], [ 5.448683619000064, 43.206643462000045 ], [ 5.439262151000037, 43.205971241000043 ], [ 5.415316820000044, 43.206872344000033 ], [ 5.403712153000072, 43.21268630000003 ], [ 5.37662446500002, 43.209815860000049 ], [ 5.366621614000053, 43.206781626000065 ], [ 5.355091929000025, 43.20820343500003 ], [ 5.347050548000027, 43.21191656600007 ], [ 5.344901920000041, 43.223342657000046 ], [ 5.348326445000055, 43.230349660000059 ], [ 5.355734706000021, 43.233426928000029 ], [ 5.362082243000032, 43.240072250000026 ], [ 5.363133550000043, 43.245647549000068 ], [ 5.373285413000076, 43.245796204000051 ], [ 5.375424743000053, 43.257457733000081 ], [ 5.371482730000025, 43.259673357000054 ], [ 5.370104075000029, 43.267786503000025 ], [ 5.363617659000056, 43.269883275000041 ], [ 5.35631227500005, 43.277016163000042 ], [ 5.345211744000039, 43.281953335000026 ], [ 5.352068067000062, 43.288656831000026 ], [ 5.353963137000051, 43.294436931000064 ], [ 5.361286044000053, 43.294848442000045 ], [ 5.363587856000038, 43.310467840000058 ], [ 5.347544432000063, 43.329552054000033 ], [ 5.350799918000064, 43.334462762000051 ], [ 5.338107109000021, 43.338777303000029 ], [ 5.339589477000061, 43.344751835000068 ], [ 5.326402545000064, 43.351655006000051 ], [ 5.326744080000026, 43.355096221000053 ], [ 5.31481885900007, 43.36006760600003 ], [ 5.306367278000039, 43.361357569000063 ], [ 5.294703603000073, 43.359619140000063 ], [ 5.283491373000061, 43.354324818000066 ], [ 5.277619362000053, 43.348951102000058 ], [ 5.259786963000067, 43.337686777000044 ], [ 5.229079842000033, 43.328436970000041 ], [ 5.201958656000045, 43.330241919000059 ], [ 5.190357208000023, 43.329283714000042 ], [ 5.174261570000056, 43.334197879000051 ], [ 5.169198632000075, 43.327434659000062 ], [ 5.152021169000022, 43.325946570000042 ], [ 5.12735116500005, 43.328731179000044 ], [ 5.121590257000037, 43.327913881000029 ], [ 5.103691459000061, 43.329736948000061 ], [ 5.098666549000029, 43.327880741000058 ], [ 5.088915705000034, 43.332847714000025 ], [ 5.08163380700006, 43.326722741000026 ], [ 5.062103271000069, 43.330791831000056 ], [ 5.054230809000046, 43.323956847000034 ], [ 5.047012210000048, 43.329067111000029 ], [ 5.035100341000032, 43.330668449000029 ], [ 5.018376946000046, 43.342952013000058 ], [ 5.023976326000025, 43.355160713000032 ], [ 5.018642902000067, 43.35588371700004 ], [ 5.012088776000041, 43.362206816000025 ], [ 5.011515259000021, 43.369617343000073 ], [ 4.999820471000021, 43.375328779000029 ], [ 4.987616539000044, 43.392181754000035 ], [ 4.997305155000049, 43.402245403000052 ], [ 5.035696745000052, 43.399788737000051 ], [ 5.056702256000051, 43.404077530000052 ], [ 5.068688035000037, 43.398745179000059 ], [ 5.084672570000066, 43.398731947000051 ], [ 5.118152380000026, 43.403978348000066 ], [ 5.11817991700002, 43.398084044000029 ], [ 5.129624247000038, 43.397431254000026 ], [ 5.159305811000024, 43.410467028000028 ], [ 5.182222366000076, 43.426184774000035 ], [ 5.193348169000046, 43.43718326100003 ], [ 5.204256773000054, 43.44203353000006 ], [ 5.194681406000029, 43.448696136000081 ], [ 5.197873235000031, 43.451013446000047 ], [ 5.208379626000067, 43.44372332100005 ], [ 5.226296902000058, 43.453328729000077 ], [ 5.229535818000045, 43.465966820000062 ], [ 5.223446608000074, 43.48207104200003 ], [ 5.217351079000025, 43.488369345000081 ], [ 5.20642590600005, 43.492069125000057 ], [ 5.187536955000041, 43.484528541000032 ], [ 5.186168552000026, 43.481703639000045 ], [ 5.170483827000055, 43.472466111000074 ], [ 5.164107442000045, 43.471446633000028 ], [ 5.153314471000044, 43.459817171000054 ], [ 5.143184424000026, 43.459684968000033 ], [ 5.142193556000052, 43.464526534000072 ], [ 5.13358104200006, 43.47136604800005 ], [ 5.123378038000055, 43.48681724100004 ], [ 5.119804144000057, 43.497524977000069 ], [ 5.113012552000043, 43.507347226000029 ], [ 5.118778109000061, 43.517234206000069 ], [ 5.114216447000047, 43.522801161000075 ], [ 5.103376508000053, 43.52614545800003 ], [ 5.092784643000073, 43.524802446000081 ], [ 5.075737834000051, 43.525617957000065 ], [ 5.060245872000053, 43.527828932000034 ], [ 5.048385859000064, 43.522354842000027 ], [ 5.033784508000053, 43.53558492600007 ], [ 5.029386163000026, 43.547889948000034 ], [ 5.020833612000047, 43.556136966000054 ], [ 5.013734460000023, 43.554705501000058 ], [ 5.011898279000036, 43.54977810400004 ], [ 5.01539874100007, 43.527208805000043 ], [ 5.006060243000036, 43.519218445000035 ], [ 4.99998664900005, 43.508862257000033 ], [ 4.998850107000067, 43.499186278000025 ], [ 5.003671646000043, 43.481186152000078 ], [ 5.000640154000052, 43.477823854000064 ], [ 5.006595612000069, 43.470175147000077 ], [ 5.019759059000023, 43.469396353000029 ], [ 5.040024519000042, 43.470891714000061 ], [ 5.050817012000039, 43.465027452000072 ], [ 5.055726409000044, 43.451479554000059 ], [ 5.054547906000039, 43.440947175000083 ], [ 5.061741710000035, 43.423137068000074 ], [ 5.057244659000048, 43.407797217000052 ], [ 5.044102550000048, 43.403012157000035 ], [ 4.990033745000062, 43.403693557000054 ], [ 4.977974534000055, 43.400135040000066 ], [ 4.973645926000074, 43.416983605000041 ], [ 4.968526960000077, 43.425773501000037 ], [ 4.938701153000068, 43.43133866800008 ], [ 4.923988223000038, 43.432447553000031 ], [ 4.909876347000022, 43.426484346000052 ], [ 4.906214952000028, 43.419622422000032 ], [ 4.885646939000026, 43.41413605200006 ], [ 4.878859043000034, 43.425170302000026 ], [ 4.86665010400003, 43.432508946000041 ], [ 4.865650654000035, 43.442325353000058 ], [ 4.859594106000031, 43.454029322000054 ], [ 4.851107359000025, 43.449887872000033 ], [ 4.857942224000055, 43.443162680000057 ], [ 4.877001405000044, 43.411370635000026 ], [ 4.866372347000038, 43.40459084500003 ], [ 4.851269245000026, 43.414867043000072 ], [ 4.830716134000056, 43.426754236000079 ], [ 4.825304746000029, 43.423294306000059 ], [ 4.846331358000043, 43.411455631000081 ], [ 4.859342217000062, 43.402084708000075 ], [ 4.848968744000047, 43.398445964000075 ], [ 4.840200543000037, 43.405023217000064 ], [ 4.836168050000026, 43.39830494000006 ], [ 4.855389237000054, 43.389153361000069 ], [ 4.841737628000033, 43.376690745000083 ], [ 4.852737427000022, 43.375355244000048 ], [ 4.859768867000071, 43.367627859000038 ], [ 4.868259669000054, 43.367884874000026 ], [ 4.882483960000059, 43.355859042000077 ], [ 4.883071542000039, 43.363427043000058 ], [ 4.895962477000069, 43.364187240000035 ], [ 4.884626508000053, 43.354380965000075 ], [ 4.863461971000049, 43.356283426000061 ], [ 4.864238739000029, 43.350783944000057 ], [ 4.870632052000076, 43.34900903700003 ], [ 4.856219053000075, 43.33491396900007 ], [ 4.843928456000071, 43.337110758000051 ], [ 4.839652777000026, 43.345785379000063 ], [ 4.839454054000043, 43.363451957000052 ], [ 4.827380538000057, 43.373878956000055 ], [ 4.806765437000024, 43.38202655300006 ], [ 4.799039006000044, 43.387817263000045 ], [ 4.785402059000035, 43.394284606000042 ], [ 4.77896404300003, 43.400187135000067 ], [ 4.756516814000065, 43.409986615000037 ], [ 4.737282157000038, 43.427626014000055 ], [ 4.736024261000068, 43.434310436000032 ], [ 4.745489836000047, 43.447466969000061 ], [ 4.752423644000032, 43.461723447000054 ], [ 4.752049207000027, 43.47502791900007 ], [ 4.741198659000077, 43.49292957800003 ], [ 4.738985658000047, 43.502092481000034 ], [ 4.738945007000041, 43.515749454000058 ], [ 4.735840917000075, 43.52212154800003 ], [ 4.726035357000058, 43.532172560000049 ], [ 4.725882649000027, 43.53529536700006 ], [ 4.716787457000066, 43.548875213000031 ], [ 4.701845169000023, 43.561597347000031 ], [ 4.681800127000031, 43.574692130000074 ], [ 4.669057250000037, 43.58440291900007 ], [ 4.662184239000055, 43.593616605000079 ], [ 4.661149263000027, 43.610620261000065 ], [ 4.648058057000071, 43.623126626000051 ], [ 4.637110949000032, 43.628039718000025 ], [ 4.620297074000064, 43.63183665300005 ], [ 4.606619954000053, 43.641316056000051 ], [ 4.600831747000029, 43.651287436000075 ], [ 4.605792403000066, 43.664425253000047 ], [ 4.617300630000045, 43.674741745000063 ], [ 4.629577636000022, 43.680610180000031 ], [ 4.628767133000053, 43.692490459000055 ], [ 4.619642257000066, 43.705232858000045 ], [ 4.613542080000059, 43.725437045000035 ], [ 4.625172019000047, 43.748875141000042 ], [ 4.627893805000042, 43.760259151000071 ], [ 4.646538257000032, 43.778213024000081 ], [ 4.652488351000045, 43.788400650000028 ], [ 4.654492140000059, 43.808631659000071 ], [ 4.649610043000052, 43.819223881000028 ], [ 4.630622148000043, 43.83960294700006 ], [ 4.622567058000072, 43.855389714000069 ], [ 4.630355715000064, 43.864925742000025 ], [ 4.645005226000023, 43.866660118000027 ], [ 4.665202260000058, 43.87645006200006 ], [ 4.68243467800005, 43.879788756000039 ], [ 4.692564964000042, 43.885790944000064 ], [ 4.698238849000063, 43.892667412000037 ], [ 4.706169129000045, 43.897559166000065 ], [ 4.725618720000057, 43.904703856000026 ], [ 4.737754941000048, 43.918709636000074 ], [ 4.73373115000004, 43.921735525000031 ], [ 4.725577951000048, 43.910575867000034 ], [ 4.720616221000057, 43.906839847000072 ], [ 4.700383305000059, 43.89952635700007 ], [ 4.688089728000023, 43.888020039000025 ], [ 4.679977417000032, 43.883221149000065 ], [ 4.664471269000046, 43.880457401000058 ], [ 4.646130561000064, 43.871254444000051 ], [ 4.626638531000026, 43.867974043000061 ], [ 4.618258476000051, 43.859497071000078 ], [ 4.618402242000059, 43.852480054000068 ], [ 4.614254475000052, 43.848657251000077 ], [ 4.620468736000021, 43.840563774000032 ], [ 4.625623941000072, 43.82911324500003 ], [ 4.640386939000052, 43.819714427000065 ], [ 4.649469852000038, 43.807818055000041 ], [ 4.647119761000056, 43.782801032000066 ], [ 4.628602027000056, 43.765733957000066 ], [ 4.623795152000071, 43.756751537000071 ], [ 4.623795629000028, 43.749300837000078 ], [ 4.613736152000058, 43.733073950000062 ], [ 4.610842347000073, 43.723292231000073 ], [ 4.614678741000034, 43.705501557000048 ], [ 4.62109994900004, 43.700517654000066 ], [ 4.626521945000036, 43.689246654000051 ], [ 4.62628042700004, 43.680242300000032 ], [ 4.603878379000037, 43.668126225000037 ], [ 4.59991610000003, 43.66439914700004 ], [ 4.596197367000059, 43.651576757000043 ], [ 4.604615927000054, 43.637163163000025 ], [ 4.617340326000033, 43.629958034000026 ], [ 4.631109953000021, 43.627405047000025 ], [ 4.653473020000035, 43.61516118000003 ], [ 4.65545213300004, 43.597844124000062 ], [ 4.658723354000074, 43.590517521000038 ], [ 4.67095112800007, 43.577419043000077 ], [ 4.693499446000033, 43.563791513000069 ], [ 4.709805847000041, 43.549996614000065 ], [ 4.716901421000046, 43.542366624000067 ], [ 4.723005056000034, 43.530322313000056 ], [ 4.734642863000033, 43.515805363000027 ], [ 4.734861731000024, 43.498316646000035 ], [ 4.748855352000021, 43.471394539000073 ], [ 4.748113155000055, 43.462255120000066 ], [ 4.744708658000036, 43.453800917000081 ], [ 4.735193848000051, 43.440695047000077 ], [ 4.731969356000036, 43.427596807000043 ], [ 4.739082456000062, 43.423312545000051 ], [ 4.755064249000043, 43.40434825400007 ], [ 4.766895056000067, 43.401201248000064 ], [ 4.775346756000033, 43.394870043000026 ], [ 4.803410172000042, 43.381515026000045 ], [ 4.816525936000062, 43.371101618000068 ], [ 4.823395371000061, 43.368975401000057 ], [ 4.829874158000052, 43.361230612000043 ], [ 4.828912973000058, 43.348777652000081 ], [ 4.831013918000053, 43.336103559000037 ], [ 4.826841712000032, 43.334257007000083 ], [ 4.815911174000064, 43.33867275700004 ], [ 4.781509042000039, 43.347589255000059 ], [ 4.753017544000045, 43.350695848000043 ], [ 4.720745445000034, 43.350138307000066 ], [ 4.70604002500005, 43.347727657000064 ], [ 4.693818927000052, 43.348184228000036 ], [ 4.682117700000049, 43.345431328000075 ], [ 4.66850054300005, 43.347149849000061 ], [ 4.659617066000067, 43.34530210500003 ], [ 4.637332917000037, 43.35079693800003 ], [ 4.599306106000029, 43.356372714000031 ], [ 4.579135656000062, 43.362358809000057 ], [ 4.563658953000072, 43.371130347000083 ], [ 4.557062506000022, 43.376545429000032 ], [ 4.554870248000043, 43.382995128000061 ], [ 4.563197851000041, 43.391711474000033 ], [ 4.58123934300005, 43.396830440000031 ], [ 4.593621373000076, 43.404430151000042 ], [ 4.590992570000026, 43.417968750000057 ], [ 4.579187751000063, 43.433354020000081 ], [ 4.559359432000065, 43.443492055000029 ], [ 4.540428757000029, 43.44970965300007 ], [ 4.527173043000062, 43.452779055000065 ], [ 4.496866941000064, 43.45644366700003 ], [ 4.459464550000064, 43.457031250000057 ], [ 4.442236424000043, 43.455372452000063 ], [ 4.429264903000046, 43.448679328000026 ], [ 4.410295009000038, 43.449467420000083 ], [ 4.402680874000055, 43.447146058000051 ], [ 4.397933841000054, 43.450404168000034 ], [ 4.372877479000067, 43.45304524900007 ], [ 4.309618354000065, 43.456473232000064 ], [ 4.281185866000044, 43.456752062000078 ], [ 4.26738417200005, 43.458001613000079 ], [ 4.234687567000037, 43.459008813000025 ], [ 4.185494661000064, 43.466466307000083 ], [ 4.163964152000062, 43.472340942000073 ], [ 4.136794448000046, 43.481895924000071 ], [ 4.126645327000062, 43.489185810000038 ], [ 4.120079279000038, 43.496802569000067 ], [ 4.113789559000054, 43.508571148000051 ], [ 4.12348055800004, 43.51036214800007 ], [ 4.123717427000031, 43.522047400000083 ], [ 4.134466767000049, 43.522588968000029 ], [ 4.140947461000053, 43.528633952000064 ], [ 4.132246852000037, 43.540273547000027 ], [ 4.118076325000061, 43.548908353000058 ], [ 4.101452350000045, 43.554855346000068 ], [ 4.087404609000032, 43.556391120000058 ], [ 4.054495334000023, 43.557756543000039 ], [ 4.034274936000031, 43.556283951000069 ], [ 4.007321119000039, 43.552364111000031 ], [ 3.967154979000042, 43.540042639000035 ], [ 3.949148417000061, 43.532116533000078 ], [ 3.933844924000027, 43.527829767000071 ], [ 3.907351256000027, 43.517374277000044 ], [ 3.882795214000055, 43.50498914700006 ], [ 3.846609234000027, 43.483721376000062 ], [ 3.831972122000025, 43.47365736900008 ], [ 3.821372152000038, 43.46076071300007 ], [ 3.79892301600006, 43.441725015000031 ], [ 3.775506139000072, 43.431111574000056 ], [ 3.75380575600002, 43.425650954000048 ], [ 3.745200515000022, 43.420114517000059 ], [ 3.739949822000028, 43.42146635000006 ], [ 3.725061655000047, 43.415769338000075 ], [ 3.725327611000069, 43.408189416000027 ], [ 3.714130401000034, 43.403973818000054 ], [ 3.715525150000076, 43.398613929000078 ], [ 3.696526050000045, 43.394517303000043 ], [ 3.690613151000037, 43.391524553000067 ], [ 3.683030367000072, 43.392886162000025 ], [ 3.673395514000049, 43.390210748000072 ], [ 3.658729434000066, 43.391158223000048 ], [ 3.63721644900005, 43.380550742000025 ], [ 3.606760621000035, 43.359300733000055 ], [ 3.566430926000066, 43.327520371000048 ], [ 3.540658354000072, 43.303313375000073 ], [ 3.537848472000064, 43.302456856000049 ], [ 3.525883675000046, 43.289307475000051 ], [ 3.524241447000066, 43.283706069000061 ], [ 3.515625, 43.273995518000049 ], [ 3.467956543000071, 43.276536465000049 ], [ 3.454327345000024, 43.281754851000073 ], [ 3.442567110000027, 43.283007145000056 ], [ 3.433695078000028, 43.289127945000075 ], [ 3.410538435000035, 43.288753867000025 ], [ 3.391735554000036, 43.285435319000051 ], [ 3.367596149000065, 43.278489709000041 ], [ 3.346906066000031, 43.270981431000052 ], [ 3.309002161000024, 43.254267216000073 ], [ 3.294777513000042, 43.245852113000069 ], [ 3.278358578000052, 43.238451243000043 ], [ 3.246269941000037, 43.219674945000065 ], [ 3.23983335500003, 43.213476658000047 ], [ 3.211539149000032, 43.194245219000038 ], [ 3.209185719000061, 43.20144295700004 ], [ 3.202755809000053, 43.198904156000026 ], [ 3.199255109000035, 43.189434409000057 ], [ 3.202217341000051, 43.18536150500006 ], [ 3.19462442400004, 43.181763411000077 ], [ 3.183353424000074, 43.17066490600007 ], [ 3.175408244000039, 43.165158867000059 ], [ 3.148581743000022, 43.140818357000057 ], [ 3.146832823000068, 43.135132313000042 ], [ 3.135621547000028, 43.126972556000055 ], [ 3.127503157000035, 43.117452740000033 ], [ 3.129814744000043, 43.114614248000066 ], [ 3.119743705000076, 43.106334210000057 ], [ 3.102264047000062, 43.082955480000066 ], [ 3.086742163000054, 43.059329748000039 ], [ 3.081047535000039, 43.075920224000072 ], [ 3.07534492000002, 43.075898647000031 ], [ 3.061878443000069, 43.083352565000041 ], [ 3.048347234000062, 43.082323551000059 ], [ 3.043446302000063, 43.090979576000052 ], [ 3.037997007000058, 43.092079640000065 ], [ 3.031183124000052, 43.086653948000048 ], [ 3.02369141600002, 43.073535203000063 ], [ 3.043129444000044, 43.056640625000057 ], [ 3.05767905700003, 43.053822041000046 ], [ 3.062005043000056, 43.050272942000049 ], [ 3.075888514000042, 43.060018420000063 ], [ 3.080266356000038, 43.055943131000049 ], [ 3.071733117000065, 43.04516565800003 ], [ 3.070323109000071, 43.037832857000069 ], [ 3.062239408000039, 43.03108513400008 ], [ 3.06648814600004, 43.027393221000068 ], [ 3.062016845000073, 43.018315077000068 ], [ 3.063962460000027, 43.013093949000051 ], [ 3.054249048000031, 43.005179644000066 ], [ 3.048557043000073, 42.985851526000033 ], [ 3.041074752000043, 42.980631947000063 ], [ 3.031643152000072, 42.962499022000031 ], [ 3.041297555000028, 42.960250616000053 ], [ 3.035016417000065, 42.953271747000031 ], [ 3.036504268000044, 42.94651794400005 ], [ 3.032390952000071, 42.93824565400007 ], [ 3.041122556000062, 42.929729462000068 ], [ 3.054510355000048, 42.92602264900006 ], [ 3.059815169000046, 42.92048335100003 ], [ 3.058875442000044, 42.908848762000048 ], [ 3.054787039000075, 42.901016474000073 ], [ 3.051724672000034, 42.888803363000079 ], [ 3.053318620000027, 42.884260535000067 ], [ 3.048445344000072, 42.874613165000028 ], [ 3.043894529000056, 42.873848557000031 ], [ 3.02856457200005, 42.858170510000029 ], [ 3.029086470000038, 42.865712643000052 ], [ 3.03925085100002, 42.875984668000058 ], [ 3.047078371000054, 42.886265039000079 ], [ 3.048628807000057, 42.902259349000083 ], [ 3.040431023000053, 42.905305744000032 ], [ 3.036403417000031, 42.89639687500005 ], [ 3.016422034000072, 42.894876957000065 ], [ 3.015715003000025, 42.904437423000047 ], [ 3.018331527000043, 42.908594012000037 ], [ 3.01692676600004, 42.91781985800003 ], [ 3.012953162000031, 42.922945738000067 ], [ 3.004205823000063, 42.91614532400007 ], [ 3.00641167200007, 42.90353310100005 ], [ 2.999359250000055, 42.894422055000064 ], [ 2.995534659000043, 42.884283543000038 ], [ 3.000905871000043, 42.881530643000083 ], [ 3.001002431000074, 42.87378370700003 ], [ 2.995265365000023, 42.873245120000036 ], [ 2.988935947000073, 42.86408126300006 ], [ 2.977506638000023, 42.861735106000026 ], [ 2.961981415000025, 42.852105379000079 ], [ 2.950044870000056, 42.833000422000055 ], [ 2.957675577000032, 42.835369349000075 ], [ 2.965829134000046, 42.826519132000051 ], [ 2.965881348000039, 42.820451856000034 ], [ 2.973508835000075, 42.806064606000064 ], [ 2.981719732000045, 42.800522565000051 ], [ 2.989909768000075, 42.799179554000034 ], [ 3.011895419000041, 42.805181145000063 ], [ 3.019771576000039, 42.804571748000058 ], [ 3.026608348000025, 42.808916212000042 ], [ 3.016801477000058, 42.813275933000057 ], [ 3.020689010000069, 42.817022204000068 ], [ 3.014774203000059, 42.830455780000079 ], [ 3.032232046000047, 42.850537538000026 ], [ 3.032531619000054, 42.854706407000037 ], [ 3.040110945000038, 42.868249654000067 ], [ 3.046789646000036, 42.865335107000078 ], [ 3.042192460000024, 42.839425207000033 ], [ 3.039643407000028, 42.814692258000029 ], [ 3.039534926000044, 42.798688650000031 ], [ 3.036538362000044, 42.755612850000034 ], [ 3.037265539000032, 42.731302977000041 ], [ 3.039534926000044, 42.718610525000031 ], [ 3.034499645000039, 42.681779981000034 ], [ 3.033579945000042, 42.639271259000054 ], [ 3.036813259000041, 42.624273062000043 ], [ 3.039763331000074, 42.619124175000024 ], [ 3.037181258000032, 42.610582471000043 ], [ 3.041686654000046, 42.605578661000038 ], [ 3.044688225000073, 42.591093302000047 ], [ 3.044843077000053, 42.568334341000025 ], [ 3.049076558000024, 42.547747135000066 ], [ 3.055253506000042, 42.543451667000056 ], [ 3.056962252000062, 42.536943435000069 ], [ 3.069770813000048, 42.535786748000078 ], [ 3.082628012000043, 42.532060861000048 ], [ 3.087266445000068, 42.52757215500003 ], [ 3.101008654000054, 42.524007201000074 ], [ 3.109643101000074, 42.52532005300003 ], [ 3.114106417000073, 42.519311548000083 ], [ 3.119610548000026, 42.522034049000069 ], [ 3.129912853000064, 42.518625260000078 ], [ 3.132862568000064, 42.510092258000043 ], [ 3.123669267000025, 42.505465507000054 ], [ 3.133165836000046, 42.496884108000074 ], [ 3.133166551000045, 42.490381718000037 ], [ 3.12828135500007, 42.48726010300004 ], [ 3.132514954000044, 42.481717944000025 ], [ 3.145007133000036, 42.480340839000064 ], [ 3.155913829000042, 42.476119876000041 ], [ 3.155427456000041, 42.470763326000053 ], [ 3.162434340000061, 42.464492559000064 ], [ 3.160119653000038, 42.45242238000003 ], [ 3.167884350000065, 42.448548436000067 ], [ 3.170542001000058, 42.440608144000066 ], [ 3.177650057000051, 42.436799954000037 ], [ 3.170384062000039, 42.427640315000083 ], [ 3.940106434000029, 42.252704576000042 ], [ 4.720212948000039, 42.075405075000049 ], [ 7.060532112000033, 41.543518042000073 ], [ 8.000000023959814, 41.330001818768814 ], [ 7.525000098000021, 43.779998765000073 ], [ 7.525000098000021, 43.784503038000025 ] ] ] } },
{ "type": "Feature", "properties": { "F_AREA": "37", "CENTER_X": 8.780294, "SECT_COD": "GSA08", "TSECT_COD": 42.0, "F_DIVISION": "37.1.3", "F_SUBAREA": "37.1", "CENTER_Y": 42.306755, "SMU_NAME_F": "Corse", "F_GSA": "37.1.3.8", "F_GSA_LIB": "GSA 8", "SMU_NAME": "Corsica", "SMU_CODE": 8.0, "AF_CONF": 0.0, "gsa_num": 8.0 }, "geometry": { "type": "Polygon", "coordinates": [ [ [ 9.750000022000052, 41.299999215000071 ], [ 9.750000022000052, 43.249999972000069 ], [ 7.627754913000047, 43.249999972000069 ], [ 8.000000023959814, 41.330001818768814 ], [ 8.00000002400003, 41.299999215000071 ], [ 9.750000022000052, 41.299999215000071 ] ], [ [ 9.55564042900005, 42.143585947000084 ], [ 9.554872155000057, 42.124402047000046 ], [ 9.549023152000077, 42.103330851000067 ], [ 9.528141141000049, 42.08393693000005 ], [ 9.512748718000068, 42.065387249000025 ], [ 9.504703522000057, 42.057368160000067 ], [ 9.468372345000034, 42.013866902000075 ], [ 9.459411859000056, 42.00624644800007 ], [ 9.456213951000052, 42.000251651000042 ], [ 9.448081732000048, 41.995241642000053 ], [ 9.432705402000067, 41.981172443000048 ], [ 9.420966625000062, 41.967285752000066 ], [ 9.413395643000058, 41.955230952000079 ], [ 9.407659054000019, 41.949554443000068 ], [ 9.40636956700007, 41.938848257000075 ], [ 9.414787650000051, 41.935379266000041 ], [ 9.415928603000054, 41.928226352000081 ], [ 9.412105322000061, 41.918947458000048 ], [ 9.413473606000023, 41.913377165000043 ], [ 9.40453982400004, 41.901954532000047 ], [ 9.401221871000075, 41.894806743000061 ], [ 9.402114868000069, 41.885565758000041 ], [ 9.397189379000054, 41.873651266000024 ], [ 9.400923133000047, 41.868015170000035 ], [ 9.398353219000056, 41.860840440000061 ], [ 9.403671503000057, 41.859797358000037 ], [ 9.40117013400004, 41.848714470000061 ], [ 9.40450751700007, 41.841874361000066 ], [ 9.406397462000029, 41.816809654000053 ], [ 9.394702554000048, 41.798234105000063 ], [ 9.40061485800004, 41.786453843000061 ], [ 9.397770643000058, 41.783306122000056 ], [ 9.397239566000051, 41.772613763000038 ], [ 9.405845046000024, 41.771615147000034 ], [ 9.408415437000031, 41.766298056000039 ], [ 9.405524850000065, 41.75706827700003 ], [ 9.406965852000042, 41.739275337000038 ], [ 9.403267502000062, 41.730090380000028 ], [ 9.406218648000049, 41.724169969000059 ], [ 9.402026534000072, 41.716830015000028 ], [ 9.407410860000027, 41.714440465000052 ], [ 9.400926828000024, 41.70666766100004 ], [ 9.400752545000046, 41.692057848000047 ], [ 9.380371928000043, 41.686929822000025 ], [ 9.372698307000064, 41.677539825000053 ], [ 9.37448573100005, 41.671635866000031 ], [ 9.389281035000067, 41.67026031000006 ], [ 9.382648348000032, 41.665406347000051 ], [ 9.38897550100006, 41.655449867000073 ], [ 9.373008609000069, 41.643897772000059 ], [ 9.370589375000066, 41.63561511100005 ], [ 9.36404645500005, 41.635453224000059 ], [ 9.362768174000053, 41.642743230000065 ], [ 9.355626344000029, 41.643089056000065 ], [ 9.346209764000037, 41.632409930000051 ], [ 9.353738904000068, 41.62688255300003 ], [ 9.352139353000039, 41.618283748000067 ], [ 9.334140658000024, 41.621173143000078 ], [ 9.326732755000023, 41.615354657000069 ], [ 9.313819647000059, 41.626088142000071 ], [ 9.308699131000026, 41.628218055000048 ], [ 9.304495573000054, 41.621103048000066 ], [ 9.307315826000035, 41.615690351000069 ], [ 9.298924803000034, 41.610789418000024 ], [ 9.28729176500002, 41.608318806000057 ], [ 9.283807040000056, 41.598245740000038 ], [ 9.285045624000077, 41.592246413000055 ], [ 9.291617513000062, 41.585339069000042 ], [ 9.299230933000048, 41.583882451000079 ], [ 9.314499259000058, 41.602524042000027 ], [ 9.31997287300004, 41.604902745000061 ], [ 9.333235621000028, 41.603397846000064 ], [ 9.340519070000028, 41.596510411000054 ], [ 9.347669005000055, 41.59437203400006 ], [ 9.364711404000047, 41.596477628000059 ], [ 9.369482636000043, 41.59444701700005 ], [ 9.356873631000042, 41.584264279000081 ], [ 9.34946715800004, 41.575270653000075 ], [ 9.350639344000058, 41.566082835000032 ], [ 9.342058540000041, 41.558451533000039 ], [ 9.331552148000071, 41.559810877000075 ], [ 9.323667049000051, 41.557169079000062 ], [ 9.31579411000007, 41.550194263000037 ], [ 9.309193253000046, 41.549358964000078 ], [ 9.295216918000053, 41.53826046000006 ], [ 9.291938425000067, 41.532506824000052 ], [ 9.282498240000052, 41.528473854000026 ], [ 9.27212774700007, 41.528322458000048 ], [ 9.285053014000027, 41.51730144000004 ], [ 9.275938750000025, 41.50446093000005 ], [ 9.286596775000019, 41.498716474000048 ], [ 9.28811991200007, 41.485023141000056 ], [ 9.284804105000037, 41.477821946000063 ], [ 9.266734839000035, 41.470617176000083 ], [ 9.266716123000036, 41.46626985100005 ], [ 9.259469151000076, 41.461387039000051 ], [ 9.259484648000068, 41.456274748000055 ], [ 9.252666950000048, 41.454543829000045 ], [ 9.243057132000049, 41.446475625000062 ], [ 9.222329140000056, 41.438706755000055 ], [ 9.228683352000076, 41.426443219000078 ], [ 9.225903749000054, 41.417109847000063 ], [ 9.217154265000032, 41.409613132000061 ], [ 9.224127650000071, 41.405184031000033 ], [ 9.244467139000051, 41.421607375000065 ], [ 9.256804466000062, 41.426724672000034 ], [ 9.26489615400004, 41.423415661000035 ], [ 9.259673357000054, 41.418310404000067 ], [ 9.25944721700006, 41.413173556000061 ], [ 9.250568270000031, 41.40943074300003 ], [ 9.246371508000038, 41.400930643000038 ], [ 9.240493059000071, 41.398047447000067 ], [ 9.230902434000029, 41.383018016000051 ], [ 9.220271111000043, 41.374858737000068 ], [ 9.220734, 41.366473436000035 ], [ 9.19881093500004, 41.364606619000028 ], [ 9.179529309000031, 41.365833640000062 ], [ 9.177083254000024, 41.374010205000047 ], [ 9.168684244000076, 41.38417804200003 ], [ 9.153141856000047, 41.385293842000067 ], [ 9.129188180000028, 41.392612219000057 ], [ 9.122997045000034, 41.396796941000048 ], [ 9.111886621000052, 41.396222353000041 ], [ 9.098807454000053, 41.391336322000029 ], [ 9.090485811000065, 41.399375916000054 ], [ 9.098201037000024, 41.414792419000037 ], [ 9.104960322000068, 41.416271567000081 ], [ 9.105721116000041, 41.428175807000059 ], [ 9.119684935000066, 41.434806943000069 ], [ 9.120322347000069, 41.440776110000058 ], [ 9.107965946000036, 41.440373540000053 ], [ 9.090639472000021, 41.445463180000047 ], [ 9.07803154000004, 41.441584110000065 ], [ 9.068361163000077, 41.448197841000081 ], [ 9.065544605000071, 41.454038143000048 ], [ 9.069803357000067, 41.459690451000029 ], [ 9.071851849000041, 41.469531775000064 ], [ 9.062806368000054, 41.470373153000025 ], [ 9.053980112000032, 41.459991574000071 ], [ 9.047661543000061, 41.460997820000046 ], [ 9.041219354000075, 41.456160903000068 ], [ 9.037910342000032, 41.471475721000047 ], [ 9.030598402000066, 41.46808147400003 ], [ 9.027609944000062, 41.462503076000075 ], [ 9.018210411000039, 41.466545224000072 ], [ 9.014363766000031, 41.472123623000073 ], [ 8.998140454000065, 41.477454543000079 ], [ 8.993311048000066, 41.48360025900007 ], [ 8.984110832000056, 41.473966956000027 ], [ 8.97756946100003, 41.482695460000059 ], [ 8.966772914000046, 41.489392162000058 ], [ 8.95222306200003, 41.49162817000007 ], [ 8.949168921000023, 41.488727808000078 ], [ 8.938893556000039, 41.488595009000051 ], [ 8.932259917000067, 41.495419145000028 ], [ 8.926331520000076, 41.489026308000064 ], [ 8.920098901000074, 41.503756643000031 ], [ 8.91290187900006, 41.50856471000003 ], [ 8.896180749000052, 41.50703156000003 ], [ 8.883225441000036, 41.510604144000069 ], [ 8.889583945000027, 41.514154911000048 ], [ 8.876671672000043, 41.524670244000049 ], [ 8.86686062800004, 41.519828915000062 ], [ 8.859757543000057, 41.52098965700003 ], [ 8.854988456000058, 41.517018914000062 ], [ 8.842451811000046, 41.518080950000069 ], [ 8.843970657000057, 41.527508258000069 ], [ 8.855882645000065, 41.535286427000074 ], [ 8.832799077000061, 41.547085166000045 ], [ 8.821847558000059, 41.543552637000062 ], [ 8.81370127200006, 41.549587131000067 ], [ 8.810359478000066, 41.556422234000024 ], [ 8.802137256000037, 41.554902315000049 ], [ 8.788079142000072, 41.556260347000034 ], [ 8.789335251000068, 41.566301704000068 ], [ 8.801175356000044, 41.572619081000028 ], [ 8.794201613000041, 41.578153730000054 ], [ 8.790660262000074, 41.58706724700005 ], [ 8.781285167000021, 41.584917665000035 ], [ 8.780983925000044, 41.595762610000065 ], [ 8.784900427000025, 41.602823854000064 ], [ 8.790924549000067, 41.606724262000057 ], [ 8.790850043000034, 41.615052819000027 ], [ 8.785390973000062, 41.617687464000028 ], [ 8.795170903000042, 41.623875856000041 ], [ 8.79103195700003, 41.628904224000053 ], [ 8.802875042000039, 41.633424759000029 ], [ 8.803465366000069, 41.640952825000056 ], [ 8.810589075000053, 41.63948047100007 ], [ 8.811853528000029, 41.630760670000029 ], [ 8.820663929000034, 41.629652024000052 ], [ 8.83016622100007, 41.638736605000076 ], [ 8.840047836000053, 41.63997984000008 ], [ 8.85556697800007, 41.646770835000041 ], [ 8.865591049000045, 41.648660064000069 ], [ 8.870648146000065, 41.64566254600004 ], [ 8.878211022000073, 41.651828527000077 ], [ 8.88306403100006, 41.671605945000067 ], [ 8.890930414000024, 41.671727538000027 ], [ 8.897516966000069, 41.676091313000029 ], [ 8.909733057000039, 41.677638054000056 ], [ 8.918231606000063, 41.682922959000052 ], [ 8.915100456000062, 41.689990163000061 ], [ 8.889012337000054, 41.689033270000039 ], [ 8.882820010000046, 41.694182754000053 ], [ 8.870668411000054, 41.696158170000047 ], [ 8.850966453000069, 41.695642233000058 ], [ 8.837969780000037, 41.699443459000065 ], [ 8.826235771000029, 41.710071206000066 ], [ 8.812793851000038, 41.71439504600005 ], [ 8.796335101000068, 41.71028971700008 ], [ 8.791995764000035, 41.700320005000037 ], [ 8.784867406000046, 41.698787927000069 ], [ 8.787134528000024, 41.708042264000028 ], [ 8.778090477000035, 41.708992958000067 ], [ 8.771192670000062, 41.713673353000047 ], [ 8.784365058000049, 41.732071638000029 ], [ 8.783387422000033, 41.738368512000079 ], [ 8.772436977000041, 41.741071343000051 ], [ 8.726252317000046, 41.72709584200004 ], [ 8.723636150000061, 41.723859430000061 ], [ 8.708869815000071, 41.721591234000073 ], [ 8.702419520000035, 41.72562587300007 ], [ 8.70662784600006, 41.738378644000079 ], [ 8.694803954000065, 41.740998507000029 ], [ 8.665556550000076, 41.742489219000049 ], [ 8.661051154000063, 41.74973106300007 ], [ 8.667884350000065, 41.753069043000039 ], [ 8.678313851000041, 41.752115250000031 ], [ 8.683947921000026, 41.746949554000025 ], [ 8.695806980000043, 41.751802444000077 ], [ 8.702370167000026, 41.758278251000029 ], [ 8.712738156000057, 41.760610461000056 ], [ 8.718698263000022, 41.768719554000029 ], [ 8.728195310000046, 41.777624845000048 ], [ 8.726616263000039, 41.787554026000066 ], [ 8.719897866000053, 41.788474203000078 ], [ 8.717092514000058, 41.79461634200004 ], [ 8.708696246000045, 41.798951745000068 ], [ 8.719224453000038, 41.803717851000044 ], [ 8.721870661000025, 41.798009157000081 ], [ 8.732650638000052, 41.798305154000047 ], [ 8.739074826000035, 41.801291347000074 ], [ 8.747639180000021, 41.810922026000071 ], [ 8.765833378000025, 41.809283614000037 ], [ 8.774245023000049, 41.812302827000053 ], [ 8.772798538000075, 41.823237181000025 ], [ 8.78370916800003, 41.832772970000065 ], [ 8.759258628000055, 41.840708971000026 ], [ 8.754569531000072, 41.846501231000047 ], [ 8.768646956000055, 41.84514045700007 ], [ 8.784197807000055, 41.847853065000038 ], [ 8.788984656000025, 41.850756406000073 ], [ 8.790675640000075, 41.866164208000043 ], [ 8.781016946000022, 41.873146653000049 ], [ 8.785262346000025, 41.877315045000046 ], [ 8.778203369000039, 41.883269549000033 ], [ 8.790654063000034, 41.884210348000067 ], [ 8.804291844000034, 41.89247107500006 ], [ 8.799510479000048, 41.906525850000037 ], [ 8.783105731000035, 41.925170541000057 ], [ 8.773111105000055, 41.92738294600008 ], [ 8.76026773500007, 41.92478823700003 ], [ 8.753835320000064, 41.933436751000045 ], [ 8.744166613000061, 41.932883859000071 ], [ 8.740411520000066, 41.915194631000077 ], [ 8.73374831700005, 41.916748047000056 ], [ 8.728859305000071, 41.911960960000044 ], [ 8.718363404000058, 41.907050133000041 ], [ 8.705639243000064, 41.906947255000034 ], [ 8.689370752000059, 41.908719778000034 ], [ 8.672987342000056, 41.904499054000041 ], [ 8.666501045000075, 41.906795979000037 ], [ 8.641735554000036, 41.909598231000075 ], [ 8.630602360000069, 41.906630755000037 ], [ 8.625636458000031, 41.902442455000028 ], [ 8.61664593200004, 41.899905801000045 ], [ 8.609378815000071, 41.906974554000051 ], [ 8.614633441000024, 41.922868967000056 ], [ 8.621880174000069, 41.925204158000042 ], [ 8.623467326000025, 41.935436845000027 ], [ 8.619554162000043, 41.939879417000043 ], [ 8.609812737000027, 41.939283967000051 ], [ 8.607385039000064, 41.95159280300004 ], [ 8.598607660000027, 41.952190876000031 ], [ 8.598906517000046, 41.958893776000025 ], [ 8.594541550000031, 41.965874672000041 ], [ 8.615892053000039, 41.971490264000067 ], [ 8.631994248000069, 41.967885971000051 ], [ 8.649999857000068, 41.969489217000046 ], [ 8.668760777000045, 41.983151555000063 ], [ 8.670560360000025, 41.990211129000045 ], [ 8.660229445000027, 41.991444707000028 ], [ 8.65388906000004, 42.000220657000057 ], [ 8.655472160000045, 42.009442210000032 ], [ 8.670443535000061, 42.019909144000053 ], [ 8.682675958000061, 42.023016810000058 ], [ 8.685140253000043, 42.026853562000042 ], [ 8.699957251000058, 42.025785566000025 ], [ 8.716418624000028, 42.030862570000068 ], [ 8.72555935400004, 42.035185456000079 ], [ 8.724953651000021, 42.043030858000066 ], [ 8.736609817000044, 42.03987276600003 ], [ 8.742513776000067, 42.041316628000061 ], [ 8.748153448000039, 42.049873113000046 ], [ 8.743703961000051, 42.058789611000066 ], [ 8.733443141000066, 42.064189553000062 ], [ 8.719347, 42.063543558000049 ], [ 8.721966148000035, 42.072308421000059 ], [ 8.710864067000045, 42.08687543800005 ], [ 8.709619761000056, 42.098236442000029 ], [ 8.699813128000073, 42.106375813000056 ], [ 8.700849056000038, 42.112147212000025 ], [ 8.690506220000032, 42.115157366000062 ], [ 8.687950015000069, 42.110039472000039 ], [ 8.679638147000048, 42.10453295700006 ], [ 8.673817873000075, 42.106846929000028 ], [ 8.664168, 42.105872631000068 ], [ 8.651343465000025, 42.11370575400008 ], [ 8.648035526000058, 42.120597243000077 ], [ 8.636643648000074, 42.122376561000067 ], [ 8.623203278000062, 42.121935845000053 ], [ 8.617920041000048, 42.126020551000067 ], [ 8.615651250000042, 42.133326411000041 ], [ 8.609351039000046, 42.133733511000059 ], [ 8.59637045900007, 42.129078508000077 ], [ 8.57981264600005, 42.128313064000054 ], [ 8.584132552000028, 42.134956479000039 ], [ 8.593713641000022, 42.143323541000029 ], [ 8.590936542000065, 42.149067760000037 ], [ 8.574314952000066, 42.152040959000033 ], [ 8.582296848000055, 42.161795974000029 ], [ 8.59111654700007, 42.164464236000072 ], [ 8.589365959000077, 42.171880841000075 ], [ 8.569235802000037, 42.167802334000051 ], [ 8.560587049000048, 42.17218351300005 ], [ 8.567610740000021, 42.178349614000069 ], [ 8.584494233000044, 42.17952346800007 ], [ 8.577602029000047, 42.18861258000004 ], [ 8.581520557000033, 42.206923962000083 ], [ 8.572601915000064, 42.204278350000038 ], [ 8.56730437300007, 42.21981597000007 ], [ 8.573262453000041, 42.22811400900008 ], [ 8.564196110000069, 42.229908705000071 ], [ 8.553814530000068, 42.226610423000068 ], [ 8.53928411000004, 42.234994412000049 ], [ 8.544201851000025, 42.239917278000064 ], [ 8.550518155000077, 42.24023640200005 ], [ 8.559567451000021, 42.235878706000051 ], [ 8.575729251000041, 42.239889264000055 ], [ 8.579541564000067, 42.245224356000051 ], [ 8.59214985400007, 42.24445354900007 ], [ 8.597441435000064, 42.248015046000035 ], [ 8.615253926000037, 42.251510620000033 ], [ 8.626657129000023, 42.251581430000051 ], [ 8.640328646000057, 42.254064440000029 ], [ 8.642468810000025, 42.257133722000049 ], [ 8.658109307000075, 42.260246158000029 ], [ 8.669631242000037, 42.260113955000065 ], [ 8.687431932000038, 42.263451457000031 ], [ 8.691811442000073, 42.268709063000074 ], [ 8.69086051000005, 42.277418613000066 ], [ 8.685281039000074, 42.282609344000029 ], [ 8.676689744000043, 42.28337133000008 ], [ 8.673613906000071, 42.294551968000064 ], [ 8.667697429000043, 42.294382572000075 ], [ 8.648582816000044, 42.30252325500004 ], [ 8.639503002000026, 42.299257755000042 ], [ 8.636076808000041, 42.303791881000052 ], [ 8.629104257000051, 42.304016113000046 ], [ 8.626188278000029, 42.312413573000072 ], [ 8.604540229000065, 42.305571317000044 ], [ 8.603849650000029, 42.311469317000046 ], [ 8.596952915000031, 42.317210436000039 ], [ 8.604461074000028, 42.32389962600007 ], [ 8.610165239000025, 42.323823452000056 ], [ 8.62661945900004, 42.330814123000039 ], [ 8.624991179000062, 42.339432836000071 ], [ 8.619627714000046, 42.340595245000031 ], [ 8.61650204700004, 42.34831321300004 ], [ 8.609243155000058, 42.34710633800006 ], [ 8.599723458000028, 42.353170037000041 ], [ 8.592155815000069, 42.352945327000043 ], [ 8.583147764000046, 42.348302007000029 ], [ 8.573217750000026, 42.337259055000061 ], [ 8.558652639000059, 42.332247734000077 ], [ 8.555519700000048, 42.336142660000064 ], [ 8.557419658000072, 42.342461229000037 ], [ 8.551119447000076, 42.345279217000041 ], [ 8.557327032000046, 42.359720946000039 ], [ 8.542943120000075, 42.369386673000065 ], [ 8.546196818000055, 42.380994439000062 ], [ 8.55397653600005, 42.372083426000074 ], [ 8.562177658000053, 42.369845748000046 ], [ 8.572229504000063, 42.372151255000063 ], [ 8.577182770000036, 42.383910775000061 ], [ 8.583202958000072, 42.38161754600003 ], [ 8.593975425000053, 42.382248402000073 ], [ 8.60876524400004, 42.386465311000052 ], [ 8.607946158000061, 42.392894745000035 ], [ 8.602036476000023, 42.397977948000062 ], [ 8.602845311000067, 42.407217741000068 ], [ 8.607539415000076, 42.411337137000032 ], [ 8.607869029000028, 42.417310118000046 ], [ 8.616912126000045, 42.417298556000048 ], [ 8.621681929000033, 42.422363162000067 ], [ 8.639710426000022, 42.418702841000027 ], [ 8.651471257000026, 42.414181948000078 ], [ 8.661694527000066, 42.425073147000035 ], [ 8.663112879000039, 42.433761954000033 ], [ 8.649506211000073, 42.440142870000045 ], [ 8.655709147000039, 42.44687414200007 ], [ 8.667758822000053, 42.445737005000069 ], [ 8.665351748000035, 42.452991843000063 ], [ 8.674362421000069, 42.466210008000083 ], [ 8.67986905500004, 42.468868732000033 ], [ 8.676490307000051, 42.476341009000066 ], [ 8.648931146000052, 42.474156857000025 ], [ 8.648867369000072, 42.479754209000077 ], [ 8.663519502000042, 42.492005944000027 ], [ 8.665948153000045, 42.496527911000051 ], [ 8.664933801000075, 42.513006330000053 ], [ 8.675250411000036, 42.518901110000058 ], [ 8.685529828000028, 42.515877247000049 ], [ 8.695143342000051, 42.520911575000071 ], [ 8.695534229000032, 42.526003003000028 ], [ 8.707661033000022, 42.523635745000036 ], [ 8.71942484300007, 42.525209070000074 ], [ 8.717534661000059, 42.53056216300007 ], [ 8.710347772000034, 42.536463857000058 ], [ 8.717648029000031, 42.53963673100003 ], [ 8.716056943000069, 42.550629616000037 ], [ 8.722365260000061, 42.55594337000008 ], [ 8.716411352000023, 42.559671044000027 ], [ 8.714810133000071, 42.566824675000078 ], [ 8.709752202000061, 42.568748951000032 ], [ 8.710312009000063, 42.577129006000064 ], [ 8.721930623000048, 42.581917048000037 ], [ 8.726990581000052, 42.57188773200005 ], [ 8.727493405000075, 42.562409521000063 ], [ 8.737594366000053, 42.567676306000067 ], [ 8.754121781000038, 42.569353223000064 ], [ 8.75639271700004, 42.561819315000037 ], [ 8.765535116000024, 42.556151032000059 ], [ 8.783494472000029, 42.556730747000074 ], [ 8.793687820000059, 42.561208367000063 ], [ 8.803329230000031, 42.56930851900006 ], [ 8.805243134000023, 42.575181603000033 ], [ 8.801196932000039, 42.581742406000046 ], [ 8.802782178000029, 42.588562846000059 ], [ 8.810525656000038, 42.591051459000028 ], [ 8.807490707000056, 42.598637819000032 ], [ 8.810721516000058, 42.605114102000073 ], [ 8.818919659000073, 42.60427045800003 ], [ 8.827005864000057, 42.606890201000056 ], [ 8.831294179000054, 42.601613760000077 ], [ 8.851797462000036, 42.612136841000051 ], [ 8.867599249000023, 42.608055473000029 ], [ 8.875192166000033, 42.613868952000075 ], [ 8.879857540000046, 42.629100442000038 ], [ 8.902937055000052, 42.627160668000045 ], [ 8.912565350000023, 42.629164576000051 ], [ 8.921152353000025, 42.638656020000042 ], [ 8.936218500000052, 42.638741612000047 ], [ 8.946942806000038, 42.633165121000047 ], [ 8.956721306000077, 42.635742664000077 ], [ 8.964656830000024, 42.635110378000029 ], [ 8.972138643000051, 42.639582634000078 ], [ 8.98542642600006, 42.641378164000059 ], [ 8.997442722000073, 42.640450955000063 ], [ 9.002169013000071, 42.643092274000026 ], [ 9.011523246000024, 42.639778971000055 ], [ 9.020968676000052, 42.643775940000069 ], [ 9.027362824000022, 42.65213787600004 ], [ 9.035051227000054, 42.655060411000079 ], [ 9.04037702100004, 42.653007746000071 ], [ 9.06008124400006, 42.661579251000035 ], [ 9.055886745000066, 42.668720126000039 ], [ 9.054312468000036, 42.681857705000027 ], [ 9.058450579000066, 42.696107269000038 ], [ 9.068537116000073, 42.692285537000032 ], [ 9.080552578000038, 42.70136976200007 ], [ 9.081633037000074, 42.708052201000051 ], [ 9.093153058000039, 42.716027162000046 ], [ 9.098909855000043, 42.715759754000032 ], [ 9.106724859000051, 42.724656343000049 ], [ 9.124117375000026, 42.732625723000069 ], [ 9.13373434500005, 42.729096175000052 ], [ 9.15159654200005, 42.733023150000065 ], [ 9.185296871000048, 42.72865669600003 ], [ 9.198994279000033, 42.725230575000069 ], [ 9.203687942000045, 42.726273818000038 ], [ 9.246211171000027, 42.720764206000069 ], [ 9.25749230400004, 42.71761727300003 ], [ 9.25560903500002, 42.712490201000037 ], [ 9.25842762000002, 42.702171445000033 ], [ 9.268838644000027, 42.701099515000067 ], [ 9.271190643000068, 42.694464326000059 ], [ 9.27649307300004, 42.692396641000073 ], [ 9.288985426000067, 42.674420429000065 ], [ 9.301393629000074, 42.683558941000058 ], [ 9.31132042400003, 42.687271357000043 ], [ 9.321559549000028, 42.695927858000061 ], [ 9.321331143000066, 42.714843750000057 ], [ 9.329606056000046, 42.719325423000043 ], [ 9.336775660000058, 42.728395462000037 ], [ 9.345214129000055, 42.735370755000083 ], [ 9.345064401000061, 42.743062019000035 ], [ 9.341446757000028, 42.748765945000059 ], [ 9.339209829000026, 42.767476846000079 ], [ 9.341219902000034, 42.770589352000059 ], [ 9.339770556000076, 42.782918215000052 ], [ 9.342562914000039, 42.79729354400007 ], [ 9.33228695400004, 42.810977578000063 ], [ 9.327448011000058, 42.811938167000051 ], [ 9.319722771000045, 42.825047612000049 ], [ 9.311976075000077, 42.829653263000068 ], [ 9.310104251000039, 42.834164620000081 ], [ 9.315631866000048, 42.838033319000033 ], [ 9.315820217000066, 42.843432903000064 ], [ 9.328053832000023, 42.853076577000024 ], [ 9.333837152000058, 42.862921119000077 ], [ 9.339348435000034, 42.866980553000083 ], [ 9.330673933000073, 42.871138573000053 ], [ 9.324877534000052, 42.890966964000029 ], [ 9.327153668000051, 42.902379716000041 ], [ 9.354547977000038, 42.916963339000063 ], [ 9.357901812000025, 42.926086545000032 ], [ 9.349419236000074, 42.929617047000079 ], [ 9.350536704000035, 42.934384465000051 ], [ 9.357645154000068, 42.940722108000045 ], [ 9.358134269000059, 42.946168542000066 ], [ 9.349288344000058, 42.951239109000028 ], [ 9.346204400000031, 42.956534743000077 ], [ 9.35041201100006, 42.967769027000031 ], [ 9.348945856000055, 42.973363042000074 ], [ 9.341846108000029, 42.979769945000051 ], [ 9.346758871000077, 43.00068206900005 ], [ 9.377822551000063, 43.007407554000054 ], [ 9.383412957000075, 43.010037542000077 ], [ 9.390934467000022, 43.006976247000068 ], [ 9.400185347000049, 43.008615256000041 ], [ 9.412771702000043, 43.005301356000075 ], [ 9.418680907000066, 43.011749506000058 ], [ 9.428758740000037, 43.009473562000039 ], [ 9.431594014000041, 43.003433466000047 ], [ 9.445169364000035, 42.996319637000056 ], [ 9.454496622000022, 42.988070845000038 ], [ 9.459586588000036, 42.987826772000062 ], [ 9.461181819000046, 42.977816005000079 ], [ 9.455999255000052, 42.976523280000038 ], [ 9.457982540000046, 42.964888453000071 ], [ 9.456804633000049, 42.951310873000068 ], [ 9.465766549000024, 42.942749739000078 ], [ 9.46948444800006, 42.934465050000028 ], [ 9.465224862000071, 42.932589650000068 ], [ 9.472350955000024, 42.923699617000068 ], [ 9.469713568000032, 42.905014157000039 ], [ 9.473101043000042, 42.90301773300007 ], [ 9.478551149000054, 42.872046232000059 ], [ 9.482275963000063, 42.866491556000028 ], [ 9.481665611000039, 42.859634042000039 ], [ 9.486230969000076, 42.851141334000033 ], [ 9.483849645000021, 42.848910451000052 ], [ 9.487712979000037, 42.818512559000055 ], [ 9.492187500000057, 42.807477713000026 ], [ 9.491019607000055, 42.79442477300006 ], [ 9.484863400000052, 42.783291340000062 ], [ 9.472239375000072, 42.769972324000037 ], [ 9.463518142000057, 42.748597503000042 ], [ 9.462128520000022, 42.731571555000073 ], [ 9.456099153000023, 42.72045791100004 ], [ 9.456884861000049, 42.709898949000035 ], [ 9.452464342000042, 42.701409339000065 ], [ 9.453662276000044, 42.692482472000052 ], [ 9.446825743000034, 42.685964346000048 ], [ 9.448236544000054, 42.665775580000059 ], [ 9.452798843000039, 42.653920174000064 ], [ 9.475933671000064, 42.622352957000032 ], [ 9.496402979000038, 42.60257124900005 ], [ 9.502897508000046, 42.585075147000055 ], [ 9.531024456000068, 42.552513957000031 ], [ 9.533088353000039, 42.542274604000056 ], [ 9.562220043000025, 42.272769983000046 ], [ 9.560000052000021, 42.192219962000081 ], [ 9.55564042900005, 42.143585947000084 ] ] ] } },
{ "type": "Feature", "properties": { "F_AREA": "37", "CENTER_X": 10.249445, "SECT_COD": "GSA09", "TSECT_COD": 42.0, "F_DIVISION": "37.1.3", "F_SUBAREA": "37.1", "CENTER_Y": 42.940463, "SMU_NAME_F": "Ligurie et nord de la mer Tyrrh‚nienne", "F_GSA": "37.1.3.9", "F_GSA_LIB": "GSA 9", "SMU_NAME": "Ligurian Sea and Northern Tyrrhenian Sea", "SMU_CODE": 9.0, "AF_CONF": 0.0, "gsa_num": 9.0 }, "geometry": { "type": "Polygon", "coordinates": [ [ [ 7.525000098000021, 43.779998765000073 ], [ 7.627754913000047, 43.249999972000069 ], [ 9.750000022000052, 43.249999972000069 ], [ 9.750000022000052, 41.299999215000071 ], [ 13.003545102000032, 41.299999452000066 ], [ 12.98000003900006, 41.326379957000029 ], [ 12.95194007500004, 41.353049991000034 ], [ 12.93222006600007, 41.370279956000047 ], [ 12.913060065000025, 41.383609951000039 ], [ 12.891246319000061, 41.396714210000027 ], [ 12.872724771000035, 41.405274152000061 ], [ 12.846945048000066, 41.41343760400008 ], [ 12.83437633500006, 41.415150642000071 ], [ 12.812079907000054, 41.413663745000065 ], [ 12.791978955000047, 41.417598009000073 ], [ 12.77265417600006, 41.415892601000053 ], [ 12.764320135000048, 41.410611868000046 ], [ 12.750219941000069, 41.417842031000077 ], [ 12.722883940000033, 41.436630845000025 ], [ 12.708956957000057, 41.443796754000061 ], [ 12.687601567000058, 41.452072978000047 ], [ 12.665421367000022, 41.456781268000043 ], [ 12.65538656700005, 41.455885649000038 ], [ 12.636205554000073, 41.451505423000071 ], [ 12.635417819000054, 41.446400642000071 ], [ 12.623327016000076, 41.444102645000051 ], [ 12.605159402000028, 41.47147667400003 ], [ 12.597737908000056, 41.480087638000043 ], [ 12.589625359000024, 41.485901713000032 ], [ 12.58576333600007, 41.494874358000061 ], [ 12.573151112000062, 41.511029005000069 ], [ 12.550931215000048, 41.536249757000064 ], [ 12.509840608000047, 41.576819658000034 ], [ 12.505954146000022, 41.579064250000044 ], [ 12.484565258000032, 41.60002791900007 ], [ 12.439357758000028, 41.639647722000063 ], [ 12.421409846000074, 41.65159785700007 ], [ 12.385143637000056, 41.678247451000061 ], [ 12.362658977000024, 41.692644357000063 ], [ 12.351029158000074, 41.698641062000029 ], [ 12.314800739000075, 41.714526177000039 ], [ 12.303385973000047, 41.718061447000025 ], [ 12.283568144000071, 41.726990819000036 ], [ 12.248230338000042, 41.73867333000004 ], [ 12.235532880000051, 41.738489866000066 ], [ 12.22353565700007, 41.743321776000073 ], [ 12.229987979000043, 41.748535752000066 ], [ 12.228991747000066, 41.754979849000051 ], [ 12.221197724000035, 41.77118635100004 ], [ 12.22432327300004, 41.781026960000077 ], [ 12.213114739000048, 41.812876821000032 ], [ 12.202092052000069, 41.836860657000045 ], [ 12.19103610600007, 41.85589647300003 ], [ 12.171851635000053, 41.882953167000039 ], [ 12.154442668000058, 41.90392994900003 ], [ 12.142894029000049, 41.914423347000024 ], [ 12.12553525000004, 41.926031828000077 ], [ 12.10943913400007, 41.932449102000078 ], [ 12.09565985200004, 41.934452653000051 ], [ 12.078009128000076, 41.946661353000025 ], [ 12.050238848000047, 41.956570744000032 ], [ 12.036997080000049, 41.972146511000062 ], [ 12.028834224000036, 41.979910732000064 ], [ 12.017962217000049, 41.987005949000029 ], [ 11.990640879000068, 41.995227218000025 ], [ 11.980540156000076, 41.995934725000041 ], [ 11.974712134000072, 41.999494433000052 ], [ 11.966282725000042, 42.012815356000033 ], [ 11.945888162000074, 42.022343874000057 ], [ 11.93909633100003, 42.026991010000074 ], [ 11.921166778000044, 42.034387112000047 ], [ 11.914367437000069, 42.039327144000026 ], [ 11.893491745000064, 42.03975772900003 ], [ 11.871827245000077, 42.036352157000067 ], [ 11.866296410000077, 42.032883048000031 ], [ 11.859848857000031, 42.034255266000059 ], [ 11.846214652000072, 42.030126930000051 ], [ 11.834622740000045, 42.029296755000075 ], [ 11.832582117000072, 42.037286043000051 ], [ 11.820284367000056, 42.047548174000042 ], [ 11.818655848000049, 42.056812167000032 ], [ 11.811397433000025, 42.060004473000049 ], [ 11.812783718000048, 42.066938042000061 ], [ 11.805063248000067, 42.073507666000069 ], [ 11.808068156000049, 42.077191352000057 ], [ 11.798128367000061, 42.086742044000061 ], [ 11.787704348000034, 42.088456750000034 ], [ 11.768791556000052, 42.111179351000033 ], [ 11.767402052000024, 42.119998455000029 ], [ 11.755836248000035, 42.126105667000047 ], [ 11.74392354400004, 42.140795946000026 ], [ 11.743856549000045, 42.149963856000056 ], [ 11.733359456000072, 42.15679454800005 ], [ 11.739294052000048, 42.172558308000077 ], [ 11.723665357000073, 42.184074402000078 ], [ 11.720038414000044, 42.19161272100007 ], [ 11.707340837000061, 42.211422324000068 ], [ 11.704873324000062, 42.221961856000064 ], [ 11.69148814700003, 42.239871145000052 ], [ 11.680086612000023, 42.245296359000065 ], [ 11.67249786900004, 42.254859209000074 ], [ 11.664759040000035, 42.267998337000051 ], [ 11.636566758000072, 42.292464972000062 ], [ 11.621083856000039, 42.301969648000068 ], [ 11.60326886100006, 42.309639215000061 ], [ 11.577801704000024, 42.326816678000057 ], [ 11.550181746000019, 42.342325568000035 ], [ 11.512933135000026, 42.35642886100004 ], [ 11.481194019000045, 42.367680907000079 ], [ 11.445000649000065, 42.379252315000031 ], [ 11.419648528000041, 42.386372924000057 ], [ 11.379675508000048, 42.395993352000062 ], [ 11.354750156000025, 42.400601506000051 ], [ 11.307849050000073, 42.407019973000047 ], [ 11.294364452000025, 42.408227801000066 ], [ 11.291111946000058, 42.404435634000038 ], [ 11.279494643000019, 42.409395218000043 ], [ 11.27873420700007, 42.416995644000053 ], [ 11.262812972000065, 42.419892431000051 ], [ 11.239155412000059, 42.41790175400007 ], [ 11.22071945700003, 42.413722158000041 ], [ 11.209393262000049, 42.408781051000062 ], [ 11.210081101000071, 42.392758012000058 ], [ 11.213580966000052, 42.387789607000059 ], [ 11.200790047000057, 42.381577849000053 ], [ 11.192651152000051, 42.379583359000037 ], [ 11.188548207000052, 42.372324467000055 ], [ 11.18973875000006, 42.362859726000067 ], [ 11.182444334000024, 42.362397313000031 ], [ 11.176113367000028, 42.367514849000031 ], [ 11.165181518000054, 42.367033124000045 ], [ 11.15825450400007, 42.361463308000054 ], [ 11.150416732000052, 42.364158154000052 ], [ 11.151044250000041, 42.37018346800005 ], [ 11.142105460000041, 42.376678825000056 ], [ 11.11760425600005, 42.389817834000041 ], [ 11.112717628000039, 42.388846040000033 ], [ 11.096175552000034, 42.392623067000045 ], [ 11.093312025000046, 42.402258158000052 ], [ 11.08751535500005, 42.406112313000051 ], [ 11.091184616000019, 42.410254836000036 ], [ 11.088518023000065, 42.417075753000063 ], [ 11.08930897700003, 42.42578065400005 ], [ 11.097271920000026, 42.433591843000045 ], [ 11.097031712000046, 42.440032363000057 ], [ 11.104832411000077, 42.44764316100003 ], [ 11.11205661300005, 42.447539568000025 ], [ 11.115890741000044, 42.440096975000074 ], [ 11.123001456000054, 42.437636256000083 ], [ 11.13771653200007, 42.438005566000072 ], [ 11.140355707000026, 42.433499932000075 ], [ 11.148489476000066, 42.436781049000047 ], [ 11.159559131000035, 42.434466243000031 ], [ 11.172496081000077, 42.443768024000065 ], [ 11.181741715000044, 42.458030105000034 ], [ 11.18702840800006, 42.470901608000077 ], [ 11.19142854200004, 42.490184903000056 ], [ 11.192116379000026, 42.51008451000007 ], [ 11.185891032000027, 42.526895642000056 ], [ 11.172256708000075, 42.546486855000069 ], [ 11.164565563000052, 42.550605178000069 ], [ 11.157989502000021, 42.56155645900003 ], [ 11.152469516000052, 42.563147068000035 ], [ 11.140445352000029, 42.561075330000051 ], [ 11.133731246000025, 42.550670266000054 ], [ 11.11591184100007, 42.565715313000055 ], [ 11.115824103000024, 42.568860173000083 ], [ 11.107492447000029, 42.580687046000037 ], [ 11.108631849000062, 42.587685346000058 ], [ 11.098326445000056, 42.605397344000039 ], [ 11.089783311000076, 42.606204748000039 ], [ 11.081106067000064, 42.61461865900003 ], [ 11.088459015000067, 42.617358327000034 ], [ 11.085564732000025, 42.627738357000055 ], [ 11.073966980000025, 42.63477957300006 ], [ 11.052827715000037, 42.643347859000073 ], [ 11.035766959000057, 42.648087144000051 ], [ 11.01641726500003, 42.655184269000074 ], [ 11.009098530000074, 42.661277175000066 ], [ 11.001193165000076, 42.682871223000063 ], [ 10.98702025500006, 42.708744764000073 ], [ 10.976617932000067, 42.720444203000056 ], [ 10.963708520000068, 42.730802417000064 ], [ 10.945865631000061, 42.740006208000068 ], [ 10.927465558000051, 42.748097658000063 ], [ 10.898964644000046, 42.757225751000078 ], [ 10.887283922000051, 42.759287477000044 ], [ 10.864797235000026, 42.765316367000025 ], [ 10.826868414000046, 42.772570134000034 ], [ 10.802796245000025, 42.775919080000051 ], [ 10.785344839000061, 42.774072051000083 ], [ 10.76834487900004, 42.784435153000061 ], [ 10.742066026000032, 42.798519612000064 ], [ 10.730933428000071, 42.80179774700008 ], [ 10.734983921000037, 42.808778524000047 ], [ 10.743344903000036, 42.806331753000052 ], [ 10.75724804400005, 42.807815552000079 ], [ 10.765650749000031, 42.816822410000043 ], [ 10.772715211000047, 42.830207467000037 ], [ 10.775767922000057, 42.847507238000048 ], [ 10.771551251000062, 42.851306557000044 ], [ 10.773688078000021, 42.857671857000071 ], [ 10.768063545000077, 42.860348344000045 ], [ 10.769179344000063, 42.868806362000043 ], [ 10.785081744000024, 42.885444760000041 ], [ 10.784842253000022, 42.893998862000046 ], [ 10.774963855000069, 42.907975673000067 ], [ 10.764883757000064, 42.915132046000053 ], [ 10.747445703000039, 42.924893975000032 ], [ 10.72569644400005, 42.932983756000056 ], [ 10.711849332000044, 42.939981580000051 ], [ 10.688007116000051, 42.947189808000083 ], [ 10.659383416000026, 42.951918006000028 ], [ 10.633799672000066, 42.953882337000039 ], [ 10.59624683800007, 42.954448342000035 ], [ 10.576305151000042, 42.953236223000033 ], [ 10.560294509000071, 42.950572968000074 ], [ 10.550239205000024, 42.937968850000061 ], [ 10.542371631000035, 42.934249759000068 ], [ 10.54979086000003, 42.930490851000059 ], [ 10.545466542000042, 42.921224475000031 ], [ 10.534588337000059, 42.919436455000039 ], [ 10.521654010000075, 42.921575308000058 ], [ 10.51558423000006, 42.928586960000075 ], [ 10.495116711000035, 42.931684971000038 ], [ 10.49659824400004, 42.941405177000028 ], [ 10.488994718000072, 42.951545 ], [ 10.484501719000036, 42.960792423000044 ], [ 10.486612677000039, 42.977120042000081 ], [ 10.48292553400006, 42.982567906000043 ], [ 10.483656645000051, 42.988910317000034 ], [ 10.495787502000042, 42.994558454000071 ], [ 10.506780148000075, 42.990257144000054 ], [ 10.51562023200006, 42.996914744000037 ], [ 10.516017079000051, 43.001958132000027 ], [ 10.510232448000068, 43.006857515000029 ], [ 10.511494159000051, 43.012693643000034 ], [ 10.522310972000071, 43.018966318000025 ], [ 10.530786157000025, 43.047102928000072 ], [ 10.535041571000022, 43.067940831000051 ], [ 10.535082817000044, 43.076845527000046 ], [ 10.538057446000041, 43.088369250000028 ], [ 10.540287256000056, 43.124442935000047 ], [ 10.540676474000064, 43.150683045000051 ], [ 10.537332058000059, 43.192940831000051 ], [ 10.533021569000027, 43.216025472000069 ], [ 10.526984453000068, 43.239257812000062 ], [ 10.518626451000046, 43.260134220000054 ], [ 10.502797246000055, 43.289982676000079 ], [ 10.480733514000065, 43.308286429000077 ], [ 10.463448405000063, 43.317958117000046 ], [ 10.455443978000062, 43.330059051000035 ], [ 10.457160830000021, 43.337747813000078 ], [ 10.450498820000064, 43.353088140000068 ], [ 10.442828536000036, 43.359590173000072 ], [ 10.442609310000025, 43.369392753000056 ], [ 10.439049602000068, 43.377844929000048 ], [ 10.431039810000073, 43.381858468000075 ], [ 10.424942851000026, 43.398823857000025 ], [ 10.419904828000028, 43.402891159000035 ], [ 10.40537297700007, 43.400580049000041 ], [ 10.400284528000045, 43.416239500000074 ], [ 10.399077177000038, 43.426229954000064 ], [ 10.389509559000032, 43.43120133900004 ], [ 10.38107335600006, 43.446238279000056 ], [ 10.37253701700007, 43.45341503700007 ], [ 10.353971958000043, 43.46364545800003 ], [ 10.344489813000052, 43.463664651000045 ], [ 10.336074353000072, 43.468378424000029 ], [ 10.329485655000042, 43.476268411000035 ], [ 10.331672668000069, 43.480972171000083 ], [ 10.320235849000028, 43.497121573000072 ], [ 10.318545103000076, 43.511337280000077 ], [ 10.315356254000051, 43.517869949000051 ], [ 10.30555391300004, 43.526346446000048 ], [ 10.300317407000025, 43.53563261000005 ], [ 10.302099347000023, 43.547095657000057 ], [ 10.297699809000051, 43.554156065000029 ], [ 10.30041527700007, 43.557938576000026 ], [ 10.295064926000066, 43.568287730000065 ], [ 10.300503731000047, 43.57243704800004 ], [ 10.299243927000076, 43.582592010000042 ], [ 10.295886159000077, 43.586667537000039 ], [ 10.290078759000041, 43.607639551000034 ], [ 10.288768530000027, 43.633032202000038 ], [ 10.286865353000051, 43.642443180000043 ], [ 10.279157519000025, 43.661612510000054 ], [ 10.268424153000067, 43.678223848000073 ], [ 10.281406761000028, 43.682455063000077 ], [ 10.283395648000068, 43.688576221000062 ], [ 10.279986143000031, 43.707183957000041 ], [ 10.276627779000025, 43.715702176000029 ], [ 10.279155970000032, 43.723310113000025 ], [ 10.276230454000029, 43.733462453000072 ], [ 10.277675151000039, 43.739432454000053 ], [ 10.26952981900007, 43.77339601500006 ], [ 10.269374847000051, 43.783104539000078 ], [ 10.266425371000024, 43.79064190400004 ], [ 10.258456468000077, 43.822209477000058 ], [ 10.243553162000069, 43.851703644000054 ], [ 10.241039157000046, 43.860012770000026 ], [ 10.240472556000045, 43.871832847000064 ], [ 10.219443202000036, 43.901116610000031 ], [ 10.20323503000003, 43.92124056800003 ], [ 10.171288967000066, 43.953862310000034 ], [ 10.146712541000056, 43.974778533000062 ], [ 10.11565864100004, 43.997488857000064 ], [ 10.069957018000023, 44.025332451000054 ], [ 10.053090810000072, 44.031883836000077 ], [ 10.038401961000034, 44.034551144000034 ], [ 10.018091679000063, 44.045864820000077 ], [ 10.002496958000052, 44.050443173000083 ], [ 9.990147114000024, 44.048818469000025 ], [ 9.977722526000036, 44.035065770000074 ], [ 9.964598656000019, 44.037142754000058 ], [ 9.955516338000052, 44.041398644000026 ], [ 9.939846635000038, 44.053745150000054 ], [ 9.934873104000076, 44.054550170000027 ], [ 9.91291880600005, 44.06687665000004 ], [ 9.906747937000034, 44.08152294100006 ], [ 9.901262045000069, 44.082541346000028 ], [ 9.882241845000069, 44.080739141000038 ], [ 9.874662519000026, 44.087415338000028 ], [ 9.863130450000028, 44.092491746000064 ], [ 9.854990840000028, 44.099760056000036 ], [ 9.85311222100006, 44.108075976000066 ], [ 9.835658550000062, 44.108919143000037 ], [ 9.825902343000052, 44.10151946600007 ], [ 9.821355223000069, 44.094241262000025 ], [ 9.822853565000059, 44.087978005000025 ], [ 9.830972314000064, 44.075504422000051 ], [ 9.842352152000046, 44.074728250000078 ], [ 9.845709920000049, 44.069296837000081 ], [ 9.845857144000036, 44.057264566000072 ], [ 9.839564562000019, 44.057304860000045 ], [ 9.834179521000069, 44.048262 ], [ 9.818696856000033, 44.059667707000074 ], [ 9.805348754000022, 44.063956380000029 ], [ 9.798628568000026, 44.063925863000065 ], [ 9.791776657000071, 44.069827676000045 ], [ 9.774012208000045, 44.075092554000037 ], [ 9.774231076000037, 44.079391838000049 ], [ 9.762192607000031, 44.083151579000059 ], [ 9.752584219000028, 44.089897514000029 ], [ 9.738710165000043, 44.092208147000065 ], [ 9.739632368000059, 44.096682668000028 ], [ 9.727909804000037, 44.103766203000077 ], [ 9.724990844000049, 44.112328529000081 ], [ 9.713899613000024, 44.118495941000049 ], [ 9.703793049000067, 44.119802475000029 ], [ 9.703578353000069, 44.12433767300007 ], [ 9.691967845000022, 44.127880574000073 ], [ 9.676745534000077, 44.13853573800003 ], [ 9.657265306000056, 44.144621134000033 ], [ 9.644525409000041, 44.144515634000072 ], [ 9.635726571000021, 44.13373017300006 ], [ 9.623107671000071, 44.142223478000062 ], [ 9.617232680000029, 44.150527716000056 ], [ 9.607037545000026, 44.156556248000072 ], [ 9.605527043000052, 44.161127567000051 ], [ 9.609833836000064, 44.167222381000045 ], [ 9.605795861000049, 44.171679616000063 ], [ 9.591194033000022, 44.172213077000038 ], [ 9.585007310000035, 44.175441027000034 ], [ 9.581694722000066, 44.18256664300003 ], [ 9.572807312000066, 44.180307627000047 ], [ 9.568502426000066, 44.188583732000041 ], [ 9.549836635000077, 44.206156731000078 ], [ 9.538585305000026, 44.205491424000058 ], [ 9.529215932000056, 44.207255006000025 ], [ 9.502552152000019, 44.221557379000046 ], [ 9.493816614000025, 44.235507608000034 ], [ 9.480881810000028, 44.240275979000046 ], [ 9.471893668000064, 44.23306167100003 ], [ 9.452764869000021, 44.239457249000054 ], [ 9.444342255000038, 44.237799644000063 ], [ 9.43098425900007, 44.254353165000055 ], [ 9.418385744000034, 44.259701372000052 ], [ 9.40349042400004, 44.25172090600006 ], [ 9.399825931000066, 44.261945724000043 ], [ 9.392850876000068, 44.271074057000078 ], [ 9.389930368000025, 44.281479359000059 ], [ 9.369936347000021, 44.294553518000043 ], [ 9.344537616000023, 44.305764318000058 ], [ 9.326515078000057, 44.310057044000075 ], [ 9.320458054000028, 44.31473612800005 ], [ 9.303966880000075, 44.322671414000069 ], [ 9.297147155000062, 44.322855831000027 ], [ 9.279080749000061, 44.329266548000078 ], [ 9.267430901000068, 44.335301041000037 ], [ 9.25518167000007, 44.337345957000025 ], [ 9.23742377800005, 44.345070958000065 ], [ 9.230972529000042, 44.341908574000058 ], [ 9.225936055000034, 44.335015177000059 ], [ 9.214232326000058, 44.334124565000025 ], [ 9.21689927500006, 44.322075367000025 ], [ 9.212775111000042, 44.319382429000029 ], [ 9.213961243000028, 44.305752635000033 ], [ 9.207427144000064, 44.301105380000081 ], [ 9.190648079000027, 44.308230520000052 ], [ 9.178510428000038, 44.308590650000042 ], [ 9.17472934700004, 44.314904571000056 ], [ 9.166767358000072, 44.312397241000042 ], [ 9.157024264000029, 44.315234661000034 ], [ 9.147059441000067, 44.322351217000062 ], [ 9.153040052000051, 44.331051708000075 ], [ 9.154544949000069, 44.347561359000053 ], [ 9.141207218000034, 44.360200047000035 ], [ 9.131049156000074, 44.36052167500003 ], [ 9.123343349000038, 44.364006520000032 ], [ 9.105891347000068, 44.368141174000073 ], [ 9.099092841000072, 44.371340155000041 ], [ 9.091249346000041, 44.37073457300005 ], [ 9.081352234000065, 44.374927402000026 ], [ 9.058282733000055, 44.379335880000042 ], [ 9.041871548000074, 44.380051851000083 ], [ 9.014183402000072, 44.384546876000059 ], [ 8.997778416000074, 44.385879159000069 ], [ 8.984268665000059, 44.391870260000083 ], [ 8.977108479000037, 44.389268160000029 ], [ 8.96378016400007, 44.391143322000062 ], [ 8.950249910000025, 44.391043901000046 ], [ 8.944583058000035, 44.394740940000077 ], [ 8.933837652000022, 44.393980742000053 ], [ 8.922271729000045, 44.400921940000046 ], [ 8.92145442900005, 44.409274340000081 ], [ 8.91195452200003, 44.409077048000029 ], [ 8.910368919000064, 44.399656057000072 ], [ 8.875545859000056, 44.405601025000067 ], [ 8.870769143000075, 44.40495717500005 ], [ 8.821470142000067, 44.414484501000061 ], [ 8.822551727000075, 44.417574405000039 ], [ 8.842560530000071, 44.41512823100004 ], [ 8.843910336000022, 44.421084643000029 ], [ 8.833817959000044, 44.423689842000051 ], [ 8.816663862000041, 44.42403280700006 ], [ 8.797765612000035, 44.421758652000051 ], [ 8.796503663000067, 44.417123675000028 ], [ 8.775953651000066, 44.420342446000063 ], [ 8.759901047000028, 44.426495552000063 ], [ 8.746403456000053, 44.427202940000029 ], [ 8.731369853000047, 44.421025515000053 ], [ 8.72654497700006, 44.417227149000041 ], [ 8.712044358000071, 44.415022969000063 ], [ 8.691493153000067, 44.407326341000051 ], [ 8.686555743000042, 44.402759671000069 ], [ 8.68862891200007, 44.398157239000057 ], [ 8.679494142000067, 44.392328620000058 ], [ 8.665254116000028, 44.389858842000081 ], [ 8.650514007000027, 44.389580845000069 ], [ 8.641477227000053, 44.386686564000058 ], [ 8.637400270000057, 44.381257177000066 ], [ 8.630543232000036, 44.379150629000037 ], [ 8.62510764600006, 44.371691346000034 ], [ 8.615430116000027, 44.366844416000049 ], [ 8.605157852000048, 44.365261435000029 ], [ 8.591978550000022, 44.359904766000056 ], [ 8.571216106000065, 44.356671453000047 ], [ 8.564521074000027, 44.345810652000068 ], [ 8.551893354000072, 44.344275117000052 ], [ 8.542301655000074, 44.334971547000066 ], [ 8.52255606600005, 44.329486847000055 ], [ 8.504348636000032, 44.326784969000073 ], [ 8.494922638000048, 44.317963243000065 ], [ 8.500912070000027, 44.312192679000077 ], [ 8.487732410000035, 44.30347824100005 ], [ 8.466994047000071, 44.297297001000061 ], [ 8.450737715000059, 44.287467241000058 ], [ 8.440871358000038, 44.274654746000067 ], [ 8.444946408000021, 44.264052034000031 ], [ 8.456382155000028, 44.257496119000052 ], [ 8.445090175000075, 44.245338679000042 ], [ 8.442388058000063, 44.236713767000026 ], [ 8.432590842000025, 44.235079646000031 ], [ 8.416955113000029, 44.223955870000054 ], [ 8.415450573000044, 44.21708667300004 ], [ 8.418843627000058, 44.211612940000066 ], [ 8.416708708000044, 44.202102542000034 ], [ 8.424666643000023, 44.194373369000061 ], [ 8.409782052000025, 44.18716192200003 ], [ 8.404728055000021, 44.180316925000056 ], [ 8.385214806000022, 44.180354953000062 ], [ 8.372022033000064, 44.177692771000068 ], [ 8.370832205000056, 44.17352414100003 ], [ 8.345200539000075, 44.168284536000051 ], [ 8.336673975000053, 44.161869169000056 ], [ 8.314232231000062, 44.158414722000032 ], [ 8.295907855000053, 44.153683663000038 ], [ 8.273512602000039, 44.142037153000047 ], [ 8.26429474400004, 44.132413745000065 ], [ 8.263944149000054, 44.128363848000049 ], [ 8.248115420000033, 44.114936948000029 ], [ 8.232228875000033, 44.092515349000053 ], [ 8.226747036000063, 44.078562140000031 ], [ 8.225587844000074, 44.069193959000074 ], [ 8.225944757000036, 44.043122769000036 ], [ 8.203830838000044, 44.031613350000043 ], [ 8.192237735000049, 44.020430565000026 ], [ 8.193938732000049, 44.015430928000058 ], [ 8.181549430000075, 44.013071776000061 ], [ 8.173304558000041, 44.005667567000046 ], [ 8.160369277000029, 43.985878229000029 ], [ 8.160368920000053, 43.972560644000055 ], [ 8.175187707000021, 43.958503246000078 ], [ 8.174058914000057, 43.953713655000058 ], [ 8.160370946000057, 43.949522138000077 ], [ 8.150542736000034, 43.950468540000031 ], [ 8.142648459000043, 43.947481751000055 ], [ 8.137037873000054, 43.941161752000028 ], [ 8.134460449000073, 43.932253241000069 ], [ 8.128745914000035, 43.925658941000052 ], [ 8.117962003000059, 43.924517036000054 ], [ 8.107010365000065, 43.919150352000031 ], [ 8.097798109000053, 43.918181777000029 ], [ 8.088793159000033, 43.912847876000058 ], [ 8.07749915100004, 43.901410222000038 ], [ 8.08024275300005, 43.896083951000037 ], [ 8.073652745000061, 43.890758872000049 ], [ 8.045223355000076, 43.884544730000073 ], [ 8.031424642000047, 43.884075046000078 ], [ 8.023071766000044, 43.875820636000071 ], [ 8.007240057000047, 43.868699431000039 ], [ 7.990632653000034, 43.86388957500003 ], [ 7.977247834000025, 43.86217761100005 ], [ 7.969640613000024, 43.859165430000083 ], [ 7.967290759000036, 43.85160195800006 ], [ 7.946789026000033, 43.845879316000037 ], [ 7.923396945000036, 43.843938470000069 ], [ 7.915609836000044, 43.841243505000079 ], [ 7.912621021000064, 43.836004377000052 ], [ 7.892274142000076, 43.837269425000045 ], [ 7.869663, 43.834684968000033 ], [ 7.861551642000052, 43.83112275600007 ], [ 7.850396156000045, 43.829883337000069 ], [ 7.842827916000033, 43.826178908000031 ], [ 7.840920329000028, 43.821051836000038 ], [ 7.830305815000031, 43.815353274000074 ], [ 7.817628742000068, 43.820944547000067 ], [ 7.806262136000043, 43.822857737000049 ], [ 7.795203566000055, 43.817642212000067 ], [ 7.782191753000063, 43.81822264200008 ], [ 7.779079080000031, 43.813456655000039 ], [ 7.753548503000047, 43.806506753000065 ], [ 7.73789215100004, 43.794727445000035 ], [ 7.712545872000021, 43.800808072000052 ], [ 7.697539568000025, 43.796838879000063 ], [ 7.694837332000077, 43.790856123000026 ], [ 7.68052685300006, 43.78399717800005 ], [ 7.672685146000049, 43.775826335000033 ], [ 7.649966359000075, 43.780931950000081 ], [ 7.63101983100006, 43.784023643000069 ], [ 7.614796162000061, 43.785232305000079 ], [ 7.598137736000069, 43.789650559000052 ], [ 7.583425402000046, 43.79204750100007 ], [ 7.571607351000068, 43.792141556000047 ], [ 7.560266852000041, 43.788395644000047 ], [ 7.558631540000022, 43.78100085300008 ], [ 7.525000098000021, 43.784503038000025 ], [ 7.525000098000021, 43.779998765000073 ] ], [ [ 10.100970053000026, 42.784859957000037 ], [ 10.111390067000061, 42.799439949000032 ], [ 10.12667004700006, 42.806389974000069 ], [ 10.145000033000031, 42.810829956000077 ], [ 10.182780070000035, 42.81360995700004 ], [ 10.208610044000068, 42.809159975000057 ], [ 10.220970045000058, 42.799859979000075 ], [ 10.233470071000056, 42.792769976000045 ], [ 10.24603591500005, 42.794056169000051 ], [ 10.249017477000052, 42.799742460000061 ], [ 10.266734242000039, 42.800482869000064 ], [ 10.269287825000047, 42.803417921000062 ], [ 10.262062073000038, 42.811567664000052 ], [ 10.271778941000036, 42.81420552700007 ], [ 10.277425170000072, 42.822986841000045 ], [ 10.287587404000019, 42.823292732000027 ], [ 10.294109463000041, 42.819305658000083 ], [ 10.315958738000065, 42.820953607000035 ], [ 10.31959891300005, 42.818003774000033 ], [ 10.332633853000059, 42.817944646000058 ], [ 10.329877854000074, 42.811555743000042 ], [ 10.317251801000054, 42.808503866000081 ], [ 10.31724035700006, 42.803716660000077 ], [ 10.332229734000066, 42.801967740000066 ], [ 10.335646630000042, 42.79828155000007 ], [ 10.345083833000048, 42.79639482500005 ], [ 10.356845855000074, 42.798826456000029 ], [ 10.359818220000022, 42.817805529000054 ], [ 10.368760347000034, 42.818112254000027 ], [ 10.373620152000058, 42.827251911000083 ], [ 10.380463838000026, 42.832577348000029 ], [ 10.391138434000029, 42.846392751000053 ], [ 10.389963150000028, 42.850887656000054 ], [ 10.403280258000052, 42.861305952000066 ], [ 10.404543638000064, 42.867604375000042 ], [ 10.414875746000064, 42.872106075000033 ], [ 10.42521154800005, 42.857335448000072 ], [ 10.435196638000036, 42.853431463000049 ], [ 10.444270134000019, 42.84668636300006 ], [ 10.43247735500006, 42.826004743000055 ], [ 10.430086136000057, 42.806993008000063 ], [ 10.436514139000051, 42.802146434000065 ], [ 10.437242150000031, 42.79699695100004 ], [ 10.430907250000075, 42.793971419000059 ], [ 10.434835910000061, 42.782787919000043 ], [ 10.433696031000068, 42.774286270000061 ], [ 10.42152416700003, 42.77238750500004 ], [ 10.40683877500004, 42.763478041000042 ], [ 10.394574047000049, 42.762341857000081 ], [ 10.409591556000066, 42.750034571000072 ], [ 10.411060452000072, 42.743710756000041 ], [ 10.417896867000024, 42.743954540000061 ], [ 10.434381366000023, 42.733667254000068 ], [ 10.435635447000038, 42.717494249000026 ], [ 10.432561636000059, 42.712733507000053 ], [ 10.42004144200007, 42.707422137000037 ], [ 10.409382518000029, 42.715857706000065 ], [ 10.399591803000019, 42.71276664700008 ], [ 10.384052515000064, 42.713629722000064 ], [ 10.375772953000023, 42.719662071000073 ], [ 10.374998212000037, 42.728016377000074 ], [ 10.366603375000068, 42.740295768000067 ], [ 10.358124971000052, 42.747928500000057 ], [ 10.356859326000064, 42.759530067000071 ], [ 10.344126586000073, 42.763340073000052 ], [ 10.33371186200003, 42.76285624500008 ], [ 10.328265667000039, 42.759888053000054 ], [ 10.318795369000044, 42.75953280300007 ], [ 10.326446652000072, 42.743343830000072 ], [ 10.31811940700004, 42.735932469000034 ], [ 10.313970232000033, 42.744108074000053 ], [ 10.312204361000056, 42.757017851000057 ], [ 10.300260663000074, 42.758897424000054 ], [ 10.291065812000056, 42.752031565000038 ], [ 10.290677309000046, 42.738178968000057 ], [ 10.286169648000056, 42.734177828000043 ], [ 10.276594162000038, 42.737383127000051 ], [ 10.270152926000035, 42.736458063000043 ], [ 10.263396740000076, 42.744355321000057 ], [ 10.25688505200003, 42.743302941000024 ], [ 10.245222499000022, 42.748385815000063 ], [ 10.235431909000056, 42.736576676000027 ], [ 10.241929054000025, 42.731512547000079 ], [ 10.240137458000049, 42.726441979000072 ], [ 10.215556622000063, 42.729779244000042 ], [ 10.204471708000028, 42.735083461000045 ], [ 10.188672304000022, 42.733599663000064 ], [ 10.175944924000021, 42.734286427000029 ], [ 10.165087223000056, 42.73159170200006 ], [ 10.150079847000027, 42.73049807600006 ], [ 10.136639238000043, 42.73166406200005 ], [ 10.131410360000077, 42.737055063000071 ], [ 10.122549534000029, 42.740988731000073 ], [ 10.113220453000054, 42.756828666000047 ], [ 10.107476115000054, 42.759801745000061 ], [ 10.103494215000069, 42.768736947000029 ], [ 10.100970053000026, 42.784859957000037 ] ] ] } },
{ "type": "Feature", "properties": { "F_AREA": "37", "CENTER_X": 13.692874, "SECT_COD": "GSA10", "TSECT_COD": 42.0, "F_DIVISION": "37.1.3", "F_SUBAREA": "37.1", "CENTER_Y": 39.589205, "SMU_NAME_F": "Sud et centre de la mer Tyrrh‚nienne", "F_GSA": "37.1.3.10", "F_GSA_LIB": "GSA 10", "SMU_NAME": "Southern and Central Tyrrhenian Sea", "SMU_CODE": 10.0, "AF_CONF": 0.0, "gsa_num": 10.0 }, "geometry": { "type": "Polygon", "coordinates": [ [ [ 15.646471898000073, 38.265299090000042 ], [ 15.656456247000053, 38.263935864000075 ], [ 15.740064424000025, 38.258515936000038 ], [ 15.76028004500006, 38.266110033000075 ], [ 15.795298457000058, 38.280636430000072 ], [ 15.811051011000076, 38.294587374000059 ], [ 15.816953778000029, 38.306180834000031 ], [ 15.829207659000076, 38.323515654000062 ], [ 15.828007936000065, 38.336864710000043 ], [ 15.831542969000054, 38.348178864000033 ], [ 15.835659981000047, 38.351665855000078 ], [ 15.832123280000076, 38.356469035000032 ], [ 15.836693526000031, 38.364158154000052 ], [ 15.848419666000041, 38.370467663000056 ], [ 15.849586129000045, 38.375805139000079 ], [ 15.857005120000052, 38.37974536400003 ], [ 15.862197638000056, 38.385834455000065 ], [ 15.861246348000066, 38.395007729000042 ], [ 15.87405562400005, 38.417567372000065 ], [ 15.882524609000029, 38.430682301000047 ], [ 15.89081764200006, 38.439080358000069 ], [ 15.905207872000062, 38.441214443000035 ], [ 15.90345215800005, 38.449917078000055 ], [ 15.899295449000022, 38.452970743000037 ], [ 15.908104062000064, 38.470052243000055 ], [ 15.915158748000067, 38.487806559000035 ], [ 15.919888139000022, 38.508898378000026 ], [ 15.930882335000035, 38.534533858000032 ], [ 15.931375265000042, 38.545951843000068 ], [ 15.927947045000051, 38.550181151000061 ], [ 15.914506436000067, 38.554888130000052 ], [ 15.900575042000071, 38.564587116000041 ], [ 15.895868301000064, 38.574141502000032 ], [ 15.884484410000027, 38.580011368000051 ], [ 15.87940812100004, 38.58760893300007 ], [ 15.866717934000064, 38.592108608000046 ], [ 15.859253645000024, 38.600950241000078 ], [ 15.84999287100004, 38.606614709000041 ], [ 15.845957876000057, 38.612263441000039 ], [ 15.828798652000046, 38.617017031000046 ], [ 15.828368545000046, 38.625924349000059 ], [ 15.835590244000061, 38.644943476000037 ], [ 15.852065921000076, 38.661585570000057 ], [ 15.864867568000022, 38.667041659000063 ], [ 15.871652722000022, 38.673241377000068 ], [ 15.88547885400004, 38.673498511000048 ], [ 15.895364642000059, 38.680848121000054 ], [ 15.904351831000042, 38.682981730000051 ], [ 15.911679149000063, 38.681465149000083 ], [ 15.923689962000026, 38.687547922000078 ], [ 15.949155330000051, 38.691788554000027 ], [ 15.962264180000034, 38.701812744000051 ], [ 15.971146942000075, 38.713093161000074 ], [ 15.986738444000023, 38.723228574000075 ], [ 15.998443842000029, 38.723947644000077 ], [ 16.005857468000045, 38.722142577000056 ], [ 16.018476725000028, 38.726276278000057 ], [ 16.041562557000077, 38.727436304000037 ], [ 16.04525852200004, 38.72401440200008 ], [ 16.055158257000073, 38.725749612000072 ], [ 16.058037758000069, 38.721160054000052 ], [ 16.076279044000046, 38.718909263000057 ], [ 16.100981355000044, 38.711524606000069 ], [ 16.110139132000029, 38.712944746000062 ], [ 16.120684743000027, 38.718624830000067 ], [ 16.12377715100007, 38.716339111000025 ], [ 16.134043336000047, 38.717548251000039 ], [ 16.148473263000028, 38.725248217000058 ], [ 16.159863353000048, 38.737249732000066 ], [ 16.175259114000028, 38.742518425000071 ], [ 16.183975338000039, 38.748504400000058 ], [ 16.188617945000033, 38.754854679000061 ], [ 16.199829221000073, 38.775594354000077 ], [ 16.211248755000042, 38.800259352000069 ], [ 16.218574166000053, 38.821010828000055 ], [ 16.222251177000032, 38.840541243000075 ], [ 16.223122120000028, 38.862583756000049 ], [ 16.220701814000051, 38.885580063000077 ], [ 16.221812248000049, 38.905608177000033 ], [ 16.219096780000029, 38.92212057100005 ], [ 16.212900043000047, 38.931602955000074 ], [ 16.205243349000057, 38.93487751400005 ], [ 16.198760152000034, 38.932867050000027 ], [ 16.182716846000062, 38.940320730000053 ], [ 16.17382907800004, 38.948093176000043 ], [ 16.159721255000022, 38.948951363000049 ], [ 16.154328227000065, 38.95372831800006 ], [ 16.150218964000032, 38.966565847000027 ], [ 16.143265724000059, 38.975510001000032 ], [ 16.140067459000022, 38.98391616300006 ], [ 16.130071878000024, 39.000454545000025 ], [ 16.109913110000036, 39.017774105000058 ], [ 16.101646423000034, 39.027020335000032 ], [ 16.097882270000071, 39.034423828000058 ], [ 16.094222308000042, 39.053511142000048 ], [ 16.091353655000034, 39.054250717000059 ], [ 16.08992743500005, 39.068321347000051 ], [ 16.087043047000066, 39.073047638000048 ], [ 16.082397461000028, 39.09437644500008 ], [ 16.079356313000062, 39.097681045000058 ], [ 16.076295257000027, 39.112610936000067 ], [ 16.067832709000072, 39.131709456000067 ], [ 16.063822747000074, 39.158661842000072 ], [ 16.063784838000061, 39.181501151000077 ], [ 16.062668442000074, 39.195341944000063 ], [ 16.060313463000057, 39.200932741000031 ], [ 16.05985045500006, 39.222795725000026 ], [ 16.058045864000064, 39.240870475000065 ], [ 16.056968808000022, 39.271344901000077 ], [ 16.055129051000051, 39.284458756000049 ], [ 16.051259040000048, 39.297733545000028 ], [ 16.046587705000036, 39.305431605000081 ], [ 16.03679025200006, 39.348822952000035 ], [ 16.028430343000025, 39.36521244000005 ], [ 16.015859127000056, 39.397698641000034 ], [ 16.002913475000071, 39.428153276000046 ], [ 15.996253729000044, 39.441962957000051 ], [ 15.986638308000067, 39.454925656000057 ], [ 15.973917842000048, 39.467535853000072 ], [ 15.961680412000078, 39.47555673100004 ], [ 15.943931341000052, 39.503564 ], [ 15.923730612000044, 39.527629853000064 ], [ 15.914120436000076, 39.529662729000052 ], [ 15.90660715100006, 39.536530972000037 ], [ 15.894251108000049, 39.538458705000039 ], [ 15.881859303000056, 39.543394208000052 ], [ 15.874233126000036, 39.553278327000051 ], [ 15.87091076400003, 39.565599203000033 ], [ 15.859842300000023, 39.589926124000051 ], [ 15.859728456000028, 39.596360445000073 ], [ 15.85035502900007, 39.620381832000078 ], [ 15.846642256000052, 39.621463060000053 ], [ 15.841975570000043, 39.637667418000035 ], [ 15.83109545700006, 39.669665933000033 ], [ 15.81457507600004, 39.677292824000062 ], [ 15.815523505000044, 39.687434435000057 ], [ 15.810241580000024, 39.699949503000028 ], [ 15.810588241000062, 39.709655047000069 ], [ 15.804149270000041, 39.714184641000031 ], [ 15.810431958000038, 39.720891833000053 ], [ 15.808301448000066, 39.735822558000052 ], [ 15.795716167000023, 39.772311449000028 ], [ 15.791326046000052, 39.788408637000032 ], [ 15.791525245000059, 39.793713451000031 ], [ 15.785724163000054, 39.816955209000071 ], [ 15.77642405000006, 39.821879029000058 ], [ 15.768994331000044, 39.836672068000041 ], [ 15.77906632400004, 39.848596334000035 ], [ 15.788383365000072, 39.848649740000042 ], [ 15.79306340200003, 39.863412141000026 ], [ 15.789409638000052, 39.869195223000077 ], [ 15.782628536000059, 39.872732043000042 ], [ 15.785081625000032, 39.880646944000034 ], [ 15.780854463000026, 39.892134547000069 ], [ 15.772521377000032, 39.903657556000041 ], [ 15.758197665000068, 39.919529676000025 ], [ 15.749225855000075, 39.934100151000052 ], [ 15.742729544000042, 39.933126450000032 ], [ 15.734792114000072, 39.944169759000033 ], [ 15.734774351000056, 39.956901908000077 ], [ 15.729936004000024, 39.965060473000051 ], [ 15.722471357000074, 39.968552708000061 ], [ 15.720266462000041, 39.976439952000078 ], [ 15.706719041000042, 39.98819136700007 ], [ 15.692521215000056, 39.998604775000047 ], [ 15.685120702000065, 40.00158095300003 ], [ 15.675502419000054, 40.014344454000025 ], [ 15.677699566000058, 40.027535558000068 ], [ 15.671010256000043, 40.029367566000083 ], [ 15.662629843000047, 40.039790153000069 ], [ 15.64822042000003, 40.03910112300008 ], [ 15.638661623000075, 40.047960759000034 ], [ 15.632951855000044, 40.049965262000057 ], [ 15.626178503000062, 40.057106137000062 ], [ 15.626663208000023, 40.062040925000083 ], [ 15.632257581000031, 40.068653465000068 ], [ 15.622773766000025, 40.07307267200008 ], [ 15.618460656000025, 40.06852161900008 ], [ 15.60256707700006, 40.074142218000077 ], [ 15.594521642000077, 40.073248744000068 ], [ 15.571273923000035, 40.078125 ], [ 15.566822052000076, 40.075698376000048 ], [ 15.541242957000064, 40.07469511000005 ], [ 15.518015027000049, 40.070302605000052 ], [ 15.511593342000026, 40.065405965000025 ], [ 15.50370812400007, 40.063485145000072 ], [ 15.488430142000029, 40.046509147000052 ], [ 15.485863805000063, 40.039182305000054 ], [ 15.479135155000051, 40.040090561000056 ], [ 15.460889577000046, 40.033270239000046 ], [ 15.435358048000069, 40.008769035000057 ], [ 15.426573634000022, 39.995285153000054 ], [ 15.418027640000048, 39.990232945000059 ], [ 15.383833408000044, 40.000307560000067 ], [ 15.377593875000059, 40.000966906000031 ], [ 15.370003939000071, 39.99673557300008 ], [ 15.353569746000062, 39.999663472000066 ], [ 15.348225832000026, 40.005198240000027 ], [ 15.343226075000077, 40.004531145000051 ], [ 15.318412781000063, 40.030662656000061 ], [ 15.311758518000032, 40.031752705000031 ], [ 15.295783162000076, 40.028955579000069 ], [ 15.289751649000038, 40.022780657000055 ], [ 15.273983240000064, 40.022327661000077 ], [ 15.268108964000078, 40.024301171000047 ], [ 15.271868349000044, 40.032200455000066 ], [ 15.279725432000076, 40.029954910000072 ], [ 15.285127878000026, 40.034421444000031 ], [ 15.283241034000071, 40.053990126000031 ], [ 15.272469044000047, 40.072990656000059 ], [ 15.262975573000062, 40.082126259000063 ], [ 15.253224254000031, 40.086930633000065 ], [ 15.242507934000059, 40.089745640000046 ], [ 15.233069777000026, 40.099692941000058 ], [ 15.227027655000027, 40.102010965000034 ], [ 15.222169518000044, 40.108617306000042 ], [ 15.204756140000027, 40.12356507800007 ], [ 15.180956244000072, 40.126425624000035 ], [ 15.144113421000045, 40.16277492100005 ], [ 15.132602215000077, 40.17138385700008 ], [ 15.118065238000042, 40.176597357000048 ], [ 15.100958705000039, 40.172711968000051 ], [ 15.086832166000022, 40.173285723000049 ], [ 15.07752645000005, 40.168006658000024 ], [ 15.064355254000075, 40.164985776000037 ], [ 15.05447900300004, 40.170436978000055 ], [ 15.043018102000076, 40.169090510000046 ], [ 15.026232361000041, 40.177121759000045 ], [ 15.024774313000025, 40.184914351000032 ], [ 15.016930580000064, 40.196592569000074 ], [ 15.007342458000039, 40.206028938000031 ], [ 14.992790342000037, 40.217449427000084 ], [ 14.984389543000075, 40.220013141000038 ], [ 14.969352603000059, 40.221464753000078 ], [ 14.962283611000032, 40.228508711000075 ], [ 14.955342650000034, 40.232075929000075 ], [ 14.939541340000062, 40.232663512000045 ], [ 14.937353134000034, 40.228416324000079 ], [ 14.926059604000043, 40.231352925000067 ], [ 14.915865540000029, 40.23709487900004 ], [ 14.904808760000035, 40.251505613000063 ], [ 14.910154939000051, 40.257375956000033 ], [ 14.931739927000024, 40.26686632600007 ], [ 14.94333922900006, 40.275413155000081 ], [ 14.946466207000071, 40.294736743000051 ], [ 14.945022106000067, 40.312115074000083 ], [ 14.938611627000055, 40.317066670000031 ], [ 14.945273280000038, 40.336457849000055 ], [ 14.954329371000028, 40.339667439000038 ], [ 14.967993021000041, 40.340204954000058 ], [ 14.97195208100004, 40.346475243000043 ], [ 14.98769307200007, 40.355120301000056 ], [ 14.993584633000069, 40.353641868000068 ], [ 14.998702407000051, 40.358984351000061 ], [ 15.001735449000025, 40.37655985400005 ], [ 15.000609040000027, 40.385463119000065 ], [ 14.995801568000047, 40.400793552000039 ], [ 14.984449744000074, 40.423876524000029 ], [ 14.969797373000064, 40.444846272000063 ], [ 14.944481850000043, 40.478400946000079 ], [ 14.93023550500004, 40.502392530000066 ], [ 14.915449024000054, 40.532218218000025 ], [ 14.90120685100004, 40.556206822000028 ], [ 14.875358820000031, 40.590299607000077 ], [ 14.824714303000064, 40.639882922000027 ], [ 14.797642827000059, 40.659909725000034 ], [ 14.777058959000044, 40.670796752000058 ], [ 14.758500814000058, 40.677196145000039 ], [ 14.745967269000062, 40.674798131000045 ], [ 14.72727227200005, 40.666635513000074 ], [ 14.71922814900006, 40.666016936000062 ], [ 14.70542585900006, 40.650067568000054 ], [ 14.703858853000042, 40.64458525200007 ], [ 14.692073822000054, 40.633034825000038 ], [ 14.677268147000063, 40.632526875000053 ], [ 14.666181326000071, 40.638617158000045 ], [ 14.652312517000039, 40.641604662000077 ], [ 14.645729422000043, 40.646128059000034 ], [ 14.636101723000024, 40.648929358000032 ], [ 14.621437549000063, 40.646175743000072 ], [ 14.606475830000022, 40.632610201000034 ], [ 14.601626754000051, 40.633061051000027 ], [ 14.585147858000028, 40.624089241000028 ], [ 14.574583650000022, 40.612942815000054 ], [ 14.540725350000059, 40.612982750000072 ], [ 14.529615164000065, 40.606392145000029 ], [ 14.521762848000035, 40.608417511000027 ], [ 14.51834070700005, 40.615363956000067 ], [ 14.493994951000047, 40.626311779000048 ], [ 14.486258149000037, 40.626735210000049 ], [ 14.474286556000038, 40.623278857000059 ], [ 14.46195721600003, 40.616651178000041 ], [ 14.456617832000063, 40.619257450000077 ], [ 14.440353155000023, 40.614761352000073 ], [ 14.435620308000068, 40.611920357000031 ], [ 14.418190241000048, 40.609563113000029 ], [ 14.408309102000032, 40.599441528000057 ], [ 14.383932233000053, 40.591067314000043 ], [ 14.367059826000061, 40.587185145000035 ], [ 14.364045740000051, 40.583063602000038 ], [ 14.353893757000035, 40.582344412000054 ], [ 14.347223043000042, 40.578605056000072 ], [ 14.345719815000052, 40.571882248000065 ], [ 14.32431185300004, 40.568791151000028 ], [ 14.320276380000053, 40.588064551000059 ], [ 14.327047705000041, 40.594274759000029 ], [ 14.32917821500007, 40.607295632000046 ], [ 14.33531081700005, 40.60975432400005 ], [ 14.341166257000054, 40.618105411000045 ], [ 14.338458657000048, 40.626301170000033 ], [ 14.346752644000048, 40.627618075000044 ], [ 14.351732254000069, 40.634637356000042 ], [ 14.364802241000064, 40.628407240000058 ], [ 14.378666758000064, 40.629762649000043 ], [ 14.390831470000023, 40.636945367000067 ], [ 14.401113748000055, 40.638759136000033 ], [ 14.408494949000044, 40.651603222000062 ], [ 14.403984308000076, 40.656396628000039 ], [ 14.411156535000032, 40.660940409000034 ], [ 14.421422005000068, 40.66243064400004 ], [ 14.431643963000056, 40.667746902000033 ], [ 14.438581348000071, 40.682041168000069 ], [ 14.450168252000026, 40.688307523000049 ], [ 14.465899825000063, 40.694099426000037 ], [ 14.47298872500005, 40.69227683500003 ], [ 14.481983542000023, 40.698542952000025 ], [ 14.47841274700005, 40.713574767000068 ], [ 14.468735575000039, 40.732455611000034 ], [ 14.462537050000035, 40.741443753000055 ], [ 14.453860402000032, 40.749832749000063 ], [ 14.43756413400007, 40.754794717000038 ], [ 14.428581238000049, 40.75083077000005 ], [ 14.415273070000069, 40.751191020000078 ], [ 14.395110249000028, 40.759037256000056 ], [ 14.38680243500005, 40.768301844000064 ], [ 14.352161169000055, 40.792158604000065 ], [ 14.346953511000038, 40.798077464000073 ], [ 14.334995151000044, 40.806278348000035 ], [ 14.333312035000064, 40.812647343000037 ], [ 14.320351839000068, 40.820320010000046 ], [ 14.307083249000073, 40.830233335000059 ], [ 14.290010809000025, 40.837872743000048 ], [ 14.27596485600003, 40.839695454000037 ], [ 14.263138533000074, 40.835246324000025 ], [ 14.25416374200006, 40.834111452000059 ], [ 14.250606656000061, 40.829539418000024 ], [ 14.232484341000031, 40.831958533000034 ], [ 14.226296067000019, 40.826203823000071 ], [ 14.215331912000067, 40.82098817900004 ], [ 14.206316232000065, 40.806929231000026 ], [ 14.207936406000044, 40.800824046000059 ], [ 14.188437342000045, 40.792392850000056 ], [ 14.171822309000049, 40.797872901000062 ], [ 14.173461318000022, 40.800680637000028 ], [ 14.165303946000051, 40.812216521000039 ], [ 14.157349348000023, 40.817215562000058 ], [ 14.137649655000075, 40.817528963000029 ], [ 14.130069852000076, 40.82108545300008 ], [ 14.120445371000072, 40.82018494600004 ], [ 14.116261244000045, 40.827444315000037 ], [ 14.108469367000056, 40.830864668000061 ], [ 14.094828129000064, 40.831161976000033 ], [ 14.081187845000043, 40.827543139000056 ], [ 14.072041750000039, 40.817590714000062 ], [ 14.082735658000049, 40.812028051000027 ], [ 14.082277656000031, 40.799713016000055 ], [ 14.08808147900004, 40.792835712000056 ], [ 14.091081977000044, 40.777602911000031 ], [ 14.086776852000073, 40.778643847000069 ], [ 14.082279205000075, 40.786090255000033 ], [ 14.076022744000056, 40.788179874000029 ], [ 14.061096906000046, 40.787561536000055 ], [ 14.046906233000072, 40.789625644000068 ], [ 14.039463162000059, 40.798399925000069 ], [ 14.040876269000025, 40.80683755900003 ], [ 14.046732545000054, 40.815542937000032 ], [ 14.048228502000027, 40.832826257000079 ], [ 14.048127771000054, 40.848074675000078 ], [ 14.044744611000056, 40.868151546000036 ], [ 14.037331820000077, 40.889366746000064 ], [ 14.02885746900006, 40.908108950000042 ], [ 14.020931959000052, 40.921967864000067 ], [ 14.006248951000032, 40.943746924000038 ], [ 13.981030703000044, 40.973494053000024 ], [ 13.973220110000057, 40.978649855000072 ], [ 13.956485153000074, 40.996169447000057 ], [ 13.936405778000051, 41.012303233000068 ], [ 13.929434419000074, 41.023033380000072 ], [ 13.923918009000031, 41.023736358000065 ], [ 13.918176651000069, 41.035851836000063 ], [ 13.914657831000056, 41.050749659000083 ], [ 13.899151802000064, 41.084831834000056 ], [ 13.887480259000029, 41.101508975000058 ], [ 13.866950512000074, 41.123397112000077 ], [ 13.843375206000076, 41.15212011400007 ], [ 13.839580655000075, 41.159451127000068 ], [ 13.812029720000057, 41.186746835000065 ], [ 13.786230326000066, 41.206484556000078 ], [ 13.763448953000022, 41.222446203000061 ], [ 13.728090524000038, 41.244387746000029 ], [ 13.71592903100003, 41.250807524000038 ], [ 13.70608270200006, 41.25342345200005 ], [ 13.69520962200005, 41.250182271000028 ], [ 13.681816339000022, 41.243647457000066 ], [ 13.671264172000065, 41.246753812000065 ], [ 13.664959669000041, 41.253724575000035 ], [ 13.650838852000049, 41.257873416000052 ], [ 13.633111954000071, 41.260573149000038 ], [ 13.621929645000025, 41.260574102000078 ], [ 13.599131227000044, 41.250107765000052 ], [ 13.591478228000028, 41.249970556000051 ], [ 13.581251741000074, 41.245226860000059 ], [ 13.573265672000048, 41.238913417000049 ], [ 13.569293618000074, 41.230421066000083 ], [ 13.572041750000039, 41.216139555000041 ], [ 13.585969567000063, 41.209851980000053 ], [ 13.576827526000043, 41.203690410000029 ], [ 13.570606828000052, 41.209188342000061 ], [ 13.55655312500005, 41.211617231000048 ], [ 13.548703313000033, 41.206634045000051 ], [ 13.541168213000049, 41.213562370000034 ], [ 13.521066070000074, 41.224020720000055 ], [ 13.503306627000027, 41.221683741000049 ], [ 13.502994418000071, 41.225913167000051 ], [ 13.493896723000034, 41.232720852000057 ], [ 13.483670950000032, 41.237355828000034 ], [ 13.470411658000046, 41.236482739000053 ], [ 13.461415410000029, 41.239534617000061 ], [ 13.459005951000051, 41.245059132000051 ], [ 13.439700246000029, 41.254816770000048 ], [ 13.432348847000071, 41.256795048000072 ], [ 13.415613651000058, 41.266000271000053 ], [ 13.399713635000069, 41.272691130000055 ], [ 13.376899243000024, 41.280744553000034 ], [ 13.359989524000071, 41.285632849000081 ], [ 13.325242400000036, 41.292939305000061 ], [ 13.290102601000058, 41.297350049000045 ], [ 13.272134423000068, 41.296236276000059 ], [ 13.266881943000044, 41.294496417000062 ], [ 13.258491755000025, 41.282159567000065 ], [ 13.245373726000023, 41.284011840000062 ], [ 13.224343777000058, 41.284598232000064 ], [ 13.20731425300005, 41.283452630000056 ], [ 13.170739770000068, 41.274953246000052 ], [ 13.157043934000058, 41.269193054000027 ], [ 13.116320968000023, 41.24799525800006 ], [ 13.104197025000076, 41.239336609000077 ], [ 13.09598100200003, 41.225306749000026 ], [ 13.089040160000025, 41.223343134000061 ], [ 13.068833709000046, 41.221606374000032 ], [ 13.06340301000006, 41.223731517000033 ], [ 13.04626894000006, 41.226027370000054 ], [ 13.040403008000055, 41.230103970000073 ], [ 13.033488154000054, 41.245239973000025 ], [ 13.035787463000077, 41.250522137000075 ], [ 13.005410030000064, 41.297909962000062 ], [ 13.003545102000032, 41.299999452000066 ], [ 11.000000042000067, 41.299999215000071 ], [ 11.000000089000023, 38.000000025000077 ], [ 12.503451393000034, 38.000000025000077 ], [ 12.509241716000076, 38.013106644000061 ], [ 12.506693244000076, 38.016782880000051 ], [ 12.52156984800007, 38.023548246000075 ], [ 12.53739166200006, 38.036856174000029 ], [ 12.543627142000048, 38.04573905500007 ], [ 12.554163575000077, 38.052146077000032 ], [ 12.558244788000025, 38.060523409000041 ], [ 12.579233081000041, 38.070001922000074 ], [ 12.586727143000076, 38.066354752000052 ], [ 12.59670925100005, 38.069164753000052 ], [ 12.600927234000039, 38.065297246000057 ], [ 12.61072957500005, 38.065523743000028 ], [ 12.625964642000042, 38.070366144000047 ], [ 12.644658446000051, 38.078102112000067 ], [ 12.64725363200006, 38.085040450000065 ], [ 12.662588239000058, 38.092876553000053 ], [ 12.657197118000056, 38.101090551000027 ], [ 12.657318663000069, 38.105266114000074 ], [ 12.677511060000027, 38.114385192000043 ], [ 12.687794805000069, 38.106057048000025 ], [ 12.699516654000035, 38.105056405000028 ], [ 12.710618019000036, 38.10969984500008 ], [ 12.725885153000036, 38.124453902000027 ], [ 12.725487948000024, 38.129718423000043 ], [ 12.737156153000058, 38.13970875800004 ], [ 12.730574131000026, 38.147628069000064 ], [ 12.72821784000007, 38.154404759000045 ], [ 12.718063951000032, 38.168346643000064 ], [ 12.716011166000044, 38.178626657000052 ], [ 12.725690007000026, 38.187479377000045 ], [ 12.735195041000054, 38.186140537000028 ], [ 12.73236167500005, 38.17948913500004 ], [ 12.739879012000074, 38.175252557000078 ], [ 12.749159217000056, 38.178331137000043 ], [ 12.757423520000032, 38.177803040000072 ], [ 12.766539454000052, 38.18054974100005 ], [ 12.769938230000037, 38.177361131000055 ], [ 12.77225792400003, 38.168100238000079 ], [ 12.767652035000026, 38.161869645000024 ], [ 12.772678256000065, 38.150361419000035 ], [ 12.780132174000071, 38.150593877000063 ], [ 12.784216523000056, 38.140857935000042 ], [ 12.791508555000064, 38.135448813000039 ], [ 12.788753152000028, 38.120375275000072 ], [ 12.79043138000003, 38.10979354400007 ], [ 12.805005908000055, 38.094421149000027 ], [ 12.812143445000061, 38.080082655000069 ], [ 12.82120025200004, 38.076834560000066 ], [ 12.823200464000024, 38.070904613000039 ], [ 12.829352140000026, 38.065065622000077 ], [ 12.843457243000046, 38.055393457000037 ], [ 12.849823236000075, 38.056555628000069 ], [ 12.858266234000039, 38.048313618000066 ], [ 12.870065331000037, 38.050793648000024 ], [ 12.871525645000077, 38.037607908000041 ], [ 12.892746736000049, 38.024859960000072 ], [ 12.923610059000056, 38.02486000500005 ], [ 12.954934042000048, 38.032781863000025 ], [ 12.971778035000057, 38.03783810200008 ], [ 12.995978951000041, 38.046624303000051 ], [ 13.002400918000037, 38.052043517000072 ], [ 13.020422459000031, 38.058039307000058 ], [ 13.03993375400006, 38.071793873000047 ], [ 13.054049730000033, 38.072948217000032 ], [ 13.065761566000049, 38.07959973800007 ], [ 13.077803851000056, 38.088867546000074 ], [ 13.073661446000074, 38.099076748000073 ], [ 13.070185661000041, 38.101362347000077 ], [ 13.071662545000038, 38.110814452000056 ], [ 13.066756010000065, 38.121242523000035 ], [ 13.055417763000037, 38.133314271000074 ], [ 13.064781358000062, 38.143983128000059 ], [ 13.071963072000074, 38.14239013200006 ], [ 13.072103739000056, 38.151295662000052 ], [ 13.080294848000053, 38.154877067000029 ], [ 13.084689855000022, 38.159695149000072 ], [ 13.083568959000049, 38.165389674000039 ], [ 13.100350071000037, 38.184510031000059 ], [ 13.130317449000074, 38.189347625000039 ], [ 13.153584361000071, 38.186758042000065 ], [ 13.162197829000036, 38.184517503000052 ], [ 13.162931442000058, 38.171966553000061 ], [ 13.174556255000027, 38.168914557000051 ], [ 13.188157320000071, 38.16901314200004 ], [ 13.222773910000058, 38.178252935000046 ], [ 13.237103463000039, 38.18531370200003 ], [ 13.243554950000032, 38.191729546000033 ], [ 13.244261265000034, 38.203617454000039 ], [ 13.252206564000062, 38.198706030000039 ], [ 13.259025455000028, 38.201013565000039 ], [ 13.270710230000075, 38.199939251000046 ], [ 13.282031656000072, 38.205461860000071 ], [ 13.295518040000047, 38.217980623000074 ], [ 13.31841337700007, 38.224524260000067 ], [ 13.323395252000068, 38.214318872000035 ], [ 13.33062684500004, 38.212462664000043 ], [ 13.326255441000058, 38.203403949000062 ], [ 13.332732558000032, 38.197114348000071 ], [ 13.33963024600007, 38.19667804200003 ], [ 13.347640037000076, 38.191305875000069 ], [ 13.359375, 38.191406250000057 ], [ 13.366420865000066, 38.181309223000028 ], [ 13.367611647000048, 38.16851425200008 ], [ 13.376689553000062, 38.152033567000046 ], [ 13.372511744000064, 38.143872142000077 ], [ 13.37311863900004, 38.132870913000033 ], [ 13.385727048000035, 38.107854962000033 ], [ 13.425700684000049, 38.090313822000041 ], [ 13.483593702000064, 38.100514531000051 ], [ 13.504971862000048, 38.108603477000031 ], [ 13.511126757000056, 38.117939353000054 ], [ 13.539202928000066, 38.111474156000043 ], [ 13.534308434000025, 38.103935242000034 ], [ 13.54015374200003, 38.096838951000052 ], [ 13.542684078000036, 38.08763945100003 ], [ 13.537915826000074, 38.080095529000062 ], [ 13.54394257000007, 38.075131774000056 ], [ 13.537174225000058, 38.069745064000074 ], [ 13.539850831000024, 38.060890078000057 ], [ 13.569850445000045, 38.037329316000069 ], [ 13.616499158000067, 38.014409784000065 ], [ 13.622607350000068, 38.010353207000037 ], [ 13.636097670000026, 38.008312464000028 ], [ 13.649013400000058, 37.999585748000072 ], [ 13.665479303000041, 37.994169950000071 ], [ 13.675058841000066, 37.994907856000054 ], [ 13.705803752000064, 37.98995530600007 ], [ 13.707521200000031, 37.979726672000027 ], [ 13.72390616000007, 37.975755811000056 ], [ 13.739203215000032, 37.974954724000042 ], [ 13.746050358000048, 37.970218659000068 ], [ 13.794973850000076, 37.975240230000054 ], [ 13.799575925000056, 37.975196958000026 ], [ 13.82279324600006, 37.982648015000052 ], [ 13.834308624000071, 37.982434154000032 ], [ 13.886670041000061, 37.998050039000077 ], [ 13.916530060000071, 38.010340003000067 ], [ 13.930797218000066, 38.020224791000032 ], [ 13.953810444000055, 38.030331297000032 ], [ 14.014050697000073, 38.035089880000051 ], [ 14.040124836000077, 38.032384321000052 ], [ 14.055955052000058, 38.025285840000038 ], [ 14.0625, 38.019810319000051 ], [ 14.079093457000056, 38.019002676000071 ], [ 14.08831417600004, 38.02084255300008 ], [ 14.107388854000019, 38.014863849000051 ], [ 14.130267977000074, 38.018377542000053 ], [ 14.138690103000044, 38.022203212000079 ], [ 14.171883751000053, 38.019019641000057 ], [ 14.176670909000052, 38.02089595800004 ], [ 14.192671665000034, 38.017025893000039 ], [ 14.242780042000049, 38.012220047000028 ], [ 14.311940055000036, 38.012220047000028 ], [ 14.367920051000056, 38.018330011000046 ], [ 14.39552462100005, 38.022914410000055 ], [ 14.42578411100004, 38.04039311400004 ], [ 14.436986565000041, 38.040928245000032 ], [ 14.448228240000049, 38.034348369000043 ], [ 14.463078030000077, 38.033678881000071 ], [ 14.519440044000078, 38.042770008000048 ], [ 14.603065461000028, 38.066047639000033 ], [ 14.61854124000007, 38.072731376000029 ], [ 14.630599976000042, 38.070328355000072 ], [ 14.643857956000032, 38.077493071000049 ], [ 14.655379653000068, 38.087024451000048 ], [ 14.667407274000029, 38.091730952000034 ], [ 14.684777736000058, 38.105327964000026 ], [ 14.706400752000036, 38.126809954000066 ], [ 14.715097666000077, 38.133964657000035 ], [ 14.741754055000058, 38.160950780000064 ], [ 14.748440742000071, 38.165676832000031 ], [ 14.762271762000069, 38.156728745000066 ], [ 14.771734237000032, 38.15409195400008 ], [ 14.784720037000056, 38.154440044000069 ], [ 14.874440073000072, 38.17056003700003 ], [ 14.887872815000035, 38.171059251000031 ], [ 14.893689275000042, 38.174889803000042 ], [ 14.901564956000072, 38.184136153000054 ], [ 14.910388350000062, 38.187349677000043 ], [ 14.914311529000033, 38.191797852000029 ], [ 14.923550248000026, 38.190085530000033 ], [ 14.929741860000036, 38.183621764000065 ], [ 14.946879268000032, 38.176677823000034 ], [ 14.948943377000036, 38.169255614000065 ], [ 14.966371417000062, 38.156055450000053 ], [ 14.977643728000032, 38.150699854000038 ], [ 14.992110848000038, 38.151757479000025 ], [ 15.011634350000064, 38.148508668000034 ], [ 15.025372267000025, 38.151450277000038 ], [ 15.030820966000022, 38.150003671000029 ], [ 15.04282653300004, 38.152277470000058 ], [ 15.047487974000036, 38.150202274000037 ], [ 15.049224735000053, 38.14289784500005 ], [ 15.054107427000076, 38.139123917000063 ], [ 15.057434559000058, 38.130160212000078 ], [ 15.068855167000038, 38.126943112000049 ], [ 15.073097110000049, 38.122836709000069 ], [ 15.089766979000046, 38.119866848000072 ], [ 15.101304412000047, 38.121952533000069 ], [ 15.11474740500006, 38.127120853000065 ], [ 15.13286054100007, 38.138376236000056 ], [ 15.154163241000049, 38.143916846000025 ], [ 15.162819028000058, 38.148838759000057 ], [ 15.171467662000056, 38.151078939000058 ], [ 15.188207745000057, 38.166108608000059 ], [ 15.20420765800003, 38.177760840000083 ], [ 15.215762138000059, 38.188424825000027 ], [ 15.228489756000045, 38.208887101000073 ], [ 15.238421559000074, 38.233404756000027 ], [ 15.24144065400003, 38.244014263000054 ], [ 15.237035275000039, 38.245940327000028 ], [ 15.235608221000064, 38.266116261000029 ], [ 15.239799977000075, 38.267722607000053 ], [ 15.250212669000064, 38.25636720600005 ], [ 15.25360226600003, 38.244638443000042 ], [ 15.249614715000064, 38.239588738000066 ], [ 15.249433875000022, 38.230857730000025 ], [ 15.243528962000028, 38.226832032000061 ], [ 15.244572043000062, 38.21437895300005 ], [ 15.257202149000022, 38.207556844000067 ], [ 15.274135351000041, 38.207809448000035 ], [ 15.288026452000054, 38.206164837000074 ], [ 15.312090158000046, 38.209850908000078 ], [ 15.32763135400006, 38.21505105500006 ], [ 15.350440741000057, 38.216269135000061 ], [ 15.399049640000044, 38.230226278000032 ], [ 15.421374559000071, 38.240756273000045 ], [ 15.426822543000071, 38.240943313000059 ], [ 15.452629328000056, 38.252889752000051 ], [ 15.460413217000053, 38.25917744700007 ], [ 15.487260819000028, 38.275950551000051 ], [ 15.519824148000056, 38.297626734000062 ], [ 15.526382804000036, 38.297642946000053 ], [ 15.540552258000048, 38.301536680000027 ], [ 15.550089955000033, 38.300692558000037 ], [ 15.56287074100004, 38.29376101500003 ], [ 15.574480772000072, 38.285262823000039 ], [ 15.594857574000059, 38.279436946000033 ], [ 15.61208474700004, 38.273242354000047 ], [ 15.624192304000076, 38.272303607000026 ], [ 15.646471898000073, 38.265299090000042 ] ] ] } },
{ "type": "Feature", "properties": { "F_AREA": "37", "CENTER_X": 8.3423144510699991, "SECT_COD": "GSA111", "TSECT_COD": 42.0, "F_DIVISION": "37.1.3", "F_SUBAREA": "37.1", "CENTER_Y": 39.820154626799997, "SMU_NAME_F": "Sardaigne Ouest", "F_GSA": "37.1.3.111", "F_GSA_LIB": "GSA 11.1", "SMU_NAME": "Western Sardinia", "SMU_CODE": 111.0, "AF_CONF": 0.0, "gsa_num": 11.0 }, "geometry": { "type": "Polygon", "coordinates": [ [ [ 8.000000023959814, 41.330001818768814 ], [ 7.060532112000033, 41.543518042000073 ], [ 6.280425550534318, 41.720813751078751 ], [ 6.000000012000044, 41.784546350000028 ], [ 6.000000012000044, 38.000000025000077 ], [ 8.000000023959814, 38.000000024641125 ], [ 8.000000023959814, 41.330001818768814 ] ] ] } },
{ "type": "Feature", "properties": { "F_AREA": "37", "CENTER_X": 8.3423144510699991, "SECT_COD": "GSA112", "TSECT_COD": 42.0, "F_DIVISION": "37.1.3", "F_SUBAREA": "37.1", "CENTER_Y": 39.820154626799997, "SMU_NAME_F": "Sardaigne Est", "F_GSA": "37.1.3.112", "F_GSA_LIB": "GSA 11.2", "SMU_NAME": "Eastern Sardinia", "SMU_CODE": 112.0, "AF_CONF": 0.0, "gsa_num": 11.0 }, "geometry": { "type": "Polygon", "coordinates": [ [ [ 8.500000003000025, 38.000000025000077 ], [ 8.500000003000025, 38.500000004000071 ], [ 11.000000042000067, 38.500000004000071 ], [ 11.000000042000067, 41.299999215000071 ], [ 8.00000002400003, 41.299999215000071 ], [ 8.000000023959814, 38.000000024641125 ], [ 8.500000003000025, 38.000000025000077 ] ], [ [ 8.458016891000057, 39.119438942000045 ], [ 8.449781657000074, 39.116658926000071 ], [ 8.439260602000047, 39.11595273000006 ], [ 8.433267713000021, 39.12936985500005 ], [ 8.438867807000065, 39.137500406000072 ], [ 8.4375, 39.15597093100007 ], [ 8.428640723000058, 39.163210750000083 ], [ 8.412602544000038, 39.171067953000033 ], [ 8.408381224000038, 39.164004922000061 ], [ 8.401175618000025, 39.17955136300003 ], [ 8.401150107000035, 39.19231975100007 ], [ 8.396775007000031, 39.198217750000026 ], [ 8.381326675000025, 39.200191855000071 ], [ 8.371472955000058, 39.20799732200004 ], [ 8.367703557000027, 39.215563058000043 ], [ 8.367005229000029, 39.225989341000059 ], [ 8.381274938000047, 39.239562153000065 ], [ 8.39943945400006, 39.251554370000065 ], [ 8.412348270000052, 39.265271067000072 ], [ 8.420856714000024, 39.266536355000028 ], [ 8.426616550000062, 39.270254254000065 ], [ 8.437054157000034, 39.28634893900005 ], [ 8.433690906000038, 39.298081160000038 ], [ 8.433072329000026, 39.307671070000026 ], [ 8.424306155000068, 39.31969177700006 ], [ 8.417301655000074, 39.325814366000031 ], [ 8.420153976000051, 39.331939459000068 ], [ 8.415727853000021, 39.335551619000057 ], [ 8.398343563000026, 39.337548017000074 ], [ 8.392273307000039, 39.343766808000055 ], [ 8.394579411000052, 39.348081946000029 ], [ 8.385496855000042, 39.352027416000055 ], [ 8.387528658000065, 39.365174056000058 ], [ 8.376317859000039, 39.367908716000045 ], [ 8.372739912000043, 39.373151540000038 ], [ 8.378281235000031, 39.375877858000081 ], [ 8.378816366000024, 39.38261437400007 ], [ 8.386835456000028, 39.395202160000053 ], [ 8.392060042000026, 39.39662432700004 ], [ 8.402991414000041, 39.405127168000035 ], [ 8.403667212000073, 39.410946846000058 ], [ 8.411599040000056, 39.420482159000073 ], [ 8.412666678000051, 39.439592481000034 ], [ 8.403540135000071, 39.443789124000034 ], [ 8.388733149000075, 39.44728374500005 ], [ 8.389477968000051, 39.452146650000032 ], [ 8.383845449000034, 39.45512354300007 ], [ 8.385192871000072, 39.471618652000075 ], [ 8.397237658000051, 39.484548926000059 ], [ 8.406496405000041, 39.488698959000033 ], [ 8.419064880000064, 39.503241658000029 ], [ 8.430968761000031, 39.519278049000029 ], [ 8.435099125000022, 39.52236354300004 ], [ 8.453734517000044, 39.550403476000042 ], [ 8.454971433000026, 39.562068939000028 ], [ 8.464818478000041, 39.577157259000046 ], [ 8.463110566000069, 39.588572740000075 ], [ 8.471046329000046, 39.600683331000027 ], [ 8.465140224000038, 39.60864627400008 ], [ 8.465459347000035, 39.616044521000049 ], [ 8.451687455000069, 39.622346163000032 ], [ 8.448756575000061, 39.634885549000046 ], [ 8.453722715000026, 39.659353972000083 ], [ 8.458988547000047, 39.668715477000035 ], [ 8.452645659000041, 39.670532346000073 ], [ 8.444218874000057, 39.678461552000051 ], [ 8.454375148000054, 39.698679328000026 ], [ 8.454838753000047, 39.710764170000061 ], [ 8.449289203000035, 39.712514043000056 ], [ 8.446728945000075, 39.719229102000043 ], [ 8.449349522000034, 39.728671432000056 ], [ 8.445362806000048, 39.733131051000043 ], [ 8.448663473000067, 39.740947366000057 ], [ 8.444037556000069, 39.75158715200007 ], [ 8.443976760000055, 39.75854516000004 ], [ 8.450727105000055, 39.763244748000034 ], [ 8.454289317000075, 39.770147562000034 ], [ 8.468680143000029, 39.758522629000026 ], [ 8.471652150000068, 39.749598861000038 ], [ 8.47590172300005, 39.74620974000004 ], [ 8.489212513000041, 39.728213072000074 ], [ 8.497844219000058, 39.721654415000046 ], [ 8.503510713000026, 39.713494658000059 ], [ 8.50034105800006, 39.708535075000043 ], [ 8.513996959000053, 39.703884244000051 ], [ 8.521442175000061, 39.692996502000028 ], [ 8.537684679000051, 39.69327545200008 ], [ 8.548463345000073, 39.696027279000077 ], [ 8.56324565400007, 39.694445848000043 ], [ 8.559677243000067, 39.703299046000041 ], [ 8.552730322000059, 39.708902716000068 ], [ 8.543895841000051, 39.709805966000033 ], [ 8.535238862000028, 39.703019142000073 ], [ 8.53176641500005, 39.704529643000058 ], [ 8.52532601300004, 39.718304277000072 ], [ 8.519811273000073, 39.721326471000054 ], [ 8.509320140000057, 39.720225335000066 ], [ 8.504298448000043, 39.728373051000062 ], [ 8.513545155000031, 39.734802366000054 ], [ 8.519054055000026, 39.742874980000067 ], [ 8.533628345000068, 39.759470939000039 ], [ 8.541603327000075, 39.770638943000051 ], [ 8.536844015000042, 39.778558255000064 ], [ 8.546283722000055, 39.796851039000046 ], [ 8.548195362000058, 39.808904648000066 ], [ 8.555374742000026, 39.835043549000034 ], [ 8.556501508000053, 39.848074674000031 ], [ 8.552195906000065, 39.867704868000033 ], [ 8.544653058000051, 39.865240335000067 ], [ 8.540503622000074, 39.868233442000083 ], [ 8.54558742100005, 39.875887156000033 ], [ 8.54088985900006, 39.890144229000043 ], [ 8.52711391400004, 39.902343750000057 ], [ 8.507400036000035, 39.907962441000052 ], [ 8.494184852000046, 39.905564308000066 ], [ 8.498980761000041, 39.916594744000065 ], [ 8.504992962000074, 39.920379877000073 ], [ 8.519093275000046, 39.919656276000069 ], [ 8.524962902000027, 39.925211310000066 ], [ 8.526479960000074, 39.933609843000056 ], [ 8.523793459000046, 39.937452913000072 ], [ 8.509660244000031, 39.941555262000065 ], [ 8.49862730500007, 39.942888856000025 ], [ 8.497603178000077, 39.948511243000041 ], [ 8.504928469000049, 39.960560202000067 ], [ 8.507685423000055, 39.975654125000062 ], [ 8.512962342000037, 39.983193636000067 ], [ 8.503557444000023, 39.98233854700004 ], [ 8.500612617000058, 39.975358010000029 ], [ 8.493336678000048, 39.978823543000033 ], [ 8.487939, 39.974221348000071 ], [ 8.485524773000066, 39.967285871000058 ], [ 8.478463412000053, 39.964275718000067 ], [ 8.460414529000047, 39.942631840000047 ], [ 8.465683460000037, 39.929795623000075 ], [ 8.470616102000065, 39.924417019000032 ], [ 8.477232575000073, 39.923579455000038 ], [ 8.492915034000021, 39.92944932000006 ], [ 8.50312531000003, 39.931158542000048 ], [ 8.507708550000075, 39.926412821000042 ], [ 8.493171453000059, 39.913908243000037 ], [ 8.476816058000054, 39.913646221000079 ], [ 8.463443279000046, 39.909113765000029 ], [ 8.455524921000062, 39.910148263000053 ], [ 8.441731453000045, 39.904999971000052 ], [ 8.438282848000028, 39.892768144000058 ], [ 8.446359158000064, 39.89478695400004 ], [ 8.450048923000054, 39.890587210000035 ], [ 8.442076206000024, 39.880277872000079 ], [ 8.440482974000076, 39.864725351000061 ], [ 8.436933159000034, 39.858087540000042 ], [ 8.431649446000051, 39.860424280000075 ], [ 8.437816262000069, 39.867353559000037 ], [ 8.438015580000069, 39.880926251000062 ], [ 8.421340824000026, 39.89560318000008 ], [ 8.410412431000054, 39.900985241000058 ], [ 8.401674866000064, 39.898443341000075 ], [ 8.39902806300006, 39.907122135000066 ], [ 8.401098252000054, 39.911491037000083 ], [ 8.399365544000034, 39.923580051000044 ], [ 8.401498318000051, 39.929630041000053 ], [ 8.401433111000074, 39.962137341000073 ], [ 8.397965431000046, 39.973058343000048 ], [ 8.392839909000031, 39.974373818000061 ], [ 8.398321748000058, 39.985390663000032 ], [ 8.408598543000039, 39.996309042000064 ], [ 8.413040757000033, 40.020112634000043 ], [ 8.407646656000054, 40.028337002000058 ], [ 8.399060130000066, 40.032894611000074 ], [ 8.394286871000077, 40.029931545000068 ], [ 8.379185558000074, 40.028810620000058 ], [ 8.376573324000049, 40.03524673000004 ], [ 8.385142564000034, 40.043925524000031 ], [ 8.397574306000024, 40.043415546000062 ], [ 8.39912414500003, 40.051256776000059 ], [ 8.403291345000071, 40.051949859000047 ], [ 8.406246066000051, 40.042572260000043 ], [ 8.419129730000066, 40.041462779000028 ], [ 8.425370574000056, 40.043635130000041 ], [ 8.434029222000049, 40.051585555000031 ], [ 8.442597866000028, 40.04688811300008 ], [ 8.453131915000029, 40.050140619000047 ], [ 8.46374094500004, 40.056642055000054 ], [ 8.485407352000038, 40.073364019000053 ], [ 8.489692331000072, 40.077863813000079 ], [ 8.492041111000049, 40.086392045000025 ], [ 8.486146569000027, 40.094880462000049 ], [ 8.487045765000062, 40.110706210000046 ], [ 8.484506965000037, 40.117897034000066 ], [ 8.471875906000037, 40.129841209000062 ], [ 8.458691120000026, 40.15417945300004 ], [ 8.461531162000028, 40.172268748000079 ], [ 8.455899954000074, 40.175800324000079 ], [ 8.458287358000064, 40.183175206000051 ], [ 8.465905666000026, 40.193671703000064 ], [ 8.467316270000026, 40.199480176000066 ], [ 8.461276054000052, 40.212150574000077 ], [ 8.465887547000023, 40.223598838000044 ], [ 8.465873957000042, 40.232373357000029 ], [ 8.475149274000046, 40.242569208000077 ], [ 8.474064230000067, 40.248145461000036 ], [ 8.479818463000072, 40.268223047000049 ], [ 8.484553337000023, 40.273086905000071 ], [ 8.483032345000026, 40.286211967000042 ], [ 8.469136953000032, 40.293460846000073 ], [ 8.463919521000037, 40.303676009000071 ], [ 8.465678215000025, 40.314030528000046 ], [ 8.455864668000061, 40.320304752000027 ], [ 8.442785144000027, 40.318707824000057 ], [ 8.4375, 40.323102712000029 ], [ 8.431964755000024, 40.333093047000034 ], [ 8.420674563000034, 40.337047935000051 ], [ 8.406982779000032, 40.335394144000077 ], [ 8.395643353000025, 40.339903950000064 ], [ 8.390588403000038, 40.337388277000059 ], [ 8.382388354000057, 40.338882565000063 ], [ 8.386970400000052, 40.347724438000057 ], [ 8.378764272000069, 40.357819557000028 ], [ 8.388856649000047, 40.366498709000041 ], [ 8.387566328000048, 40.373321772000054 ], [ 8.391716718000055, 40.379934669000079 ], [ 8.392849565000063, 40.392168879000053 ], [ 8.398706555000047, 40.39744031400005 ], [ 8.399670958000058, 40.419785619000038 ], [ 8.397869706000051, 40.429826856000034 ], [ 8.389070869000022, 40.449963808000064 ], [ 8.384824872000024, 40.455639243000064 ], [ 8.384669304000056, 40.462689161000071 ], [ 8.380848050000054, 40.467177033000041 ], [ 8.374349117000065, 40.489655137000057 ], [ 8.369133353000052, 40.495818615000083 ], [ 8.362800479000043, 40.49471247200006 ], [ 8.350227475000054, 40.502991438000038 ], [ 8.338340878000054, 40.49944984900003 ], [ 8.33956110500003, 40.507675409000058 ], [ 8.334398151000073, 40.513687253000057 ], [ 8.33140635500007, 40.523456812000063 ], [ 8.325697422000076, 40.531133652000051 ], [ 8.320078373000058, 40.549747825000054 ], [ 8.315847516000076, 40.552080751000062 ], [ 8.315202832000068, 40.560172200000068 ], [ 8.318573952000065, 40.565607428000078 ], [ 8.317435145000047, 40.572684408000043 ], [ 8.309597373000031, 40.580404878000024 ], [ 8.30730354800005, 40.58588504800008 ], [ 8.29273474200005, 40.593701244000052 ], [ 8.286414265000076, 40.590827942000033 ], [ 8.268551707000029, 40.58976245000008 ], [ 8.266116142000044, 40.581971526000075 ], [ 8.260293722000029, 40.584177852000039 ], [ 8.245869755000058, 40.581070661000069 ], [ 8.247491122000042, 40.574981451000042 ], [ 8.243673444000024, 40.570436359000041 ], [ 8.232039809000071, 40.56876575900003 ], [ 8.217044353000063, 40.568843246000029 ], [ 8.198199868000074, 40.57131087700003 ], [ 8.210566044000075, 40.592991232000031 ], [ 8.217065811000055, 40.593474626000045 ], [ 8.219652056000029, 40.600558043000035 ], [ 8.208965302000024, 40.614943743000026 ], [ 8.19891476600003, 40.618643880000029 ], [ 8.190407157000038, 40.616550804000042 ], [ 8.191641927000035, 40.609981656000059 ], [ 8.185287237000068, 40.605619669000077 ], [ 8.182313323000074, 40.597702264000077 ], [ 8.161771774000044, 40.576789260000055 ], [ 8.165801048000048, 40.573483944000031 ], [ 8.167248845000074, 40.562004328000057 ], [ 8.161537767000027, 40.561485767000079 ], [ 8.156525612000053, 40.569976569000062 ], [ 8.157793403000028, 40.574669957000026 ], [ 8.151689411000064, 40.57852721200004 ], [ 8.146033406000072, 40.599408746000051 ], [ 8.146490455000048, 40.611804843000073 ], [ 8.144155979000061, 40.62344253100008 ], [ 8.148293018000061, 40.626128316000063 ], [ 8.158802629000036, 40.62652754800007 ], [ 8.165465355000038, 40.632662058000051 ], [ 8.184403300000042, 40.636977911000031 ], [ 8.188721180000073, 40.64809525000004 ], [ 8.190696478000064, 40.659368872000073 ], [ 8.197804570000073, 40.673133612000072 ], [ 8.196748972000023, 40.678457260000073 ], [ 8.205951810000045, 40.680595040000071 ], [ 8.201156855000022, 40.689040780000028 ], [ 8.175056458000029, 40.69451224800008 ], [ 8.17478227600003, 40.702463031000029 ], [ 8.171288013000037, 40.706995606000078 ], [ 8.155914664000022, 40.713679552000031 ], [ 8.148734451000053, 40.724803447000056 ], [ 8.13757240800004, 40.727156043000029 ], [ 8.136165381000069, 40.737872124000035 ], [ 8.144940853000037, 40.742163300000072 ], [ 8.155851006000034, 40.753055334000067 ], [ 8.166525960000058, 40.766337752000027 ], [ 8.164273858000058, 40.776075244000026 ], [ 8.164363146000028, 40.789103508000039 ], [ 8.167964220000044, 40.79642915800008 ], [ 8.178394556000057, 40.804478050000057 ], [ 8.184602141000028, 40.817487121000056 ], [ 8.194203615000049, 40.826228857000046 ], [ 8.191429854000035, 40.833565831000051 ], [ 8.19736206500005, 40.837157965000074 ], [ 8.206630349000022, 40.849154353000074 ], [ 8.212376833000064, 40.861689806000072 ], [ 8.217952966000041, 40.869557857000075 ], [ 8.217212438000047, 40.877802134000035 ], [ 8.222985744000027, 40.886278153000035 ], [ 8.221982360000027, 40.892278433000058 ], [ 8.212644220000072, 40.904270053000062 ], [ 8.200062752000065, 40.911628246000078 ], [ 8.19174206200006, 40.913216949000059 ], [ 8.190849305000029, 40.923740149000025 ], [ 8.176709533000064, 40.932953954000027 ], [ 8.182080269000039, 40.940578103000064 ], [ 8.189489842000057, 40.957031250000057 ], [ 8.197094441000047, 40.960034370000074 ], [ 8.198164463000069, 40.96890604500004 ], [ 8.20210826400006, 40.972462177000068 ], [ 8.213256955000077, 40.96181666800004 ], [ 8.227303744000039, 40.952957869000045 ], [ 8.237800956000058, 40.952811241000063 ], [ 8.233696938000037, 40.939119935000065 ], [ 8.22740006500004, 40.93038010600003 ], [ 8.235153556000057, 40.920787215000075 ], [ 8.235584259000063, 40.914644957000064 ], [ 8.231188655000039, 40.90973985200003 ], [ 8.238601923000033, 40.899767042000065 ], [ 8.256858945000033, 40.883201718000066 ], [ 8.27758336100004, 40.866667509000081 ], [ 8.273245931000076, 40.855805158000067 ], [ 8.285991430000024, 40.850566745000037 ], [ 8.289966703000061, 40.857556343000056 ], [ 8.313400745000024, 40.844969749000029 ], [ 8.328838706000056, 40.844295860000045 ], [ 8.345095039000057, 40.83987724800005 ], [ 8.36974215500004, 40.837471724000068 ], [ 8.393815756000038, 40.838459015000069 ], [ 8.401703238000039, 40.842814446000034 ], [ 8.407801509000024, 40.838279843000066 ], [ 8.417634129000021, 40.837972641000079 ], [ 8.425558567000053, 40.834817648000069 ], [ 8.436939120000034, 40.827281475000063 ], [ 8.450586557000065, 40.821101546000079 ], [ 8.460914850000052, 40.819004536000079 ], [ 8.477583646000028, 40.818818450000038 ], [ 8.505491376000066, 40.821217537000052 ], [ 8.53714466100007, 40.824806928000051 ], [ 8.56226778100006, 40.831251860000066 ], [ 8.581376314000067, 40.83789861200006 ], [ 8.608249665000073, 40.851591229000064 ], [ 8.622421742000029, 40.861343026000043 ], [ 8.633386851000068, 40.882162571000038 ], [ 8.653333306000036, 40.892180801000052 ], [ 8.667443156000047, 40.896267414000079 ], [ 8.690262080000025, 40.90669310100003 ], [ 8.69990122300004, 40.914669276000041 ], [ 8.728098035000073, 40.913281203000054 ], [ 8.744062424000049, 40.918782949000047 ], [ 8.770811200000026, 40.915926933000037 ], [ 8.792986035000069, 40.92281115000003 ], [ 8.800339937000047, 40.928647518000048 ], [ 8.818065405000027, 40.935673356000052 ], [ 8.817412018000027, 40.93968355700008 ], [ 8.835799575000067, 40.955256700000064 ], [ 8.848914743000023, 40.969391227000074 ], [ 8.857304931000044, 40.976448775000051 ], [ 8.873479843000041, 40.995018959000049 ], [ 8.873101830000053, 41.007100702000059 ], [ 8.877531409000028, 41.009954453000034 ], [ 8.87121653500003, 41.015179515000057 ], [ 8.878916025000024, 41.017403245000025 ], [ 8.905498623000028, 41.036910654000053 ], [ 8.920107365000035, 41.034363032000051 ], [ 8.921345115000065, 41.040691376000041 ], [ 8.928981901000043, 41.043632031000072 ], [ 8.94155633500003, 41.054208040000049 ], [ 8.948463559000061, 41.057322144000068 ], [ 8.95498204200004, 41.066039801000045 ], [ 8.96893930400006, 41.078579426000033 ], [ 8.979300141000067, 41.085727573000042 ], [ 8.978598833000035, 41.089324356000077 ], [ 8.985643148000065, 41.095009804000028 ], [ 8.989789605000055, 41.102701306000029 ], [ 8.99823200700007, 41.107261657000038 ], [ 9.011805535000065, 41.124654174000057 ], [ 9.027418017000061, 41.126367927000047 ], [ 9.043489814000054, 41.138095260000057 ], [ 9.051958561000047, 41.136544823000065 ], [ 9.060811639000065, 41.126366020000034 ], [ 9.081761241000038, 41.128279924000026 ], [ 9.094604730000071, 41.130926251000062 ], [ 9.100719929000036, 41.134261847000062 ], [ 9.11260604900002, 41.135638356000072 ], [ 9.131172061000029, 41.153267265000068 ], [ 9.15310216000006, 41.154975653000065 ], [ 9.154154778000075, 41.159685612000033 ], [ 9.161721229000024, 41.161736011000073 ], [ 9.173026204000053, 41.176007867000067 ], [ 9.167482972000071, 41.182198644000039 ], [ 9.158519149000028, 41.184793115000048 ], [ 9.153888821000066, 41.197096706000025 ], [ 9.160300970000035, 41.204001069000071 ], [ 9.18081367000002, 41.247551560000034 ], [ 9.185376763000022, 41.248560071000043 ], [ 9.19544732600002, 41.24200630200005 ], [ 9.20658254600005, 41.250090241000066 ], [ 9.220455408000021, 41.255142212000067 ], [ 9.224741578000019, 41.259237766000069 ], [ 9.23509156700004, 41.258738875000063 ], [ 9.235091210000064, 41.248186350000026 ], [ 9.244659901000034, 41.247053624000046 ], [ 9.250103116000048, 41.24169635800007 ], [ 9.260470748000046, 41.24251556400003 ], [ 9.271406770000056, 41.239655614000071 ], [ 9.27424204400006, 41.230737924000039 ], [ 9.280247331000057, 41.228209972000059 ], [ 9.281342149000068, 41.216171622000047 ], [ 9.27079033900003, 41.194864750000079 ], [ 9.278844118000052, 41.198782444000074 ], [ 9.281097770000031, 41.206531048000045 ], [ 9.287729502000047, 41.21345567700007 ], [ 9.296043158000032, 41.211405754000054 ], [ 9.301188350000077, 41.201758743000028 ], [ 9.288698912000029, 41.196620703000065 ], [ 9.28968715700006, 41.192979813000079 ], [ 9.302633047000027, 41.190018654000028 ], [ 9.315665245000048, 41.190569043000039 ], [ 9.318736553000065, 41.192846060000079 ], [ 9.331594944000074, 41.185546756000065 ], [ 9.336846948000073, 41.191200257000048 ], [ 9.330888152000057, 41.19425487500007 ], [ 9.341612458000045, 41.20588576800003 ], [ 9.358539701000041, 41.206404448000058 ], [ 9.366193652000049, 41.20408272700007 ], [ 9.367354274000036, 41.187936425000032 ], [ 9.373797179000064, 41.183348537000029 ], [ 9.381749153000044, 41.187320829000043 ], [ 9.388236046000031, 41.179052115000047 ], [ 9.39232695100003, 41.181967974000031 ], [ 9.402340532000039, 41.174945235000052 ], [ 9.419794918000036, 41.179007053000078 ], [ 9.423941136000051, 41.176908850000075 ], [ 9.422458648000031, 41.166103244000055 ], [ 9.40833103600005, 41.162219643000071 ], [ 9.403977514000076, 41.157396555000048 ], [ 9.420052767000072, 41.155107975000078 ], [ 9.429018736000046, 41.156185746000062 ], [ 9.433042645000056, 41.151975274000051 ], [ 9.430845976000056, 41.141636014000028 ], [ 9.436195850000049, 41.140484810000032 ], [ 9.436248540000063, 41.132812500000057 ], [ 9.439837456000021, 41.126285314000029 ], [ 9.44042694500007, 41.112820745000079 ], [ 9.44944453200003, 41.106800556000053 ], [ 9.454944730000022, 41.113406658000031 ], [ 9.463225126000054, 41.115377545000058 ], [ 9.462348342000039, 41.122787476000042 ], [ 9.46905255300004, 41.128249049000033 ], [ 9.465070128000036, 41.140727162000083 ], [ 9.484815121000054, 41.146031856000029 ], [ 9.493968129000052, 41.142904878000024 ], [ 9.503044963000036, 41.144712329000072 ], [ 9.511967659000049, 41.14040136400007 ], [ 9.518048763000024, 41.142966032000061 ], [ 9.515404105000073, 41.148047924000025 ], [ 9.519934654000052, 41.15682363500008 ], [ 9.52747094700004, 41.156391144000054 ], [ 9.531487942000069, 41.152195930000062 ], [ 9.528146148000076, 41.146709204000047 ], [ 9.544718862000025, 41.135049224000056 ], [ 9.545118571000046, 41.127932429000055 ], [ 9.539676428000064, 41.122893333000029 ], [ 9.539879203000057, 41.116550803000052 ], [ 9.54863834400004, 41.114246011000034 ], [ 9.555300235000059, 41.119341850000069 ], [ 9.561881542000036, 41.120140433000074 ], [ 9.570048571000029, 41.109873652000033 ], [ 9.571419239000022, 41.099150300000083 ], [ 9.567191958000024, 41.095805764000033 ], [ 9.562672734000046, 41.084166050000078 ], [ 9.550365448000036, 41.077916145000074 ], [ 9.542139649000037, 41.08322060100005 ], [ 9.541142106000052, 41.089632154000071 ], [ 9.528443813000024, 41.06968665100004 ], [ 9.532192946000066, 41.061069965000058 ], [ 9.526583552000034, 41.055927157000042 ], [ 9.523599029000025, 41.048601270000063 ], [ 9.526873827000031, 41.042157770000074 ], [ 9.524850846000049, 41.034700513000075 ], [ 9.515802622000024, 41.02075624500003 ], [ 9.508110047000059, 41.015731454000047 ], [ 9.506322741000076, 41.009041547000038 ], [ 9.512137055000039, 41.00731957000005 ], [ 9.523807168000076, 41.009914279000043 ], [ 9.530413270000054, 41.01899147000006 ], [ 9.528687478000052, 41.025592208000035 ], [ 9.554784179000023, 41.031119466000064 ], [ 9.561866522000059, 41.037254811000025 ], [ 9.561256051000043, 41.021407604000046 ], [ 9.557009936000044, 41.018182635000073 ], [ 9.551624060000051, 41.005719662000047 ], [ 9.556916356000045, 41.003131032000056 ], [ 9.569257141000037, 41.005180955000071 ], [ 9.578018546000068, 41.003461241000025 ], [ 9.577392221000023, 41.010016561000043 ], [ 9.597605705000037, 41.02002477700006 ], [ 9.606741905000035, 41.019157767000024 ], [ 9.613347053000041, 41.011836052000035 ], [ 9.621034145000069, 41.009606957000074 ], [ 9.623125076000065, 41.005222916000037 ], [ 9.642834544000038, 41.001179218000061 ], [ 9.656067133000022, 41.004428029000053 ], [ 9.664438844000074, 40.994321108000065 ], [ 9.653877735000036, 40.987014055000031 ], [ 9.646945119000064, 40.984537124000042 ], [ 9.63012027700006, 40.990609646000053 ], [ 9.621190667000064, 41.001589060000072 ], [ 9.611572742000019, 41.003136754000025 ], [ 9.59718275000006, 40.990250349000064 ], [ 9.591420650000032, 40.990868330000069 ], [ 9.584792138000068, 40.986143350000077 ], [ 9.582417965000047, 40.975353479000034 ], [ 9.587746978000039, 40.972614169000053 ], [ 9.589880109000037, 40.964531064000028 ], [ 9.576897740000049, 40.95528781400003 ], [ 9.578245163000076, 40.949292779000075 ], [ 9.567364216000044, 40.941868901000078 ], [ 9.566815853000035, 40.935748458000035 ], [ 9.57505130800007, 40.928066134000062 ], [ 9.564105749000021, 40.92406952400006 ], [ 9.556676507000075, 40.928574205000075 ], [ 9.545508027000039, 40.925754905000083 ], [ 9.53988885900003, 40.927598954000075 ], [ 9.537462950000076, 40.934236646000045 ], [ 9.519980073000056, 40.932939172000033 ], [ 9.508333445000062, 40.926901579000059 ], [ 9.499733925000044, 40.919143677000079 ], [ 9.50704014300004, 40.914929628000039 ], [ 9.52358591600006, 40.915680647000045 ], [ 9.528887868000028, 40.913247943000052 ], [ 9.540332675000061, 40.917649149000056 ], [ 9.549880743000074, 40.918951750000083 ], [ 9.566831708000052, 40.916525245000059 ], [ 9.571851373000072, 40.911095857000078 ], [ 9.57160985400003, 40.905647874000067 ], [ 9.589810252000063, 40.896011830000077 ], [ 9.59394085400004, 40.906201005000071 ], [ 9.606867314000056, 40.910185933000037 ], [ 9.609897614000031, 40.91735482200005 ], [ 9.620954275000033, 40.922635913000079 ], [ 9.627307773000039, 40.918364048000058 ], [ 9.645680427000061, 40.918035149000048 ], [ 9.639144301000044, 40.910704732000056 ], [ 9.627523065000048, 40.901390671000058 ], [ 9.622276544000044, 40.889166475000025 ], [ 9.635971427000072, 40.884116412000026 ], [ 9.639156580000076, 40.873753070000078 ], [ 9.647811770000033, 40.876656533000073 ], [ 9.654690742000071, 40.875015259000065 ], [ 9.655070901000045, 40.86396050500008 ], [ 9.652505636000058, 40.854071975000068 ], [ 9.664209843000036, 40.855774045000032 ], [ 9.66680192900003, 40.851255536000053 ], [ 9.677832961000036, 40.860989928000038 ], [ 9.68742287200007, 40.857292533000077 ], [ 9.693877220000047, 40.846369863000064 ], [ 9.714756370000032, 40.84460365800004 ], [ 9.722106219000068, 40.838121772000079 ], [ 9.71932685400003, 40.83457315000004 ], [ 9.703394413000067, 40.832753658000058 ], [ 9.68866717800006, 40.837854505000053 ], [ 9.689803243000028, 40.83121025500003 ], [ 9.677250147000052, 40.826524258000063 ], [ 9.679021955000051, 40.822402120000049 ], [ 9.689017057000058, 40.818357349000053 ], [ 9.691722751000045, 40.812958241000047 ], [ 9.687750816000062, 40.806329966000078 ], [ 9.681249261000062, 40.811225415000081 ], [ 9.673045039000044, 40.813663245000043 ], [ 9.669572115000051, 40.808430910000027 ], [ 9.657325745000035, 40.804204106000043 ], [ 9.664273024000067, 40.796415567000054 ], [ 9.667489052000064, 40.787762642000075 ], [ 9.679447055000026, 40.775806665000061 ], [ 9.681875944000067, 40.77037477500005 ], [ 9.697528362000073, 40.761522054000068 ], [ 9.701453209000022, 40.754747629000065 ], [ 9.71530056000006, 40.752700210000057 ], [ 9.718223452000077, 40.748182177000047 ], [ 9.710582853000062, 40.739705801000071 ], [ 9.714257359000044, 40.735381603000064 ], [ 9.711500645000058, 40.717494250000072 ], [ 9.714962244000048, 40.707612156000039 ], [ 9.721838355000044, 40.699454546000027 ], [ 9.72759854800006, 40.69998991500006 ], [ 9.734457970000051, 40.692307830000061 ], [ 9.743389725000045, 40.690848828000071 ], [ 9.749663949000023, 40.680297852000081 ], [ 9.748642922000045, 40.660962940000047 ], [ 9.750340462000054, 40.655365467000024 ], [ 9.74202513700004, 40.647974611000052 ], [ 9.740611553000065, 40.634333730000037 ], [ 9.744326949000026, 40.621725321000042 ], [ 9.754486442000029, 40.61223805000003 ], [ 9.750053644000047, 40.606979609000064 ], [ 9.752017260000059, 40.596669078000048 ], [ 9.757600546000049, 40.589983225000026 ], [ 9.770859122000047, 40.581411719000073 ], [ 9.779139280000038, 40.581947803000048 ], [ 9.784235954000051, 40.574573159000067 ], [ 9.790496230000031, 40.571549535000031 ], [ 9.793343067000023, 40.56288445000007 ], [ 9.792250037000031, 40.548082351000062 ], [ 9.797875642000063, 40.541147352000053 ], [ 9.81165945500004, 40.53558754900007 ], [ 9.818260431000056, 40.535366178000061 ], [ 9.828579306000051, 40.528598309000074 ], [ 9.826179146000072, 40.512131929000077 ], [ 9.82084584200004, 40.494269132000056 ], [ 9.812023521000071, 40.481890917000051 ], [ 9.807418466000058, 40.470395565000047 ], [ 9.792544246000034, 40.443105459000037 ], [ 9.783087612000031, 40.438896537000062 ], [ 9.777133703000059, 40.42881047700007 ], [ 9.772915959000043, 40.426157236000051 ], [ 9.77339673000006, 40.408203602000071 ], [ 9.767057657000066, 40.400161147000063 ], [ 9.767181635000044, 40.39327335400003 ], [ 9.753576279000072, 40.380822658000056 ], [ 9.742041826000047, 40.381690026000058 ], [ 9.739554405000035, 40.378784061000033 ], [ 9.728117347000024, 40.377022148000037 ], [ 9.726328373000058, 40.37296795900005 ], [ 9.706457377000049, 40.359213233000048 ], [ 9.682704210000054, 40.337810755000078 ], [ 9.677809358000047, 40.330404401000067 ], [ 9.677630544000069, 40.325118304000057 ], [ 9.666529178000076, 40.320131540000034 ], [ 9.66085994200006, 40.308678508000071 ], [ 9.645642042000077, 40.292276263000083 ], [ 9.631861448000052, 40.275674104000075 ], [ 9.626076817000069, 40.260006547000046 ], [ 9.623211264000076, 40.237536311000042 ], [ 9.626499653000051, 40.229945541000063 ], [ 9.628522516000032, 40.214677811000058 ], [ 9.625631333000058, 40.209787965000032 ], [ 9.62970554900005, 40.190855026000065 ], [ 9.635297656000034, 40.178789735000066 ], [ 9.644464136000067, 40.173189044000026 ], [ 9.647743225000056, 40.164240121000034 ], [ 9.655142665000028, 40.153486967000049 ], [ 9.654691458000061, 40.143429041000047 ], [ 9.662393451000071, 40.139160037000067 ], [ 9.675358415000062, 40.124440074000063 ], [ 9.680248737000056, 40.122542858000031 ], [ 9.686334133000059, 40.11068296500008 ], [ 9.714777350000077, 40.096589446000053 ], [ 9.729559064000057, 40.091056466000055 ], [ 9.735033155000052, 40.085239172000058 ], [ 9.736379862000035, 40.075696349000054 ], [ 9.728454233000036, 40.07020282700006 ], [ 9.727724909000074, 40.061268330000075 ], [ 9.722071052000048, 40.049203873000067 ], [ 9.714115977000064, 40.04329776700007 ], [ 9.706398249000074, 40.034351825000051 ], [ 9.70794475100007, 40.027249932000075 ], [ 9.700047254000026, 40.017955303000065 ], [ 9.701928258000066, 40.009062171000039 ], [ 9.69988167300005, 39.999852657000083 ], [ 9.687085271000058, 39.983987451000075 ], [ 9.684624076000034, 39.95517635300007 ], [ 9.687146544000029, 39.944986820000054 ], [ 9.695468068000023, 39.937919021000027 ], [ 9.709740877000058, 39.939100504000066 ], [ 9.716120243000034, 39.932868719000055 ], [ 9.712390304000053, 39.920792818000052 ], [ 9.704478622000067, 39.923692346000053 ], [ 9.689486146000036, 39.915959954000073 ], [ 9.682798743000037, 39.908329964000075 ], [ 9.68068265900007, 39.89013803000006 ], [ 9.681169510000077, 39.881568074000029 ], [ 9.685690522000073, 39.876841426000055 ], [ 9.683371544000067, 39.867092848000027 ], [ 9.693198800000062, 39.860577106000051 ], [ 9.69721293500004, 39.854076147000058 ], [ 9.684524417000034, 39.840822459000037 ], [ 9.681538343000057, 39.829372763000038 ], [ 9.674718976000063, 39.814288140000031 ], [ 9.670741439000039, 39.793045163000045 ], [ 9.667897106000057, 39.768226266000056 ], [ 9.672492147000071, 39.763529539000046 ], [ 9.676784157000045, 39.742980957000043 ], [ 9.674301863000039, 39.719970942000032 ], [ 9.677169442000036, 39.71081173400006 ], [ 9.671430946000044, 39.706697106000036 ], [ 9.669951439000045, 39.700600147000046 ], [ 9.659054637000054, 39.69639956900005 ], [ 9.664552807000064, 39.682338476000041 ], [ 9.660567164000042, 39.66773295400003 ], [ 9.652071953000076, 39.664713025000026 ], [ 9.647458553000035, 39.651700258000062 ], [ 9.65181756000004, 39.63595497600005 ], [ 9.651023864000024, 39.62835371500006 ], [ 9.65773153300006, 39.601204634000055 ], [ 9.656334758000073, 39.59040284200006 ], [ 9.657026052000049, 39.569471956000029 ], [ 9.65017795600005, 39.560682416000077 ], [ 9.653385043000071, 39.551762939000071 ], [ 9.648437023000042, 39.545674801000075 ], [ 9.641686320000076, 39.545128226000031 ], [ 9.632634043000053, 39.517156362000037 ], [ 9.631832362000068, 39.497998953000035 ], [ 9.645513773000062, 39.488559246000079 ], [ 9.644194842000047, 39.479415178000067 ], [ 9.646589160000076, 39.46170425400004 ], [ 9.638811826000053, 39.449241758000028 ], [ 9.642657041000064, 39.445755958000063 ], [ 9.636846304000072, 39.436260104000041 ], [ 9.629253507000044, 39.433563351000032 ], [ 9.620088339000064, 39.413056970000071 ], [ 9.617120624000052, 39.410809040000061 ], [ 9.61384534900003, 39.399734139000032 ], [ 9.604843259000065, 39.384349704000051 ], [ 9.599983573000031, 39.367737651000027 ], [ 9.595736742000042, 39.347609639000041 ], [ 9.590035915000044, 39.358616472000051 ], [ 9.584678054000053, 39.360705018000033 ], [ 9.588481545000036, 39.345214844000054 ], [ 9.597869754000044, 39.336621642000068 ], [ 9.599580646000049, 39.328702927000052 ], [ 9.605759024000063, 39.316618324000046 ], [ 9.613305926000066, 39.311456680000049 ], [ 9.621208549000071, 39.310553432000063 ], [ 9.628736257000073, 39.305976868000073 ], [ 9.634536624000075, 39.29935491100008 ], [ 9.631862045000048, 39.295212864000064 ], [ 9.621434807000073, 39.29821181300008 ], [ 9.613049745000067, 39.293956756000057 ], [ 9.605889559000047, 39.294082045000039 ], [ 9.587994337000056, 39.274737715000072 ], [ 9.572079062000055, 39.246553301000063 ], [ 9.571617246000072, 39.234375716000045 ], [ 9.568619728000044, 39.229807377000043 ], [ 9.567562461000024, 39.215520978000029 ], [ 9.569574833000049, 39.209183216000042 ], [ 9.56308126400006, 39.203528643000027 ], [ 9.562609553000073, 39.194472074000032 ], [ 9.564958453000031, 39.189097523000051 ], [ 9.575582028000042, 39.186354280000046 ], [ 9.579513073000044, 39.175991535000037 ], [ 9.570956349000028, 39.164401769000051 ], [ 9.567367553000054, 39.14725136800007 ], [ 9.561480402000029, 39.138002038000025 ], [ 9.546975970000062, 39.131529451000063 ], [ 9.529882551000073, 39.128036976000033 ], [ 9.52120840500004, 39.118363142000078 ], [ 9.512429238000038, 39.114776015000075 ], [ 9.523739457000032, 39.110294103000058 ], [ 9.518435359000025, 39.106203676000064 ], [ 9.524319410000032, 39.095452547000029 ], [ 9.51173091000004, 39.101401210000063 ], [ 9.502885580000054, 39.107494831000054 ], [ 9.509259820000068, 39.124580741000045 ], [ 9.503494621000073, 39.130500078000068 ], [ 9.484404802000029, 39.13553857800008 ], [ 9.479863048000029, 39.131778956000062 ], [ 9.472369909000063, 39.132187247000047 ], [ 9.462329865000072, 39.126812220000033 ], [ 9.452929973000041, 39.129704118000063 ], [ 9.447040558000026, 39.124906778000025 ], [ 9.434188723000034, 39.125012637000054 ], [ 9.434012651000046, 39.132115006000049 ], [ 9.425642848000052, 39.135222316000068 ], [ 9.42087364200006, 39.132558823000068 ], [ 9.404276848000052, 39.144416333000038 ], [ 9.400551915000053, 39.140739441000051 ], [ 9.393268943000066, 39.143543601000033 ], [ 9.393697620000069, 39.156777144000046 ], [ 9.387824655000031, 39.156830549000063 ], [ 9.383447051000076, 39.163771510000061 ], [ 9.371286035000026, 39.17354548000003 ], [ 9.360713958000076, 39.17751574600004 ], [ 9.350561619000077, 39.177476049000063 ], [ 9.340955734000032, 39.186812759000077 ], [ 9.338575959000025, 39.192929029000027 ], [ 9.323753714000077, 39.197316647000036 ], [ 9.320003629000039, 39.20468306600003 ], [ 9.305848956000034, 39.20548474800006 ], [ 9.299836755000058, 39.211634875000072 ], [ 9.292602300000055, 39.21407556500003 ], [ 9.273520470000051, 39.212632775000031 ], [ 9.262968302000049, 39.217002630000025 ], [ 9.252647043000024, 39.215746642000056 ], [ 9.243774534000067, 39.217860818000077 ], [ 9.237815142000043, 39.224769473000038 ], [ 9.225256324000044, 39.228444338000031 ], [ 9.205368877000067, 39.225946545000056 ], [ 9.182355047000044, 39.216761112000029 ], [ 9.164674759000036, 39.20448970800004 ], [ 9.159394502000056, 39.195003867000025 ], [ 9.168748140000048, 39.189591051000029 ], [ 9.164105177000067, 39.181863665000037 ], [ 9.159105063000029, 39.180868626000063 ], [ 9.152109265000036, 39.185561657000051 ], [ 9.147372842000038, 39.182518721000065 ], [ 9.140625, 39.186941862000026 ], [ 9.122676373000049, 39.206838846000039 ], [ 9.107757330000029, 39.212854743000037 ], [ 9.098731876000045, 39.210131645000047 ], [ 9.095800638000073, 39.219461322000029 ], [ 9.08669591000006, 39.233563304000029 ], [ 9.086874246000036, 39.238864541000055 ], [ 9.08188331100007, 39.246059180000032 ], [ 9.07677757700003, 39.246863246000032 ], [ 9.062445402000035, 39.23830974100008 ], [ 9.048443914000076, 39.244500876000075 ], [ 9.049470902000053, 39.252064824000058 ], [ 9.035923600000046, 39.266920924000033 ], [ 9.015700340000024, 39.266653061000056 ], [ 9.027584911000076, 39.251388550000058 ], [ 9.028998733000035, 39.242882252000072 ], [ 9.037021279000044, 39.236092806000045 ], [ 9.057758450000051, 39.231037736000083 ], [ 9.061976909000066, 39.227179766000063 ], [ 9.07851624500006, 39.23166585000007 ], [ 9.085561514000062, 39.21948945500003 ], [ 9.092159271000073, 39.211602450000044 ], [ 9.084653020000076, 39.20522224900003 ], [ 9.078564525000049, 39.204550505000043 ], [ 9.060709834000022, 39.192992210000057 ], [ 9.050104737000026, 39.182142615000032 ], [ 9.039251923000052, 39.173428535000028 ], [ 9.029722453000034, 39.162824511000053 ], [ 9.017853141000046, 39.14516425100004 ], [ 9.01451706900002, 39.130472779000058 ], [ 9.009462953000025, 39.123553156000071 ], [ 9.016205550000052, 39.106775403000029 ], [ 9.015008211000064, 39.095340848000035 ], [ 9.01633036100003, 39.08740806600008 ], [ 9.025002361000077, 39.080958247000069 ], [ 9.034766674000023, 39.065662026000041 ], [ 9.045335412000044, 39.058564544000035 ], [ 9.041260958000066, 39.041725755000073 ], [ 9.035446167000032, 39.037929058000032 ], [ 9.024609804000022, 39.019950151000046 ], [ 9.026888132000067, 39.016231656000059 ], [ 9.023400665000054, 39.007413029000077 ], [ 9.026721358000032, 38.998703480000074 ], [ 9.018071770000065, 38.996472001000029 ], [ 9.013522625000064, 38.989498019000052 ], [ 8.999954939000077, 38.987774730000069 ], [ 8.995349765000071, 38.984635473000026 ], [ 8.998601437000048, 38.978191256000059 ], [ 8.990897656000072, 38.97476041300007 ], [ 8.97794675800003, 38.964946031000068 ], [ 8.969981551000046, 38.956505775000039 ], [ 8.944274664000034, 38.940708756000049 ], [ 8.940416455000047, 38.935575008000058 ], [ 8.926210523000066, 38.928539038000054 ], [ 8.915604711000071, 38.92066335700008 ], [ 8.90413677600003, 38.905524850000063 ], [ 8.885699273000057, 38.894201756000029 ], [ 8.862867355000049, 38.884800553000048 ], [ 8.860449434000031, 38.877089143000035 ], [ 8.843003035000038, 38.875694275000058 ], [ 8.833578229000068, 38.876348257000075 ], [ 8.827995657000031, 38.882367969000029 ], [ 8.82764065300006, 38.888772845000062 ], [ 8.821603536000055, 38.89301705400004 ], [ 8.806866050000053, 38.897385358000065 ], [ 8.800042153000049, 38.884485841000071 ], [ 8.793052912000064, 38.894039750000047 ], [ 8.782950759000073, 38.898760915000025 ], [ 8.777794718000052, 38.904204846000027 ], [ 8.781265617000031, 38.911885142000074 ], [ 8.764485836000063, 38.915537357000062 ], [ 8.745283961000041, 38.925465822000035 ], [ 8.730912447000037, 38.930902958000047 ], [ 8.725729823000052, 38.93664074000003 ], [ 8.711764455000036, 38.924533963000052 ], [ 8.707870245000038, 38.918704868000077 ], [ 8.701167941000051, 38.915453553000077 ], [ 8.692714453000065, 38.917774201000043 ], [ 8.68209147400006, 38.909069180000074 ], [ 8.664487719000022, 38.90772295000005 ], [ 8.670779347000064, 38.89709365300007 ], [ 8.665977836000025, 38.893895030000067 ], [ 8.650594472000023, 38.89539265600007 ], [ 8.648480773000074, 38.886536122000052 ], [ 8.658903003000034, 38.882599950000042 ], [ 8.658656359000076, 38.868449211000041 ], [ 8.646455169000035, 38.867077470000027 ], [ 8.647852302000047, 38.874273538000068 ], [ 8.640706777000048, 38.879645467000046 ], [ 8.647078037000028, 38.891570449000028 ], [ 8.644937277000054, 38.895014763000063 ], [ 8.635473967000053, 38.895614862000059 ], [ 8.621644020000076, 38.890381336000075 ], [ 8.608680606000064, 38.891580700000077 ], [ 8.606704712000067, 38.904176831000029 ], [ 8.614269614000023, 38.913988710000069 ], [ 8.62178993200007, 38.918453335000038 ], [ 8.61867582800005, 38.927721262000034 ], [ 8.623317242000041, 38.939158201000055 ], [ 8.616291881000052, 38.953524351000056 ], [ 8.610446334000073, 38.960288406000075 ], [ 8.603567958000042, 38.963139415000057 ], [ 8.597273230000042, 38.962075114000072 ], [ 8.596046805000071, 38.956969619000063 ], [ 8.587927818000026, 38.955283523000048 ], [ 8.588591337000025, 38.964204669000026 ], [ 8.583624363000069, 38.970004439000029 ], [ 8.572605968000062, 38.978096962000052 ], [ 8.571489573000065, 38.991212011000073 ], [ 8.564813376000075, 39.001057148000029 ], [ 8.566611647000059, 39.011965871000029 ], [ 8.57507681800007, 39.015725136000071 ], [ 8.576077222000038, 39.027644157000054 ], [ 8.569868923000058, 39.042577743000038 ], [ 8.55925405000005, 39.049279570000067 ], [ 8.547227978000024, 39.053670526000083 ], [ 8.544700026000044, 39.04645204500008 ], [ 8.534837246000052, 39.052991152000061 ], [ 8.539086104000035, 39.058982849000074 ], [ 8.539664864000031, 39.067801356000075 ], [ 8.523307801000044, 39.06837153500004 ], [ 8.522894144000077, 39.061797381000083 ], [ 8.505268453000042, 39.061663994000071 ], [ 8.474480077000067, 39.036549972000046 ], [ 8.449572368000076, 39.000135757000066 ], [ 8.43697035100007, 38.964892205000069 ], [ 8.408330076000027, 38.95853998900003 ], [ 8.360000045000049, 39.030269987000054 ], [ 8.345830037000042, 39.073739958000033 ], [ 8.356800062000048, 39.105759977000048 ], [ 8.425830047000034, 39.107079965000025 ], [ 8.453830067000069, 39.089709974000073 ], [ 8.459170054000026, 39.117499978000069 ], [ 8.458016891000057, 39.119438942000045 ] ] ] } }
]
}
